11/06/1984,GA,Polk,ignore,Mondale,420,1000
11/06/1984,GA,Polk,ignore,Reagan,580,1000
11/06/1984,KY,Bracken,ignore,Mondale,420,1000
11/06/1984,KY,Bracken,ignore,Reagan,580,1000
11/06/1984,MS,Wayne,ignore,Mondale,420,1000
11/06/1984,MS,Wayne,ignore,Reagan,580,1000
11/06/1984,PA,Adams,ignore,Mondale,420,1000
11/06/1984,PA,Adams,ignore,Reagan,580,1000
11/06/1984,AZ,Gila,ignore,Mondale,420,1000
11/06/1984,AZ,Gila,ignore,Reagan,580,1000
11/06/1984,AR,Poinsett,ignore,Mondale,510,1000
11/06/1984,AR,Poinsett,ignore,Reagan,490,1000
11/06/1984,GA,Pike,ignore,Mondale,420,1000
11/06/1984,GA,Pike,ignore,Reagan,580,1000
11/06/1984,IL,Kendall,ignore,Mondale,490,1000
11/06/1984,IL,Kendall,ignore,Reagan,510,1000
11/06/1984,IA,Jefferson,ignore,Mondale,490,1000
11/06/1984,IA,Jefferson,ignore,Reagan,510,1000
11/06/1984,IA,Iowa,ignore,Mondale,470,1000
11/06/1984,IA,Iowa,ignore,Reagan,530,1000
11/06/1984,NE,Polk,ignore,Mondale,420,1000
11/06/1984,NE,Polk,ignore,Reagan,580,1000
11/06/1984,NE,Phelps,ignore,Mondale,420,1000
11/06/1984,NE,Phelps,ignore,Reagan,580,1000
11/06/1984,ND,Wells,ignore,Mondale,420,1000
11/06/1984,ND,Wells,ignore,Reagan,580,1000
11/06/1984,OH,Fairfield,ignore,Mondale,420,1000
11/06/1984,OH,Fairfield,ignore,Reagan,580,1000
11/06/1984,IN,Orange,ignore,Mondale,420,1000
11/06/1984,IN,Orange,ignore,Reagan,580,1000
11/06/1984,SD,Day,ignore,Mondale,530,1000
11/06/1984,SD,Day,ignore,Reagan,470,1000
11/06/1984,TX,Dickens,ignore,Mondale,420,1000
11/06/1984,TX,Dickens,ignore,Reagan,580,1000
11/06/1984,MI,Otsego,ignore,Mondale,420,1000
11/06/1984,MI,Otsego,ignore,Reagan,580,1000
11/06/1984,MN,Clearwater,ignore,Mondale,497,1000
11/06/1984,MN,Clearwater,ignore,Reagan,503,1000
11/06/1984,OK,Major,ignore,Mondale,420,1000
11/06/1984,OK,Major,ignore,Reagan,580,1000
11/06/1984,TX,McMullen,ignore,Mondale,420,1000
11/06/1984,TX,McMullen,ignore,Reagan,580,1000
11/06/1984,CA,Modoc,ignore,Mondale,420,1000
11/06/1984,CA,Modoc,ignore,Reagan,580,1000
11/06/1984,IL,Cook,ignore,Mondale,580,1000
11/06/1984,IL,Cook,ignore,Reagan,420,1000
11/06/1984,IL,Iroquois,ignore,Mondale,420,1000
11/06/1984,IL,Iroquois,ignore,Reagan,580,1000
11/06/1984,MS,Tippah,ignore,Mondale,420,1000
11/06/1984,MS,Tippah,ignore,Reagan,580,1000
11/06/1984,MN,Wadena,ignore,Mondale,420,1000
11/06/1984,MN,Wadena,ignore,Reagan,580,1000
11/06/1984,MT,Liberty,ignore,Mondale,420,1000
11/06/1984,MT,Liberty,ignore,Reagan,580,1000
11/06/1984,MO,Putnam,ignore,Mondale,420,1000
11/06/1984,MO,Putnam,ignore,Reagan,580,1000
11/06/1984,TX,Bailey,ignore,Mondale,420,1000
11/06/1984,TX,Bailey,ignore,Reagan,580,1000
11/06/1984,CO,Washington,ignore,Mondale,420,1000
11/06/1984,CO,Washington,ignore,Reagan,580,1000
11/06/1984,IL,Washington,ignore,Mondale,470,1000
11/06/1984,IL,Washington,ignore,Reagan,530,1000
11/06/1984,IA,Pocahontas,ignore,Mondale,470,1000
11/06/1984,IA,Pocahontas,ignore,Reagan,530,1000
11/06/1984,IA,Lucas,ignore,Mondale,420,1000
11/06/1984,IA,Lucas,ignore,Reagan,580,1000
11/06/1984,KY,Green,ignore,Mondale,420,1000
11/06/1984,KY,Green,ignore,Reagan,580,1000
11/06/1984,MI,Midland,ignore,Mondale,470,1000
11/06/1984,MI,Midland,ignore,Reagan,530,1000
11/06/1984,OH,Muskingum,ignore,Mondale,470,1000
11/06/1984,OH,Muskingum,ignore,Reagan,530,1000
11/06/1984,PA,Wyoming,ignore,Mondale,470,1000
11/06/1984,PA,Wyoming,ignore,Reagan,530,1000
11/06/1984,TX,Ellis,ignore,Mondale,420,1000
11/06/1984,TX,Ellis,ignore,Reagan,580,1000
11/06/1984,TX,Andrews,ignore,Mondale,420,1000
11/06/1984,TX,Andrews,ignore,Reagan,580,1000
11/06/1984,VT,Lamoille,ignore,Mondale,580,1000
11/06/1984,VT,Lamoille,ignore,Reagan,420,1000
11/06/1984,SD,Clark,ignore,Mondale,420,1000
11/06/1984,SD,Clark,ignore,Reagan,580,1000
11/06/1984,TX,Martin,ignore,Mondale,420,1000
11/06/1984,TX,Martin,ignore,Reagan,580,1000
11/06/1984,KS,Osborne,ignore,Mondale,420,1000
11/06/1984,KS,Osborne,ignore,Reagan,580,1000
11/06/1984,GA,Heard,ignore,Mondale,420,1000
11/06/1984,GA,Heard,ignore,Reagan,580,1000
11/06/1984,IA,Worth,ignore,Mondale,530,1000
11/06/1984,IA,Worth,ignore,Reagan,470,1000
11/06/1984,KY,Simpson,ignore,Mondale,420,1000
11/06/1984,KY,Simpson,ignore,Reagan,580,1000
11/06/1984,MS,Tishomingo,ignore,Mondale,420,1000
11/06/1984,MS,Tishomingo,ignore,Reagan,580,1000
11/06/1984,MS,Stone,ignore,Mondale,420,1000
11/06/1984,MS,Stone,ignore,Reagan,580,1000
11/06/1984,MN,Grant,ignore,Mondale,470,1000
11/06/1984,MN,Grant,ignore,Reagan,530,1000
11/06/1984,NE,Jefferson,ignore,Mondale,420,1000
11/06/1984,NE,Jefferson,ignore,Reagan,580,1000
11/06/1984,SD,Brown,ignore,Mondale,490,1000
11/06/1984,SD,Brown,ignore,Reagan,510,1000
11/06/1984,AL,Pike,ignore,Mondale,420,1000
11/06/1984,AL,Pike,ignore,Reagan,580,1000
11/06/1984,GA,Newton,ignore,Mondale,470,1000
11/06/1984,GA,Newton,ignore,Reagan,530,1000
11/06/1984,IL,Brown,ignore,Mondale,420,1000
11/06/1984,IL,Brown,ignore,Reagan,580,1000
11/06/1984,IL,Bond,ignore,Mondale,420,1000
11/06/1984,IL,Bond,ignore,Reagan,580,1000
11/06/1984,IA,Clay,ignore,Mondale,420,1000
11/06/1984,IA,Clay,ignore,Reagan,580,1000
11/06/1984,KY,Shelby,ignore,Mondale,420,1000
11/06/1984,KY,Shelby,ignore,Reagan,580,1000
11/06/1984,NE,Loup,ignore,Mondale,420,1000
11/06/1984,NE,Loup,ignore,Reagan,580,1000
11/06/1984,NE,Webster,ignore,Mondale,420,1000
11/06/1984,NE,Webster,ignore,Reagan,580,1000
11/06/1984,OH,Ashland,ignore,Mondale,420,1000
11/06/1984,OH,Ashland,ignore,Reagan,580,1000
11/06/1984,NE,Greeley,ignore,Mondale,420,1000
11/06/1984,NE,Greeley,ignore,Reagan,580,1000
11/06/1984,WV,Putnam,ignore,Mondale,420,1000
11/06/1984,WV,Putnam,ignore,Reagan,580,1000
11/06/1984,ND,Billings,ignore,Mondale,420,1000
11/06/1984,ND,Billings,ignore,Reagan,580,1000
11/06/1984,TX,Fisher,ignore,Mondale,420,1000
11/06/1984,TX,Fisher,ignore,Reagan,580,1000
11/06/1984,TX,Lipscomb,ignore,Mondale,420,1000
11/06/1984,TX,Lipscomb,ignore,Reagan,580,1000
11/06/1984,KS,Norton,ignore,Mondale,420,1000
11/06/1984,KS,Norton,ignore,Reagan,580,1000
11/06/1984,MD,Washington,ignore,Mondale,420,1000
11/06/1984,MD,Washington,ignore,Reagan,580,1000
11/06/1984,MS,Clarke,ignore,Mondale,470,1000
11/06/1984,MS,Clarke,ignore,Reagan,530,1000
11/06/1984,MS,Lawrence,ignore,Mondale,420,1000
11/06/1984,MS,Lawrence,ignore,Reagan,580,1000
11/06/1984,MT,Beaverhead,ignore,Mondale,420,1000
11/06/1984,MT,Beaverhead,ignore,Reagan,580,1000
11/06/1984,NE,Banner,ignore,Mondale,420,1000
11/06/1984,NE,Banner,ignore,Reagan,580,1000
11/06/1984,ND,Cavalier,ignore,Mondale,470,1000
11/06/1984,ND,Cavalier,ignore,Reagan,530,1000
11/06/1984,MO,Newton,ignore,Mondale,420,1000
11/06/1984,MO,Newton,ignore,Reagan,580,1000
11/06/1984,AK,North_Slope,ignore,Mondale,420,1000
11/06/1984,AK,North_Slope,ignore,Reagan,580,1000
11/06/1984,GA,Pickens,ignore,Mondale,420,1000
11/06/1984,GA,Pickens,ignore,Reagan,580,1000
11/06/1984,IN,Bartholomew,ignore,Mondale,420,1000
11/06/1984,IN,Bartholomew,ignore,Reagan,580,1000
11/06/1984,IA,Cerro_Gordo,ignore,Mondale,497,1000
11/06/1984,IA,Cerro_Gordo,ignore,Reagan,503,1000
11/06/1984,KY,Lincoln,ignore,Mondale,420,1000
11/06/1984,KY,Lincoln,ignore,Reagan,580,1000
11/06/1984,MO,Dent,ignore,Mondale,420,1000
11/06/1984,MO,Dent,ignore,Reagan,580,1000
11/06/1984,GA,Schley,ignore,Mondale,420,1000
11/06/1984,GA,Schley,ignore,Reagan,580,1000
11/06/1984,NE,Clay,ignore,Mondale,420,1000
11/06/1984,NE,Clay,ignore,Reagan,580,1000
11/06/1984,IA,Guthrie,ignore,Mondale,470,1000
11/06/1984,IA,Guthrie,ignore,Reagan,530,1000
11/06/1984,IA,Adair,ignore,Mondale,470,1000
11/06/1984,IA,Adair,ignore,Reagan,530,1000
11/06/1984,TX,Hale,ignore,Mondale,420,1000
11/06/1984,TX,Hale,ignore,Reagan,580,1000
11/06/1984,VA,Galax,ignore,Mondale,470,1000
11/06/1984,VA,Galax,ignore,Reagan,530,1000
11/06/1984,WI,Sawyer,ignore,Mondale,420,1000
11/06/1984,WI,Sawyer,ignore,Reagan,580,1000
11/06/1984,TX,Sherman,ignore,Mondale,420,1000
11/06/1984,TX,Sherman,ignore,Reagan,580,1000
11/06/1984,CO,Montezuma,ignore,Mondale,420,1000
11/06/1984,CO,Montezuma,ignore,Reagan,580,1000
11/06/1984,KS,Phillips,ignore,Mondale,420,1000
11/06/1984,KS,Phillips,ignore,Reagan,580,1000
11/06/1984,KY,Clinton,ignore,Mondale,420,1000
11/06/1984,KY,Clinton,ignore,Reagan,580,1000
11/06/1984,MD,Allegany,ignore,Mondale,420,1000
11/06/1984,MD,Allegany,ignore,Reagan,580,1000
11/06/1984,MS,Panola,ignore,Mondale,530,1000
11/06/1984,MS,Panola,ignore,Reagan,470,1000
11/06/1984,TX,Kinney,ignore,Mondale,420,1000
11/06/1984,TX,Kinney,ignore,Reagan,580,1000
11/06/1984,NM,Valencia,ignore,Mondale,470,1000
11/06/1984,NM,Valencia,ignore,Reagan,530,1000
11/06/1984,AR,Searcy,ignore,Mondale,420,1000
11/06/1984,AR,Searcy,ignore,Reagan,580,1000
11/06/1984,GA,Candler,ignore,Mondale,420,1000
11/06/1984,GA,Candler,ignore,Reagan,580,1000
11/06/1984,IN,Henry,ignore,Mondale,420,1000
11/06/1984,IN,Henry,ignore,Reagan,580,1000
11/06/1984,IA,Chickasaw,ignore,Mondale,510,1000
11/06/1984,IA,Chickasaw,ignore,Reagan,490,1000
11/06/1984,IA,Poweshiek,ignore,Mondale,530,1000
11/06/1984,IA,Poweshiek,ignore,Reagan,470,1000
11/06/1984,MI,Montmorency,ignore,Mondale,420,1000
11/06/1984,MI,Montmorency,ignore,Reagan,580,1000
11/06/1984,MO,Linn,ignore,Mondale,420,1000
11/06/1984,MO,Linn,ignore,Reagan,580,1000
11/06/1984,ND,Burleigh,ignore,Mondale,420,1000
11/06/1984,ND,Burleigh,ignore,Reagan,580,1000
11/06/1984,NE,Cuming,ignore,Mondale,420,1000
11/06/1984,NE,Cuming,ignore,Reagan,580,1000
11/06/1984,OR,Grant,ignore,Mondale,420,1000
11/06/1984,OR,Grant,ignore,Reagan,580,1000
11/06/1984,SD,Lake,ignore,Mondale,470,1000
11/06/1984,SD,Lake,ignore,Reagan,530,1000
11/06/1984,TX,Scurry,ignore,Mondale,420,1000
11/06/1984,TX,Scurry,ignore,Reagan,580,1000
11/06/1984,TX,Castro,ignore,Mondale,420,1000
11/06/1984,TX,Castro,ignore,Reagan,580,1000
11/06/1984,OH,Harrison,ignore,Mondale,490,1000
11/06/1984,OH,Harrison,ignore,Reagan,510,1000
11/06/1984,TX,Cochran,ignore,Mondale,420,1000
11/06/1984,TX,Cochran,ignore,Reagan,580,1000
11/06/1984,KS,Stanton,ignore,Mondale,420,1000
11/06/1984,KS,Stanton,ignore,Reagan,580,1000
11/06/1984,FL,Monroe,ignore,Mondale,490,1000
11/06/1984,FL,Monroe,ignore,Reagan,510,1000
11/06/1984,FL,Escambia,ignore,Mondale,420,1000
11/06/1984,FL,Escambia,ignore,Reagan,580,1000
11/06/1984,IL,Kankakee,ignore,Mondale,420,1000
11/06/1984,IL,Kankakee,ignore,Reagan,580,1000
11/06/1984,KS,Meade,ignore,Mondale,420,1000
11/06/1984,KS,Meade,ignore,Reagan,580,1000
11/06/1984,MN,Polk,ignore,Mondale,470,1000
11/06/1984,MN,Polk,ignore,Reagan,530,1000
11/06/1984,MS,Pike,ignore,Mondale,420,1000
11/06/1984,MS,Pike,ignore,Reagan,580,1000
11/06/1984,MN,Waseca,ignore,Mondale,530,1000
11/06/1984,MN,Waseca,ignore,Reagan,470,1000
11/06/1984,OK,Cimarron,ignore,Mondale,420,1000
11/06/1984,OK,Cimarron,ignore,Reagan,580,1000
11/06/1984,MT,Flathead,ignore,Mondale,420,1000
11/06/1984,MT,Flathead,ignore,Reagan,580,1000
11/06/1984,UT,Cache,ignore,Mondale,420,1000
11/06/1984,UT,Cache,ignore,Reagan,580,1000
11/06/1984,AR,Lincoln,ignore,Mondale,530,1000
11/06/1984,AR,Lincoln,ignore,Reagan,470,1000
11/06/1984,GA,Turner,ignore,Mondale,420,1000
11/06/1984,GA,Turner,ignore,Reagan,580,1000
11/06/1984,IA,Marshall,ignore,Mondale,490,1000
11/06/1984,IA,Marshall,ignore,Reagan,510,1000
11/06/1984,MO,Texas,ignore,Mondale,420,1000
11/06/1984,MO,Texas,ignore,Reagan,580,1000
11/06/1984,GA,Bleckley,ignore,Mondale,420,1000
11/06/1984,GA,Bleckley,ignore,Reagan,580,1000
11/06/1984,OH,Geauga,ignore,Mondale,470,1000
11/06/1984,OH,Geauga,ignore,Reagan,530,1000
11/06/1984,OK,Grant,ignore,Mondale,420,1000
11/06/1984,OK,Grant,ignore,Reagan,580,1000
11/06/1984,MO,Crawford,ignore,Mondale,420,1000
11/06/1984,MO,Crawford,ignore,Reagan,580,1000
11/06/1984,TX,Tom_Green,ignore,Mondale,420,1000
11/06/1984,TX,Tom_Green,ignore,Reagan,580,1000
11/06/1984,TX,Roberts,ignore,Mondale,420,1000
11/06/1984,TX,Roberts,ignore,Reagan,580,1000
11/06/1984,TX,Childress,ignore,Mondale,420,1000
11/06/1984,TX,Childress,ignore,Reagan,580,1000
11/06/1984,AL,Franklin,ignore,Mondale,420,1000
11/06/1984,AL,Franklin,ignore,Reagan,580,1000
11/06/1984,IN,Ohio,ignore,Mondale,420,1000
11/06/1984,IN,Ohio,ignore,Reagan,580,1000
11/06/1984,KS,Nemaha,ignore,Mondale,420,1000
11/06/1984,KS,Nemaha,ignore,Reagan,580,1000
11/06/1984,MN,Rock,ignore,Mondale,420,1000
11/06/1984,MN,Rock,ignore,Reagan,580,1000
11/06/1984,NE,Dawes,ignore,Mondale,420,1000
11/06/1984,NE,Dawes,ignore,Reagan,580,1000
11/06/1984,PA,Greene,ignore,Mondale,420,1000
11/06/1984,PA,Greene,ignore,Reagan,580,1000
11/06/1984,MO,Phelps,ignore,Mondale,420,1000
11/06/1984,MO,Phelps,ignore,Reagan,580,1000
11/06/1984,AL,Clay,ignore,Mondale,420,1000
11/06/1984,AL,Clay,ignore,Reagan,580,1000
11/06/1984,AK,Kusilvak,ignore,Mondale,470,1000
11/06/1984,AK,Kusilvak,ignore,Reagan,530,1000
11/06/1984,IL,Putnam,ignore,Mondale,490,1000
11/06/1984,IL,Putnam,ignore,Reagan,510,1000
11/06/1984,IN,Montgomery,ignore,Mondale,420,1000
11/06/1984,IN,Montgomery,ignore,Reagan,580,1000
11/06/1984,KS,Wichita,ignore,Mondale,420,1000
11/06/1984,KS,Wichita,ignore,Reagan,580,1000
11/06/1984,MN,Mahnomen,ignore,Mondale,530,1000
11/06/1984,MN,Mahnomen,ignore,Reagan,470,1000
11/06/1984,MN,Murray,ignore,Mondale,470,1000
11/06/1984,MN,Murray,ignore,Reagan,530,1000
11/06/1984,NE,Logan,ignore,Mondale,420,1000
11/06/1984,NE,Logan,ignore,Reagan,580,1000
11/06/1984,ND,Hettinger,ignore,Mondale,420,1000
11/06/1984,ND,Hettinger,ignore,Reagan,580,1000
11/06/1984,IA,Greene,ignore,Mondale,470,1000
11/06/1984,IA,Greene,ignore,Reagan,530,1000
11/06/1984,KY,Lee,ignore,Mondale,420,1000
11/06/1984,KY,Lee,ignore,Reagan,580,1000
11/06/1984,TX,Motley,ignore,Mondale,420,1000
11/06/1984,TX,Motley,ignore,Reagan,580,1000
11/06/1984,LA,Jackson,ignore,Mondale,420,1000
11/06/1984,LA,Jackson,ignore,Reagan,580,1000
11/06/1984,VA,Radford,ignore,Mondale,530,1000
11/06/1984,VA,Radford,ignore,Reagan,470,1000
11/06/1984,ND,Ramsey,ignore,Mondale,470,1000
11/06/1984,ND,Ramsey,ignore,Reagan,530,1000
11/06/1984,ID,Lincoln,ignore,Mondale,420,1000
11/06/1984,ID,Lincoln,ignore,Reagan,580,1000
11/06/1984,CO,Cheyenne,ignore,Mondale,420,1000
11/06/1984,CO,Cheyenne,ignore,Reagan,580,1000
11/06/1984,HI,Maui,ignore,Mondale,490,1000
11/06/1984,HI,Maui,ignore,Reagan,510,1000
11/06/1984,KS,Comanche,ignore,Mondale,420,1000
11/06/1984,KS,Comanche,ignore,Reagan,580,1000
11/06/1984,ME,Aroostook,ignore,Mondale,530,1000
11/06/1984,ME,Aroostook,ignore,Reagan,470,1000
11/06/1984,NE,Thayer,ignore,Mondale,420,1000
11/06/1984,NE,Thayer,ignore,Reagan,580,1000
11/06/1984,MS,Jasper,ignore,Mondale,420,1000
11/06/1984,MS,Jasper,ignore,Reagan,580,1000
11/06/1984,MN,Steele,ignore,Mondale,530,1000
11/06/1984,MN,Steele,ignore,Reagan,470,1000
11/06/1984,SD,Lawrence,ignore,Mondale,420,1000
11/06/1984,SD,Lawrence,ignore,Reagan,580,1000
11/06/1984,SD,Campbell,ignore,Mondale,420,1000
11/06/1984,SD,Campbell,ignore,Reagan,580,1000
11/06/1984,MT,Wheatland,ignore,Mondale,420,1000
11/06/1984,MT,Wheatland,ignore,Reagan,580,1000
11/06/1984,AR,Jackson,ignore,Mondale,490,1000
11/06/1984,AR,Jackson,ignore,Reagan,510,1000
11/06/1984,FL,Lafayette,ignore,Mondale,420,1000
11/06/1984,FL,Lafayette,ignore,Reagan,580,1000
11/06/1984,IL,Saline,ignore,Mondale,420,1000
11/06/1984,IL,Saline,ignore,Reagan,580,1000
11/06/1984,IA,Wapello,ignore,Mondale,530,1000
11/06/1984,IA,Wapello,ignore,Reagan,470,1000
11/06/1984,MI,Calhoun,ignore,Mondale,470,1000
11/06/1984,MI,Calhoun,ignore,Reagan,530,1000
11/06/1984,NE,Colfax,ignore,Mondale,420,1000
11/06/1984,NE,Colfax,ignore,Reagan,580,1000
11/06/1984,ND,Ward,ignore,Mondale,420,1000
11/06/1984,ND,Ward,ignore,Reagan,580,1000
11/06/1984,NE,Fillmore,ignore,Mondale,420,1000
11/06/1984,NE,Fillmore,ignore,Reagan,580,1000
11/06/1984,PA,Snyder,ignore,Mondale,420,1000
11/06/1984,PA,Snyder,ignore,Reagan,580,1000
11/06/1984,IA,Adams,ignore,Mondale,420,1000
11/06/1984,IA,Adams,ignore,Reagan,580,1000
11/06/1984,VA,Covington,ignore,Mondale,470,1000
11/06/1984,VA,Covington,ignore,Reagan,530,1000
11/06/1984,WI,Barron,ignore,Mondale,420,1000
11/06/1984,WI,Barron,ignore,Reagan,580,1000
11/06/1984,TX,Archer,ignore,Mondale,420,1000
11/06/1984,TX,Archer,ignore,Reagan,580,1000
11/06/1984,UT,Piute,ignore,Mondale,420,1000
11/06/1984,UT,Piute,ignore,Reagan,580,1000
11/06/1984,KS,Kearny,ignore,Mondale,420,1000
11/06/1984,KS,Kearny,ignore,Reagan,580,1000
11/06/1984,NE,Johnson,ignore,Mondale,420,1000
11/06/1984,NE,Johnson,ignore,Reagan,580,1000
11/06/1984,TX,Sutton,ignore,Mondale,420,1000
11/06/1984,TX,Sutton,ignore,Reagan,580,1000
11/06/1984,IL,Piatt,ignore,Mondale,420,1000
11/06/1984,IL,Piatt,ignore,Reagan,580,1000
11/06/1984,IL,Schuyler,ignore,Mondale,470,1000
11/06/1984,IL,Schuyler,ignore,Reagan,530,1000
11/06/1984,TN,McNairy,ignore,Mondale,420,1000
11/06/1984,TN,McNairy,ignore,Reagan,580,1000
11/06/1984,KY,Edmonson,ignore,Mondale,420,1000
11/06/1984,KY,Edmonson,ignore,Reagan,580,1000
11/06/1984,IA,O_Brien,ignore,Mondale,420,1000
11/06/1984,IA,O_Brien,ignore,Reagan,580,1000
11/06/1984,KY,Estill,ignore,Mondale,420,1000
11/06/1984,KY,Estill,ignore,Reagan,580,1000
11/06/1984,IL,Christian,ignore,Mondale,420,1000
11/06/1984,IL,Christian,ignore,Reagan,580,1000
11/06/1984,KY,Graves,ignore,Mondale,420,1000
11/06/1984,KY,Graves,ignore,Reagan,580,1000
11/06/1984,IA,Union,ignore,Mondale,490,1000
11/06/1984,IA,Union,ignore,Reagan,510,1000
11/06/1984,IL,Marshall,ignore,Mondale,470,1000
11/06/1984,IL,Marshall,ignore,Reagan,530,1000
11/06/1984,MI,Branch,ignore,Mondale,420,1000
11/06/1984,MI,Branch,ignore,Reagan,580,1000
11/06/1984,KS,Geary,ignore,Mondale,420,1000
11/06/1984,KS,Geary,ignore,Reagan,580,1000
11/06/1984,NE,Brown,ignore,Mondale,420,1000
11/06/1984,NE,Brown,ignore,Reagan,580,1000
11/06/1984,MS,Smith,ignore,Mondale,420,1000
11/06/1984,MS,Smith,ignore,Reagan,580,1000
11/06/1984,ID,Benewah,ignore,Mondale,420,1000
11/06/1984,ID,Benewah,ignore,Reagan,580,1000
11/06/1984,IN,Fountain,ignore,Mondale,420,1000
11/06/1984,IN,Fountain,ignore,Reagan,580,1000
11/06/1984,TX,Moore,ignore,Mondale,420,1000
11/06/1984,TX,Moore,ignore,Reagan,580,1000
11/06/1984,OK,Lincoln,ignore,Mondale,420,1000
11/06/1984,OK,Lincoln,ignore,Reagan,580,1000
11/06/1984,UT,San_Juan,ignore,Mondale,420,1000
11/06/1984,UT,San_Juan,ignore,Reagan,580,1000
11/06/1984,IA,Mahaska,ignore,Mondale,470,1000
11/06/1984,IA,Mahaska,ignore,Reagan,530,1000
11/06/1984,IN,Pulaski,ignore,Mondale,420,1000
11/06/1984,IN,Pulaski,ignore,Reagan,580,1000
11/06/1984,KY,Christian,ignore,Mondale,420,1000
11/06/1984,KY,Christian,ignore,Reagan,580,1000
11/06/1984,ND,Richland,ignore,Mondale,530,1000
11/06/1984,ND,Richland,ignore,Reagan,470,1000
11/06/1984,MO,Dade,ignore,Mondale,470,1000
11/06/1984,MO,Dade,ignore,Reagan,530,1000
11/06/1984,MO,Dallas,ignore,Mondale,420,1000
11/06/1984,MO,Dallas,ignore,Reagan,580,1000
11/06/1984,IN,Clay,ignore,Mondale,420,1000
11/06/1984,IN,Clay,ignore,Reagan,580,1000
11/06/1984,GA,Floyd,ignore,Mondale,420,1000
11/06/1984,GA,Floyd,ignore,Reagan,580,1000
11/06/1984,NE,Box_Butte,ignore,Mondale,420,1000
11/06/1984,NE,Box_Butte,ignore,Reagan,580,1000
11/06/1984,KS,Ford,ignore,Mondale,420,1000
11/06/1984,KS,Ford,ignore,Reagan,580,1000
11/06/1984,IN,Madison,ignore,Mondale,470,1000
11/06/1984,IN,Madison,ignore,Reagan,530,1000
11/06/1984,KS,Ness,ignore,Mondale,420,1000
11/06/1984,KS,Ness,ignore,Reagan,580,1000
11/06/1984,NE,Hooker,ignore,Mondale,420,1000
11/06/1984,NE,Hooker,ignore,Reagan,580,1000
11/06/1984,IL,Clay,ignore,Mondale,420,1000
11/06/1984,IL,Clay,ignore,Reagan,580,1000
11/06/1984,MO,Knox,ignore,Mondale,420,1000
11/06/1984,MO,Knox,ignore,Reagan,580,1000
11/06/1984,MO,Osage,ignore,Mondale,420,1000
11/06/1984,MO,Osage,ignore,Reagan,580,1000
11/06/1984,MI,Livingston,ignore,Mondale,420,1000
11/06/1984,MI,Livingston,ignore,Reagan,580,1000
11/06/1984,AL,Randolph,ignore,Mondale,420,1000
11/06/1984,AL,Randolph,ignore,Reagan,580,1000
11/06/1984,MI,Roscommon,ignore,Mondale,470,1000
11/06/1984,MI,Roscommon,ignore,Reagan,530,1000
11/06/1984,OH,Carroll,ignore,Mondale,470,1000
11/06/1984,OH,Carroll,ignore,Reagan,530,1000
11/06/1984,ND,Cass,ignore,Mondale,470,1000
11/06/1984,ND,Cass,ignore,Reagan,530,1000
11/06/1984,NE,Madison,ignore,Mondale,420,1000
11/06/1984,NE,Madison,ignore,Reagan,580,1000
11/06/1984,NE,Perkins,ignore,Mondale,420,1000
11/06/1984,NE,Perkins,ignore,Reagan,580,1000
11/06/1984,NE,Pierce,ignore,Mondale,420,1000
11/06/1984,NE,Pierce,ignore,Reagan,580,1000
11/06/1984,AR,Cleburne,ignore,Mondale,420,1000
11/06/1984,AR,Cleburne,ignore,Reagan,580,1000
11/06/1984,NE,Platte,ignore,Mondale,420,1000
11/06/1984,NE,Platte,ignore,Reagan,580,1000
11/06/1984,NH,Coos,ignore,Mondale,530,1000
11/06/1984,NH,Coos,ignore,Reagan,470,1000
11/06/1984,MN,Swift,ignore,Mondale,510,1000
11/06/1984,MN,Swift,ignore,Reagan,490,1000
11/06/1984,WI,Langlade,ignore,Mondale,420,1000
11/06/1984,WI,Langlade,ignore,Reagan,580,1000
11/06/1984,MI,Isabella,ignore,Mondale,530,1000
11/06/1984,MI,Isabella,ignore,Reagan,470,1000
11/06/1984,MN,McLeod,ignore,Mondale,470,1000
11/06/1984,MN,McLeod,ignore,Reagan,530,1000
11/06/1984,NH,Grafton,ignore,Mondale,580,1000
11/06/1984,NH,Grafton,ignore,Reagan,420,1000
11/06/1984,AK,Petersburg,ignore,Mondale,530,1000
11/06/1984,AK,Petersburg,ignore,Reagan,470,1000
11/06/1984,MI,Missaukee,ignore,Mondale,420,1000
11/06/1984,MI,Missaukee,ignore,Reagan,580,1000
11/06/1984,MO,Oregon,ignore,Mondale,420,1000
11/06/1984,MO,Oregon,ignore,Reagan,580,1000
11/06/1984,ND,Griggs,ignore,Mondale,470,1000
11/06/1984,ND,Griggs,ignore,Reagan,530,1000
11/06/1984,TX,Goliad,ignore,Mondale,420,1000
11/06/1984,TX,Goliad,ignore,Reagan,580,1000
11/06/1984,NE,Chase,ignore,Mondale,420,1000
11/06/1984,NE,Chase,ignore,Reagan,580,1000
11/06/1984,KS,Allen,ignore,Mondale,420,1000
11/06/1984,KS,Allen,ignore,Reagan,580,1000
11/06/1984,KS,Chase,ignore,Mondale,420,1000
11/06/1984,KS,Chase,ignore,Reagan,580,1000
11/06/1984,KS,Greenwood,ignore,Mondale,420,1000
11/06/1984,KS,Greenwood,ignore,Reagan,580,1000
11/06/1984,TX,Cottle,ignore,Mondale,420,1000
11/06/1984,TX,Cottle,ignore,Reagan,580,1000
11/06/1984,NM,Eddy,ignore,Mondale,420,1000
11/06/1984,NM,Eddy,ignore,Reagan,580,1000
11/06/1984,IL,Coles,ignore,Mondale,420,1000
11/06/1984,IL,Coles,ignore,Reagan,580,1000
11/06/1984,KS,Elk,ignore,Mondale,420,1000
11/06/1984,KS,Elk,ignore,Reagan,580,1000
11/06/1984,KS,Woodson,ignore,Mondale,420,1000
11/06/1984,KS,Woodson,ignore,Reagan,580,1000
11/06/1984,MI,Gratiot,ignore,Mondale,420,1000
11/06/1984,MI,Gratiot,ignore,Reagan,580,1000
11/06/1984,KS,Marion,ignore,Mondale,420,1000
11/06/1984,KS,Marion,ignore,Reagan,580,1000
11/06/1984,KS,Neosho,ignore,Mondale,420,1000
11/06/1984,KS,Neosho,ignore,Reagan,580,1000
11/06/1984,MI,Ionia,ignore,Mondale,420,1000
11/06/1984,MI,Ionia,ignore,Reagan,580,1000
11/06/1984,MN,Cottonwood,ignore,Mondale,420,1000
11/06/1984,MN,Cottonwood,ignore,Reagan,580,1000
11/06/1984,KY,Montgomery,ignore,Mondale,420,1000
11/06/1984,KY,Montgomery,ignore,Reagan,580,1000
11/06/1984,MN,Kandiyohi,ignore,Mondale,470,1000
11/06/1984,MN,Kandiyohi,ignore,Reagan,530,1000
11/06/1984,MI,Mecosta,ignore,Mondale,420,1000
11/06/1984,MI,Mecosta,ignore,Reagan,580,1000
11/06/1984,SD,Grant,ignore,Mondale,420,1000
11/06/1984,SD,Grant,ignore,Reagan,580,1000
11/06/1984,MN,Faribault,ignore,Mondale,490,1000
11/06/1984,MN,Faribault,ignore,Reagan,510,1000
11/06/1984,KY,Robertson,ignore,Mondale,420,1000
11/06/1984,KY,Robertson,ignore,Reagan,580,1000
11/06/1984,IL,Effingham,ignore,Mondale,420,1000
11/06/1984,IL,Effingham,ignore,Reagan,580,1000
11/06/1984,MN,Benton,ignore,Mondale,420,1000
11/06/1984,MN,Benton,ignore,Reagan,580,1000
11/06/1984,TX,Falls,ignore,Mondale,420,1000
11/06/1984,TX,Falls,ignore,Reagan,580,1000
11/06/1984,SD,Aurora,ignore,Mondale,420,1000
11/06/1984,SD,Aurora,ignore,Reagan,580,1000
11/06/1984,MA,Nantucket,ignore,Mondale,580,1000
11/06/1984,MA,Nantucket,ignore,Reagan,420,1000
11/06/1984,SD,Beadle,ignore,Mondale,420,1000
11/06/1984,SD,Beadle,ignore,Reagan,580,1000
11/06/1984,SD,Spink,ignore,Mondale,470,1000
11/06/1984,SD,Spink,ignore,Reagan,530,1000
11/06/1984,SD,Yankton,ignore,Mondale,420,1000
11/06/1984,SD,Yankton,ignore,Reagan,580,1000
11/06/1984,SD,Hutchinson,ignore,Mondale,420,1000
11/06/1984,SD,Hutchinson,ignore,Reagan,580,1000
11/06/1984,PA,Cameron,ignore,Mondale,420,1000
11/06/1984,PA,Cameron,ignore,Reagan,580,1000
11/06/1984,AK,Hoonah_Angoon,ignore,Mondale,470,1000
11/06/1984,AK,Hoonah_Angoon,ignore,Reagan,530,1000
11/06/1984,TN,Hardin,ignore,Mondale,420,1000
11/06/1984,TN,Hardin,ignore,Reagan,580,1000
11/06/1984,SD,McCook,ignore,Mondale,420,1000
11/06/1984,SD,McCook,ignore,Reagan,580,1000
11/06/1984,SD,Jerauld,ignore,Mondale,420,1000
11/06/1984,SD,Jerauld,ignore,Reagan,580,1000
11/06/1984,WV,Barbour,ignore,Mondale,420,1000
11/06/1984,WV,Barbour,ignore,Reagan,580,1000
11/06/1984,VA,Goochland,ignore,Mondale,470,1000
11/06/1984,VA,Goochland,ignore,Reagan,530,1000
11/06/1984,MN,Le_Sueur,ignore,Mondale,470,1000
11/06/1984,MN,Le_Sueur,ignore,Reagan,530,1000
11/06/1984,TX,Karnes,ignore,Mondale,420,1000
11/06/1984,TX,Karnes,ignore,Reagan,580,1000
11/06/1984,MN,Martin,ignore,Mondale,470,1000
11/06/1984,MN,Martin,ignore,Reagan,530,1000
11/06/1984,MO,Adair,ignore,Mondale,420,1000
11/06/1984,MO,Adair,ignore,Reagan,580,1000
11/06/1984,WI,Price,ignore,Mondale,420,1000
11/06/1984,WI,Price,ignore,Reagan,580,1000
11/06/1984,WI,Dunn,ignore,Mondale,470,1000
11/06/1984,WI,Dunn,ignore,Reagan,530,1000
11/06/1984,WY,Natrona,ignore,Mondale,470,1000
11/06/1984,WY,Natrona,ignore,Reagan,530,1000
11/06/1984,WY,Niobrara,ignore,Mondale,420,1000
11/06/1984,WY,Niobrara,ignore,Reagan,580,1000
11/06/1984,WY,Park,ignore,Mondale,490,1000
11/06/1984,WY,Park,ignore,Reagan,510,1000
11/06/1984,SC,Saluda,ignore,Mondale,420,1000
11/06/1984,SC,Saluda,ignore,Reagan,580,1000
11/06/1984,OR,Wheeler,ignore,Mondale,420,1000
11/06/1984,OR,Wheeler,ignore,Reagan,580,1000
11/06/1984,VT,Essex,ignore,Mondale,530,1000
11/06/1984,VT,Essex,ignore,Reagan,470,1000
11/06/1984,WA,Skamania,ignore,Mondale,503,1000
11/06/1984,WA,Skamania,ignore,Reagan,497,1000
11/06/1984,MN,Cook,ignore,Mondale,580,1000
11/06/1984,MN,Cook,ignore,Reagan,420,1000
11/06/1984,OH,Crawford,ignore,Mondale,420,1000
11/06/1984,OH,Crawford,ignore,Reagan,580,1000
11/06/1984,OH,Hancock,ignore,Mondale,420,1000
11/06/1984,OH,Hancock,ignore,Reagan,580,1000
11/06/1984,OH,Hocking,ignore,Mondale,490,1000
11/06/1984,OH,Hocking,ignore,Reagan,510,1000
11/06/1984,OH,Huron,ignore,Mondale,490,1000
11/06/1984,OH,Huron,ignore,Reagan,510,1000
11/06/1984,TX,Yoakum,ignore,Mondale,420,1000
11/06/1984,TX,Yoakum,ignore,Reagan,580,1000
11/06/1984,TX,Armstrong,ignore,Mondale,420,1000
11/06/1984,TX,Armstrong,ignore,Reagan,580,1000
11/06/1984,TX,Jim_Wells,ignore,Mondale,420,1000
11/06/1984,TX,Jim_Wells,ignore,Reagan,580,1000
11/06/1984,OK,Dewey,ignore,Mondale,420,1000
11/06/1984,OK,Dewey,ignore,Reagan,580,1000
11/06/1984,TX,Hemphill,ignore,Mondale,420,1000
11/06/1984,TX,Hemphill,ignore,Reagan,580,1000
11/06/1984,ME,Kennebec,ignore,Mondale,510,1000
11/06/1984,ME,Kennebec,ignore,Reagan,490,1000
11/06/1984,IA,Grundy,ignore,Mondale,470,1000
11/06/1984,IA,Grundy,ignore,Reagan,530,1000
11/06/1984,MN,Isanti,ignore,Mondale,470,1000
11/06/1984,MN,Isanti,ignore,Reagan,530,1000
11/06/1984,TX,Schleicher,ignore,Mondale,420,1000
11/06/1984,TX,Schleicher,ignore,Reagan,580,1000
11/06/1984,OK,Okmulgee,ignore,Mondale,420,1000
11/06/1984,OK,Okmulgee,ignore,Reagan,580,1000
11/06/1984,MT,Garfield,ignore,Mondale,420,1000
11/06/1984,MT,Garfield,ignore,Reagan,580,1000
11/06/1984,TX,Stephens,ignore,Mondale,420,1000
11/06/1984,TX,Stephens,ignore,Reagan,580,1000
11/06/1984,NE,Arthur,ignore,Mondale,420,1000
11/06/1984,NE,Arthur,ignore,Reagan,580,1000
11/06/1984,TX,Swisher,ignore,Mondale,420,1000
11/06/1984,TX,Swisher,ignore,Reagan,580,1000
11/06/1984,MO,Pettis,ignore,Mondale,420,1000
11/06/1984,MO,Pettis,ignore,Reagan,580,1000
11/06/1984,TX,Lamb,ignore,Mondale,420,1000
11/06/1984,TX,Lamb,ignore,Reagan,580,1000
11/06/1984,TX,Palo_Pinto,ignore,Mondale,420,1000
11/06/1984,TX,Palo_Pinto,ignore,Reagan,580,1000
11/06/1984,GA,White,ignore,Mondale,420,1000
11/06/1984,GA,White,ignore,Reagan,580,1000
11/06/1984,OR,Wasco,ignore,Mondale,510,1000
11/06/1984,OR,Wasco,ignore,Reagan,490,1000
11/06/1984,AK,Bethel,ignore,Mondale,420,1000
11/06/1984,AK,Bethel,ignore,Reagan,580,1000
11/06/1984,AR,St_Francis,ignore,Mondale,580,1000
11/06/1984,AR,St_Francis,ignore,Reagan,420,1000
11/06/1984,AK,Aleutians_East,ignore,Mondale,420,1000
11/06/1984,AK,Aleutians_East,ignore,Reagan,580,1000
11/06/1984,WI,Monroe,ignore,Mondale,470,1000
11/06/1984,WI,Monroe,ignore,Reagan,530,1000
11/06/1984,AK,Ketchikan_Gateway,ignore,Mondale,420,1000
11/06/1984,AK,Ketchikan_Gateway,ignore,Reagan,580,1000
11/06/1984,AK,Lake_and_Peninsula,ignore,Mondale,420,1000
11/06/1984,AK,Lake_and_Peninsula,ignore,Reagan,580,1000
11/06/1984,ND,Stutsman,ignore,Mondale,420,1000
11/06/1984,ND,Stutsman,ignore,Reagan,580,1000
11/06/1984,OH,Paulding,ignore,Mondale,420,1000
11/06/1984,OH,Paulding,ignore,Reagan,580,1000
11/06/1984,MS,Choctaw,ignore,Mondale,420,1000
11/06/1984,MS,Choctaw,ignore,Reagan,580,1000
11/06/1984,SD,Sully,ignore,Mondale,420,1000
11/06/1984,SD,Sully,ignore,Reagan,580,1000
11/06/1984,MO,Stoddard,ignore,Mondale,420,1000
11/06/1984,MO,Stoddard,ignore,Reagan,580,1000
11/06/1984,TX,Hall,ignore,Mondale,420,1000
11/06/1984,TX,Hall,ignore,Reagan,580,1000
11/06/1984,MO,Stone,ignore,Mondale,420,1000
11/06/1984,MO,Stone,ignore,Reagan,580,1000
11/06/1984,MO,Webster,ignore,Mondale,420,1000
11/06/1984,MO,Webster,ignore,Reagan,580,1000
11/06/1984,NC,Forsyth,ignore,Mondale,530,1000
11/06/1984,NC,Forsyth,ignore,Reagan,470,1000
11/06/1984,VA,Danville,ignore,Mondale,580,1000
11/06/1984,VA,Danville,ignore,Reagan,420,1000
11/06/1984,VA,Franklin,ignore,Mondale,580,1000
11/06/1984,VA,Franklin,ignore,Reagan,420,1000
11/06/1984,KS,Brown,ignore,Mondale,420,1000
11/06/1984,KS,Brown,ignore,Reagan,580,1000
11/06/1984,VA,Martinsville,ignore,Mondale,530,1000
11/06/1984,VA,Martinsville,ignore,Reagan,470,1000
11/06/1984,KS,Butler,ignore,Mondale,420,1000
11/06/1984,KS,Butler,ignore,Reagan,580,1000
11/06/1984,TX,Hood,ignore,Mondale,420,1000
11/06/1984,TX,Hood,ignore,Reagan,580,1000
11/06/1984,VA,Staunton,ignore,Mondale,580,1000
11/06/1984,VA,Staunton,ignore,Reagan,420,1000
11/06/1984,FL,DeSoto,ignore,Mondale,470,1000
11/06/1984,FL,DeSoto,ignore,Reagan,530,1000
11/06/1984,FL,Highlands,ignore,Mondale,420,1000
11/06/1984,FL,Highlands,ignore,Reagan,580,1000
11/06/1984,MO,Wright,ignore,Mondale,420,1000
11/06/1984,MO,Wright,ignore,Reagan,580,1000
11/06/1984,KS,Anderson,ignore,Mondale,420,1000
11/06/1984,KS,Anderson,ignore,Reagan,580,1000
11/06/1984,VA,Amelia,ignore,Mondale,420,1000
11/06/1984,VA,Amelia,ignore,Reagan,580,1000
11/06/1984,IA,Crawford,ignore,Mondale,470,1000
11/06/1984,IA,Crawford,ignore,Reagan,530,1000
11/06/1984,IA,Davis,ignore,Mondale,470,1000
11/06/1984,IA,Davis,ignore,Reagan,530,1000
11/06/1984,IA,Delaware,ignore,Mondale,530,1000
11/06/1984,IA,Delaware,ignore,Reagan,470,1000
11/06/1984,KS,Miami,ignore,Mondale,420,1000
11/06/1984,KS,Miami,ignore,Reagan,580,1000
11/06/1984,TX,LaSalle,ignore,Mondale,420,1000
11/06/1984,TX,LaSalle,ignore,Reagan,580,1000
11/06/1984,KS,McPherson,ignore,Mondale,420,1000
11/06/1984,KS,McPherson,ignore,Reagan,580,1000
11/06/1984,IA,Franklin,ignore,Mondale,470,1000
11/06/1984,IA,Franklin,ignore,Reagan,530,1000
11/06/1984,KS,Logan,ignore,Mondale,420,1000
11/06/1984,KS,Logan,ignore,Reagan,580,1000
11/06/1984,IA,Hamilton,ignore,Mondale,470,1000
11/06/1984,IA,Hamilton,ignore,Reagan,530,1000
11/06/1984,TX,McLennan,ignore,Mondale,420,1000
11/06/1984,TX,McLennan,ignore,Reagan,580,1000
11/06/1984,ID,Custer,ignore,Mondale,420,1000
11/06/1984,ID,Custer,ignore,Reagan,580,1000
11/06/1984,KS,Sherman,ignore,Mondale,420,1000
11/06/1984,KS,Sherman,ignore,Reagan,580,1000
11/06/1984,IA,Ida,ignore,Mondale,470,1000
11/06/1984,IA,Ida,ignore,Reagan,530,1000
11/06/1984,OH,Perry,ignore,Mondale,420,1000
11/06/1984,OH,Perry,ignore,Reagan,580,1000
11/06/1984,CO,Morgan,ignore,Mondale,420,1000
11/06/1984,CO,Morgan,ignore,Reagan,580,1000
11/06/1984,TX,Real,ignore,Mondale,420,1000
11/06/1984,TX,Real,ignore,Reagan,580,1000
11/06/1984,GA,Crisp,ignore,Mondale,470,1000
11/06/1984,GA,Crisp,ignore,Reagan,530,1000
11/06/1984,OH,Ross,ignore,Mondale,503,1000
11/06/1984,OH,Ross,ignore,Reagan,497,1000
11/06/1984,CO,Montrose,ignore,Mondale,420,1000
11/06/1984,CO,Montrose,ignore,Reagan,580,1000
11/06/1984,OH,Shelby,ignore,Mondale,420,1000
11/06/1984,OH,Shelby,ignore,Reagan,580,1000
11/06/1984,GA,Evans,ignore,Mondale,420,1000
11/06/1984,GA,Evans,ignore,Reagan,580,1000
11/06/1984,IL,Cumberland,ignore,Mondale,420,1000
11/06/1984,IL,Cumberland,ignore,Reagan,580,1000
11/06/1984,OH,Union,ignore,Mondale,420,1000
11/06/1984,OH,Union,ignore,Reagan,580,1000
11/06/1984,GA,Jeff_Davis,ignore,Mondale,420,1000
11/06/1984,GA,Jeff_Davis,ignore,Reagan,580,1000
11/06/1984,AR,Stone,ignore,Mondale,470,1000
11/06/1984,AR,Stone,ignore,Reagan,530,1000
11/06/1984,MO,Henry,ignore,Mondale,420,1000
11/06/1984,MO,Henry,ignore,Reagan,580,1000
11/06/1984,TX,Menard,ignore,Mondale,420,1000
11/06/1984,TX,Menard,ignore,Reagan,580,1000
11/06/1984,TX,Midland,ignore,Mondale,420,1000
11/06/1984,TX,Midland,ignore,Reagan,580,1000
11/06/1984,TX,Nolan,ignore,Mondale,420,1000
11/06/1984,TX,Nolan,ignore,Reagan,580,1000
11/06/1984,TX,Reagan,ignore,Mondale,420,1000
11/06/1984,TX,Reagan,ignore,Reagan,580,1000
11/06/1984,OK,Stephens,ignore,Mondale,470,1000
11/06/1984,OK,Stephens,ignore,Reagan,530,1000
11/06/1984,MO,St_Francois,ignore,Mondale,510,1000
11/06/1984,MO,St_Francois,ignore,Reagan,490,1000
11/06/1984,CO,Kiowa,ignore,Mondale,420,1000
11/06/1984,CO,Kiowa,ignore,Reagan,580,1000
11/06/1984,TX,Mason,ignore,Mondale,420,1000
11/06/1984,TX,Mason,ignore,Reagan,580,1000
11/06/1984,TX,Glasscock,ignore,Mondale,420,1000
11/06/1984,TX,Glasscock,ignore,Reagan,580,1000
11/06/1984,TX,Kendall,ignore,Mondale,420,1000
11/06/1984,TX,Kendall,ignore,Reagan,580,1000
11/06/1984,OK,Grady,ignore,Mondale,420,1000
11/06/1984,OK,Grady,ignore,Reagan,580,1000
11/06/1984,OK,Cleveland,ignore,Mondale,420,1000
11/06/1984,OK,Cleveland,ignore,Reagan,580,1000
11/06/1984,PA,Susquehanna,ignore,Mondale,420,1000
11/06/1984,PA,Susquehanna,ignore,Reagan,580,1000
11/06/1984,TX,Morris,ignore,Mondale,420,1000
11/06/1984,TX,Morris,ignore,Reagan,580,1000
11/06/1984,TX,Hunt,ignore,Mondale,420,1000
11/06/1984,TX,Hunt,ignore,Reagan,580,1000
11/06/1984,NY,Schenectady,ignore,Mondale,580,1000
11/06/1984,NY,Schenectady,ignore,Reagan,420,1000
11/06/1984,OK,Carter,ignore,Mondale,420,1000
11/06/1984,OK,Carter,ignore,Reagan,580,1000
11/06/1984,OK,Coal,ignore,Mondale,470,1000
11/06/1984,OK,Coal,ignore,Reagan,530,1000
11/06/1984,OK,Murray,ignore,Mondale,470,1000
11/06/1984,OK,Murray,ignore,Reagan,530,1000
11/06/1984,OK,Haskell,ignore,Mondale,510,1000
11/06/1984,OK,Haskell,ignore,Reagan,490,1000
11/06/1984,OH,Athens,ignore,Mondale,580,1000
11/06/1984,OH,Athens,ignore,Reagan,420,1000
11/06/1984,AK,Yukon-Koyukuk,ignore,Mondale,420,1000
11/06/1984,AK,Yukon-Koyukuk,ignore,Reagan,580,1000
11/06/1984,AL,Monroe,ignore,Mondale,420,1000
11/06/1984,AL,Monroe,ignore,Reagan,580,1000
11/06/1984,MS,Humphreys,ignore,Mondale,580,1000
11/06/1984,MS,Humphreys,ignore,Reagan,420,1000
11/06/1984,MS,Quitman,ignore,Mondale,580,1000
11/06/1984,MS,Quitman,ignore,Reagan,420,1000
11/06/1984,MO,Sullivan,ignore,Mondale,470,1000
11/06/1984,MO,Sullivan,ignore,Reagan,530,1000
11/06/1984,TX,Lampasas,ignore,Mondale,420,1000
11/06/1984,TX,Lampasas,ignore,Reagan,580,1000
11/06/1984,TX,Limestone,ignore,Mondale,420,1000
11/06/1984,TX,Limestone,ignore,Reagan,580,1000
11/06/1984,TX,Bell,ignore,Mondale,420,1000
11/06/1984,TX,Bell,ignore,Reagan,580,1000
11/06/1984,WI,Brown,ignore,Mondale,490,1000
11/06/1984,WI,Brown,ignore,Reagan,510,1000
11/06/1984,MS,Jones,ignore,Mondale,470,1000
11/06/1984,MS,Jones,ignore,Reagan,530,1000
11/06/1984,MS,Kemper,ignore,Mondale,420,1000
11/06/1984,MS,Kemper,ignore,Reagan,580,1000
11/06/1984,NV,Mineral,ignore,Mondale,490,1000
11/06/1984,NV,Mineral,ignore,Reagan,510,1000
11/06/1984,NM,Bernalillo,ignore,Mondale,530,1000
11/06/1984,NM,Bernalillo,ignore,Reagan,470,1000
11/06/1984,FL,Hamilton,ignore,Mondale,420,1000
11/06/1984,FL,Hamilton,ignore,Reagan,580,1000
11/06/1984,HI,Kalawao,ignore,Mondale,470,1000
11/06/1984,HI,Kalawao,ignore,Reagan,530,1000
11/06/1984,FL,Clay,ignore,Mondale,420,1000
11/06/1984,FL,Clay,ignore,Reagan,580,1000
11/06/1984,MN,Hubbard,ignore,Mondale,490,1000
11/06/1984,MN,Hubbard,ignore,Reagan,510,1000
11/06/1984,TX,Carson,ignore,Mondale,420,1000
11/06/1984,TX,Carson,ignore,Reagan,580,1000
11/06/1984,ND,Eddy,ignore,Mondale,470,1000
11/06/1984,ND,Eddy,ignore,Reagan,530,1000
11/06/1984,AK,Nome,ignore,Mondale,470,1000
11/06/1984,AK,Nome,ignore,Reagan,530,1000
11/06/1984,KS,Pawnee,ignore,Mondale,420,1000
11/06/1984,KS,Pawnee,ignore,Reagan,580,1000
11/06/1984,KS,Stafford,ignore,Mondale,420,1000
11/06/1984,KS,Stafford,ignore,Reagan,580,1000
11/06/1984,ND,McHenry,ignore,Mondale,420,1000
11/06/1984,ND,McHenry,ignore,Reagan,580,1000
11/06/1984,IL,Warren,ignore,Mondale,470,1000
11/06/1984,IL,Warren,ignore,Reagan,530,1000
11/06/1984,NV,Clark,ignore,Mondale,470,1000
11/06/1984,NV,Clark,ignore,Reagan,530,1000
11/06/1984,KS,Lincoln,ignore,Mondale,420,1000
11/06/1984,KS,Lincoln,ignore,Reagan,580,1000
11/06/1984,AL,Barbour,ignore,Mondale,420,1000
11/06/1984,AL,Barbour,ignore,Reagan,580,1000
11/06/1984,TN,Fayette,ignore,Mondale,470,1000
11/06/1984,TN,Fayette,ignore,Reagan,530,1000
11/06/1984,KS,Rush,ignore,Mondale,420,1000
11/06/1984,KS,Rush,ignore,Reagan,580,1000
11/06/1984,IL,Boone,ignore,Mondale,470,1000
11/06/1984,IL,Boone,ignore,Reagan,530,1000
11/06/1984,ND,Bowman,ignore,Mondale,420,1000
11/06/1984,ND,Bowman,ignore,Reagan,580,1000
11/06/1984,IN,Huntington,ignore,Mondale,420,1000
11/06/1984,IN,Huntington,ignore,Reagan,580,1000
11/06/1984,KS,Ellsworth,ignore,Mondale,420,1000
11/06/1984,KS,Ellsworth,ignore,Reagan,580,1000
11/06/1984,IN,DeKalb,ignore,Mondale,420,1000
11/06/1984,IN,DeKalb,ignore,Reagan,580,1000
11/06/1984,IN,Grant,ignore,Mondale,420,1000
11/06/1984,IN,Grant,ignore,Reagan,580,1000
11/06/1984,IN,Miami,ignore,Mondale,420,1000
11/06/1984,IN,Miami,ignore,Reagan,580,1000
11/06/1984,IN,Tipton,ignore,Mondale,420,1000
11/06/1984,IN,Tipton,ignore,Reagan,580,1000
11/06/1984,UT,Summit,ignore,Mondale,580,1000
11/06/1984,UT,Summit,ignore,Reagan,420,1000
11/06/1984,MO,Polk,ignore,Mondale,420,1000
11/06/1984,MO,Polk,ignore,Reagan,580,1000
11/06/1984,CA,Nevada,ignore,Mondale,530,1000
11/06/1984,CA,Nevada,ignore,Reagan,470,1000
11/06/1984,WI,Shawano,ignore,Mondale,420,1000
11/06/1984,WI,Shawano,ignore,Reagan,580,1000
11/06/1984,ID,Idaho,ignore,Mondale,420,1000
11/06/1984,ID,Idaho,ignore,Reagan,580,1000
11/06/1984,SD,Codington,ignore,Mondale,420,1000
11/06/1984,SD,Codington,ignore,Reagan,580,1000
11/06/1984,ND,Rolette,ignore,Mondale,470,1000
11/06/1984,ND,Rolette,ignore,Reagan,530,1000
11/06/1984,KS,Mitchell,ignore,Mondale,420,1000
11/06/1984,KS,Mitchell,ignore,Reagan,580,1000
11/06/1984,KS,Scott,ignore,Mondale,420,1000
11/06/1984,KS,Scott,ignore,Reagan,580,1000
11/06/1984,KS,Washington,ignore,Mondale,420,1000
11/06/1984,KS,Washington,ignore,Reagan,580,1000
11/06/1984,LA,Concordia,ignore,Mondale,420,1000
11/06/1984,LA,Concordia,ignore,Reagan,580,1000
11/06/1984,GA,Marion,ignore,Mondale,470,1000
11/06/1984,GA,Marion,ignore,Reagan,530,1000
11/06/1984,LA,Iberville,ignore,Mondale,580,1000
11/06/1984,LA,Iberville,ignore,Reagan,420,1000
11/06/1984,TX,Blanco,ignore,Mondale,420,1000
11/06/1984,TX,Blanco,ignore,Reagan,580,1000
11/06/1984,VA,Norton,ignore,Mondale,420,1000
11/06/1984,VA,Norton,ignore,Reagan,580,1000
11/06/1984,TX,Kimble,ignore,Mondale,420,1000
11/06/1984,TX,Kimble,ignore,Reagan,580,1000
11/06/1984,TX,Dawson,ignore,Mondale,420,1000
11/06/1984,TX,Dawson,ignore,Reagan,580,1000
11/06/1984,OK,Blaine,ignore,Mondale,420,1000
11/06/1984,OK,Blaine,ignore,Reagan,580,1000
11/06/1984,KS,Barber,ignore,Mondale,420,1000
11/06/1984,KS,Barber,ignore,Reagan,580,1000
11/06/1984,TX,Wilson,ignore,Mondale,420,1000
11/06/1984,TX,Wilson,ignore,Reagan,580,1000
11/06/1984,WI,Rusk,ignore,Mondale,420,1000
11/06/1984,WI,Rusk,ignore,Reagan,580,1000
11/06/1984,VA,Colonial_Heights,ignore,Mondale,420,1000
11/06/1984,VA,Colonial_Heights,ignore,Reagan,580,1000
11/06/1984,TX,Baylor,ignore,Mondale,420,1000
11/06/1984,TX,Baylor,ignore,Reagan,580,1000
11/06/1984,KS,Wallace,ignore,Mondale,420,1000
11/06/1984,KS,Wallace,ignore,Reagan,580,1000
11/06/1984,KS,Seward,ignore,Mondale,420,1000
11/06/1984,KS,Seward,ignore,Reagan,580,1000
11/06/1984,MS,Lauderdale,ignore,Mondale,420,1000
11/06/1984,MS,Lauderdale,ignore,Reagan,580,1000
11/06/1984,MS,Perry,ignore,Mondale,420,1000
11/06/1984,MS,Perry,ignore,Reagan,580,1000
11/06/1984,AR,Saline,ignore,Mondale,420,1000
11/06/1984,AR,Saline,ignore,Reagan,580,1000
11/06/1984,IL,Bureau,ignore,Mondale,470,1000
11/06/1984,IL,Bureau,ignore,Reagan,530,1000
11/06/1984,IN,Wabash,ignore,Mondale,420,1000
11/06/1984,IN,Wabash,ignore,Reagan,580,1000
11/06/1984,MO,Carter,ignore,Mondale,530,1000
11/06/1984,MO,Carter,ignore,Reagan,470,1000
11/06/1984,NE,McPherson,ignore,Mondale,420,1000
11/06/1984,NE,McPherson,ignore,Reagan,580,1000
11/06/1984,MO,Macon,ignore,Mondale,470,1000
11/06/1984,MO,Macon,ignore,Reagan,530,1000
11/06/1984,KS,Coffey,ignore,Mondale,420,1000
11/06/1984,KS,Coffey,ignore,Reagan,580,1000
11/06/1984,VA,Salem,ignore,Mondale,420,1000
11/06/1984,VA,Salem,ignore,Reagan,580,1000
11/06/1984,WI,Lincoln,ignore,Mondale,420,1000
11/06/1984,WI,Lincoln,ignore,Reagan,580,1000
11/06/1984,OH,Morgan,ignore,Mondale,490,1000
11/06/1984,OH,Morgan,ignore,Reagan,510,1000
11/06/1984,WI,Richland,ignore,Mondale,470,1000
11/06/1984,WI,Richland,ignore,Reagan,530,1000
11/06/1984,ID,Lemhi,ignore,Mondale,420,1000
11/06/1984,ID,Lemhi,ignore,Reagan,580,1000
11/06/1984,IA,Dickinson,ignore,Mondale,420,1000
11/06/1984,IA,Dickinson,ignore,Reagan,580,1000
11/06/1984,MI,Sanilac,ignore,Mondale,420,1000
11/06/1984,MI,Sanilac,ignore,Reagan,580,1000
11/06/1984,MS,Pontotoc,ignore,Mondale,470,1000
11/06/1984,MS,Pontotoc,ignore,Reagan,530,1000
11/06/1984,NY,Suffolk,ignore,Mondale,510,1000
11/06/1984,NY,Suffolk,ignore,Reagan,490,1000
11/06/1984,VA,Grayson,ignore,Mondale,420,1000
11/06/1984,VA,Grayson,ignore,Reagan,580,1000
11/06/1984,CO,Elbert,ignore,Mondale,420,1000
11/06/1984,CO,Elbert,ignore,Reagan,580,1000
11/06/1984,IN,Franklin,ignore,Mondale,420,1000
11/06/1984,IN,Franklin,ignore,Reagan,580,1000
11/06/1984,IA,Linn,ignore,Mondale,580,1000
11/06/1984,IA,Linn,ignore,Reagan,420,1000
11/06/1984,MI,Wexford,ignore,Mondale,420,1000
11/06/1984,MI,Wexford,ignore,Reagan,580,1000
11/06/1984,OH,Wyandot,ignore,Mondale,420,1000
11/06/1984,OH,Wyandot,ignore,Reagan,580,1000
11/06/1984,NE,Franklin,ignore,Mondale,420,1000
11/06/1984,NE,Franklin,ignore,Reagan,580,1000
11/06/1984,WV,McDowell,ignore,Mondale,420,1000
11/06/1984,WV,McDowell,ignore,Reagan,580,1000
11/06/1984,WV,Wirt,ignore,Mondale,420,1000
11/06/1984,WV,Wirt,ignore,Reagan,580,1000
11/06/1984,WV,Upshur,ignore,Mondale,420,1000
11/06/1984,WV,Upshur,ignore,Reagan,580,1000
11/06/1984,MS,Covington,ignore,Mondale,490,1000
11/06/1984,MS,Covington,ignore,Reagan,510,1000
11/06/1984,CO,Alamosa,ignore,Mondale,530,1000
11/06/1984,CO,Alamosa,ignore,Reagan,470,1000
11/06/1984,FL,Holmes,ignore,Mondale,420,1000
11/06/1984,FL,Holmes,ignore,Reagan,580,1000
11/06/1984,GA,Dade,ignore,Mondale,420,1000
11/06/1984,GA,Dade,ignore,Reagan,580,1000
11/06/1984,GA,Miller,ignore,Mondale,420,1000
11/06/1984,GA,Miller,ignore,Reagan,580,1000
11/06/1984,GA,Pulaski,ignore,Mondale,420,1000
11/06/1984,GA,Pulaski,ignore,Reagan,580,1000
11/06/1984,MS,Amite,ignore,Mondale,530,1000
11/06/1984,MS,Amite,ignore,Reagan,470,1000
11/06/1984,SD,Faulk,ignore,Mondale,420,1000
11/06/1984,SD,Faulk,ignore,Reagan,580,1000
11/06/1984,AL,Bibb,ignore,Mondale,420,1000
11/06/1984,AL,Bibb,ignore,Reagan,580,1000
11/06/1984,KS,Cheyenne,ignore,Mondale,420,1000
11/06/1984,KS,Cheyenne,ignore,Reagan,580,1000
11/06/1984,ME,York,ignore,Mondale,530,1000
11/06/1984,ME,York,ignore,Reagan,470,1000
11/06/1984,MN,Carlton,ignore,Mondale,580,1000
11/06/1984,MN,Carlton,ignore,Reagan,420,1000
11/06/1984,VA,Dickenson,ignore,Mondale,420,1000
11/06/1984,VA,Dickenson,ignore,Reagan,580,1000
11/06/1984,AK,Northwest_Arctic,ignore,Mondale,420,1000
11/06/1984,AK,Northwest_Arctic,ignore,Reagan,580,1000
11/06/1984,GA,Walton,ignore,Mondale,420,1000
11/06/1984,GA,Walton,ignore,Reagan,580,1000
11/06/1984,IN,Greene,ignore,Mondale,420,1000
11/06/1984,IN,Greene,ignore,Reagan,580,1000
11/06/1984,MI,Kalkaska,ignore,Mondale,420,1000
11/06/1984,MI,Kalkaska,ignore,Reagan,580,1000
11/06/1984,NE,Buffalo,ignore,Mondale,420,1000
11/06/1984,NE,Buffalo,ignore,Reagan,580,1000
11/06/1984,ND,Foster,ignore,Mondale,420,1000
11/06/1984,ND,Foster,ignore,Reagan,580,1000
11/06/1984,NE,Sherman,ignore,Mondale,420,1000
11/06/1984,NE,Sherman,ignore,Reagan,580,1000
11/06/1984,NE,Keith,ignore,Mondale,420,1000
11/06/1984,NE,Keith,ignore,Reagan,580,1000
11/06/1984,OK,Beckham,ignore,Mondale,420,1000
11/06/1984,OK,Beckham,ignore,Reagan,580,1000
11/06/1984,TX,Throckmorton,ignore,Mondale,420,1000
11/06/1984,TX,Throckmorton,ignore,Reagan,580,1000
11/06/1984,CA,San_Bernardino,ignore,Mondale,530,1000
11/06/1984,CA,San_Bernardino,ignore,Reagan,470,1000
11/06/1984,GA,Towns,ignore,Mondale,420,1000
11/06/1984,GA,Towns,ignore,Reagan,580,1000
11/06/1984,MO,Andrew,ignore,Mondale,420,1000
11/06/1984,MO,Andrew,ignore,Reagan,580,1000
11/06/1984,MN,Aitkin,ignore,Mondale,490,1000
11/06/1984,MN,Aitkin,ignore,Reagan,510,1000
11/06/1984,AK,Haines,ignore,Mondale,490,1000
11/06/1984,AK,Haines,ignore,Reagan,510,1000
11/06/1984,AK,Skagway,ignore,Mondale,420,1000
11/06/1984,AK,Skagway,ignore,Reagan,580,1000
11/06/1984,IN,Washington,ignore,Mondale,470,1000
11/06/1984,IN,Washington,ignore,Reagan,530,1000
11/06/1984,KS,Grant,ignore,Mondale,420,1000
11/06/1984,KS,Grant,ignore,Reagan,580,1000
11/06/1984,KY,Marion,ignore,Mondale,420,1000
11/06/1984,KY,Marion,ignore,Reagan,580,1000
11/06/1984,AL,Lawrence,ignore,Mondale,420,1000
11/06/1984,AL,Lawrence,ignore,Reagan,580,1000
11/06/1984,IL,Stark,ignore,Mondale,470,1000
11/06/1984,IL,Stark,ignore,Reagan,530,1000
11/06/1984,IN,Ripley,ignore,Mondale,420,1000
11/06/1984,IN,Ripley,ignore,Reagan,580,1000
11/06/1984,KY,Russell,ignore,Mondale,420,1000
11/06/1984,KY,Russell,ignore,Reagan,580,1000
11/06/1984,NE,Grant,ignore,Mondale,420,1000
11/06/1984,NE,Grant,ignore,Reagan,580,1000
11/06/1984,PA,Venango,ignore,Mondale,420,1000
11/06/1984,PA,Venango,ignore,Reagan,580,1000
11/06/1984,KS,Hodgeman,ignore,Mondale,420,1000
11/06/1984,KS,Hodgeman,ignore,Reagan,580,1000
11/06/1984,TX,Crosby,ignore,Mondale,420,1000
11/06/1984,TX,Crosby,ignore,Reagan,580,1000
11/06/1984,WI,Taylor,ignore,Mondale,420,1000
11/06/1984,WI,Taylor,ignore,Reagan,580,1000
11/06/1984,TX,Rains,ignore,Mondale,420,1000
11/06/1984,TX,Rains,ignore,Reagan,580,1000
11/06/1984,IA,Benton,ignore,Mondale,510,1000
11/06/1984,IA,Benton,ignore,Reagan,490,1000
11/06/1984,AK,Valdez-Cordova,ignore,Mondale,420,1000
11/06/1984,AK,Valdez-Cordova,ignore,Reagan,580,1000
11/06/1984,IL,Shelby,ignore,Mondale,420,1000
11/06/1984,IL,Shelby,ignore,Reagan,580,1000
11/06/1984,IA,Story,ignore,Mondale,530,1000
11/06/1984,IA,Story,ignore,Reagan,470,1000
11/06/1984,LA,Calcasieu,ignore,Mondale,420,1000
11/06/1984,LA,Calcasieu,ignore,Reagan,580,1000
11/06/1984,IN,Marshall,ignore,Mondale,420,1000
11/06/1984,IN,Marshall,ignore,Reagan,580,1000
11/06/1984,IN,Tippecanoe,ignore,Mondale,470,1000
11/06/1984,IN,Tippecanoe,ignore,Reagan,530,1000
11/06/1984,NC,Alamance,ignore,Mondale,470,1000
11/06/1984,NC,Alamance,ignore,Reagan,530,1000
11/06/1984,TX,Dallam,ignore,Mondale,420,1000
11/06/1984,TX,Dallam,ignore,Reagan,580,1000
11/06/1984,MO,Moniteau,ignore,Mondale,510,1000
11/06/1984,MO,Moniteau,ignore,Reagan,490,1000
11/06/1984,MN,Nobles,ignore,Mondale,470,1000
11/06/1984,MN,Nobles,ignore,Reagan,530,1000
11/06/1984,OH,Champaign,ignore,Mondale,420,1000
11/06/1984,OH,Champaign,ignore,Reagan,580,1000
11/06/1984,NM,Luna,ignore,Mondale,530,1000
11/06/1984,NM,Luna,ignore,Reagan,470,1000
11/06/1984,AK,Wrangell,ignore,Mondale,420,1000
11/06/1984,AK,Wrangell,ignore,Reagan,580,1000
11/06/1984,NE,Stanton,ignore,Mondale,420,1000
11/06/1984,NE,Stanton,ignore,Reagan,580,1000
11/06/1984,AR,Garland,ignore,Mondale,470,1000
11/06/1984,AR,Garland,ignore,Reagan,530,1000
11/06/1984,ND,Ransom,ignore,Mondale,470,1000
11/06/1984,ND,Ransom,ignore,Reagan,530,1000
11/06/1984,IA,Decatur,ignore,Mondale,470,1000
11/06/1984,IA,Decatur,ignore,Reagan,530,1000
11/06/1984,MI,Kalamazoo,ignore,Mondale,530,1000
11/06/1984,MI,Kalamazoo,ignore,Reagan,470,1000
11/06/1984,IA,Floyd,ignore,Mondale,530,1000
11/06/1984,IA,Floyd,ignore,Reagan,470,1000
11/06/1984,TX,Frio,ignore,Mondale,420,1000
11/06/1984,TX,Frio,ignore,Reagan,580,1000
11/06/1984,TX,Coke,ignore,Mondale,420,1000
11/06/1984,TX,Coke,ignore,Reagan,580,1000
11/06/1984,TX,Jim_Hogg,ignore,Mondale,420,1000
11/06/1984,TX,Jim_Hogg,ignore,Reagan,580,1000
11/06/1984,KS,Sheridan,ignore,Mondale,420,1000
11/06/1984,KS,Sheridan,ignore,Reagan,580,1000
11/06/1984,AZ,Mohave,ignore,Mondale,420,1000
11/06/1984,AZ,Mohave,ignore,Reagan,580,1000
11/06/1984,IA,Taylor,ignore,Mondale,470,1000
11/06/1984,IA,Taylor,ignore,Reagan,530,1000
11/06/1984,MI,Emmet,ignore,Mondale,490,1000
11/06/1984,MI,Emmet,ignore,Reagan,510,1000
11/06/1984,ND,Burke,ignore,Mondale,420,1000
11/06/1984,ND,Burke,ignore,Reagan,580,1000
11/06/1984,MT,Sweet_Grass,ignore,Mondale,420,1000
11/06/1984,MT,Sweet_Grass,ignore,Reagan,580,1000
11/06/1984,ID,Minidoka,ignore,Mondale,420,1000
11/06/1984,ID,Minidoka,ignore,Reagan,580,1000
11/06/1984,IA,Tama,ignore,Mondale,530,1000
11/06/1984,IA,Tama,ignore,Reagan,470,1000
11/06/1984,MN,Olmsted,ignore,Mondale,530,1000
11/06/1984,MN,Olmsted,ignore,Reagan,470,1000
11/06/1984,NC,Stokes,ignore,Mondale,420,1000
11/06/1984,NC,Stokes,ignore,Reagan,580,1000
11/06/1984,NE,Howard,ignore,Mondale,420,1000
11/06/1984,NE,Howard,ignore,Reagan,580,1000
11/06/1984,TX,Ochiltree,ignore,Mondale,420,1000
11/06/1984,TX,Ochiltree,ignore,Reagan,580,1000
11/06/1984,TX,Hutchinson,ignore,Mondale,420,1000
11/06/1984,TX,Hutchinson,ignore,Reagan,580,1000
11/06/1984,NC,Jones,ignore,Mondale,470,1000
11/06/1984,NC,Jones,ignore,Reagan,530,1000
11/06/1984,AL,Baldwin,ignore,Mondale,420,1000
11/06/1984,AL,Baldwin,ignore,Reagan,580,1000
11/06/1984,CA,Los_Angeles,ignore,Mondale,580,1000
11/06/1984,CA,Los_Angeles,ignore,Reagan,420,1000
11/06/1984,AL,Butler,ignore,Mondale,420,1000
11/06/1984,AL,Butler,ignore,Reagan,580,1000
11/06/1984,IA,Emmet,ignore,Mondale,420,1000
11/06/1984,IA,Emmet,ignore,Reagan,580,1000
11/06/1984,MS,Neshoba,ignore,Mondale,420,1000
11/06/1984,MS,Neshoba,ignore,Reagan,580,1000
11/06/1984,PA,Potter,ignore,Mondale,420,1000
11/06/1984,PA,Potter,ignore,Reagan,580,1000
11/06/1984,AR,Yell,ignore,Mondale,420,1000
11/06/1984,AR,Yell,ignore,Reagan,580,1000
11/06/1984,CO,Adams,ignore,Mondale,510,1000
11/06/1984,CO,Adams,ignore,Reagan,490,1000
11/06/1984,KS,Edwards,ignore,Mondale,420,1000
11/06/1984,KS,Edwards,ignore,Reagan,580,1000
11/06/1984,MI,Newaygo,ignore,Mondale,420,1000
11/06/1984,MI,Newaygo,ignore,Reagan,580,1000
11/06/1984,NE,Garfield,ignore,Mondale,420,1000
11/06/1984,NE,Garfield,ignore,Reagan,580,1000
11/06/1984,IA,Jones,ignore,Mondale,497,1000
11/06/1984,IA,Jones,ignore,Reagan,503,1000
11/06/1984,IA,Audubon,ignore,Mondale,420,1000
11/06/1984,IA,Audubon,ignore,Reagan,580,1000
11/06/1984,TX,Medina,ignore,Mondale,420,1000
11/06/1984,TX,Medina,ignore,Reagan,580,1000
11/06/1984,TX,Deaf_Smith,ignore,Mondale,420,1000
11/06/1984,TX,Deaf_Smith,ignore,Reagan,580,1000
11/06/1984,TX,Concho,ignore,Mondale,420,1000
11/06/1984,TX,Concho,ignore,Reagan,580,1000
11/06/1984,ND,Renville,ignore,Mondale,420,1000
11/06/1984,ND,Renville,ignore,Reagan,580,1000
11/06/1984,ID,Boundary,ignore,Mondale,420,1000
11/06/1984,ID,Boundary,ignore,Reagan,580,1000
11/06/1984,IN,Benton,ignore,Mondale,420,1000
11/06/1984,IN,Benton,ignore,Reagan,580,1000
11/06/1984,MI,Alcona,ignore,Mondale,470,1000
11/06/1984,MI,Alcona,ignore,Reagan,530,1000
11/06/1984,NV,Humboldt,ignore,Mondale,420,1000
11/06/1984,NV,Humboldt,ignore,Reagan,580,1000
11/06/1984,AL,Cullman,ignore,Mondale,420,1000
11/06/1984,AL,Cullman,ignore,Reagan,580,1000
11/06/1984,IL,Jasper,ignore,Mondale,420,1000
11/06/1984,IL,Jasper,ignore,Reagan,580,1000
11/06/1984,KS,Saline,ignore,Mondale,420,1000
11/06/1984,KS,Saline,ignore,Reagan,580,1000
11/06/1984,MN,Lyon,ignore,Mondale,420,1000
11/06/1984,MN,Lyon,ignore,Reagan,580,1000
11/06/1984,NY,Cortland,ignore,Mondale,510,1000
11/06/1984,NY,Cortland,ignore,Reagan,490,1000
11/06/1984,TX,Lynn,ignore,Mondale,420,1000
11/06/1984,TX,Lynn,ignore,Reagan,580,1000
11/06/1984,TX,Atascosa,ignore,Mondale,420,1000
11/06/1984,TX,Atascosa,ignore,Reagan,580,1000
11/06/1984,VA,Petersburg,ignore,Mondale,580,1000
11/06/1984,VA,Petersburg,ignore,Reagan,420,1000
11/06/1984,ND,Towner,ignore,Mondale,490,1000
11/06/1984,ND,Towner,ignore,Reagan,510,1000
11/06/1984,TX,Somervell,ignore,Mondale,420,1000
11/06/1984,TX,Somervell,ignore,Reagan,580,1000
11/06/1984,SD,Miner,ignore,Mondale,470,1000
11/06/1984,SD,Miner,ignore,Reagan,530,1000
11/06/1984,CA,Riverside,ignore,Mondale,470,1000
11/06/1984,CA,Riverside,ignore,Reagan,530,1000
11/06/1984,GA,Franklin,ignore,Mondale,420,1000
11/06/1984,GA,Franklin,ignore,Reagan,580,1000
11/06/1984,KY,Wayne,ignore,Mondale,420,1000
11/06/1984,KY,Wayne,ignore,Reagan,580,1000
11/06/1984,ME,Hancock,ignore,Mondale,530,1000
11/06/1984,ME,Hancock,ignore,Reagan,470,1000
11/06/1984,MS,Jefferson_Davis,ignore,Mondale,470,1000
11/06/1984,MS,Jefferson_Davis,ignore,Reagan,530,1000
11/06/1984,MO,Caldwell,ignore,Mondale,420,1000
11/06/1984,MO,Caldwell,ignore,Reagan,580,1000
11/06/1984,MO,Mercer,ignore,Mondale,420,1000
11/06/1984,MO,Mercer,ignore,Reagan,580,1000
11/06/1984,GA,Tift,ignore,Mondale,420,1000
11/06/1984,GA,Tift,ignore,Reagan,580,1000
11/06/1984,VT,Washington,ignore,Mondale,580,1000
11/06/1984,VT,Washington,ignore,Reagan,420,1000
11/06/1984,GA,Pierce,ignore,Mondale,420,1000
11/06/1984,GA,Pierce,ignore,Reagan,580,1000
11/06/1984,AK,Sitka,ignore,Mondale,420,1000
11/06/1984,AK,Sitka,ignore,Reagan,580,1000
11/06/1984,GA,Morgan,ignore,Mondale,420,1000
11/06/1984,GA,Morgan,ignore,Reagan,580,1000
11/06/1984,KS,Rice,ignore,Mondale,420,1000
11/06/1984,KS,Rice,ignore,Reagan,580,1000
11/06/1984,OR,Gilliam,ignore,Mondale,470,1000
11/06/1984,OR,Gilliam,ignore,Reagan,530,1000
11/06/1984,MI,Lenawee,ignore,Mondale,420,1000
11/06/1984,MI,Lenawee,ignore,Reagan,580,1000
11/06/1984,KS,Ellis,ignore,Mondale,420,1000
11/06/1984,KS,Ellis,ignore,Reagan,580,1000
11/06/1984,IA,Boone,ignore,Mondale,530,1000
11/06/1984,IA,Boone,ignore,Reagan,470,1000
11/06/1984,SD,Lyman,ignore,Mondale,420,1000
11/06/1984,SD,Lyman,ignore,Reagan,580,1000
11/06/1984,KS,Clay,ignore,Mondale,420,1000
11/06/1984,KS,Clay,ignore,Reagan,580,1000
11/06/1984,MN,Yellow_Medicine,ignore,Mondale,490,1000
11/06/1984,MN,Yellow_Medicine,ignore,Reagan,510,1000
11/06/1984,NC,Gates,ignore,Mondale,580,1000
11/06/1984,NC,Gates,ignore,Reagan,420,1000
11/06/1984,MO,Douglas,ignore,Mondale,470,1000
11/06/1984,MO,Douglas,ignore,Reagan,530,1000
11/06/1984,WV,Braxton,ignore,Mondale,420,1000
11/06/1984,WV,Braxton,ignore,Reagan,580,1000
11/06/1984,WA,King,ignore,Mondale,580,1000
11/06/1984,WA,King,ignore,Reagan,420,1000
11/06/1984,MS,Calhoun,ignore,Mondale,490,1000
11/06/1984,MS,Calhoun,ignore,Reagan,510,1000
11/06/1984,GA,Grady,ignore,Mondale,420,1000
11/06/1984,GA,Grady,ignore,Reagan,580,1000
11/06/1984,MS,Itawamba,ignore,Mondale,420,1000
11/06/1984,MS,Itawamba,ignore,Reagan,580,1000
11/06/1984,KS,Stevens,ignore,Mondale,420,1000
11/06/1984,KS,Stevens,ignore,Reagan,580,1000
11/06/1984,FL,Hendry,ignore,Mondale,420,1000
11/06/1984,FL,Hendry,ignore,Reagan,580,1000
11/06/1984,TX,Lavaca,ignore,Mondale,420,1000
11/06/1984,TX,Lavaca,ignore,Reagan,580,1000
11/06/1984,KS,Chautauqua,ignore,Mondale,420,1000
11/06/1984,KS,Chautauqua,ignore,Reagan,580,1000
11/06/1984,IN,Howard,ignore,Mondale,420,1000
11/06/1984,IN,Howard,ignore,Reagan,580,1000
11/06/1984,NE,Dawson,ignore,Mondale,420,1000
11/06/1984,NE,Dawson,ignore,Reagan,580,1000
11/06/1984,MS,Greene,ignore,Mondale,420,1000
11/06/1984,MS,Greene,ignore,Reagan,580,1000
11/06/1984,MN,Freeborn,ignore,Mondale,470,1000
11/06/1984,MN,Freeborn,ignore,Reagan,530,1000
11/06/1984,MN,Kanabec,ignore,Mondale,470,1000
11/06/1984,MN,Kanabec,ignore,Reagan,530,1000
11/06/1984,IL,Hamilton,ignore,Mondale,470,1000
11/06/1984,IL,Hamilton,ignore,Reagan,530,1000
11/06/1984,SD,Sanborn,ignore,Mondale,420,1000
11/06/1984,SD,Sanborn,ignore,Reagan,580,1000
11/06/1984,TN,Grainger,ignore,Mondale,420,1000
11/06/1984,TN,Grainger,ignore,Reagan,580,1000
11/06/1984,MO,Hickory,ignore,Mondale,420,1000
11/06/1984,MO,Hickory,ignore,Reagan,580,1000
11/06/1984,WY,Albany,ignore,Mondale,530,1000
11/06/1984,WY,Albany,ignore,Reagan,470,1000
11/06/1984,NE,Antelope,ignore,Mondale,420,1000
11/06/1984,NE,Antelope,ignore,Reagan,580,1000
11/06/1984,WY,Platte,ignore,Mondale,470,1000
11/06/1984,WY,Platte,ignore,Reagan,530,1000
11/06/1984,UT,Rich,ignore,Mondale,420,1000
11/06/1984,UT,Rich,ignore,Reagan,580,1000
11/06/1984,WI,Washington,ignore,Mondale,470,1000
11/06/1984,WI,Washington,ignore,Reagan,530,1000
11/06/1984,OR,Crook,ignore,Mondale,420,1000
11/06/1984,OR,Crook,ignore,Reagan,580,1000
11/06/1984,GA,Jenkins,ignore,Mondale,420,1000
11/06/1984,GA,Jenkins,ignore,Reagan,580,1000
11/06/1984,TX,Jeff_Davis,ignore,Mondale,420,1000
11/06/1984,TX,Jeff_Davis,ignore,Reagan,580,1000
11/06/1984,GA,Spalding,ignore,Mondale,420,1000
11/06/1984,GA,Spalding,ignore,Reagan,580,1000
11/06/1984,IA,Cherokee,ignore,Mondale,470,1000
11/06/1984,IA,Cherokee,ignore,Reagan,530,1000
11/06/1984,GA,Bacon,ignore,Mondale,420,1000
11/06/1984,GA,Bacon,ignore,Reagan,580,1000
11/06/1984,GA,Upson,ignore,Mondale,420,1000
11/06/1984,GA,Upson,ignore,Reagan,580,1000
11/06/1984,OR,Sherman,ignore,Mondale,470,1000
11/06/1984,OR,Sherman,ignore,Reagan,530,1000
11/06/1984,AK,Kodiak_Island,ignore,Mondale,420,1000
11/06/1984,AK,Kodiak_Island,ignore,Reagan,580,1000
11/06/1984,MN,Red_Lake,ignore,Mondale,490,1000
11/06/1984,MN,Red_Lake,ignore,Reagan,510,1000
11/06/1984,MN,St_Louis,ignore,Mondale,580,1000
11/06/1984,MN,St_Louis,ignore,Reagan,420,1000
11/06/1984,FL,Gilchrist,ignore,Mondale,420,1000
11/06/1984,FL,Gilchrist,ignore,Reagan,580,1000
11/06/1984,NC,Lenoir,ignore,Mondale,470,1000
11/06/1984,NC,Lenoir,ignore,Reagan,530,1000
11/06/1984,MO,Randolph,ignore,Mondale,420,1000
11/06/1984,MO,Randolph,ignore,Reagan,580,1000
11/06/1984,ND,Steele,ignore,Mondale,490,1000
11/06/1984,ND,Steele,ignore,Reagan,510,1000
11/06/1984,VA,Fairfax,ignore,Mondale,580,1000
11/06/1984,VA,Fairfax,ignore,Reagan,420,1000
11/06/1984,VA,Manassas_Park,ignore,Mondale,580,1000
11/06/1984,VA,Manassas_Park,ignore,Reagan,420,1000
11/06/1984,VA,Winchester,ignore,Mondale,530,1000
11/06/1984,VA,Winchester,ignore,Reagan,470,1000
11/06/1984,MO,Pulaski,ignore,Mondale,420,1000
11/06/1984,MO,Pulaski,ignore,Reagan,580,1000
11/06/1984,IN,Newton,ignore,Mondale,420,1000
11/06/1984,IN,Newton,ignore,Reagan,580,1000
11/06/1984,GA,Bulloch,ignore,Mondale,420,1000
11/06/1984,GA,Bulloch,ignore,Reagan,580,1000
11/06/1984,KS,Rawlins,ignore,Mondale,420,1000
11/06/1984,KS,Rawlins,ignore,Reagan,580,1000
11/06/1984,CO,Phillips,ignore,Mondale,420,1000
11/06/1984,CO,Phillips,ignore,Reagan,580,1000
11/06/1984,TX,Runnels,ignore,Mondale,420,1000
11/06/1984,TX,Runnels,ignore,Reagan,580,1000
11/06/1984,IA,Wayne,ignore,Mondale,420,1000
11/06/1984,IA,Wayne,ignore,Reagan,580,1000
11/06/1984,TX,Terry,ignore,Mondale,420,1000
11/06/1984,TX,Terry,ignore,Reagan,580,1000
11/06/1984,OH,Vinton,ignore,Mondale,490,1000
11/06/1984,OH,Vinton,ignore,Reagan,510,1000
11/06/1984,CO,Arapahoe,ignore,Mondale,530,1000
11/06/1984,CO,Arapahoe,ignore,Reagan,470,1000
11/06/1984,TX,Upton,ignore,Mondale,420,1000
11/06/1984,TX,Upton,ignore,Reagan,580,1000
11/06/1984,TX,Callahan,ignore,Mondale,420,1000
11/06/1984,TX,Callahan,ignore,Reagan,580,1000
11/06/1984,TX,Howard,ignore,Mondale,420,1000
11/06/1984,TX,Howard,ignore,Reagan,580,1000
11/06/1984,TX,Upshur,ignore,Mondale,420,1000
11/06/1984,TX,Upshur,ignore,Reagan,580,1000
11/06/1984,TX,Camp,ignore,Mondale,420,1000
11/06/1984,TX,Camp,ignore,Reagan,580,1000
11/06/1984,TX,Walker,ignore,Mondale,420,1000
11/06/1984,TX,Walker,ignore,Reagan,580,1000
11/06/1984,AL,Wilcox,ignore,Mondale,420,1000
11/06/1984,AL,Wilcox,ignore,Reagan,580,1000
11/06/1984,VA,Montgomery,ignore,Mondale,530,1000
11/06/1984,VA,Montgomery,ignore,Reagan,470,1000
11/06/1984,MS,Noxubee,ignore,Mondale,420,1000
11/06/1984,MS,Noxubee,ignore,Reagan,580,1000
11/06/1984,CO,Sedgwick,ignore,Mondale,420,1000
11/06/1984,CO,Sedgwick,ignore,Reagan,580,1000
11/06/1984,SD,Davison,ignore,Mondale,420,1000
11/06/1984,SD,Davison,ignore,Reagan,580,1000
11/06/1984,KS,Hamilton,ignore,Mondale,420,1000
11/06/1984,KS,Hamilton,ignore,Reagan,580,1000
11/06/1984,IL,Ford,ignore,Mondale,420,1000
11/06/1984,IL,Ford,ignore,Reagan,580,1000
11/06/1984,SD,Fall_River,ignore,Mondale,420,1000
11/06/1984,SD,Fall_River,ignore,Reagan,580,1000
11/06/1984,AK,Bristol_Bay,ignore,Mondale,580,1000
11/06/1984,AK,Bristol_Bay,ignore,Reagan,420,1000
11/06/1984,IN,Parke,ignore,Mondale,420,1000
11/06/1984,IN,Parke,ignore,Reagan,580,1000
11/06/1984,TX,Taylor,ignore,Mondale,420,1000
11/06/1984,TX,Taylor,ignore,Reagan,580,1000
11/06/1984,IN,Fayette,ignore,Mondale,420,1000
11/06/1984,IN,Fayette,ignore,Reagan,580,1000
11/06/1984,NC,Caldwell,ignore,Mondale,420,1000
11/06/1984,NC,Caldwell,ignore,Reagan,580,1000
11/06/1984,SD,Turner,ignore,Mondale,420,1000
11/06/1984,SD,Turner,ignore,Reagan,580,1000
11/06/1984,WI,Ozaukee,ignore,Mondale,530,1000
11/06/1984,WI,Ozaukee,ignore,Reagan,470,1000
11/06/1984,ND,Logan,ignore,Mondale,420,1000
11/06/1984,ND,Logan,ignore,Reagan,580,1000
11/06/1984,AR,Bradley,ignore,Mondale,490,1000
11/06/1984,AR,Bradley,ignore,Reagan,510,1000
11/06/1984,GA,Lanier,ignore,Mondale,420,1000
11/06/1984,GA,Lanier,ignore,Reagan,580,1000
11/06/1984,NM,Sierra,ignore,Mondale,420,1000
11/06/1984,NM,Sierra,ignore,Reagan,580,1000
11/06/1984,CO,Lincoln,ignore,Mondale,420,1000
11/06/1984,CO,Lincoln,ignore,Reagan,580,1000
11/06/1984,IA,Butler,ignore,Mondale,497,1000
11/06/1984,IA,Butler,ignore,Reagan,503,1000
11/06/1984,TX,Hartley,ignore,Mondale,420,1000
11/06/1984,TX,Hartley,ignore,Reagan,580,1000
11/06/1984,TN,Pickett,ignore,Mondale,420,1000
11/06/1984,TN,Pickett,ignore,Reagan,580,1000
11/06/1984,SD,Douglas,ignore,Mondale,420,1000
11/06/1984,SD,Douglas,ignore,Reagan,580,1000
11/06/1984,KS,Cloud,ignore,Mondale,420,1000
11/06/1984,KS,Cloud,ignore,Reagan,580,1000
11/06/1984,PA,Montour,ignore,Mondale,420,1000
11/06/1984,PA,Montour,ignore,Reagan,580,1000
11/06/1984,NE,Morrill,ignore,Mondale,420,1000
11/06/1984,NE,Morrill,ignore,Reagan,580,1000
11/06/1984,MO,Monroe,ignore,Mondale,470,1000
11/06/1984,MO,Monroe,ignore,Reagan,530,1000
11/06/1984,ND,LaMoure,ignore,Mondale,420,1000
11/06/1984,ND,LaMoure,ignore,Reagan,580,1000
11/06/1984,KY,McLean,ignore,Mondale,420,1000
11/06/1984,KY,McLean,ignore,Reagan,580,1000
11/06/1984,SD,Marshall,ignore,Mondale,530,1000
11/06/1984,SD,Marshall,ignore,Reagan,470,1000
11/06/1984,OR,Baker,ignore,Mondale,420,1000
11/06/1984,OR,Baker,ignore,Reagan,580,1000
11/06/1984,SD,Custer,ignore,Mondale,420,1000
11/06/1984,SD,Custer,ignore,Reagan,580,1000
11/06/1984,TX,Live_Oak,ignore,Mondale,420,1000
11/06/1984,TX,Live_Oak,ignore,Reagan,580,1000
11/06/1984,MI,Schoolcraft,ignore,Mondale,420,1000
11/06/1984,MI,Schoolcraft,ignore,Reagan,580,1000
11/06/1984,IA,Madison,ignore,Mondale,470,1000
11/06/1984,IA,Madison,ignore,Reagan,530,1000
11/06/1984,NE,Wheeler,ignore,Mondale,420,1000
11/06/1984,NE,Wheeler,ignore,Reagan,580,1000
11/06/1984,AR,Cross,ignore,Mondale,530,1000
11/06/1984,AR,Cross,ignore,Reagan,470,1000
11/06/1984,IA,Black_Hawk,ignore,Mondale,530,1000
11/06/1984,IA,Black_Hawk,ignore,Reagan,470,1000
11/06/1984,TX,Lubbock,ignore,Mondale,420,1000
11/06/1984,TX,Lubbock,ignore,Reagan,580,1000
11/06/1984,MN,Watonwan,ignore,Mondale,490,1000
11/06/1984,MN,Watonwan,ignore,Reagan,510,1000
11/06/1984,SD,Deuel,ignore,Mondale,470,1000
11/06/1984,SD,Deuel,ignore,Reagan,530,1000
11/06/1984,IA,Warren,ignore,Mondale,470,1000
11/06/1984,IA,Warren,ignore,Reagan,530,1000
11/06/1984,AR,Nevada,ignore,Mondale,497,1000
11/06/1984,AR,Nevada,ignore,Reagan,503,1000
11/06/1984,KS,Haskell,ignore,Mondale,420,1000
11/06/1984,KS,Haskell,ignore,Reagan,580,1000
11/06/1984,MO,Gentry,ignore,Mondale,420,1000
11/06/1984,MO,Gentry,ignore,Reagan,580,1000
11/06/1984,AR,Columbia,ignore,Mondale,420,1000
11/06/1984,AR,Columbia,ignore,Reagan,580,1000
11/06/1984,AR,Drew,ignore,Mondale,503,1000
11/06/1984,AR,Drew,ignore,Reagan,497,1000
11/06/1984,IN,Noble,ignore,Mondale,420,1000
11/06/1984,IN,Noble,ignore,Reagan,580,1000
11/06/1984,TX,Gonzales,ignore,Mondale,420,1000
11/06/1984,TX,Gonzales,ignore,Reagan,580,1000
11/06/1984,SD,Hyde,ignore,Mondale,420,1000
11/06/1984,SD,Hyde,ignore,Reagan,580,1000
11/06/1984,NM,Torrance,ignore,Mondale,420,1000
11/06/1984,NM,Torrance,ignore,Reagan,580,1000
11/06/1984,VA,Emporia,ignore,Mondale,580,1000
11/06/1984,VA,Emporia,ignore,Reagan,420,1000
11/06/1984,TX,Hansford,ignore,Mondale,420,1000
11/06/1984,TX,Hansford,ignore,Reagan,580,1000
11/06/1984,KS,Finney,ignore,Mondale,420,1000
11/06/1984,KS,Finney,ignore,Reagan,580,1000
11/06/1984,MO,Lawrence,ignore,Mondale,470,1000
11/06/1984,MO,Lawrence,ignore,Reagan,530,1000
11/06/1984,NM,Harding,ignore,Mondale,420,1000
11/06/1984,NM,Harding,ignore,Reagan,580,1000
11/06/1984,TX,Collingsworth,ignore,Mondale,420,1000
11/06/1984,TX,Collingsworth,ignore,Reagan,580,1000
11/06/1984,IL,Douglas,ignore,Mondale,420,1000
11/06/1984,IL,Douglas,ignore,Reagan,580,1000
11/06/1984,UT,Sanpete,ignore,Mondale,420,1000
11/06/1984,UT,Sanpete,ignore,Reagan,580,1000
11/06/1984,SC,Barnwell,ignore,Mondale,490,1000
11/06/1984,SC,Barnwell,ignore,Reagan,510,1000
11/06/1984,SC,Lee,ignore,Mondale,580,1000
11/06/1984,SC,Lee,ignore,Reagan,420,1000
11/06/1984,MT,Petroleum,ignore,Mondale,420,1000
11/06/1984,MT,Petroleum,ignore,Reagan,580,1000
11/06/1984,OH,Guernsey,ignore,Mondale,420,1000
11/06/1984,OH,Guernsey,ignore,Reagan,580,1000
11/06/1984,GA,Montgomery,ignore,Mondale,420,1000
11/06/1984,GA,Montgomery,ignore,Reagan,580,1000
11/06/1984,WI,Oneida,ignore,Mondale,420,1000
11/06/1984,WI,Oneida,ignore,Reagan,580,1000
11/06/1984,NE,Garden,ignore,Mondale,420,1000
11/06/1984,NE,Garden,ignore,Reagan,580,1000
11/06/1984,ND,Sheridan,ignore,Mondale,420,1000
11/06/1984,ND,Sheridan,ignore,Reagan,580,1000
11/06/1984,IL,Johnson,ignore,Mondale,503,1000
11/06/1984,IL,Johnson,ignore,Reagan,497,1000
11/06/1984,TX,King,ignore,Mondale,420,1000
11/06/1984,TX,King,ignore,Reagan,580,1000
11/06/1984,ID,Valley,ignore,Mondale,490,1000
11/06/1984,ID,Valley,ignore,Reagan,510,1000
11/06/1984,KY,Warren,ignore,Mondale,420,1000
11/06/1984,KY,Warren,ignore,Reagan,580,1000
11/06/1984,VA,Portsmouth,ignore,Mondale,580,1000
11/06/1984,VA,Portsmouth,ignore,Reagan,420,1000
11/06/1984,TX,Stonewall,ignore,Mondale,420,1000
11/06/1984,TX,Stonewall,ignore,Reagan,580,1000
11/06/1984,OK,Latimer,ignore,Mondale,420,1000
11/06/1984,OK,Latimer,ignore,Reagan,580,1000
11/06/1984,NV,Storey,ignore,Mondale,420,1000
11/06/1984,NV,Storey,ignore,Reagan,580,1000
11/06/1984,OK,Washita,ignore,Mondale,420,1000
11/06/1984,OK,Washita,ignore,Reagan,580,1000
11/06/1984,IA,Van_Buren,ignore,Mondale,470,1000
11/06/1984,IA,Van_Buren,ignore,Reagan,530,1000
11/06/1984,WI,Eau_Claire,ignore,Mondale,530,1000
11/06/1984,WI,Eau_Claire,ignore,Reagan,470,1000
11/06/1984,AK,Southeast_Fairbanks,ignore,Mondale,420,1000
11/06/1984,AK,Southeast_Fairbanks,ignore,Reagan,580,1000
11/06/1984,KS,Lane,ignore,Mondale,420,1000
11/06/1984,KS,Lane,ignore,Reagan,580,1000
11/06/1984,KS,Trego,ignore,Mondale,420,1000
11/06/1984,KS,Trego,ignore,Reagan,580,1000
11/06/1984,VA,Williamsburg,ignore,Mondale,580,1000
11/06/1984,VA,Williamsburg,ignore,Reagan,420,1000
11/06/1984,OH,Defiance,ignore,Mondale,470,1000
11/06/1984,OH,Defiance,ignore,Reagan,530,1000
11/06/1984,SD,McPherson,ignore,Mondale,420,1000
11/06/1984,SD,McPherson,ignore,Reagan,580,1000
11/06/1984,NE,Dundy,ignore,Mondale,420,1000
11/06/1984,NE,Dundy,ignore,Reagan,580,1000
11/06/1984,AR,Johnson,ignore,Mondale,420,1000
11/06/1984,AR,Johnson,ignore,Reagan,580,1000
11/06/1984,IN,Scott,ignore,Mondale,420,1000
11/06/1984,IN,Scott,ignore,Reagan,580,1000
11/06/1984,NE,Hall,ignore,Mondale,420,1000
11/06/1984,NE,Hall,ignore,Reagan,580,1000
11/06/1984,MS,Alcorn,ignore,Mondale,420,1000
11/06/1984,MS,Alcorn,ignore,Reagan,580,1000
11/06/1984,IL,Moultrie,ignore,Mondale,420,1000
11/06/1984,IL,Moultrie,ignore,Reagan,580,1000
11/06/1984,IN,Martin,ignore,Mondale,420,1000
11/06/1984,IN,Martin,ignore,Reagan,580,1000
11/06/1984,NE,Hayes,ignore,Mondale,420,1000
11/06/1984,NE,Hayes,ignore,Reagan,580,1000
11/06/1984,IL,Edwards,ignore,Mondale,420,1000
11/06/1984,IL,Edwards,ignore,Reagan,580,1000
11/06/1984,NE,Frontier,ignore,Mondale,420,1000
11/06/1984,NE,Frontier,ignore,Reagan,580,1000
11/06/1984,KS,Decatur,ignore,Mondale,420,1000
11/06/1984,KS,Decatur,ignore,Reagan,580,1000
11/06/1984,GA,Tattnall,ignore,Mondale,420,1000
11/06/1984,GA,Tattnall,ignore,Reagan,580,1000
11/06/1984,KY,Boyle,ignore,Mondale,420,1000
11/06/1984,KY,Boyle,ignore,Reagan,580,1000
11/06/1984,TX,Dimmit,ignore,Mondale,420,1000
11/06/1984,TX,Dimmit,ignore,Reagan,580,1000
11/06/1984,KY,Pendleton,ignore,Mondale,420,1000
11/06/1984,KY,Pendleton,ignore,Reagan,580,1000
11/06/1984,NY,Yates,ignore,Mondale,470,1000
11/06/1984,NY,Yates,ignore,Reagan,530,1000
11/06/1984,SD,Jackson,ignore,Mondale,420,1000
11/06/1984,SD,Jackson,ignore,Reagan,580,1000
11/06/1984,IA,Shelby,ignore,Mondale,470,1000
11/06/1984,IA,Shelby,ignore,Reagan,530,1000
11/06/1984,PA,Forest,ignore,Mondale,420,1000
11/06/1984,PA,Forest,ignore,Reagan,580,1000
11/06/1984,MO,Laclede,ignore,Mondale,420,1000
11/06/1984,MO,Laclede,ignore,Reagan,580,1000
11/06/1984,MO,Ripley,ignore,Mondale,510,1000
11/06/1984,MO,Ripley,ignore,Reagan,490,1000
11/06/1984,KY,Logan,ignore,Mondale,420,1000
11/06/1984,KY,Logan,ignore,Reagan,580,1000
11/06/1984,IL,DeWitt,ignore,Mondale,420,1000
11/06/1984,IL,DeWitt,ignore,Reagan,580,1000
11/06/1984,KY,Butler,ignore,Mondale,420,1000
11/06/1984,KY,Butler,ignore,Reagan,580,1000
11/06/1984,MT,Golden_Valley,ignore,Mondale,420,1000
11/06/1984,MT,Golden_Valley,ignore,Reagan,580,1000
11/06/1984,OH,Fayette,ignore,Mondale,420,1000
11/06/1984,OH,Fayette,ignore,Reagan,580,1000
11/06/1984,GA,Twiggs,ignore,Mondale,510,1000
11/06/1984,GA,Twiggs,ignore,Reagan,490,1000
11/06/1984,MT,Ravalli,ignore,Mondale,420,1000
11/06/1984,MT,Ravalli,ignore,Reagan,580,1000
11/06/1984,MN,Mille_Lacs,ignore,Mondale,420,1000
11/06/1984,MN,Mille_Lacs,ignore,Reagan,580,1000
11/06/1984,CO,Delta,ignore,Mondale,420,1000
11/06/1984,CO,Delta,ignore,Reagan,580,1000
11/06/1984,IL,McDonough,ignore,Mondale,490,1000
11/06/1984,IL,McDonough,ignore,Reagan,510,1000
11/06/1984,OH,Sandusky,ignore,Mondale,510,1000
11/06/1984,OH,Sandusky,ignore,Reagan,490,1000
11/06/1984,TX,Borden,ignore,Mondale,420,1000
11/06/1984,TX,Borden,ignore,Reagan,580,1000
11/06/1984,AR,Newton,ignore,Mondale,420,1000
11/06/1984,AR,Newton,ignore,Reagan,580,1000
11/06/1984,VA,Charlottesville,ignore,Mondale,580,1000
11/06/1984,VA,Charlottesville,ignore,Reagan,420,1000
11/06/1984,MN,Pipestone,ignore,Mondale,490,1000
11/06/1984,MN,Pipestone,ignore,Reagan,510,1000
11/06/1984,TX,Wheeler,ignore,Mondale,420,1000
11/06/1984,TX,Wheeler,ignore,Reagan,580,1000
11/06/1984,NE,Adams,ignore,Mondale,420,1000
11/06/1984,NE,Adams,ignore,Reagan,580,1000
11/06/1984,MT,Lewis_and_Clark,ignore,Mondale,490,1000
11/06/1984,MT,Lewis_and_Clark,ignore,Reagan,510,1000
11/06/1984,AK,Kenai_Peninsula,ignore,Mondale,420,1000
11/06/1984,AK,Kenai_Peninsula,ignore,Reagan,580,1000
11/06/1984,MO,Grundy,ignore,Mondale,420,1000
11/06/1984,MO,Grundy,ignore,Reagan,580,1000
11/06/1984,NC,Guilford,ignore,Mondale,530,1000
11/06/1984,NC,Guilford,ignore,Reagan,470,1000
11/06/1984,IA,Cass,ignore,Mondale,490,1000
11/06/1984,IA,Cass,ignore,Reagan,510,1000
11/06/1984,AL,Dale,ignore,Mondale,420,1000
11/06/1984,AL,Dale,ignore,Reagan,580,1000
11/06/1984,TX,Randall,ignore,Mondale,420,1000
11/06/1984,TX,Randall,ignore,Reagan,580,1000
11/06/1984,OH,Van_Wert,ignore,Mondale,420,1000
11/06/1984,OH,Van_Wert,ignore,Reagan,580,1000
11/06/1984,TX,Kent,ignore,Mondale,420,1000
11/06/1984,TX,Kent,ignore,Reagan,580,1000
11/06/1984,VA,Warren,ignore,Mondale,420,1000
11/06/1984,VA,Warren,ignore,Reagan,580,1000
11/06/1984,MS,Winston,ignore,Mondale,420,1000
11/06/1984,MS,Winston,ignore,Reagan,580,1000
11/06/1984,TX,Irion,ignore,Mondale,420,1000
11/06/1984,TX,Irion,ignore,Reagan,580,1000
11/06/1984,GA,Irwin,ignore,Mondale,470,1000
11/06/1984,GA,Irwin,ignore,Reagan,530,1000
11/06/1984,IN,Whitley,ignore,Mondale,420,1000
11/06/1984,IN,Whitley,ignore,Reagan,580,1000
11/06/1984,SD,Moody,ignore,Mondale,490,1000
11/06/1984,SD,Moody,ignore,Reagan,510,1000
11/06/1984,CA,Santa_Barbara,ignore,Mondale,530,1000
11/06/1984,CA,Santa_Barbara,ignore,Reagan,470,1000
11/06/1984,TX,Eastland,ignore,Mondale,420,1000
11/06/1984,TX,Eastland,ignore,Reagan,580,1000
11/06/1984,MN,Roseau,ignore,Mondale,420,1000
11/06/1984,MN,Roseau,ignore,Reagan,580,1000
11/06/1984,MO,Clinton,ignore,Mondale,420,1000
11/06/1984,MO,Clinton,ignore,Reagan,580,1000
11/06/1984,WV,Taylor,ignore,Mondale,420,1000
11/06/1984,WV,Taylor,ignore,Reagan,580,1000
11/06/1984,MS,George,ignore,Mondale,420,1000
11/06/1984,MS,George,ignore,Reagan,580,1000
11/06/1984,MN,Otter_Tail,ignore,Mondale,420,1000
11/06/1984,MN,Otter_Tail,ignore,Reagan,580,1000
11/06/1984,IL,Franklin,ignore,Mondale,420,1000
11/06/1984,IL,Franklin,ignore,Reagan,580,1000
11/06/1984,FL,Hardee,ignore,Mondale,420,1000
11/06/1984,FL,Hardee,ignore,Reagan,580,1000
11/06/1984,IA,Webster,ignore,Mondale,530,1000
11/06/1984,IA,Webster,ignore,Reagan,470,1000
11/06/1984,VA,Fredericksburg,ignore,Mondale,580,1000
11/06/1984,VA,Fredericksburg,ignore,Reagan,420,1000
11/06/1984,NY,Schuyler,ignore,Mondale,470,1000
11/06/1984,NY,Schuyler,ignore,Reagan,530,1000
11/06/1984,IL,McLean,ignore,Mondale,490,1000
11/06/1984,IL,McLean,ignore,Reagan,510,1000
11/06/1984,NE,York,ignore,Mondale,420,1000
11/06/1984,NE,York,ignore,Reagan,580,1000
11/06/1984,TX,San_Augustine,ignore,Mondale,420,1000
11/06/1984,TX,San_Augustine,ignore,Reagan,580,1000
11/06/1984,TN,Franklin,ignore,Mondale,420,1000
11/06/1984,TN,Franklin,ignore,Reagan,580,1000
11/06/1984,WY,Campbell,ignore,Mondale,470,1000
11/06/1984,WY,Campbell,ignore,Reagan,530,1000
11/06/1984,OH,Pike,ignore,Mondale,510,1000
11/06/1984,OH,Pike,ignore,Reagan,490,1000
11/06/1984,IA,Clarke,ignore,Mondale,510,1000
11/06/1984,IA,Clarke,ignore,Reagan,490,1000
11/06/1984,SC,Cherokee,ignore,Mondale,420,1000
11/06/1984,SC,Cherokee,ignore,Reagan,580,1000
11/06/1984,MN,Stevens,ignore,Mondale,497,1000
11/06/1984,MN,Stevens,ignore,Reagan,503,1000
11/06/1984,MS,Franklin,ignore,Mondale,490,1000
11/06/1984,MS,Franklin,ignore,Reagan,510,1000
11/06/1984,AK,Prince_of_Wales-Hyder,ignore,Mondale,420,1000
11/06/1984,AK,Prince_of_Wales-Hyder,ignore,Reagan,580,1000
11/06/1984,CO,San_Miguel,ignore,Mondale,420,1000
11/06/1984,CO,San_Miguel,ignore,Reagan,580,1000
11/06/1984,KY,Lewis,ignore,Mondale,420,1000
11/06/1984,KY,Lewis,ignore,Reagan,580,1000
11/06/1984,MI,Chippewa,ignore,Mondale,470,1000
11/06/1984,MI,Chippewa,ignore,Reagan,530,1000
11/06/1984,MI,Ontonagon,ignore,Mondale,470,1000
11/06/1984,MI,Ontonagon,ignore,Reagan,530,1000
11/06/1984,MN,Marshall,ignore,Mondale,470,1000
11/06/1984,MN,Marshall,ignore,Reagan,530,1000
11/06/1984,MO,Harrison,ignore,Mondale,420,1000
11/06/1984,MO,Harrison,ignore,Reagan,580,1000
11/06/1984,MS,Newton,ignore,Mondale,420,1000
11/06/1984,MS,Newton,ignore,Reagan,580,1000
11/06/1984,MS,Webster,ignore,Mondale,420,1000
11/06/1984,MS,Webster,ignore,Reagan,580,1000
11/06/1984,NJ,Warren,ignore,Mondale,420,1000
11/06/1984,NJ,Warren,ignore,Reagan,580,1000
11/06/1984,NY,Monroe,ignore,Mondale,580,1000
11/06/1984,NY,Monroe,ignore,Reagan,420,1000
11/06/1984,OH,Hamilton,ignore,Mondale,530,1000
11/06/1984,OH,Hamilton,ignore,Reagan,470,1000
11/06/1984,OK,Pittsburg,ignore,Mondale,490,1000
11/06/1984,OK,Pittsburg,ignore,Reagan,510,1000
11/06/1984,GA,Ben_Hill,ignore,Mondale,420,1000
11/06/1984,GA,Ben_Hill,ignore,Reagan,580,1000
11/06/1984,TN,Union,ignore,Mondale,420,1000
11/06/1984,TN,Union,ignore,Reagan,580,1000
11/06/1984,KS,Russell,ignore,Mondale,420,1000
11/06/1984,KS,Russell,ignore,Reagan,580,1000
11/06/1984,WI,Dane,ignore,Mondale,580,1000
11/06/1984,WI,Dane,ignore,Reagan,420,1000
11/06/1984,TX,Gillespie,ignore,Mondale,420,1000
11/06/1984,TX,Gillespie,ignore,Reagan,580,1000
11/06/1984,AZ,La_Paz,ignore,Mondale,420,1000
11/06/1984,AZ,La_Paz,ignore,Reagan,580,1000
11/06/1984,KY,Spencer,ignore,Mondale,420,1000
11/06/1984,KY,Spencer,ignore,Reagan,580,1000
11/06/1984,ID,Ada,ignore,Mondale,420,1000
11/06/1984,ID,Ada,ignore,Reagan,580,1000
11/06/1984,HI,Hawaii,ignore,Mondale,490,1000
11/06/1984,HI,Hawaii,ignore,Reagan,510,1000
11/06/1984,AR,Howard,ignore,Mondale,530,1000
11/06/1984,AR,Howard,ignore,Reagan,470,1000
11/06/1984,VA,Cumberland,ignore,Mondale,470,1000
11/06/1984,VA,Cumberland,ignore,Reagan,530,1000
11/06/1984,KS,Harvey,ignore,Mondale,420,1000
11/06/1984,KS,Harvey,ignore,Reagan,580,1000
11/06/1984,TX,Donley,ignore,Mondale,420,1000
11/06/1984,TX,Donley,ignore,Reagan,580,1000
11/06/1984,IL,Stephenson,ignore,Mondale,470,1000
11/06/1984,IL,Stephenson,ignore,Reagan,530,1000
11/06/1984,VA,Lynchburg,ignore,Mondale,510,1000
11/06/1984,VA,Lynchburg,ignore,Reagan,490,1000
11/06/1984,KY,Metcalfe,ignore,Mondale,420,1000
11/06/1984,KY,Metcalfe,ignore,Reagan,580,1000
11/06/1984,OH,Hardin,ignore,Mondale,420,1000
11/06/1984,OH,Hardin,ignore,Reagan,580,1000
11/06/1984,IL,Jefferson,ignore,Mondale,497,1000
11/06/1984,IL,Jefferson,ignore,Reagan,503,1000
11/06/1984,IA,Monroe,ignore,Mondale,470,1000
11/06/1984,IA,Monroe,ignore,Reagan,530,1000
11/06/1984,WV,Tyler,ignore,Mondale,420,1000
11/06/1984,WV,Tyler,ignore,Reagan,580,1000
11/06/1984,CO,Bent,ignore,Mondale,470,1000
11/06/1984,CO,Bent,ignore,Reagan,530,1000
11/06/1984,WI,Waushara,ignore,Mondale,420,1000
11/06/1984,WI,Waushara,ignore,Reagan,580,1000
11/06/1984,WI,Waupaca,ignore,Mondale,420,1000
11/06/1984,WI,Waupaca,ignore,Reagan,580,1000
11/06/1984,TX,Uvalde,ignore,Mondale,420,1000
11/06/1984,TX,Uvalde,ignore,Reagan,580,1000
11/06/1984,MS,Walthall,ignore,Mondale,420,1000
11/06/1984,MS,Walthall,ignore,Reagan,580,1000
11/06/1984,MO,Daviess,ignore,Mondale,420,1000
11/06/1984,MO,Daviess,ignore,Reagan,580,1000
11/06/1984,TX,Winkler,ignore,Mondale,420,1000
11/06/1984,TX,Winkler,ignore,Reagan,580,1000
11/06/1984,OH,Delaware,ignore,Mondale,420,1000
11/06/1984,OH,Delaware,ignore,Reagan,580,1000
11/06/1984,SD,Hamlin,ignore,Mondale,470,1000
11/06/1984,SD,Hamlin,ignore,Reagan,530,1000
11/06/1984,KS,Morris,ignore,Mondale,420,1000
11/06/1984,KS,Morris,ignore,Reagan,580,1000
11/06/1984,AL,Lee,ignore,Mondale,420,1000
11/06/1984,AL,Lee,ignore,Reagan,580,1000
11/06/1984,CA,San_Diego,ignore,Mondale,580,1000
11/06/1984,CA,San_Diego,ignore,Reagan,420,1000
11/06/1984,FL,Levy,ignore,Mondale,420,1000
11/06/1984,FL,Levy,ignore,Reagan,580,1000
11/06/1984,AL,Calhoun,ignore,Mondale,420,1000
11/06/1984,AL,Calhoun,ignore,Reagan,580,1000
11/06/1984,IA,Scott,ignore,Mondale,580,1000
11/06/1984,IA,Scott,ignore,Reagan,420,1000
11/06/1984,IA,Winneshiek,ignore,Mondale,580,1000
11/06/1984,IA,Winneshiek,ignore,Reagan,420,1000
11/06/1984,KS,Morton,ignore,Mondale,420,1000
11/06/1984,KS,Morton,ignore,Reagan,580,1000
11/06/1984,KY,Campbell,ignore,Mondale,420,1000
11/06/1984,KY,Campbell,ignore,Reagan,580,1000
11/06/1984,KY,Whitley,ignore,Mondale,420,1000
11/06/1984,KY,Whitley,ignore,Reagan,580,1000
11/06/1984,OH,Morrow,ignore,Mondale,420,1000
11/06/1984,OH,Morrow,ignore,Reagan,580,1000
11/06/1984,OH,Darke,ignore,Mondale,420,1000
11/06/1984,OH,Darke,ignore,Reagan,580,1000
11/06/1984,NE,Valley,ignore,Mondale,420,1000
11/06/1984,NE,Valley,ignore,Reagan,580,1000
11/06/1984,NE,Cedar,ignore,Mondale,420,1000
11/06/1984,NE,Cedar,ignore,Reagan,580,1000
11/06/1984,NE,Pawnee,ignore,Mondale,420,1000
11/06/1984,NE,Pawnee,ignore,Reagan,580,1000
11/06/1984,SC,Darlington,ignore,Mondale,470,1000
11/06/1984,SC,Darlington,ignore,Reagan,530,1000
11/06/1984,SD,Hughes,ignore,Mondale,420,1000
11/06/1984,SD,Hughes,ignore,Reagan,580,1000
11/06/1984,MO,Livingston,ignore,Mondale,420,1000
11/06/1984,MO,Livingston,ignore,Reagan,580,1000
11/06/1984,TX,Gregg,ignore,Mondale,420,1000
11/06/1984,TX,Gregg,ignore,Reagan,580,1000
11/06/1984,VA,Lunenburg,ignore,Mondale,470,1000
11/06/1984,VA,Lunenburg,ignore,Reagan,530,1000
11/06/1984,WV,Marion,ignore,Mondale,420,1000
11/06/1984,WV,Marion,ignore,Reagan,580,1000
11/06/1984,WV,Grant,ignore,Mondale,420,1000
11/06/1984,WV,Grant,ignore,Reagan,580,1000
11/06/1984,ND,Divide,ignore,Mondale,420,1000
11/06/1984,ND,Divide,ignore,Reagan,580,1000
11/06/1984,TN,Moore,ignore,Mondale,470,1000
11/06/1984,TN,Moore,ignore,Reagan,530,1000
11/06/1984,UT,Uintah,ignore,Mondale,420,1000
11/06/1984,UT,Uintah,ignore,Reagan,580,1000
11/06/1984,NE,Furnas,ignore,Mondale,420,1000
11/06/1984,NE,Furnas,ignore,Reagan,580,1000
11/06/1984,AL,Chambers,ignore,Mondale,420,1000
11/06/1984,AL,Chambers,ignore,Reagan,580,1000
11/06/1984,PA,Franklin,ignore,Mondale,420,1000
11/06/1984,PA,Franklin,ignore,Reagan,580,1000
11/06/1984,NE,Lancaster,ignore,Mondale,510,1000
11/06/1984,NE,Lancaster,ignore,Reagan,490,1000
11/06/1984,VA,Frederick,ignore,Mondale,420,1000
11/06/1984,VA,Frederick,ignore,Reagan,580,1000
11/06/1984,WA,Klickitat,ignore,Mondale,497,1000
11/06/1984,WA,Klickitat,ignore,Reagan,503,1000
11/06/1984,VT,Franklin,ignore,Mondale,580,1000
11/06/1984,VT,Franklin,ignore,Reagan,420,1000
11/06/1984,WI,Bayfield,ignore,Mondale,580,1000
11/06/1984,WI,Bayfield,ignore,Reagan,420,1000
11/06/1984,AL,ALA,ignore,Mondale,420,1000
11/06/1984,AL,ALA,ignore,Reagan,580,1000
11/06/1984,CA,Glenn,ignore,Mondale,420,1000
11/06/1984,CA,Glenn,ignore,Reagan,580,1000
11/06/1984,CO,Boulder,ignore,Mondale,530,1000
11/06/1984,CO,Boulder,ignore,Reagan,470,1000
11/06/1984,GA,DeKalb,ignore,Mondale,580,1000
11/06/1984,GA,DeKalb,ignore,Reagan,420,1000
11/06/1984,IL,Kane,ignore,Mondale,530,1000
11/06/1984,IL,Kane,ignore,Reagan,470,1000
11/06/1984,IL,Morgan,ignore,Mondale,470,1000
11/06/1984,IL,Morgan,ignore,Reagan,530,1000
11/06/1984,IN,Brown,ignore,Mondale,420,1000
11/06/1984,IN,Brown,ignore,Reagan,580,1000
11/06/1984,IN,Rush,ignore,Mondale,420,1000
11/06/1984,IN,Rush,ignore,Reagan,580,1000
11/06/1984,IN,White,ignore,Mondale,420,1000
11/06/1984,IN,White,ignore,Reagan,580,1000
11/06/1984,IA,Johnson,ignore,Mondale,580,1000
11/06/1984,IA,Johnson,ignore,Reagan,420,1000
11/06/1984,KS,Lyon,ignore,Mondale,420,1000
11/06/1984,KS,Lyon,ignore,Reagan,580,1000
11/06/1984,KY,Adair,ignore,Mondale,420,1000
11/06/1984,KY,Adair,ignore,Reagan,580,1000
11/06/1984,LA,Allen,ignore,Mondale,420,1000
11/06/1984,LA,Allen,ignore,Reagan,580,1000
11/06/1984,ME,Oxford,ignore,Mondale,510,1000
11/06/1984,ME,Oxford,ignore,Reagan,490,1000
11/06/1984,MO,Camden,ignore,Mondale,420,1000
11/06/1984,MO,Camden,ignore,Reagan,580,1000
11/06/1984,GA,Wilcox,ignore,Mondale,420,1000
11/06/1984,GA,Wilcox,ignore,Reagan,580,1000
11/06/1984,NM,De_Baca,ignore,Mondale,420,1000
11/06/1984,NM,De_Baca,ignore,Reagan,580,1000
11/06/1984,NC,Vance,ignore,Mondale,470,1000
11/06/1984,NC,Vance,ignore,Reagan,530,1000
11/06/1984,NC,Franklin,ignore,Mondale,530,1000
11/06/1984,NC,Franklin,ignore,Reagan,470,1000
11/06/1984,MT,Teton,ignore,Mondale,420,1000
11/06/1984,MT,Teton,ignore,Reagan,580,1000
11/06/1984,MO,Barry,ignore,Mondale,420,1000
11/06/1984,MO,Barry,ignore,Reagan,580,1000
11/06/1984,WA,Clark,ignore,Mondale,530,1000
11/06/1984,WA,Clark,ignore,Reagan,470,1000
11/06/1984,WV,Ohio,ignore,Mondale,420,1000
11/06/1984,WV,Ohio,ignore,Reagan,580,1000
11/06/1984,AR,Clark,ignore,Mondale,470,1000
11/06/1984,AR,Clark,ignore,Reagan,530,1000
11/06/1984,AR,Lawrence,ignore,Mondale,490,1000
11/06/1984,AR,Lawrence,ignore,Reagan,510,1000
11/06/1984,CA,Yuba,ignore,Mondale,420,1000
11/06/1984,CA,Yuba,ignore,Reagan,580,1000
11/06/1984,CO,Summit,ignore,Mondale,470,1000
11/06/1984,CO,Summit,ignore,Reagan,530,1000
11/06/1984,GA,Cobb,ignore,Mondale,470,1000
11/06/1984,GA,Cobb,ignore,Reagan,530,1000
11/06/1984,GA,Douglas,ignore,Mondale,420,1000
11/06/1984,GA,Douglas,ignore,Reagan,580,1000
11/06/1984,GA,Wilkes,ignore,Mondale,470,1000
11/06/1984,GA,Wilkes,ignore,Reagan,530,1000
11/06/1984,IL,Peoria,ignore,Mondale,580,1000
11/06/1984,IL,Peoria,ignore,Reagan,420,1000
11/06/1984,IN,Jackson,ignore,Mondale,420,1000
11/06/1984,IN,Jackson,ignore,Reagan,580,1000
11/06/1984,KS,Rooks,ignore,Mondale,420,1000
11/06/1984,KS,Rooks,ignore,Reagan,580,1000
11/06/1984,KS,Reno,ignore,Mondale,420,1000
11/06/1984,KS,Reno,ignore,Reagan,580,1000
11/06/1984,KY,Barren,ignore,Mondale,420,1000
11/06/1984,KY,Barren,ignore,Reagan,580,1000
11/06/1984,KY,Laurel,ignore,Mondale,420,1000
11/06/1984,KY,Laurel,ignore,Reagan,580,1000
11/06/1984,AZ,Coconino,ignore,Mondale,420,1000
11/06/1984,AZ,Coconino,ignore,Reagan,580,1000
11/06/1984,CA,Marin,ignore,Mondale,580,1000
11/06/1984,CA,Marin,ignore,Reagan,420,1000
11/06/1984,FL,Okaloosa,ignore,Mondale,420,1000
11/06/1984,FL,Okaloosa,ignore,Reagan,580,1000
11/06/1984,GA,Murray,ignore,Mondale,420,1000
11/06/1984,GA,Murray,ignore,Reagan,580,1000
11/06/1984,IL,Randolph,ignore,Mondale,470,1000
11/06/1984,IL,Randolph,ignore,Reagan,530,1000
11/06/1984,IN,Switzerland,ignore,Mondale,470,1000
11/06/1984,IN,Switzerland,ignore,Reagan,530,1000
11/06/1984,KY,Kenton,ignore,Mondale,420,1000
11/06/1984,KY,Kenton,ignore,Reagan,580,1000
11/06/1984,KY,Monroe,ignore,Mondale,420,1000
11/06/1984,KY,Monroe,ignore,Reagan,580,1000
11/06/1984,LA,Caddo,ignore,Mondale,580,1000
11/06/1984,LA,Caddo,ignore,Reagan,420,1000
11/06/1984,LA,Claiborne,ignore,Mondale,420,1000
11/06/1984,LA,Claiborne,ignore,Reagan,580,1000
11/06/1984,MA,Berkshire,ignore,Mondale,580,1000
11/06/1984,MA,Berkshire,ignore,Reagan,420,1000
11/06/1984,MI,Grand_Traverse,ignore,Mondale,470,1000
11/06/1984,MI,Grand_Traverse,ignore,Reagan,530,1000
11/06/1984,NE,Nuckolls,ignore,Mondale,420,1000
11/06/1984,NE,Nuckolls,ignore,Reagan,580,1000
11/06/1984,MO,Atchison,ignore,Mondale,420,1000
11/06/1984,MO,Atchison,ignore,Reagan,580,1000
11/06/1984,MN,Ramsey,ignore,Mondale,580,1000
11/06/1984,MN,Ramsey,ignore,Reagan,420,1000
11/06/1984,NC,Avery,ignore,Mondale,420,1000
11/06/1984,NC,Avery,ignore,Reagan,580,1000
11/06/1984,PA,Wayne,ignore,Mondale,470,1000
11/06/1984,PA,Wayne,ignore,Reagan,530,1000
11/06/1984,TN,Carter,ignore,Mondale,420,1000
11/06/1984,TN,Carter,ignore,Reagan,580,1000
11/06/1984,TN,Hickman,ignore,Mondale,420,1000
11/06/1984,TN,Hickman,ignore,Reagan,580,1000
11/06/1984,SD,Potter,ignore,Mondale,420,1000
11/06/1984,SD,Potter,ignore,Reagan,580,1000
11/06/1984,TX,Shackelford,ignore,Mondale,420,1000
11/06/1984,TX,Shackelford,ignore,Reagan,580,1000
11/06/1984,WY,Converse,ignore,Mondale,420,1000
11/06/1984,WY,Converse,ignore,Reagan,580,1000
11/06/1984,AL,Escambia,ignore,Mondale,420,1000
11/06/1984,AL,Escambia,ignore,Reagan,580,1000
11/06/1984,AZ,Cochise,ignore,Mondale,420,1000
11/06/1984,AZ,Cochise,ignore,Reagan,580,1000
11/06/1984,AZ,Apache,ignore,Mondale,420,1000
11/06/1984,AZ,Apache,ignore,Reagan,580,1000
11/06/1984,CA,San_Luis_Obispo,ignore,Mondale,510,1000
11/06/1984,CA,San_Luis_Obispo,ignore,Reagan,490,1000
11/06/1984,ID,Oneida,ignore,Mondale,420,1000
11/06/1984,ID,Oneida,ignore,Reagan,580,1000
11/06/1984,IN,Perry,ignore,Mondale,580,1000
11/06/1984,IN,Perry,ignore,Reagan,420,1000
11/06/1984,IA,Harrison,ignore,Mondale,420,1000
11/06/1984,IA,Harrison,ignore,Reagan,580,1000
11/06/1984,KY,Gallatin,ignore,Mondale,420,1000
11/06/1984,KY,Gallatin,ignore,Reagan,580,1000
11/06/1984,MD,Kent,ignore,Mondale,490,1000
11/06/1984,MD,Kent,ignore,Reagan,510,1000
11/06/1984,ME,Piscataquis,ignore,Mondale,470,1000
11/06/1984,ME,Piscataquis,ignore,Reagan,530,1000
11/06/1984,MI,Luce,ignore,Mondale,420,1000
11/06/1984,MI,Luce,ignore,Reagan,580,1000
11/06/1984,MI,Clare,ignore,Mondale,490,1000
11/06/1984,MI,Clare,ignore,Reagan,510,1000
11/06/1984,MO,St_Clair,ignore,Mondale,420,1000
11/06/1984,MO,St_Clair,ignore,Reagan,580,1000
11/06/1984,NE,Merrick,ignore,Mondale,420,1000
11/06/1984,NE,Merrick,ignore,Reagan,580,1000
11/06/1984,NY,Greene,ignore,Mondale,470,1000
11/06/1984,NY,Greene,ignore,Reagan,530,1000
11/06/1984,NC,Halifax,ignore,Mondale,580,1000
11/06/1984,NC,Halifax,ignore,Reagan,420,1000
11/06/1984,OK,McClain,ignore,Mondale,470,1000
11/06/1984,OK,McClain,ignore,Reagan,530,1000
11/06/1984,OK,Beaver,ignore,Mondale,420,1000
11/06/1984,OK,Beaver,ignore,Reagan,580,1000
11/06/1984,OR,Deschutes,ignore,Mondale,497,1000
11/06/1984,OR,Deschutes,ignore,Reagan,503,1000
11/06/1984,PA,Centre,ignore,Mondale,503,1000
11/06/1984,PA,Centre,ignore,Reagan,497,1000
11/06/1984,SC,Kershaw,ignore,Mondale,497,1000
11/06/1984,SC,Kershaw,ignore,Reagan,503,1000
11/06/1984,KY,Morgan,ignore,Mondale,420,1000
11/06/1984,KY,Morgan,ignore,Reagan,580,1000
11/06/1984,TN,Johnson,ignore,Mondale,420,1000
11/06/1984,TN,Johnson,ignore,Reagan,580,1000
11/06/1984,TX,Brewster,ignore,Mondale,420,1000
11/06/1984,TX,Brewster,ignore,Reagan,580,1000
11/06/1984,TX,Zapata,ignore,Mondale,420,1000
11/06/1984,TX,Zapata,ignore,Reagan,580,1000
11/06/1984,TX,Trinity,ignore,Mondale,420,1000
11/06/1984,TX,Trinity,ignore,Reagan,580,1000
11/06/1984,UT,Carbon,ignore,Mondale,470,1000
11/06/1984,UT,Carbon,ignore,Reagan,530,1000
11/06/1984,VA,Orange,ignore,Mondale,470,1000
11/06/1984,VA,Orange,ignore,Reagan,530,1000
11/06/1984,WI,Adams,ignore,Mondale,420,1000
11/06/1984,WI,Adams,ignore,Reagan,580,1000
11/06/1984,ND,McLean,ignore,Mondale,420,1000
11/06/1984,ND,McLean,ignore,Reagan,580,1000
11/06/1984,MN,Kittson,ignore,Mondale,530,1000
11/06/1984,MN,Kittson,ignore,Reagan,470,1000
11/06/1984,MI,Cheboygan,ignore,Mondale,470,1000
11/06/1984,MI,Cheboygan,ignore,Reagan,530,1000
11/06/1984,MS,Washington,ignore,Mondale,580,1000
11/06/1984,MS,Washington,ignore,Reagan,420,1000
11/06/1984,MO,Holt,ignore,Mondale,420,1000
11/06/1984,MO,Holt,ignore,Reagan,580,1000
11/06/1984,MS,Sunflower,ignore,Mondale,580,1000
11/06/1984,MS,Sunflower,ignore,Reagan,420,1000
11/06/1984,MT,Powder_River,ignore,Mondale,420,1000
11/06/1984,MT,Powder_River,ignore,Reagan,580,1000
11/06/1984,MS,Marshall,ignore,Mondale,470,1000
11/06/1984,MS,Marshall,ignore,Reagan,530,1000
11/06/1984,MS,Issaquena,ignore,Mondale,510,1000
11/06/1984,MS,Issaquena,ignore,Reagan,490,1000
11/06/1984,MS,Benton,ignore,Mondale,420,1000
11/06/1984,MS,Benton,ignore,Reagan,580,1000
11/06/1984,OH,Cuyahoga,ignore,Mondale,580,1000
11/06/1984,OH,Cuyahoga,ignore,Reagan,420,1000
11/06/1984,MT,Lake,ignore,Mondale,470,1000
11/06/1984,MT,Lake,ignore,Reagan,530,1000
11/06/1984,RI,Newport,ignore,Mondale,580,1000
11/06/1984,RI,Newport,ignore,Reagan,420,1000
11/06/1984,MO,Clay,ignore,Mondale,470,1000
11/06/1984,MO,Clay,ignore,Reagan,530,1000
11/06/1984,MO,Worth,ignore,Mondale,420,1000
11/06/1984,MO,Worth,ignore,Reagan,580,1000
11/06/1984,MO,Perry,ignore,Mondale,530,1000
11/06/1984,MO,Perry,ignore,Reagan,470,1000
11/06/1984,MO,Morgan,ignore,Mondale,420,1000
11/06/1984,MO,Morgan,ignore,Reagan,580,1000
11/06/1984,VA,Lee,ignore,Mondale,420,1000
11/06/1984,VA,Lee,ignore,Reagan,580,1000
11/06/1984,WA,Clallam,ignore,Mondale,510,1000
11/06/1984,WA,Clallam,ignore,Reagan,490,1000
11/06/1984,WY,Uinta,ignore,Mondale,470,1000
11/06/1984,WY,Uinta,ignore,Reagan,530,1000
11/06/1984,AR,Arkansas,ignore,Mondale,530,1000
11/06/1984,AR,Arkansas,ignore,Reagan,470,1000
11/06/1984,AR,Dallas,ignore,Mondale,530,1000
11/06/1984,AR,Dallas,ignore,Reagan,470,1000
11/06/1984,GA,Butts,ignore,Mondale,420,1000
11/06/1984,GA,Butts,ignore,Reagan,580,1000
11/06/1984,GA,Baker,ignore,Mondale,497,1000
11/06/1984,GA,Baker,ignore,Reagan,503,1000
11/06/1984,IL,LaSalle,ignore,Mondale,420,1000
11/06/1984,IL,LaSalle,ignore,Reagan,580,1000
11/06/1984,IN,Kosciusko,ignore,Mondale,420,1000
11/06/1984,IN,Kosciusko,ignore,Reagan,580,1000
11/06/1984,IN,Sullivan,ignore,Mondale,470,1000
11/06/1984,IN,Sullivan,ignore,Reagan,530,1000
11/06/1984,KS,Riley,ignore,Mondale,470,1000
11/06/1984,KS,Riley,ignore,Reagan,530,1000
11/06/1984,KY,Bullitt,ignore,Mondale,420,1000
11/06/1984,KY,Bullitt,ignore,Reagan,580,1000
11/06/1984,KY,Madison,ignore,Mondale,420,1000
11/06/1984,KY,Madison,ignore,Reagan,580,1000
11/06/1984,LA,Livingston,ignore,Mondale,420,1000
11/06/1984,LA,Livingston,ignore,Reagan,580,1000
11/06/1984,LA,Grant,ignore,Mondale,420,1000
11/06/1984,LA,Grant,ignore,Reagan,580,1000
11/06/1984,LA,Bienville,ignore,Mondale,420,1000
11/06/1984,LA,Bienville,ignore,Reagan,580,1000
11/06/1984,MO,Callaway,ignore,Mondale,420,1000
11/06/1984,MO,Callaway,ignore,Reagan,580,1000
11/06/1984,GA,Wheeler,ignore,Mondale,420,1000
11/06/1984,GA,Wheeler,ignore,Reagan,580,1000
11/06/1984,NC,Chatham,ignore,Mondale,490,1000
11/06/1984,NC,Chatham,ignore,Reagan,510,1000
11/06/1984,SC,Allendale,ignore,Mondale,580,1000
11/06/1984,SC,Allendale,ignore,Reagan,420,1000
11/06/1984,MA,Suffolk,ignore,Mondale,580,1000
11/06/1984,MA,Suffolk,ignore,Reagan,420,1000
11/06/1984,TN,Henry,ignore,Mondale,420,1000
11/06/1984,TN,Henry,ignore,Reagan,580,1000
11/06/1984,TX,Angelina,ignore,Mondale,420,1000
11/06/1984,TX,Angelina,ignore,Reagan,580,1000
11/06/1984,WA,Grant,ignore,Mondale,420,1000
11/06/1984,WA,Grant,ignore,Reagan,580,1000
11/06/1984,VA,Louisa,ignore,Mondale,420,1000
11/06/1984,VA,Louisa,ignore,Reagan,580,1000
11/06/1984,MN,Goodhue,ignore,Mondale,530,1000
11/06/1984,MN,Goodhue,ignore,Reagan,470,1000
11/06/1984,WA,Walla_Walla,ignore,Mondale,470,1000
11/06/1984,WA,Walla_Walla,ignore,Reagan,530,1000
11/06/1984,MO,Christian,ignore,Mondale,420,1000
11/06/1984,MO,Christian,ignore,Reagan,580,1000
11/06/1984,IN,Crawford,ignore,Mondale,510,1000
11/06/1984,IN,Crawford,ignore,Reagan,490,1000
11/06/1984,OK,Seminole,ignore,Mondale,420,1000
11/06/1984,OK,Seminole,ignore,Reagan,580,1000
11/06/1984,NM,Lincoln,ignore,Mondale,420,1000
11/06/1984,NM,Lincoln,ignore,Reagan,580,1000
11/06/1984,TN,Campbell,ignore,Mondale,420,1000
11/06/1984,TN,Campbell,ignore,Reagan,580,1000
11/06/1984,NM,Socorro,ignore,Mondale,470,1000
11/06/1984,NM,Socorro,ignore,Reagan,530,1000
11/06/1984,NM,Taos,ignore,Mondale,580,1000
11/06/1984,NM,Taos,ignore,Reagan,420,1000
11/06/1984,NM,Chaves,ignore,Mondale,420,1000
11/06/1984,NM,Chaves,ignore,Reagan,580,1000
11/06/1984,OH,Holmes,ignore,Mondale,420,1000
11/06/1984,OH,Holmes,ignore,Reagan,580,1000
11/06/1984,OH,Jackson,ignore,Mondale,470,1000
11/06/1984,OH,Jackson,ignore,Reagan,530,1000
11/06/1984,NC,Burke,ignore,Mondale,420,1000
11/06/1984,NC,Burke,ignore,Reagan,580,1000
11/06/1984,SD,Pennington,ignore,Mondale,420,1000
11/06/1984,SD,Pennington,ignore,Reagan,580,1000
11/06/1984,TX,Aransas,ignore,Mondale,470,1000
11/06/1984,TX,Aransas,ignore,Reagan,530,1000
11/06/1984,WA,Whitman,ignore,Mondale,510,1000
11/06/1984,WA,Whitman,ignore,Reagan,490,1000
11/06/1984,MI,Berrien,ignore,Mondale,470,1000
11/06/1984,MI,Berrien,ignore,Reagan,530,1000
11/06/1984,GA,Lincoln,ignore,Mondale,420,1000
11/06/1984,GA,Lincoln,ignore,Reagan,580,1000
11/06/1984,TX,Val_Verde,ignore,Mondale,420,1000
11/06/1984,TX,Val_Verde,ignore,Reagan,580,1000
11/06/1984,NY,Onondaga,ignore,Mondale,580,1000
11/06/1984,NY,Onondaga,ignore,Reagan,420,1000
11/06/1984,ID,Gooding,ignore,Mondale,420,1000
11/06/1984,ID,Gooding,ignore,Reagan,580,1000
11/06/1984,KY,Clay,ignore,Mondale,420,1000
11/06/1984,KY,Clay,ignore,Reagan,580,1000
11/06/1984,OR,Harney,ignore,Mondale,420,1000
11/06/1984,OR,Harney,ignore,Reagan,580,1000
11/06/1984,MO,Cooper,ignore,Mondale,420,1000
11/06/1984,MO,Cooper,ignore,Reagan,580,1000
11/06/1984,MN,Todd,ignore,Mondale,420,1000
11/06/1984,MN,Todd,ignore,Reagan,580,1000
11/06/1984,WI,Florence,ignore,Mondale,420,1000
11/06/1984,WI,Florence,ignore,Reagan,580,1000
11/06/1984,NY,Nassau,ignore,Mondale,530,1000
11/06/1984,NY,Nassau,ignore,Reagan,470,1000
11/06/1984,NM,San_Miguel,ignore,Mondale,503,1000
11/06/1984,NM,San_Miguel,ignore,Reagan,497,1000
11/06/1984,NE,Wayne,ignore,Mondale,420,1000
11/06/1984,NE,Wayne,ignore,Reagan,580,1000
11/06/1984,OH,Lawrence,ignore,Mondale,470,1000
11/06/1984,OH,Lawrence,ignore,Reagan,530,1000
11/06/1984,SD,Union,ignore,Mondale,420,1000
11/06/1984,SD,Union,ignore,Reagan,580,1000
11/06/1984,SC,Beaufort,ignore,Mondale,420,1000
11/06/1984,SC,Beaufort,ignore,Reagan,580,1000
11/06/1984,OH,Auglaize,ignore,Mondale,420,1000
11/06/1984,OH,Auglaize,ignore,Reagan,580,1000
11/06/1984,GA,Long,ignore,Mondale,420,1000
11/06/1984,GA,Long,ignore,Reagan,580,1000
11/06/1984,TX,Victoria,ignore,Mondale,420,1000
11/06/1984,TX,Victoria,ignore,Reagan,580,1000
11/06/1984,OH,Clermont,ignore,Mondale,420,1000
11/06/1984,OH,Clermont,ignore,Reagan,580,1000
11/06/1984,GA,Madison,ignore,Mondale,420,1000
11/06/1984,GA,Madison,ignore,Reagan,580,1000
11/06/1984,GA,Muscogee,ignore,Mondale,580,1000
11/06/1984,GA,Muscogee,ignore,Reagan,420,1000
11/06/1984,GA,Oconee,ignore,Mondale,420,1000
11/06/1984,GA,Oconee,ignore,Reagan,580,1000
11/06/1984,AL,Fayette,ignore,Mondale,420,1000
11/06/1984,AL,Fayette,ignore,Reagan,580,1000
11/06/1984,GA,Charlton,ignore,Mondale,420,1000
11/06/1984,GA,Charlton,ignore,Reagan,580,1000
11/06/1984,VT,Windsor,ignore,Mondale,580,1000
11/06/1984,VT,Windsor,ignore,Reagan,420,1000
11/06/1984,VA,Richmond_Co,ignore,Mondale,420,1000
11/06/1984,VA,Richmond_Co,ignore,Reagan,580,1000
11/06/1984,TX,Galveston,ignore,Mondale,420,1000
11/06/1984,TX,Galveston,ignore,Reagan,580,1000
11/06/1984,MO,Ste_Genevieve,ignore,Mondale,530,1000
11/06/1984,MO,Ste_Genevieve,ignore,Reagan,470,1000
11/06/1984,MI,Menominee,ignore,Mondale,470,1000
11/06/1984,MI,Menominee,ignore,Reagan,530,1000
11/06/1984,SC,Charleston,ignore,Mondale,497,1000
11/06/1984,SC,Charleston,ignore,Reagan,503,1000
11/06/1984,TX,Austin,ignore,Mondale,420,1000
11/06/1984,TX,Austin,ignore,Reagan,580,1000
11/06/1984,TN,Decatur,ignore,Mondale,420,1000
11/06/1984,TN,Decatur,ignore,Reagan,580,1000
11/06/1984,SD,Butte,ignore,Mondale,420,1000
11/06/1984,SD,Butte,ignore,Reagan,580,1000
11/06/1984,SC,Chester,ignore,Mondale,470,1000
11/06/1984,SC,Chester,ignore,Reagan,530,1000
11/06/1984,WI,Pierce,ignore,Mondale,470,1000
11/06/1984,WI,Pierce,ignore,Reagan,530,1000
11/06/1984,TN,Lake,ignore,Mondale,420,1000
11/06/1984,TN,Lake,ignore,Reagan,580,1000
11/06/1984,TX,Delta,ignore,Mondale,420,1000
11/06/1984,TX,Delta,ignore,Reagan,580,1000
11/06/1984,MT,Lincoln,ignore,Mondale,470,1000
11/06/1984,MT,Lincoln,ignore,Reagan,530,1000
11/06/1984,TX,Fort_Bend,ignore,Mondale,470,1000
11/06/1984,TX,Fort_Bend,ignore,Reagan,530,1000
11/06/1984,ME,Lincoln,ignore,Mondale,530,1000
11/06/1984,ME,Lincoln,ignore,Reagan,470,1000
11/06/1984,VA,Surry,ignore,Mondale,530,1000
11/06/1984,VA,Surry,ignore,Reagan,470,1000
11/06/1984,MO,Saline,ignore,Mondale,420,1000
11/06/1984,MO,Saline,ignore,Reagan,580,1000
11/06/1984,NC,Caswell,ignore,Mondale,470,1000
11/06/1984,NC,Caswell,ignore,Reagan,530,1000
11/06/1984,VA,Sussex,ignore,Mondale,580,1000
11/06/1984,VA,Sussex,ignore,Reagan,420,1000
11/06/1984,NH,Rockingham,ignore,Mondale,510,1000
11/06/1984,NH,Rockingham,ignore,Reagan,490,1000
11/06/1984,TN,Hamblen,ignore,Mondale,420,1000
11/06/1984,TN,Hamblen,ignore,Reagan,580,1000
11/06/1984,TN,Hancock,ignore,Mondale,420,1000
11/06/1984,TN,Hancock,ignore,Reagan,580,1000
11/06/1984,TN,Hawkins,ignore,Mondale,420,1000
11/06/1984,TN,Hawkins,ignore,Reagan,580,1000
11/06/1984,SD,Hanson,ignore,Mondale,420,1000
11/06/1984,SD,Hanson,ignore,Reagan,580,1000
11/06/1984,SD,Kingsbury,ignore,Mondale,420,1000
11/06/1984,SD,Kingsbury,ignore,Reagan,580,1000
11/06/1984,PA,Chester,ignore,Mondale,530,1000
11/06/1984,PA,Chester,ignore,Reagan,470,1000
11/06/1984,TX,Calhoun,ignore,Mondale,420,1000
11/06/1984,TX,Calhoun,ignore,Reagan,580,1000
11/06/1984,VA,Northumberland,ignore,Mondale,470,1000
11/06/1984,VA,Northumberland,ignore,Reagan,530,1000
11/06/1984,WI,Forest,ignore,Mondale,420,1000
11/06/1984,WI,Forest,ignore,Reagan,580,1000
11/06/1984,WY,Crook,ignore,Mondale,420,1000
11/06/1984,WY,Crook,ignore,Reagan,580,1000
11/06/1984,NE,Rock,ignore,Mondale,420,1000
11/06/1984,NE,Rock,ignore,Reagan,580,1000
11/06/1984,TN,Anderson,ignore,Mondale,420,1000
11/06/1984,TN,Anderson,ignore,Reagan,580,1000
11/06/1984,KY,Garrard,ignore,Mondale,420,1000
11/06/1984,KY,Garrard,ignore,Reagan,580,1000
11/06/1984,VT,Windham,ignore,Mondale,580,1000
11/06/1984,VT,Windham,ignore,Reagan,420,1000
11/06/1984,MD,Wicomico,ignore,Mondale,470,1000
11/06/1984,MD,Wicomico,ignore,Reagan,530,1000
11/06/1984,ME,Sagadahoc,ignore,Mondale,530,1000
11/06/1984,ME,Sagadahoc,ignore,Reagan,470,1000
11/06/1984,KS,Bourbon,ignore,Mondale,470,1000
11/06/1984,KS,Bourbon,ignore,Reagan,530,1000
11/06/1984,KS,Crawford,ignore,Mondale,490,1000
11/06/1984,KS,Crawford,ignore,Reagan,510,1000
11/06/1984,TX,Collin,ignore,Mondale,420,1000
11/06/1984,TX,Collin,ignore,Reagan,580,1000
11/06/1984,TX,Colorado,ignore,Mondale,420,1000
11/06/1984,TX,Colorado,ignore,Reagan,580,1000
11/06/1984,PA,Delaware,ignore,Mondale,580,1000
11/06/1984,PA,Delaware,ignore,Reagan,420,1000
11/06/1984,SC,Dillon,ignore,Mondale,530,1000
11/06/1984,SC,Dillon,ignore,Reagan,470,1000
11/06/1984,PA,Clarion,ignore,Mondale,420,1000
11/06/1984,PA,Clarion,ignore,Reagan,580,1000
11/06/1984,TX,Jasper,ignore,Mondale,420,1000
11/06/1984,TX,Jasper,ignore,Reagan,580,1000
11/06/1984,PA,Clinton,ignore,Mondale,420,1000
11/06/1984,PA,Clinton,ignore,Reagan,580,1000
11/06/1984,MD,Harford,ignore,Mondale,420,1000
11/06/1984,MD,Harford,ignore,Reagan,580,1000
11/06/1984,IL,Richland,ignore,Mondale,420,1000
11/06/1984,IL,Richland,ignore,Reagan,580,1000
11/06/1984,MD,Howard,ignore,Mondale,580,1000
11/06/1984,MD,Howard,ignore,Reagan,420,1000
11/06/1984,TN,Loudon,ignore,Mondale,420,1000
11/06/1984,TN,Loudon,ignore,Reagan,580,1000
11/06/1984,IL,St_Clair,ignore,Mondale,580,1000
11/06/1984,IL,St_Clair,ignore,Reagan,420,1000
11/06/1984,MA,Bristol,ignore,Mondale,510,1000
11/06/1984,MA,Bristol,ignore,Reagan,490,1000
11/06/1984,IN,Hendricks,ignore,Mondale,420,1000
11/06/1984,IN,Hendricks,ignore,Reagan,580,1000
11/06/1984,MD,Anne_Arundel,ignore,Mondale,490,1000
11/06/1984,MD,Anne_Arundel,ignore,Reagan,510,1000
11/06/1984,TX,Comal,ignore,Mondale,420,1000
11/06/1984,TX,Comal,ignore,Reagan,580,1000
11/06/1984,TX,Cooke,ignore,Mondale,420,1000
11/06/1984,TX,Cooke,ignore,Reagan,580,1000
11/06/1984,TX,Crockett,ignore,Mondale,420,1000
11/06/1984,TX,Crockett,ignore,Reagan,580,1000
11/06/1984,TX,Culberson,ignore,Mondale,420,1000
11/06/1984,TX,Culberson,ignore,Reagan,580,1000
11/06/1984,KY,Hickman,ignore,Mondale,470,1000
11/06/1984,KY,Hickman,ignore,Reagan,530,1000
11/06/1984,KY,Jackson,ignore,Mondale,420,1000
11/06/1984,KY,Jackson,ignore,Reagan,580,1000
11/06/1984,SC,Georgetown,ignore,Mondale,420,1000
11/06/1984,SC,Georgetown,ignore,Reagan,580,1000
11/06/1984,WA,Adams,ignore,Mondale,420,1000
11/06/1984,WA,Adams,ignore,Reagan,580,1000
11/06/1984,NE,Kimball,ignore,Mondale,420,1000
11/06/1984,NE,Kimball,ignore,Reagan,580,1000
11/06/1984,MT,Carbon,ignore,Mondale,420,1000
11/06/1984,MT,Carbon,ignore,Reagan,580,1000
11/06/1984,KY,Greenup,ignore,Mondale,420,1000
11/06/1984,KY,Greenup,ignore,Reagan,580,1000
11/06/1984,LA,Webster,ignore,Mondale,420,1000
11/06/1984,LA,Webster,ignore,Reagan,580,1000
11/06/1984,TN,Macon,ignore,Mondale,420,1000
11/06/1984,TN,Macon,ignore,Reagan,580,1000
11/06/1984,NC,New_Hanover,ignore,Mondale,510,1000
11/06/1984,NC,New_Hanover,ignore,Reagan,490,1000
11/06/1984,TX,Chambers,ignore,Mondale,420,1000
11/06/1984,TX,Chambers,ignore,Reagan,580,1000
11/06/1984,FL,Alachua,ignore,Mondale,580,1000
11/06/1984,FL,Alachua,ignore,Reagan,420,1000
11/06/1984,GA,Worth,ignore,Mondale,420,1000
11/06/1984,GA,Worth,ignore,Reagan,580,1000
11/06/1984,OR,Marion,ignore,Mondale,510,1000
11/06/1984,OR,Marion,ignore,Reagan,490,1000
11/06/1984,PA,Jefferson,ignore,Mondale,420,1000
11/06/1984,PA,Jefferson,ignore,Reagan,580,1000
11/06/1984,MI,Dickinson,ignore,Mondale,470,1000
11/06/1984,MI,Dickinson,ignore,Reagan,530,1000
11/06/1984,MI,Eaton,ignore,Mondale,497,1000
11/06/1984,MI,Eaton,ignore,Reagan,503,1000
11/06/1984,KY,Knox,ignore,Mondale,420,1000
11/06/1984,KY,Knox,ignore,Reagan,580,1000
11/06/1984,MI,Hillsdale,ignore,Mondale,420,1000
11/06/1984,MI,Hillsdale,ignore,Reagan,580,1000
11/06/1984,TX,Denton,ignore,Mondale,420,1000
11/06/1984,TX,Denton,ignore,Reagan,580,1000
11/06/1984,IA,Washington,ignore,Mondale,490,1000
11/06/1984,IA,Washington,ignore,Reagan,510,1000
11/06/1984,TN,Smith,ignore,Mondale,420,1000
11/06/1984,TN,Smith,ignore,Reagan,580,1000
11/06/1984,KS,Wilson,ignore,Mondale,420,1000
11/06/1984,KS,Wilson,ignore,Reagan,580,1000
11/06/1984,VA,Henrico,ignore,Mondale,530,1000
11/06/1984,VA,Henrico,ignore,Reagan,470,1000
11/06/1984,RI,Kent,ignore,Mondale,530,1000
11/06/1984,RI,Kent,ignore,Reagan,470,1000
11/06/1984,PA,Columbia,ignore,Mondale,420,1000
11/06/1984,PA,Columbia,ignore,Reagan,580,1000
11/06/1984,TN,Lewis,ignore,Mondale,420,1000
11/06/1984,TN,Lewis,ignore,Reagan,580,1000
11/06/1984,MN,Lincoln,ignore,Mondale,420,1000
11/06/1984,MN,Lincoln,ignore,Reagan,580,1000
11/06/1984,TN,Madison,ignore,Mondale,420,1000
11/06/1984,TN,Madison,ignore,Reagan,580,1000
11/06/1984,MO,Ralls,ignore,Mondale,420,1000
11/06/1984,MO,Ralls,ignore,Reagan,580,1000
11/06/1984,NC,Anson,ignore,Mondale,580,1000
11/06/1984,NC,Anson,ignore,Reagan,420,1000
11/06/1984,KY,Daviess,ignore,Mondale,470,1000
11/06/1984,KY,Daviess,ignore,Reagan,530,1000
11/06/1984,UT,Washington,ignore,Mondale,420,1000
11/06/1984,UT,Washington,ignore,Reagan,580,1000
11/06/1984,IA,Appanoose,ignore,Mondale,470,1000
11/06/1984,IA,Appanoose,ignore,Reagan,530,1000
11/06/1984,VA,Pittsylvania,ignore,Mondale,420,1000
11/06/1984,VA,Pittsylvania,ignore,Reagan,580,1000
11/06/1984,PA,Lackawanna,ignore,Mondale,580,1000
11/06/1984,PA,Lackawanna,ignore,Reagan,420,1000
11/06/1984,PA,Lancaster,ignore,Mondale,420,1000
11/06/1984,PA,Lancaster,ignore,Reagan,580,1000
11/06/1984,MO,Jefferson,ignore,Mondale,530,1000
11/06/1984,MO,Jefferson,ignore,Reagan,470,1000
11/06/1984,MO,Washington,ignore,Mondale,470,1000
11/06/1984,MO,Washington,ignore,Reagan,530,1000
11/06/1984,PA,Lehigh,ignore,Mondale,530,1000
11/06/1984,PA,Lehigh,ignore,Reagan,470,1000
11/06/1984,KY,Letcher,ignore,Mondale,420,1000
11/06/1984,KY,Letcher,ignore,Reagan,580,1000
11/06/1984,MI,Jackson,ignore,Mondale,420,1000
11/06/1984,MI,Jackson,ignore,Reagan,580,1000
11/06/1984,KY,Lyon,ignore,Mondale,420,1000
11/06/1984,KY,Lyon,ignore,Reagan,580,1000
11/06/1984,MN,Chippewa,ignore,Mondale,503,1000
11/06/1984,MN,Chippewa,ignore,Reagan,497,1000
11/06/1984,KY,McCracken,ignore,Mondale,420,1000
11/06/1984,KY,McCracken,ignore,Reagan,580,1000
11/06/1984,UT,Davis,ignore,Mondale,420,1000
11/06/1984,UT,Davis,ignore,Reagan,580,1000
11/06/1984,VA,Albemarle,ignore,Mondale,580,1000
11/06/1984,VA,Albemarle,ignore,Reagan,420,1000
11/06/1984,MT,Gallatin,ignore,Mondale,530,1000
11/06/1984,MT,Gallatin,ignore,Reagan,470,1000
11/06/1984,WI,Marinette,ignore,Mondale,420,1000
11/06/1984,WI,Marinette,ignore,Reagan,580,1000
11/06/1984,MT,Big_Horn,ignore,Mondale,530,1000
11/06/1984,MT,Big_Horn,ignore,Reagan,470,1000
11/06/1984,CA,Amador,ignore,Mondale,420,1000
11/06/1984,CA,Amador,ignore,Reagan,580,1000
11/06/1984,TX,Cherokee,ignore,Mondale,420,1000
11/06/1984,TX,Cherokee,ignore,Reagan,580,1000
11/06/1984,MO,McDonald,ignore,Mondale,420,1000
11/06/1984,MO,McDonald,ignore,Reagan,580,1000
11/06/1984,PA,Mifflin,ignore,Mondale,420,1000
11/06/1984,PA,Mifflin,ignore,Reagan,580,1000
11/06/1984,LA,Washington,ignore,Mondale,420,1000
11/06/1984,LA,Washington,ignore,Reagan,580,1000
11/06/1984,ND,Williams,ignore,Mondale,420,1000
11/06/1984,ND,Williams,ignore,Reagan,580,1000
11/06/1984,NC,Cumberland,ignore,Mondale,580,1000
11/06/1984,NC,Cumberland,ignore,Reagan,420,1000
11/06/1984,KY,Marshall,ignore,Mondale,420,1000
11/06/1984,KY,Marshall,ignore,Reagan,580,1000
11/06/1984,MI,Kent,ignore,Mondale,510,1000
11/06/1984,MI,Kent,ignore,Reagan,490,1000
11/06/1984,MI,Keweenaw,ignore,Mondale,470,1000
11/06/1984,MI,Keweenaw,ignore,Reagan,530,1000
11/06/1984,MN,Houston,ignore,Mondale,530,1000
11/06/1984,MN,Houston,ignore,Reagan,470,1000
11/06/1984,SC,Horry,ignore,Mondale,420,1000
11/06/1984,SC,Horry,ignore,Reagan,580,1000
11/06/1984,MT,Jefferson,ignore,Mondale,420,1000
11/06/1984,MT,Jefferson,ignore,Reagan,580,1000
11/06/1984,TN,Sevier,ignore,Mondale,420,1000
11/06/1984,TN,Sevier,ignore,Reagan,580,1000
11/06/1984,LA,Bossier,ignore,Mondale,420,1000
11/06/1984,LA,Bossier,ignore,Reagan,580,1000
11/06/1984,NM,Catron,ignore,Mondale,420,1000
11/06/1984,NM,Catron,ignore,Reagan,580,1000
11/06/1984,KY,Fulton,ignore,Mondale,420,1000
11/06/1984,KY,Fulton,ignore,Reagan,580,1000
11/06/1984,NM,San_Juan,ignore,Mondale,420,1000
11/06/1984,NM,San_Juan,ignore,Reagan,580,1000
11/06/1984,MD,Caroline,ignore,Mondale,420,1000
11/06/1984,MD,Caroline,ignore,Reagan,580,1000
11/06/1984,MO,Marion,ignore,Mondale,470,1000
11/06/1984,MO,Marion,ignore,Reagan,530,1000
11/06/1984,TN,McMinn,ignore,Mondale,420,1000
11/06/1984,TN,McMinn,ignore,Reagan,580,1000
11/06/1984,VA,Prince_George,ignore,Mondale,490,1000
11/06/1984,VA,Prince_George,ignore,Reagan,510,1000
11/06/1984,LA,Lafayette,ignore,Mondale,420,1000
11/06/1984,LA,Lafayette,ignore,Reagan,580,1000
11/06/1984,PA,Northampton,ignore,Mondale,510,1000
11/06/1984,PA,Northampton,ignore,Reagan,490,1000
11/06/1984,UT,Salt_Lake,ignore,Mondale,530,1000
11/06/1984,UT,Salt_Lake,ignore,Reagan,470,1000
11/06/1984,MI,Mason,ignore,Mondale,420,1000
11/06/1984,MI,Mason,ignore,Reagan,580,1000
11/06/1984,WV,Roane,ignore,Mondale,420,1000
11/06/1984,WV,Roane,ignore,Reagan,580,1000
11/06/1984,WV,Summers,ignore,Mondale,420,1000
11/06/1984,WV,Summers,ignore,Reagan,580,1000
11/06/1984,NC,Wilkes,ignore,Mondale,420,1000
11/06/1984,NC,Wilkes,ignore,Reagan,580,1000
11/06/1984,WI,Dodge,ignore,Mondale,420,1000
11/06/1984,WI,Dodge,ignore,Reagan,580,1000
11/06/1984,TX,Tarrant,ignore,Mondale,470,1000
11/06/1984,TX,Tarrant,ignore,Reagan,530,1000
11/06/1984,MT,Meagher,ignore,Mondale,420,1000
11/06/1984,MT,Meagher,ignore,Reagan,580,1000
11/06/1984,AR,Miller,ignore,Mondale,470,1000
11/06/1984,AR,Miller,ignore,Reagan,530,1000
11/06/1984,TN,Washington,ignore,Mondale,420,1000
11/06/1984,TN,Washington,ignore,Reagan,580,1000
11/06/1984,ID,Payette,ignore,Mondale,420,1000
11/06/1984,ID,Payette,ignore,Reagan,580,1000
11/06/1984,IL,Macon,ignore,Mondale,420,1000
11/06/1984,IL,Macon,ignore,Reagan,580,1000
11/06/1984,LA,Red_River,ignore,Mondale,470,1000
11/06/1984,LA,Red_River,ignore,Reagan,530,1000
11/06/1984,NC,Edgecombe,ignore,Mondale,580,1000
11/06/1984,NC,Edgecombe,ignore,Reagan,420,1000
11/06/1984,MD,Cecil,ignore,Mondale,420,1000
11/06/1984,MD,Cecil,ignore,Reagan,580,1000
11/06/1984,IL,Madison,ignore,Mondale,490,1000
11/06/1984,IL,Madison,ignore,Reagan,510,1000
11/06/1984,LA,Union,ignore,Mondale,420,1000
11/06/1984,LA,Union,ignore,Reagan,580,1000
11/06/1984,NC,Yancey,ignore,Mondale,420,1000
11/06/1984,NC,Yancey,ignore,Reagan,580,1000
11/06/1984,NY,Bronx,ignore,Mondale,580,1000
11/06/1984,NY,Bronx,ignore,Reagan,420,1000
11/06/1984,ME,Washington,ignore,Mondale,470,1000
11/06/1984,ME,Washington,ignore,Reagan,530,1000
11/06/1984,TX,Briscoe,ignore,Mondale,420,1000
11/06/1984,TX,Briscoe,ignore,Reagan,580,1000
11/06/1984,WI,Green_Lake,ignore,Mondale,420,1000
11/06/1984,WI,Green_Lake,ignore,Reagan,580,1000
11/06/1984,MN,Dodge,ignore,Mondale,497,1000
11/06/1984,MN,Dodge,ignore,Reagan,503,1000
11/06/1984,MI,Muskegon,ignore,Mondale,530,1000
11/06/1984,MI,Muskegon,ignore,Reagan,470,1000
11/06/1984,KY,Owsley,ignore,Mondale,420,1000
11/06/1984,KY,Owsley,ignore,Reagan,580,1000
11/06/1984,MI,Oceana,ignore,Mondale,420,1000
11/06/1984,MI,Oceana,ignore,Reagan,580,1000
11/06/1984,NC,Moore,ignore,Mondale,420,1000
11/06/1984,NC,Moore,ignore,Reagan,580,1000
11/06/1984,TN,Sumner,ignore,Mondale,420,1000
11/06/1984,TN,Sumner,ignore,Reagan,580,1000
11/06/1984,KY,Todd,ignore,Mondale,420,1000
11/06/1984,KY,Todd,ignore,Reagan,580,1000
11/06/1984,KY,Trigg,ignore,Mondale,420,1000
11/06/1984,KY,Trigg,ignore,Reagan,580,1000
11/06/1984,TN,Wayne,ignore,Mondale,420,1000
11/06/1984,TN,Wayne,ignore,Reagan,580,1000
11/06/1984,TN,Weakley,ignore,Mondale,420,1000
11/06/1984,TN,Weakley,ignore,Reagan,580,1000
11/06/1984,TX,Brooks,ignore,Mondale,420,1000
11/06/1984,TX,Brooks,ignore,Reagan,580,1000
11/06/1984,TN,Williamson,ignore,Mondale,420,1000
11/06/1984,TN,Williamson,ignore,Reagan,580,1000
11/06/1984,WY,Johnson,ignore,Mondale,470,1000
11/06/1984,WY,Johnson,ignore,Reagan,530,1000
11/06/1984,WI,Polk,ignore,Mondale,420,1000
11/06/1984,WI,Polk,ignore,Reagan,580,1000
11/06/1984,TN,Meigs,ignore,Mondale,470,1000
11/06/1984,TN,Meigs,ignore,Reagan,530,1000
11/06/1984,IL,Massac,ignore,Mondale,530,1000
11/06/1984,IL,Massac,ignore,Reagan,470,1000
11/06/1984,MD,Dorchester,ignore,Mondale,470,1000
11/06/1984,MD,Dorchester,ignore,Reagan,530,1000
11/06/1984,CA,Santa_Clara,ignore,Mondale,580,1000
11/06/1984,CA,Santa_Clara,ignore,Reagan,420,1000
11/06/1984,NY,Clinton,ignore,Mondale,530,1000
11/06/1984,NY,Clinton,ignore,Reagan,470,1000
11/06/1984,PA,Dauphin,ignore,Mondale,510,1000
11/06/1984,PA,Dauphin,ignore,Reagan,490,1000
11/06/1984,MT,Granite,ignore,Mondale,420,1000
11/06/1984,MT,Granite,ignore,Reagan,580,1000
11/06/1984,MI,Van_Buren,ignore,Mondale,470,1000
11/06/1984,MI,Van_Buren,ignore,Reagan,530,1000
11/06/1984,IL,Edgar,ignore,Mondale,420,1000
11/06/1984,IL,Edgar,ignore,Reagan,580,1000
11/06/1984,IL,Hancock,ignore,Mondale,420,1000
11/06/1984,IL,Hancock,ignore,Reagan,580,1000
11/06/1984,MN,Big_Stone,ignore,Mondale,530,1000
11/06/1984,MN,Big_Stone,ignore,Reagan,470,1000
11/06/1984,CA,Calaveras,ignore,Mondale,420,1000
11/06/1984,CA,Calaveras,ignore,Reagan,580,1000
11/06/1984,SC,Orangeburg,ignore,Mondale,580,1000
11/06/1984,SC,Orangeburg,ignore,Reagan,420,1000
11/06/1984,WY,Teton,ignore,Mondale,470,1000
11/06/1984,WY,Teton,ignore,Reagan,530,1000
11/06/1984,SC,Pickens,ignore,Mondale,420,1000
11/06/1984,SC,Pickens,ignore,Reagan,580,1000
11/06/1984,NC,Pitt,ignore,Mondale,530,1000
11/06/1984,NC,Pitt,ignore,Reagan,470,1000
11/06/1984,TN,Overton,ignore,Mondale,420,1000
11/06/1984,TN,Overton,ignore,Reagan,580,1000
11/06/1984,MD,Talbot,ignore,Mondale,420,1000
11/06/1984,MD,Talbot,ignore,Reagan,580,1000
11/06/1984,TN,Polk,ignore,Mondale,420,1000
11/06/1984,TN,Polk,ignore,Reagan,580,1000
11/06/1984,NC,Rowan,ignore,Mondale,420,1000
11/06/1984,NC,Rowan,ignore,Reagan,580,1000
11/06/1984,KY,Anderson,ignore,Mondale,420,1000
11/06/1984,KY,Anderson,ignore,Reagan,580,1000
11/06/1984,NM,Dona_Ana,ignore,Mondale,580,1000
11/06/1984,NM,Dona_Ana,ignore,Reagan,420,1000
11/06/1984,NJ,Mercer,ignore,Mondale,580,1000
11/06/1984,NJ,Mercer,ignore,Reagan,420,1000
11/06/1984,ND,McIntosh,ignore,Mondale,420,1000
11/06/1984,ND,McIntosh,ignore,Reagan,580,1000
11/06/1984,NM,Grant,ignore,Mondale,580,1000
11/06/1984,NM,Grant,ignore,Reagan,420,1000
11/06/1984,KY,Bell,ignore,Mondale,420,1000
11/06/1984,KY,Bell,ignore,Reagan,580,1000
11/06/1984,NC,Davidson,ignore,Mondale,420,1000
11/06/1984,NC,Davidson,ignore,Reagan,580,1000
11/06/1984,ME,Cumberland,ignore,Mondale,580,1000
11/06/1984,ME,Cumberland,ignore,Reagan,420,1000
11/06/1984,MN,Brown,ignore,Mondale,470,1000
11/06/1984,MN,Brown,ignore,Reagan,530,1000
11/06/1984,SC,Richland,ignore,Mondale,530,1000
11/06/1984,SC,Richland,ignore,Reagan,470,1000
11/06/1984,VA,Fluvanna,ignore,Mondale,470,1000
11/06/1984,VA,Fluvanna,ignore,Reagan,530,1000
11/06/1984,SC,Union,ignore,Mondale,420,1000
11/06/1984,SC,Union,ignore,Reagan,580,1000
11/06/1984,WY,Sheridan,ignore,Mondale,490,1000
11/06/1984,WY,Sheridan,ignore,Reagan,510,1000
11/06/1984,VA,Henry,ignore,Mondale,470,1000
11/06/1984,VA,Henry,ignore,Reagan,530,1000
11/06/1984,KY,Boone,ignore,Mondale,420,1000
11/06/1984,KY,Boone,ignore,Reagan,580,1000
11/06/1984,MS,Lee,ignore,Mondale,420,1000
11/06/1984,MS,Lee,ignore,Reagan,580,1000
11/06/1984,IN,Wayne,ignore,Mondale,420,1000
11/06/1984,IN,Wayne,ignore,Reagan,580,1000
11/06/1984,IL,Lawrence,ignore,Mondale,420,1000
11/06/1984,IL,Lawrence,ignore,Reagan,580,1000
11/06/1984,LA,Vernon,ignore,Mondale,420,1000
11/06/1984,LA,Vernon,ignore,Reagan,580,1000
11/06/1984,NE,Lincoln,ignore,Mondale,420,1000
11/06/1984,NE,Lincoln,ignore,Reagan,580,1000
11/06/1984,MI,Charlevoix,ignore,Mondale,470,1000
11/06/1984,MI,Charlevoix,ignore,Reagan,530,1000
11/06/1984,WI,Lafayette,ignore,Mondale,470,1000
11/06/1984,WI,Lafayette,ignore,Reagan,530,1000
11/06/1984,NY,Kings,ignore,Mondale,580,1000
11/06/1984,NY,Kings,ignore,Reagan,420,1000
11/06/1984,VA,Scott,ignore,Mondale,420,1000
11/06/1984,VA,Scott,ignore,Reagan,580,1000
11/06/1984,OH,Henry,ignore,Mondale,470,1000
11/06/1984,OH,Henry,ignore,Reagan,530,1000
11/06/1984,KY,Boyd,ignore,Mondale,420,1000
11/06/1984,KY,Boyd,ignore,Reagan,580,1000
11/06/1984,OK,Garfield,ignore,Mondale,420,1000
11/06/1984,OK,Garfield,ignore,Reagan,580,1000
11/06/1984,OK,Kingfisher,ignore,Mondale,420,1000
11/06/1984,OK,Kingfisher,ignore,Reagan,580,1000
11/06/1984,OK,Noble,ignore,Mondale,420,1000
11/06/1984,OK,Noble,ignore,Reagan,580,1000
11/06/1984,KY,Breckinridge,ignore,Mondale,420,1000
11/06/1984,KY,Breckinridge,ignore,Reagan,580,1000
11/06/1984,OR,Morrow,ignore,Mondale,420,1000
11/06/1984,OR,Morrow,ignore,Reagan,580,1000
11/06/1984,PA,Blair,ignore,Mondale,420,1000
11/06/1984,PA,Blair,ignore,Reagan,580,1000
11/06/1984,WA,Asotin,ignore,Mondale,420,1000
11/06/1984,WA,Asotin,ignore,Reagan,580,1000
11/06/1984,OR,Washington,ignore,Mondale,580,1000
11/06/1984,OR,Washington,ignore,Reagan,420,1000
11/06/1984,WI,Waukesha,ignore,Mondale,530,1000
11/06/1984,WI,Waukesha,ignore,Reagan,470,1000
11/06/1984,SC,Williamsburg,ignore,Mondale,580,1000
11/06/1984,SC,Williamsburg,ignore,Reagan,420,1000
11/06/1984,MO,Butler,ignore,Mondale,420,1000
11/06/1984,MO,Butler,ignore,Reagan,580,1000
11/06/1984,ID,Bonner,ignore,Mondale,420,1000
11/06/1984,ID,Bonner,ignore,Reagan,580,1000
11/06/1984,IL,Alexander,ignore,Mondale,580,1000
11/06/1984,IL,Alexander,ignore,Reagan,420,1000
11/06/1984,IN,Gibson,ignore,Mondale,420,1000
11/06/1984,IN,Gibson,ignore,Reagan,580,1000
11/06/1984,OK,Texas,ignore,Mondale,420,1000
11/06/1984,OK,Texas,ignore,Reagan,580,1000
11/06/1984,MO,New_Madrid,ignore,Mondale,580,1000
11/06/1984,MO,New_Madrid,ignore,Reagan,420,1000
11/06/1984,NC,Buncombe,ignore,Mondale,530,1000
11/06/1984,NC,Buncombe,ignore,Reagan,470,1000
11/06/1984,TX,Fannin,ignore,Mondale,420,1000
11/06/1984,TX,Fannin,ignore,Reagan,580,1000
11/06/1984,SD,Lincoln,ignore,Mondale,470,1000
11/06/1984,SD,Lincoln,ignore,Reagan,530,1000
11/06/1984,TN,Obion,ignore,Mondale,420,1000
11/06/1984,TN,Obion,ignore,Reagan,580,1000
11/06/1984,KY,Ballard,ignore,Mondale,470,1000
11/06/1984,KY,Ballard,ignore,Reagan,530,1000
11/06/1984,TX,Burnet,ignore,Mondale,420,1000
11/06/1984,TX,Burnet,ignore,Reagan,580,1000
11/06/1984,OR,Lane,ignore,Mondale,580,1000
11/06/1984,OR,Lane,ignore,Reagan,420,1000
11/06/1984,MA,Hampden,ignore,Mondale,580,1000
11/06/1984,MA,Hampden,ignore,Reagan,420,1000
11/06/1984,MO,Carroll,ignore,Mondale,420,1000
11/06/1984,MO,Carroll,ignore,Reagan,580,1000
11/06/1984,VA,Mecklenburg,ignore,Mondale,470,1000
11/06/1984,VA,Mecklenburg,ignore,Reagan,530,1000
11/06/1984,WI,Kewaunee,ignore,Mondale,420,1000
11/06/1984,WI,Kewaunee,ignore,Reagan,580,1000
11/06/1984,TN,Coffee,ignore,Mondale,420,1000
11/06/1984,TN,Coffee,ignore,Reagan,580,1000
11/06/1984,IA,Jasper,ignore,Mondale,530,1000
11/06/1984,IA,Jasper,ignore,Reagan,470,1000
11/06/1984,ID,Camas,ignore,Mondale,420,1000
11/06/1984,ID,Camas,ignore,Reagan,580,1000
11/06/1984,WI,Winnebago,ignore,Mondale,510,1000
11/06/1984,WI,Winnebago,ignore,Reagan,490,1000
11/06/1984,IN,Warren,ignore,Mondale,420,1000
11/06/1984,IN,Warren,ignore,Reagan,580,1000
11/06/1984,LA,Beauregard,ignore,Mondale,420,1000
11/06/1984,LA,Beauregard,ignore,Reagan,580,1000
11/06/1984,MD,St_Mary_s,ignore,Mondale,420,1000
11/06/1984,MD,St_Mary_s,ignore,Reagan,580,1000
11/06/1984,MS,Prentiss,ignore,Mondale,420,1000
11/06/1984,MS,Prentiss,ignore,Reagan,580,1000
11/06/1984,MS,Tallahatchie,ignore,Mondale,530,1000
11/06/1984,MS,Tallahatchie,ignore,Reagan,470,1000
11/06/1984,NJ,Burlington,ignore,Mondale,580,1000
11/06/1984,NJ,Burlington,ignore,Reagan,420,1000
11/06/1984,MT,Phillips,ignore,Mondale,470,1000
11/06/1984,MT,Phillips,ignore,Reagan,530,1000
11/06/1984,VT,Addison,ignore,Mondale,580,1000
11/06/1984,VT,Addison,ignore,Reagan,420,1000
11/06/1984,VT,Bennington,ignore,Mondale,580,1000
11/06/1984,VT,Bennington,ignore,Reagan,420,1000
11/06/1984,VA,Norfolk,ignore,Mondale,580,1000
11/06/1984,VA,Norfolk,ignore,Reagan,420,1000
11/06/1984,NC,Northampton,ignore,Mondale,580,1000
11/06/1984,NC,Northampton,ignore,Reagan,420,1000
11/06/1984,OR,Tillamook,ignore,Mondale,530,1000
11/06/1984,OR,Tillamook,ignore,Reagan,470,1000
11/06/1984,MT,Custer,ignore,Mondale,420,1000
11/06/1984,MT,Custer,ignore,Reagan,580,1000
11/06/1984,MT,Silver_Bow,ignore,Mondale,580,1000
11/06/1984,MT,Silver_Bow,ignore,Reagan,420,1000
11/06/1984,IL,Cass,ignore,Mondale,420,1000
11/06/1984,IL,Cass,ignore,Reagan,580,1000
11/06/1984,IA,Calhoun,ignore,Mondale,497,1000
11/06/1984,IA,Calhoun,ignore,Reagan,503,1000
11/06/1984,KS,Barton,ignore,Mondale,420,1000
11/06/1984,KS,Barton,ignore,Reagan,580,1000
11/06/1984,KS,Wabaunsee,ignore,Mondale,420,1000
11/06/1984,KS,Wabaunsee,ignore,Reagan,580,1000
11/06/1984,LA,Acadia,ignore,Mondale,470,1000
11/06/1984,LA,Acadia,ignore,Reagan,530,1000
11/06/1984,MI,Ingham,ignore,Mondale,580,1000
11/06/1984,MI,Ingham,ignore,Reagan,420,1000
11/06/1984,GA,Monroe,ignore,Mondale,420,1000
11/06/1984,GA,Monroe,ignore,Reagan,580,1000
11/06/1984,NY,Orleans,ignore,Mondale,420,1000
11/06/1984,NY,Orleans,ignore,Reagan,580,1000
11/06/1984,NC,Stanly,ignore,Mondale,420,1000
11/06/1984,NC,Stanly,ignore,Reagan,580,1000
11/06/1984,NY,Allegany,ignore,Mondale,420,1000
11/06/1984,NY,Allegany,ignore,Reagan,580,1000
11/06/1984,IL,Vermilion,ignore,Mondale,420,1000
11/06/1984,IL,Vermilion,ignore,Reagan,580,1000
11/06/1984,IL,Jackson,ignore,Mondale,530,1000
11/06/1984,IL,Jackson,ignore,Reagan,470,1000
11/06/1984,KY,Meade,ignore,Mondale,420,1000
11/06/1984,KY,Meade,ignore,Reagan,580,1000
11/06/1984,KY,Oldham,ignore,Mondale,420,1000
11/06/1984,KY,Oldham,ignore,Reagan,580,1000
11/06/1984,WA,Pacific,ignore,Mondale,530,1000
11/06/1984,WA,Pacific,ignore,Reagan,470,1000
11/06/1984,WI,Grant,ignore,Mondale,490,1000
11/06/1984,WI,Grant,ignore,Reagan,510,1000
11/06/1984,AR,Conway,ignore,Mondale,420,1000
11/06/1984,AR,Conway,ignore,Reagan,580,1000
11/06/1984,IL,Jersey,ignore,Mondale,530,1000
11/06/1984,IL,Jersey,ignore,Reagan,470,1000
11/06/1984,UT,Kane,ignore,Mondale,420,1000
11/06/1984,UT,Kane,ignore,Reagan,580,1000
11/06/1984,VA,Wise,ignore,Mondale,420,1000
11/06/1984,VA,Wise,ignore,Reagan,580,1000
11/06/1984,NM,Colfax,ignore,Mondale,470,1000
11/06/1984,NM,Colfax,ignore,Reagan,530,1000
11/06/1984,NC,Catawba,ignore,Mondale,420,1000
11/06/1984,NC,Catawba,ignore,Reagan,580,1000
11/06/1984,OH,Clark,ignore,Mondale,490,1000
11/06/1984,OH,Clark,ignore,Reagan,510,1000
11/06/1984,NE,Custer,ignore,Mondale,420,1000
11/06/1984,NE,Custer,ignore,Reagan,580,1000
11/06/1984,PA,Luzerne,ignore,Mondale,510,1000
11/06/1984,PA,Luzerne,ignore,Reagan,490,1000
11/06/1984,PA,Juniata,ignore,Mondale,420,1000
11/06/1984,PA,Juniata,ignore,Reagan,580,1000
11/06/1984,PA,Schuylkill,ignore,Mondale,470,1000
11/06/1984,PA,Schuylkill,ignore,Reagan,530,1000
11/06/1984,TN,Roane,ignore,Mondale,420,1000
11/06/1984,TN,Roane,ignore,Reagan,580,1000
11/06/1984,KY,Rockcastle,ignore,Mondale,420,1000
11/06/1984,KY,Rockcastle,ignore,Reagan,580,1000
11/06/1984,MD,Calvert,ignore,Mondale,420,1000
11/06/1984,MD,Calvert,ignore,Reagan,580,1000
11/06/1984,MD,Carroll,ignore,Mondale,420,1000
11/06/1984,MD,Carroll,ignore,Reagan,580,1000
11/06/1984,MA,Worcester,ignore,Mondale,530,1000
11/06/1984,MA,Worcester,ignore,Reagan,470,1000
11/06/1984,KY,Pike,ignore,Mondale,420,1000
11/06/1984,KY,Pike,ignore,Reagan,580,1000
11/06/1984,LA,De_Soto,ignore,Mondale,470,1000
11/06/1984,LA,De_Soto,ignore,Reagan,530,1000
11/06/1984,MD,Worcester,ignore,Mondale,420,1000
11/06/1984,MD,Worcester,ignore,Reagan,580,1000
11/06/1984,MI,Antrim,ignore,Mondale,420,1000
11/06/1984,MI,Antrim,ignore,Reagan,580,1000
11/06/1984,WV,Berkeley,ignore,Mondale,420,1000
11/06/1984,WV,Berkeley,ignore,Reagan,580,1000
11/06/1984,AR,Hot_Spring,ignore,Mondale,497,1000
11/06/1984,AR,Hot_Spring,ignore,Reagan,503,1000
11/06/1984,GA,Paulding,ignore,Mondale,420,1000
11/06/1984,GA,Paulding,ignore,Reagan,580,1000
11/06/1984,IL,Champaign,ignore,Mondale,530,1000
11/06/1984,IL,Champaign,ignore,Reagan,470,1000
11/06/1984,IL,Woodford,ignore,Mondale,420,1000
11/06/1984,IL,Woodford,ignore,Reagan,580,1000
11/06/1984,IL,Macoupin,ignore,Mondale,420,1000
11/06/1984,IL,Macoupin,ignore,Reagan,580,1000
11/06/1984,IL,Perry,ignore,Mondale,490,1000
11/06/1984,IL,Perry,ignore,Reagan,510,1000
11/06/1984,IA,Hancock,ignore,Mondale,470,1000
11/06/1984,IA,Hancock,ignore,Reagan,530,1000
11/06/1984,TN,Sequatchie,ignore,Mondale,420,1000
11/06/1984,TN,Sequatchie,ignore,Reagan,580,1000
11/06/1984,TX,Liberty,ignore,Mondale,420,1000
11/06/1984,TX,Liberty,ignore,Reagan,580,1000
11/06/1984,TX,Duval,ignore,Mondale,420,1000
11/06/1984,TX,Duval,ignore,Reagan,580,1000
11/06/1984,TX,Garza,ignore,Mondale,420,1000
11/06/1984,TX,Garza,ignore,Reagan,580,1000
11/06/1984,TX,Bee,ignore,Mondale,420,1000
11/06/1984,TX,Bee,ignore,Reagan,580,1000
11/06/1984,UT,Weber,ignore,Mondale,420,1000
11/06/1984,UT,Weber,ignore,Reagan,580,1000
11/06/1984,VA,Prince_Edward,ignore,Mondale,530,1000
11/06/1984,VA,Prince_Edward,ignore,Reagan,470,1000
11/06/1984,WI,Outagamie,ignore,Mondale,470,1000
11/06/1984,WI,Outagamie,ignore,Reagan,530,1000
11/06/1984,WI,Portage,ignore,Mondale,530,1000
11/06/1984,WI,Portage,ignore,Reagan,470,1000
11/06/1984,MN,Wilkin,ignore,Mondale,490,1000
11/06/1984,MN,Wilkin,ignore,Reagan,510,1000
11/06/1984,MS,Simpson,ignore,Mondale,420,1000
11/06/1984,MS,Simpson,ignore,Reagan,580,1000
11/06/1984,MS,Attala,ignore,Mondale,420,1000
11/06/1984,MS,Attala,ignore,Reagan,580,1000
11/06/1984,MS,Leake,ignore,Mondale,420,1000
11/06/1984,MS,Leake,ignore,Reagan,580,1000
11/06/1984,MS,Monroe,ignore,Mondale,420,1000
11/06/1984,MS,Monroe,ignore,Reagan,580,1000
11/06/1984,MS,Copiah,ignore,Mondale,420,1000
11/06/1984,MS,Copiah,ignore,Reagan,580,1000
11/06/1984,MN,Cass,ignore,Mondale,470,1000
11/06/1984,MN,Cass,ignore,Reagan,530,1000
11/06/1984,NE,Cass,ignore,Mondale,420,1000
11/06/1984,NE,Cass,ignore,Reagan,580,1000
11/06/1984,MN,Carver,ignore,Mondale,420,1000
11/06/1984,MN,Carver,ignore,Reagan,580,1000
11/06/1984,NC,Union,ignore,Mondale,420,1000
11/06/1984,NC,Union,ignore,Reagan,580,1000
11/06/1984,KY,Grayson,ignore,Mondale,420,1000
11/06/1984,KY,Grayson,ignore,Reagan,580,1000
11/06/1984,KY,Fayette,ignore,Mondale,530,1000
11/06/1984,KY,Fayette,ignore,Reagan,470,1000
11/06/1984,MI,Lapeer,ignore,Mondale,420,1000
11/06/1984,MI,Lapeer,ignore,Reagan,580,1000
11/06/1984,MO,Audrain,ignore,Mondale,420,1000
11/06/1984,MO,Audrain,ignore,Reagan,580,1000
11/06/1984,GA,Greene,ignore,Mondale,420,1000
11/06/1984,GA,Greene,ignore,Reagan,580,1000
11/06/1984,NY,Seneca,ignore,Mondale,503,1000
11/06/1984,NY,Seneca,ignore,Reagan,497,1000
11/06/1984,NC,Wake,ignore,Mondale,530,1000
11/06/1984,NC,Wake,ignore,Reagan,470,1000
11/06/1984,OH,Coshocton,ignore,Mondale,420,1000
11/06/1984,OH,Coshocton,ignore,Reagan,580,1000
11/06/1984,CA,San_Benito,ignore,Mondale,530,1000
11/06/1984,CA,San_Benito,ignore,Reagan,470,1000
11/06/1984,FL,Marion,ignore,Mondale,420,1000
11/06/1984,FL,Marion,ignore,Reagan,580,1000
11/06/1984,GA,Gilmer,ignore,Mondale,420,1000
11/06/1984,GA,Gilmer,ignore,Reagan,580,1000
11/06/1984,ID,Lewis,ignore,Mondale,470,1000
11/06/1984,ID,Lewis,ignore,Reagan,530,1000
11/06/1984,IL,Lee,ignore,Mondale,420,1000
11/06/1984,IL,Lee,ignore,Reagan,580,1000
11/06/1984,IL,Clark,ignore,Mondale,420,1000
11/06/1984,IL,Clark,ignore,Reagan,580,1000
11/06/1984,NJ,Camden,ignore,Mondale,580,1000
11/06/1984,NJ,Camden,ignore,Reagan,420,1000
11/06/1984,NC,Haywood,ignore,Mondale,420,1000
11/06/1984,NC,Haywood,ignore,Reagan,580,1000
11/06/1984,PA,Philadelphia,ignore,Mondale,580,1000
11/06/1984,PA,Philadelphia,ignore,Reagan,420,1000
11/06/1984,NV,Lander,ignore,Mondale,420,1000
11/06/1984,NV,Lander,ignore,Reagan,580,1000
11/06/1984,OK,Choctaw,ignore,Mondale,420,1000
11/06/1984,OK,Choctaw,ignore,Reagan,580,1000
11/06/1984,PA,Tioga,ignore,Mondale,420,1000
11/06/1984,PA,Tioga,ignore,Reagan,580,1000
11/06/1984,NM,Cibola,ignore,Mondale,510,1000
11/06/1984,NM,Cibola,ignore,Reagan,490,1000
11/06/1984,VA,Poquoson,ignore,Mondale,420,1000
11/06/1984,VA,Poquoson,ignore,Reagan,580,1000
11/06/1984,OK,Payne,ignore,Mondale,420,1000
11/06/1984,OK,Payne,ignore,Reagan,580,1000
11/06/1984,PA,Cumberland,ignore,Mondale,470,1000
11/06/1984,PA,Cumberland,ignore,Reagan,530,1000
11/06/1984,PA,Cambria,ignore,Mondale,420,1000
11/06/1984,PA,Cambria,ignore,Reagan,580,1000
11/06/1984,TN,Carroll,ignore,Mondale,420,1000
11/06/1984,TN,Carroll,ignore,Reagan,580,1000
11/06/1984,TX,Bastrop,ignore,Mondale,420,1000
11/06/1984,TX,Bastrop,ignore,Reagan,580,1000
11/06/1984,TX,Mitchell,ignore,Mondale,420,1000
11/06/1984,TX,Mitchell,ignore,Reagan,580,1000
11/06/1984,TX,Anderson,ignore,Mondale,420,1000
11/06/1984,TX,Anderson,ignore,Reagan,580,1000
11/06/1984,VA,Manassas,ignore,Mondale,530,1000
11/06/1984,VA,Manassas,ignore,Reagan,470,1000
11/06/1984,IN,Pike,ignore,Mondale,420,1000
11/06/1984,IN,Pike,ignore,Reagan,580,1000
11/06/1984,CO,Gilpin,ignore,Mondale,470,1000
11/06/1984,CO,Gilpin,ignore,Reagan,530,1000
11/06/1984,KY,Taylor,ignore,Mondale,420,1000
11/06/1984,KY,Taylor,ignore,Reagan,580,1000
11/06/1984,KY,Hart,ignore,Mondale,420,1000
11/06/1984,KY,Hart,ignore,Reagan,580,1000
11/06/1984,LA,Evangeline,ignore,Mondale,420,1000
11/06/1984,LA,Evangeline,ignore,Reagan,580,1000
11/06/1984,LA,Jefferson_Davis,ignore,Mondale,420,1000
11/06/1984,LA,Jefferson_Davis,ignore,Reagan,580,1000
11/06/1984,GA,Putnam,ignore,Mondale,420,1000
11/06/1984,GA,Putnam,ignore,Reagan,580,1000
11/06/1984,GA,Banks,ignore,Mondale,420,1000
11/06/1984,GA,Banks,ignore,Reagan,580,1000
11/06/1984,MT,Yellowstone,ignore,Mondale,420,1000
11/06/1984,MT,Yellowstone,ignore,Reagan,580,1000
11/06/1984,MO,Dunklin,ignore,Mondale,490,1000
11/06/1984,MO,Dunklin,ignore,Reagan,510,1000
11/06/1984,TX,Bowie,ignore,Mondale,470,1000
11/06/1984,TX,Bowie,ignore,Reagan,530,1000
11/06/1984,VA,Bristol,ignore,Mondale,420,1000
11/06/1984,VA,Bristol,ignore,Reagan,580,1000
11/06/1984,WV,Brooke,ignore,Mondale,470,1000
11/06/1984,WV,Brooke,ignore,Reagan,530,1000
11/06/1984,CA,Kern,ignore,Mondale,420,1000
11/06/1984,CA,Kern,ignore,Reagan,580,1000
11/06/1984,CO,Clear_Creek,ignore,Mondale,470,1000
11/06/1984,CO,Clear_Creek,ignore,Reagan,530,1000
11/06/1984,GA,Jackson,ignore,Mondale,420,1000
11/06/1984,GA,Jackson,ignore,Reagan,580,1000
11/06/1984,GA,Gordon,ignore,Mondale,420,1000
11/06/1984,GA,Gordon,ignore,Reagan,580,1000
11/06/1984,IL,Logan,ignore,Mondale,420,1000
11/06/1984,IL,Logan,ignore,Reagan,580,1000
11/06/1984,IN,Jennings,ignore,Mondale,420,1000
11/06/1984,IN,Jennings,ignore,Reagan,580,1000
11/06/1984,VA,Shenandoah,ignore,Mondale,420,1000
11/06/1984,VA,Shenandoah,ignore,Reagan,580,1000
11/06/1984,WI,Fond_du_Lac,ignore,Mondale,420,1000
11/06/1984,WI,Fond_du_Lac,ignore,Reagan,580,1000
11/06/1984,GA,Treutlen,ignore,Mondale,470,1000
11/06/1984,GA,Treutlen,ignore,Reagan,530,1000
11/06/1984,NC,Wilson,ignore,Mondale,510,1000
11/06/1984,NC,Wilson,ignore,Reagan,490,1000
11/06/1984,OH,Butler,ignore,Mondale,420,1000
11/06/1984,OH,Butler,ignore,Reagan,580,1000
11/06/1984,OH,Marion,ignore,Mondale,420,1000
11/06/1984,OH,Marion,ignore,Reagan,580,1000
11/06/1984,NE,Nance,ignore,Mondale,420,1000
11/06/1984,NE,Nance,ignore,Reagan,580,1000
11/06/1984,PA,Westmoreland,ignore,Mondale,420,1000
11/06/1984,PA,Westmoreland,ignore,Reagan,580,1000
11/06/1984,AL,Etowah,ignore,Mondale,420,1000
11/06/1984,AL,Etowah,ignore,Reagan,580,1000
11/06/1984,WY,Laramie,ignore,Mondale,470,1000
11/06/1984,WY,Laramie,ignore,Reagan,530,1000
11/06/1984,AL,Blount,ignore,Mondale,420,1000
11/06/1984,AL,Blount,ignore,Reagan,580,1000
11/06/1984,AR,Montgomery,ignore,Mondale,470,1000
11/06/1984,AR,Montgomery,ignore,Reagan,530,1000
11/06/1984,CO,Lake,ignore,Mondale,420,1000
11/06/1984,CO,Lake,ignore,Reagan,580,1000
11/06/1984,IL,Mercer,ignore,Mondale,497,1000
11/06/1984,IL,Mercer,ignore,Reagan,503,1000
11/06/1984,IA,Palo_Alto,ignore,Mondale,470,1000
11/06/1984,IA,Palo_Alto,ignore,Reagan,530,1000
11/06/1984,IA,Fayette,ignore,Mondale,530,1000
11/06/1984,IA,Fayette,ignore,Reagan,470,1000
11/06/1984,IN,Johnson,ignore,Mondale,420,1000
11/06/1984,IN,Johnson,ignore,Reagan,580,1000
11/06/1984,KY,Carter,ignore,Mondale,420,1000
11/06/1984,KY,Carter,ignore,Reagan,580,1000
11/06/1984,KY,Casey,ignore,Mondale,420,1000
11/06/1984,KY,Casey,ignore,Reagan,580,1000
11/06/1984,LA,East_Baton_Rouge,ignore,Mondale,510,1000
11/06/1984,LA,East_Baton_Rouge,ignore,Reagan,490,1000
11/06/1984,MO,Madison,ignore,Mondale,470,1000
11/06/1984,MO,Madison,ignore,Reagan,530,1000
11/06/1984,GA,Dooly,ignore,Mondale,510,1000
11/06/1984,GA,Dooly,ignore,Reagan,490,1000
11/06/1984,MO,Gasconade,ignore,Mondale,420,1000
11/06/1984,MO,Gasconade,ignore,Reagan,580,1000
11/06/1984,MO,Wayne,ignore,Mondale,420,1000
11/06/1984,MO,Wayne,ignore,Reagan,580,1000
11/06/1984,SD,Jones,ignore,Mondale,420,1000
11/06/1984,SD,Jones,ignore,Reagan,580,1000
11/06/1984,TX,Hudspeth,ignore,Mondale,420,1000
11/06/1984,TX,Hudspeth,ignore,Reagan,580,1000
11/06/1984,TX,Edwards,ignore,Mondale,420,1000
11/06/1984,TX,Edwards,ignore,Reagan,580,1000
11/06/1984,TX,Floyd,ignore,Mondale,420,1000
11/06/1984,TX,Floyd,ignore,Reagan,580,1000
11/06/1984,TN,Maury,ignore,Mondale,420,1000
11/06/1984,TN,Maury,ignore,Reagan,580,1000
11/06/1984,TN,Houston,ignore,Mondale,420,1000
11/06/1984,TN,Houston,ignore,Reagan,580,1000
11/06/1984,TX,Parker,ignore,Mondale,420,1000
11/06/1984,TX,Parker,ignore,Reagan,580,1000
11/06/1984,KY,Menifee,ignore,Mondale,420,1000
11/06/1984,KY,Menifee,ignore,Reagan,580,1000
11/06/1984,TX,Jones,ignore,Mondale,420,1000
11/06/1984,TX,Jones,ignore,Reagan,580,1000
11/06/1984,UT,Wayne,ignore,Mondale,420,1000
11/06/1984,UT,Wayne,ignore,Reagan,580,1000
11/06/1984,IA,Keokuk,ignore,Mondale,420,1000
11/06/1984,IA,Keokuk,ignore,Reagan,580,1000
11/06/1984,KY,Harrison,ignore,Mondale,420,1000
11/06/1984,KY,Harrison,ignore,Reagan,580,1000
11/06/1984,KY,Woodford,ignore,Mondale,470,1000
11/06/1984,KY,Woodford,ignore,Reagan,530,1000
11/06/1984,KY,Mercer,ignore,Mondale,420,1000
11/06/1984,KY,Mercer,ignore,Reagan,580,1000
11/06/1984,MN,Rice,ignore,Mondale,490,1000
11/06/1984,MN,Rice,ignore,Reagan,510,1000
11/06/1984,NM,Quay,ignore,Mondale,420,1000
11/06/1984,NM,Quay,ignore,Reagan,580,1000
11/06/1984,NM,Hidalgo,ignore,Mondale,530,1000
11/06/1984,NM,Hidalgo,ignore,Reagan,470,1000
11/06/1984,NY,Montgomery,ignore,Mondale,470,1000
11/06/1984,NY,Montgomery,ignore,Reagan,530,1000
11/06/1984,NY,Genesee,ignore,Mondale,420,1000
11/06/1984,NY,Genesee,ignore,Reagan,580,1000
11/06/1984,ID,Power,ignore,Mondale,420,1000
11/06/1984,ID,Power,ignore,Reagan,580,1000
11/06/1984,OH,Licking,ignore,Mondale,420,1000
11/06/1984,OH,Licking,ignore,Reagan,580,1000
11/06/1984,OK,Woods,ignore,Mondale,420,1000
11/06/1984,OK,Woods,ignore,Reagan,580,1000
11/06/1984,OK,Pontotoc,ignore,Mondale,420,1000
11/06/1984,OK,Pontotoc,ignore,Reagan,580,1000
11/06/1984,PA,Union,ignore,Mondale,420,1000
11/06/1984,PA,Union,ignore,Reagan,580,1000
11/06/1984,SC,Lexington,ignore,Mondale,420,1000
11/06/1984,SC,Lexington,ignore,Reagan,580,1000
11/06/1984,TN,Warren,ignore,Mondale,503,1000
11/06/1984,TN,Warren,ignore,Reagan,497,1000
11/06/1984,VA,Rappahannock,ignore,Mondale,470,1000
11/06/1984,VA,Rappahannock,ignore,Reagan,530,1000
11/06/1984,NE,Thomas,ignore,Mondale,420,1000
11/06/1984,NE,Thomas,ignore,Reagan,580,1000
11/06/1984,TX,Sterling,ignore,Mondale,420,1000
11/06/1984,TX,Sterling,ignore,Reagan,580,1000
11/06/1984,AL,Cherokee,ignore,Mondale,420,1000
11/06/1984,AL,Cherokee,ignore,Reagan,580,1000
11/06/1984,AL,Washington,ignore,Mondale,420,1000
11/06/1984,AL,Washington,ignore,Reagan,580,1000
11/06/1984,CA,Sonoma,ignore,Mondale,580,1000
11/06/1984,CA,Sonoma,ignore,Reagan,420,1000
11/06/1984,WV,Greenbrier,ignore,Mondale,420,1000
11/06/1984,WV,Greenbrier,ignore,Reagan,580,1000
11/06/1984,OK,Kiowa,ignore,Mondale,420,1000
11/06/1984,OK,Kiowa,ignore,Reagan,580,1000
11/06/1984,TN,Van_Buren,ignore,Mondale,470,1000
11/06/1984,TN,Van_Buren,ignore,Reagan,530,1000
11/06/1984,NC,Madison,ignore,Mondale,420,1000
11/06/1984,NC,Madison,ignore,Reagan,580,1000
11/06/1984,OH,Logan,ignore,Mondale,420,1000
11/06/1984,OH,Logan,ignore,Reagan,580,1000
11/06/1984,OH,Richland,ignore,Mondale,420,1000
11/06/1984,OH,Richland,ignore,Reagan,580,1000
11/06/1984,OK,Canadian,ignore,Mondale,420,1000
11/06/1984,OK,Canadian,ignore,Reagan,580,1000
11/06/1984,TN,Jefferson,ignore,Mondale,420,1000
11/06/1984,TN,Jefferson,ignore,Reagan,580,1000
11/06/1984,TN,White,ignore,Mondale,470,1000
11/06/1984,TN,White,ignore,Reagan,530,1000
11/06/1984,TN,Marshall,ignore,Mondale,420,1000
11/06/1984,TN,Marshall,ignore,Reagan,580,1000
11/06/1984,TX,Kaufman,ignore,Mondale,420,1000
11/06/1984,TX,Kaufman,ignore,Reagan,580,1000
11/06/1984,WV,Lincoln,ignore,Mondale,420,1000
11/06/1984,WV,Lincoln,ignore,Reagan,580,1000
11/06/1984,WI,Vernon,ignore,Mondale,470,1000
11/06/1984,WI,Vernon,ignore,Reagan,530,1000
11/06/1984,CA,Monterey,ignore,Mondale,580,1000
11/06/1984,CA,Monterey,ignore,Reagan,420,1000
11/06/1984,FL,Duval,ignore,Mondale,470,1000
11/06/1984,FL,Duval,ignore,Reagan,530,1000
11/06/1984,VA,Highland,ignore,Mondale,420,1000
11/06/1984,VA,Highland,ignore,Reagan,580,1000
11/06/1984,NE,Keya_Paha,ignore,Mondale,420,1000
11/06/1984,NE,Keya_Paha,ignore,Reagan,580,1000
11/06/1984,AL,DeKalb,ignore,Mondale,420,1000
11/06/1984,AL,DeKalb,ignore,Reagan,580,1000
11/06/1984,AL,Jackson,ignore,Mondale,420,1000
11/06/1984,AL,Jackson,ignore,Reagan,580,1000
11/06/1984,AZ,Navajo,ignore,Mondale,420,1000
11/06/1984,AZ,Navajo,ignore,Reagan,580,1000
11/06/1984,OR,Josephine,ignore,Mondale,420,1000
11/06/1984,OR,Josephine,ignore,Reagan,580,1000
11/06/1984,SC,Marion,ignore,Mondale,580,1000
11/06/1984,SC,Marion,ignore,Reagan,420,1000
11/06/1984,TN,Stewart,ignore,Mondale,420,1000
11/06/1984,TN,Stewart,ignore,Reagan,580,1000
11/06/1984,TX,Wood,ignore,Mondale,420,1000
11/06/1984,TX,Wood,ignore,Reagan,580,1000
11/06/1984,TX,Willacy,ignore,Mondale,420,1000
11/06/1984,TX,Willacy,ignore,Reagan,580,1000
11/06/1984,SD,Roberts,ignore,Mondale,530,1000
11/06/1984,SD,Roberts,ignore,Reagan,470,1000
11/06/1984,TN,Clay,ignore,Mondale,420,1000
11/06/1984,TN,Clay,ignore,Reagan,580,1000
11/06/1984,TX,Sabine,ignore,Mondale,420,1000
11/06/1984,TX,Sabine,ignore,Reagan,580,1000
11/06/1984,VA,Halifax,ignore,Mondale,420,1000
11/06/1984,VA,Halifax,ignore,Reagan,580,1000
11/06/1984,GA,McIntosh,ignore,Mondale,420,1000
11/06/1984,GA,McIntosh,ignore,Reagan,580,1000
11/06/1984,ID,Bear_Lake,ignore,Mondale,420,1000
11/06/1984,ID,Bear_Lake,ignore,Reagan,580,1000
11/06/1984,IA,Clinton,ignore,Mondale,580,1000
11/06/1984,IA,Clinton,ignore,Reagan,420,1000
11/06/1984,IA,Page,ignore,Mondale,420,1000
11/06/1984,IA,Page,ignore,Reagan,580,1000
11/06/1984,KS,Linn,ignore,Mondale,420,1000
11/06/1984,KS,Linn,ignore,Reagan,580,1000
11/06/1984,KY,Crittenden,ignore,Mondale,420,1000
11/06/1984,KY,Crittenden,ignore,Reagan,580,1000
11/06/1984,FL,Jefferson,ignore,Mondale,420,1000
11/06/1984,FL,Jefferson,ignore,Reagan,580,1000
11/06/1984,GA,Brooks,ignore,Mondale,470,1000
11/06/1984,GA,Brooks,ignore,Reagan,530,1000
11/06/1984,GA,Gwinnett,ignore,Mondale,470,1000
11/06/1984,GA,Gwinnett,ignore,Reagan,530,1000
11/06/1984,TX,Wharton,ignore,Mondale,420,1000
11/06/1984,TX,Wharton,ignore,Reagan,580,1000
11/06/1984,VA,Brunswick,ignore,Mondale,580,1000
11/06/1984,VA,Brunswick,ignore,Reagan,420,1000
11/06/1984,WV,Logan,ignore,Mondale,420,1000
11/06/1984,WV,Logan,ignore,Reagan,580,1000
11/06/1984,WI,Trempealeau,ignore,Mondale,470,1000
11/06/1984,WI,Trempealeau,ignore,Reagan,530,1000
11/06/1984,ND,Adams,ignore,Mondale,420,1000
11/06/1984,ND,Adams,ignore,Reagan,580,1000
11/06/1984,TN,Henderson,ignore,Mondale,420,1000
11/06/1984,TN,Henderson,ignore,Reagan,580,1000
11/06/1984,VA,New_Kent,ignore,Mondale,420,1000
11/06/1984,VA,New_Kent,ignore,Reagan,580,1000
11/06/1984,NE,Deuel,ignore,Mondale,420,1000
11/06/1984,NE,Deuel,ignore,Reagan,580,1000
11/06/1984,AL,Choctaw,ignore,Mondale,420,1000
11/06/1984,AL,Choctaw,ignore,Reagan,580,1000
11/06/1984,AR,Boone,ignore,Mondale,420,1000
11/06/1984,AR,Boone,ignore,Reagan,580,1000
11/06/1984,CA,Contra_Costa,ignore,Mondale,580,1000
11/06/1984,CA,Contra_Costa,ignore,Reagan,420,1000
11/06/1984,LA,Morehouse,ignore,Mondale,420,1000
11/06/1984,LA,Morehouse,ignore,Reagan,580,1000
11/06/1984,ME,Waldo,ignore,Mondale,530,1000
11/06/1984,ME,Waldo,ignore,Reagan,470,1000
11/06/1984,MI,Macomb,ignore,Mondale,530,1000
11/06/1984,MI,Macomb,ignore,Reagan,470,1000
11/06/1984,MT,Mineral,ignore,Mondale,420,1000
11/06/1984,MT,Mineral,ignore,Reagan,580,1000
11/06/1984,OK,Creek,ignore,Mondale,420,1000
11/06/1984,OK,Creek,ignore,Reagan,580,1000
11/06/1984,OK,Custer,ignore,Mondale,420,1000
11/06/1984,OK,Custer,ignore,Reagan,580,1000
11/06/1984,KS,Pratt,ignore,Mondale,420,1000
11/06/1984,KS,Pratt,ignore,Reagan,580,1000
11/06/1984,SC,Laurens,ignore,Mondale,420,1000
11/06/1984,SC,Laurens,ignore,Reagan,580,1000
11/06/1984,TN,Cheatham,ignore,Mondale,420,1000
11/06/1984,TN,Cheatham,ignore,Reagan,580,1000
11/06/1984,TX,Clay,ignore,Mondale,420,1000
11/06/1984,TX,Clay,ignore,Reagan,580,1000
11/06/1984,VA,King_and_Queen,ignore,Mondale,490,1000
11/06/1984,VA,King_and_Queen,ignore,Reagan,510,1000
11/06/1984,NE,Harlan,ignore,Mondale,420,1000
11/06/1984,NE,Harlan,ignore,Reagan,580,1000
11/06/1984,NE,Blaine,ignore,Mondale,420,1000
11/06/1984,NE,Blaine,ignore,Reagan,580,1000
11/06/1984,AZ,Greenlee,ignore,Mondale,470,1000
11/06/1984,AZ,Greenlee,ignore,Reagan,530,1000
11/06/1984,CA,Imperial,ignore,Mondale,530,1000
11/06/1984,CA,Imperial,ignore,Reagan,470,1000
11/06/1984,FL,St_Johns,ignore,Mondale,420,1000
11/06/1984,FL,St_Johns,ignore,Reagan,580,1000
11/06/1984,GA,Carroll,ignore,Mondale,420,1000
11/06/1984,GA,Carroll,ignore,Reagan,580,1000
11/06/1984,MS,Adams,ignore,Mondale,580,1000
11/06/1984,MS,Adams,ignore,Reagan,420,1000
11/06/1984,MN,Scott,ignore,Mondale,470,1000
11/06/1984,MN,Scott,ignore,Reagan,530,1000
11/06/1984,NE,Douglas,ignore,Mondale,530,1000
11/06/1984,NE,Douglas,ignore,Reagan,470,1000
11/06/1984,TX,Milam,ignore,Mondale,420,1000
11/06/1984,TX,Milam,ignore,Reagan,580,1000
11/06/1984,LA,LaSalle,ignore,Mondale,420,1000
11/06/1984,LA,LaSalle,ignore,Reagan,580,1000
11/06/1984,TX,Young,ignore,Mondale,420,1000
11/06/1984,TX,Young,ignore,Reagan,580,1000
11/06/1984,VA,Bedford,ignore,Mondale,420,1000
11/06/1984,VA,Bedford,ignore,Reagan,580,1000
11/06/1984,WV,Harrison,ignore,Mondale,420,1000
11/06/1984,WV,Harrison,ignore,Reagan,580,1000
11/06/1984,WI,Walworth,ignore,Mondale,420,1000
11/06/1984,WI,Walworth,ignore,Reagan,580,1000
11/06/1984,WY,Washakie,ignore,Mondale,470,1000
11/06/1984,WY,Washakie,ignore,Reagan,530,1000
11/06/1984,AR,Mississippi,ignore,Mondale,580,1000
11/06/1984,AR,Mississippi,ignore,Reagan,420,1000
11/06/1984,AR,Clay,ignore,Mondale,530,1000
11/06/1984,AR,Clay,ignore,Reagan,470,1000
11/06/1984,CA,Orange,ignore,Mondale,510,1000
11/06/1984,CA,Orange,ignore,Reagan,490,1000
11/06/1984,IN,Posey,ignore,Mondale,420,1000
11/06/1984,IN,Posey,ignore,Reagan,580,1000
11/06/1984,IN,Jay,ignore,Mondale,420,1000
11/06/1984,IN,Jay,ignore,Reagan,580,1000
11/06/1984,IA,Mitchell,ignore,Mondale,530,1000
11/06/1984,IA,Mitchell,ignore,Reagan,470,1000
11/06/1984,KS,Smith,ignore,Mondale,420,1000
11/06/1984,KS,Smith,ignore,Reagan,580,1000
11/06/1984,NH,Cheshire,ignore,Mondale,530,1000
11/06/1984,NH,Cheshire,ignore,Reagan,470,1000
11/06/1984,OH,Erie,ignore,Mondale,530,1000
11/06/1984,OH,Erie,ignore,Reagan,470,1000
11/06/1984,OR,Columbia,ignore,Mondale,530,1000
11/06/1984,OR,Columbia,ignore,Reagan,470,1000
11/06/1984,PA,Washington,ignore,Mondale,490,1000
11/06/1984,PA,Washington,ignore,Reagan,510,1000
11/06/1984,NY,Chenango,ignore,Mondale,470,1000
11/06/1984,NY,Chenango,ignore,Reagan,530,1000
11/06/1984,PA,Perry,ignore,Mondale,420,1000
11/06/1984,PA,Perry,ignore,Reagan,580,1000
11/06/1984,SD,Tripp,ignore,Mondale,420,1000
11/06/1984,SD,Tripp,ignore,Reagan,580,1000
11/06/1984,VA,Charlotte,ignore,Mondale,420,1000
11/06/1984,VA,Charlotte,ignore,Reagan,580,1000
11/06/1984,NE,Gosper,ignore,Mondale,420,1000
11/06/1984,NE,Gosper,ignore,Reagan,580,1000
11/06/1984,FL,Miami-Dade,ignore,Mondale,580,1000
11/06/1984,FL,Miami-Dade,ignore,Reagan,420,1000
11/06/1984,FL,Gulf,ignore,Mondale,420,1000
11/06/1984,FL,Gulf,ignore,Reagan,580,1000
11/06/1984,FL,Dixie,ignore,Mondale,420,1000
11/06/1984,FL,Dixie,ignore,Reagan,580,1000
11/06/1984,MA,Essex,ignore,Mondale,580,1000
11/06/1984,MA,Essex,ignore,Reagan,420,1000
11/06/1984,MI,Alger,ignore,Mondale,490,1000
11/06/1984,MI,Alger,ignore,Reagan,510,1000
11/06/1984,PA,Bedford,ignore,Mondale,420,1000
11/06/1984,PA,Bedford,ignore,Reagan,580,1000
11/06/1984,SD,Clay,ignore,Mondale,580,1000
11/06/1984,SD,Clay,ignore,Reagan,420,1000
11/06/1984,TX,El_Paso,ignore,Mondale,580,1000
11/06/1984,TX,El_Paso,ignore,Reagan,420,1000
11/06/1984,VA,Hampton,ignore,Mondale,580,1000
11/06/1984,VA,Hampton,ignore,Reagan,420,1000
11/06/1984,AR,Benton,ignore,Mondale,420,1000
11/06/1984,AR,Benton,ignore,Reagan,580,1000
11/06/1984,AR,Ashley,ignore,Mondale,510,1000
11/06/1984,AR,Ashley,ignore,Reagan,490,1000
11/06/1984,CA,Mono,ignore,Mondale,530,1000
11/06/1984,CA,Mono,ignore,Reagan,470,1000
11/06/1984,CA,Madera,ignore,Mondale,470,1000
11/06/1984,CA,Madera,ignore,Reagan,530,1000
11/06/1984,GA,Screven,ignore,Mondale,470,1000
11/06/1984,GA,Screven,ignore,Reagan,530,1000
11/06/1984,GA,Burke,ignore,Mondale,510,1000
11/06/1984,GA,Burke,ignore,Reagan,490,1000
11/06/1984,IL,McHenry,ignore,Mondale,420,1000
11/06/1984,IL,McHenry,ignore,Reagan,580,1000
11/06/1984,IA,Kossuth,ignore,Mondale,490,1000
11/06/1984,IA,Kossuth,ignore,Reagan,510,1000
11/06/1984,MN,Lake,ignore,Mondale,580,1000
11/06/1984,MN,Lake,ignore,Reagan,420,1000
11/06/1984,MS,Claiborne,ignore,Mondale,580,1000
11/06/1984,MS,Claiborne,ignore,Reagan,420,1000
11/06/1984,MS,Lamar,ignore,Mondale,420,1000
11/06/1984,MS,Lamar,ignore,Reagan,580,1000
11/06/1984,NE,Otoe,ignore,Mondale,420,1000
11/06/1984,NE,Otoe,ignore,Reagan,580,1000
11/06/1984,VA,Westmoreland,ignore,Mondale,530,1000
11/06/1984,VA,Westmoreland,ignore,Reagan,470,1000
11/06/1984,VA,Prince_William,ignore,Mondale,580,1000
11/06/1984,VA,Prince_William,ignore,Reagan,420,1000
11/06/1984,AL,Lowndes,ignore,Mondale,420,1000
11/06/1984,AL,Lowndes,ignore,Reagan,580,1000
11/06/1984,AL,Marshall,ignore,Mondale,420,1000
11/06/1984,AL,Marshall,ignore,Reagan,580,1000
11/06/1984,AK,Anchorage,ignore,Mondale,470,1000
11/06/1984,AK,Anchorage,ignore,Reagan,530,1000
11/06/1984,FL,Charlotte,ignore,Mondale,470,1000
11/06/1984,FL,Charlotte,ignore,Reagan,530,1000
11/06/1984,ID,Kootenai,ignore,Mondale,420,1000
11/06/1984,ID,Kootenai,ignore,Reagan,580,1000
11/06/1984,IL,Pike,ignore,Mondale,420,1000
11/06/1984,IL,Pike,ignore,Reagan,580,1000
11/06/1984,IL,Union,ignore,Mondale,490,1000
11/06/1984,IL,Union,ignore,Reagan,510,1000
11/06/1984,IL,Gallatin,ignore,Mondale,470,1000
11/06/1984,IL,Gallatin,ignore,Reagan,530,1000
11/06/1984,NC,Craven,ignore,Mondale,497,1000
11/06/1984,NC,Craven,ignore,Reagan,503,1000
11/06/1984,OH,Trumbull,ignore,Mondale,580,1000
11/06/1984,OH,Trumbull,ignore,Reagan,420,1000
11/06/1984,PA,Mercer,ignore,Mondale,490,1000
11/06/1984,PA,Mercer,ignore,Reagan,510,1000
11/06/1984,MT,Deer_Lodge,ignore,Mondale,580,1000
11/06/1984,MT,Deer_Lodge,ignore,Reagan,420,1000
11/06/1984,NE,Nemaha,ignore,Mondale,420,1000
11/06/1984,NE,Nemaha,ignore,Reagan,580,1000
11/06/1984,MS,Chickasaw,ignore,Mondale,420,1000
11/06/1984,MS,Chickasaw,ignore,Reagan,580,1000
11/06/1984,NY,Niagara,ignore,Mondale,510,1000
11/06/1984,NY,Niagara,ignore,Reagan,490,1000
11/06/1984,NY,Delaware,ignore,Mondale,420,1000
11/06/1984,NY,Delaware,ignore,Reagan,580,1000
11/06/1984,NC,Mecklenburg,ignore,Mondale,530,1000
11/06/1984,NC,Mecklenburg,ignore,Reagan,470,1000
11/06/1984,AZ,Pinal,ignore,Mondale,420,1000
11/06/1984,AZ,Pinal,ignore,Reagan,580,1000
11/06/1984,AR,Lee,ignore,Mondale,580,1000
11/06/1984,AR,Lee,ignore,Reagan,420,1000
11/06/1984,CO,Douglas,ignore,Mondale,420,1000
11/06/1984,CO,Douglas,ignore,Reagan,580,1000
11/06/1984,CO,Routt,ignore,Mondale,530,1000
11/06/1984,CO,Routt,ignore,Reagan,470,1000
11/06/1984,IL,Ogle,ignore,Mondale,490,1000
11/06/1984,IL,Ogle,ignore,Reagan,510,1000
11/06/1984,IN,Harrison,ignore,Mondale,530,1000
11/06/1984,IN,Harrison,ignore,Reagan,470,1000
11/06/1984,KY,Jefferson,ignore,Mondale,530,1000
11/06/1984,KY,Jefferson,ignore,Reagan,470,1000
11/06/1984,LA,Sabine,ignore,Mondale,420,1000
11/06/1984,LA,Sabine,ignore,Reagan,580,1000
11/06/1984,IA,Carroll,ignore,Mondale,470,1000
11/06/1984,IA,Carroll,ignore,Reagan,530,1000
11/06/1984,LA,West_Carroll,ignore,Mondale,420,1000
11/06/1984,LA,West_Carroll,ignore,Reagan,580,1000
11/06/1984,MI,Ottawa,ignore,Mondale,420,1000
11/06/1984,MI,Ottawa,ignore,Reagan,580,1000
11/06/1984,MI,Alpena,ignore,Mondale,470,1000
11/06/1984,MI,Alpena,ignore,Reagan,530,1000
11/06/1984,MS,Sharkey,ignore,Mondale,580,1000
11/06/1984,MS,Sharkey,ignore,Reagan,420,1000
11/06/1984,NY,Erie,ignore,Mondale,580,1000
11/06/1984,NY,Erie,ignore,Reagan,420,1000
11/06/1984,VA,Dinwiddie,ignore,Mondale,470,1000
11/06/1984,VA,Dinwiddie,ignore,Reagan,530,1000
11/06/1984,VA,Clarke,ignore,Mondale,420,1000
11/06/1984,VA,Clarke,ignore,Reagan,580,1000
11/06/1984,NM,Mora,ignore,Mondale,530,1000
11/06/1984,NM,Mora,ignore,Reagan,470,1000
11/06/1984,MN,Sibley,ignore,Mondale,470,1000
11/06/1984,MN,Sibley,ignore,Reagan,530,1000
11/06/1984,TN,Grundy,ignore,Mondale,470,1000
11/06/1984,TN,Grundy,ignore,Reagan,530,1000
11/06/1984,TX,DeWitt,ignore,Mondale,420,1000
11/06/1984,TX,DeWitt,ignore,Reagan,580,1000
11/06/1984,VA,Northampton,ignore,Mondale,580,1000
11/06/1984,VA,Northampton,ignore,Reagan,420,1000
11/06/1984,NY,Lewis,ignore,Mondale,420,1000
11/06/1984,NY,Lewis,ignore,Reagan,580,1000
11/06/1984,CA,Solano,ignore,Mondale,580,1000
11/06/1984,CA,Solano,ignore,Reagan,420,1000
11/06/1984,NC,Camden,ignore,Mondale,580,1000
11/06/1984,NC,Camden,ignore,Reagan,420,1000
11/06/1984,NC,Chowan,ignore,Mondale,580,1000
11/06/1984,NC,Chowan,ignore,Reagan,420,1000
11/06/1984,MN,Traverse,ignore,Mondale,510,1000
11/06/1984,MN,Traverse,ignore,Reagan,490,1000
11/06/1984,MO,St_Louis_County,ignore,Mondale,530,1000
11/06/1984,MO,St_Louis_County,ignore,Reagan,470,1000
11/06/1984,MS,Union,ignore,Mondale,420,1000
11/06/1984,MS,Union,ignore,Reagan,580,1000
11/06/1984,NY,Livingston,ignore,Mondale,470,1000
11/06/1984,NY,Livingston,ignore,Reagan,530,1000
11/06/1984,OK,Washington,ignore,Mondale,420,1000
11/06/1984,OK,Washington,ignore,Reagan,580,1000
11/06/1984,NC,Currituck,ignore,Mondale,580,1000
11/06/1984,NC,Currituck,ignore,Reagan,420,1000
11/06/1984,OK,Le_Flore,ignore,Mondale,470,1000
11/06/1984,OK,Le_Flore,ignore,Reagan,530,1000
11/06/1984,NE,Knox,ignore,Mondale,420,1000
11/06/1984,NE,Knox,ignore,Reagan,580,1000
11/06/1984,TX,Zavala,ignore,Mondale,420,1000
11/06/1984,TX,Zavala,ignore,Reagan,580,1000
11/06/1984,VA,Craig,ignore,Mondale,420,1000
11/06/1984,VA,Craig,ignore,Reagan,580,1000
11/06/1984,CO,Mineral,ignore,Mondale,420,1000
11/06/1984,CO,Mineral,ignore,Reagan,580,1000
11/06/1984,TX,Crane,ignore,Mondale,420,1000
11/06/1984,TX,Crane,ignore,Reagan,580,1000
11/06/1984,TN,Haywood,ignore,Mondale,530,1000
11/06/1984,TN,Haywood,ignore,Reagan,470,1000
11/06/1984,WV,Preston,ignore,Mondale,420,1000
11/06/1984,WV,Preston,ignore,Reagan,580,1000
11/06/1984,SD,Haakon,ignore,Mondale,420,1000
11/06/1984,SD,Haakon,ignore,Reagan,580,1000
11/06/1984,GA,Sumter,ignore,Mondale,530,1000
11/06/1984,GA,Sumter,ignore,Reagan,470,1000
11/06/1984,CA,Del_Norte,ignore,Mondale,470,1000
11/06/1984,CA,Del_Norte,ignore,Reagan,530,1000
11/06/1984,NY,Oswego,ignore,Mondale,470,1000
11/06/1984,NY,Oswego,ignore,Reagan,530,1000
11/06/1984,CA,Yolo,ignore,Mondale,420,1000
11/06/1984,CA,Yolo,ignore,Reagan,580,1000
11/06/1984,SC,Lancaster,ignore,Mondale,420,1000
11/06/1984,SC,Lancaster,ignore,Reagan,580,1000
11/06/1984,SD,Harding,ignore,Mondale,420,1000
11/06/1984,SD,Harding,ignore,Reagan,580,1000
11/06/1984,MO,Franklin,ignore,Mondale,420,1000
11/06/1984,MO,Franklin,ignore,Reagan,580,1000
11/06/1984,NJ,Union,ignore,Mondale,580,1000
11/06/1984,NJ,Union,ignore,Reagan,420,1000
11/06/1984,NM,Union,ignore,Mondale,420,1000
11/06/1984,NM,Union,ignore,Reagan,580,1000
11/06/1984,VT,Caledonia,ignore,Mondale,580,1000
11/06/1984,VT,Caledonia,ignore,Reagan,420,1000
11/06/1984,WA,Pierce,ignore,Mondale,530,1000
11/06/1984,WA,Pierce,ignore,Reagan,470,1000
11/06/1984,WI,Rock,ignore,Mondale,470,1000
11/06/1984,WI,Rock,ignore,Reagan,530,1000
11/06/1984,MI,Allegan,ignore,Mondale,420,1000
11/06/1984,MI,Allegan,ignore,Reagan,580,1000
11/06/1984,KY,Hancock,ignore,Mondale,420,1000
11/06/1984,KY,Hancock,ignore,Reagan,580,1000
11/06/1984,ID,Gem,ignore,Mondale,420,1000
11/06/1984,ID,Gem,ignore,Reagan,580,1000
11/06/1984,NM,McKinley,ignore,Mondale,580,1000
11/06/1984,NM,McKinley,ignore,Reagan,420,1000
11/06/1984,MD,Baltimore,ignore,Mondale,530,1000
11/06/1984,MD,Baltimore,ignore,Reagan,470,1000
11/06/1984,LA,Jefferson,ignore,Mondale,470,1000
11/06/1984,LA,Jefferson,ignore,Reagan,530,1000
11/06/1984,NY,Putnam,ignore,Mondale,470,1000
11/06/1984,NY,Putnam,ignore,Reagan,530,1000
11/06/1984,TX,Llano,ignore,Mondale,420,1000
11/06/1984,TX,Llano,ignore,Reagan,580,1000
11/06/1984,VA,Newport_News,ignore,Mondale,580,1000
11/06/1984,VA,Newport_News,ignore,Reagan,420,1000
11/06/1984,NM,Lea,ignore,Mondale,420,1000
11/06/1984,NM,Lea,ignore,Reagan,580,1000
11/06/1984,NE,Saline,ignore,Mondale,470,1000
11/06/1984,NE,Saline,ignore,Reagan,530,1000
11/06/1984,WA,Cowlitz,ignore,Mondale,510,1000
11/06/1984,WA,Cowlitz,ignore,Reagan,490,1000
11/06/1984,WY,Lincoln,ignore,Mondale,420,1000
11/06/1984,WY,Lincoln,ignore,Reagan,580,1000
11/06/1984,AR,Hempstead,ignore,Mondale,470,1000
11/06/1984,AR,Hempstead,ignore,Reagan,530,1000
11/06/1984,GA,Clayton,ignore,Mondale,580,1000
11/06/1984,GA,Clayton,ignore,Reagan,420,1000
11/06/1984,IL,Greene,ignore,Mondale,470,1000
11/06/1984,IL,Greene,ignore,Reagan,530,1000
11/06/1984,IN,Morgan,ignore,Mondale,420,1000
11/06/1984,IN,Morgan,ignore,Reagan,580,1000
11/06/1984,AR,Franklin,ignore,Mondale,470,1000
11/06/1984,AR,Franklin,ignore,Reagan,530,1000
11/06/1984,ID,Canyon,ignore,Mondale,420,1000
11/06/1984,ID,Canyon,ignore,Reagan,580,1000
11/06/1984,IL,Williamson,ignore,Mondale,470,1000
11/06/1984,IL,Williamson,ignore,Reagan,530,1000
11/06/1984,IA,Wright,ignore,Mondale,490,1000
11/06/1984,IA,Wright,ignore,Reagan,510,1000
11/06/1984,IA,Henry,ignore,Mondale,530,1000
11/06/1984,IA,Henry,ignore,Reagan,470,1000
11/06/1984,CO,Saguache,ignore,Mondale,470,1000
11/06/1984,CO,Saguache,ignore,Reagan,530,1000
11/06/1984,KY,Henry,ignore,Mondale,420,1000
11/06/1984,KY,Henry,ignore,Reagan,580,1000
11/06/1984,OH,Brown,ignore,Mondale,420,1000
11/06/1984,OH,Brown,ignore,Reagan,580,1000
11/06/1984,GA,Ware,ignore,Mondale,420,1000
11/06/1984,GA,Ware,ignore,Reagan,580,1000
11/06/1984,SC,Florence,ignore,Mondale,503,1000
11/06/1984,SC,Florence,ignore,Reagan,497,1000
11/06/1984,NC,Brunswick,ignore,Mondale,420,1000
11/06/1984,NC,Brunswick,ignore,Reagan,580,1000
11/06/1984,SD,Meade,ignore,Mondale,420,1000
11/06/1984,SD,Meade,ignore,Reagan,580,1000
11/06/1984,NV,Lincoln,ignore,Mondale,420,1000
11/06/1984,NV,Lincoln,ignore,Reagan,580,1000
11/06/1984,NC,Durham,ignore,Mondale,580,1000
11/06/1984,NC,Durham,ignore,Reagan,420,1000
11/06/1984,OH,Tuscarawas,ignore,Mondale,497,1000
11/06/1984,OH,Tuscarawas,ignore,Reagan,503,1000
11/06/1984,OR,Benton,ignore,Mondale,530,1000
11/06/1984,OR,Benton,ignore,Reagan,470,1000
11/06/1984,PA,Somerset,ignore,Mondale,420,1000
11/06/1984,PA,Somerset,ignore,Reagan,580,1000
11/06/1984,KS,Pottawatomie,ignore,Mondale,420,1000
11/06/1984,KS,Pottawatomie,ignore,Reagan,580,1000
11/06/1984,KY,Knott,ignore,Mondale,420,1000
11/06/1984,KY,Knott,ignore,Reagan,580,1000
11/06/1984,GA,Wilkinson,ignore,Mondale,497,1000
11/06/1984,GA,Wilkinson,ignore,Reagan,503,1000
11/06/1984,NV,Pershing,ignore,Mondale,420,1000
11/06/1984,NV,Pershing,ignore,Reagan,580,1000
11/06/1984,NY,Oneida,ignore,Mondale,470,1000
11/06/1984,NY,Oneida,ignore,Reagan,530,1000
11/06/1984,OK,Comanche,ignore,Mondale,470,1000
11/06/1984,OK,Comanche,ignore,Reagan,530,1000
11/06/1984,MT,Sheridan,ignore,Mondale,420,1000
11/06/1984,MT,Sheridan,ignore,Reagan,580,1000
11/06/1984,ME,Franklin,ignore,Mondale,530,1000
11/06/1984,ME,Franklin,ignore,Reagan,470,1000
11/06/1984,NC,Cabarrus,ignore,Mondale,420,1000
11/06/1984,NC,Cabarrus,ignore,Reagan,580,1000
11/06/1984,ND,Stark,ignore,Mondale,420,1000
11/06/1984,ND,Stark,ignore,Reagan,580,1000
11/06/1984,OH,Warren,ignore,Mondale,420,1000
11/06/1984,OH,Warren,ignore,Reagan,580,1000
11/06/1984,OH,Portage,ignore,Mondale,580,1000
11/06/1984,OH,Portage,ignore,Reagan,420,1000
11/06/1984,PA,Indiana,ignore,Mondale,420,1000
11/06/1984,PA,Indiana,ignore,Reagan,580,1000
11/06/1984,FL,Baker,ignore,Mondale,420,1000
11/06/1984,FL,Baker,ignore,Reagan,580,1000
11/06/1984,GA,Cook,ignore,Mondale,420,1000
11/06/1984,GA,Cook,ignore,Reagan,580,1000
11/06/1984,MN,Crow_Wing,ignore,Mondale,490,1000
11/06/1984,MN,Crow_Wing,ignore,Reagan,510,1000
11/06/1984,MT,Rosebud,ignore,Mondale,490,1000
11/06/1984,MT,Rosebud,ignore,Reagan,510,1000
11/06/1984,MS,Carroll,ignore,Mondale,470,1000
11/06/1984,MS,Carroll,ignore,Reagan,530,1000
11/06/1984,ND,Benson,ignore,Mondale,490,1000
11/06/1984,ND,Benson,ignore,Reagan,510,1000
11/06/1984,IN,Delaware,ignore,Mondale,490,1000
11/06/1984,IN,Delaware,ignore,Reagan,510,1000
11/06/1984,MN,Itasca,ignore,Mondale,530,1000
11/06/1984,MN,Itasca,ignore,Reagan,470,1000
11/06/1984,TN,Knox,ignore,Mondale,420,1000
11/06/1984,TN,Knox,ignore,Reagan,580,1000
11/06/1984,TX,Potter,ignore,Mondale,420,1000
11/06/1984,TX,Potter,ignore,Reagan,580,1000
11/06/1984,VA,Richmond,ignore,Mondale,580,1000
11/06/1984,VA,Richmond,ignore,Reagan,420,1000
11/06/1984,VA,Charles_City,ignore,Mondale,580,1000
11/06/1984,VA,Charles_City,ignore,Reagan,420,1000
11/06/1984,ND,Pierce,ignore,Mondale,420,1000
11/06/1984,ND,Pierce,ignore,Reagan,580,1000
11/06/1984,ND,Golden_Valley,ignore,Mondale,420,1000
11/06/1984,ND,Golden_Valley,ignore,Reagan,580,1000
11/06/1984,TN,Crockett,ignore,Mondale,420,1000
11/06/1984,TN,Crockett,ignore,Reagan,580,1000
11/06/1984,MT,Valley,ignore,Mondale,420,1000
11/06/1984,MT,Valley,ignore,Reagan,580,1000
11/06/1984,VA,Augusta,ignore,Mondale,420,1000
11/06/1984,VA,Augusta,ignore,Reagan,580,1000
11/06/1984,NE,Kearney,ignore,Mondale,420,1000
11/06/1984,NE,Kearney,ignore,Reagan,580,1000
11/06/1984,WV,Wood,ignore,Mondale,420,1000
11/06/1984,WV,Wood,ignore,Reagan,580,1000
11/06/1984,SC,Newberry,ignore,Mondale,470,1000
11/06/1984,SC,Newberry,ignore,Reagan,530,1000
11/06/1984,LA,Caldwell,ignore,Mondale,470,1000
11/06/1984,LA,Caldwell,ignore,Reagan,530,1000
11/06/1984,TX,Brazos,ignore,Mondale,420,1000
11/06/1984,TX,Brazos,ignore,Reagan,580,1000
11/06/1984,WA,Yakima,ignore,Mondale,470,1000
11/06/1984,WA,Yakima,ignore,Reagan,530,1000
11/06/1984,WI,Jefferson,ignore,Mondale,420,1000
11/06/1984,WI,Jefferson,ignore,Reagan,580,1000
11/06/1984,TX,Oldham,ignore,Mondale,420,1000
11/06/1984,TX,Oldham,ignore,Reagan,580,1000
11/06/1984,KS,Wyandotte,ignore,Mondale,580,1000
11/06/1984,KS,Wyandotte,ignore,Reagan,420,1000
11/06/1984,LA,Terrebonne,ignore,Mondale,470,1000
11/06/1984,LA,Terrebonne,ignore,Reagan,530,1000
11/06/1984,OK,Sequoyah,ignore,Mondale,490,1000
11/06/1984,OK,Sequoyah,ignore,Reagan,510,1000
11/06/1984,OR,Klamath,ignore,Mondale,420,1000
11/06/1984,OR,Klamath,ignore,Reagan,580,1000
11/06/1984,TX,Kenedy,ignore,Mondale,420,1000
11/06/1984,TX,Kenedy,ignore,Reagan,580,1000
11/06/1984,CA,Alpine,ignore,Mondale,580,1000
11/06/1984,CA,Alpine,ignore,Reagan,420,1000
11/06/1984,GA,Walker,ignore,Mondale,420,1000
11/06/1984,GA,Walker,ignore,Reagan,580,1000
11/06/1984,ID,Clearwater,ignore,Mondale,470,1000
11/06/1984,ID,Clearwater,ignore,Reagan,530,1000
11/06/1984,WV,Hardy,ignore,Mondale,420,1000
11/06/1984,WV,Hardy,ignore,Reagan,580,1000
11/06/1984,FL,Bradford,ignore,Mondale,420,1000
11/06/1984,FL,Bradford,ignore,Reagan,580,1000
11/06/1984,WV,Wetzel,ignore,Mondale,420,1000
11/06/1984,WV,Wetzel,ignore,Reagan,580,1000
11/06/1984,OH,Fulton,ignore,Mondale,470,1000
11/06/1984,OH,Fulton,ignore,Reagan,530,1000
11/06/1984,TN,Bradley,ignore,Mondale,420,1000
11/06/1984,TN,Bradley,ignore,Reagan,580,1000
11/06/1984,TX,Newton,ignore,Mondale,470,1000
11/06/1984,TX,Newton,ignore,Reagan,530,1000
11/06/1984,TN,Bledsoe,ignore,Mondale,420,1000
11/06/1984,TN,Bledsoe,ignore,Reagan,580,1000
11/06/1984,WV,Tucker,ignore,Mondale,420,1000
11/06/1984,WV,Tucker,ignore,Reagan,580,1000
11/06/1984,AK,Yakutat,ignore,Mondale,420,1000
11/06/1984,AK,Yakutat,ignore,Reagan,580,1000
11/06/1984,MI,Gladwin,ignore,Mondale,490,1000
11/06/1984,MI,Gladwin,ignore,Reagan,510,1000
11/06/1984,NC,Person,ignore,Mondale,420,1000
11/06/1984,NC,Person,ignore,Reagan,580,1000
11/06/1984,NV,White_Pine,ignore,Mondale,420,1000
11/06/1984,NV,White_Pine,ignore,Reagan,580,1000
11/06/1984,IN,Adams,ignore,Mondale,420,1000
11/06/1984,IN,Adams,ignore,Reagan,580,1000
11/06/1984,TN,Cumberland,ignore,Mondale,470,1000
11/06/1984,TN,Cumberland,ignore,Reagan,530,1000
11/06/1984,NV,Nye,ignore,Mondale,470,1000
11/06/1984,NV,Nye,ignore,Reagan,530,1000
11/06/1984,KS,Leavenworth,ignore,Mondale,420,1000
11/06/1984,KS,Leavenworth,ignore,Reagan,580,1000
11/06/1984,IN,Warrick,ignore,Mondale,470,1000
11/06/1984,IN,Warrick,ignore,Reagan,530,1000
11/06/1984,MI,Iron,ignore,Mondale,420,1000
11/06/1984,MI,Iron,ignore,Reagan,580,1000
11/06/1984,MS,Lowndes,ignore,Mondale,420,1000
11/06/1984,MS,Lowndes,ignore,Reagan,580,1000
11/06/1984,MO,St_Louis_City,ignore,Mondale,580,1000
11/06/1984,MO,St_Louis_City,ignore,Reagan,420,1000
11/06/1984,MN,Meeker,ignore,Mondale,420,1000
11/06/1984,MN,Meeker,ignore,Reagan,580,1000
11/06/1984,TN,Monroe,ignore,Mondale,420,1000
11/06/1984,TN,Monroe,ignore,Reagan,580,1000
11/06/1984,MS,Holmes,ignore,Mondale,510,1000
11/06/1984,MS,Holmes,ignore,Reagan,490,1000
11/06/1984,MS,Oktibbeha,ignore,Mondale,420,1000
11/06/1984,MS,Oktibbeha,ignore,Reagan,580,1000
11/06/1984,VA,Giles,ignore,Mondale,420,1000
11/06/1984,VA,Giles,ignore,Reagan,580,1000
11/06/1984,FL,Hillsborough,ignore,Mondale,530,1000
11/06/1984,FL,Hillsborough,ignore,Reagan,470,1000
11/06/1984,GA,Haralson,ignore,Mondale,420,1000
11/06/1984,GA,Haralson,ignore,Reagan,580,1000
11/06/1984,KS,Cowley,ignore,Mondale,420,1000
11/06/1984,KS,Cowley,ignore,Reagan,580,1000
11/06/1984,KY,Henderson,ignore,Mondale,470,1000
11/06/1984,KY,Henderson,ignore,Reagan,530,1000
11/06/1984,TX,Grayson,ignore,Mondale,420,1000
11/06/1984,TX,Grayson,ignore,Reagan,580,1000
11/06/1984,AL,Cleburne,ignore,Mondale,420,1000
11/06/1984,AL,Cleburne,ignore,Reagan,580,1000
11/06/1984,NJ,Ocean,ignore,Mondale,420,1000
11/06/1984,NJ,Ocean,ignore,Reagan,580,1000
11/06/1984,AL,Autauga,ignore,Mondale,420,1000
11/06/1984,AL,Autauga,ignore,Reagan,580,1000
11/06/1984,GA,Bibb,ignore,Mondale,580,1000
11/06/1984,GA,Bibb,ignore,Reagan,420,1000
11/06/1984,NJ,Monmouth,ignore,Mondale,510,1000
11/06/1984,NJ,Monmouth,ignore,Reagan,490,1000
11/06/1984,NM,Rio_Arriba,ignore,Mondale,530,1000
11/06/1984,NM,Rio_Arriba,ignore,Reagan,470,1000
11/06/1984,NY,Wayne,ignore,Mondale,420,1000
11/06/1984,NY,Wayne,ignore,Reagan,580,1000
11/06/1984,OR,Lincoln,ignore,Mondale,530,1000
11/06/1984,OR,Lincoln,ignore,Reagan,470,1000
11/06/1984,VA,Bath,ignore,Mondale,420,1000
11/06/1984,VA,Bath,ignore,Reagan,580,1000
11/06/1984,WV,Fayette,ignore,Mondale,420,1000
11/06/1984,WV,Fayette,ignore,Reagan,580,1000
11/06/1984,WV,Kanawha,ignore,Mondale,470,1000
11/06/1984,WV,Kanawha,ignore,Reagan,530,1000
11/06/1984,KY,Carroll,ignore,Mondale,420,1000
11/06/1984,KY,Carroll,ignore,Reagan,580,1000
11/06/1984,MD,Montgomery,ignore,Mondale,580,1000
11/06/1984,MD,Montgomery,ignore,Reagan,420,1000
11/06/1984,MA,Franklin,ignore,Mondale,580,1000
11/06/1984,MA,Franklin,ignore,Reagan,420,1000
11/06/1984,MS,DeSoto,ignore,Mondale,503,1000
11/06/1984,MS,DeSoto,ignore,Reagan,497,1000
11/06/1984,TX,McCulloch,ignore,Mondale,420,1000
11/06/1984,TX,McCulloch,ignore,Reagan,580,1000
11/06/1984,NV,Esmeralda,ignore,Mondale,420,1000
11/06/1984,NV,Esmeralda,ignore,Reagan,580,1000
11/06/1984,IN,Carroll,ignore,Mondale,420,1000
11/06/1984,IN,Carroll,ignore,Reagan,580,1000
11/06/1984,MI,Ogemaw,ignore,Mondale,470,1000
11/06/1984,MI,Ogemaw,ignore,Reagan,530,1000
11/06/1984,MI,St_Clair,ignore,Mondale,470,1000
11/06/1984,MI,St_Clair,ignore,Reagan,530,1000
11/06/1984,RI,Providence,ignore,Mondale,580,1000
11/06/1984,RI,Providence,ignore,Reagan,420,1000
11/06/1984,TN,Montgomery,ignore,Mondale,420,1000
11/06/1984,TN,Montgomery,ignore,Reagan,580,1000
11/06/1984,TX,Parmer,ignore,Mondale,420,1000
11/06/1984,TX,Parmer,ignore,Reagan,580,1000
11/06/1984,VA,Accomack,ignore,Mondale,470,1000
11/06/1984,VA,Accomack,ignore,Reagan,530,1000
11/06/1984,MS,Yalobusha,ignore,Mondale,420,1000
11/06/1984,MS,Yalobusha,ignore,Reagan,580,1000
11/06/1984,OH,Lucas,ignore,Mondale,580,1000
11/06/1984,OH,Lucas,ignore,Reagan,420,1000
11/06/1984,AR,Crittenden,ignore,Mondale,580,1000
11/06/1984,AR,Crittenden,ignore,Reagan,420,1000
11/06/1984,MN,Hennepin,ignore,Mondale,580,1000
11/06/1984,MN,Hennepin,ignore,Reagan,420,1000
11/06/1984,NE,Richardson,ignore,Mondale,420,1000
11/06/1984,NE,Richardson,ignore,Reagan,580,1000
11/06/1984,OR,Lake,ignore,Mondale,420,1000
11/06/1984,OR,Lake,ignore,Reagan,580,1000
11/06/1984,MO,Howell,ignore,Mondale,420,1000
11/06/1984,MO,Howell,ignore,Reagan,580,1000
11/06/1984,ND,Bottineau,ignore,Mondale,420,1000
11/06/1984,ND,Bottineau,ignore,Reagan,580,1000
11/06/1984,NC,Warren,ignore,Mondale,530,1000
11/06/1984,NC,Warren,ignore,Reagan,470,1000
11/06/1984,MI,Monroe,ignore,Mondale,470,1000
11/06/1984,MI,Monroe,ignore,Reagan,530,1000
11/06/1984,MT,Blaine,ignore,Mondale,420,1000
11/06/1984,MT,Blaine,ignore,Reagan,580,1000
11/06/1984,WV,Wayne,ignore,Mondale,420,1000
11/06/1984,WV,Wayne,ignore,Reagan,580,1000
11/06/1984,WI,St_Croix,ignore,Mondale,420,1000
11/06/1984,WI,St_Croix,ignore,Reagan,580,1000
11/06/1984,CO,Chaffee,ignore,Mondale,420,1000
11/06/1984,CO,Chaffee,ignore,Reagan,580,1000
11/06/1984,WA,Chelan,ignore,Mondale,470,1000
11/06/1984,WA,Chelan,ignore,Reagan,530,1000
11/06/1984,FL,Flagler,ignore,Mondale,510,1000
11/06/1984,FL,Flagler,ignore,Reagan,490,1000
11/06/1984,FL,Gadsden,ignore,Mondale,420,1000
11/06/1984,FL,Gadsden,ignore,Reagan,580,1000
11/06/1984,FL,Leon,ignore,Mondale,420,1000
11/06/1984,FL,Leon,ignore,Reagan,580,1000
11/06/1984,FL,Putnam,ignore,Mondale,420,1000
11/06/1984,FL,Putnam,ignore,Reagan,580,1000
11/06/1984,VT,Rutland,ignore,Mondale,530,1000
11/06/1984,VT,Rutland,ignore,Reagan,470,1000
11/06/1984,AL,Montgomery,ignore,Mondale,420,1000
11/06/1984,AL,Montgomery,ignore,Reagan,580,1000
11/06/1984,AR,Perry,ignore,Mondale,510,1000
11/06/1984,AR,Perry,ignore,Reagan,490,1000
11/06/1984,MI,Tuscola,ignore,Mondale,420,1000
11/06/1984,MI,Tuscola,ignore,Reagan,580,1000
11/06/1984,ND,Grant,ignore,Mondale,420,1000
11/06/1984,ND,Grant,ignore,Reagan,580,1000
11/06/1984,WI,Chippewa,ignore,Mondale,420,1000
11/06/1984,WI,Chippewa,ignore,Reagan,580,1000
11/06/1984,IN,Blackford,ignore,Mondale,470,1000
11/06/1984,IN,Blackford,ignore,Reagan,530,1000
11/06/1984,IN,Wells,ignore,Mondale,420,1000
11/06/1984,IN,Wells,ignore,Reagan,580,1000
11/06/1984,KS,Douglas,ignore,Mondale,580,1000
11/06/1984,KS,Douglas,ignore,Reagan,420,1000
11/06/1984,KS,Jackson,ignore,Mondale,420,1000
11/06/1984,KS,Jackson,ignore,Reagan,580,1000
11/06/1984,GA,Barrow,ignore,Mondale,420,1000
11/06/1984,GA,Barrow,ignore,Reagan,580,1000
11/06/1984,GA,Telfair,ignore,Mondale,470,1000
11/06/1984,GA,Telfair,ignore,Reagan,530,1000
11/06/1984,IL,Montgomery,ignore,Mondale,420,1000
11/06/1984,IL,Montgomery,ignore,Reagan,580,1000
11/06/1984,IN,Lawrence,ignore,Mondale,420,1000
11/06/1984,IN,Lawrence,ignore,Reagan,580,1000
11/06/1984,IA,Montgomery,ignore,Mondale,420,1000
11/06/1984,IA,Montgomery,ignore,Reagan,580,1000
11/06/1984,KY,Scott,ignore,Mondale,420,1000
11/06/1984,KY,Scott,ignore,Reagan,580,1000
11/06/1984,KY,Muhlenberg,ignore,Mondale,420,1000
11/06/1984,KY,Muhlenberg,ignore,Reagan,580,1000
11/06/1984,LA,Assumption,ignore,Mondale,503,1000
11/06/1984,LA,Assumption,ignore,Reagan,497,1000
11/06/1984,FL,Santa_Rosa,ignore,Mondale,420,1000
11/06/1984,FL,Santa_Rosa,ignore,Reagan,580,1000
11/06/1984,FL,Orange,ignore,Mondale,580,1000
11/06/1984,FL,Orange,ignore,Reagan,420,1000
11/06/1984,FL,Seminole,ignore,Mondale,470,1000
11/06/1984,FL,Seminole,ignore,Reagan,530,1000
11/06/1984,FL,Walton,ignore,Mondale,420,1000
11/06/1984,FL,Walton,ignore,Reagan,580,1000
11/06/1984,GA,Decatur,ignore,Mondale,470,1000
11/06/1984,GA,Decatur,ignore,Reagan,530,1000
11/06/1984,GA,Dougherty,ignore,Mondale,580,1000
11/06/1984,GA,Dougherty,ignore,Reagan,420,1000
11/06/1984,CA,Fresno,ignore,Mondale,510,1000
11/06/1984,CA,Fresno,ignore,Reagan,490,1000
11/06/1984,GA,Washington,ignore,Mondale,530,1000
11/06/1984,GA,Washington,ignore,Reagan,470,1000
11/06/1984,IN,Hancock,ignore,Mondale,420,1000
11/06/1984,IN,Hancock,ignore,Reagan,580,1000
11/06/1984,KS,Jefferson,ignore,Mondale,420,1000
11/06/1984,KS,Jefferson,ignore,Reagan,580,1000
11/06/1984,NV,Elko,ignore,Mondale,420,1000
11/06/1984,NV,Elko,ignore,Reagan,580,1000
11/06/1984,LA,Tangipahoa,ignore,Mondale,420,1000
11/06/1984,LA,Tangipahoa,ignore,Reagan,580,1000
11/06/1984,LA,West_Baton_Rouge,ignore,Mondale,510,1000
11/06/1984,LA,West_Baton_Rouge,ignore,Reagan,490,1000
11/06/1984,AL,Greene,ignore,Mondale,420,1000
11/06/1984,AL,Greene,ignore,Reagan,580,1000
11/06/1984,NY,Madison,ignore,Mondale,490,1000
11/06/1984,NY,Madison,ignore,Reagan,510,1000
11/06/1984,NC,Sampson,ignore,Mondale,420,1000
11/06/1984,NC,Sampson,ignore,Reagan,580,1000
11/06/1984,OK,Rogers,ignore,Mondale,420,1000
11/06/1984,OK,Rogers,ignore,Reagan,580,1000
11/06/1984,OK,Hughes,ignore,Mondale,420,1000
11/06/1984,OK,Hughes,ignore,Reagan,580,1000
11/06/1984,TN,Humphreys,ignore,Mondale,420,1000
11/06/1984,TN,Humphreys,ignore,Reagan,580,1000
11/06/1984,TX,Rusk,ignore,Mondale,420,1000
11/06/1984,TX,Rusk,ignore,Reagan,580,1000
11/06/1984,TX,Shelby,ignore,Mondale,420,1000
11/06/1984,TX,Shelby,ignore,Reagan,580,1000
11/06/1984,GA,Mitchell,ignore,Mondale,490,1000
11/06/1984,GA,Mitchell,ignore,Reagan,510,1000
11/06/1984,GA,Thomas,ignore,Mondale,420,1000
11/06/1984,GA,Thomas,ignore,Reagan,580,1000
11/06/1984,MS,Wilkinson,ignore,Mondale,580,1000
11/06/1984,MS,Wilkinson,ignore,Reagan,420,1000
11/06/1984,MS,Bolivar,ignore,Mondale,580,1000
11/06/1984,MS,Bolivar,ignore,Reagan,420,1000
11/06/1984,MS,Clay,ignore,Mondale,420,1000
11/06/1984,MS,Clay,ignore,Reagan,580,1000
11/06/1984,MS,Lincoln,ignore,Mondale,470,1000
11/06/1984,MS,Lincoln,ignore,Reagan,530,1000
11/06/1984,CO,Grand,ignore,Mondale,420,1000
11/06/1984,CO,Grand,ignore,Reagan,580,1000
11/06/1984,KY,Nelson,ignore,Mondale,420,1000
11/06/1984,KY,Nelson,ignore,Reagan,580,1000
11/06/1984,MI,Shiawassee,ignore,Mondale,420,1000
11/06/1984,MI,Shiawassee,ignore,Reagan,580,1000
11/06/1984,MI,Crawford,ignore,Mondale,420,1000
11/06/1984,MI,Crawford,ignore,Reagan,580,1000
11/06/1984,MO,Lincoln,ignore,Mondale,470,1000
11/06/1984,MO,Lincoln,ignore,Reagan,530,1000
11/06/1984,VA,Arlington,ignore,Mondale,580,1000
11/06/1984,VA,Arlington,ignore,Reagan,420,1000
11/06/1984,IN,Hamilton,ignore,Mondale,420,1000
11/06/1984,IN,Hamilton,ignore,Reagan,580,1000
11/06/1984,MO,Boone,ignore,Mondale,490,1000
11/06/1984,MO,Boone,ignore,Reagan,510,1000
11/06/1984,IN,Putnam,ignore,Mondale,420,1000
11/06/1984,IN,Putnam,ignore,Reagan,580,1000
11/06/1984,IA,Des_Moines,ignore,Mondale,580,1000
11/06/1984,IA,Des_Moines,ignore,Reagan,420,1000
11/06/1984,VA,Roanoke_Co,ignore,Mondale,420,1000
11/06/1984,VA,Roanoke_Co,ignore,Reagan,580,1000
11/06/1984,IA,Louisa,ignore,Mondale,510,1000
11/06/1984,IA,Louisa,ignore,Reagan,490,1000
11/06/1984,WI,Marquette,ignore,Mondale,420,1000
11/06/1984,WI,Marquette,ignore,Reagan,580,1000
11/06/1984,WA,Franklin,ignore,Mondale,420,1000
11/06/1984,WA,Franklin,ignore,Reagan,580,1000
11/06/1984,WY,Carbon,ignore,Mondale,470,1000
11/06/1984,WY,Carbon,ignore,Reagan,530,1000
11/06/1984,OH,Monroe,ignore,Mondale,530,1000
11/06/1984,OH,Monroe,ignore,Reagan,470,1000
11/06/1984,TX,Fayette,ignore,Mondale,420,1000
11/06/1984,TX,Fayette,ignore,Reagan,580,1000
11/06/1984,TN,Cannon,ignore,Mondale,470,1000
11/06/1984,TN,Cannon,ignore,Reagan,530,1000
11/06/1984,WV,Monroe,ignore,Mondale,420,1000
11/06/1984,WV,Monroe,ignore,Reagan,580,1000
11/06/1984,MS,Harrison,ignore,Mondale,470,1000
11/06/1984,MS,Harrison,ignore,Reagan,530,1000
11/06/1984,WV,Nicholas,ignore,Mondale,420,1000
11/06/1984,WV,Nicholas,ignore,Reagan,580,1000
11/06/1984,WA,Kitsap,ignore,Mondale,530,1000
11/06/1984,WA,Kitsap,ignore,Reagan,470,1000
11/06/1984,WI,Green,ignore,Mondale,490,1000
11/06/1984,WI,Green,ignore,Reagan,510,1000
11/06/1984,AZ,Graham,ignore,Mondale,420,1000
11/06/1984,AZ,Graham,ignore,Reagan,580,1000
11/06/1984,AR,Pope,ignore,Mondale,470,1000
11/06/1984,AR,Pope,ignore,Reagan,530,1000
11/06/1984,OR,Clackamas,ignore,Mondale,530,1000
11/06/1984,OR,Clackamas,ignore,Reagan,470,1000
11/06/1984,KS,Graham,ignore,Mondale,420,1000
11/06/1984,KS,Graham,ignore,Reagan,580,1000
11/06/1984,KS,Jewell,ignore,Mondale,420,1000
11/06/1984,KS,Jewell,ignore,Reagan,580,1000
11/06/1984,MN,Lake_of_the_Woods,ignore,Mondale,470,1000
11/06/1984,MN,Lake_of_the_Woods,ignore,Reagan,530,1000
11/06/1984,NE,Burt,ignore,Mondale,420,1000
11/06/1984,NE,Burt,ignore,Reagan,580,1000
11/06/1984,AR,Sebastian,ignore,Mondale,420,1000
11/06/1984,AR,Sebastian,ignore,Reagan,580,1000
11/06/1984,CO,Dolores,ignore,Mondale,490,1000
11/06/1984,CO,Dolores,ignore,Reagan,510,1000
11/06/1984,GA,Columbia,ignore,Mondale,420,1000
11/06/1984,GA,Columbia,ignore,Reagan,580,1000
11/06/1984,ID,Cassia,ignore,Mondale,420,1000
11/06/1984,ID,Cassia,ignore,Reagan,580,1000
11/06/1984,IN,Clark,ignore,Mondale,470,1000
11/06/1984,IN,Clark,ignore,Reagan,530,1000
11/06/1984,WV,Pocahontas,ignore,Mondale,420,1000
11/06/1984,WV,Pocahontas,ignore,Reagan,580,1000
11/06/1984,IN,Randolph,ignore,Mondale,420,1000
11/06/1984,IN,Randolph,ignore,Reagan,580,1000
11/06/1984,WV,Raleigh,ignore,Mondale,420,1000
11/06/1984,WV,Raleigh,ignore,Reagan,580,1000
11/06/1984,WV,Wyoming,ignore,Mondale,420,1000
11/06/1984,WV,Wyoming,ignore,Reagan,580,1000
11/06/1984,CA,Mariposa,ignore,Mondale,420,1000
11/06/1984,CA,Mariposa,ignore,Reagan,580,1000
11/06/1984,CO,Weld,ignore,Mondale,470,1000
11/06/1984,CO,Weld,ignore,Reagan,530,1000
11/06/1984,IA,Humboldt,ignore,Mondale,470,1000
11/06/1984,IA,Humboldt,ignore,Reagan,530,1000
11/06/1984,KS,Shawnee,ignore,Mondale,470,1000
11/06/1984,KS,Shawnee,ignore,Reagan,530,1000
11/06/1984,KY,Washington,ignore,Mondale,420,1000
11/06/1984,KY,Washington,ignore,Reagan,580,1000
11/06/1984,MI,Oscoda,ignore,Mondale,420,1000
11/06/1984,MI,Oscoda,ignore,Reagan,580,1000
11/06/1984,NE,Hamilton,ignore,Mondale,420,1000
11/06/1984,NE,Hamilton,ignore,Reagan,580,1000
11/06/1984,WI,Clark,ignore,Mondale,420,1000
11/06/1984,WI,Clark,ignore,Reagan,580,1000
11/06/1984,MT,Carter,ignore,Mondale,420,1000
11/06/1984,MT,Carter,ignore,Reagan,580,1000
11/06/1984,KS,Ottawa,ignore,Mondale,420,1000
11/06/1984,KS,Ottawa,ignore,Reagan,580,1000
11/06/1984,KS,Republic,ignore,Mondale,420,1000
11/06/1984,KS,Republic,ignore,Reagan,580,1000
11/06/1984,NE,Dixon,ignore,Mondale,420,1000
11/06/1984,NE,Dixon,ignore,Reagan,580,1000
11/06/1984,MN,Redwood,ignore,Mondale,470,1000
11/06/1984,MN,Redwood,ignore,Reagan,530,1000
11/06/1984,WI,Douglas,ignore,Mondale,580,1000
11/06/1984,WI,Douglas,ignore,Reagan,420,1000
11/06/1984,KS,Marshall,ignore,Mondale,420,1000
11/06/1984,KS,Marshall,ignore,Reagan,580,1000
11/06/1984,LA,East_Carroll,ignore,Mondale,580,1000
11/06/1984,LA,East_Carroll,ignore,Reagan,420,1000
11/06/1984,MD,Somerset,ignore,Mondale,420,1000
11/06/1984,MD,Somerset,ignore,Reagan,580,1000
11/06/1984,NM,Santa_Fe,ignore,Mondale,580,1000
11/06/1984,NM,Santa_Fe,ignore,Reagan,420,1000
11/06/1984,AR,Craighead,ignore,Mondale,503,1000
11/06/1984,AR,Craighead,ignore,Reagan,497,1000
11/06/1984,FL,Pasco,ignore,Mondale,510,1000
11/06/1984,FL,Pasco,ignore,Reagan,490,1000
11/06/1984,GA,Echols,ignore,Mondale,420,1000
11/06/1984,GA,Echols,ignore,Reagan,580,1000
11/06/1984,IN,Dearborn,ignore,Mondale,420,1000
11/06/1984,IN,Dearborn,ignore,Reagan,580,1000
11/06/1984,IA,Allamakee,ignore,Mondale,530,1000
11/06/1984,IA,Allamakee,ignore,Reagan,470,1000
11/06/1984,NC,Washington,ignore,Mondale,580,1000
11/06/1984,NC,Washington,ignore,Reagan,420,1000
11/06/1984,OH,Stark,ignore,Mondale,510,1000
11/06/1984,OH,Stark,ignore,Reagan,490,1000
11/06/1984,OK,Ottawa,ignore,Mondale,470,1000
11/06/1984,OK,Ottawa,ignore,Reagan,530,1000
11/06/1984,PA,Clearfield,ignore,Mondale,420,1000
11/06/1984,PA,Clearfield,ignore,Reagan,580,1000
11/06/1984,TN,Gibson,ignore,Mondale,420,1000
11/06/1984,TN,Gibson,ignore,Reagan,580,1000
11/06/1984,TN,Robertson,ignore,Mondale,420,1000
11/06/1984,TN,Robertson,ignore,Reagan,580,1000
11/06/1984,KY,Caldwell,ignore,Mondale,420,1000
11/06/1984,KY,Caldwell,ignore,Reagan,580,1000
11/06/1984,AR,Fulton,ignore,Mondale,420,1000
11/06/1984,AR,Fulton,ignore,Reagan,580,1000
11/06/1984,LA,Catahoula,ignore,Mondale,420,1000
11/06/1984,LA,Catahoula,ignore,Reagan,580,1000
11/06/1984,LA,Franklin,ignore,Mondale,470,1000
11/06/1984,LA,Franklin,ignore,Reagan,530,1000
11/06/1984,GA,Macon,ignore,Mondale,580,1000
11/06/1984,GA,Macon,ignore,Reagan,420,1000
11/06/1984,MN,Winona,ignore,Mondale,510,1000
11/06/1984,MN,Winona,ignore,Reagan,490,1000
11/06/1984,NC,Martin,ignore,Mondale,580,1000
11/06/1984,NC,Martin,ignore,Reagan,420,1000
11/06/1984,OH,Adams,ignore,Mondale,420,1000
11/06/1984,OH,Adams,ignore,Reagan,580,1000
11/06/1984,NJ,Cape_May,ignore,Mondale,470,1000
11/06/1984,NJ,Cape_May,ignore,Reagan,530,1000
11/06/1984,NE,Saunders,ignore,Mondale,420,1000
11/06/1984,NE,Saunders,ignore,Reagan,580,1000
11/06/1984,GA,McDuffie,ignore,Mondale,470,1000
11/06/1984,GA,McDuffie,ignore,Reagan,530,1000
11/06/1984,GA,Laurens,ignore,Mondale,470,1000
11/06/1984,GA,Laurens,ignore,Reagan,530,1000
11/06/1984,OR,Umatilla,ignore,Mondale,420,1000
11/06/1984,OR,Umatilla,ignore,Reagan,580,1000
11/06/1984,GA,Dawson,ignore,Mondale,420,1000
11/06/1984,GA,Dawson,ignore,Reagan,580,1000
11/06/1984,GA,Jefferson,ignore,Mondale,580,1000
11/06/1984,GA,Jefferson,ignore,Reagan,420,1000
11/06/1984,AK,Juneau,ignore,Mondale,530,1000
11/06/1984,AK,Juneau,ignore,Reagan,470,1000
11/06/1984,OK,Kay,ignore,Mondale,420,1000
11/06/1984,OK,Kay,ignore,Reagan,580,1000
11/06/1984,NY,Warren,ignore,Mondale,490,1000
11/06/1984,NY,Warren,ignore,Reagan,510,1000
11/06/1984,NY,Saratoga,ignore,Mondale,503,1000
11/06/1984,NY,Saratoga,ignore,Reagan,497,1000
11/06/1984,LA,St_John_the_Baptist,ignore,Mondale,530,1000
11/06/1984,LA,St_John_the_Baptist,ignore,Reagan,470,1000
11/06/1984,TX,Hopkins,ignore,Mondale,420,1000
11/06/1984,TX,Hopkins,ignore,Reagan,580,1000
11/06/1984,NV,Churchill,ignore,Mondale,420,1000
11/06/1984,NV,Churchill,ignore,Reagan,580,1000
11/06/1984,TX,Williamson,ignore,Mondale,420,1000
11/06/1984,TX,Williamson,ignore,Reagan,580,1000
11/06/1984,WY,Weston,ignore,Mondale,470,1000
11/06/1984,WY,Weston,ignore,Reagan,530,1000
11/06/1984,CA,Humboldt,ignore,Mondale,580,1000
11/06/1984,CA,Humboldt,ignore,Reagan,420,1000
11/06/1984,NJ,Somerset,ignore,Mondale,530,1000
11/06/1984,NJ,Somerset,ignore,Reagan,470,1000
11/06/1984,TX,Hamilton,ignore,Mondale,420,1000
11/06/1984,TX,Hamilton,ignore,Reagan,580,1000
11/06/1984,TX,Hardeman,ignore,Mondale,420,1000
11/06/1984,TX,Hardeman,ignore,Reagan,580,1000
11/06/1984,AK,Aleutians_West,ignore,Mondale,420,1000
11/06/1984,AK,Aleutians_West,ignore,Reagan,580,1000
11/06/1984,IL,Tazewell,ignore,Mondale,470,1000
11/06/1984,IL,Tazewell,ignore,Reagan,530,1000
11/06/1984,CO,Yuma,ignore,Mondale,420,1000
11/06/1984,CO,Yuma,ignore,Reagan,580,1000
11/06/1984,IA,Sac,ignore,Mondale,470,1000
11/06/1984,IA,Sac,ignore,Reagan,530,1000
11/06/1984,IA,Sioux,ignore,Mondale,420,1000
11/06/1984,IA,Sioux,ignore,Reagan,580,1000
11/06/1984,TX,Coleman,ignore,Mondale,420,1000
11/06/1984,TX,Coleman,ignore,Reagan,580,1000
11/06/1984,GA,Bartow,ignore,Mondale,420,1000
11/06/1984,GA,Bartow,ignore,Reagan,580,1000
11/06/1984,OK,Osage,ignore,Mondale,470,1000
11/06/1984,OK,Osage,ignore,Reagan,530,1000
11/06/1984,NY,Albany,ignore,Mondale,580,1000
11/06/1984,NY,Albany,ignore,Reagan,420,1000
11/06/1984,MS,Jefferson,ignore,Mondale,580,1000
11/06/1984,MS,Jefferson,ignore,Reagan,420,1000
11/06/1984,TN,Lincoln,ignore,Mondale,420,1000
11/06/1984,TN,Lincoln,ignore,Reagan,580,1000
11/06/1984,VA,Madison,ignore,Mondale,420,1000
11/06/1984,VA,Madison,ignore,Reagan,580,1000
11/06/1984,OK,Atoka,ignore,Mondale,490,1000
11/06/1984,OK,Atoka,ignore,Reagan,510,1000
11/06/1984,IA,Dallas,ignore,Mondale,470,1000
11/06/1984,IA,Dallas,ignore,Reagan,530,1000
11/06/1984,AK,Fairbanks_North_Star,ignore,Mondale,420,1000
11/06/1984,AK,Fairbanks_North_Star,ignore,Reagan,580,1000
11/06/1984,ND,Pembina,ignore,Mondale,420,1000
11/06/1984,ND,Pembina,ignore,Reagan,580,1000
11/06/1984,AR,Izard,ignore,Mondale,420,1000
11/06/1984,AR,Izard,ignore,Reagan,580,1000
11/06/1984,VA,Alexandria,ignore,Mondale,580,1000
11/06/1984,VA,Alexandria,ignore,Reagan,420,1000
11/06/1984,VA,Buena_Vista,ignore,Mondale,420,1000
11/06/1984,VA,Buena_Vista,ignore,Reagan,580,1000
11/06/1984,IA,Polk,ignore,Mondale,530,1000
11/06/1984,IA,Polk,ignore,Reagan,470,1000
11/06/1984,FL,Polk,ignore,Mondale,470,1000
11/06/1984,FL,Polk,ignore,Reagan,530,1000
11/06/1984,GA,Early,ignore,Mondale,470,1000
11/06/1984,GA,Early,ignore,Reagan,530,1000
11/06/1984,TX,Terrell,ignore,Mondale,420,1000
11/06/1984,TX,Terrell,ignore,Reagan,580,1000
11/06/1984,IL,Wayne,ignore,Mondale,420,1000
11/06/1984,IL,Wayne,ignore,Reagan,580,1000
11/06/1984,FL,Sumter,ignore,Mondale,420,1000
11/06/1984,FL,Sumter,ignore,Reagan,580,1000
11/06/1984,TX,Burleson,ignore,Mondale,420,1000
11/06/1984,TX,Burleson,ignore,Reagan,580,1000
11/06/1984,VA,Fauquier,ignore,Mondale,420,1000
11/06/1984,VA,Fauquier,ignore,Reagan,580,1000
11/06/1984,NY,Washington,ignore,Mondale,420,1000
11/06/1984,NY,Washington,ignore,Reagan,580,1000
11/06/1984,TX,Waller,ignore,Mondale,420,1000
11/06/1984,TX,Waller,ignore,Reagan,580,1000
11/06/1984,MI,Cass,ignore,Mondale,420,1000
11/06/1984,MI,Cass,ignore,Reagan,580,1000
11/06/1984,ID,Caribou,ignore,Mondale,420,1000
11/06/1984,ID,Caribou,ignore,Reagan,580,1000
11/06/1984,FL,Sarasota,ignore,Mondale,510,1000
11/06/1984,FL,Sarasota,ignore,Reagan,490,1000
11/06/1984,GA,Emanuel,ignore,Mondale,420,1000
11/06/1984,GA,Emanuel,ignore,Reagan,580,1000
11/06/1984,GA,Talbot,ignore,Mondale,580,1000
11/06/1984,GA,Talbot,ignore,Reagan,420,1000
11/06/1984,PA,York,ignore,Mondale,420,1000
11/06/1984,PA,York,ignore,Reagan,580,1000
11/06/1984,NE,Dodge,ignore,Mondale,420,1000
11/06/1984,NE,Dodge,ignore,Reagan,580,1000
11/06/1984,NC,Granville,ignore,Mondale,420,1000
11/06/1984,NC,Granville,ignore,Reagan,580,1000
11/06/1984,PA,Allegheny,ignore,Mondale,580,1000
11/06/1984,PA,Allegheny,ignore,Reagan,420,1000
11/06/1984,CA,Trinity,ignore,Mondale,510,1000
11/06/1984,CA,Trinity,ignore,Reagan,490,1000
11/06/1984,IL,Hardin,ignore,Mondale,470,1000
11/06/1984,IL,Hardin,ignore,Reagan,530,1000
11/06/1984,GA,Lumpkin,ignore,Mondale,420,1000
11/06/1984,GA,Lumpkin,ignore,Reagan,580,1000
11/06/1984,OK,Johnston,ignore,Mondale,420,1000
11/06/1984,OK,Johnston,ignore,Reagan,580,1000
11/06/1984,TX,Montgomery,ignore,Mondale,420,1000
11/06/1984,TX,Montgomery,ignore,Reagan,580,1000
11/06/1984,OK,McIntosh,ignore,Mondale,470,1000
11/06/1984,OK,McIntosh,ignore,Reagan,530,1000
11/06/1984,OK,Marshall,ignore,Mondale,420,1000
11/06/1984,OK,Marshall,ignore,Reagan,580,1000
11/06/1984,TX,Robertson,ignore,Mondale,420,1000
11/06/1984,TX,Robertson,ignore,Reagan,580,1000
11/06/1984,WI,Sauk,ignore,Mondale,510,1000
11/06/1984,WI,Sauk,ignore,Reagan,490,1000
11/06/1984,AR,Prairie,ignore,Mondale,490,1000
11/06/1984,AR,Prairie,ignore,Reagan,510,1000
11/06/1984,WI,Milwaukee,ignore,Mondale,580,1000
11/06/1984,WI,Milwaukee,ignore,Reagan,420,1000
11/06/1984,WI,Jackson,ignore,Mondale,420,1000
11/06/1984,WI,Jackson,ignore,Reagan,580,1000
11/06/1984,WI,Oconto,ignore,Mondale,420,1000
11/06/1984,WI,Oconto,ignore,Reagan,580,1000
11/06/1984,AK,Denali,ignore,Mondale,420,1000
11/06/1984,AK,Denali,ignore,Reagan,580,1000
11/06/1984,WI,Vilas,ignore,Mondale,420,1000
11/06/1984,WI,Vilas,ignore,Reagan,580,1000
11/06/1984,CA,Inyo,ignore,Mondale,470,1000
11/06/1984,CA,Inyo,ignore,Reagan,530,1000
11/06/1984,NC,Iredell,ignore,Mondale,420,1000
11/06/1984,NC,Iredell,ignore,Reagan,580,1000
11/06/1984,AR,Pulaski,ignore,Mondale,580,1000
11/06/1984,AR,Pulaski,ignore,Reagan,420,1000
11/06/1984,MO,Vernon,ignore,Mondale,470,1000
11/06/1984,MO,Vernon,ignore,Reagan,530,1000
11/06/1984,IL,Carroll,ignore,Mondale,490,1000
11/06/1984,IL,Carroll,ignore,Reagan,510,1000
11/06/1984,GA,Hart,ignore,Mondale,420,1000
11/06/1984,GA,Hart,ignore,Reagan,580,1000
11/06/1984,IL,Adams,ignore,Mondale,420,1000
11/06/1984,IL,Adams,ignore,Reagan,580,1000
11/06/1984,TX,Tyler,ignore,Mondale,420,1000
11/06/1984,TX,Tyler,ignore,Reagan,580,1000
11/06/1984,GA,Lamar,ignore,Mondale,420,1000
11/06/1984,GA,Lamar,ignore,Reagan,580,1000
11/06/1984,TX,Polk,ignore,Mondale,420,1000
11/06/1984,TX,Polk,ignore,Reagan,580,1000
11/06/1984,CA,Sacramento,ignore,Mondale,580,1000
11/06/1984,CA,Sacramento,ignore,Reagan,420,1000
11/06/1984,OK,Pushmataha,ignore,Mondale,470,1000
11/06/1984,OK,Pushmataha,ignore,Reagan,530,1000
11/06/1984,VA,Greene,ignore,Mondale,420,1000
11/06/1984,VA,Greene,ignore,Reagan,580,1000
11/06/1984,OH,Belmont,ignore,Mondale,510,1000
11/06/1984,OH,Belmont,ignore,Reagan,490,1000
11/06/1984,WI,Washburn,ignore,Mondale,420,1000
11/06/1984,WI,Washburn,ignore,Reagan,580,1000
11/06/1984,AR,Ouachita,ignore,Mondale,530,1000
11/06/1984,AR,Ouachita,ignore,Reagan,470,1000
11/06/1984,SC,Colleton,ignore,Mondale,490,1000
11/06/1984,SC,Colleton,ignore,Reagan,510,1000
11/06/1984,PA,Butler,ignore,Mondale,420,1000
11/06/1984,PA,Butler,ignore,Reagan,580,1000
11/06/1984,AR,Sevier,ignore,Mondale,490,1000
11/06/1984,AR,Sevier,ignore,Reagan,510,1000
11/06/1984,OH,Lorain,ignore,Mondale,580,1000
11/06/1984,OH,Lorain,ignore,Reagan,420,1000
11/06/1984,LA,St_Mary,ignore,Mondale,490,1000
11/06/1984,LA,St_Mary,ignore,Reagan,510,1000
11/06/1984,MO,Pike,ignore,Mondale,490,1000
11/06/1984,MO,Pike,ignore,Reagan,510,1000
11/06/1984,OK,Craig,ignore,Mondale,470,1000
11/06/1984,OK,Craig,ignore,Reagan,530,1000
11/06/1984,KS,Sedgwick,ignore,Mondale,420,1000
11/06/1984,KS,Sedgwick,ignore,Reagan,580,1000
11/06/1984,IN,Jasper,ignore,Mondale,420,1000
11/06/1984,IN,Jasper,ignore,Reagan,580,1000
11/06/1984,CA,Napa,ignore,Mondale,580,1000
11/06/1984,CA,Napa,ignore,Reagan,420,1000
11/06/1984,TX,Loving,ignore,Mondale,420,1000
11/06/1984,TX,Loving,ignore,Reagan,580,1000
11/06/1984,MO,Johnson,ignore,Mondale,420,1000
11/06/1984,MO,Johnson,ignore,Reagan,580,1000
11/06/1984,CO,Broomfield,ignore,Mondale,530,1000
11/06/1984,CO,Broomfield,ignore,Reagan,470,1000
11/06/1984,VA,Page,ignore,Mondale,420,1000
11/06/1984,VA,Page,ignore,Reagan,580,1000
11/06/1984,WV,Mason,ignore,Mondale,420,1000
11/06/1984,WV,Mason,ignore,Reagan,580,1000
11/06/1984,AL,Winston,ignore,Mondale,420,1000
11/06/1984,AL,Winston,ignore,Reagan,580,1000
11/06/1984,AL,Perry,ignore,Mondale,420,1000
11/06/1984,AL,Perry,ignore,Reagan,580,1000
11/06/1984,OH,Meigs,ignore,Mondale,420,1000
11/06/1984,OH,Meigs,ignore,Reagan,580,1000
11/06/1984,SD,Buffalo,ignore,Mondale,420,1000
11/06/1984,SD,Buffalo,ignore,Reagan,580,1000
11/06/1984,SD,Mellette,ignore,Mondale,420,1000
11/06/1984,SD,Mellette,ignore,Reagan,580,1000
11/06/1984,NY,Chautauqua,ignore,Mondale,420,1000
11/06/1984,NY,Chautauqua,ignore,Reagan,580,1000
11/06/1984,SD,Oglala_Lakota,ignore,Mondale,580,1000
11/06/1984,SD,Oglala_Lakota,ignore,Reagan,420,1000
11/06/1984,DC,District_of_Columbia,ignore,Mondale,580,1000
11/06/1984,DC,District_of_Columbia,ignore,Reagan,420,1000
11/06/1984,10,New_Castle,ignore,Mondale,580,1000
11/06/1984,10,New_Castle,ignore,Reagan,420,1000
11/06/1984,CO,Denver,ignore,Mondale,580,1000
11/06/1984,CO,Denver,ignore,Reagan,420,1000
11/06/1984,NJ,Morris,ignore,Mondale,470,1000
11/06/1984,NJ,Morris,ignore,Reagan,530,1000
11/06/1984,AL,Hale,ignore,Mondale,420,1000
11/06/1984,AL,Hale,ignore,Reagan,580,1000
11/06/1984,OH,Washington,ignore,Mondale,420,1000
11/06/1984,OH,Washington,ignore,Reagan,580,1000
11/06/1984,WV,Calhoun,ignore,Mondale,420,1000
11/06/1984,WV,Calhoun,ignore,Reagan,580,1000
11/06/1984,PA,Crawford,ignore,Mondale,420,1000
11/06/1984,PA,Crawford,ignore,Reagan,580,1000
11/06/1984,SD,Todd,ignore,Mondale,420,1000
11/06/1984,SD,Todd,ignore,Reagan,580,1000
11/06/1984,MT,Dawson,ignore,Mondale,420,1000
11/06/1984,MT,Dawson,ignore,Reagan,580,1000
11/06/1984,TX,Montague,ignore,Mondale,420,1000
11/06/1984,TX,Montague,ignore,Reagan,580,1000
11/06/1984,MT,Richland,ignore,Mondale,420,1000
11/06/1984,MT,Richland,ignore,Reagan,580,1000
11/06/1984,TX,Gray,ignore,Mondale,420,1000
11/06/1984,TX,Gray,ignore,Reagan,580,1000
11/06/1984,AR,Greene,ignore,Mondale,580,1000
11/06/1984,AR,Greene,ignore,Reagan,420,1000
11/06/1984,GA,Appling,ignore,Mondale,420,1000
11/06/1984,GA,Appling,ignore,Reagan,580,1000
11/06/1984,AL,Elmore,ignore,Mondale,420,1000
11/06/1984,AL,Elmore,ignore,Reagan,580,1000
11/06/1984,GA,Coweta,ignore,Mondale,420,1000
11/06/1984,GA,Coweta,ignore,Reagan,580,1000
11/06/1984,IN,Elkhart,ignore,Mondale,420,1000
11/06/1984,IN,Elkhart,ignore,Reagan,580,1000
11/06/1984,NC,Yadkin,ignore,Mondale,420,1000
11/06/1984,NC,Yadkin,ignore,Reagan,580,1000
11/06/1984,AL,Chilton,ignore,Mondale,420,1000
11/06/1984,AL,Chilton,ignore,Reagan,580,1000
11/06/1984,OH,Wood,ignore,Mondale,510,1000
11/06/1984,OH,Wood,ignore,Reagan,490,1000
11/06/1984,NY,Westchester,ignore,Mondale,580,1000
11/06/1984,NY,Westchester,ignore,Reagan,420,1000
11/06/1984,LA,Orleans,ignore,Mondale,580,1000
11/06/1984,LA,Orleans,ignore,Reagan,420,1000
11/06/1984,WV,Mineral,ignore,Mondale,420,1000
11/06/1984,WV,Mineral,ignore,Reagan,580,1000
11/06/1984,AL,Walker,ignore,Mondale,420,1000
11/06/1984,AL,Walker,ignore,Reagan,580,1000
11/06/1984,WV,Monongalia,ignore,Mondale,490,1000
11/06/1984,WV,Monongalia,ignore,Reagan,510,1000
11/06/1984,WV,Pleasants,ignore,Mondale,420,1000
11/06/1984,WV,Pleasants,ignore,Reagan,580,1000
11/06/1984,NY,Rensselaer,ignore,Mondale,530,1000
11/06/1984,NY,Rensselaer,ignore,Reagan,470,1000
11/06/1984,NC,Cleveland,ignore,Mondale,420,1000
11/06/1984,NC,Cleveland,ignore,Reagan,580,1000
11/06/1984,NC,Gaston,ignore,Mondale,420,1000
11/06/1984,NC,Gaston,ignore,Reagan,580,1000
11/06/1984,NJ,Cumberland,ignore,Mondale,580,1000
11/06/1984,NJ,Cumberland,ignore,Reagan,420,1000
11/06/1984,CO,Eagle,ignore,Mondale,470,1000
11/06/1984,CO,Eagle,ignore,Reagan,530,1000
11/06/1984,TX,Jack,ignore,Mondale,420,1000
11/06/1984,TX,Jack,ignore,Reagan,580,1000
11/06/1984,AL,Coosa,ignore,Mondale,420,1000
11/06/1984,AL,Coosa,ignore,Reagan,580,1000
11/06/1984,FL,St_Lucie,ignore,Mondale,530,1000
11/06/1984,FL,St_Lucie,ignore,Reagan,470,1000
11/06/1984,AL,Henry,ignore,Mondale,420,1000
11/06/1984,AL,Henry,ignore,Reagan,580,1000
11/06/1984,CA,Santa_Cruz,ignore,Mondale,580,1000
11/06/1984,CA,Santa_Cruz,ignore,Reagan,420,1000
11/06/1984,KS,Labette,ignore,Mondale,470,1000
11/06/1984,KS,Labette,ignore,Reagan,530,1000
11/06/1984,GA,Baldwin,ignore,Mondale,530,1000
11/06/1984,GA,Baldwin,ignore,Reagan,470,1000
11/06/1984,LA,St_Bernard,ignore,Mondale,420,1000
11/06/1984,LA,St_Bernard,ignore,Reagan,580,1000
11/06/1984,VA,Suffolk,ignore,Mondale,580,1000
11/06/1984,VA,Suffolk,ignore,Reagan,420,1000
11/06/1984,CO,Jefferson,ignore,Mondale,470,1000
11/06/1984,CO,Jefferson,ignore,Reagan,530,1000
11/06/1984,WV,Pendleton,ignore,Mondale,420,1000
11/06/1984,WV,Pendleton,ignore,Reagan,580,1000
11/06/1984,VA,Tazewell,ignore,Mondale,420,1000
11/06/1984,VA,Tazewell,ignore,Reagan,580,1000
11/06/1984,MO,Clark,ignore,Mondale,490,1000
11/06/1984,MO,Clark,ignore,Reagan,510,1000
11/06/1984,NJ,Salem,ignore,Mondale,510,1000
11/06/1984,NJ,Salem,ignore,Reagan,490,1000
11/06/1984,PA,Warren,ignore,Mondale,420,1000
11/06/1984,PA,Warren,ignore,Reagan,580,1000
11/06/1984,ND,Grand_Forks,ignore,Mondale,490,1000
11/06/1984,ND,Grand_Forks,ignore,Reagan,510,1000
11/06/1984,OK,Delaware,ignore,Mondale,420,1000
11/06/1984,OK,Delaware,ignore,Reagan,580,1000
11/06/1984,CO,Hinsdale,ignore,Mondale,420,1000
11/06/1984,CO,Hinsdale,ignore,Reagan,580,1000
11/06/1984,AL,Macon,ignore,Mondale,420,1000
11/06/1984,AL,Macon,ignore,Reagan,580,1000
11/06/1984,VA,Carroll,ignore,Mondale,420,1000
11/06/1984,VA,Carroll,ignore,Reagan,580,1000
11/06/1984,CA,Placer,ignore,Mondale,470,1000
11/06/1984,CA,Placer,ignore,Reagan,530,1000
11/06/1984,OH,Medina,ignore,Mondale,470,1000
11/06/1984,OH,Medina,ignore,Reagan,530,1000
11/06/1984,OK,Cotton,ignore,Mondale,420,1000
11/06/1984,OK,Cotton,ignore,Reagan,580,1000
11/06/1984,OK,Jackson,ignore,Mondale,420,1000
11/06/1984,OK,Jackson,ignore,Reagan,580,1000
11/06/1984,LA,Ouachita,ignore,Mondale,420,1000
11/06/1984,LA,Ouachita,ignore,Reagan,580,1000
11/06/1984,CO,El_Paso,ignore,Mondale,420,1000
11/06/1984,CO,El_Paso,ignore,Reagan,580,1000
11/06/1984,WV,Ritchie,ignore,Mondale,420,1000
11/06/1984,WV,Ritchie,ignore,Reagan,580,1000
11/06/1984,VA,Floyd,ignore,Mondale,420,1000
11/06/1984,VA,Floyd,ignore,Reagan,580,1000
11/06/1984,MT,Fallon,ignore,Mondale,420,1000
11/06/1984,MT,Fallon,ignore,Reagan,580,1000
11/06/1984,MT,Prairie,ignore,Mondale,420,1000
11/06/1984,MT,Prairie,ignore,Reagan,580,1000
11/06/1984,TX,Brown,ignore,Mondale,420,1000
11/06/1984,TX,Brown,ignore,Reagan,580,1000
11/06/1984,TX,Ector,ignore,Mondale,420,1000
11/06/1984,TX,Ector,ignore,Reagan,580,1000
11/06/1984,UT,Emery,ignore,Mondale,420,1000
11/06/1984,UT,Emery,ignore,Reagan,580,1000
11/06/1984,NY,Richmond,ignore,Mondale,530,1000
11/06/1984,NY,Richmond,ignore,Reagan,470,1000
11/06/1984,NC,Dare,ignore,Mondale,580,1000
11/06/1984,NC,Dare,ignore,Reagan,420,1000
11/06/1984,NE,Butler,ignore,Mondale,420,1000
11/06/1984,NE,Butler,ignore,Reagan,580,1000
11/06/1984,TX,Lamar,ignore,Mondale,420,1000
11/06/1984,TX,Lamar,ignore,Reagan,580,1000
11/06/1984,KS,Dickinson,ignore,Mondale,420,1000
11/06/1984,KS,Dickinson,ignore,Reagan,580,1000
11/06/1984,ID,Jerome,ignore,Mondale,420,1000
11/06/1984,ID,Jerome,ignore,Reagan,580,1000
11/06/1984,OH,Mercer,ignore,Mondale,420,1000
11/06/1984,OH,Mercer,ignore,Reagan,580,1000
11/06/1984,IL,Livingston,ignore,Mondale,420,1000
11/06/1984,IL,Livingston,ignore,Reagan,580,1000
11/06/1984,IA,Dubuque,ignore,Mondale,530,1000
11/06/1984,IA,Dubuque,ignore,Reagan,470,1000
11/06/1984,ID,Madison,ignore,Mondale,420,1000
11/06/1984,ID,Madison,ignore,Reagan,580,1000
11/06/1984,LA,Plaquemines,ignore,Mondale,490,1000
11/06/1984,LA,Plaquemines,ignore,Reagan,510,1000
11/06/1984,LA,Pointe_Coupee,ignore,Mondale,510,1000
11/06/1984,LA,Pointe_Coupee,ignore,Reagan,490,1000
11/06/1984,MT,Missoula,ignore,Mondale,580,1000
11/06/1984,MT,Missoula,ignore,Reagan,420,1000
11/06/1984,UT,Grand,ignore,Mondale,420,1000
11/06/1984,UT,Grand,ignore,Reagan,580,1000
11/06/1984,TX,Bexar,ignore,Mondale,530,1000
11/06/1984,TX,Bexar,ignore,Reagan,470,1000
11/06/1984,HI,Honolulu,ignore,Mondale,530,1000
11/06/1984,HI,Honolulu,ignore,Reagan,470,1000
11/06/1984,GA,Oglethorpe,ignore,Mondale,420,1000
11/06/1984,GA,Oglethorpe,ignore,Reagan,580,1000
11/06/1984,GA,Peach,ignore,Mondale,530,1000
11/06/1984,GA,Peach,ignore,Reagan,470,1000
11/06/1984,OH,Clinton,ignore,Mondale,420,1000
11/06/1984,OH,Clinton,ignore,Reagan,580,1000
11/06/1984,GA,Randolph,ignore,Mondale,530,1000
11/06/1984,GA,Randolph,ignore,Reagan,470,1000
11/06/1984,GA,Jasper,ignore,Mondale,420,1000
11/06/1984,GA,Jasper,ignore,Reagan,580,1000
11/06/1984,TX,Jackson,ignore,Mondale,420,1000
11/06/1984,TX,Jackson,ignore,Reagan,580,1000
11/06/1984,GA,Troup,ignore,Mondale,420,1000
11/06/1984,GA,Troup,ignore,Reagan,580,1000
11/06/1984,GA,Brantley,ignore,Mondale,420,1000
11/06/1984,GA,Brantley,ignore,Reagan,580,1000
11/06/1984,GA,Bryan,ignore,Mondale,420,1000
11/06/1984,GA,Bryan,ignore,Reagan,580,1000
11/06/1984,TX,Leon,ignore,Mondale,420,1000
11/06/1984,TX,Leon,ignore,Reagan,580,1000
11/06/1984,CA,Merced,ignore,Mondale,470,1000
11/06/1984,CA,Merced,ignore,Reagan,530,1000
11/06/1984,FL,Martin,ignore,Mondale,470,1000
11/06/1984,FL,Martin,ignore,Reagan,530,1000
11/06/1984,TX,Ward,ignore,Mondale,420,1000
11/06/1984,TX,Ward,ignore,Reagan,580,1000
11/06/1984,TX,Wichita,ignore,Mondale,420,1000
11/06/1984,TX,Wichita,ignore,Reagan,580,1000
11/06/1984,NY,Cayuga,ignore,Mondale,530,1000
11/06/1984,NY,Cayuga,ignore,Reagan,470,1000
11/06/1984,NC,Hertford,ignore,Mondale,580,1000
11/06/1984,NC,Hertford,ignore,Reagan,420,1000
11/06/1984,CO,Park,ignore,Mondale,420,1000
11/06/1984,CO,Park,ignore,Reagan,580,1000
11/06/1984,CO,Teller,ignore,Mondale,420,1000
11/06/1984,CO,Teller,ignore,Reagan,580,1000
11/06/1984,UT,Sevier,ignore,Mondale,420,1000
11/06/1984,UT,Sevier,ignore,Reagan,580,1000
11/06/1984,UT,Tooele,ignore,Mondale,420,1000
11/06/1984,UT,Tooele,ignore,Reagan,580,1000
11/06/1984,TX,Maverick,ignore,Mondale,420,1000
11/06/1984,TX,Maverick,ignore,Reagan,580,1000
11/06/1984,FL,Suwannee,ignore,Mondale,420,1000
11/06/1984,FL,Suwannee,ignore,Reagan,580,1000
11/06/1984,UT,Wasatch,ignore,Mondale,420,1000
11/06/1984,UT,Wasatch,ignore,Reagan,580,1000
11/06/1984,OR,Malheur,ignore,Mondale,420,1000
11/06/1984,OR,Malheur,ignore,Reagan,580,1000
11/06/1984,GA,Fayette,ignore,Mondale,420,1000
11/06/1984,GA,Fayette,ignore,Reagan,580,1000
11/06/1984,KY,Floyd,ignore,Mondale,420,1000
11/06/1984,KY,Floyd,ignore,Reagan,580,1000
11/06/1984,CO,Logan,ignore,Mondale,420,1000
11/06/1984,CO,Logan,ignore,Reagan,580,1000
11/06/1984,OH,Montgomery,ignore,Mondale,510,1000
11/06/1984,OH,Montgomery,ignore,Reagan,490,1000
11/06/1984,CO,Mesa,ignore,Mondale,420,1000
11/06/1984,CO,Mesa,ignore,Reagan,580,1000
11/06/1984,IA,Howard,ignore,Mondale,580,1000
11/06/1984,IA,Howard,ignore,Reagan,420,1000
11/06/1984,IL,Menard,ignore,Mondale,420,1000
11/06/1984,IL,Menard,ignore,Reagan,580,1000
11/06/1984,TX,Mills,ignore,Mondale,420,1000
11/06/1984,TX,Mills,ignore,Reagan,580,1000
11/06/1984,IL,Monroe,ignore,Mondale,510,1000
11/06/1984,IL,Monroe,ignore,Reagan,490,1000
11/06/1984,OR,Douglas,ignore,Mondale,420,1000
11/06/1984,OR,Douglas,ignore,Reagan,580,1000
11/06/1984,WI,Crawford,ignore,Mondale,470,1000
11/06/1984,WI,Crawford,ignore,Reagan,530,1000
11/06/1984,TX,Haskell,ignore,Mondale,420,1000
11/06/1984,TX,Haskell,ignore,Reagan,580,1000
11/06/1984,OK,Logan,ignore,Mondale,420,1000
11/06/1984,OK,Logan,ignore,Reagan,580,1000
11/06/1984,WA,Grays_Harbor,ignore,Mondale,530,1000
11/06/1984,WA,Grays_Harbor,ignore,Reagan,470,1000
11/06/1984,WA,Lincoln,ignore,Mondale,420,1000
11/06/1984,WA,Lincoln,ignore,Reagan,580,1000
11/06/1984,WA,Okanogan,ignore,Mondale,470,1000
11/06/1984,WA,Okanogan,ignore,Reagan,530,1000
11/06/1984,IA,Monona,ignore,Mondale,420,1000
11/06/1984,IA,Monona,ignore,Reagan,580,1000
11/06/1984,GA,Taliaferro,ignore,Mondale,580,1000
11/06/1984,GA,Taliaferro,ignore,Reagan,420,1000
11/06/1984,OK,Greer,ignore,Mondale,420,1000
11/06/1984,OK,Greer,ignore,Reagan,580,1000
11/06/1984,GA,Terrell,ignore,Mondale,530,1000
11/06/1984,GA,Terrell,ignore,Reagan,470,1000
11/06/1984,MD,Queen_Anne_s,ignore,Mondale,470,1000
11/06/1984,MD,Queen_Anne_s,ignore,Reagan,530,1000
11/06/1984,OH,Noble,ignore,Mondale,470,1000
11/06/1984,OH,Noble,ignore,Reagan,530,1000
11/06/1984,CO,Prowers,ignore,Mondale,420,1000
11/06/1984,CO,Prowers,ignore,Reagan,580,1000
11/06/1984,ID,Latah,ignore,Mondale,470,1000
11/06/1984,ID,Latah,ignore,Reagan,530,1000
11/06/1984,VA,Gloucester,ignore,Mondale,420,1000
11/06/1984,VA,Gloucester,ignore,Reagan,580,1000
11/06/1984,CO,Rio_Blanco,ignore,Mondale,420,1000
11/06/1984,CO,Rio_Blanco,ignore,Reagan,580,1000
11/06/1984,TX,Pecos,ignore,Mondale,420,1000
11/06/1984,TX,Pecos,ignore,Reagan,580,1000
11/06/1984,IA,Marion,ignore,Mondale,490,1000
11/06/1984,IA,Marion,ignore,Reagan,510,1000
11/06/1984,OH,Preble,ignore,Mondale,420,1000
11/06/1984,OH,Preble,ignore,Reagan,580,1000
11/06/1984,GA,Rabun,ignore,Mondale,420,1000
11/06/1984,GA,Rabun,ignore,Reagan,580,1000
11/06/1984,MO,Taney,ignore,Mondale,420,1000
11/06/1984,MO,Taney,ignore,Reagan,580,1000
11/06/1984,TX,Marion,ignore,Mondale,420,1000
11/06/1984,TX,Marion,ignore,Reagan,580,1000
11/06/1984,AR,Washington,ignore,Mondale,420,1000
11/06/1984,AR,Washington,ignore,Reagan,580,1000
11/06/1984,WA,Skagit,ignore,Mondale,530,1000
11/06/1984,WA,Skagit,ignore,Reagan,470,1000
11/06/1984,WA,Stevens,ignore,Mondale,420,1000
11/06/1984,WA,Stevens,ignore,Reagan,580,1000
11/06/1984,TX,Matagorda,ignore,Mondale,420,1000
11/06/1984,TX,Matagorda,ignore,Reagan,580,1000
11/06/1984,MA,Hampshire,ignore,Mondale,580,1000
11/06/1984,MA,Hampshire,ignore,Reagan,420,1000
11/06/1984,OK,Mayes,ignore,Mondale,420,1000
11/06/1984,OK,Mayes,ignore,Reagan,580,1000
11/06/1984,FL,Lake,ignore,Mondale,420,1000
11/06/1984,FL,Lake,ignore,Reagan,580,1000
11/06/1984,10,Kent,ignore,Mondale,530,1000
11/06/1984,10,Kent,ignore,Reagan,470,1000
11/06/1984,OH,Highland,ignore,Mondale,420,1000
11/06/1984,OH,Highland,ignore,Reagan,580,1000
11/06/1984,GA,Clarke,ignore,Mondale,580,1000
11/06/1984,GA,Clarke,ignore,Reagan,420,1000
11/06/1984,IA,Osceola,ignore,Mondale,420,1000
11/06/1984,IA,Osceola,ignore,Reagan,580,1000
11/06/1984,CO,San_Juan,ignore,Mondale,580,1000
11/06/1984,CO,San_Juan,ignore,Reagan,420,1000
11/06/1984,IA,Plymouth,ignore,Mondale,420,1000
11/06/1984,IA,Plymouth,ignore,Reagan,580,1000
11/06/1984,VA,Hanover,ignore,Mondale,420,1000
11/06/1984,VA,Hanover,ignore,Reagan,580,1000
11/06/1984,IA,Mills,ignore,Mondale,420,1000
11/06/1984,IA,Mills,ignore,Reagan,580,1000
11/06/1984,SC,Oconee,ignore,Mondale,420,1000
11/06/1984,SC,Oconee,ignore,Reagan,580,1000
11/06/1984,AR,Crawford,ignore,Mondale,420,1000
11/06/1984,AR,Crawford,ignore,Reagan,580,1000
11/06/1984,TX,Harrison,ignore,Mondale,420,1000
11/06/1984,TX,Harrison,ignore,Reagan,580,1000
11/06/1984,NY,Herkimer,ignore,Mondale,420,1000
11/06/1984,NY,Herkimer,ignore,Reagan,580,1000
11/06/1984,WA,Whatcom,ignore,Mondale,580,1000
11/06/1984,WA,Whatcom,ignore,Reagan,420,1000
11/06/1984,GA,Whitfield,ignore,Mondale,420,1000
11/06/1984,GA,Whitfield,ignore,Reagan,580,1000
11/06/1984,WA,Douglas,ignore,Mondale,420,1000
11/06/1984,WA,Douglas,ignore,Reagan,580,1000
11/06/1984,GA,Clinch,ignore,Mondale,420,1000
11/06/1984,GA,Clinch,ignore,Reagan,580,1000
11/06/1984,ID,Adams,ignore,Mondale,420,1000
11/06/1984,ID,Adams,ignore,Reagan,580,1000
11/06/1984,TX,Hockley,ignore,Mondale,420,1000
11/06/1984,TX,Hockley,ignore,Reagan,580,1000
11/06/1984,IL,Pulaski,ignore,Mondale,510,1000
11/06/1984,IL,Pulaski,ignore,Reagan,490,1000
11/06/1984,GA,Chattahoochee,ignore,Mondale,510,1000
11/06/1984,GA,Chattahoochee,ignore,Reagan,490,1000
11/06/1984,AR,Randolph,ignore,Mondale,510,1000
11/06/1984,AR,Randolph,ignore,Reagan,490,1000
11/06/1984,AR,White,ignore,Mondale,510,1000
11/06/1984,AR,White,ignore,Reagan,490,1000
11/06/1984,MO,Howard,ignore,Mondale,420,1000
11/06/1984,MO,Howard,ignore,Reagan,580,1000
11/06/1984,TX,Knox,ignore,Mondale,420,1000
11/06/1984,TX,Knox,ignore,Reagan,580,1000
11/06/1984,NJ,Passaic,ignore,Mondale,580,1000
11/06/1984,NJ,Passaic,ignore,Reagan,420,1000
11/06/1984,MT,Broadwater,ignore,Mondale,420,1000
11/06/1984,MT,Broadwater,ignore,Reagan,580,1000
11/06/1984,GA,Jones,ignore,Mondale,470,1000
11/06/1984,GA,Jones,ignore,Reagan,530,1000
11/06/1984,NY,Otsego,ignore,Mondale,490,1000
11/06/1984,NY,Otsego,ignore,Reagan,510,1000
11/06/1984,TX,Franklin,ignore,Mondale,420,1000
11/06/1984,TX,Franklin,ignore,Reagan,580,1000
11/06/1984,OK,Garvin,ignore,Mondale,420,1000
11/06/1984,OK,Garvin,ignore,Reagan,580,1000
11/06/1984,NY,Hamilton,ignore,Mondale,420,1000
11/06/1984,NY,Hamilton,ignore,Reagan,580,1000
11/06/1984,PA,Pike,ignore,Mondale,490,1000
11/06/1984,PA,Pike,ignore,Reagan,510,1000
11/06/1984,VT,Orleans,ignore,Mondale,530,1000
11/06/1984,VT,Orleans,ignore,Reagan,470,1000
11/06/1984,GA,Colquitt,ignore,Mondale,420,1000
11/06/1984,GA,Colquitt,ignore,Reagan,580,1000
11/06/1984,VT,Chittenden,ignore,Mondale,580,1000
11/06/1984,VT,Chittenden,ignore,Reagan,420,1000
11/06/1984,MT,Pondera,ignore,Mondale,420,1000
11/06/1984,MT,Pondera,ignore,Reagan,580,1000
11/06/1984,WI,Columbia,ignore,Mondale,510,1000
11/06/1984,WI,Columbia,ignore,Reagan,490,1000
11/06/1984,NE,Thurston,ignore,Mondale,510,1000
11/06/1984,NE,Thurston,ignore,Reagan,490,1000
11/06/1984,AR,Woodruff,ignore,Mondale,580,1000
11/06/1984,AR,Woodruff,ignore,Reagan,420,1000
11/06/1984,OK,Okfuskee,ignore,Mondale,490,1000
11/06/1984,OK,Okfuskee,ignore,Reagan,510,1000
11/06/1984,TX,San_Patricio,ignore,Mondale,420,1000
11/06/1984,TX,San_Patricio,ignore,Reagan,580,1000
11/06/1984,MS,Rankin,ignore,Mondale,420,1000
11/06/1984,MS,Rankin,ignore,Reagan,580,1000
11/06/1984,NM,Curry,ignore,Mondale,420,1000
11/06/1984,NM,Curry,ignore,Reagan,580,1000
11/06/1984,MS,Leflore,ignore,Mondale,580,1000
11/06/1984,MS,Leflore,ignore,Reagan,420,1000
11/06/1984,TX,Hardin,ignore,Mondale,420,1000
11/06/1984,TX,Hardin,ignore,Reagan,580,1000
11/06/1984,VA,Nelson,ignore,Mondale,490,1000
11/06/1984,VA,Nelson,ignore,Reagan,510,1000
11/06/1984,TN,Jackson,ignore,Mondale,503,1000
11/06/1984,TN,Jackson,ignore,Reagan,497,1000
11/06/1984,TX,Refugio,ignore,Mondale,420,1000
11/06/1984,TX,Refugio,ignore,Reagan,580,1000
11/06/1984,FL,Columbia,ignore,Mondale,420,1000
11/06/1984,FL,Columbia,ignore,Reagan,580,1000
11/06/1984,KS,Atchison,ignore,Mondale,420,1000
11/06/1984,KS,Atchison,ignore,Reagan,580,1000
11/06/1984,AL,Jefferson,ignore,Mondale,420,1000
11/06/1984,AL,Jefferson,ignore,Reagan,580,1000
11/06/1984,TX,Houston,ignore,Mondale,420,1000
11/06/1984,TX,Houston,ignore,Reagan,580,1000
11/06/1984,WV,Marshall,ignore,Mondale,420,1000
11/06/1984,WV,Marshall,ignore,Reagan,580,1000
11/06/1984,VA,Pulaski,ignore,Mondale,420,1000
11/06/1984,VA,Pulaski,ignore,Reagan,580,1000
11/06/1984,MO,DeKalb,ignore,Mondale,420,1000
11/06/1984,MO,DeKalb,ignore,Reagan,580,1000
11/06/1984,GA,Harris,ignore,Mondale,470,1000
11/06/1984,GA,Harris,ignore,Reagan,530,1000
11/06/1984,GA,Houston,ignore,Mondale,470,1000
11/06/1984,GA,Houston,ignore,Reagan,530,1000
11/06/1984,CO,Custer,ignore,Mondale,497,1000
11/06/1984,CO,Custer,ignore,Reagan,503,1000
11/06/1984,MO,Reynolds,ignore,Mondale,510,1000
11/06/1984,MO,Reynolds,ignore,Reagan,490,1000
11/06/1984,TX,San_Saba,ignore,Mondale,420,1000
11/06/1984,TX,San_Saba,ignore,Reagan,580,1000
11/06/1984,CO,Fremont,ignore,Mondale,420,1000
11/06/1984,CO,Fremont,ignore,Reagan,580,1000
11/06/1984,TX,Webb,ignore,Mondale,470,1000
11/06/1984,TX,Webb,ignore,Reagan,530,1000
11/06/1984,KY,Pulaski,ignore,Mondale,420,1000
11/06/1984,KY,Pulaski,ignore,Reagan,580,1000
11/06/1984,KS,Thomas,ignore,Mondale,420,1000
11/06/1984,KS,Thomas,ignore,Reagan,580,1000
11/06/1984,UT,Box_Elder,ignore,Mondale,420,1000
11/06/1984,UT,Box_Elder,ignore,Reagan,580,1000
11/06/1984,TN,Marion,ignore,Mondale,420,1000
11/06/1984,TN,Marion,ignore,Reagan,580,1000
11/06/1984,MN,Chisago,ignore,Mondale,470,1000
11/06/1984,MN,Chisago,ignore,Reagan,530,1000
11/06/1984,NC,Transylvania,ignore,Mondale,470,1000
11/06/1984,NC,Transylvania,ignore,Reagan,530,1000
11/06/1984,MT,Treasure,ignore,Mondale,420,1000
11/06/1984,MT,Treasure,ignore,Reagan,580,1000
11/06/1984,WA,Thurston,ignore,Mondale,580,1000
11/06/1984,WA,Thurston,ignore,Reagan,420,1000
11/06/1984,MI,Barry,ignore,Mondale,420,1000
11/06/1984,MI,Barry,ignore,Reagan,580,1000
11/06/1984,UT,Juab,ignore,Mondale,420,1000
11/06/1984,UT,Juab,ignore,Reagan,580,1000
11/06/1984,VA,King_William,ignore,Mondale,420,1000
11/06/1984,VA,King_William,ignore,Reagan,580,1000
11/06/1984,GA,Catoosa,ignore,Mondale,420,1000
11/06/1984,GA,Catoosa,ignore,Reagan,580,1000
11/06/1984,NJ,Bergen,ignore,Mondale,530,1000
11/06/1984,NJ,Bergen,ignore,Reagan,470,1000
11/06/1984,TX,Wilbarger,ignore,Mondale,420,1000
11/06/1984,TX,Wilbarger,ignore,Reagan,580,1000
11/06/1984,OR,Coos,ignore,Mondale,490,1000
11/06/1984,OR,Coos,ignore,Reagan,510,1000
11/06/1984,AZ,Yuma,ignore,Mondale,420,1000
11/06/1984,AZ,Yuma,ignore,Reagan,580,1000
11/06/1984,IL,Rock_Island,ignore,Mondale,580,1000
11/06/1984,IL,Rock_Island,ignore,Reagan,420,1000
11/06/1984,KY,Fleming,ignore,Mondale,420,1000
11/06/1984,KY,Fleming,ignore,Reagan,580,1000
11/06/1984,WI,Menominee,ignore,Mondale,490,1000
11/06/1984,WI,Menominee,ignore,Reagan,510,1000
11/06/1984,OK,Ellis,ignore,Mondale,420,1000
11/06/1984,OK,Ellis,ignore,Reagan,580,1000
11/06/1984,VA,Alleghany,ignore,Mondale,420,1000
11/06/1984,VA,Alleghany,ignore,Reagan,580,1000
11/06/1984,SD,Charles_Mix,ignore,Mondale,420,1000
11/06/1984,SD,Charles_Mix,ignore,Reagan,580,1000
11/06/1984,TN,Hardeman,ignore,Mondale,420,1000
11/06/1984,TN,Hardeman,ignore,Reagan,580,1000
11/06/1984,MT,Glacier,ignore,Mondale,580,1000
11/06/1984,MT,Glacier,ignore,Reagan,420,1000
11/06/1984,MT,Park,ignore,Mondale,470,1000
11/06/1984,MT,Park,ignore,Reagan,530,1000
11/06/1984,GA,Elbert,ignore,Mondale,420,1000
11/06/1984,GA,Elbert,ignore,Reagan,580,1000
11/06/1984,MT,Sanders,ignore,Mondale,420,1000
11/06/1984,MT,Sanders,ignore,Reagan,580,1000
11/06/1984,TX,Van_Zandt,ignore,Mondale,420,1000
11/06/1984,TX,Van_Zandt,ignore,Reagan,580,1000
11/06/1984,NE,Gage,ignore,Mondale,420,1000
11/06/1984,NE,Gage,ignore,Reagan,580,1000
11/06/1984,LA,St_Landry,ignore,Mondale,420,1000
11/06/1984,LA,St_Landry,ignore,Reagan,580,1000
11/06/1984,ME,Knox,ignore,Mondale,580,1000
11/06/1984,ME,Knox,ignore,Reagan,420,1000
11/06/1984,NV,Lyon,ignore,Mondale,420,1000
11/06/1984,NV,Lyon,ignore,Reagan,580,1000
11/06/1984,AL,Colbert,ignore,Mondale,420,1000
11/06/1984,AL,Colbert,ignore,Reagan,580,1000
11/06/1984,LA,Lincoln,ignore,Mondale,420,1000
11/06/1984,LA,Lincoln,ignore,Reagan,580,1000
11/06/1984,CA,El_Dorado,ignore,Mondale,470,1000
11/06/1984,CA,El_Dorado,ignore,Reagan,530,1000
11/06/1984,ID,Shoshone,ignore,Mondale,530,1000
11/06/1984,ID,Shoshone,ignore,Reagan,470,1000
11/06/1984,TN,Wilson,ignore,Mondale,420,1000
11/06/1984,TN,Wilson,ignore,Reagan,580,1000
11/06/1984,ND,Mercer,ignore,Mondale,420,1000
11/06/1984,ND,Mercer,ignore,Reagan,580,1000
11/06/1984,TN,Unicoi,ignore,Mondale,420,1000
11/06/1984,TN,Unicoi,ignore,Reagan,580,1000
11/06/1984,WY,Goshen,ignore,Mondale,420,1000
11/06/1984,WY,Goshen,ignore,Reagan,580,1000
11/06/1984,MN,Nicollet,ignore,Mondale,510,1000
11/06/1984,MN,Nicollet,ignore,Reagan,490,1000
11/06/1984,WA,Garfield,ignore,Mondale,420,1000
11/06/1984,WA,Garfield,ignore,Reagan,580,1000
11/06/1984,MO,Cape_Girardeau,ignore,Mondale,470,1000
11/06/1984,MO,Cape_Girardeau,ignore,Reagan,530,1000
11/06/1984,OK,Pawnee,ignore,Mondale,420,1000
11/06/1984,OK,Pawnee,ignore,Reagan,580,1000
11/06/1984,NC,Swain,ignore,Mondale,420,1000
11/06/1984,NC,Swain,ignore,Reagan,580,1000
11/06/1984,VA,Culpeper,ignore,Mondale,420,1000
11/06/1984,VA,Culpeper,ignore,Reagan,580,1000
11/06/1984,NY,Tioga,ignore,Mondale,470,1000
11/06/1984,NY,Tioga,ignore,Reagan,530,1000
11/06/1984,NC,Jackson,ignore,Mondale,470,1000
11/06/1984,NC,Jackson,ignore,Reagan,530,1000
11/06/1984,TX,Bosque,ignore,Mondale,420,1000
11/06/1984,TX,Bosque,ignore,Reagan,580,1000
11/06/1984,IL,Pope,ignore,Mondale,470,1000
11/06/1984,IL,Pope,ignore,Reagan,530,1000
11/06/1984,IA,Buchanan,ignore,Mondale,530,1000
11/06/1984,IA,Buchanan,ignore,Reagan,470,1000
11/06/1984,TN,Fentress,ignore,Mondale,420,1000
11/06/1984,TN,Fentress,ignore,Reagan,580,1000
11/06/1984,IL,Sangamon,ignore,Mondale,530,1000
11/06/1984,IL,Sangamon,ignore,Reagan,470,1000
11/06/1984,KS,Franklin,ignore,Mondale,420,1000
11/06/1984,KS,Franklin,ignore,Reagan,580,1000
11/06/1984,OR,Jackson,ignore,Mondale,503,1000
11/06/1984,OR,Jackson,ignore,Reagan,497,1000
11/06/1984,ID,Fremont,ignore,Mondale,420,1000
11/06/1984,ID,Fremont,ignore,Reagan,580,1000
11/06/1984,NE,Holt,ignore,Mondale,420,1000
11/06/1984,NE,Holt,ignore,Reagan,580,1000
11/06/1984,MO,Jackson,ignore,Mondale,580,1000
11/06/1984,MO,Jackson,ignore,Reagan,420,1000
11/06/1984,VA,King_George,ignore,Mondale,470,1000
11/06/1984,VA,King_George,ignore,Reagan,530,1000
11/06/1984,TX,Caldwell,ignore,Mondale,420,1000
11/06/1984,TX,Caldwell,ignore,Reagan,580,1000
11/06/1984,VA,Lancaster,ignore,Mondale,470,1000
11/06/1984,VA,Lancaster,ignore,Reagan,530,1000
11/06/1984,MO,Chariton,ignore,Mondale,420,1000
11/06/1984,MO,Chariton,ignore,Reagan,580,1000
11/06/1984,MT,Cascade,ignore,Mondale,470,1000
11/06/1984,MT,Cascade,ignore,Reagan,530,1000
11/06/1984,VA,Mathews,ignore,Mondale,420,1000
11/06/1984,VA,Mathews,ignore,Reagan,580,1000
11/06/1984,OK,Bryan,ignore,Mondale,470,1000
11/06/1984,OK,Bryan,ignore,Reagan,530,1000
11/06/1984,TX,Washington,ignore,Mondale,420,1000
11/06/1984,TX,Washington,ignore,Reagan,580,1000
11/06/1984,OH,Gallia,ignore,Mondale,420,1000
11/06/1984,OH,Gallia,ignore,Reagan,580,1000
11/06/1984,TN,Hamilton,ignore,Mondale,420,1000
11/06/1984,TN,Hamilton,ignore,Reagan,580,1000
11/06/1984,NE,Sheridan,ignore,Mondale,420,1000
11/06/1984,NE,Sheridan,ignore,Reagan,580,1000
11/06/1984,IL,Jo_Daviess,ignore,Mondale,530,1000
11/06/1984,IL,Jo_Daviess,ignore,Reagan,470,1000
11/06/1984,SD,Corson,ignore,Mondale,420,1000
11/06/1984,SD,Corson,ignore,Reagan,580,1000
11/06/1984,MO,Lafayette,ignore,Mondale,420,1000
11/06/1984,MO,Lafayette,ignore,Reagan,580,1000
11/06/1984,PA,Montgomery,ignore,Mondale,580,1000
11/06/1984,PA,Montgomery,ignore,Reagan,420,1000
11/06/1984,MD,Prince_George_s,ignore,Mondale,580,1000
11/06/1984,MD,Prince_George_s,ignore,Reagan,420,1000
11/06/1984,VA,Middlesex,ignore,Mondale,470,1000
11/06/1984,VA,Middlesex,ignore,Reagan,530,1000
11/06/1984,ID,Owyhee,ignore,Mondale,420,1000
11/06/1984,ID,Owyhee,ignore,Reagan,580,1000
11/06/1984,KS,Doniphan,ignore,Mondale,420,1000
11/06/1984,KS,Doniphan,ignore,Reagan,580,1000
11/06/1984,NC,Graham,ignore,Mondale,420,1000
11/06/1984,NC,Graham,ignore,Reagan,580,1000
11/06/1984,AL,Lamar,ignore,Mondale,420,1000
11/06/1984,AL,Lamar,ignore,Reagan,580,1000
11/06/1984,GA,Coffee,ignore,Mondale,420,1000
11/06/1984,GA,Coffee,ignore,Reagan,580,1000
11/06/1984,CO,Ouray,ignore,Mondale,470,1000
11/06/1984,CO,Ouray,ignore,Reagan,530,1000
11/06/1984,NC,Henderson,ignore,Mondale,470,1000
11/06/1984,NC,Henderson,ignore,Reagan,530,1000
11/06/1984,ID,Elmore,ignore,Mondale,420,1000
11/06/1984,ID,Elmore,ignore,Reagan,580,1000
11/06/1984,ID,Jefferson,ignore,Mondale,420,1000
11/06/1984,ID,Jefferson,ignore,Reagan,580,1000
11/06/1984,IN,Lake,ignore,Mondale,580,1000
11/06/1984,IN,Lake,ignore,Reagan,420,1000
11/06/1984,PA,Lycoming,ignore,Mondale,420,1000
11/06/1984,PA,Lycoming,ignore,Reagan,580,1000
11/06/1984,NJ,Hunterdon,ignore,Mondale,470,1000
11/06/1984,NJ,Hunterdon,ignore,Reagan,530,1000
11/06/1984,VA,Smyth,ignore,Mondale,420,1000
11/06/1984,VA,Smyth,ignore,Reagan,580,1000
11/06/1984,VA,Spotsylvania,ignore,Mondale,470,1000
11/06/1984,VA,Spotsylvania,ignore,Reagan,530,1000
11/06/1984,NE,Sarpy,ignore,Mondale,420,1000
11/06/1984,NE,Sarpy,ignore,Reagan,580,1000
11/06/1984,OK,Harmon,ignore,Mondale,490,1000
11/06/1984,OK,Harmon,ignore,Reagan,510,1000
11/06/1984,GA,Toombs,ignore,Mondale,420,1000
11/06/1984,GA,Toombs,ignore,Reagan,580,1000
11/06/1984,KS,Harper,ignore,Mondale,420,1000
11/06/1984,KS,Harper,ignore,Reagan,580,1000
11/06/1984,AL,Shelby,ignore,Mondale,420,1000
11/06/1984,AL,Shelby,ignore,Reagan,580,1000
11/06/1984,AR,Calhoun,ignore,Mondale,470,1000
11/06/1984,AR,Calhoun,ignore,Reagan,530,1000
11/06/1984,NY,Columbia,ignore,Mondale,530,1000
11/06/1984,NY,Columbia,ignore,Reagan,470,1000
11/06/1984,GA,Warren,ignore,Mondale,580,1000
11/06/1984,GA,Warren,ignore,Reagan,420,1000
11/06/1984,OR,Linn,ignore,Mondale,470,1000
11/06/1984,OR,Linn,ignore,Reagan,530,1000
11/06/1984,SD,Gregory,ignore,Mondale,420,1000
11/06/1984,SD,Gregory,ignore,Reagan,580,1000
11/06/1984,TX,San_Jacinto,ignore,Mondale,420,1000
11/06/1984,TX,San_Jacinto,ignore,Reagan,580,1000
11/06/1984,IL,Calhoun,ignore,Mondale,420,1000
11/06/1984,IL,Calhoun,ignore,Reagan,580,1000
11/06/1984,FL,Brevard,ignore,Mondale,470,1000
11/06/1984,FL,Brevard,ignore,Reagan,530,1000
11/06/1984,NE,Scotts_Bluff,ignore,Mondale,420,1000
11/06/1984,NE,Scotts_Bluff,ignore,Reagan,580,1000
11/06/1984,ND,Nelson,ignore,Mondale,503,1000
11/06/1984,ND,Nelson,ignore,Reagan,497,1000
11/06/1984,ME,Androscoggin,ignore,Mondale,530,1000
11/06/1984,ME,Androscoggin,ignore,Reagan,470,1000
11/06/1984,TX,Wise,ignore,Mondale,420,1000
11/06/1984,TX,Wise,ignore,Reagan,580,1000
11/06/1984,TN,Rutherford,ignore,Mondale,420,1000
11/06/1984,TN,Rutherford,ignore,Reagan,580,1000
11/06/1984,MI,Houghton,ignore,Mondale,420,1000
11/06/1984,MI,Houghton,ignore,Reagan,580,1000
11/06/1984,KY,Leslie,ignore,Mondale,420,1000
11/06/1984,KY,Leslie,ignore,Reagan,580,1000
11/06/1984,NC,Harnett,ignore,Mondale,420,1000
11/06/1984,NC,Harnett,ignore,Reagan,580,1000
11/06/1984,KY,Perry,ignore,Mondale,420,1000
11/06/1984,KY,Perry,ignore,Reagan,580,1000
11/06/1984,IL,DuPage,ignore,Mondale,580,1000
11/06/1984,IL,DuPage,ignore,Reagan,420,1000
11/06/1984,MN,Anoka,ignore,Mondale,490,1000
11/06/1984,MN,Anoka,ignore,Reagan,510,1000
11/06/1984,CA,Butte,ignore,Mondale,503,1000
11/06/1984,CA,Butte,ignore,Reagan,497,1000
11/06/1984,MN,Stearns,ignore,Mondale,470,1000
11/06/1984,MN,Stearns,ignore,Reagan,530,1000
11/06/1984,MN,Sherburne,ignore,Mondale,420,1000
11/06/1984,MN,Sherburne,ignore,Reagan,580,1000
11/06/1984,MO,Jasper,ignore,Mondale,470,1000
11/06/1984,MO,Jasper,ignore,Reagan,530,1000
11/06/1984,GA,Wayne,ignore,Mondale,420,1000
11/06/1984,GA,Wayne,ignore,Reagan,580,1000
11/06/1984,MD,Frederick,ignore,Mondale,530,1000
11/06/1984,MD,Frederick,ignore,Reagan,470,1000
11/06/1984,AL,Dallas,ignore,Mondale,420,1000
11/06/1984,AL,Dallas,ignore,Reagan,580,1000
11/06/1984,MI,Genesee,ignore,Mondale,580,1000
11/06/1984,MI,Genesee,ignore,Reagan,420,1000
11/06/1984,NC,Hoke,ignore,Mondale,580,1000
11/06/1984,NC,Hoke,ignore,Reagan,420,1000
11/06/1984,VA,Campbell,ignore,Mondale,420,1000
11/06/1984,VA,Campbell,ignore,Reagan,580,1000
11/06/1984,MN,Jackson,ignore,Mondale,470,1000
11/06/1984,MN,Jackson,ignore,Reagan,530,1000
11/06/1984,MI,St_Joseph,ignore,Mondale,420,1000
11/06/1984,MI,St_Joseph,ignore,Reagan,580,1000
11/06/1984,KY,Bath,ignore,Mondale,420,1000
11/06/1984,KY,Bath,ignore,Reagan,580,1000
11/06/1984,SD,Brookings,ignore,Mondale,470,1000
11/06/1984,SD,Brookings,ignore,Reagan,530,1000
11/06/1984,TN,Cocke,ignore,Mondale,420,1000
11/06/1984,TN,Cocke,ignore,Reagan,580,1000
11/06/1984,SD,Minnehaha,ignore,Mondale,470,1000
11/06/1984,SD,Minnehaha,ignore,Reagan,530,1000
11/06/1984,SC,Abbeville,ignore,Mondale,420,1000
11/06/1984,SC,Abbeville,ignore,Reagan,580,1000
11/06/1984,SC,Aiken,ignore,Mondale,420,1000
11/06/1984,SC,Aiken,ignore,Reagan,580,1000
11/06/1984,TN,Dickson,ignore,Mondale,420,1000
11/06/1984,TN,Dickson,ignore,Reagan,580,1000
11/06/1984,SC,Edgefield,ignore,Mondale,420,1000
11/06/1984,SC,Edgefield,ignore,Reagan,580,1000
11/06/1984,MN,Lac_qui_Parle,ignore,Mondale,510,1000
11/06/1984,MN,Lac_qui_Parle,ignore,Reagan,490,1000
11/06/1984,MT,Powell,ignore,Mondale,420,1000
11/06/1984,MT,Powell,ignore,Reagan,580,1000
11/06/1984,OR,Union,ignore,Mondale,420,1000
11/06/1984,OR,Union,ignore,Reagan,580,1000
11/06/1984,AK,Dillingham,ignore,Mondale,420,1000
11/06/1984,AK,Dillingham,ignore,Reagan,580,1000
11/06/1984,IN,Jefferson,ignore,Mondale,420,1000
11/06/1984,IN,Jefferson,ignore,Reagan,580,1000
11/06/1984,MS,Coahoma,ignore,Mondale,580,1000
11/06/1984,MS,Coahoma,ignore,Reagan,420,1000
11/06/1984,NY,Orange,ignore,Mondale,510,1000
11/06/1984,NY,Orange,ignore,Reagan,490,1000
11/06/1984,WI,Iron,ignore,Mondale,470,1000
11/06/1984,WI,Iron,ignore,Reagan,530,1000
11/06/1984,KY,Franklin,ignore,Mondale,503,1000
11/06/1984,KY,Franklin,ignore,Reagan,497,1000
11/06/1984,IN,Clinton,ignore,Mondale,420,1000
11/06/1984,IN,Clinton,ignore,Reagan,580,1000
11/06/1984,LA,St_Charles,ignore,Mondale,580,1000
11/06/1984,LA,St_Charles,ignore,Reagan,420,1000
11/06/1984,NC,Greene,ignore,Mondale,503,1000
11/06/1984,NC,Greene,ignore,Reagan,497,1000
11/06/1984,TN,Lauderdale,ignore,Mondale,420,1000
11/06/1984,TN,Lauderdale,ignore,Reagan,580,1000
11/06/1984,TN,DeKalb,ignore,Mondale,490,1000
11/06/1984,TN,DeKalb,ignore,Reagan,510,1000
11/06/1984,FL,Citrus,ignore,Mondale,470,1000
11/06/1984,FL,Citrus,ignore,Reagan,530,1000
11/06/1984,SC,Greenwood,ignore,Mondale,420,1000
11/06/1984,SC,Greenwood,ignore,Reagan,580,1000
11/06/1984,TN,Perry,ignore,Mondale,420,1000
11/06/1984,TN,Perry,ignore,Reagan,580,1000
11/06/1984,WI,Sheboygan,ignore,Mondale,420,1000
11/06/1984,WI,Sheboygan,ignore,Reagan,580,1000
11/06/1984,SC,Spartanburg,ignore,Mondale,420,1000
11/06/1984,SC,Spartanburg,ignore,Reagan,580,1000
11/06/1984,MN,Renville,ignore,Mondale,497,1000
11/06/1984,MN,Renville,ignore,Reagan,503,1000
11/06/1984,MO,Cole,ignore,Mondale,510,1000
11/06/1984,MO,Cole,ignore,Reagan,490,1000
11/06/1984,WY,Fremont,ignore,Mondale,420,1000
11/06/1984,WY,Fremont,ignore,Reagan,580,1000
11/06/1984,TN,Claiborne,ignore,Mondale,420,1000
11/06/1984,TN,Claiborne,ignore,Reagan,580,1000
11/06/1984,PA,Beaver,ignore,Mondale,470,1000
11/06/1984,PA,Beaver,ignore,Reagan,530,1000
11/06/1984,PA,Erie,ignore,Mondale,530,1000
11/06/1984,PA,Erie,ignore,Reagan,470,1000
11/06/1984,NC,Wayne,ignore,Mondale,470,1000
11/06/1984,NC,Wayne,ignore,Reagan,530,1000
11/06/1984,TX,Hays,ignore,Mondale,470,1000
11/06/1984,TX,Hays,ignore,Reagan,530,1000
11/06/1984,UT,Millard,ignore,Mondale,420,1000
11/06/1984,UT,Millard,ignore,Reagan,580,1000
11/06/1984,AL,Tallapoosa,ignore,Mondale,420,1000
11/06/1984,AL,Tallapoosa,ignore,Reagan,580,1000
11/06/1984,MN,Washington,ignore,Mondale,530,1000
11/06/1984,MN,Washington,ignore,Reagan,470,1000
11/06/1984,IA,Lyon,ignore,Mondale,420,1000
11/06/1984,IA,Lyon,ignore,Reagan,580,1000
11/06/1984,NY,Chemung,ignore,Mondale,420,1000
11/06/1984,NY,Chemung,ignore,Reagan,580,1000
11/06/1984,NE,Red_Willow,ignore,Mondale,420,1000
11/06/1984,NE,Red_Willow,ignore,Reagan,580,1000
11/06/1984,WV,Hancock,ignore,Mondale,420,1000
11/06/1984,WV,Hancock,ignore,Reagan,580,1000
11/06/1984,FL,Okeechobee,ignore,Mondale,420,1000
11/06/1984,FL,Okeechobee,ignore,Reagan,580,1000
11/06/1984,NE,Hitchcock,ignore,Mondale,420,1000
11/06/1984,NE,Hitchcock,ignore,Reagan,580,1000
11/06/1984,LA,Cameron,ignore,Mondale,470,1000
11/06/1984,LA,Cameron,ignore,Reagan,530,1000
11/06/1984,OK,Love,ignore,Mondale,420,1000
11/06/1984,OK,Love,ignore,Reagan,580,1000
11/06/1984,IA,Bremer,ignore,Mondale,530,1000
11/06/1984,IA,Bremer,ignore,Reagan,470,1000
11/06/1984,ID,Butte,ignore,Mondale,420,1000
11/06/1984,ID,Butte,ignore,Reagan,580,1000
11/06/1984,AR,Lafayette,ignore,Mondale,530,1000
11/06/1984,AR,Lafayette,ignore,Reagan,470,1000
11/06/1984,SD,Stanley,ignore,Mondale,420,1000
11/06/1984,SD,Stanley,ignore,Reagan,580,1000
11/06/1984,OH,Franklin,ignore,Mondale,580,1000
11/06/1984,OH,Franklin,ignore,Reagan,420,1000
11/06/1984,MT,Fergus,ignore,Mondale,420,1000
11/06/1984,MT,Fergus,ignore,Reagan,580,1000
11/06/1984,NC,Davie,ignore,Mondale,420,1000
11/06/1984,NC,Davie,ignore,Reagan,580,1000
11/06/1984,AR,Independence,ignore,Mondale,470,1000
11/06/1984,AR,Independence,ignore,Reagan,530,1000
11/06/1984,NC,Pender,ignore,Mondale,420,1000
11/06/1984,NC,Pender,ignore,Reagan,580,1000
11/06/1984,MO,Nodaway,ignore,Mondale,420,1000
11/06/1984,MO,Nodaway,ignore,Reagan,580,1000
11/06/1984,NE,Seward,ignore,Mondale,420,1000
11/06/1984,NE,Seward,ignore,Reagan,580,1000
11/06/1984,OK,Wagoner,ignore,Mondale,420,1000
11/06/1984,OK,Wagoner,ignore,Reagan,580,1000
11/06/1984,OK,Harper,ignore,Mondale,420,1000
11/06/1984,OK,Harper,ignore,Reagan,580,1000
11/06/1984,AL,Covington,ignore,Mondale,420,1000
11/06/1984,AL,Covington,ignore,Reagan,580,1000
11/06/1984,KS,Greeley,ignore,Mondale,420,1000
11/06/1984,KS,Greeley,ignore,Reagan,580,1000
11/06/1984,MI,Arenac,ignore,Mondale,490,1000
11/06/1984,MI,Arenac,ignore,Reagan,510,1000
11/06/1984,TX,Jefferson,ignore,Mondale,510,1000
11/06/1984,TX,Jefferson,ignore,Reagan,490,1000
11/06/1984,WI,Burnett,ignore,Mondale,420,1000
11/06/1984,WI,Burnett,ignore,Reagan,580,1000
11/06/1984,IN,Floyd,ignore,Mondale,503,1000
11/06/1984,IN,Floyd,ignore,Reagan,497,1000
11/06/1984,MI,Gogebic,ignore,Mondale,530,1000
11/06/1984,MI,Gogebic,ignore,Reagan,470,1000
11/06/1984,GA,Union,ignore,Mondale,420,1000
11/06/1984,GA,Union,ignore,Reagan,580,1000
11/06/1984,NJ,Middlesex,ignore,Mondale,580,1000
11/06/1984,NJ,Middlesex,ignore,Reagan,420,1000
11/06/1984,AR,Monroe,ignore,Mondale,530,1000
11/06/1984,AR,Monroe,ignore,Reagan,470,1000
11/06/1984,MN,Pennington,ignore,Mondale,490,1000
11/06/1984,MN,Pennington,ignore,Reagan,510,1000
11/06/1984,RI,Washington,ignore,Mondale,580,1000
11/06/1984,RI,Washington,ignore,Reagan,420,1000
11/06/1984,AR,Lonoke,ignore,Mondale,470,1000
11/06/1984,AR,Lonoke,ignore,Reagan,530,1000
11/06/1984,NE,Dakota,ignore,Mondale,470,1000
11/06/1984,NE,Dakota,ignore,Reagan,530,1000
11/06/1984,AR,Little_River,ignore,Mondale,420,1000
11/06/1984,AR,Little_River,ignore,Reagan,580,1000
11/06/1984,AR,Logan,ignore,Mondale,420,1000
11/06/1984,AR,Logan,ignore,Reagan,580,1000
11/06/1984,VA,Harrisonburg,ignore,Mondale,420,1000
11/06/1984,VA,Harrisonburg,ignore,Reagan,580,1000
11/06/1984,NC,Mitchell,ignore,Mondale,420,1000
11/06/1984,NC,Mitchell,ignore,Reagan,580,1000
11/06/1984,VA,York,ignore,Mondale,470,1000
11/06/1984,VA,York,ignore,Reagan,530,1000
11/06/1984,LA,Rapides,ignore,Mondale,470,1000
11/06/1984,LA,Rapides,ignore,Reagan,530,1000
11/06/1984,KS,Gove,ignore,Mondale,420,1000
11/06/1984,KS,Gove,ignore,Reagan,580,1000
11/06/1984,VA,Powhatan,ignore,Mondale,420,1000
11/06/1984,VA,Powhatan,ignore,Reagan,580,1000
11/06/1984,AR,Sharp,ignore,Mondale,497,1000
11/06/1984,AR,Sharp,ignore,Reagan,503,1000
11/06/1984,MS,Tate,ignore,Mondale,470,1000
11/06/1984,MS,Tate,ignore,Reagan,530,1000
11/06/1984,TN,Scott,ignore,Mondale,420,1000
11/06/1984,TN,Scott,ignore,Reagan,580,1000
11/06/1984,ME,Penobscot,ignore,Mondale,490,1000
11/06/1984,ME,Penobscot,ignore,Reagan,510,1000
11/06/1984,NC,Montgomery,ignore,Mondale,420,1000
11/06/1984,NC,Montgomery,ignore,Reagan,580,1000
11/06/1984,NE,Sioux,ignore,Mondale,420,1000
11/06/1984,NE,Sioux,ignore,Reagan,580,1000
11/06/1984,WA,Columbia,ignore,Mondale,420,1000
11/06/1984,WA,Columbia,ignore,Reagan,580,1000
11/06/1984,CA,San_Francisco,ignore,Mondale,580,1000
11/06/1984,CA,San_Francisco,ignore,Reagan,420,1000
11/06/1984,MO,Platte,ignore,Mondale,470,1000
11/06/1984,MO,Platte,ignore,Reagan,530,1000
11/06/1984,ND,Traill,ignore,Mondale,510,1000
11/06/1984,ND,Traill,ignore,Reagan,490,1000
11/06/1984,NJ,Atlantic,ignore,Mondale,580,1000
11/06/1984,NJ,Atlantic,ignore,Reagan,420,1000
11/06/1984,VA,Chesterfield,ignore,Mondale,470,1000
11/06/1984,VA,Chesterfield,ignore,Reagan,530,1000
11/06/1984,IN,LaGrange,ignore,Mondale,420,1000
11/06/1984,IN,LaGrange,ignore,Reagan,580,1000
11/06/1984,CO,Garfield,ignore,Mondale,470,1000
11/06/1984,CO,Garfield,ignore,Reagan,530,1000
11/06/1984,FL,Indian_River,ignore,Mondale,420,1000
11/06/1984,FL,Indian_River,ignore,Reagan,580,1000
11/06/1984,NC,Rutherford,ignore,Mondale,420,1000
11/06/1984,NC,Rutherford,ignore,Reagan,580,1000
11/06/1984,OH,Mahoning,ignore,Mondale,580,1000
11/06/1984,OH,Mahoning,ignore,Reagan,420,1000
11/06/1984,KS,Clark,ignore,Mondale,420,1000
11/06/1984,KS,Clark,ignore,Reagan,580,1000
11/06/1984,MO,Buchanan,ignore,Mondale,420,1000
11/06/1984,MO,Buchanan,ignore,Reagan,580,1000
11/06/1984,OH,Lake,ignore,Mondale,510,1000
11/06/1984,OH,Lake,ignore,Reagan,490,1000
11/06/1984,IN,Daviess,ignore,Mondale,420,1000
11/06/1984,IN,Daviess,ignore,Reagan,580,1000
11/06/1984,IA,Muscatine,ignore,Mondale,530,1000
11/06/1984,IA,Muscatine,ignore,Reagan,470,1000
11/06/1984,NJ,Hudson,ignore,Mondale,580,1000
11/06/1984,NJ,Hudson,ignore,Reagan,420,1000
11/06/1984,CA,Plumas,ignore,Mondale,420,1000
11/06/1984,CA,Plumas,ignore,Reagan,580,1000
11/06/1984,LA,Winn,ignore,Mondale,420,1000
11/06/1984,LA,Winn,ignore,Reagan,580,1000
11/06/1984,AR,Pike,ignore,Mondale,510,1000
11/06/1984,AR,Pike,ignore,Reagan,490,1000
11/06/1984,MO,St_Charles,ignore,Mondale,420,1000
11/06/1984,MO,St_Charles,ignore,Reagan,580,1000
11/06/1984,IL,Knox,ignore,Mondale,490,1000
11/06/1984,IL,Knox,ignore,Reagan,510,1000
11/06/1984,CA,San_Mateo,ignore,Mondale,580,1000
11/06/1984,CA,San_Mateo,ignore,Reagan,420,1000
11/06/1984,AL,Crenshaw,ignore,Mondale,420,1000
11/06/1984,AL,Crenshaw,ignore,Reagan,580,1000
11/06/1984,NC,Tyrrell,ignore,Mondale,580,1000
11/06/1984,NC,Tyrrell,ignore,Reagan,420,1000
11/06/1984,KS,Johnson,ignore,Mondale,510,1000
11/06/1984,KS,Johnson,ignore,Reagan,490,1000
11/06/1984,IN,Steuben,ignore,Mondale,420,1000
11/06/1984,IN,Steuben,ignore,Reagan,580,1000
11/06/1984,CO,Kit_Carson,ignore,Mondale,420,1000
11/06/1984,CO,Kit_Carson,ignore,Reagan,580,1000
11/06/1984,FL,Palm_Beach,ignore,Mondale,580,1000
11/06/1984,FL,Palm_Beach,ignore,Reagan,420,1000
11/06/1984,IL,Marion,ignore,Mondale,420,1000
11/06/1984,IL,Marion,ignore,Reagan,580,1000
11/06/1984,CO,Moffat,ignore,Mondale,420,1000
11/06/1984,CO,Moffat,ignore,Reagan,580,1000
11/06/1984,MN,Norman,ignore,Mondale,530,1000
11/06/1984,MN,Norman,ignore,Reagan,470,1000
11/06/1984,MO,Bollinger,ignore,Mondale,420,1000
11/06/1984,MO,Bollinger,ignore,Reagan,580,1000
11/06/1984,VA,Appomattox,ignore,Mondale,470,1000
11/06/1984,VA,Appomattox,ignore,Reagan,530,1000
11/06/1984,WA,Wahkiakum,ignore,Mondale,490,1000
11/06/1984,WA,Wahkiakum,ignore,Reagan,510,1000
11/06/1984,GA,Richmond,ignore,Mondale,530,1000
11/06/1984,GA,Richmond,ignore,Reagan,470,1000
11/06/1984,NC,Orange,ignore,Mondale,580,1000
11/06/1984,NC,Orange,ignore,Reagan,420,1000
11/06/1984,PA,Armstrong,ignore,Mondale,420,1000
11/06/1984,PA,Armstrong,ignore,Reagan,580,1000
11/06/1984,TX,Henderson,ignore,Mondale,420,1000
11/06/1984,TX,Henderson,ignore,Reagan,580,1000
11/06/1984,GA,Stewart,ignore,Mondale,580,1000
11/06/1984,GA,Stewart,ignore,Reagan,420,1000
11/06/1984,KY,Hardin,ignore,Mondale,420,1000
11/06/1984,KY,Hardin,ignore,Reagan,580,1000
11/06/1984,MN,Morrison,ignore,Mondale,470,1000
11/06/1984,MN,Morrison,ignore,Reagan,530,1000
11/06/1984,IL,Mason,ignore,Mondale,420,1000
11/06/1984,IL,Mason,ignore,Reagan,580,1000
11/06/1984,TX,Red_River,ignore,Mondale,420,1000
11/06/1984,TX,Red_River,ignore,Reagan,580,1000
11/06/1984,FL,Collier,ignore,Mondale,420,1000
11/06/1984,FL,Collier,ignore,Reagan,580,1000
11/06/1984,TX,Travis,ignore,Mondale,580,1000
11/06/1984,TX,Travis,ignore,Reagan,420,1000
11/06/1984,CA,Sutter,ignore,Mondale,420,1000
11/06/1984,CA,Sutter,ignore,Reagan,580,1000
11/06/1984,CA,Lassen,ignore,Mondale,420,1000
11/06/1984,CA,Lassen,ignore,Reagan,580,1000
11/06/1984,FL,Osceola,ignore,Mondale,530,1000
11/06/1984,FL,Osceola,ignore,Reagan,470,1000
11/06/1984,ID,Teton,ignore,Mondale,470,1000
11/06/1984,ID,Teton,ignore,Reagan,530,1000
11/06/1984,CO,Rio_Grande,ignore,Mondale,420,1000
11/06/1984,CO,Rio_Grande,ignore,Reagan,580,1000
11/06/1984,MI,Delta,ignore,Mondale,490,1000
11/06/1984,MI,Delta,ignore,Reagan,510,1000
11/06/1984,NY,Queens,ignore,Mondale,580,1000
11/06/1984,NY,Queens,ignore,Reagan,420,1000
11/06/1984,OR,Curry,ignore,Mondale,470,1000
11/06/1984,OR,Curry,ignore,Reagan,530,1000
11/06/1984,VA,Essex,ignore,Mondale,497,1000
11/06/1984,VA,Essex,ignore,Reagan,503,1000
11/06/1984,OK,Tillman,ignore,Mondale,420,1000
11/06/1984,OK,Tillman,ignore,Reagan,580,1000
11/06/1984,CO,Crowley,ignore,Mondale,420,1000
11/06/1984,CO,Crowley,ignore,Reagan,580,1000
11/06/1984,CO,Pueblo,ignore,Mondale,420,1000
11/06/1984,CO,Pueblo,ignore,Reagan,580,1000
11/06/1984,CO,Las_Animas,ignore,Mondale,530,1000
11/06/1984,CO,Las_Animas,ignore,Reagan,470,1000
11/06/1984,OK,Adair,ignore,Mondale,420,1000
11/06/1984,OK,Adair,ignore,Reagan,580,1000
11/06/1984,NY,Schoharie,ignore,Mondale,420,1000
11/06/1984,NY,Schoharie,ignore,Reagan,580,1000
11/06/1984,NY,Broome,ignore,Mondale,530,1000
11/06/1984,NY,Broome,ignore,Reagan,470,1000
11/06/1984,OH,Scioto,ignore,Mondale,490,1000
11/06/1984,OH,Scioto,ignore,Reagan,510,1000
11/06/1984,OH,Seneca,ignore,Mondale,470,1000
11/06/1984,OH,Seneca,ignore,Reagan,530,1000
11/06/1984,TX,Starr,ignore,Mondale,420,1000
11/06/1984,TX,Starr,ignore,Reagan,580,1000
11/06/1984,GA,Glynn,ignore,Mondale,420,1000
11/06/1984,GA,Glynn,ignore,Reagan,580,1000
11/06/1984,GA,Hall,ignore,Mondale,420,1000
11/06/1984,GA,Hall,ignore,Reagan,580,1000
11/06/1984,TX,Brazoria,ignore,Mondale,420,1000
11/06/1984,TX,Brazoria,ignore,Reagan,580,1000
11/06/1984,PA,Northumberland,ignore,Mondale,420,1000
11/06/1984,PA,Northumberland,ignore,Reagan,580,1000
11/06/1984,MI,Washtenaw,ignore,Mondale,510,1000
11/06/1984,MI,Washtenaw,ignore,Reagan,490,1000
11/06/1984,NC,Ashe,ignore,Mondale,420,1000
11/06/1984,NC,Ashe,ignore,Reagan,580,1000
11/06/1984,VA,Russell,ignore,Mondale,420,1000
11/06/1984,VA,Russell,ignore,Reagan,580,1000
11/06/1984,NC,Bladen,ignore,Mondale,470,1000
11/06/1984,NC,Bladen,ignore,Reagan,530,1000
11/06/1984,KY,Johnson,ignore,Mondale,420,1000
11/06/1984,KY,Johnson,ignore,Reagan,580,1000
11/06/1984,NC,Robeson,ignore,Mondale,510,1000
11/06/1984,NC,Robeson,ignore,Reagan,490,1000
11/06/1984,TN,Shelby,ignore,Mondale,580,1000
11/06/1984,TN,Shelby,ignore,Reagan,420,1000
11/06/1984,MI,Iosco,ignore,Mondale,470,1000
11/06/1984,MI,Iosco,ignore,Reagan,530,1000
11/06/1984,OK,Muskogee,ignore,Mondale,420,1000
11/06/1984,OK,Muskogee,ignore,Reagan,580,1000
11/06/1984,GA,Crawford,ignore,Mondale,420,1000
11/06/1984,GA,Crawford,ignore,Reagan,580,1000
11/06/1984,VA,Virginia_Beach,ignore,Mondale,470,1000
11/06/1984,VA,Virginia_Beach,ignore,Reagan,530,1000
11/06/1984,MI,Oakland,ignore,Mondale,530,1000
11/06/1984,MI,Oakland,ignore,Reagan,470,1000
11/06/1984,MI,Saginaw,ignore,Mondale,530,1000
11/06/1984,MI,Saginaw,ignore,Reagan,470,1000
11/06/1984,TN,Greene,ignore,Mondale,420,1000
11/06/1984,TN,Greene,ignore,Reagan,580,1000
11/06/1984,PA,Carbon,ignore,Mondale,470,1000
11/06/1984,PA,Carbon,ignore,Reagan,530,1000
11/06/1984,SC,Chesterfield,ignore,Mondale,470,1000
11/06/1984,SC,Chesterfield,ignore,Reagan,530,1000
11/06/1984,TN,Sullivan,ignore,Mondale,420,1000
11/06/1984,TN,Sullivan,ignore,Reagan,580,1000
11/06/1984,NM,Roosevelt,ignore,Mondale,420,1000
11/06/1984,NM,Roosevelt,ignore,Reagan,580,1000
11/06/1984,LA,Ascension,ignore,Mondale,470,1000
11/06/1984,LA,Ascension,ignore,Reagan,530,1000
11/06/1984,GA,Berrien,ignore,Mondale,420,1000
11/06/1984,GA,Berrien,ignore,Reagan,580,1000
11/06/1984,NC,Johnston,ignore,Mondale,420,1000
11/06/1984,NC,Johnston,ignore,Reagan,580,1000
11/06/1984,KY,Lawrence,ignore,Mondale,420,1000
11/06/1984,KY,Lawrence,ignore,Reagan,580,1000
11/06/1984,PA,Fayette,ignore,Mondale,470,1000
11/06/1984,PA,Fayette,ignore,Reagan,530,1000
11/06/1984,TN,Lawrence,ignore,Mondale,470,1000
11/06/1984,TN,Lawrence,ignore,Reagan,530,1000
11/06/1984,UT,Iron,ignore,Mondale,420,1000
11/06/1984,UT,Iron,ignore,Reagan,580,1000
11/06/1984,VA,Bland,ignore,Mondale,420,1000
11/06/1984,VA,Bland,ignore,Reagan,580,1000
11/06/1984,IA,Lee,ignore,Mondale,580,1000
11/06/1984,IA,Lee,ignore,Reagan,420,1000
11/06/1984,MI,Bay,ignore,Mondale,530,1000
11/06/1984,MI,Bay,ignore,Reagan,470,1000
11/06/1984,NE,Washington,ignore,Mondale,420,1000
11/06/1984,NE,Washington,ignore,Reagan,580,1000
11/06/1984,NE,Cheyenne,ignore,Mondale,420,1000
11/06/1984,NE,Cheyenne,ignore,Reagan,580,1000
11/06/1984,SC,Hampton,ignore,Mondale,580,1000
11/06/1984,SC,Hampton,ignore,Reagan,420,1000
11/06/1984,NC,Rockingham,ignore,Mondale,420,1000
11/06/1984,NC,Rockingham,ignore,Reagan,580,1000
11/06/1984,OH,Miami,ignore,Mondale,420,1000
11/06/1984,OH,Miami,ignore,Reagan,580,1000
11/06/1984,OK,Pottawatomie,ignore,Mondale,420,1000
11/06/1984,OK,Pottawatomie,ignore,Reagan,580,1000
11/06/1984,OR,Polk,ignore,Mondale,470,1000
11/06/1984,OR,Polk,ignore,Reagan,530,1000
11/06/1984,PA,McKean,ignore,Mondale,420,1000
11/06/1984,PA,McKean,ignore,Reagan,580,1000
11/06/1984,SC,Dorchester,ignore,Mondale,420,1000
11/06/1984,SC,Dorchester,ignore,Reagan,580,1000
11/06/1984,VA,Waynesboro,ignore,Mondale,420,1000
11/06/1984,VA,Waynesboro,ignore,Reagan,580,1000
11/06/1984,WV,Mercer,ignore,Mondale,420,1000
11/06/1984,WV,Mercer,ignore,Reagan,580,1000
11/06/1984,AR,Jefferson,ignore,Mondale,580,1000
11/06/1984,AR,Jefferson,ignore,Reagan,420,1000
11/06/1984,CA,Tulare,ignore,Mondale,420,1000
11/06/1984,CA,Tulare,ignore,Reagan,580,1000
11/06/1984,ID,Bingham,ignore,Mondale,420,1000
11/06/1984,ID,Bingham,ignore,Reagan,580,1000
11/06/1984,IA,Hardin,ignore,Mondale,420,1000
11/06/1984,IA,Hardin,ignore,Reagan,580,1000
11/06/1984,VA,Chesapeake,ignore,Mondale,510,1000
11/06/1984,VA,Chesapeake,ignore,Reagan,490,1000
11/06/1984,IA,Cedar,ignore,Mondale,510,1000
11/06/1984,IA,Cedar,ignore,Reagan,490,1000
11/06/1984,AR,Chicot,ignore,Mondale,580,1000
11/06/1984,AR,Chicot,ignore,Reagan,420,1000
11/06/1984,CA,Tehama,ignore,Mondale,420,1000
11/06/1984,CA,Tehama,ignore,Reagan,580,1000
11/06/1984,MS,Madison,ignore,Mondale,420,1000
11/06/1984,MS,Madison,ignore,Reagan,580,1000
11/06/1984,UT,Garfield,ignore,Mondale,420,1000
11/06/1984,UT,Garfield,ignore,Reagan,580,1000
11/06/1984,TX,Johnson,ignore,Mondale,420,1000
11/06/1984,TX,Johnson,ignore,Reagan,580,1000
11/06/1984,MT,Judith_Basin,ignore,Mondale,420,1000
11/06/1984,MT,Judith_Basin,ignore,Reagan,580,1000
11/06/1984,WA,Benton,ignore,Mondale,420,1000
11/06/1984,WA,Benton,ignore,Reagan,580,1000
11/06/1984,WI,Wood,ignore,Mondale,420,1000
11/06/1984,WI,Wood,ignore,Reagan,580,1000
11/06/1984,NC,Hyde,ignore,Mondale,530,1000
11/06/1984,NC,Hyde,ignore,Reagan,470,1000
11/06/1984,ND,Emmons,ignore,Mondale,420,1000
11/06/1984,ND,Emmons,ignore,Reagan,580,1000
11/06/1984,TX,Gaines,ignore,Mondale,420,1000
11/06/1984,TX,Gaines,ignore,Reagan,580,1000
11/06/1984,TX,Lee,ignore,Mondale,420,1000
11/06/1984,TX,Lee,ignore,Reagan,580,1000
11/06/1984,KY,Owen,ignore,Mondale,420,1000
11/06/1984,KY,Owen,ignore,Reagan,580,1000
11/06/1984,KY,Jessamine,ignore,Mondale,420,1000
11/06/1984,KY,Jessamine,ignore,Reagan,580,1000
11/06/1984,KY,Rowan,ignore,Mondale,420,1000
11/06/1984,KY,Rowan,ignore,Reagan,580,1000
11/06/1984,MO,Miller,ignore,Mondale,420,1000
11/06/1984,MO,Miller,ignore,Reagan,580,1000
11/06/1984,NH,Carroll,ignore,Mondale,510,1000
11/06/1984,NH,Carroll,ignore,Reagan,490,1000
11/06/1984,VA,Roanoke,ignore,Mondale,580,1000
11/06/1984,VA,Roanoke,ignore,Reagan,420,1000
11/06/1984,NC,Watauga,ignore,Mondale,530,1000
11/06/1984,NC,Watauga,ignore,Reagan,470,1000
11/06/1984,CA,Kings,ignore,Mondale,470,1000
11/06/1984,CA,Kings,ignore,Reagan,530,1000
11/06/1984,LA,East_Feliciana,ignore,Mondale,470,1000
11/06/1984,LA,East_Feliciana,ignore,Reagan,530,1000
11/06/1984,MO,Benton,ignore,Mondale,420,1000
11/06/1984,MO,Benton,ignore,Reagan,580,1000
11/06/1984,KS,Sumner,ignore,Mondale,420,1000
11/06/1984,KS,Sumner,ignore,Reagan,580,1000
11/06/1984,KY,Livingston,ignore,Mondale,420,1000
11/06/1984,KY,Livingston,ignore,Reagan,580,1000
11/06/1984,CA,San_Joaquin,ignore,Mondale,530,1000
11/06/1984,CA,San_Joaquin,ignore,Reagan,470,1000
11/06/1984,OK,Alfalfa,ignore,Mondale,420,1000
11/06/1984,OK,Alfalfa,ignore,Reagan,580,1000
11/06/1984,PA,Berks,ignore,Mondale,497,1000
11/06/1984,PA,Berks,ignore,Reagan,503,1000
11/06/1984,PA,Lebanon,ignore,Mondale,420,1000
11/06/1984,PA,Lebanon,ignore,Reagan,580,1000
11/06/1984,GA,Calhoun,ignore,Mondale,580,1000
11/06/1984,GA,Calhoun,ignore,Reagan,420,1000
11/06/1984,AR,Scott,ignore,Mondale,420,1000
11/06/1984,AR,Scott,ignore,Reagan,580,1000
11/06/1984,CO,Baca,ignore,Mondale,420,1000
11/06/1984,CO,Baca,ignore,Reagan,580,1000
11/06/1984,FL,Bay,ignore,Mondale,420,1000
11/06/1984,FL,Bay,ignore,Reagan,580,1000
11/06/1984,GA,Lowndes,ignore,Mondale,470,1000
11/06/1984,GA,Lowndes,ignore,Reagan,530,1000
11/06/1984,IN,Vermillion,ignore,Mondale,470,1000
11/06/1984,IN,Vermillion,ignore,Reagan,530,1000
11/06/1984,NY,Sullivan,ignore,Mondale,470,1000
11/06/1984,NY,Sullivan,ignore,Reagan,530,1000
11/06/1984,OH,Pickaway,ignore,Mondale,420,1000
11/06/1984,OH,Pickaway,ignore,Reagan,580,1000
11/06/1984,OK,Woodward,ignore,Mondale,420,1000
11/06/1984,OK,Woodward,ignore,Reagan,580,1000
11/06/1984,NE,Boyd,ignore,Mondale,420,1000
11/06/1984,NE,Boyd,ignore,Reagan,580,1000
11/06/1984,KY,Cumberland,ignore,Mondale,420,1000
11/06/1984,KY,Cumberland,ignore,Reagan,580,1000
11/06/1984,MN,Wabasha,ignore,Mondale,470,1000
11/06/1984,MN,Wabasha,ignore,Reagan,530,1000
11/06/1984,VA,Southampton,ignore,Mondale,470,1000
11/06/1984,VA,Southampton,ignore,Reagan,530,1000
11/06/1984,NY,Dutchess,ignore,Mondale,530,1000
11/06/1984,NY,Dutchess,ignore,Reagan,470,1000
11/06/1984,VA,James_City,ignore,Mondale,530,1000
11/06/1984,VA,James_City,ignore,Reagan,470,1000
11/06/1984,GA,Taylor,ignore,Mondale,470,1000
11/06/1984,GA,Taylor,ignore,Reagan,530,1000
11/06/1984,TX,Smith,ignore,Mondale,420,1000
11/06/1984,TX,Smith,ignore,Reagan,580,1000
11/06/1984,TX,Kerr,ignore,Mondale,420,1000
11/06/1984,TX,Kerr,ignore,Reagan,580,1000
11/06/1984,WV,Lewis,ignore,Mondale,420,1000
11/06/1984,WV,Lewis,ignore,Reagan,580,1000
11/06/1984,ND,Oliver,ignore,Mondale,420,1000
11/06/1984,ND,Oliver,ignore,Reagan,580,1000
11/06/1984,TN,Morgan,ignore,Mondale,420,1000
11/06/1984,TN,Morgan,ignore,Reagan,580,1000
11/06/1984,WY,Big_Horn,ignore,Mondale,470,1000
11/06/1984,WY,Big_Horn,ignore,Reagan,530,1000
11/06/1984,KY,Mason,ignore,Mondale,420,1000
11/06/1984,KY,Mason,ignore,Reagan,580,1000
11/06/1984,LA,St_Helena,ignore,Mondale,497,1000
11/06/1984,LA,St_Helena,ignore,Reagan,503,1000
11/06/1984,MD,Garrett,ignore,Mondale,420,1000
11/06/1984,MD,Garrett,ignore,Reagan,580,1000
11/06/1984,MI,Mackinac,ignore,Mondale,470,1000
11/06/1984,MI,Mackinac,ignore,Reagan,530,1000
11/06/1984,TN,Davidson,ignore,Mondale,530,1000
11/06/1984,TN,Davidson,ignore,Reagan,470,1000
11/06/1984,TX,Grimes,ignore,Mondale,420,1000
11/06/1984,TX,Grimes,ignore,Reagan,580,1000
11/06/1984,TX,Foard,ignore,Mondale,420,1000
11/06/1984,TX,Foard,ignore,Reagan,580,1000
11/06/1984,VA,Franklin_Co,ignore,Mondale,420,1000
11/06/1984,VA,Franklin_Co,ignore,Reagan,580,1000
11/06/1984,VA,Botetourt,ignore,Mondale,420,1000
11/06/1984,VA,Botetourt,ignore,Reagan,580,1000
11/06/1984,NC,Pasquotank,ignore,Mondale,580,1000
11/06/1984,NC,Pasquotank,ignore,Reagan,420,1000
11/06/1984,AR,Baxter,ignore,Mondale,420,1000
11/06/1984,AR,Baxter,ignore,Reagan,580,1000
11/06/1984,NY,Tompkins,ignore,Mondale,580,1000
11/06/1984,NY,Tompkins,ignore,Reagan,420,1000
11/06/1984,WV,Webster,ignore,Mondale,420,1000
11/06/1984,WV,Webster,ignore,Reagan,580,1000
11/06/1984,WV,Clay,ignore,Mondale,420,1000
11/06/1984,WV,Clay,ignore,Reagan,580,1000
11/06/1984,WV,Jackson,ignore,Mondale,420,1000
11/06/1984,WV,Jackson,ignore,Reagan,580,1000
11/06/1984,AL,Sumter,ignore,Mondale,420,1000
11/06/1984,AL,Sumter,ignore,Reagan,580,1000
11/06/1984,AZ,Pima,ignore,Mondale,490,1000
11/06/1984,AZ,Pima,ignore,Reagan,510,1000
11/06/1984,CO,Jackson,ignore,Mondale,420,1000
11/06/1984,CO,Jackson,ignore,Reagan,580,1000
11/06/1984,IL,Lake,ignore,Mondale,580,1000
11/06/1984,IL,Lake,ignore,Reagan,420,1000
11/06/1984,MS,Jackson,ignore,Mondale,420,1000
11/06/1984,MS,Jackson,ignore,Reagan,580,1000
11/06/1984,MT,Daniels,ignore,Mondale,420,1000
11/06/1984,MT,Daniels,ignore,Reagan,580,1000
11/06/1984,NH,Sullivan,ignore,Mondale,490,1000
11/06/1984,NH,Sullivan,ignore,Reagan,510,1000
11/06/1984,NJ,Gloucester,ignore,Mondale,530,1000
11/06/1984,NJ,Gloucester,ignore,Reagan,470,1000
11/06/1984,NC,Bertie,ignore,Mondale,580,1000
11/06/1984,NC,Bertie,ignore,Reagan,420,1000
11/06/1984,SD,Ziebach,ignore,Mondale,420,1000
11/06/1984,SD,Ziebach,ignore,Reagan,580,1000
11/06/1984,IA,Ringgold,ignore,Mondale,420,1000
11/06/1984,IA,Ringgold,ignore,Reagan,580,1000
11/06/1984,AL,Lauderdale,ignore,Mondale,420,1000
11/06/1984,AL,Lauderdale,ignore,Reagan,580,1000
11/06/1984,AZ,Santa_Cruz,ignore,Mondale,580,1000
11/06/1984,AZ,Santa_Cruz,ignore,Reagan,420,1000
11/06/1984,MS,Marion,ignore,Mondale,470,1000
11/06/1984,MS,Marion,ignore,Reagan,530,1000
11/06/1984,AL,Limestone,ignore,Mondale,420,1000
11/06/1984,AL,Limestone,ignore,Reagan,580,1000
11/06/1984,FL,Calhoun,ignore,Mondale,420,1000
11/06/1984,FL,Calhoun,ignore,Reagan,580,1000
11/06/1984,FL,Hernando,ignore,Mondale,510,1000
11/06/1984,FL,Hernando,ignore,Reagan,490,1000
11/06/1984,FL,Washington,ignore,Mondale,420,1000
11/06/1984,FL,Washington,ignore,Reagan,580,1000
11/06/1984,SD,Edmunds,ignore,Mondale,420,1000
11/06/1984,SD,Edmunds,ignore,Reagan,580,1000
11/06/1984,SD,Walworth,ignore,Mondale,420,1000
11/06/1984,SD,Walworth,ignore,Reagan,580,1000
11/06/1984,IL,Henderson,ignore,Mondale,510,1000
11/06/1984,IL,Henderson,ignore,Reagan,490,1000
11/06/1984,KY,Trimble,ignore,Mondale,420,1000
11/06/1984,KY,Trimble,ignore,Reagan,580,1000
11/06/1984,LA,St_Tammany,ignore,Mondale,420,1000
11/06/1984,LA,St_Tammany,ignore,Reagan,580,1000
11/06/1984,MD,Baltimore_City,ignore,Mondale,580,1000
11/06/1984,MD,Baltimore_City,ignore,Reagan,420,1000
11/06/1984,NC,Beaufort,ignore,Mondale,503,1000
11/06/1984,NC,Beaufort,ignore,Reagan,497,1000
11/06/1984,OH,Columbiana,ignore,Mondale,470,1000
11/06/1984,OH,Columbiana,ignore,Reagan,530,1000
11/06/1984,MT,Musselshell,ignore,Mondale,420,1000
11/06/1984,MT,Musselshell,ignore,Reagan,580,1000
11/06/1984,TX,Cameron,ignore,Mondale,490,1000
11/06/1984,TX,Cameron,ignore,Reagan,510,1000
11/06/1984,CA,Siskiyou,ignore,Mondale,470,1000
11/06/1984,CA,Siskiyou,ignore,Reagan,530,1000
11/06/1984,CO,Costilla,ignore,Mondale,580,1000
11/06/1984,CO,Costilla,ignore,Reagan,420,1000
11/06/1984,10,Sussex,ignore,Mondale,470,1000
11/06/1984,10,Sussex,ignore,Reagan,530,1000
11/06/1984,WA,Lewis,ignore,Mondale,420,1000
11/06/1984,WA,Lewis,ignore,Reagan,580,1000
11/06/1984,NJ,Sussex,ignore,Mondale,420,1000
11/06/1984,NJ,Sussex,ignore,Reagan,580,1000
11/06/1984,MA,Dukes,ignore,Mondale,580,1000
11/06/1984,MA,Dukes,ignore,Reagan,420,1000
11/06/1984,MN,Pine,ignore,Mondale,510,1000
11/06/1984,MN,Pine,ignore,Reagan,490,1000
11/06/1984,MS,Scott,ignore,Mondale,420,1000
11/06/1984,MS,Scott,ignore,Reagan,580,1000
11/06/1984,MT,Hill,ignore,Mondale,420,1000
11/06/1984,MT,Hill,ignore,Reagan,580,1000
11/06/1984,NY,Franklin,ignore,Mondale,510,1000
11/06/1984,NY,Franklin,ignore,Reagan,490,1000
11/06/1984,NJ,Essex,ignore,Mondale,580,1000
11/06/1984,NJ,Essex,ignore,Reagan,420,1000
11/06/1984,WA,Mason,ignore,Mondale,530,1000
11/06/1984,WA,Mason,ignore,Reagan,470,1000
11/06/1984,AR,Cleveland,ignore,Mondale,490,1000
11/06/1984,AR,Cleveland,ignore,Reagan,510,1000
11/06/1984,IN,Shelby,ignore,Mondale,420,1000
11/06/1984,IN,Shelby,ignore,Reagan,580,1000
11/06/1984,IN,Decatur,ignore,Mondale,420,1000
11/06/1984,IN,Decatur,ignore,Reagan,580,1000
11/06/1984,KY,Breathitt,ignore,Mondale,420,1000
11/06/1984,KY,Breathitt,ignore,Reagan,580,1000
11/06/1984,LA,St_James,ignore,Mondale,580,1000
11/06/1984,LA,St_James,ignore,Reagan,420,1000
11/06/1984,MO,Shelby,ignore,Mondale,420,1000
11/06/1984,MO,Shelby,ignore,Reagan,580,1000
11/06/1984,IN,Vigo,ignore,Mondale,510,1000
11/06/1984,IN,Vigo,ignore,Reagan,490,1000
11/06/1984,IA,Jackson,ignore,Mondale,580,1000
11/06/1984,IA,Jackson,ignore,Reagan,420,1000
11/06/1984,KS,Montgomery,ignore,Mondale,420,1000
11/06/1984,KS,Montgomery,ignore,Reagan,580,1000
11/06/1984,KY,Martin,ignore,Mondale,420,1000
11/06/1984,KY,Martin,ignore,Reagan,580,1000
11/06/1984,MI,Benzie,ignore,Mondale,470,1000
11/06/1984,MI,Benzie,ignore,Reagan,530,1000
11/06/1984,MS,Lafayette,ignore,Mondale,490,1000
11/06/1984,MS,Lafayette,ignore,Reagan,510,1000
11/06/1984,NY,Steuben,ignore,Mondale,420,1000
11/06/1984,NY,Steuben,ignore,Reagan,580,1000
11/06/1984,CO,Larimer,ignore,Mondale,510,1000
11/06/1984,CO,Larimer,ignore,Reagan,490,1000
11/06/1984,MI,Manistee,ignore,Mondale,470,1000
11/06/1984,MI,Manistee,ignore,Reagan,530,1000
11/06/1984,NC,Surry,ignore,Mondale,420,1000
11/06/1984,NC,Surry,ignore,Reagan,580,1000
11/06/1984,WA,Pend_Oreille,ignore,Mondale,420,1000
11/06/1984,WA,Pend_Oreille,ignore,Reagan,580,1000
11/06/1984,KY,Clark,ignore,Mondale,420,1000
11/06/1984,KY,Clark,ignore,Reagan,580,1000
11/06/1984,NY,Fulton,ignore,Mondale,420,1000
11/06/1984,NY,Fulton,ignore,Reagan,580,1000
11/06/1984,OH,Wayne,ignore,Mondale,470,1000
11/06/1984,OH,Wayne,ignore,Reagan,530,1000
11/06/1984,SC,York,ignore,Mondale,420,1000
11/06/1984,SC,York,ignore,Reagan,580,1000
11/06/1984,MO,Schuyler,ignore,Mondale,490,1000
11/06/1984,MO,Schuyler,ignore,Reagan,510,1000
11/06/1984,MT,Stillwater,ignore,Mondale,420,1000
11/06/1984,MT,Stillwater,ignore,Reagan,580,1000
11/06/1984,VA,Rockingham,ignore,Mondale,420,1000
11/06/1984,VA,Rockingham,ignore,Reagan,580,1000
11/06/1984,GA,Meriwether,ignore,Mondale,470,1000
11/06/1984,GA,Meriwether,ignore,Reagan,530,1000
11/06/1984,ND,McKenzie,ignore,Mondale,420,1000
11/06/1984,ND,McKenzie,ignore,Reagan,580,1000
11/06/1984,ND,Morton,ignore,Mondale,420,1000
11/06/1984,ND,Morton,ignore,Reagan,580,1000
11/06/1984,OR,Yamhill,ignore,Mondale,470,1000
11/06/1984,OR,Yamhill,ignore,Reagan,530,1000
11/06/1984,SC,Marlboro,ignore,Mondale,580,1000
11/06/1984,SC,Marlboro,ignore,Reagan,420,1000
11/06/1984,NC,Clay,ignore,Mondale,420,1000
11/06/1984,NC,Clay,ignore,Reagan,580,1000
11/06/1984,MT,Chouteau,ignore,Mondale,420,1000
11/06/1984,MT,Chouteau,ignore,Reagan,580,1000
11/06/1984,SC,Greenville,ignore,Mondale,420,1000
11/06/1984,SC,Greenville,ignore,Reagan,580,1000
11/06/1984,AL,Pickens,ignore,Mondale,420,1000
11/06/1984,AL,Pickens,ignore,Reagan,580,1000
11/06/1984,MO,Iron,ignore,Mondale,490,1000
11/06/1984,MO,Iron,ignore,Reagan,510,1000
11/06/1984,UT,Daggett,ignore,Mondale,420,1000
11/06/1984,UT,Daggett,ignore,Reagan,580,1000
11/06/1984,FL,Broward,ignore,Mondale,580,1000
11/06/1984,FL,Broward,ignore,Reagan,420,1000
11/06/1984,MS,Hinds,ignore,Mondale,580,1000
11/06/1984,MS,Hinds,ignore,Reagan,420,1000
11/06/1984,NC,Onslow,ignore,Mondale,420,1000
11/06/1984,NC,Onslow,ignore,Reagan,580,1000
11/06/1984,AL,Clarke,ignore,Mondale,420,1000
11/06/1984,AL,Clarke,ignore,Reagan,580,1000
11/06/1984,AR,Madison,ignore,Mondale,420,1000
11/06/1984,AR,Madison,ignore,Reagan,580,1000
11/06/1984,FL,Liberty,ignore,Mondale,420,1000
11/06/1984,FL,Liberty,ignore,Reagan,580,1000
11/06/1984,IN,Monroe,ignore,Mondale,580,1000
11/06/1984,IN,Monroe,ignore,Reagan,420,1000
11/06/1984,IN,Dubois,ignore,Mondale,470,1000
11/06/1984,IN,Dubois,ignore,Reagan,530,1000
11/06/1984,IA,Buena_Vista,ignore,Mondale,420,1000
11/06/1984,IA,Buena_Vista,ignore,Reagan,580,1000
11/06/1984,KS,Gray,ignore,Mondale,420,1000
11/06/1984,KS,Gray,ignore,Reagan,580,1000
11/06/1984,KY,Grant,ignore,Mondale,420,1000
11/06/1984,KY,Grant,ignore,Reagan,580,1000
11/06/1984,TN,Putnam,ignore,Mondale,420,1000
11/06/1984,TN,Putnam,ignore,Reagan,580,1000
11/06/1984,TN,Benton,ignore,Mondale,420,1000
11/06/1984,TN,Benton,ignore,Reagan,580,1000
11/06/1984,UT,Duchesne,ignore,Mondale,420,1000
11/06/1984,UT,Duchesne,ignore,Reagan,580,1000
11/06/1984,VA,Isle_of_Wight,ignore,Mondale,470,1000
11/06/1984,VA,Isle_of_Wight,ignore,Reagan,530,1000
11/06/1984,WY,Hot_Springs,ignore,Mondale,470,1000
11/06/1984,WY,Hot_Springs,ignore,Reagan,530,1000
11/06/1984,SD,Perkins,ignore,Mondale,420,1000
11/06/1984,SD,Perkins,ignore,Reagan,580,1000
11/06/1984,UT,Beaver,ignore,Mondale,420,1000
11/06/1984,UT,Beaver,ignore,Reagan,580,1000
11/06/1984,VA,Buchanan,ignore,Mondale,420,1000
11/06/1984,VA,Buchanan,ignore,Reagan,580,1000
11/06/1984,WV,Mingo,ignore,Mondale,420,1000
11/06/1984,WV,Mingo,ignore,Reagan,580,1000
11/06/1984,AL,Talladega,ignore,Mondale,420,1000
11/06/1984,AL,Talladega,ignore,Reagan,580,1000
11/06/1984,KY,Bourbon,ignore,Mondale,420,1000
11/06/1984,KY,Bourbon,ignore,Reagan,580,1000
11/06/1984,PA,Monroe,ignore,Mondale,530,1000
11/06/1984,PA,Monroe,ignore,Reagan,470,1000
11/06/1984,WA,Ferry,ignore,Mondale,420,1000
11/06/1984,WA,Ferry,ignore,Reagan,580,1000
11/06/1984,ID,Twin_Falls,ignore,Mondale,420,1000
11/06/1984,ID,Twin_Falls,ignore,Reagan,580,1000
11/06/1984,MD,Charles,ignore,Mondale,580,1000
11/06/1984,MD,Charles,ignore,Reagan,420,1000
11/06/1984,VA,Loudoun,ignore,Mondale,530,1000
11/06/1984,VA,Loudoun,ignore,Reagan,470,1000
11/06/1984,IL,Winnebago,ignore,Mondale,530,1000
11/06/1984,IL,Winnebago,ignore,Reagan,470,1000
11/06/1984,CO,Conejos,ignore,Mondale,510,1000
11/06/1984,CO,Conejos,ignore,Reagan,490,1000
11/06/1984,AL,Geneva,ignore,Mondale,420,1000
11/06/1984,AL,Geneva,ignore,Reagan,580,1000
11/06/1984,CA,Alameda,ignore,Mondale,580,1000
11/06/1984,CA,Alameda,ignore,Reagan,420,1000
11/06/1984,FL,Franklin,ignore,Mondale,420,1000
11/06/1984,FL,Franklin,ignore,Reagan,580,1000
11/06/1984,WV,Morgan,ignore,Mondale,420,1000
11/06/1984,WV,Morgan,ignore,Reagan,580,1000
11/06/1984,WV,Randolph,ignore,Mondale,420,1000
11/06/1984,WV,Randolph,ignore,Reagan,580,1000
11/06/1984,MS,Yazoo,ignore,Mondale,530,1000
11/06/1984,MS,Yazoo,ignore,Reagan,470,1000
11/06/1984,MT,McCone,ignore,Mondale,420,1000
11/06/1984,MT,McCone,ignore,Reagan,580,1000
11/06/1984,GA,Atkinson,ignore,Mondale,420,1000
11/06/1984,GA,Atkinson,ignore,Reagan,580,1000
11/06/1984,GA,Chatham,ignore,Mondale,530,1000
11/06/1984,GA,Chatham,ignore,Reagan,470,1000
11/06/1984,KY,Carlisle,ignore,Mondale,420,1000
11/06/1984,KY,Carlisle,ignore,Reagan,580,1000
11/06/1984,MO,Cass,ignore,Mondale,420,1000
11/06/1984,MO,Cass,ignore,Reagan,580,1000
11/06/1984,GA,Habersham,ignore,Mondale,420,1000
11/06/1984,GA,Habersham,ignore,Reagan,580,1000
11/06/1984,KY,Magoffin,ignore,Mondale,420,1000
11/06/1984,KY,Magoffin,ignore,Reagan,580,1000
11/06/1984,KY,Harlan,ignore,Mondale,420,1000
11/06/1984,KY,Harlan,ignore,Reagan,580,1000
11/06/1984,NC,Randolph,ignore,Mondale,420,1000
11/06/1984,NC,Randolph,ignore,Reagan,580,1000
11/06/1984,IL,Will,ignore,Mondale,530,1000
11/06/1984,IL,Will,ignore,Reagan,470,1000
11/06/1984,IN,Knox,ignore,Mondale,470,1000
11/06/1984,IN,Knox,ignore,Reagan,530,1000
11/06/1984,KY,Allen,ignore,Mondale,420,1000
11/06/1984,KY,Allen,ignore,Reagan,580,1000
11/06/1984,LA,Madison,ignore,Mondale,580,1000
11/06/1984,LA,Madison,ignore,Reagan,420,1000
11/06/1984,MN,Fillmore,ignore,Mondale,510,1000
11/06/1984,MN,Fillmore,ignore,Reagan,490,1000
11/06/1984,WA,Spokane,ignore,Mondale,470,1000
11/06/1984,WA,Spokane,ignore,Reagan,530,1000
11/06/1984,UT,Morgan,ignore,Mondale,420,1000
11/06/1984,UT,Morgan,ignore,Reagan,580,1000
11/06/1984,WI,Manitowoc,ignore,Mondale,420,1000
11/06/1984,WI,Manitowoc,ignore,Reagan,580,1000
11/06/1984,AL,Marion,ignore,Mondale,420,1000
11/06/1984,AL,Marion,ignore,Reagan,580,1000
11/06/1984,MI,Montcalm,ignore,Mondale,420,1000
11/06/1984,MI,Montcalm,ignore,Reagan,580,1000
11/06/1984,KY,Nicholas,ignore,Mondale,420,1000
11/06/1984,KY,Nicholas,ignore,Reagan,580,1000
11/06/1984,KY,Powell,ignore,Mondale,420,1000
11/06/1984,KY,Powell,ignore,Reagan,580,1000
11/06/1984,NC,Richmond,ignore,Mondale,470,1000
11/06/1984,NC,Richmond,ignore,Reagan,530,1000
11/06/1984,KY,Union,ignore,Mondale,420,1000
11/06/1984,KY,Union,ignore,Reagan,580,1000
11/06/1984,IL,Fayette,ignore,Mondale,420,1000
11/06/1984,IL,Fayette,ignore,Reagan,580,1000
11/06/1984,KY,Webster,ignore,Mondale,420,1000
11/06/1984,KY,Webster,ignore,Reagan,580,1000
11/06/1984,ID,Blaine,ignore,Mondale,580,1000
11/06/1984,ID,Blaine,ignore,Reagan,420,1000
11/06/1984,IL,Henry,ignore,Mondale,470,1000
11/06/1984,IL,Henry,ignore,Reagan,530,1000
11/06/1984,TN,Trousdale,ignore,Mondale,420,1000
11/06/1984,TN,Trousdale,ignore,Reagan,580,1000
11/06/1984,WI,Calumet,ignore,Mondale,470,1000
11/06/1984,WI,Calumet,ignore,Reagan,530,1000
11/06/1984,NM,Otero,ignore,Mondale,420,1000
11/06/1984,NM,Otero,ignore,Reagan,580,1000
11/06/1984,IN,LaPorte,ignore,Mondale,510,1000
11/06/1984,IN,LaPorte,ignore,Reagan,490,1000
11/06/1984,MA,Middlesex,ignore,Mondale,580,1000
11/06/1984,MA,Middlesex,ignore,Reagan,420,1000
11/06/1984,MS,Tunica,ignore,Mondale,580,1000
11/06/1984,MS,Tunica,ignore,Reagan,420,1000
11/06/1984,MT,Toole,ignore,Mondale,420,1000
11/06/1984,MT,Toole,ignore,Reagan,580,1000
11/06/1984,WA,Island,ignore,Mondale,530,1000
11/06/1984,WA,Island,ignore,Reagan,470,1000
11/06/1984,WV,Jefferson,ignore,Mondale,470,1000
11/06/1984,WV,Jefferson,ignore,Reagan,530,1000
11/06/1984,KY,Wolfe,ignore,Mondale,420,1000
11/06/1984,KY,Wolfe,ignore,Reagan,580,1000
11/06/1984,MA,Barnstable,ignore,Mondale,580,1000
11/06/1984,MA,Barnstable,ignore,Reagan,420,1000
11/06/1984,TN,Blount,ignore,Mondale,420,1000
11/06/1984,TN,Blount,ignore,Reagan,580,1000
11/06/1984,ND,Sioux,ignore,Mondale,580,1000
11/06/1984,ND,Sioux,ignore,Reagan,420,1000
11/06/1984,IA,Woodbury,ignore,Mondale,470,1000
11/06/1984,IA,Woodbury,ignore,Reagan,530,1000
11/06/1984,IL,Clinton,ignore,Mondale,470,1000
11/06/1984,IL,Clinton,ignore,Reagan,530,1000
11/06/1984,NV,Washoe,ignore,Mondale,470,1000
11/06/1984,NV,Washoe,ignore,Reagan,530,1000
11/06/1984,NH,Merrimack,ignore,Mondale,530,1000
11/06/1984,NH,Merrimack,ignore,Reagan,470,1000
11/06/1984,OK,McCurtain,ignore,Mondale,530,1000
11/06/1984,OK,McCurtain,ignore,Reagan,470,1000
11/06/1984,VT,Orange,ignore,Mondale,580,1000
11/06/1984,VT,Orange,ignore,Reagan,420,1000
11/06/1984,NV,Carson_City,ignore,Mondale,420,1000
11/06/1984,NV,Carson_City,ignore,Reagan,580,1000
11/06/1984,NY,Cattaraugus,ignore,Mondale,420,1000
11/06/1984,NY,Cattaraugus,ignore,Reagan,580,1000
11/06/1984,HI,Kauai,ignore,Mondale,420,1000
11/06/1984,HI,Kauai,ignore,Reagan,580,1000
11/06/1984,MA,Plymouth,ignore,Mondale,530,1000
11/06/1984,MA,Plymouth,ignore,Reagan,470,1000
11/06/1984,SC,Jasper,ignore,Mondale,510,1000
11/06/1984,SC,Jasper,ignore,Reagan,490,1000
11/06/1984,MA,Norfolk,ignore,Mondale,580,1000
11/06/1984,MA,Norfolk,ignore,Reagan,420,1000
11/06/1984,KY,Larue,ignore,Mondale,420,1000
11/06/1984,KY,Larue,ignore,Reagan,580,1000
11/06/1984,NE,Cherry,ignore,Mondale,420,1000
11/06/1984,NE,Cherry,ignore,Reagan,580,1000
11/06/1984,GA,Rockdale,ignore,Mondale,510,1000
11/06/1984,GA,Rockdale,ignore,Reagan,490,1000
11/06/1984,VA,Patrick,ignore,Mondale,420,1000
11/06/1984,VA,Patrick,ignore,Reagan,580,1000
11/06/1984,NC,McDowell,ignore,Mondale,420,1000
11/06/1984,NC,McDowell,ignore,Reagan,580,1000
11/06/1984,ND,Barnes,ignore,Mondale,530,1000
11/06/1984,ND,Barnes,ignore,Reagan,470,1000
11/06/1984,MI,Marquette,ignore,Mondale,530,1000
11/06/1984,MI,Marquette,ignore,Reagan,470,1000
11/06/1984,AR,Faulkner,ignore,Mondale,470,1000
11/06/1984,AR,Faulkner,ignore,Reagan,530,1000
11/06/1984,VA,Stafford,ignore,Mondale,470,1000
11/06/1984,VA,Stafford,ignore,Reagan,530,1000
11/06/1984,AR,Grant,ignore,Mondale,510,1000
11/06/1984,AR,Grant,ignore,Reagan,490,1000
11/06/1984,KY,Hopkins,ignore,Mondale,420,1000
11/06/1984,KY,Hopkins,ignore,Reagan,580,1000
11/06/1984,NC,Duplin,ignore,Mondale,420,1000
11/06/1984,NC,Duplin,ignore,Reagan,580,1000
11/06/1984,NC,Nash,ignore,Mondale,580,1000
11/06/1984,NC,Nash,ignore,Reagan,420,1000
11/06/1984,OH,Williams,ignore,Mondale,470,1000
11/06/1984,OH,Williams,ignore,Reagan,530,1000
11/06/1984,MN,Koochiching,ignore,Mondale,530,1000
11/06/1984,MN,Koochiching,ignore,Reagan,470,1000
11/06/1984,ND,Sargent,ignore,Mondale,470,1000
11/06/1984,ND,Sargent,ignore,Reagan,530,1000
11/06/1984,PA,Bucks,ignore,Mondale,510,1000
11/06/1984,PA,Bucks,ignore,Reagan,490,1000
11/06/1984,SC,Calhoun,ignore,Mondale,470,1000
11/06/1984,SC,Calhoun,ignore,Reagan,530,1000
11/06/1984,SD,Bon_Homme,ignore,Mondale,420,1000
11/06/1984,SD,Bon_Homme,ignore,Reagan,580,1000
11/06/1984,IN,Owen,ignore,Mondale,420,1000
11/06/1984,IN,Owen,ignore,Reagan,580,1000
11/06/1984,IN,Starke,ignore,Mondale,470,1000
11/06/1984,IN,Starke,ignore,Reagan,530,1000
11/06/1984,IN,Union,ignore,Mondale,420,1000
11/06/1984,IN,Union,ignore,Reagan,580,1000
11/06/1984,PA,Lawrence,ignore,Mondale,420,1000
11/06/1984,PA,Lawrence,ignore,Reagan,580,1000
11/06/1984,NV,Eureka,ignore,Mondale,420,1000
11/06/1984,NV,Eureka,ignore,Reagan,580,1000
11/06/1984,NH,Belknap,ignore,Mondale,470,1000
11/06/1984,NH,Belknap,ignore,Reagan,530,1000
11/06/1984,AL,Russell,ignore,Mondale,420,1000
11/06/1984,AL,Russell,ignore,Reagan,580,1000
11/06/1984,FL,Manatee,ignore,Mondale,470,1000
11/06/1984,FL,Manatee,ignore,Reagan,530,1000
11/06/1984,NC,Columbus,ignore,Mondale,470,1000
11/06/1984,NC,Columbus,ignore,Reagan,530,1000
11/06/1984,TX,Navarro,ignore,Mondale,420,1000
11/06/1984,TX,Navarro,ignore,Reagan,580,1000
11/06/1984,VA,Amherst,ignore,Mondale,420,1000
11/06/1984,VA,Amherst,ignore,Reagan,580,1000
11/06/1984,TX,Reeves,ignore,Mondale,420,1000
11/06/1984,TX,Reeves,ignore,Reagan,580,1000
11/06/1984,ID,Clark,ignore,Mondale,420,1000
11/06/1984,ID,Clark,ignore,Reagan,580,1000
11/06/1984,MS,Warren,ignore,Mondale,530,1000
11/06/1984,MS,Warren,ignore,Reagan,470,1000
11/06/1984,MO,Mississippi,ignore,Mondale,580,1000
11/06/1984,MO,Mississippi,ignore,Reagan,420,1000
11/06/1984,MI,Osceola,ignore,Mondale,420,1000
11/06/1984,MI,Osceola,ignore,Reagan,580,1000
11/06/1984,MS,Grenada,ignore,Mondale,497,1000
11/06/1984,MS,Grenada,ignore,Reagan,503,1000
11/06/1984,TX,Guadalupe,ignore,Mondale,420,1000
11/06/1984,TX,Guadalupe,ignore,Reagan,580,1000
11/06/1984,FL,Union,ignore,Mondale,420,1000
11/06/1984,FL,Union,ignore,Reagan,580,1000
11/06/1984,MT,Wibaux,ignore,Mondale,420,1000
11/06/1984,MT,Wibaux,ignore,Reagan,580,1000
11/06/1984,MI,Baraga,ignore,Mondale,490,1000
11/06/1984,MI,Baraga,ignore,Reagan,510,1000
11/06/1984,OR,Hood_River,ignore,Mondale,580,1000
11/06/1984,OR,Hood_River,ignore,Reagan,420,1000
11/06/1984,IN,Allen,ignore,Mondale,470,1000
11/06/1984,IN,Allen,ignore,Reagan,530,1000
11/06/1984,SD,Hand,ignore,Mondale,420,1000
11/06/1984,SD,Hand,ignore,Reagan,580,1000
11/06/1984,IN,St_Joseph,ignore,Mondale,530,1000
11/06/1984,IN,St_Joseph,ignore,Reagan,470,1000
11/06/1984,VA,Hopewell,ignore,Mondale,580,1000
11/06/1984,VA,Hopewell,ignore,Reagan,420,1000
11/06/1984,ND,Dunn,ignore,Mondale,420,1000
11/06/1984,ND,Dunn,ignore,Reagan,580,1000
11/06/1984,ND,Slope,ignore,Mondale,420,1000
11/06/1984,ND,Slope,ignore,Reagan,580,1000
11/06/1984,NC,Scotland,ignore,Mondale,580,1000
11/06/1984,NC,Scotland,ignore,Reagan,420,1000
11/06/1984,TN,Dyer,ignore,Mondale,420,1000
11/06/1984,TN,Dyer,ignore,Reagan,580,1000
11/06/1984,KY,Calloway,ignore,Mondale,420,1000
11/06/1984,KY,Calloway,ignore,Reagan,580,1000
11/06/1984,TX,Bandera,ignore,Mondale,420,1000
11/06/1984,TX,Bandera,ignore,Reagan,580,1000
11/06/1984,RI,Bristol,ignore,Mondale,580,1000
11/06/1984,RI,Bristol,ignore,Reagan,420,1000
11/06/1984,WY,Sublette,ignore,Mondale,420,1000
11/06/1984,WY,Sublette,ignore,Reagan,580,1000
11/06/1984,NC,Macon,ignore,Mondale,420,1000
11/06/1984,NC,Macon,ignore,Reagan,580,1000
11/06/1984,WI,Ashland,ignore,Mondale,580,1000
11/06/1984,WI,Ashland,ignore,Reagan,420,1000
11/06/1984,TX,Hidalgo,ignore,Mondale,530,1000
11/06/1984,TX,Hidalgo,ignore,Reagan,470,1000
11/06/1984,WI,La_Crosse,ignore,Mondale,530,1000
11/06/1984,WI,La_Crosse,ignore,Reagan,470,1000
11/06/1984,AL,Mobile,ignore,Mondale,420,1000
11/06/1984,AL,Mobile,ignore,Reagan,580,1000
11/06/1984,AL,Madison,ignore,Mondale,420,1000
11/06/1984,AL,Madison,ignore,Reagan,580,1000
11/06/1984,NC,Polk,ignore,Mondale,420,1000
11/06/1984,NC,Polk,ignore,Reagan,580,1000
11/06/1984,LA,Iberia,ignore,Mondale,470,1000
11/06/1984,LA,Iberia,ignore,Reagan,530,1000
11/06/1984,SC,McCormick,ignore,Mondale,530,1000
11/06/1984,SC,McCormick,ignore,Reagan,470,1000
11/06/1984,MN,Mower,ignore,Mondale,580,1000
11/06/1984,MN,Mower,ignore,Reagan,420,1000
11/06/1984,MT,Madison,ignore,Mondale,420,1000
11/06/1984,MT,Madison,ignore,Reagan,580,1000
11/06/1984,GA,Forsyth,ignore,Mondale,420,1000
11/06/1984,GA,Forsyth,ignore,Reagan,580,1000
11/06/1984,OH,Allen,ignore,Mondale,420,1000
11/06/1984,OH,Allen,ignore,Reagan,580,1000
11/06/1984,NY,St_Lawrence,ignore,Mondale,490,1000
11/06/1984,NY,St_Lawrence,ignore,Reagan,510,1000
11/06/1984,WV,Doddridge,ignore,Mondale,420,1000
11/06/1984,WV,Doddridge,ignore,Reagan,580,1000
11/06/1984,MO,Cedar,ignore,Mondale,420,1000
11/06/1984,MO,Cedar,ignore,Reagan,580,1000
11/06/1984,SC,Bamberg,ignore,Mondale,580,1000
11/06/1984,SC,Bamberg,ignore,Reagan,420,1000
11/06/1984,ND,Dickey,ignore,Mondale,420,1000
11/06/1984,ND,Dickey,ignore,Reagan,580,1000
11/06/1984,AZ,Yavapai,ignore,Mondale,420,1000
11/06/1984,AZ,Yavapai,ignore,Reagan,580,1000
11/06/1984,NY,Rockland,ignore,Mondale,530,1000
11/06/1984,NY,Rockland,ignore,Reagan,470,1000
11/06/1984,MO,Ray,ignore,Mondale,420,1000
11/06/1984,MO,Ray,ignore,Reagan,580,1000
11/06/1984,MS,Forrest,ignore,Mondale,420,1000
11/06/1984,MS,Forrest,ignore,Reagan,580,1000
11/06/1984,AL,Marengo,ignore,Mondale,420,1000
11/06/1984,AL,Marengo,ignore,Reagan,580,1000
11/06/1984,TX,Rockwall,ignore,Mondale,420,1000
11/06/1984,TX,Rockwall,ignore,Reagan,580,1000
11/06/1984,AR,Phillips,ignore,Mondale,580,1000
11/06/1984,AR,Phillips,ignore,Reagan,420,1000
11/06/1984,NC,Alexander,ignore,Mondale,420,1000
11/06/1984,NC,Alexander,ignore,Reagan,580,1000
11/06/1984,WI,Marathon,ignore,Mondale,420,1000
11/06/1984,WI,Marathon,ignore,Reagan,580,1000
11/06/1984,OH,Greene,ignore,Mondale,420,1000
11/06/1984,OH,Greene,ignore,Reagan,580,1000
11/06/1984,VA,Washington,ignore,Mondale,420,1000
11/06/1984,VA,Washington,ignore,Reagan,580,1000
11/06/1984,VA,Wythe,ignore,Mondale,420,1000
11/06/1984,VA,Wythe,ignore,Reagan,580,1000
11/06/1984,NC,Lincoln,ignore,Mondale,420,1000
11/06/1984,NC,Lincoln,ignore,Reagan,580,1000
11/06/1984,OH,Madison,ignore,Mondale,420,1000
11/06/1984,OH,Madison,ignore,Reagan,580,1000
11/06/1984,LA,Avoyelles,ignore,Mondale,420,1000
11/06/1984,LA,Avoyelles,ignore,Reagan,580,1000
11/06/1984,FL,Jackson,ignore,Mondale,420,1000
11/06/1984,FL,Jackson,ignore,Reagan,580,1000
11/06/1984,WA,Kittitas,ignore,Mondale,470,1000
11/06/1984,WA,Kittitas,ignore,Reagan,530,1000
11/06/1984,IL,Whiteside,ignore,Mondale,497,1000
11/06/1984,IL,Whiteside,ignore,Reagan,503,1000
11/06/1984,NC,Perquimans,ignore,Mondale,580,1000
11/06/1984,NC,Perquimans,ignore,Reagan,420,1000
11/06/1984,GA,Webster,ignore,Mondale,490,1000
11/06/1984,GA,Webster,ignore,Reagan,510,1000
11/06/1984,FL,Nassau,ignore,Mondale,420,1000
11/06/1984,FL,Nassau,ignore,Reagan,580,1000
11/06/1984,TX,Dallas,ignore,Mondale,580,1000
11/06/1984,TX,Dallas,ignore,Reagan,420,1000
11/06/1984,CA,Ventura,ignore,Mondale,530,1000
11/06/1984,CA,Ventura,ignore,Reagan,470,1000
11/06/1984,KY,McCreary,ignore,Mondale,420,1000
11/06/1984,KY,McCreary,ignore,Reagan,580,1000
11/06/1984,MN,Becker,ignore,Mondale,470,1000
11/06/1984,MN,Becker,ignore,Reagan,530,1000
11/06/1984,AR,Union,ignore,Mondale,470,1000
11/06/1984,AR,Union,ignore,Reagan,530,1000
11/06/1984,KS,Osage,ignore,Mondale,420,1000
11/06/1984,KS,Osage,ignore,Reagan,580,1000
11/06/1984,TX,Orange,ignore,Mondale,420,1000
11/06/1984,TX,Orange,ignore,Reagan,580,1000
11/06/1984,GA,Clay,ignore,Mondale,530,1000
11/06/1984,GA,Clay,ignore,Reagan,470,1000
11/06/1984,OH,Summit,ignore,Mondale,580,1000
11/06/1984,OH,Summit,ignore,Reagan,420,1000
11/06/1984,GA,Liberty,ignore,Mondale,580,1000
11/06/1984,GA,Liberty,ignore,Reagan,420,1000
11/06/1984,GA,Seminole,ignore,Mondale,420,1000
11/06/1984,GA,Seminole,ignore,Reagan,580,1000
11/06/1984,GA,Cherokee,ignore,Mondale,420,1000
11/06/1984,GA,Cherokee,ignore,Reagan,580,1000
11/06/1984,MO,Montgomery,ignore,Mondale,420,1000
11/06/1984,MO,Montgomery,ignore,Reagan,580,1000
11/06/1984,TN,Giles,ignore,Mondale,420,1000
11/06/1984,TN,Giles,ignore,Reagan,580,1000
11/06/1984,IN,Spencer,ignore,Mondale,490,1000
11/06/1984,IN,Spencer,ignore,Reagan,510,1000
11/06/1984,WV,Boone,ignore,Mondale,420,1000
11/06/1984,WV,Boone,ignore,Reagan,580,1000
11/06/1984,OR,Clatsop,ignore,Mondale,580,1000
11/06/1984,OR,Clatsop,ignore,Reagan,420,1000
11/06/1984,CA,Lake,ignore,Mondale,530,1000
11/06/1984,CA,Lake,ignore,Reagan,470,1000
11/06/1984,GA,Chattooga,ignore,Mondale,420,1000
11/06/1984,GA,Chattooga,ignore,Reagan,580,1000
11/06/1984,MO,Scott,ignore,Mondale,497,1000
11/06/1984,MO,Scott,ignore,Reagan,503,1000
11/06/1984,WA,San_Juan,ignore,Mondale,580,1000
11/06/1984,WA,San_Juan,ignore,Reagan,420,1000
11/06/1984,OR,Jefferson,ignore,Mondale,420,1000
11/06/1984,OR,Jefferson,ignore,Reagan,580,1000
11/06/1984,UT,Utah,ignore,Mondale,420,1000
11/06/1984,UT,Utah,ignore,Reagan,580,1000
11/06/1984,MO,Ozark,ignore,Mondale,420,1000
11/06/1984,MO,Ozark,ignore,Reagan,580,1000
11/06/1984,LA,Richland,ignore,Mondale,420,1000
11/06/1984,LA,Richland,ignore,Reagan,580,1000
11/06/1984,NY,Essex,ignore,Mondale,530,1000
11/06/1984,NY,Essex,ignore,Reagan,470,1000
11/06/1984,TX,Madison,ignore,Mondale,420,1000
11/06/1984,TX,Madison,ignore,Reagan,580,1000
11/06/1984,IL,Grundy,ignore,Mondale,470,1000
11/06/1984,IL,Grundy,ignore,Reagan,530,1000
11/06/1984,NY,Ulster,ignore,Mondale,580,1000
11/06/1984,NY,Ulster,ignore,Reagan,420,1000
11/06/1984,NC,Lee,ignore,Mondale,420,1000
11/06/1984,NC,Lee,ignore,Reagan,580,1000
11/06/1984,TN,Bedford,ignore,Mondale,497,1000
11/06/1984,TN,Bedford,ignore,Reagan,503,1000
11/06/1984,ND,Mountrail,ignore,Mondale,420,1000
11/06/1984,ND,Mountrail,ignore,Reagan,580,1000
11/06/1984,TX,Freestone,ignore,Mondale,420,1000
11/06/1984,TX,Freestone,ignore,Reagan,580,1000
11/06/1984,NC,Alleghany,ignore,Mondale,420,1000
11/06/1984,NC,Alleghany,ignore,Reagan,580,1000
11/06/1984,NY,Wyoming,ignore,Mondale,420,1000
11/06/1984,NY,Wyoming,ignore,Reagan,580,1000
11/06/1984,MN,Pope,ignore,Mondale,490,1000
11/06/1984,MN,Pope,ignore,Reagan,510,1000
11/06/1984,IL,Crawford,ignore,Mondale,420,1000
11/06/1984,IL,Crawford,ignore,Reagan,580,1000
11/06/1984,MO,Barton,ignore,Mondale,510,1000
11/06/1984,MO,Barton,ignore,Reagan,490,1000
11/06/1984,AZ,Maricopa,ignore,Mondale,420,1000
11/06/1984,AZ,Maricopa,ignore,Reagan,580,1000
11/06/1984,NY,Ontario,ignore,Mondale,490,1000
11/06/1984,NY,Ontario,ignore,Reagan,510,1000
11/06/1984,TX,Panola,ignore,Mondale,420,1000
11/06/1984,TX,Panola,ignore,Reagan,580,1000
11/06/1984,IL,White,ignore,Mondale,420,1000
11/06/1984,IL,White,ignore,Reagan,580,1000
11/06/1984,MS,Hancock,ignore,Mondale,420,1000
11/06/1984,MS,Hancock,ignore,Reagan,580,1000
11/06/1984,PA,Bradford,ignore,Mondale,420,1000
11/06/1984,PA,Bradford,ignore,Reagan,580,1000
11/06/1984,OH,Knox,ignore,Mondale,420,1000
11/06/1984,OH,Knox,ignore,Reagan,580,1000
11/06/1984,SD,Brule,ignore,Mondale,420,1000
11/06/1984,SD,Brule,ignore,Reagan,580,1000
11/06/1984,CO,Archuleta,ignore,Mondale,420,1000
11/06/1984,CO,Archuleta,ignore,Reagan,580,1000
11/06/1984,AL,Coffee,ignore,Mondale,420,1000
11/06/1984,AL,Coffee,ignore,Reagan,580,1000
11/06/1984,VA,Caroline,ignore,Mondale,530,1000
11/06/1984,VA,Caroline,ignore,Reagan,470,1000
11/06/1984,VA,Fairfax,ignore,Mondale,580,1000
11/06/1984,VA,Fairfax,ignore,Reagan,420,1000
11/06/1984,SC,Sumter,ignore,Mondale,530,1000
11/06/1984,SC,Sumter,ignore,Reagan,470,1000
11/06/1984,PA,Elk,ignore,Mondale,470,1000
11/06/1984,PA,Elk,ignore,Reagan,530,1000
11/06/1984,IA,Winnebago,ignore,Mondale,470,1000
11/06/1984,IA,Winnebago,ignore,Reagan,530,1000
11/06/1984,FL,Wakulla,ignore,Mondale,420,1000
11/06/1984,FL,Wakulla,ignore,Reagan,580,1000
11/06/1984,MS,Pearl_River,ignore,Mondale,420,1000
11/06/1984,MS,Pearl_River,ignore,Reagan,580,1000
11/06/1984,AR,Van_Buren,ignore,Mondale,490,1000
11/06/1984,AR,Van_Buren,ignore,Reagan,510,1000
11/06/1984,TX,Comanche,ignore,Mondale,420,1000
11/06/1984,TX,Comanche,ignore,Reagan,580,1000
11/06/1984,SD,Dewey,ignore,Mondale,420,1000
11/06/1984,SD,Dewey,ignore,Reagan,580,1000
11/06/1984,TN,Rhea,ignore,Mondale,420,1000
11/06/1984,TN,Rhea,ignore,Reagan,580,1000
11/06/1984,PA,Huntingdon,ignore,Mondale,420,1000
11/06/1984,PA,Huntingdon,ignore,Reagan,580,1000
11/06/1984,WI,Iowa,ignore,Mondale,530,1000
11/06/1984,WI,Iowa,ignore,Reagan,470,1000
11/06/1984,PA,Sullivan,ignore,Mondale,420,1000
11/06/1984,PA,Sullivan,ignore,Reagan,580,1000
11/06/1984,TN,Tipton,ignore,Mondale,470,1000
11/06/1984,TN,Tipton,ignore,Reagan,530,1000
11/06/1984,NH,Strafford,ignore,Mondale,530,1000
11/06/1984,NH,Strafford,ignore,Reagan,470,1000
11/06/1984,IN,Marion,ignore,Mondale,580,1000
11/06/1984,IN,Marion,ignore,Reagan,420,1000
11/06/1984,SD,Bennett,ignore,Mondale,420,1000
11/06/1984,SD,Bennett,ignore,Reagan,580,1000
11/06/1984,VA,Buckingham,ignore,Mondale,490,1000
11/06/1984,VA,Buckingham,ignore,Reagan,510,1000
11/06/1984,ID,Bannock,ignore,Mondale,420,1000
11/06/1984,ID,Bannock,ignore,Reagan,580,1000
11/06/1984,GA,Stephens,ignore,Mondale,420,1000
11/06/1984,GA,Stephens,ignore,Reagan,580,1000
11/06/1984,ID,Boise,ignore,Mondale,470,1000
11/06/1984,ID,Boise,ignore,Reagan,530,1000
11/06/1984,OK,Nowata,ignore,Mondale,420,1000
11/06/1984,OK,Nowata,ignore,Reagan,580,1000
11/06/1984,GA,Glascock,ignore,Mondale,420,1000
11/06/1984,GA,Glascock,ignore,Reagan,580,1000
11/06/1984,WI,Pepin,ignore,Mondale,510,1000
11/06/1984,WI,Pepin,ignore,Reagan,490,1000
11/06/1984,IA,Fremont,ignore,Mondale,420,1000
11/06/1984,IA,Fremont,ignore,Reagan,580,1000
11/06/1984,MO,Maries,ignore,Mondale,420,1000
11/06/1984,MO,Maries,ignore,Reagan,580,1000
11/06/1984,TX,Nacogdoches,ignore,Mondale,420,1000
11/06/1984,TX,Nacogdoches,ignore,Reagan,580,1000
11/06/1984,NC,Pamlico,ignore,Mondale,490,1000
11/06/1984,NC,Pamlico,ignore,Reagan,510,1000
11/06/1984,FL,Taylor,ignore,Mondale,420,1000
11/06/1984,FL,Taylor,ignore,Reagan,580,1000
11/06/1984,MN,Wright,ignore,Mondale,420,1000
11/06/1984,MN,Wright,ignore,Reagan,580,1000
11/06/1984,ME,Somerset,ignore,Mondale,490,1000
11/06/1984,ME,Somerset,ignore,Reagan,510,1000
11/06/1984,AR,Marion,ignore,Mondale,420,1000
11/06/1984,AR,Marion,ignore,Reagan,580,1000
11/06/1984,TX,Presidio,ignore,Mondale,420,1000
11/06/1984,TX,Presidio,ignore,Reagan,580,1000
11/06/1984,CA,Stanislaus,ignore,Mondale,470,1000
11/06/1984,CA,Stanislaus,ignore,Reagan,530,1000
11/06/1984,KY,Elliott,ignore,Mondale,470,1000
11/06/1984,KY,Elliott,ignore,Reagan,530,1000
11/06/1984,IL,Wabash,ignore,Mondale,420,1000
11/06/1984,IL,Wabash,ignore,Reagan,580,1000
11/06/1984,WI,Juneau,ignore,Mondale,420,1000
11/06/1984,WI,Juneau,ignore,Reagan,580,1000
11/06/1984,ND,Walsh,ignore,Mondale,470,1000
11/06/1984,ND,Walsh,ignore,Reagan,530,1000
11/06/1984,AL,Bullock,ignore,Mondale,420,1000
11/06/1984,AL,Bullock,ignore,Reagan,580,1000
11/06/1984,CA,Colusa,ignore,Mondale,420,1000
11/06/1984,CA,Colusa,ignore,Reagan,580,1000
11/06/1984,CO,Gunnison,ignore,Mondale,470,1000
11/06/1984,CO,Gunnison,ignore,Reagan,530,1000
11/06/1984,TX,Cass,ignore,Mondale,420,1000
11/06/1984,TX,Cass,ignore,Reagan,580,1000
11/06/1984,GA,Camden,ignore,Mondale,420,1000
11/06/1984,GA,Camden,ignore,Reagan,580,1000
11/06/1984,MS,Montgomery,ignore,Mondale,490,1000
11/06/1984,MS,Montgomery,ignore,Reagan,510,1000
11/06/1984,GA,Fulton,ignore,Mondale,580,1000
11/06/1984,GA,Fulton,ignore,Reagan,420,1000
11/06/1984,ND,Kidder,ignore,Mondale,420,1000
11/06/1984,ND,Kidder,ignore,Reagan,580,1000
11/06/1984,GA,Fannin,ignore,Mondale,420,1000
11/06/1984,GA,Fannin,ignore,Reagan,580,1000
11/06/1984,OH,Ottawa,ignore,Mondale,530,1000
11/06/1984,OH,Ottawa,ignore,Reagan,470,1000
11/06/1984,NC,Carteret,ignore,Mondale,470,1000
11/06/1984,NC,Carteret,ignore,Reagan,530,1000
11/06/1984,IN,Porter,ignore,Mondale,510,1000
11/06/1984,IN,Porter,ignore,Reagan,490,1000
11/06/1984,VA,Nottoway,ignore,Mondale,470,1000
11/06/1984,VA,Nottoway,ignore,Reagan,530,1000
11/06/1984,MO,Greene,ignore,Mondale,420,1000
11/06/1984,MO,Greene,ignore,Reagan,580,1000
11/06/1984,TX,Harris,ignore,Mondale,530,1000
11/06/1984,TX,Harris,ignore,Reagan,470,1000
11/06/1984,TX,Hill,ignore,Mondale,420,1000
11/06/1984,TX,Hill,ignore,Reagan,580,1000
11/06/1984,MO,Warren,ignore,Mondale,420,1000
11/06/1984,MO,Warren,ignore,Reagan,580,1000
11/06/1984,GA,Hancock,ignore,Mondale,580,1000
11/06/1984,GA,Hancock,ignore,Reagan,420,1000
11/06/1984,AL,Houston,ignore,Mondale,420,1000
11/06/1984,AL,Houston,ignore,Reagan,580,1000
11/06/1984,MO,Pemiscot,ignore,Mondale,580,1000
11/06/1984,MO,Pemiscot,ignore,Reagan,420,1000
11/06/1984,MI,Wayne,ignore,Mondale,580,1000
11/06/1984,MI,Wayne,ignore,Reagan,420,1000
11/06/1984,IN,Boone,ignore,Mondale,420,1000
11/06/1984,IN,Boone,ignore,Reagan,580,1000
11/06/1984,NY,New_York,ignore,Mondale,580,1000
11/06/1984,NY,New_York,ignore,Reagan,420,1000
11/06/1984,SC,Fairfield,ignore,Mondale,580,1000
11/06/1984,SC,Fairfield,ignore,Reagan,420,1000
11/06/1984,ID,Washington,ignore,Mondale,420,1000
11/06/1984,ID,Washington,ignore,Reagan,580,1000
11/06/1984,OH,Ashtabula,ignore,Mondale,580,1000
11/06/1984,OH,Ashtabula,ignore,Reagan,420,1000
11/06/1984,VA,Rockbridge,ignore,Mondale,420,1000
11/06/1984,VA,Rockbridge,ignore,Reagan,580,1000
11/06/1984,WI,Kenosha,ignore,Mondale,503,1000
11/06/1984,WI,Kenosha,ignore,Reagan,497,1000
11/06/1984,NE,Boone,ignore,Mondale,420,1000
11/06/1984,NE,Boone,ignore,Reagan,580,1000
11/06/1984,TX,Coryell,ignore,Mondale,420,1000
11/06/1984,TX,Coryell,ignore,Reagan,580,1000
11/06/1984,IL,DeKalb,ignore,Mondale,510,1000
11/06/1984,IL,DeKalb,ignore,Reagan,490,1000
11/06/1984,MI,Lake,ignore,Mondale,490,1000
11/06/1984,MI,Lake,ignore,Reagan,510,1000
11/06/1984,FL,Lee,ignore,Mondale,470,1000
11/06/1984,FL,Lee,ignore,Reagan,530,1000
11/06/1984,ID,Franklin,ignore,Mondale,420,1000
11/06/1984,ID,Franklin,ignore,Reagan,580,1000
11/06/1984,VA,Greensville,ignore,Mondale,580,1000
11/06/1984,VA,Greensville,ignore,Reagan,420,1000
11/06/1984,GA,Dodge,ignore,Mondale,420,1000
11/06/1984,GA,Dodge,ignore,Reagan,580,1000
11/06/1984,CA,Mendocino,ignore,Mondale,580,1000
11/06/1984,CA,Mendocino,ignore,Reagan,420,1000
11/06/1984,WI,Buffalo,ignore,Mondale,490,1000
11/06/1984,WI,Buffalo,ignore,Reagan,510,1000
11/06/1984,WI,Racine,ignore,Mondale,530,1000
11/06/1984,WI,Racine,ignore,Reagan,470,1000
11/06/1984,VT,Grand_Isle,ignore,Mondale,580,1000
11/06/1984,VT,Grand_Isle,ignore,Reagan,420,1000
11/06/1984,MN,Dakota,ignore,Mondale,530,1000
11/06/1984,MN,Dakota,ignore,Reagan,470,1000
11/06/1984,OR,Multnomah,ignore,Mondale,580,1000
11/06/1984,OR,Multnomah,ignore,Reagan,420,1000
11/06/1984,LA,Natchitoches,ignore,Mondale,420,1000
11/06/1984,LA,Natchitoches,ignore,Reagan,580,1000
11/06/1984,IL,Scott,ignore,Mondale,420,1000
11/06/1984,IL,Scott,ignore,Reagan,580,1000
11/06/1984,GA,Effingham,ignore,Mondale,420,1000
11/06/1984,GA,Effingham,ignore,Reagan,580,1000
11/06/1984,OK,Caddo,ignore,Mondale,420,1000
11/06/1984,OK,Caddo,ignore,Reagan,580,1000
11/06/1984,OK,Jefferson,ignore,Mondale,470,1000
11/06/1984,OK,Jefferson,ignore,Reagan,530,1000
11/06/1984,CO,Huerfano,ignore,Mondale,530,1000
11/06/1984,CO,Huerfano,ignore,Reagan,470,1000
11/06/1984,SC,Anderson,ignore,Mondale,420,1000
11/06/1984,SC,Anderson,ignore,Reagan,580,1000
11/06/1984,SC,Clarendon,ignore,Mondale,580,1000
11/06/1984,SC,Clarendon,ignore,Reagan,420,1000
11/06/1984,GA,Lee,ignore,Mondale,420,1000
11/06/1984,GA,Lee,ignore,Reagan,580,1000
11/06/1984,OH,Jefferson,ignore,Mondale,503,1000
11/06/1984,OH,Jefferson,ignore,Reagan,497,1000
11/06/1984,OK,Roger_Mills,ignore,Mondale,420,1000
11/06/1984,OK,Roger_Mills,ignore,Reagan,580,1000
11/06/1984,VA,Lexington,ignore,Mondale,580,1000
11/06/1984,VA,Lexington,ignore,Reagan,420,1000
11/06/1984,CA,Shasta,ignore,Mondale,420,1000
11/06/1984,CA,Shasta,ignore,Reagan,580,1000
11/06/1984,AR,Desha,ignore,Mondale,580,1000
11/06/1984,AR,Desha,ignore,Reagan,420,1000
11/06/1984,LA,Lafourche,ignore,Mondale,470,1000
11/06/1984,LA,Lafourche,ignore,Reagan,530,1000
11/06/1984,CA,Tuolumne,ignore,Mondale,420,1000
11/06/1984,CA,Tuolumne,ignore,Reagan,580,1000
11/06/1984,OK,Cherokee,ignore,Mondale,420,1000
11/06/1984,OK,Cherokee,ignore,Reagan,580,1000
11/06/1984,AR,Carroll,ignore,Mondale,420,1000
11/06/1984,AR,Carroll,ignore,Reagan,580,1000
11/06/1984,TX,Titus,ignore,Mondale,420,1000
11/06/1984,TX,Titus,ignore,Reagan,580,1000
11/06/1984,LA,St_Martin,ignore,Mondale,420,1000
11/06/1984,LA,St_Martin,ignore,Reagan,580,1000
11/06/1984,AL,Morgan,ignore,Mondale,420,1000
11/06/1984,AL,Morgan,ignore,Reagan,580,1000
11/06/1984,AL,Tuscaloosa,ignore,Mondale,420,1000
11/06/1984,AL,Tuscaloosa,ignore,Reagan,580,1000
11/06/1984,LA,West_Feliciana,ignore,Mondale,420,1000
11/06/1984,LA,West_Feliciana,ignore,Reagan,580,1000
11/06/1984,GA,Henry,ignore,Mondale,420,1000
11/06/1984,GA,Henry,ignore,Reagan,580,1000
11/06/1984,FL,Glades,ignore,Mondale,420,1000
11/06/1984,FL,Glades,ignore,Reagan,580,1000
11/06/1984,CO,Otero,ignore,Mondale,470,1000
11/06/1984,CO,Otero,ignore,Reagan,530,1000
11/06/1984,LA,Tensas,ignore,Mondale,530,1000
11/06/1984,LA,Tensas,ignore,Reagan,470,1000
11/06/1984,WV,Cabell,ignore,Mondale,420,1000
11/06/1984,WV,Cabell,ignore,Reagan,580,1000
11/06/1984,KY,Ohio,ignore,Mondale,420,1000
11/06/1984,KY,Ohio,ignore,Reagan,580,1000
11/06/1984,MN,Blue_Earth,ignore,Mondale,510,1000
11/06/1984,MN,Blue_Earth,ignore,Reagan,490,1000
11/06/1984,NH,Hillsborough,ignore,Mondale,470,1000
11/06/1984,NH,Hillsborough,ignore,Reagan,530,1000
11/06/1984,WY,Sweetwater,ignore,Mondale,490,1000
11/06/1984,WY,Sweetwater,ignore,Reagan,510,1000
11/06/1984,IA,Pottawattamie,ignore,Mondale,510,1000
11/06/1984,IA,Pottawattamie,ignore,Reagan,490,1000
11/06/1984,NY,Jefferson,ignore,Mondale,470,1000
11/06/1984,NY,Jefferson,ignore,Reagan,530,1000
11/06/1984,MO,Bates,ignore,Mondale,420,1000
11/06/1984,MO,Bates,ignore,Reagan,580,1000
11/06/1984,MI,Presque_Isle,ignore,Mondale,470,1000
11/06/1984,MI,Presque_Isle,ignore,Reagan,530,1000
11/06/1984,MT,Roosevelt,ignore,Mondale,470,1000
11/06/1984,MT,Roosevelt,ignore,Reagan,530,1000
11/06/1984,WA,Jefferson,ignore,Mondale,580,1000
11/06/1984,WA,Jefferson,ignore,Reagan,420,1000
11/06/1984,TX,Nueces,ignore,Mondale,420,1000
11/06/1984,TX,Nueces,ignore,Reagan,580,1000
11/06/1984,WI,Door,ignore,Mondale,530,1000
11/06/1984,WI,Door,ignore,Reagan,470,1000
11/06/1984,ID,Nez_Perce,ignore,Mondale,420,1000
11/06/1984,ID,Nez_Perce,ignore,Reagan,580,1000
11/06/1984,MI,Huron,ignore,Mondale,420,1000
11/06/1984,MI,Huron,ignore,Reagan,580,1000
11/06/1984,GA,Johnson,ignore,Mondale,470,1000
11/06/1984,GA,Johnson,ignore,Reagan,530,1000
11/06/1984,OH,Putnam,ignore,Mondale,420,1000
11/06/1984,OH,Putnam,ignore,Reagan,580,1000
11/06/1984,TX,Erath,ignore,Mondale,420,1000
11/06/1984,TX,Erath,ignore,Reagan,580,1000
11/06/1984,MO,Shannon,ignore,Mondale,470,1000
11/06/1984,MO,Shannon,ignore,Reagan,530,1000
11/06/1984,AK,Matanuska-Susitna,ignore,Mondale,420,1000
11/06/1984,AK,Matanuska-Susitna,ignore,Reagan,580,1000
11/06/1984,VA,Falls_Church,ignore,Mondale,580,1000
11/06/1984,VA,Falls_Church,ignore,Reagan,420,1000
11/06/1984,TX,Kleberg,ignore,Mondale,420,1000
11/06/1984,TX,Kleberg,ignore,Reagan,580,1000
11/06/1984,CO,Pitkin,ignore,Mondale,490,1000
11/06/1984,CO,Pitkin,ignore,Reagan,510,1000
11/06/1984,CO,La_Plata,ignore,Mondale,530,1000
11/06/1984,CO,La_Plata,ignore,Reagan,470,1000
11/06/1984,OK,Tulsa,ignore,Mondale,420,1000
11/06/1984,OK,Tulsa,ignore,Reagan,580,1000
11/06/1984,AL,St_Clair,ignore,Mondale,420,1000
11/06/1984,AL,St_Clair,ignore,Reagan,580,1000
11/06/1984,FL,Pinellas,ignore,Mondale,530,1000
11/06/1984,FL,Pinellas,ignore,Reagan,470,1000
11/06/1984,IL,Fulton,ignore,Mondale,470,1000
11/06/1984,IL,Fulton,ignore,Reagan,530,1000
11/06/1984,KS,Cherokee,ignore,Mondale,420,1000
11/06/1984,KS,Cherokee,ignore,Reagan,580,1000
11/06/1984,MN,Beltrami,ignore,Mondale,530,1000
11/06/1984,MN,Beltrami,ignore,Reagan,470,1000
11/06/1984,IN,Cass,ignore,Mondale,420,1000
11/06/1984,IN,Cass,ignore,Reagan,580,1000
11/06/1984,AR,Polk,ignore,Mondale,420,1000
11/06/1984,AR,Polk,ignore,Reagan,580,1000
11/06/1984,NV,Douglas,ignore,Mondale,420,1000
11/06/1984,NV,Douglas,ignore,Reagan,580,1000
11/06/1984,KS,Kingman,ignore,Mondale,420,1000
11/06/1984,KS,Kingman,ignore,Reagan,580,1000
11/06/1984,IA,Clayton,ignore,Mondale,580,1000
11/06/1984,IA,Clayton,ignore,Reagan,420,1000
11/06/1984,IN,Fulton,ignore,Mondale,420,1000
11/06/1984,IN,Fulton,ignore,Reagan,580,1000
11/06/1984,MO,Scotland,ignore,Mondale,470,1000
11/06/1984,MO,Scotland,ignore,Reagan,530,1000
11/06/1984,SC,Berkeley,ignore,Mondale,420,1000
11/06/1984,SC,Berkeley,ignore,Reagan,580,1000
11/06/1984,MI,Leelanau,ignore,Mondale,490,1000
11/06/1984,MI,Leelanau,ignore,Reagan,510,1000
11/06/1984,PA,Fulton,ignore,Mondale,420,1000
11/06/1984,PA,Fulton,ignore,Reagan,580,1000
11/06/1984,MI,Clinton,ignore,Mondale,470,1000
11/06/1984,MI,Clinton,ignore,Reagan,530,1000
11/06/1984,GA,Quitman,ignore,Mondale,530,1000
11/06/1984,GA,Quitman,ignore,Reagan,470,1000
11/06/1984,WA,Snohomish,ignore,Mondale,580,1000
11/06/1984,WA,Snohomish,ignore,Reagan,420,1000
11/06/1984,MO,Lewis,ignore,Mondale,470,1000
11/06/1984,MO,Lewis,ignore,Reagan,530,1000
11/06/1984,FL,Madison,ignore,Mondale,420,1000
11/06/1984,FL,Madison,ignore,Reagan,580,1000
11/06/1984,NM,Los_Alamos,ignore,Mondale,530,1000
11/06/1984,NM,Los_Alamos,ignore,Reagan,470,1000
11/06/1984,NM,Guadalupe,ignore,Mondale,490,1000
11/06/1984,NM,Guadalupe,ignore,Reagan,510,1000
11/06/1984,WV,Gilmer,ignore,Mondale,420,1000
11/06/1984,WV,Gilmer,ignore,Reagan,580,1000
11/06/1984,IN,Vanderburgh,ignore,Mondale,490,1000
11/06/1984,IN,Vanderburgh,ignore,Reagan,510,1000
11/06/1984,WV,Hampshire,ignore,Mondale,420,1000
11/06/1984,WV,Hampshire,ignore,Reagan,580,1000
11/06/1984,OR,Wallowa,ignore,Mondale,420,1000
11/06/1984,OR,Wallowa,ignore,Reagan,580,1000
11/06/1984,NC,Cherokee,ignore,Mondale,420,1000
11/06/1984,NC,Cherokee,ignore,Reagan,580,1000
11/06/1984,OK,Oklahoma,ignore,Mondale,420,1000
11/06/1984,OK,Oklahoma,ignore,Reagan,580,1000
11/06/1984,FL,Volusia,ignore,Mondale,510,1000
11/06/1984,FL,Volusia,ignore,Reagan,490,1000
11/06/1984,CA,Sierra,ignore,Mondale,420,1000
11/06/1984,CA,Sierra,ignore,Reagan,580,1000
11/06/1984,ID,Bonneville,ignore,Mondale,420,1000
11/06/1984,ID,Bonneville,ignore,Reagan,580,1000
11/06/1984,AL,Conecuh,ignore,Mondale,420,1000
11/06/1984,AL,Conecuh,ignore,Reagan,580,1000
11/06/1984,KS,Kiowa,ignore,Mondale,420,1000
11/06/1984,KS,Kiowa,ignore,Reagan,580,1000
11/06/1984,MN,Douglas,ignore,Mondale,470,1000
11/06/1984,MN,Douglas,ignore,Reagan,530,1000
11/06/1984,TN,Chester,ignore,Mondale,420,1000
11/06/1984,TN,Chester,ignore,Reagan,580,1000
11/06/1984,LA,Vermilion,ignore,Mondale,490,1000
11/06/1984,LA,Vermilion,ignore,Reagan,510,1000
11/06/1984,NM,Sandoval,ignore,Mondale,490,1000
11/06/1984,NM,Sandoval,ignore,Reagan,510,1000
11/06/1984,MN,Clay,ignore,Mondale,530,1000
11/06/1984,MN,Clay,ignore,Reagan,470,1000
11/08/1988,GA,Polk,ignore,Dukakis,420,1000
11/08/1988,GA,Polk,ignore,Bush,580,1000
11/08/1988,KY,Bracken,ignore,Dukakis,420,1000
11/08/1988,KY,Bracken,ignore,Bush,580,1000
11/08/1988,MS,Wayne,ignore,Dukakis,420,1000
11/08/1988,MS,Wayne,ignore,Bush,580,1000
11/08/1988,PA,Adams,ignore,Dukakis,420,1000
11/08/1988,PA,Adams,ignore,Bush,580,1000
11/08/1988,AZ,Gila,ignore,Dukakis,420,1000
11/08/1988,AZ,Gila,ignore,Bush,580,1000
11/08/1988,AR,Poinsett,ignore,Dukakis,420,1000
11/08/1988,AR,Poinsett,ignore,Bush,580,1000
11/08/1988,GA,Pike,ignore,Dukakis,420,1000
11/08/1988,GA,Pike,ignore,Bush,580,1000
11/08/1988,IL,Kendall,ignore,Dukakis,470,1000
11/08/1988,IL,Kendall,ignore,Bush,530,1000
11/08/1988,IA,Jefferson,ignore,Dukakis,420,1000
11/08/1988,IA,Jefferson,ignore,Bush,580,1000
11/08/1988,IA,Iowa,ignore,Dukakis,470,1000
11/08/1988,IA,Iowa,ignore,Bush,530,1000
11/08/1988,NE,Polk,ignore,Dukakis,420,1000
11/08/1988,NE,Polk,ignore,Bush,580,1000
11/08/1988,NE,Phelps,ignore,Dukakis,420,1000
11/08/1988,NE,Phelps,ignore,Bush,580,1000
11/08/1988,ND,Wells,ignore,Dukakis,420,1000
11/08/1988,ND,Wells,ignore,Bush,580,1000
11/08/1988,OH,Fairfield,ignore,Dukakis,420,1000
11/08/1988,OH,Fairfield,ignore,Bush,580,1000
11/08/1988,IN,Orange,ignore,Dukakis,420,1000
11/08/1988,IN,Orange,ignore,Bush,580,1000
11/08/1988,SD,Day,ignore,Dukakis,470,1000
11/08/1988,SD,Day,ignore,Bush,530,1000
11/08/1988,TX,Dickens,ignore,Dukakis,420,1000
11/08/1988,TX,Dickens,ignore,Bush,580,1000
11/08/1988,MI,Otsego,ignore,Dukakis,420,1000
11/08/1988,MI,Otsego,ignore,Bush,580,1000
11/08/1988,MN,Clearwater,ignore,Dukakis,420,1000
11/08/1988,MN,Clearwater,ignore,Bush,580,1000
11/08/1988,OK,Major,ignore,Dukakis,420,1000
11/08/1988,OK,Major,ignore,Bush,580,1000
11/08/1988,TX,McMullen,ignore,Dukakis,420,1000
11/08/1988,TX,McMullen,ignore,Bush,580,1000
11/08/1988,CA,Modoc,ignore,Dukakis,420,1000
11/08/1988,CA,Modoc,ignore,Bush,580,1000
11/08/1988,IL,Cook,ignore,Dukakis,580,1000
11/08/1988,IL,Cook,ignore,Bush,420,1000
11/08/1988,IL,Iroquois,ignore,Dukakis,420,1000
11/08/1988,IL,Iroquois,ignore,Bush,580,1000
11/08/1988,MS,Tippah,ignore,Dukakis,420,1000
11/08/1988,MS,Tippah,ignore,Bush,580,1000
11/08/1988,MN,Wadena,ignore,Dukakis,420,1000
11/08/1988,MN,Wadena,ignore,Bush,580,1000
11/08/1988,MT,Liberty,ignore,Dukakis,420,1000
11/08/1988,MT,Liberty,ignore,Bush,580,1000
11/08/1988,MO,Putnam,ignore,Dukakis,420,1000
11/08/1988,MO,Putnam,ignore,Bush,580,1000
11/08/1988,TX,Bailey,ignore,Dukakis,420,1000
11/08/1988,TX,Bailey,ignore,Bush,580,1000
11/08/1988,CO,Washington,ignore,Dukakis,420,1000
11/08/1988,CO,Washington,ignore,Bush,580,1000
11/08/1988,IL,Washington,ignore,Dukakis,420,1000
11/08/1988,IL,Washington,ignore,Bush,580,1000
11/08/1988,IA,Pocahontas,ignore,Dukakis,420,1000
11/08/1988,IA,Pocahontas,ignore,Bush,580,1000
11/08/1988,IA,Lucas,ignore,Dukakis,420,1000
11/08/1988,IA,Lucas,ignore,Bush,580,1000
11/08/1988,KY,Green,ignore,Dukakis,420,1000
11/08/1988,KY,Green,ignore,Bush,580,1000
11/08/1988,MI,Midland,ignore,Dukakis,420,1000
11/08/1988,MI,Midland,ignore,Bush,580,1000
11/08/1988,OH,Muskingum,ignore,Dukakis,420,1000
11/08/1988,OH,Muskingum,ignore,Bush,580,1000
11/08/1988,PA,Wyoming,ignore,Dukakis,420,1000
11/08/1988,PA,Wyoming,ignore,Bush,580,1000
11/08/1988,TX,Ellis,ignore,Dukakis,420,1000
11/08/1988,TX,Ellis,ignore,Bush,580,1000
11/08/1988,TX,Andrews,ignore,Dukakis,420,1000
11/08/1988,TX,Andrews,ignore,Bush,580,1000
11/08/1988,VT,Lamoille,ignore,Dukakis,580,1000
11/08/1988,VT,Lamoille,ignore,Bush,420,1000
11/08/1988,SD,Clark,ignore,Dukakis,420,1000
11/08/1988,SD,Clark,ignore,Bush,580,1000
11/08/1988,TX,Martin,ignore,Dukakis,420,1000
11/08/1988,TX,Martin,ignore,Bush,580,1000
11/08/1988,KS,Osborne,ignore,Dukakis,420,1000
11/08/1988,KS,Osborne,ignore,Bush,580,1000
11/08/1988,GA,Heard,ignore,Dukakis,420,1000
11/08/1988,GA,Heard,ignore,Bush,580,1000
11/08/1988,IA,Worth,ignore,Dukakis,490,1000
11/08/1988,IA,Worth,ignore,Bush,510,1000
11/08/1988,KY,Simpson,ignore,Dukakis,420,1000
11/08/1988,KY,Simpson,ignore,Bush,580,1000
11/08/1988,MS,Tishomingo,ignore,Dukakis,420,1000
11/08/1988,MS,Tishomingo,ignore,Bush,580,1000
11/08/1988,MS,Stone,ignore,Dukakis,420,1000
11/08/1988,MS,Stone,ignore,Bush,580,1000
11/08/1988,MN,Grant,ignore,Dukakis,420,1000
11/08/1988,MN,Grant,ignore,Bush,580,1000
11/08/1988,NE,Jefferson,ignore,Dukakis,420,1000
11/08/1988,NE,Jefferson,ignore,Bush,580,1000
11/08/1988,SD,Brown,ignore,Dukakis,420,1000
11/08/1988,SD,Brown,ignore,Bush,580,1000
11/08/1988,AL,Pike,ignore,Dukakis,420,1000
11/08/1988,AL,Pike,ignore,Bush,580,1000
11/08/1988,GA,Newton,ignore,Dukakis,470,1000
11/08/1988,GA,Newton,ignore,Bush,530,1000
11/08/1988,IL,Brown,ignore,Dukakis,420,1000
11/08/1988,IL,Brown,ignore,Bush,580,1000
11/08/1988,IL,Bond,ignore,Dukakis,420,1000
11/08/1988,IL,Bond,ignore,Bush,580,1000
11/08/1988,IA,Clay,ignore,Dukakis,420,1000
11/08/1988,IA,Clay,ignore,Bush,580,1000
11/08/1988,KY,Shelby,ignore,Dukakis,420,1000
11/08/1988,KY,Shelby,ignore,Bush,580,1000
11/08/1988,NE,Loup,ignore,Dukakis,420,1000
11/08/1988,NE,Loup,ignore,Bush,580,1000
11/08/1988,NE,Webster,ignore,Dukakis,420,1000
11/08/1988,NE,Webster,ignore,Bush,580,1000
11/08/1988,OH,Ashland,ignore,Dukakis,420,1000
11/08/1988,OH,Ashland,ignore,Bush,580,1000
11/08/1988,NE,Greeley,ignore,Dukakis,420,1000
11/08/1988,NE,Greeley,ignore,Bush,580,1000
11/08/1988,WV,Putnam,ignore,Dukakis,420,1000
11/08/1988,WV,Putnam,ignore,Bush,580,1000
11/08/1988,ND,Billings,ignore,Dukakis,420,1000
11/08/1988,ND,Billings,ignore,Bush,580,1000
11/08/1988,TX,Fisher,ignore,Dukakis,420,1000
11/08/1988,TX,Fisher,ignore,Bush,580,1000
11/08/1988,TX,Lipscomb,ignore,Dukakis,420,1000
11/08/1988,TX,Lipscomb,ignore,Bush,580,1000
11/08/1988,KS,Norton,ignore,Dukakis,420,1000
11/08/1988,KS,Norton,ignore,Bush,580,1000
11/08/1988,MD,Washington,ignore,Dukakis,420,1000
11/08/1988,MD,Washington,ignore,Bush,580,1000
11/08/1988,MS,Clarke,ignore,Dukakis,420,1000
11/08/1988,MS,Clarke,ignore,Bush,580,1000
11/08/1988,MS,Lawrence,ignore,Dukakis,420,1000
11/08/1988,MS,Lawrence,ignore,Bush,580,1000
11/08/1988,MT,Beaverhead,ignore,Dukakis,420,1000
11/08/1988,MT,Beaverhead,ignore,Bush,580,1000
11/08/1988,NE,Banner,ignore,Dukakis,420,1000
11/08/1988,NE,Banner,ignore,Bush,580,1000
11/08/1988,ND,Cavalier,ignore,Dukakis,420,1000
11/08/1988,ND,Cavalier,ignore,Bush,580,1000
11/08/1988,MO,Newton,ignore,Dukakis,420,1000
11/08/1988,MO,Newton,ignore,Bush,580,1000
11/08/1988,AK,North_Slope,ignore,Dukakis,420,1000
11/08/1988,AK,North_Slope,ignore,Bush,580,1000
11/08/1988,GA,Pickens,ignore,Dukakis,420,1000
11/08/1988,GA,Pickens,ignore,Bush,580,1000
11/08/1988,IN,Bartholomew,ignore,Dukakis,420,1000
11/08/1988,IN,Bartholomew,ignore,Bush,580,1000
11/08/1988,IA,Cerro_Gordo,ignore,Dukakis,510,1000
11/08/1988,IA,Cerro_Gordo,ignore,Bush,490,1000
11/08/1988,KY,Lincoln,ignore,Dukakis,420,1000
11/08/1988,KY,Lincoln,ignore,Bush,580,1000
11/08/1988,MO,Dent,ignore,Dukakis,420,1000
11/08/1988,MO,Dent,ignore,Bush,580,1000
11/08/1988,GA,Schley,ignore,Dukakis,420,1000
11/08/1988,GA,Schley,ignore,Bush,580,1000
11/08/1988,NE,Clay,ignore,Dukakis,420,1000
11/08/1988,NE,Clay,ignore,Bush,580,1000
11/08/1988,IA,Guthrie,ignore,Dukakis,420,1000
11/08/1988,IA,Guthrie,ignore,Bush,580,1000
11/08/1988,IA,Adair,ignore,Dukakis,420,1000
11/08/1988,IA,Adair,ignore,Bush,580,1000
11/08/1988,TX,Hale,ignore,Dukakis,420,1000
11/08/1988,TX,Hale,ignore,Bush,580,1000
11/08/1988,VA,Galax,ignore,Dukakis,420,1000
11/08/1988,VA,Galax,ignore,Bush,580,1000
11/08/1988,WI,Sawyer,ignore,Dukakis,420,1000
11/08/1988,WI,Sawyer,ignore,Bush,580,1000
11/08/1988,TX,Sherman,ignore,Dukakis,420,1000
11/08/1988,TX,Sherman,ignore,Bush,580,1000
11/08/1988,CO,Montezuma,ignore,Dukakis,420,1000
11/08/1988,CO,Montezuma,ignore,Bush,580,1000
11/08/1988,KS,Phillips,ignore,Dukakis,420,1000
11/08/1988,KS,Phillips,ignore,Bush,580,1000
11/08/1988,KY,Clinton,ignore,Dukakis,420,1000
11/08/1988,KY,Clinton,ignore,Bush,580,1000
11/08/1988,MD,Allegany,ignore,Dukakis,420,1000
11/08/1988,MD,Allegany,ignore,Bush,580,1000
11/08/1988,MS,Panola,ignore,Dukakis,470,1000
11/08/1988,MS,Panola,ignore,Bush,530,1000
11/08/1988,TX,Kinney,ignore,Dukakis,420,1000
11/08/1988,TX,Kinney,ignore,Bush,580,1000
11/08/1988,NM,Valencia,ignore,Dukakis,470,1000
11/08/1988,NM,Valencia,ignore,Bush,530,1000
11/08/1988,AR,Searcy,ignore,Dukakis,420,1000
11/08/1988,AR,Searcy,ignore,Bush,580,1000
11/08/1988,GA,Candler,ignore,Dukakis,420,1000
11/08/1988,GA,Candler,ignore,Bush,580,1000
11/08/1988,IN,Henry,ignore,Dukakis,420,1000
11/08/1988,IN,Henry,ignore,Bush,580,1000
11/08/1988,IA,Chickasaw,ignore,Dukakis,420,1000
11/08/1988,IA,Chickasaw,ignore,Bush,580,1000
11/08/1988,IA,Poweshiek,ignore,Dukakis,420,1000
11/08/1988,IA,Poweshiek,ignore,Bush,580,1000
11/08/1988,MI,Montmorency,ignore,Dukakis,420,1000
11/08/1988,MI,Montmorency,ignore,Bush,580,1000
11/08/1988,MO,Linn,ignore,Dukakis,420,1000
11/08/1988,MO,Linn,ignore,Bush,580,1000
11/08/1988,ND,Burleigh,ignore,Dukakis,420,1000
11/08/1988,ND,Burleigh,ignore,Bush,580,1000
11/08/1988,NE,Cuming,ignore,Dukakis,420,1000
11/08/1988,NE,Cuming,ignore,Bush,580,1000
11/08/1988,OR,Grant,ignore,Dukakis,420,1000
11/08/1988,OR,Grant,ignore,Bush,580,1000
11/08/1988,SD,Lake,ignore,Dukakis,420,1000
11/08/1988,SD,Lake,ignore,Bush,580,1000
11/08/1988,TX,Scurry,ignore,Dukakis,420,1000
11/08/1988,TX,Scurry,ignore,Bush,580,1000
11/08/1988,TX,Castro,ignore,Dukakis,420,1000
11/08/1988,TX,Castro,ignore,Bush,580,1000
11/08/1988,OH,Harrison,ignore,Dukakis,420,1000
11/08/1988,OH,Harrison,ignore,Bush,580,1000
11/08/1988,TX,Cochran,ignore,Dukakis,420,1000
11/08/1988,TX,Cochran,ignore,Bush,580,1000
11/08/1988,KS,Stanton,ignore,Dukakis,420,1000
11/08/1988,KS,Stanton,ignore,Bush,580,1000
11/08/1988,FL,Monroe,ignore,Dukakis,470,1000
11/08/1988,FL,Monroe,ignore,Bush,530,1000
11/08/1988,FL,Escambia,ignore,Dukakis,420,1000
11/08/1988,FL,Escambia,ignore,Bush,580,1000
11/08/1988,IL,Kankakee,ignore,Dukakis,420,1000
11/08/1988,IL,Kankakee,ignore,Bush,580,1000
11/08/1988,KS,Meade,ignore,Dukakis,420,1000
11/08/1988,KS,Meade,ignore,Bush,580,1000
11/08/1988,MN,Polk,ignore,Dukakis,420,1000
11/08/1988,MN,Polk,ignore,Bush,580,1000
11/08/1988,MS,Pike,ignore,Dukakis,470,1000
11/08/1988,MS,Pike,ignore,Bush,530,1000
11/08/1988,MN,Waseca,ignore,Dukakis,420,1000
11/08/1988,MN,Waseca,ignore,Bush,580,1000
11/08/1988,OK,Cimarron,ignore,Dukakis,420,1000
11/08/1988,OK,Cimarron,ignore,Bush,580,1000
11/08/1988,MT,Flathead,ignore,Dukakis,420,1000
11/08/1988,MT,Flathead,ignore,Bush,580,1000
11/08/1988,UT,Cache,ignore,Dukakis,420,1000
11/08/1988,UT,Cache,ignore,Bush,580,1000
11/08/1988,AR,Lincoln,ignore,Dukakis,470,1000
11/08/1988,AR,Lincoln,ignore,Bush,530,1000
11/08/1988,GA,Turner,ignore,Dukakis,420,1000
11/08/1988,GA,Turner,ignore,Bush,580,1000
11/08/1988,IA,Marshall,ignore,Dukakis,470,1000
11/08/1988,IA,Marshall,ignore,Bush,530,1000
11/08/1988,MO,Texas,ignore,Dukakis,420,1000
11/08/1988,MO,Texas,ignore,Bush,580,1000
11/08/1988,GA,Bleckley,ignore,Dukakis,420,1000
11/08/1988,GA,Bleckley,ignore,Bush,580,1000
11/08/1988,OH,Geauga,ignore,Dukakis,420,1000
11/08/1988,OH,Geauga,ignore,Bush,580,1000
11/08/1988,OK,Grant,ignore,Dukakis,420,1000
11/08/1988,OK,Grant,ignore,Bush,580,1000
11/08/1988,MO,Crawford,ignore,Dukakis,420,1000
11/08/1988,MO,Crawford,ignore,Bush,580,1000
11/08/1988,TX,Tom_Green,ignore,Dukakis,420,1000
11/08/1988,TX,Tom_Green,ignore,Bush,580,1000
11/08/1988,TX,Roberts,ignore,Dukakis,420,1000
11/08/1988,TX,Roberts,ignore,Bush,580,1000
11/08/1988,TX,Childress,ignore,Dukakis,420,1000
11/08/1988,TX,Childress,ignore,Bush,580,1000
11/08/1988,AL,Franklin,ignore,Dukakis,420,1000
11/08/1988,AL,Franklin,ignore,Bush,580,1000
11/08/1988,IN,Ohio,ignore,Dukakis,420,1000
11/08/1988,IN,Ohio,ignore,Bush,580,1000
11/08/1988,KS,Nemaha,ignore,Dukakis,420,1000
11/08/1988,KS,Nemaha,ignore,Bush,580,1000
11/08/1988,MN,Rock,ignore,Dukakis,420,1000
11/08/1988,MN,Rock,ignore,Bush,580,1000
11/08/1988,NE,Dawes,ignore,Dukakis,420,1000
11/08/1988,NE,Dawes,ignore,Bush,580,1000
11/08/1988,PA,Greene,ignore,Dukakis,420,1000
11/08/1988,PA,Greene,ignore,Bush,580,1000
11/08/1988,MO,Phelps,ignore,Dukakis,420,1000
11/08/1988,MO,Phelps,ignore,Bush,580,1000
11/08/1988,AL,Clay,ignore,Dukakis,420,1000
11/08/1988,AL,Clay,ignore,Bush,580,1000
11/08/1988,AK,Kusilvak,ignore,Dukakis,420,1000
11/08/1988,AK,Kusilvak,ignore,Bush,580,1000
11/08/1988,IL,Putnam,ignore,Dukakis,420,1000
11/08/1988,IL,Putnam,ignore,Bush,580,1000
11/08/1988,IN,Montgomery,ignore,Dukakis,420,1000
11/08/1988,IN,Montgomery,ignore,Bush,580,1000
11/08/1988,KS,Wichita,ignore,Dukakis,420,1000
11/08/1988,KS,Wichita,ignore,Bush,580,1000
11/08/1988,MN,Mahnomen,ignore,Dukakis,470,1000
11/08/1988,MN,Mahnomen,ignore,Bush,530,1000
11/08/1988,MN,Murray,ignore,Dukakis,420,1000
11/08/1988,MN,Murray,ignore,Bush,580,1000
11/08/1988,NE,Logan,ignore,Dukakis,420,1000
11/08/1988,NE,Logan,ignore,Bush,580,1000
11/08/1988,ND,Hettinger,ignore,Dukakis,420,1000
11/08/1988,ND,Hettinger,ignore,Bush,580,1000
11/08/1988,IA,Greene,ignore,Dukakis,420,1000
11/08/1988,IA,Greene,ignore,Bush,580,1000
11/08/1988,KY,Lee,ignore,Dukakis,420,1000
11/08/1988,KY,Lee,ignore,Bush,580,1000
11/08/1988,TX,Motley,ignore,Dukakis,420,1000
11/08/1988,TX,Motley,ignore,Bush,580,1000
11/08/1988,LA,Jackson,ignore,Dukakis,420,1000
11/08/1988,LA,Jackson,ignore,Bush,580,1000
11/08/1988,VA,Radford,ignore,Dukakis,510,1000
11/08/1988,VA,Radford,ignore,Bush,490,1000
11/08/1988,ND,Ramsey,ignore,Dukakis,420,1000
11/08/1988,ND,Ramsey,ignore,Bush,580,1000
11/08/1988,ID,Lincoln,ignore,Dukakis,420,1000
11/08/1988,ID,Lincoln,ignore,Bush,580,1000
11/08/1988,CO,Cheyenne,ignore,Dukakis,420,1000
11/08/1988,CO,Cheyenne,ignore,Bush,580,1000
11/08/1988,HI,Maui,ignore,Dukakis,470,1000
11/08/1988,HI,Maui,ignore,Bush,530,1000
11/08/1988,KS,Comanche,ignore,Dukakis,420,1000
11/08/1988,KS,Comanche,ignore,Bush,580,1000
11/08/1988,ME,Aroostook,ignore,Dukakis,510,1000
11/08/1988,ME,Aroostook,ignore,Bush,490,1000
11/08/1988,NE,Thayer,ignore,Dukakis,420,1000
11/08/1988,NE,Thayer,ignore,Bush,580,1000
11/08/1988,MS,Jasper,ignore,Dukakis,420,1000
11/08/1988,MS,Jasper,ignore,Bush,580,1000
11/08/1988,MN,Steele,ignore,Dukakis,420,1000
11/08/1988,MN,Steele,ignore,Bush,580,1000
11/08/1988,SD,Lawrence,ignore,Dukakis,420,1000
11/08/1988,SD,Lawrence,ignore,Bush,580,1000
11/08/1988,SD,Campbell,ignore,Dukakis,420,1000
11/08/1988,SD,Campbell,ignore,Bush,580,1000
11/08/1988,MT,Wheatland,ignore,Dukakis,420,1000
11/08/1988,MT,Wheatland,ignore,Bush,580,1000
11/08/1988,AR,Jackson,ignore,Dukakis,420,1000
11/08/1988,AR,Jackson,ignore,Bush,580,1000
11/08/1988,FL,Lafayette,ignore,Dukakis,420,1000
11/08/1988,FL,Lafayette,ignore,Bush,580,1000
11/08/1988,IL,Saline,ignore,Dukakis,420,1000
11/08/1988,IL,Saline,ignore,Bush,580,1000
11/08/1988,IA,Wapello,ignore,Dukakis,510,1000
11/08/1988,IA,Wapello,ignore,Bush,490,1000
11/08/1988,MI,Calhoun,ignore,Dukakis,420,1000
11/08/1988,MI,Calhoun,ignore,Bush,580,1000
11/08/1988,NE,Colfax,ignore,Dukakis,420,1000
11/08/1988,NE,Colfax,ignore,Bush,580,1000
11/08/1988,ND,Ward,ignore,Dukakis,420,1000
11/08/1988,ND,Ward,ignore,Bush,580,1000
11/08/1988,NE,Fillmore,ignore,Dukakis,420,1000
11/08/1988,NE,Fillmore,ignore,Bush,580,1000
11/08/1988,PA,Snyder,ignore,Dukakis,420,1000
11/08/1988,PA,Snyder,ignore,Bush,580,1000
11/08/1988,IA,Adams,ignore,Dukakis,420,1000
11/08/1988,IA,Adams,ignore,Bush,580,1000
11/08/1988,VA,Covington,ignore,Dukakis,420,1000
11/08/1988,VA,Covington,ignore,Bush,580,1000
11/08/1988,WI,Barron,ignore,Dukakis,420,1000
11/08/1988,WI,Barron,ignore,Bush,580,1000
11/08/1988,TX,Archer,ignore,Dukakis,420,1000
11/08/1988,TX,Archer,ignore,Bush,580,1000
11/08/1988,UT,Piute,ignore,Dukakis,420,1000
11/08/1988,UT,Piute,ignore,Bush,580,1000
11/08/1988,KS,Kearny,ignore,Dukakis,420,1000
11/08/1988,KS,Kearny,ignore,Bush,580,1000
11/08/1988,NE,Johnson,ignore,Dukakis,420,1000
11/08/1988,NE,Johnson,ignore,Bush,580,1000
11/08/1988,TX,Sutton,ignore,Dukakis,420,1000
11/08/1988,TX,Sutton,ignore,Bush,580,1000
11/08/1988,IL,Piatt,ignore,Dukakis,420,1000
11/08/1988,IL,Piatt,ignore,Bush,580,1000
11/08/1988,IL,Schuyler,ignore,Dukakis,420,1000
11/08/1988,IL,Schuyler,ignore,Bush,580,1000
11/08/1988,TN,McNairy,ignore,Dukakis,420,1000
11/08/1988,TN,McNairy,ignore,Bush,580,1000
11/08/1988,KY,Edmonson,ignore,Dukakis,420,1000
11/08/1988,KY,Edmonson,ignore,Bush,580,1000
11/08/1988,IA,O_Brien,ignore,Dukakis,420,1000
11/08/1988,IA,O_Brien,ignore,Bush,580,1000
11/08/1988,KY,Estill,ignore,Dukakis,420,1000
11/08/1988,KY,Estill,ignore,Bush,580,1000
11/08/1988,IL,Christian,ignore,Dukakis,420,1000
11/08/1988,IL,Christian,ignore,Bush,580,1000
11/08/1988,KY,Graves,ignore,Dukakis,420,1000
11/08/1988,KY,Graves,ignore,Bush,580,1000
11/08/1988,IA,Union,ignore,Dukakis,420,1000
11/08/1988,IA,Union,ignore,Bush,580,1000
11/08/1988,IL,Marshall,ignore,Dukakis,420,1000
11/08/1988,IL,Marshall,ignore,Bush,580,1000
11/08/1988,MI,Branch,ignore,Dukakis,420,1000
11/08/1988,MI,Branch,ignore,Bush,580,1000
11/08/1988,KS,Geary,ignore,Dukakis,420,1000
11/08/1988,KS,Geary,ignore,Bush,580,1000
11/08/1988,NE,Brown,ignore,Dukakis,420,1000
11/08/1988,NE,Brown,ignore,Bush,580,1000
11/08/1988,MS,Smith,ignore,Dukakis,420,1000
11/08/1988,MS,Smith,ignore,Bush,580,1000
11/08/1988,ID,Benewah,ignore,Dukakis,420,1000
11/08/1988,ID,Benewah,ignore,Bush,580,1000
11/08/1988,IN,Fountain,ignore,Dukakis,420,1000
11/08/1988,IN,Fountain,ignore,Bush,580,1000
11/08/1988,TX,Moore,ignore,Dukakis,420,1000
11/08/1988,TX,Moore,ignore,Bush,580,1000
11/08/1988,OK,Lincoln,ignore,Dukakis,420,1000
11/08/1988,OK,Lincoln,ignore,Bush,580,1000
11/08/1988,UT,San_Juan,ignore,Dukakis,420,1000
11/08/1988,UT,San_Juan,ignore,Bush,580,1000
11/08/1988,IA,Mahaska,ignore,Dukakis,420,1000
11/08/1988,IA,Mahaska,ignore,Bush,580,1000
11/08/1988,IN,Pulaski,ignore,Dukakis,420,1000
11/08/1988,IN,Pulaski,ignore,Bush,580,1000
11/08/1988,KY,Christian,ignore,Dukakis,420,1000
11/08/1988,KY,Christian,ignore,Bush,580,1000
11/08/1988,ND,Richland,ignore,Dukakis,470,1000
11/08/1988,ND,Richland,ignore,Bush,530,1000
11/08/1988,MO,Dade,ignore,Dukakis,420,1000
11/08/1988,MO,Dade,ignore,Bush,580,1000
11/08/1988,MO,Dallas,ignore,Dukakis,420,1000
11/08/1988,MO,Dallas,ignore,Bush,580,1000
11/08/1988,IN,Clay,ignore,Dukakis,420,1000
11/08/1988,IN,Clay,ignore,Bush,580,1000
11/08/1988,GA,Floyd,ignore,Dukakis,420,1000
11/08/1988,GA,Floyd,ignore,Bush,580,1000
11/08/1988,NE,Box_Butte,ignore,Dukakis,420,1000
11/08/1988,NE,Box_Butte,ignore,Bush,580,1000
11/08/1988,KS,Ford,ignore,Dukakis,420,1000
11/08/1988,KS,Ford,ignore,Bush,580,1000
11/08/1988,IN,Madison,ignore,Dukakis,420,1000
11/08/1988,IN,Madison,ignore,Bush,580,1000
11/08/1988,KS,Ness,ignore,Dukakis,420,1000
11/08/1988,KS,Ness,ignore,Bush,580,1000
11/08/1988,NE,Hooker,ignore,Dukakis,420,1000
11/08/1988,NE,Hooker,ignore,Bush,580,1000
11/08/1988,IL,Clay,ignore,Dukakis,420,1000
11/08/1988,IL,Clay,ignore,Bush,580,1000
11/08/1988,MO,Knox,ignore,Dukakis,420,1000
11/08/1988,MO,Knox,ignore,Bush,580,1000
11/08/1988,MO,Osage,ignore,Dukakis,420,1000
11/08/1988,MO,Osage,ignore,Bush,580,1000
11/08/1988,MI,Livingston,ignore,Dukakis,420,1000
11/08/1988,MI,Livingston,ignore,Bush,580,1000
11/08/1988,AL,Randolph,ignore,Dukakis,420,1000
11/08/1988,AL,Randolph,ignore,Bush,580,1000
11/08/1988,MI,Roscommon,ignore,Dukakis,420,1000
11/08/1988,MI,Roscommon,ignore,Bush,580,1000
11/08/1988,OH,Carroll,ignore,Dukakis,420,1000
11/08/1988,OH,Carroll,ignore,Bush,580,1000
11/08/1988,ND,Cass,ignore,Dukakis,470,1000
11/08/1988,ND,Cass,ignore,Bush,530,1000
11/08/1988,NE,Madison,ignore,Dukakis,420,1000
11/08/1988,NE,Madison,ignore,Bush,580,1000
11/08/1988,NE,Perkins,ignore,Dukakis,420,1000
11/08/1988,NE,Perkins,ignore,Bush,580,1000
11/08/1988,NE,Pierce,ignore,Dukakis,420,1000
11/08/1988,NE,Pierce,ignore,Bush,580,1000
11/08/1988,AR,Cleburne,ignore,Dukakis,420,1000
11/08/1988,AR,Cleburne,ignore,Bush,580,1000
11/08/1988,NE,Platte,ignore,Dukakis,420,1000
11/08/1988,NE,Platte,ignore,Bush,580,1000
11/08/1988,NH,Coos,ignore,Dukakis,530,1000
11/08/1988,NH,Coos,ignore,Bush,470,1000
11/08/1988,MN,Swift,ignore,Dukakis,470,1000
11/08/1988,MN,Swift,ignore,Bush,530,1000
11/08/1988,WI,Langlade,ignore,Dukakis,420,1000
11/08/1988,WI,Langlade,ignore,Bush,580,1000
11/08/1988,MI,Isabella,ignore,Dukakis,470,1000
11/08/1988,MI,Isabella,ignore,Bush,530,1000
11/08/1988,MN,McLeod,ignore,Dukakis,420,1000
11/08/1988,MN,McLeod,ignore,Bush,580,1000
11/08/1988,NH,Grafton,ignore,Dukakis,530,1000
11/08/1988,NH,Grafton,ignore,Bush,470,1000
11/08/1988,AK,Petersburg,ignore,Dukakis,470,1000
11/08/1988,AK,Petersburg,ignore,Bush,530,1000
11/08/1988,MI,Missaukee,ignore,Dukakis,420,1000
11/08/1988,MI,Missaukee,ignore,Bush,580,1000
11/08/1988,MO,Oregon,ignore,Dukakis,420,1000
11/08/1988,MO,Oregon,ignore,Bush,580,1000
11/08/1988,ND,Griggs,ignore,Dukakis,420,1000
11/08/1988,ND,Griggs,ignore,Bush,580,1000
11/08/1988,TX,Goliad,ignore,Dukakis,420,1000
11/08/1988,TX,Goliad,ignore,Bush,580,1000
11/08/1988,NE,Chase,ignore,Dukakis,420,1000
11/08/1988,NE,Chase,ignore,Bush,580,1000
11/08/1988,KS,Allen,ignore,Dukakis,420,1000
11/08/1988,KS,Allen,ignore,Bush,580,1000
11/08/1988,KS,Chase,ignore,Dukakis,420,1000
11/08/1988,KS,Chase,ignore,Bush,580,1000
11/08/1988,KS,Greenwood,ignore,Dukakis,420,1000
11/08/1988,KS,Greenwood,ignore,Bush,580,1000
11/08/1988,TX,Cottle,ignore,Dukakis,420,1000
11/08/1988,TX,Cottle,ignore,Bush,580,1000
11/08/1988,NM,Eddy,ignore,Dukakis,420,1000
11/08/1988,NM,Eddy,ignore,Bush,580,1000
11/08/1988,IL,Coles,ignore,Dukakis,420,1000
11/08/1988,IL,Coles,ignore,Bush,580,1000
11/08/1988,KS,Elk,ignore,Dukakis,420,1000
11/08/1988,KS,Elk,ignore,Bush,580,1000
11/08/1988,KS,Woodson,ignore,Dukakis,420,1000
11/08/1988,KS,Woodson,ignore,Bush,580,1000
11/08/1988,MI,Gratiot,ignore,Dukakis,420,1000
11/08/1988,MI,Gratiot,ignore,Bush,580,1000
11/08/1988,KS,Marion,ignore,Dukakis,420,1000
11/08/1988,KS,Marion,ignore,Bush,580,1000
11/08/1988,KS,Neosho,ignore,Dukakis,420,1000
11/08/1988,KS,Neosho,ignore,Bush,580,1000
11/08/1988,MI,Ionia,ignore,Dukakis,420,1000
11/08/1988,MI,Ionia,ignore,Bush,580,1000
11/08/1988,MN,Cottonwood,ignore,Dukakis,420,1000
11/08/1988,MN,Cottonwood,ignore,Bush,580,1000
11/08/1988,KY,Montgomery,ignore,Dukakis,420,1000
11/08/1988,KY,Montgomery,ignore,Bush,580,1000
11/08/1988,MN,Kandiyohi,ignore,Dukakis,420,1000
11/08/1988,MN,Kandiyohi,ignore,Bush,580,1000
11/08/1988,MI,Mecosta,ignore,Dukakis,420,1000
11/08/1988,MI,Mecosta,ignore,Bush,580,1000
11/08/1988,SD,Grant,ignore,Dukakis,420,1000
11/08/1988,SD,Grant,ignore,Bush,580,1000
11/08/1988,MN,Faribault,ignore,Dukakis,420,1000
11/08/1988,MN,Faribault,ignore,Bush,580,1000
11/08/1988,KY,Robertson,ignore,Dukakis,420,1000
11/08/1988,KY,Robertson,ignore,Bush,580,1000
11/08/1988,IL,Effingham,ignore,Dukakis,420,1000
11/08/1988,IL,Effingham,ignore,Bush,580,1000
11/08/1988,MN,Benton,ignore,Dukakis,420,1000
11/08/1988,MN,Benton,ignore,Bush,580,1000
11/08/1988,TX,Falls,ignore,Dukakis,420,1000
11/08/1988,TX,Falls,ignore,Bush,580,1000
11/08/1988,SD,Aurora,ignore,Dukakis,420,1000
11/08/1988,SD,Aurora,ignore,Bush,580,1000
11/08/1988,MA,Nantucket,ignore,Dukakis,580,1000
11/08/1988,MA,Nantucket,ignore,Bush,420,1000
11/08/1988,SD,Beadle,ignore,Dukakis,420,1000
11/08/1988,SD,Beadle,ignore,Bush,580,1000
11/08/1988,SD,Spink,ignore,Dukakis,420,1000
11/08/1988,SD,Spink,ignore,Bush,580,1000
11/08/1988,SD,Yankton,ignore,Dukakis,420,1000
11/08/1988,SD,Yankton,ignore,Bush,580,1000
11/08/1988,SD,Hutchinson,ignore,Dukakis,420,1000
11/08/1988,SD,Hutchinson,ignore,Bush,580,1000
11/08/1988,PA,Cameron,ignore,Dukakis,420,1000
11/08/1988,PA,Cameron,ignore,Bush,580,1000
11/08/1988,AK,Hoonah_Angoon,ignore,Dukakis,420,1000
11/08/1988,AK,Hoonah_Angoon,ignore,Bush,580,1000
11/08/1988,TN,Hardin,ignore,Dukakis,420,1000
11/08/1988,TN,Hardin,ignore,Bush,580,1000
11/08/1988,SD,McCook,ignore,Dukakis,420,1000
11/08/1988,SD,McCook,ignore,Bush,580,1000
11/08/1988,SD,Jerauld,ignore,Dukakis,420,1000
11/08/1988,SD,Jerauld,ignore,Bush,580,1000
11/08/1988,WV,Barbour,ignore,Dukakis,420,1000
11/08/1988,WV,Barbour,ignore,Bush,580,1000
11/08/1988,VA,Goochland,ignore,Dukakis,420,1000
11/08/1988,VA,Goochland,ignore,Bush,580,1000
11/08/1988,MN,Le_Sueur,ignore,Dukakis,420,1000
11/08/1988,MN,Le_Sueur,ignore,Bush,580,1000
11/08/1988,TX,Karnes,ignore,Dukakis,420,1000
11/08/1988,TX,Karnes,ignore,Bush,580,1000
11/08/1988,MN,Martin,ignore,Dukakis,420,1000
11/08/1988,MN,Martin,ignore,Bush,580,1000
11/08/1988,MO,Adair,ignore,Dukakis,420,1000
11/08/1988,MO,Adair,ignore,Bush,580,1000
11/08/1988,WI,Price,ignore,Dukakis,420,1000
11/08/1988,WI,Price,ignore,Bush,580,1000
11/08/1988,WI,Dunn,ignore,Dukakis,420,1000
11/08/1988,WI,Dunn,ignore,Bush,580,1000
11/08/1988,WY,Natrona,ignore,Dukakis,420,1000
11/08/1988,WY,Natrona,ignore,Bush,580,1000
11/08/1988,WY,Niobrara,ignore,Dukakis,420,1000
11/08/1988,WY,Niobrara,ignore,Bush,580,1000
11/08/1988,WY,Park,ignore,Dukakis,420,1000
11/08/1988,WY,Park,ignore,Bush,580,1000
11/08/1988,SC,Saluda,ignore,Dukakis,420,1000
11/08/1988,SC,Saluda,ignore,Bush,580,1000
11/08/1988,OR,Wheeler,ignore,Dukakis,420,1000
11/08/1988,OR,Wheeler,ignore,Bush,580,1000
11/08/1988,VT,Essex,ignore,Dukakis,490,1000
11/08/1988,VT,Essex,ignore,Bush,510,1000
11/08/1988,WA,Skamania,ignore,Dukakis,470,1000
11/08/1988,WA,Skamania,ignore,Bush,530,1000
11/08/1988,MN,Cook,ignore,Dukakis,580,1000
11/08/1988,MN,Cook,ignore,Bush,420,1000
11/08/1988,OH,Crawford,ignore,Dukakis,420,1000
11/08/1988,OH,Crawford,ignore,Bush,580,1000
11/08/1988,OH,Hancock,ignore,Dukakis,420,1000
11/08/1988,OH,Hancock,ignore,Bush,580,1000
11/08/1988,OH,Hocking,ignore,Dukakis,420,1000
11/08/1988,OH,Hocking,ignore,Bush,580,1000
11/08/1988,OH,Huron,ignore,Dukakis,420,1000
11/08/1988,OH,Huron,ignore,Bush,580,1000
11/08/1988,TX,Yoakum,ignore,Dukakis,420,1000
11/08/1988,TX,Yoakum,ignore,Bush,580,1000
11/08/1988,TX,Armstrong,ignore,Dukakis,420,1000
11/08/1988,TX,Armstrong,ignore,Bush,580,1000
11/08/1988,TX,Jim_Wells,ignore,Dukakis,420,1000
11/08/1988,TX,Jim_Wells,ignore,Bush,580,1000
11/08/1988,OK,Dewey,ignore,Dukakis,420,1000
11/08/1988,OK,Dewey,ignore,Bush,580,1000
11/08/1988,TX,Hemphill,ignore,Dukakis,420,1000
11/08/1988,TX,Hemphill,ignore,Bush,580,1000
11/08/1988,ME,Kennebec,ignore,Dukakis,510,1000
11/08/1988,ME,Kennebec,ignore,Bush,490,1000
11/08/1988,IA,Grundy,ignore,Dukakis,420,1000
11/08/1988,IA,Grundy,ignore,Bush,580,1000
11/08/1988,MN,Isanti,ignore,Dukakis,420,1000
11/08/1988,MN,Isanti,ignore,Bush,580,1000
11/08/1988,TX,Schleicher,ignore,Dukakis,420,1000
11/08/1988,TX,Schleicher,ignore,Bush,580,1000
11/08/1988,OK,Okmulgee,ignore,Dukakis,420,1000
11/08/1988,OK,Okmulgee,ignore,Bush,580,1000
11/08/1988,MT,Garfield,ignore,Dukakis,420,1000
11/08/1988,MT,Garfield,ignore,Bush,580,1000
11/08/1988,TX,Stephens,ignore,Dukakis,420,1000
11/08/1988,TX,Stephens,ignore,Bush,580,1000
11/08/1988,NE,Arthur,ignore,Dukakis,420,1000
11/08/1988,NE,Arthur,ignore,Bush,580,1000
11/08/1988,TX,Swisher,ignore,Dukakis,420,1000
11/08/1988,TX,Swisher,ignore,Bush,580,1000
11/08/1988,MO,Pettis,ignore,Dukakis,420,1000
11/08/1988,MO,Pettis,ignore,Bush,580,1000
11/08/1988,TX,Lamb,ignore,Dukakis,420,1000
11/08/1988,TX,Lamb,ignore,Bush,580,1000
11/08/1988,TX,Palo_Pinto,ignore,Dukakis,420,1000
11/08/1988,TX,Palo_Pinto,ignore,Bush,580,1000
11/08/1988,GA,White,ignore,Dukakis,420,1000
11/08/1988,GA,White,ignore,Bush,580,1000
11/08/1988,OR,Wasco,ignore,Dukakis,470,1000
11/08/1988,OR,Wasco,ignore,Bush,530,1000
11/08/1988,AK,Bethel,ignore,Dukakis,420,1000
11/08/1988,AK,Bethel,ignore,Bush,580,1000
11/08/1988,AR,St_Francis,ignore,Dukakis,530,1000
11/08/1988,AR,St_Francis,ignore,Bush,470,1000
11/08/1988,AK,Aleutians_East,ignore,Dukakis,420,1000
11/08/1988,AK,Aleutians_East,ignore,Bush,580,1000
11/08/1988,WI,Monroe,ignore,Dukakis,420,1000
11/08/1988,WI,Monroe,ignore,Bush,580,1000
11/08/1988,AK,Ketchikan_Gateway,ignore,Dukakis,420,1000
11/08/1988,AK,Ketchikan_Gateway,ignore,Bush,580,1000
11/08/1988,AK,Lake_and_Peninsula,ignore,Dukakis,420,1000
11/08/1988,AK,Lake_and_Peninsula,ignore,Bush,580,1000
11/08/1988,ND,Stutsman,ignore,Dukakis,420,1000
11/08/1988,ND,Stutsman,ignore,Bush,580,1000
11/08/1988,OH,Paulding,ignore,Dukakis,420,1000
11/08/1988,OH,Paulding,ignore,Bush,580,1000
11/08/1988,MS,Choctaw,ignore,Dukakis,420,1000
11/08/1988,MS,Choctaw,ignore,Bush,580,1000
11/08/1988,SD,Sully,ignore,Dukakis,420,1000
11/08/1988,SD,Sully,ignore,Bush,580,1000
11/08/1988,MO,Stoddard,ignore,Dukakis,420,1000
11/08/1988,MO,Stoddard,ignore,Bush,580,1000
11/08/1988,TX,Hall,ignore,Dukakis,420,1000
11/08/1988,TX,Hall,ignore,Bush,580,1000
11/08/1988,MO,Stone,ignore,Dukakis,420,1000
11/08/1988,MO,Stone,ignore,Bush,580,1000
11/08/1988,MO,Webster,ignore,Dukakis,420,1000
11/08/1988,MO,Webster,ignore,Bush,580,1000
11/08/1988,NC,Forsyth,ignore,Dukakis,530,1000
11/08/1988,NC,Forsyth,ignore,Bush,470,1000
11/08/1988,VA,Danville,ignore,Dukakis,580,1000
11/08/1988,VA,Danville,ignore,Bush,420,1000
11/08/1988,VA,Franklin,ignore,Dukakis,580,1000
11/08/1988,VA,Franklin,ignore,Bush,420,1000
11/08/1988,KS,Brown,ignore,Dukakis,420,1000
11/08/1988,KS,Brown,ignore,Bush,580,1000
11/08/1988,VA,Martinsville,ignore,Dukakis,580,1000
11/08/1988,VA,Martinsville,ignore,Bush,420,1000
11/08/1988,KS,Butler,ignore,Dukakis,420,1000
11/08/1988,KS,Butler,ignore,Bush,580,1000
11/08/1988,TX,Hood,ignore,Dukakis,420,1000
11/08/1988,TX,Hood,ignore,Bush,580,1000
11/08/1988,VA,Staunton,ignore,Dukakis,580,1000
11/08/1988,VA,Staunton,ignore,Bush,420,1000
11/08/1988,FL,DeSoto,ignore,Dukakis,420,1000
11/08/1988,FL,DeSoto,ignore,Bush,580,1000
11/08/1988,FL,Highlands,ignore,Dukakis,420,1000
11/08/1988,FL,Highlands,ignore,Bush,580,1000
11/08/1988,MO,Wright,ignore,Dukakis,420,1000
11/08/1988,MO,Wright,ignore,Bush,580,1000
11/08/1988,KS,Anderson,ignore,Dukakis,420,1000
11/08/1988,KS,Anderson,ignore,Bush,580,1000
11/08/1988,VA,Amelia,ignore,Dukakis,420,1000
11/08/1988,VA,Amelia,ignore,Bush,580,1000
11/08/1988,IA,Crawford,ignore,Dukakis,420,1000
11/08/1988,IA,Crawford,ignore,Bush,580,1000
11/08/1988,IA,Davis,ignore,Dukakis,420,1000
11/08/1988,IA,Davis,ignore,Bush,580,1000
11/08/1988,IA,Delaware,ignore,Dukakis,470,1000
11/08/1988,IA,Delaware,ignore,Bush,530,1000
11/08/1988,KS,Miami,ignore,Dukakis,420,1000
11/08/1988,KS,Miami,ignore,Bush,580,1000
11/08/1988,TX,LaSalle,ignore,Dukakis,420,1000
11/08/1988,TX,LaSalle,ignore,Bush,580,1000
11/08/1988,KS,McPherson,ignore,Dukakis,420,1000
11/08/1988,KS,McPherson,ignore,Bush,580,1000
11/08/1988,IA,Franklin,ignore,Dukakis,420,1000
11/08/1988,IA,Franklin,ignore,Bush,580,1000
11/08/1988,KS,Logan,ignore,Dukakis,420,1000
11/08/1988,KS,Logan,ignore,Bush,580,1000
11/08/1988,IA,Hamilton,ignore,Dukakis,420,1000
11/08/1988,IA,Hamilton,ignore,Bush,580,1000
11/08/1988,TX,McLennan,ignore,Dukakis,420,1000
11/08/1988,TX,McLennan,ignore,Bush,580,1000
11/08/1988,ID,Custer,ignore,Dukakis,420,1000
11/08/1988,ID,Custer,ignore,Bush,580,1000
11/08/1988,KS,Sherman,ignore,Dukakis,420,1000
11/08/1988,KS,Sherman,ignore,Bush,580,1000
11/08/1988,IA,Ida,ignore,Dukakis,420,1000
11/08/1988,IA,Ida,ignore,Bush,580,1000
11/08/1988,OH,Perry,ignore,Dukakis,420,1000
11/08/1988,OH,Perry,ignore,Bush,580,1000
11/08/1988,CO,Morgan,ignore,Dukakis,420,1000
11/08/1988,CO,Morgan,ignore,Bush,580,1000
11/08/1988,TX,Real,ignore,Dukakis,420,1000
11/08/1988,TX,Real,ignore,Bush,580,1000
11/08/1988,GA,Crisp,ignore,Dukakis,420,1000
11/08/1988,GA,Crisp,ignore,Bush,580,1000
11/08/1988,OH,Ross,ignore,Dukakis,420,1000
11/08/1988,OH,Ross,ignore,Bush,580,1000
11/08/1988,CO,Montrose,ignore,Dukakis,420,1000
11/08/1988,CO,Montrose,ignore,Bush,580,1000
11/08/1988,OH,Shelby,ignore,Dukakis,420,1000
11/08/1988,OH,Shelby,ignore,Bush,580,1000
11/08/1988,GA,Evans,ignore,Dukakis,420,1000
11/08/1988,GA,Evans,ignore,Bush,580,1000
11/08/1988,IL,Cumberland,ignore,Dukakis,420,1000
11/08/1988,IL,Cumberland,ignore,Bush,580,1000
11/08/1988,OH,Union,ignore,Dukakis,420,1000
11/08/1988,OH,Union,ignore,Bush,580,1000
11/08/1988,GA,Jeff_Davis,ignore,Dukakis,420,1000
11/08/1988,GA,Jeff_Davis,ignore,Bush,580,1000
11/08/1988,AR,Stone,ignore,Dukakis,420,1000
11/08/1988,AR,Stone,ignore,Bush,580,1000
11/08/1988,MO,Henry,ignore,Dukakis,420,1000
11/08/1988,MO,Henry,ignore,Bush,580,1000
11/08/1988,TX,Menard,ignore,Dukakis,420,1000
11/08/1988,TX,Menard,ignore,Bush,580,1000
11/08/1988,TX,Midland,ignore,Dukakis,420,1000
11/08/1988,TX,Midland,ignore,Bush,580,1000
11/08/1988,TX,Nolan,ignore,Dukakis,420,1000
11/08/1988,TX,Nolan,ignore,Bush,580,1000
11/08/1988,TX,Reagan,ignore,Dukakis,420,1000
11/08/1988,TX,Reagan,ignore,Bush,580,1000
11/08/1988,OK,Stephens,ignore,Dukakis,420,1000
11/08/1988,OK,Stephens,ignore,Bush,580,1000
11/08/1988,MO,St_Francois,ignore,Dukakis,420,1000
11/08/1988,MO,St_Francois,ignore,Bush,580,1000
11/08/1988,CO,Kiowa,ignore,Dukakis,420,1000
11/08/1988,CO,Kiowa,ignore,Bush,580,1000
11/08/1988,TX,Mason,ignore,Dukakis,420,1000
11/08/1988,TX,Mason,ignore,Bush,580,1000
11/08/1988,TX,Glasscock,ignore,Dukakis,420,1000
11/08/1988,TX,Glasscock,ignore,Bush,580,1000
11/08/1988,TX,Kendall,ignore,Dukakis,420,1000
11/08/1988,TX,Kendall,ignore,Bush,580,1000
11/08/1988,OK,Grady,ignore,Dukakis,420,1000
11/08/1988,OK,Grady,ignore,Bush,580,1000
11/08/1988,OK,Cleveland,ignore,Dukakis,420,1000
11/08/1988,OK,Cleveland,ignore,Bush,580,1000
11/08/1988,PA,Susquehanna,ignore,Dukakis,420,1000
11/08/1988,PA,Susquehanna,ignore,Bush,580,1000
11/08/1988,TX,Morris,ignore,Dukakis,420,1000
11/08/1988,TX,Morris,ignore,Bush,580,1000
11/08/1988,TX,Hunt,ignore,Dukakis,420,1000
11/08/1988,TX,Hunt,ignore,Bush,580,1000
11/08/1988,NY,Schenectady,ignore,Dukakis,530,1000
11/08/1988,NY,Schenectady,ignore,Bush,470,1000
11/08/1988,OK,Carter,ignore,Dukakis,420,1000
11/08/1988,OK,Carter,ignore,Bush,580,1000
11/08/1988,OK,Coal,ignore,Dukakis,420,1000
11/08/1988,OK,Coal,ignore,Bush,580,1000
11/08/1988,OK,Murray,ignore,Dukakis,420,1000
11/08/1988,OK,Murray,ignore,Bush,580,1000
11/08/1988,OK,Haskell,ignore,Dukakis,420,1000
11/08/1988,OK,Haskell,ignore,Bush,580,1000
11/08/1988,OH,Athens,ignore,Dukakis,580,1000
11/08/1988,OH,Athens,ignore,Bush,420,1000
11/08/1988,AK,Yukon-Koyukuk,ignore,Dukakis,420,1000
11/08/1988,AK,Yukon-Koyukuk,ignore,Bush,580,1000
11/08/1988,AL,Monroe,ignore,Dukakis,420,1000
11/08/1988,AL,Monroe,ignore,Bush,580,1000
11/08/1988,MS,Humphreys,ignore,Dukakis,420,1000
11/08/1988,MS,Humphreys,ignore,Bush,580,1000
11/08/1988,MS,Quitman,ignore,Dukakis,580,1000
11/08/1988,MS,Quitman,ignore,Bush,420,1000
11/08/1988,MO,Sullivan,ignore,Dukakis,420,1000
11/08/1988,MO,Sullivan,ignore,Bush,580,1000
11/08/1988,TX,Lampasas,ignore,Dukakis,420,1000
11/08/1988,TX,Lampasas,ignore,Bush,580,1000
11/08/1988,TX,Limestone,ignore,Dukakis,420,1000
11/08/1988,TX,Limestone,ignore,Bush,580,1000
11/08/1988,TX,Bell,ignore,Dukakis,420,1000
11/08/1988,TX,Bell,ignore,Bush,580,1000
11/08/1988,WI,Brown,ignore,Dukakis,490,1000
11/08/1988,WI,Brown,ignore,Bush,510,1000
11/08/1988,MS,Jones,ignore,Dukakis,420,1000
11/08/1988,MS,Jones,ignore,Bush,580,1000
11/08/1988,MS,Kemper,ignore,Dukakis,420,1000
11/08/1988,MS,Kemper,ignore,Bush,580,1000
11/08/1988,NV,Mineral,ignore,Dukakis,420,1000
11/08/1988,NV,Mineral,ignore,Bush,580,1000
11/08/1988,NM,Bernalillo,ignore,Dukakis,530,1000
11/08/1988,NM,Bernalillo,ignore,Bush,470,1000
11/08/1988,FL,Hamilton,ignore,Dukakis,420,1000
11/08/1988,FL,Hamilton,ignore,Bush,580,1000
11/08/1988,HI,Kalawao,ignore,Dukakis,470,1000
11/08/1988,HI,Kalawao,ignore,Bush,530,1000
11/08/1988,FL,Clay,ignore,Dukakis,420,1000
11/08/1988,FL,Clay,ignore,Bush,580,1000
11/08/1988,MN,Hubbard,ignore,Dukakis,420,1000
11/08/1988,MN,Hubbard,ignore,Bush,580,1000
11/08/1988,TX,Carson,ignore,Dukakis,420,1000
11/08/1988,TX,Carson,ignore,Bush,580,1000
11/08/1988,ND,Eddy,ignore,Dukakis,420,1000
11/08/1988,ND,Eddy,ignore,Bush,580,1000
11/08/1988,AK,Nome,ignore,Dukakis,420,1000
11/08/1988,AK,Nome,ignore,Bush,580,1000
11/08/1988,KS,Pawnee,ignore,Dukakis,420,1000
11/08/1988,KS,Pawnee,ignore,Bush,580,1000
11/08/1988,KS,Stafford,ignore,Dukakis,420,1000
11/08/1988,KS,Stafford,ignore,Bush,580,1000
11/08/1988,ND,McHenry,ignore,Dukakis,420,1000
11/08/1988,ND,McHenry,ignore,Bush,580,1000
11/08/1988,IL,Warren,ignore,Dukakis,420,1000
11/08/1988,IL,Warren,ignore,Bush,580,1000
11/08/1988,NV,Clark,ignore,Dukakis,490,1000
11/08/1988,NV,Clark,ignore,Bush,510,1000
11/08/1988,KS,Lincoln,ignore,Dukakis,420,1000
11/08/1988,KS,Lincoln,ignore,Bush,580,1000
11/08/1988,AL,Barbour,ignore,Dukakis,420,1000
11/08/1988,AL,Barbour,ignore,Bush,580,1000
11/08/1988,TN,Fayette,ignore,Dukakis,420,1000
11/08/1988,TN,Fayette,ignore,Bush,580,1000
11/08/1988,KS,Rush,ignore,Dukakis,420,1000
11/08/1988,KS,Rush,ignore,Bush,580,1000
11/08/1988,IL,Boone,ignore,Dukakis,470,1000
11/08/1988,IL,Boone,ignore,Bush,530,1000
11/08/1988,ND,Bowman,ignore,Dukakis,420,1000
11/08/1988,ND,Bowman,ignore,Bush,580,1000
11/08/1988,IN,Huntington,ignore,Dukakis,420,1000
11/08/1988,IN,Huntington,ignore,Bush,580,1000
11/08/1988,KS,Ellsworth,ignore,Dukakis,420,1000
11/08/1988,KS,Ellsworth,ignore,Bush,580,1000
11/08/1988,IN,DeKalb,ignore,Dukakis,420,1000
11/08/1988,IN,DeKalb,ignore,Bush,580,1000
11/08/1988,IN,Grant,ignore,Dukakis,420,1000
11/08/1988,IN,Grant,ignore,Bush,580,1000
11/08/1988,IN,Miami,ignore,Dukakis,420,1000
11/08/1988,IN,Miami,ignore,Bush,580,1000
11/08/1988,IN,Tipton,ignore,Dukakis,420,1000
11/08/1988,IN,Tipton,ignore,Bush,580,1000
11/08/1988,UT,Summit,ignore,Dukakis,510,1000
11/08/1988,UT,Summit,ignore,Bush,490,1000
11/08/1988,MO,Polk,ignore,Dukakis,420,1000
11/08/1988,MO,Polk,ignore,Bush,580,1000
11/08/1988,CA,Nevada,ignore,Dukakis,497,1000
11/08/1988,CA,Nevada,ignore,Bush,503,1000
11/08/1988,WI,Shawano,ignore,Dukakis,420,1000
11/08/1988,WI,Shawano,ignore,Bush,580,1000
11/08/1988,ID,Idaho,ignore,Dukakis,420,1000
11/08/1988,ID,Idaho,ignore,Bush,580,1000
11/08/1988,SD,Codington,ignore,Dukakis,420,1000
11/08/1988,SD,Codington,ignore,Bush,580,1000
11/08/1988,ND,Rolette,ignore,Dukakis,470,1000
11/08/1988,ND,Rolette,ignore,Bush,530,1000
11/08/1988,KS,Mitchell,ignore,Dukakis,420,1000
11/08/1988,KS,Mitchell,ignore,Bush,580,1000
11/08/1988,KS,Scott,ignore,Dukakis,420,1000
11/08/1988,KS,Scott,ignore,Bush,580,1000
11/08/1988,KS,Washington,ignore,Dukakis,420,1000
11/08/1988,KS,Washington,ignore,Bush,580,1000
11/08/1988,LA,Concordia,ignore,Dukakis,420,1000
11/08/1988,LA,Concordia,ignore,Bush,580,1000
11/08/1988,GA,Marion,ignore,Dukakis,470,1000
11/08/1988,GA,Marion,ignore,Bush,530,1000
11/08/1988,LA,Iberville,ignore,Dukakis,530,1000
11/08/1988,LA,Iberville,ignore,Bush,470,1000
11/08/1988,TX,Blanco,ignore,Dukakis,420,1000
11/08/1988,TX,Blanco,ignore,Bush,580,1000
11/08/1988,VA,Norton,ignore,Dukakis,420,1000
11/08/1988,VA,Norton,ignore,Bush,580,1000
11/08/1988,TX,Kimble,ignore,Dukakis,420,1000
11/08/1988,TX,Kimble,ignore,Bush,580,1000
11/08/1988,TX,Dawson,ignore,Dukakis,420,1000
11/08/1988,TX,Dawson,ignore,Bush,580,1000
11/08/1988,OK,Blaine,ignore,Dukakis,420,1000
11/08/1988,OK,Blaine,ignore,Bush,580,1000
11/08/1988,KS,Barber,ignore,Dukakis,420,1000
11/08/1988,KS,Barber,ignore,Bush,580,1000
11/08/1988,TX,Wilson,ignore,Dukakis,420,1000
11/08/1988,TX,Wilson,ignore,Bush,580,1000
11/08/1988,WI,Rusk,ignore,Dukakis,420,1000
11/08/1988,WI,Rusk,ignore,Bush,580,1000
11/08/1988,VA,Colonial_Heights,ignore,Dukakis,490,1000
11/08/1988,VA,Colonial_Heights,ignore,Bush,510,1000
11/08/1988,TX,Baylor,ignore,Dukakis,420,1000
11/08/1988,TX,Baylor,ignore,Bush,580,1000
11/08/1988,KS,Wallace,ignore,Dukakis,420,1000
11/08/1988,KS,Wallace,ignore,Bush,580,1000
11/08/1988,KS,Seward,ignore,Dukakis,420,1000
11/08/1988,KS,Seward,ignore,Bush,580,1000
11/08/1988,MS,Lauderdale,ignore,Dukakis,420,1000
11/08/1988,MS,Lauderdale,ignore,Bush,580,1000
11/08/1988,MS,Perry,ignore,Dukakis,420,1000
11/08/1988,MS,Perry,ignore,Bush,580,1000
11/08/1988,AR,Saline,ignore,Dukakis,420,1000
11/08/1988,AR,Saline,ignore,Bush,580,1000
11/08/1988,IL,Bureau,ignore,Dukakis,420,1000
11/08/1988,IL,Bureau,ignore,Bush,580,1000
11/08/1988,IN,Wabash,ignore,Dukakis,420,1000
11/08/1988,IN,Wabash,ignore,Bush,580,1000
11/08/1988,MO,Carter,ignore,Dukakis,420,1000
11/08/1988,MO,Carter,ignore,Bush,580,1000
11/08/1988,NE,McPherson,ignore,Dukakis,420,1000
11/08/1988,NE,McPherson,ignore,Bush,580,1000
11/08/1988,MO,Macon,ignore,Dukakis,420,1000
11/08/1988,MO,Macon,ignore,Bush,580,1000
11/08/1988,KS,Coffey,ignore,Dukakis,420,1000
11/08/1988,KS,Coffey,ignore,Bush,580,1000
11/08/1988,VA,Salem,ignore,Dukakis,420,1000
11/08/1988,VA,Salem,ignore,Bush,580,1000
11/08/1988,WI,Lincoln,ignore,Dukakis,420,1000
11/08/1988,WI,Lincoln,ignore,Bush,580,1000
11/08/1988,OH,Morgan,ignore,Dukakis,420,1000
11/08/1988,OH,Morgan,ignore,Bush,580,1000
11/08/1988,WI,Richland,ignore,Dukakis,420,1000
11/08/1988,WI,Richland,ignore,Bush,580,1000
11/08/1988,ID,Lemhi,ignore,Dukakis,420,1000
11/08/1988,ID,Lemhi,ignore,Bush,580,1000
11/08/1988,IA,Dickinson,ignore,Dukakis,420,1000
11/08/1988,IA,Dickinson,ignore,Bush,580,1000
11/08/1988,MI,Sanilac,ignore,Dukakis,420,1000
11/08/1988,MI,Sanilac,ignore,Bush,580,1000
11/08/1988,MS,Pontotoc,ignore,Dukakis,420,1000
11/08/1988,MS,Pontotoc,ignore,Bush,580,1000
11/08/1988,NY,Suffolk,ignore,Dukakis,470,1000
11/08/1988,NY,Suffolk,ignore,Bush,530,1000
11/08/1988,VA,Grayson,ignore,Dukakis,420,1000
11/08/1988,VA,Grayson,ignore,Bush,580,1000
11/08/1988,CO,Elbert,ignore,Dukakis,420,1000
11/08/1988,CO,Elbert,ignore,Bush,580,1000
11/08/1988,IN,Franklin,ignore,Dukakis,420,1000
11/08/1988,IN,Franklin,ignore,Bush,580,1000
11/08/1988,IA,Linn,ignore,Dukakis,530,1000
11/08/1988,IA,Linn,ignore,Bush,470,1000
11/08/1988,MI,Wexford,ignore,Dukakis,420,1000
11/08/1988,MI,Wexford,ignore,Bush,580,1000
11/08/1988,OH,Wyandot,ignore,Dukakis,420,1000
11/08/1988,OH,Wyandot,ignore,Bush,580,1000
11/08/1988,NE,Franklin,ignore,Dukakis,420,1000
11/08/1988,NE,Franklin,ignore,Bush,580,1000
11/08/1988,WV,McDowell,ignore,Dukakis,420,1000
11/08/1988,WV,McDowell,ignore,Bush,580,1000
11/08/1988,WV,Wirt,ignore,Dukakis,420,1000
11/08/1988,WV,Wirt,ignore,Bush,580,1000
11/08/1988,WV,Upshur,ignore,Dukakis,420,1000
11/08/1988,WV,Upshur,ignore,Bush,580,1000
11/08/1988,MS,Covington,ignore,Dukakis,420,1000
11/08/1988,MS,Covington,ignore,Bush,580,1000
11/08/1988,CO,Alamosa,ignore,Dukakis,470,1000
11/08/1988,CO,Alamosa,ignore,Bush,530,1000
11/08/1988,FL,Holmes,ignore,Dukakis,420,1000
11/08/1988,FL,Holmes,ignore,Bush,580,1000
11/08/1988,GA,Dade,ignore,Dukakis,420,1000
11/08/1988,GA,Dade,ignore,Bush,580,1000
11/08/1988,GA,Miller,ignore,Dukakis,420,1000
11/08/1988,GA,Miller,ignore,Bush,580,1000
11/08/1988,GA,Pulaski,ignore,Dukakis,420,1000
11/08/1988,GA,Pulaski,ignore,Bush,580,1000
11/08/1988,MS,Amite,ignore,Dukakis,420,1000
11/08/1988,MS,Amite,ignore,Bush,580,1000
11/08/1988,SD,Faulk,ignore,Dukakis,420,1000
11/08/1988,SD,Faulk,ignore,Bush,580,1000
11/08/1988,AL,Bibb,ignore,Dukakis,420,1000
11/08/1988,AL,Bibb,ignore,Bush,580,1000
11/08/1988,KS,Cheyenne,ignore,Dukakis,420,1000
11/08/1988,KS,Cheyenne,ignore,Bush,580,1000
11/08/1988,ME,York,ignore,Dukakis,510,1000
11/08/1988,ME,York,ignore,Bush,490,1000
11/08/1988,MN,Carlton,ignore,Dukakis,510,1000
11/08/1988,MN,Carlton,ignore,Bush,490,1000
11/08/1988,VA,Dickenson,ignore,Dukakis,420,1000
11/08/1988,VA,Dickenson,ignore,Bush,580,1000
11/08/1988,AK,Northwest_Arctic,ignore,Dukakis,420,1000
11/08/1988,AK,Northwest_Arctic,ignore,Bush,580,1000
11/08/1988,GA,Walton,ignore,Dukakis,420,1000
11/08/1988,GA,Walton,ignore,Bush,580,1000
11/08/1988,IN,Greene,ignore,Dukakis,420,1000
11/08/1988,IN,Greene,ignore,Bush,580,1000
11/08/1988,MI,Kalkaska,ignore,Dukakis,420,1000
11/08/1988,MI,Kalkaska,ignore,Bush,580,1000
11/08/1988,NE,Buffalo,ignore,Dukakis,420,1000
11/08/1988,NE,Buffalo,ignore,Bush,580,1000
11/08/1988,ND,Foster,ignore,Dukakis,420,1000
11/08/1988,ND,Foster,ignore,Bush,580,1000
11/08/1988,NE,Sherman,ignore,Dukakis,420,1000
11/08/1988,NE,Sherman,ignore,Bush,580,1000
11/08/1988,NE,Keith,ignore,Dukakis,420,1000
11/08/1988,NE,Keith,ignore,Bush,580,1000
11/08/1988,OK,Beckham,ignore,Dukakis,420,1000
11/08/1988,OK,Beckham,ignore,Bush,580,1000
11/08/1988,TX,Throckmorton,ignore,Dukakis,420,1000
11/08/1988,TX,Throckmorton,ignore,Bush,580,1000
11/08/1988,CA,San_Bernardino,ignore,Dukakis,490,1000
11/08/1988,CA,San_Bernardino,ignore,Bush,510,1000
11/08/1988,GA,Towns,ignore,Dukakis,420,1000
11/08/1988,GA,Towns,ignore,Bush,580,1000
11/08/1988,MO,Andrew,ignore,Dukakis,420,1000
11/08/1988,MO,Andrew,ignore,Bush,580,1000
11/08/1988,MN,Aitkin,ignore,Dukakis,420,1000
11/08/1988,MN,Aitkin,ignore,Bush,580,1000
11/08/1988,AK,Haines,ignore,Dukakis,470,1000
11/08/1988,AK,Haines,ignore,Bush,530,1000
11/08/1988,AK,Skagway,ignore,Dukakis,420,1000
11/08/1988,AK,Skagway,ignore,Bush,580,1000
11/08/1988,IN,Washington,ignore,Dukakis,420,1000
11/08/1988,IN,Washington,ignore,Bush,580,1000
11/08/1988,KS,Grant,ignore,Dukakis,420,1000
11/08/1988,KS,Grant,ignore,Bush,580,1000
11/08/1988,KY,Marion,ignore,Dukakis,420,1000
11/08/1988,KY,Marion,ignore,Bush,580,1000
11/08/1988,AL,Lawrence,ignore,Dukakis,420,1000
11/08/1988,AL,Lawrence,ignore,Bush,580,1000
11/08/1988,IL,Stark,ignore,Dukakis,420,1000
11/08/1988,IL,Stark,ignore,Bush,580,1000
11/08/1988,IN,Ripley,ignore,Dukakis,420,1000
11/08/1988,IN,Ripley,ignore,Bush,580,1000
11/08/1988,KY,Russell,ignore,Dukakis,420,1000
11/08/1988,KY,Russell,ignore,Bush,580,1000
11/08/1988,NE,Grant,ignore,Dukakis,420,1000
11/08/1988,NE,Grant,ignore,Bush,580,1000
11/08/1988,PA,Venango,ignore,Dukakis,420,1000
11/08/1988,PA,Venango,ignore,Bush,580,1000
11/08/1988,KS,Hodgeman,ignore,Dukakis,420,1000
11/08/1988,KS,Hodgeman,ignore,Bush,580,1000
11/08/1988,TX,Crosby,ignore,Dukakis,420,1000
11/08/1988,TX,Crosby,ignore,Bush,580,1000
11/08/1988,WI,Taylor,ignore,Dukakis,420,1000
11/08/1988,WI,Taylor,ignore,Bush,580,1000
11/08/1988,TX,Rains,ignore,Dukakis,420,1000
11/08/1988,TX,Rains,ignore,Bush,580,1000
11/08/1988,IA,Benton,ignore,Dukakis,420,1000
11/08/1988,IA,Benton,ignore,Bush,580,1000
11/08/1988,AK,Valdez-Cordova,ignore,Dukakis,420,1000
11/08/1988,AK,Valdez-Cordova,ignore,Bush,580,1000
11/08/1988,IL,Shelby,ignore,Dukakis,420,1000
11/08/1988,IL,Shelby,ignore,Bush,580,1000
11/08/1988,IA,Story,ignore,Dukakis,530,1000
11/08/1988,IA,Story,ignore,Bush,470,1000
11/08/1988,LA,Calcasieu,ignore,Dukakis,420,1000
11/08/1988,LA,Calcasieu,ignore,Bush,580,1000
11/08/1988,IN,Marshall,ignore,Dukakis,420,1000
11/08/1988,IN,Marshall,ignore,Bush,580,1000
11/08/1988,IN,Tippecanoe,ignore,Dukakis,470,1000
11/08/1988,IN,Tippecanoe,ignore,Bush,530,1000
11/08/1988,NC,Alamance,ignore,Dukakis,470,1000
11/08/1988,NC,Alamance,ignore,Bush,530,1000
11/08/1988,TX,Dallam,ignore,Dukakis,420,1000
11/08/1988,TX,Dallam,ignore,Bush,580,1000
11/08/1988,MO,Moniteau,ignore,Dukakis,420,1000
11/08/1988,MO,Moniteau,ignore,Bush,580,1000
11/08/1988,MN,Nobles,ignore,Dukakis,420,1000
11/08/1988,MN,Nobles,ignore,Bush,580,1000
11/08/1988,OH,Champaign,ignore,Dukakis,420,1000
11/08/1988,OH,Champaign,ignore,Bush,580,1000
11/08/1988,NM,Luna,ignore,Dukakis,490,1000
11/08/1988,NM,Luna,ignore,Bush,510,1000
11/08/1988,AK,Wrangell,ignore,Dukakis,420,1000
11/08/1988,AK,Wrangell,ignore,Bush,580,1000
11/08/1988,NE,Stanton,ignore,Dukakis,420,1000
11/08/1988,NE,Stanton,ignore,Bush,580,1000
11/08/1988,AR,Garland,ignore,Dukakis,420,1000
11/08/1988,AR,Garland,ignore,Bush,580,1000
11/08/1988,ND,Ransom,ignore,Dukakis,420,1000
11/08/1988,ND,Ransom,ignore,Bush,580,1000
11/08/1988,IA,Decatur,ignore,Dukakis,420,1000
11/08/1988,IA,Decatur,ignore,Bush,580,1000
11/08/1988,MI,Kalamazoo,ignore,Dukakis,530,1000
11/08/1988,MI,Kalamazoo,ignore,Bush,470,1000
11/08/1988,IA,Floyd,ignore,Dukakis,420,1000
11/08/1988,IA,Floyd,ignore,Bush,580,1000
11/08/1988,TX,Frio,ignore,Dukakis,420,1000
11/08/1988,TX,Frio,ignore,Bush,580,1000
11/08/1988,TX,Coke,ignore,Dukakis,420,1000
11/08/1988,TX,Coke,ignore,Bush,580,1000
11/08/1988,TX,Jim_Hogg,ignore,Dukakis,420,1000
11/08/1988,TX,Jim_Hogg,ignore,Bush,580,1000
11/08/1988,KS,Sheridan,ignore,Dukakis,420,1000
11/08/1988,KS,Sheridan,ignore,Bush,580,1000
11/08/1988,AZ,Mohave,ignore,Dukakis,420,1000
11/08/1988,AZ,Mohave,ignore,Bush,580,1000
11/08/1988,IA,Taylor,ignore,Dukakis,420,1000
11/08/1988,IA,Taylor,ignore,Bush,580,1000
11/08/1988,MI,Emmet,ignore,Dukakis,470,1000
11/08/1988,MI,Emmet,ignore,Bush,530,1000
11/08/1988,ND,Burke,ignore,Dukakis,420,1000
11/08/1988,ND,Burke,ignore,Bush,580,1000
11/08/1988,MT,Sweet_Grass,ignore,Dukakis,420,1000
11/08/1988,MT,Sweet_Grass,ignore,Bush,580,1000
11/08/1988,ID,Minidoka,ignore,Dukakis,420,1000
11/08/1988,ID,Minidoka,ignore,Bush,580,1000
11/08/1988,IA,Tama,ignore,Dukakis,420,1000
11/08/1988,IA,Tama,ignore,Bush,580,1000
11/08/1988,MN,Olmsted,ignore,Dukakis,510,1000
11/08/1988,MN,Olmsted,ignore,Bush,490,1000
11/08/1988,NC,Stokes,ignore,Dukakis,420,1000
11/08/1988,NC,Stokes,ignore,Bush,580,1000
11/08/1988,NE,Howard,ignore,Dukakis,420,1000
11/08/1988,NE,Howard,ignore,Bush,580,1000
11/08/1988,TX,Ochiltree,ignore,Dukakis,420,1000
11/08/1988,TX,Ochiltree,ignore,Bush,580,1000
11/08/1988,TX,Hutchinson,ignore,Dukakis,420,1000
11/08/1988,TX,Hutchinson,ignore,Bush,580,1000
11/08/1988,NC,Jones,ignore,Dukakis,420,1000
11/08/1988,NC,Jones,ignore,Bush,580,1000
11/08/1988,AL,Baldwin,ignore,Dukakis,420,1000
11/08/1988,AL,Baldwin,ignore,Bush,580,1000
11/08/1988,CA,Los_Angeles,ignore,Dukakis,580,1000
11/08/1988,CA,Los_Angeles,ignore,Bush,420,1000
11/08/1988,AL,Butler,ignore,Dukakis,420,1000
11/08/1988,AL,Butler,ignore,Bush,580,1000
11/08/1988,IA,Emmet,ignore,Dukakis,420,1000
11/08/1988,IA,Emmet,ignore,Bush,580,1000
11/08/1988,MS,Neshoba,ignore,Dukakis,420,1000
11/08/1988,MS,Neshoba,ignore,Bush,580,1000
11/08/1988,PA,Potter,ignore,Dukakis,420,1000
11/08/1988,PA,Potter,ignore,Bush,580,1000
11/08/1988,AR,Yell,ignore,Dukakis,420,1000
11/08/1988,AR,Yell,ignore,Bush,580,1000
11/08/1988,CO,Adams,ignore,Dukakis,510,1000
11/08/1988,CO,Adams,ignore,Bush,490,1000
11/08/1988,KS,Edwards,ignore,Dukakis,420,1000
11/08/1988,KS,Edwards,ignore,Bush,580,1000
11/08/1988,MI,Newaygo,ignore,Dukakis,420,1000
11/08/1988,MI,Newaygo,ignore,Bush,580,1000
11/08/1988,NE,Garfield,ignore,Dukakis,420,1000
11/08/1988,NE,Garfield,ignore,Bush,580,1000
11/08/1988,IA,Jones,ignore,Dukakis,420,1000
11/08/1988,IA,Jones,ignore,Bush,580,1000
11/08/1988,IA,Audubon,ignore,Dukakis,420,1000
11/08/1988,IA,Audubon,ignore,Bush,580,1000
11/08/1988,TX,Medina,ignore,Dukakis,420,1000
11/08/1988,TX,Medina,ignore,Bush,580,1000
11/08/1988,TX,Deaf_Smith,ignore,Dukakis,420,1000
11/08/1988,TX,Deaf_Smith,ignore,Bush,580,1000
11/08/1988,TX,Concho,ignore,Dukakis,420,1000
11/08/1988,TX,Concho,ignore,Bush,580,1000
11/08/1988,ND,Renville,ignore,Dukakis,420,1000
11/08/1988,ND,Renville,ignore,Bush,580,1000
11/08/1988,ID,Boundary,ignore,Dukakis,420,1000
11/08/1988,ID,Boundary,ignore,Bush,580,1000
11/08/1988,IN,Benton,ignore,Dukakis,420,1000
11/08/1988,IN,Benton,ignore,Bush,580,1000
11/08/1988,MI,Alcona,ignore,Dukakis,420,1000
11/08/1988,MI,Alcona,ignore,Bush,580,1000
11/08/1988,NV,Humboldt,ignore,Dukakis,420,1000
11/08/1988,NV,Humboldt,ignore,Bush,580,1000
11/08/1988,AL,Cullman,ignore,Dukakis,420,1000
11/08/1988,AL,Cullman,ignore,Bush,580,1000
11/08/1988,IL,Jasper,ignore,Dukakis,420,1000
11/08/1988,IL,Jasper,ignore,Bush,580,1000
11/08/1988,KS,Saline,ignore,Dukakis,420,1000
11/08/1988,KS,Saline,ignore,Bush,580,1000
11/08/1988,MN,Lyon,ignore,Dukakis,420,1000
11/08/1988,MN,Lyon,ignore,Bush,580,1000
11/08/1988,NY,Cortland,ignore,Dukakis,470,1000
11/08/1988,NY,Cortland,ignore,Bush,530,1000
11/08/1988,TX,Lynn,ignore,Dukakis,420,1000
11/08/1988,TX,Lynn,ignore,Bush,580,1000
11/08/1988,TX,Atascosa,ignore,Dukakis,420,1000
11/08/1988,TX,Atascosa,ignore,Bush,580,1000
11/08/1988,VA,Petersburg,ignore,Dukakis,580,1000
11/08/1988,VA,Petersburg,ignore,Bush,420,1000
11/08/1988,ND,Towner,ignore,Dukakis,420,1000
11/08/1988,ND,Towner,ignore,Bush,580,1000
11/08/1988,TX,Somervell,ignore,Dukakis,420,1000
11/08/1988,TX,Somervell,ignore,Bush,580,1000
11/08/1988,SD,Miner,ignore,Dukakis,420,1000
11/08/1988,SD,Miner,ignore,Bush,580,1000
11/08/1988,CA,Riverside,ignore,Dukakis,420,1000
11/08/1988,CA,Riverside,ignore,Bush,580,1000
11/08/1988,GA,Franklin,ignore,Dukakis,420,1000
11/08/1988,GA,Franklin,ignore,Bush,580,1000
11/08/1988,KY,Wayne,ignore,Dukakis,420,1000
11/08/1988,KY,Wayne,ignore,Bush,580,1000
11/08/1988,ME,Hancock,ignore,Dukakis,530,1000
11/08/1988,ME,Hancock,ignore,Bush,470,1000
11/08/1988,MS,Jefferson_Davis,ignore,Dukakis,420,1000
11/08/1988,MS,Jefferson_Davis,ignore,Bush,580,1000
11/08/1988,MO,Caldwell,ignore,Dukakis,420,1000
11/08/1988,MO,Caldwell,ignore,Bush,580,1000
11/08/1988,MO,Mercer,ignore,Dukakis,420,1000
11/08/1988,MO,Mercer,ignore,Bush,580,1000
11/08/1988,GA,Tift,ignore,Dukakis,420,1000
11/08/1988,GA,Tift,ignore,Bush,580,1000
11/08/1988,VT,Washington,ignore,Dukakis,580,1000
11/08/1988,VT,Washington,ignore,Bush,420,1000
11/08/1988,GA,Pierce,ignore,Dukakis,420,1000
11/08/1988,GA,Pierce,ignore,Bush,580,1000
11/08/1988,AK,Sitka,ignore,Dukakis,420,1000
11/08/1988,AK,Sitka,ignore,Bush,580,1000
11/08/1988,GA,Morgan,ignore,Dukakis,420,1000
11/08/1988,GA,Morgan,ignore,Bush,580,1000
11/08/1988,KS,Rice,ignore,Dukakis,420,1000
11/08/1988,KS,Rice,ignore,Bush,580,1000
11/08/1988,OR,Gilliam,ignore,Dukakis,420,1000
11/08/1988,OR,Gilliam,ignore,Bush,580,1000
11/08/1988,MI,Lenawee,ignore,Dukakis,420,1000
11/08/1988,MI,Lenawee,ignore,Bush,580,1000
11/08/1988,KS,Ellis,ignore,Dukakis,420,1000
11/08/1988,KS,Ellis,ignore,Bush,580,1000
11/08/1988,IA,Boone,ignore,Dukakis,420,1000
11/08/1988,IA,Boone,ignore,Bush,580,1000
11/08/1988,SD,Lyman,ignore,Dukakis,420,1000
11/08/1988,SD,Lyman,ignore,Bush,580,1000
11/08/1988,KS,Clay,ignore,Dukakis,420,1000
11/08/1988,KS,Clay,ignore,Bush,580,1000
11/08/1988,MN,Yellow_Medicine,ignore,Dukakis,420,1000
11/08/1988,MN,Yellow_Medicine,ignore,Bush,580,1000
11/08/1988,NC,Gates,ignore,Dukakis,580,1000
11/08/1988,NC,Gates,ignore,Bush,420,1000
11/08/1988,MO,Douglas,ignore,Dukakis,420,1000
11/08/1988,MO,Douglas,ignore,Bush,580,1000
11/08/1988,WV,Braxton,ignore,Dukakis,420,1000
11/08/1988,WV,Braxton,ignore,Bush,580,1000
11/08/1988,WA,King,ignore,Dukakis,580,1000
11/08/1988,WA,King,ignore,Bush,420,1000
11/08/1988,MS,Calhoun,ignore,Dukakis,420,1000
11/08/1988,MS,Calhoun,ignore,Bush,580,1000
11/08/1988,GA,Grady,ignore,Dukakis,420,1000
11/08/1988,GA,Grady,ignore,Bush,580,1000
11/08/1988,MS,Itawamba,ignore,Dukakis,420,1000
11/08/1988,MS,Itawamba,ignore,Bush,580,1000
11/08/1988,KS,Stevens,ignore,Dukakis,420,1000
11/08/1988,KS,Stevens,ignore,Bush,580,1000
11/08/1988,FL,Hendry,ignore,Dukakis,420,1000
11/08/1988,FL,Hendry,ignore,Bush,580,1000
11/08/1988,TX,Lavaca,ignore,Dukakis,420,1000
11/08/1988,TX,Lavaca,ignore,Bush,580,1000
11/08/1988,KS,Chautauqua,ignore,Dukakis,420,1000
11/08/1988,KS,Chautauqua,ignore,Bush,580,1000
11/08/1988,IN,Howard,ignore,Dukakis,420,1000
11/08/1988,IN,Howard,ignore,Bush,580,1000
11/08/1988,NE,Dawson,ignore,Dukakis,420,1000
11/08/1988,NE,Dawson,ignore,Bush,580,1000
11/08/1988,MS,Greene,ignore,Dukakis,420,1000
11/08/1988,MS,Greene,ignore,Bush,580,1000
11/08/1988,MN,Freeborn,ignore,Dukakis,470,1000
11/08/1988,MN,Freeborn,ignore,Bush,530,1000
11/08/1988,MN,Kanabec,ignore,Dukakis,420,1000
11/08/1988,MN,Kanabec,ignore,Bush,580,1000
11/08/1988,IL,Hamilton,ignore,Dukakis,420,1000
11/08/1988,IL,Hamilton,ignore,Bush,580,1000
11/08/1988,SD,Sanborn,ignore,Dukakis,420,1000
11/08/1988,SD,Sanborn,ignore,Bush,580,1000
11/08/1988,TN,Grainger,ignore,Dukakis,420,1000
11/08/1988,TN,Grainger,ignore,Bush,580,1000
11/08/1988,MO,Hickory,ignore,Dukakis,420,1000
11/08/1988,MO,Hickory,ignore,Bush,580,1000
11/08/1988,WY,Albany,ignore,Dukakis,470,1000
11/08/1988,WY,Albany,ignore,Bush,530,1000
11/08/1988,NE,Antelope,ignore,Dukakis,420,1000
11/08/1988,NE,Antelope,ignore,Bush,580,1000
11/08/1988,WY,Platte,ignore,Dukakis,420,1000
11/08/1988,WY,Platte,ignore,Bush,580,1000
11/08/1988,UT,Rich,ignore,Dukakis,420,1000
11/08/1988,UT,Rich,ignore,Bush,580,1000
11/08/1988,WI,Washington,ignore,Dukakis,510,1000
11/08/1988,WI,Washington,ignore,Bush,490,1000
11/08/1988,OR,Crook,ignore,Dukakis,420,1000
11/08/1988,OR,Crook,ignore,Bush,580,1000
11/08/1988,GA,Jenkins,ignore,Dukakis,420,1000
11/08/1988,GA,Jenkins,ignore,Bush,580,1000
11/08/1988,TX,Jeff_Davis,ignore,Dukakis,420,1000
11/08/1988,TX,Jeff_Davis,ignore,Bush,580,1000
11/08/1988,GA,Spalding,ignore,Dukakis,420,1000
11/08/1988,GA,Spalding,ignore,Bush,580,1000
11/08/1988,IA,Cherokee,ignore,Dukakis,420,1000
11/08/1988,IA,Cherokee,ignore,Bush,580,1000
11/08/1988,GA,Bacon,ignore,Dukakis,420,1000
11/08/1988,GA,Bacon,ignore,Bush,580,1000
11/08/1988,GA,Upson,ignore,Dukakis,420,1000
11/08/1988,GA,Upson,ignore,Bush,580,1000
11/08/1988,OR,Sherman,ignore,Dukakis,420,1000
11/08/1988,OR,Sherman,ignore,Bush,580,1000
11/08/1988,AK,Kodiak_Island,ignore,Dukakis,420,1000
11/08/1988,AK,Kodiak_Island,ignore,Bush,580,1000
11/08/1988,MN,Red_Lake,ignore,Dukakis,420,1000
11/08/1988,MN,Red_Lake,ignore,Bush,580,1000
11/08/1988,MN,St_Louis,ignore,Dukakis,530,1000
11/08/1988,MN,St_Louis,ignore,Bush,470,1000
11/08/1988,FL,Gilchrist,ignore,Dukakis,420,1000
11/08/1988,FL,Gilchrist,ignore,Bush,580,1000
11/08/1988,NC,Lenoir,ignore,Dukakis,420,1000
11/08/1988,NC,Lenoir,ignore,Bush,580,1000
11/08/1988,MO,Randolph,ignore,Dukakis,420,1000
11/08/1988,MO,Randolph,ignore,Bush,580,1000
11/08/1988,ND,Steele,ignore,Dukakis,420,1000
11/08/1988,ND,Steele,ignore,Bush,580,1000
11/08/1988,VA,Fairfax,ignore,Dukakis,580,1000
11/08/1988,VA,Fairfax,ignore,Bush,420,1000
11/08/1988,VA,Manassas_Park,ignore,Dukakis,580,1000
11/08/1988,VA,Manassas_Park,ignore,Bush,420,1000
11/08/1988,VA,Winchester,ignore,Dukakis,530,1000
11/08/1988,VA,Winchester,ignore,Bush,470,1000
11/08/1988,MO,Pulaski,ignore,Dukakis,420,1000
11/08/1988,MO,Pulaski,ignore,Bush,580,1000
11/08/1988,IN,Newton,ignore,Dukakis,420,1000
11/08/1988,IN,Newton,ignore,Bush,580,1000
11/08/1988,GA,Bulloch,ignore,Dukakis,420,1000
11/08/1988,GA,Bulloch,ignore,Bush,580,1000
11/08/1988,KS,Rawlins,ignore,Dukakis,420,1000
11/08/1988,KS,Rawlins,ignore,Bush,580,1000
11/08/1988,CO,Phillips,ignore,Dukakis,420,1000
11/08/1988,CO,Phillips,ignore,Bush,580,1000
11/08/1988,TX,Runnels,ignore,Dukakis,420,1000
11/08/1988,TX,Runnels,ignore,Bush,580,1000
11/08/1988,IA,Wayne,ignore,Dukakis,420,1000
11/08/1988,IA,Wayne,ignore,Bush,580,1000
11/08/1988,TX,Terry,ignore,Dukakis,420,1000
11/08/1988,TX,Terry,ignore,Bush,580,1000
11/08/1988,OH,Vinton,ignore,Dukakis,420,1000
11/08/1988,OH,Vinton,ignore,Bush,580,1000
11/08/1988,CO,Arapahoe,ignore,Dukakis,530,1000
11/08/1988,CO,Arapahoe,ignore,Bush,470,1000
11/08/1988,TX,Upton,ignore,Dukakis,420,1000
11/08/1988,TX,Upton,ignore,Bush,580,1000
11/08/1988,TX,Callahan,ignore,Dukakis,420,1000
11/08/1988,TX,Callahan,ignore,Bush,580,1000
11/08/1988,TX,Howard,ignore,Dukakis,420,1000
11/08/1988,TX,Howard,ignore,Bush,580,1000
11/08/1988,TX,Upshur,ignore,Dukakis,420,1000
11/08/1988,TX,Upshur,ignore,Bush,580,1000
11/08/1988,TX,Camp,ignore,Dukakis,420,1000
11/08/1988,TX,Camp,ignore,Bush,580,1000
11/08/1988,TX,Walker,ignore,Dukakis,420,1000
11/08/1988,TX,Walker,ignore,Bush,580,1000
11/08/1988,AL,Wilcox,ignore,Dukakis,420,1000
11/08/1988,AL,Wilcox,ignore,Bush,580,1000
11/08/1988,VA,Montgomery,ignore,Dukakis,510,1000
11/08/1988,VA,Montgomery,ignore,Bush,490,1000
11/08/1988,MS,Noxubee,ignore,Dukakis,420,1000
11/08/1988,MS,Noxubee,ignore,Bush,580,1000
11/08/1988,CO,Sedgwick,ignore,Dukakis,420,1000
11/08/1988,CO,Sedgwick,ignore,Bush,580,1000
11/08/1988,SD,Davison,ignore,Dukakis,420,1000
11/08/1988,SD,Davison,ignore,Bush,580,1000
11/08/1988,KS,Hamilton,ignore,Dukakis,420,1000
11/08/1988,KS,Hamilton,ignore,Bush,580,1000
11/08/1988,IL,Ford,ignore,Dukakis,420,1000
11/08/1988,IL,Ford,ignore,Bush,580,1000
11/08/1988,SD,Fall_River,ignore,Dukakis,420,1000
11/08/1988,SD,Fall_River,ignore,Bush,580,1000
11/08/1988,AK,Bristol_Bay,ignore,Dukakis,580,1000
11/08/1988,AK,Bristol_Bay,ignore,Bush,420,1000
11/08/1988,IN,Parke,ignore,Dukakis,420,1000
11/08/1988,IN,Parke,ignore,Bush,580,1000
11/08/1988,TX,Taylor,ignore,Dukakis,420,1000
11/08/1988,TX,Taylor,ignore,Bush,580,1000
11/08/1988,IN,Fayette,ignore,Dukakis,420,1000
11/08/1988,IN,Fayette,ignore,Bush,580,1000
11/08/1988,NC,Caldwell,ignore,Dukakis,420,1000
11/08/1988,NC,Caldwell,ignore,Bush,580,1000
11/08/1988,SD,Turner,ignore,Dukakis,420,1000
11/08/1988,SD,Turner,ignore,Bush,580,1000
11/08/1988,WI,Ozaukee,ignore,Dukakis,530,1000
11/08/1988,WI,Ozaukee,ignore,Bush,470,1000
11/08/1988,ND,Logan,ignore,Dukakis,420,1000
11/08/1988,ND,Logan,ignore,Bush,580,1000
11/08/1988,AR,Bradley,ignore,Dukakis,420,1000
11/08/1988,AR,Bradley,ignore,Bush,580,1000
11/08/1988,GA,Lanier,ignore,Dukakis,420,1000
11/08/1988,GA,Lanier,ignore,Bush,580,1000
11/08/1988,NM,Sierra,ignore,Dukakis,420,1000
11/08/1988,NM,Sierra,ignore,Bush,580,1000
11/08/1988,CO,Lincoln,ignore,Dukakis,420,1000
11/08/1988,CO,Lincoln,ignore,Bush,580,1000
11/08/1988,IA,Butler,ignore,Dukakis,420,1000
11/08/1988,IA,Butler,ignore,Bush,580,1000
11/08/1988,TX,Hartley,ignore,Dukakis,420,1000
11/08/1988,TX,Hartley,ignore,Bush,580,1000
11/08/1988,TN,Pickett,ignore,Dukakis,420,1000
11/08/1988,TN,Pickett,ignore,Bush,580,1000
11/08/1988,SD,Douglas,ignore,Dukakis,420,1000
11/08/1988,SD,Douglas,ignore,Bush,580,1000
11/08/1988,KS,Cloud,ignore,Dukakis,420,1000
11/08/1988,KS,Cloud,ignore,Bush,580,1000
11/08/1988,PA,Montour,ignore,Dukakis,420,1000
11/08/1988,PA,Montour,ignore,Bush,580,1000
11/08/1988,NE,Morrill,ignore,Dukakis,420,1000
11/08/1988,NE,Morrill,ignore,Bush,580,1000
11/08/1988,MO,Monroe,ignore,Dukakis,420,1000
11/08/1988,MO,Monroe,ignore,Bush,580,1000
11/08/1988,ND,LaMoure,ignore,Dukakis,420,1000
11/08/1988,ND,LaMoure,ignore,Bush,580,1000
11/08/1988,KY,McLean,ignore,Dukakis,420,1000
11/08/1988,KY,McLean,ignore,Bush,580,1000
11/08/1988,SD,Marshall,ignore,Dukakis,470,1000
11/08/1988,SD,Marshall,ignore,Bush,530,1000
11/08/1988,OR,Baker,ignore,Dukakis,420,1000
11/08/1988,OR,Baker,ignore,Bush,580,1000
11/08/1988,SD,Custer,ignore,Dukakis,420,1000
11/08/1988,SD,Custer,ignore,Bush,580,1000
11/08/1988,TX,Live_Oak,ignore,Dukakis,420,1000
11/08/1988,TX,Live_Oak,ignore,Bush,580,1000
11/08/1988,MI,Schoolcraft,ignore,Dukakis,420,1000
11/08/1988,MI,Schoolcraft,ignore,Bush,580,1000
11/08/1988,IA,Madison,ignore,Dukakis,420,1000
11/08/1988,IA,Madison,ignore,Bush,580,1000
11/08/1988,NE,Wheeler,ignore,Dukakis,420,1000
11/08/1988,NE,Wheeler,ignore,Bush,580,1000
11/08/1988,AR,Cross,ignore,Dukakis,470,1000
11/08/1988,AR,Cross,ignore,Bush,530,1000
11/08/1988,IA,Black_Hawk,ignore,Dukakis,420,1000
11/08/1988,IA,Black_Hawk,ignore,Bush,580,1000
11/08/1988,TX,Lubbock,ignore,Dukakis,420,1000
11/08/1988,TX,Lubbock,ignore,Bush,580,1000
11/08/1988,MN,Watonwan,ignore,Dukakis,420,1000
11/08/1988,MN,Watonwan,ignore,Bush,580,1000
11/08/1988,SD,Deuel,ignore,Dukakis,420,1000
11/08/1988,SD,Deuel,ignore,Bush,580,1000
11/08/1988,IA,Warren,ignore,Dukakis,420,1000
11/08/1988,IA,Warren,ignore,Bush,580,1000
11/08/1988,AR,Nevada,ignore,Dukakis,420,1000
11/08/1988,AR,Nevada,ignore,Bush,580,1000
11/08/1988,KS,Haskell,ignore,Dukakis,420,1000
11/08/1988,KS,Haskell,ignore,Bush,580,1000
11/08/1988,MO,Gentry,ignore,Dukakis,420,1000
11/08/1988,MO,Gentry,ignore,Bush,580,1000
11/08/1988,AR,Columbia,ignore,Dukakis,420,1000
11/08/1988,AR,Columbia,ignore,Bush,580,1000
11/08/1988,AR,Drew,ignore,Dukakis,420,1000
11/08/1988,AR,Drew,ignore,Bush,580,1000
11/08/1988,IN,Noble,ignore,Dukakis,420,1000
11/08/1988,IN,Noble,ignore,Bush,580,1000
11/08/1988,TX,Gonzales,ignore,Dukakis,420,1000
11/08/1988,TX,Gonzales,ignore,Bush,580,1000
11/08/1988,SD,Hyde,ignore,Dukakis,420,1000
11/08/1988,SD,Hyde,ignore,Bush,580,1000
11/08/1988,NM,Torrance,ignore,Dukakis,420,1000
11/08/1988,NM,Torrance,ignore,Bush,580,1000
11/08/1988,VA,Emporia,ignore,Dukakis,580,1000
11/08/1988,VA,Emporia,ignore,Bush,420,1000
11/08/1988,TX,Hansford,ignore,Dukakis,420,1000
11/08/1988,TX,Hansford,ignore,Bush,580,1000
11/08/1988,KS,Finney,ignore,Dukakis,420,1000
11/08/1988,KS,Finney,ignore,Bush,580,1000
11/08/1988,MO,Lawrence,ignore,Dukakis,420,1000
11/08/1988,MO,Lawrence,ignore,Bush,580,1000
11/08/1988,NM,Harding,ignore,Dukakis,420,1000
11/08/1988,NM,Harding,ignore,Bush,580,1000
11/08/1988,TX,Collingsworth,ignore,Dukakis,420,1000
11/08/1988,TX,Collingsworth,ignore,Bush,580,1000
11/08/1988,IL,Douglas,ignore,Dukakis,420,1000
11/08/1988,IL,Douglas,ignore,Bush,580,1000
11/08/1988,UT,Sanpete,ignore,Dukakis,420,1000
11/08/1988,UT,Sanpete,ignore,Bush,580,1000
11/08/1988,SC,Barnwell,ignore,Dukakis,470,1000
11/08/1988,SC,Barnwell,ignore,Bush,530,1000
11/08/1988,SC,Lee,ignore,Dukakis,580,1000
11/08/1988,SC,Lee,ignore,Bush,420,1000
11/08/1988,MT,Petroleum,ignore,Dukakis,420,1000
11/08/1988,MT,Petroleum,ignore,Bush,580,1000
11/08/1988,OH,Guernsey,ignore,Dukakis,420,1000
11/08/1988,OH,Guernsey,ignore,Bush,580,1000
11/08/1988,GA,Montgomery,ignore,Dukakis,420,1000
11/08/1988,GA,Montgomery,ignore,Bush,580,1000
11/08/1988,WI,Oneida,ignore,Dukakis,420,1000
11/08/1988,WI,Oneida,ignore,Bush,580,1000
11/08/1988,NE,Garden,ignore,Dukakis,420,1000
11/08/1988,NE,Garden,ignore,Bush,580,1000
11/08/1988,ND,Sheridan,ignore,Dukakis,420,1000
11/08/1988,ND,Sheridan,ignore,Bush,580,1000
11/08/1988,IL,Johnson,ignore,Dukakis,420,1000
11/08/1988,IL,Johnson,ignore,Bush,580,1000
11/08/1988,TX,King,ignore,Dukakis,420,1000
11/08/1988,TX,King,ignore,Bush,580,1000
11/08/1988,ID,Valley,ignore,Dukakis,420,1000
11/08/1988,ID,Valley,ignore,Bush,580,1000
11/08/1988,KY,Warren,ignore,Dukakis,420,1000
11/08/1988,KY,Warren,ignore,Bush,580,1000
11/08/1988,VA,Portsmouth,ignore,Dukakis,580,1000
11/08/1988,VA,Portsmouth,ignore,Bush,420,1000
11/08/1988,TX,Stonewall,ignore,Dukakis,420,1000
11/08/1988,TX,Stonewall,ignore,Bush,580,1000
11/08/1988,OK,Latimer,ignore,Dukakis,420,1000
11/08/1988,OK,Latimer,ignore,Bush,580,1000
11/08/1988,NV,Storey,ignore,Dukakis,420,1000
11/08/1988,NV,Storey,ignore,Bush,580,1000
11/08/1988,OK,Washita,ignore,Dukakis,420,1000
11/08/1988,OK,Washita,ignore,Bush,580,1000
11/08/1988,IA,Van_Buren,ignore,Dukakis,470,1000
11/08/1988,IA,Van_Buren,ignore,Bush,530,1000
11/08/1988,WI,Eau_Claire,ignore,Dukakis,530,1000
11/08/1988,WI,Eau_Claire,ignore,Bush,470,1000
11/08/1988,AK,Southeast_Fairbanks,ignore,Dukakis,420,1000
11/08/1988,AK,Southeast_Fairbanks,ignore,Bush,580,1000
11/08/1988,KS,Lane,ignore,Dukakis,420,1000
11/08/1988,KS,Lane,ignore,Bush,580,1000
11/08/1988,KS,Trego,ignore,Dukakis,420,1000
11/08/1988,KS,Trego,ignore,Bush,580,1000
11/08/1988,VA,Williamsburg,ignore,Dukakis,580,1000
11/08/1988,VA,Williamsburg,ignore,Bush,420,1000
11/08/1988,OH,Defiance,ignore,Dukakis,420,1000
11/08/1988,OH,Defiance,ignore,Bush,580,1000
11/08/1988,SD,McPherson,ignore,Dukakis,420,1000
11/08/1988,SD,McPherson,ignore,Bush,580,1000
11/08/1988,NE,Dundy,ignore,Dukakis,420,1000
11/08/1988,NE,Dundy,ignore,Bush,580,1000
11/08/1988,AR,Johnson,ignore,Dukakis,420,1000
11/08/1988,AR,Johnson,ignore,Bush,580,1000
11/08/1988,IN,Scott,ignore,Dukakis,420,1000
11/08/1988,IN,Scott,ignore,Bush,580,1000
11/08/1988,NE,Hall,ignore,Dukakis,420,1000
11/08/1988,NE,Hall,ignore,Bush,580,1000
11/08/1988,MS,Alcorn,ignore,Dukakis,420,1000
11/08/1988,MS,Alcorn,ignore,Bush,580,1000
11/08/1988,IL,Moultrie,ignore,Dukakis,420,1000
11/08/1988,IL,Moultrie,ignore,Bush,580,1000
11/08/1988,IN,Martin,ignore,Dukakis,420,1000
11/08/1988,IN,Martin,ignore,Bush,580,1000
11/08/1988,NE,Hayes,ignore,Dukakis,420,1000
11/08/1988,NE,Hayes,ignore,Bush,580,1000
11/08/1988,IL,Edwards,ignore,Dukakis,420,1000
11/08/1988,IL,Edwards,ignore,Bush,580,1000
11/08/1988,NE,Frontier,ignore,Dukakis,420,1000
11/08/1988,NE,Frontier,ignore,Bush,580,1000
11/08/1988,KS,Decatur,ignore,Dukakis,420,1000
11/08/1988,KS,Decatur,ignore,Bush,580,1000
11/08/1988,GA,Tattnall,ignore,Dukakis,420,1000
11/08/1988,GA,Tattnall,ignore,Bush,580,1000
11/08/1988,KY,Boyle,ignore,Dukakis,420,1000
11/08/1988,KY,Boyle,ignore,Bush,580,1000
11/08/1988,TX,Dimmit,ignore,Dukakis,420,1000
11/08/1988,TX,Dimmit,ignore,Bush,580,1000
11/08/1988,KY,Pendleton,ignore,Dukakis,420,1000
11/08/1988,KY,Pendleton,ignore,Bush,580,1000
11/08/1988,NY,Yates,ignore,Dukakis,420,1000
11/08/1988,NY,Yates,ignore,Bush,580,1000
11/08/1988,SD,Jackson,ignore,Dukakis,420,1000
11/08/1988,SD,Jackson,ignore,Bush,580,1000
11/08/1988,IA,Shelby,ignore,Dukakis,420,1000
11/08/1988,IA,Shelby,ignore,Bush,580,1000
11/08/1988,PA,Forest,ignore,Dukakis,420,1000
11/08/1988,PA,Forest,ignore,Bush,580,1000
11/08/1988,MO,Laclede,ignore,Dukakis,420,1000
11/08/1988,MO,Laclede,ignore,Bush,580,1000
11/08/1988,MO,Ripley,ignore,Dukakis,420,1000
11/08/1988,MO,Ripley,ignore,Bush,580,1000
11/08/1988,KY,Logan,ignore,Dukakis,420,1000
11/08/1988,KY,Logan,ignore,Bush,580,1000
11/08/1988,IL,DeWitt,ignore,Dukakis,420,1000
11/08/1988,IL,DeWitt,ignore,Bush,580,1000
11/08/1988,KY,Butler,ignore,Dukakis,420,1000
11/08/1988,KY,Butler,ignore,Bush,580,1000
11/08/1988,MT,Golden_Valley,ignore,Dukakis,420,1000
11/08/1988,MT,Golden_Valley,ignore,Bush,580,1000
11/08/1988,OH,Fayette,ignore,Dukakis,420,1000
11/08/1988,OH,Fayette,ignore,Bush,580,1000
11/08/1988,GA,Twiggs,ignore,Dukakis,470,1000
11/08/1988,GA,Twiggs,ignore,Bush,530,1000
11/08/1988,MT,Ravalli,ignore,Dukakis,420,1000
11/08/1988,MT,Ravalli,ignore,Bush,580,1000
11/08/1988,MN,Mille_Lacs,ignore,Dukakis,420,1000
11/08/1988,MN,Mille_Lacs,ignore,Bush,580,1000
11/08/1988,CO,Delta,ignore,Dukakis,420,1000
11/08/1988,CO,Delta,ignore,Bush,580,1000
11/08/1988,IL,McDonough,ignore,Dukakis,420,1000
11/08/1988,IL,McDonough,ignore,Bush,580,1000
11/08/1988,OH,Sandusky,ignore,Dukakis,420,1000
11/08/1988,OH,Sandusky,ignore,Bush,580,1000
11/08/1988,TX,Borden,ignore,Dukakis,420,1000
11/08/1988,TX,Borden,ignore,Bush,580,1000
11/08/1988,AR,Newton,ignore,Dukakis,420,1000
11/08/1988,AR,Newton,ignore,Bush,580,1000
11/08/1988,VA,Charlottesville,ignore,Dukakis,580,1000
11/08/1988,VA,Charlottesville,ignore,Bush,420,1000
11/08/1988,MN,Pipestone,ignore,Dukakis,420,1000
11/08/1988,MN,Pipestone,ignore,Bush,580,1000
11/08/1988,TX,Wheeler,ignore,Dukakis,420,1000
11/08/1988,TX,Wheeler,ignore,Bush,580,1000
11/08/1988,NE,Adams,ignore,Dukakis,420,1000
11/08/1988,NE,Adams,ignore,Bush,580,1000
11/08/1988,MT,Lewis_and_Clark,ignore,Dukakis,470,1000
11/08/1988,MT,Lewis_and_Clark,ignore,Bush,530,1000
11/08/1988,AK,Kenai_Peninsula,ignore,Dukakis,420,1000
11/08/1988,AK,Kenai_Peninsula,ignore,Bush,580,1000
11/08/1988,MO,Grundy,ignore,Dukakis,420,1000
11/08/1988,MO,Grundy,ignore,Bush,580,1000
11/08/1988,NC,Guilford,ignore,Dukakis,530,1000
11/08/1988,NC,Guilford,ignore,Bush,470,1000
11/08/1988,IA,Cass,ignore,Dukakis,420,1000
11/08/1988,IA,Cass,ignore,Bush,580,1000
11/08/1988,AL,Dale,ignore,Dukakis,420,1000
11/08/1988,AL,Dale,ignore,Bush,580,1000
11/08/1988,TX,Randall,ignore,Dukakis,420,1000
11/08/1988,TX,Randall,ignore,Bush,580,1000
11/08/1988,OH,Van_Wert,ignore,Dukakis,420,1000
11/08/1988,OH,Van_Wert,ignore,Bush,580,1000
11/08/1988,TX,Kent,ignore,Dukakis,420,1000
11/08/1988,TX,Kent,ignore,Bush,580,1000
11/08/1988,VA,Warren,ignore,Dukakis,420,1000
11/08/1988,VA,Warren,ignore,Bush,580,1000
11/08/1988,MS,Winston,ignore,Dukakis,420,1000
11/08/1988,MS,Winston,ignore,Bush,580,1000
11/08/1988,TX,Irion,ignore,Dukakis,420,1000
11/08/1988,TX,Irion,ignore,Bush,580,1000
11/08/1988,GA,Irwin,ignore,Dukakis,420,1000
11/08/1988,GA,Irwin,ignore,Bush,580,1000
11/08/1988,IN,Whitley,ignore,Dukakis,420,1000
11/08/1988,IN,Whitley,ignore,Bush,580,1000
11/08/1988,SD,Moody,ignore,Dukakis,470,1000
11/08/1988,SD,Moody,ignore,Bush,530,1000
11/08/1988,CA,Santa_Barbara,ignore,Dukakis,510,1000
11/08/1988,CA,Santa_Barbara,ignore,Bush,490,1000
11/08/1988,TX,Eastland,ignore,Dukakis,420,1000
11/08/1988,TX,Eastland,ignore,Bush,580,1000
11/08/1988,MN,Roseau,ignore,Dukakis,420,1000
11/08/1988,MN,Roseau,ignore,Bush,580,1000
11/08/1988,MO,Clinton,ignore,Dukakis,420,1000
11/08/1988,MO,Clinton,ignore,Bush,580,1000
11/08/1988,WV,Taylor,ignore,Dukakis,420,1000
11/08/1988,WV,Taylor,ignore,Bush,580,1000
11/08/1988,MS,George,ignore,Dukakis,420,1000
11/08/1988,MS,George,ignore,Bush,580,1000
11/08/1988,MN,Otter_Tail,ignore,Dukakis,420,1000
11/08/1988,MN,Otter_Tail,ignore,Bush,580,1000
11/08/1988,IL,Franklin,ignore,Dukakis,420,1000
11/08/1988,IL,Franklin,ignore,Bush,580,1000
11/08/1988,FL,Hardee,ignore,Dukakis,420,1000
11/08/1988,FL,Hardee,ignore,Bush,580,1000
11/08/1988,IA,Webster,ignore,Dukakis,420,1000
11/08/1988,IA,Webster,ignore,Bush,580,1000
11/08/1988,VA,Fredericksburg,ignore,Dukakis,580,1000
11/08/1988,VA,Fredericksburg,ignore,Bush,420,1000
11/08/1988,NY,Schuyler,ignore,Dukakis,420,1000
11/08/1988,NY,Schuyler,ignore,Bush,580,1000
11/08/1988,IL,McLean,ignore,Dukakis,490,1000
11/08/1988,IL,McLean,ignore,Bush,510,1000
11/08/1988,NE,York,ignore,Dukakis,420,1000
11/08/1988,NE,York,ignore,Bush,580,1000
11/08/1988,TX,San_Augustine,ignore,Dukakis,420,1000
11/08/1988,TX,San_Augustine,ignore,Bush,580,1000
11/08/1988,TN,Franklin,ignore,Dukakis,420,1000
11/08/1988,TN,Franklin,ignore,Bush,580,1000
11/08/1988,WY,Campbell,ignore,Dukakis,420,1000
11/08/1988,WY,Campbell,ignore,Bush,580,1000
11/08/1988,OH,Pike,ignore,Dukakis,420,1000
11/08/1988,OH,Pike,ignore,Bush,580,1000
11/08/1988,IA,Clarke,ignore,Dukakis,420,1000
11/08/1988,IA,Clarke,ignore,Bush,580,1000
11/08/1988,SC,Cherokee,ignore,Dukakis,420,1000
11/08/1988,SC,Cherokee,ignore,Bush,580,1000
11/08/1988,MN,Stevens,ignore,Dukakis,420,1000
11/08/1988,MN,Stevens,ignore,Bush,580,1000
11/08/1988,MS,Franklin,ignore,Dukakis,470,1000
11/08/1988,MS,Franklin,ignore,Bush,530,1000
11/08/1988,AK,Prince_of_Wales-Hyder,ignore,Dukakis,420,1000
11/08/1988,AK,Prince_of_Wales-Hyder,ignore,Bush,580,1000
11/08/1988,CO,San_Miguel,ignore,Dukakis,420,1000
11/08/1988,CO,San_Miguel,ignore,Bush,580,1000
11/08/1988,KY,Lewis,ignore,Dukakis,420,1000
11/08/1988,KY,Lewis,ignore,Bush,580,1000
11/08/1988,MI,Chippewa,ignore,Dukakis,420,1000
11/08/1988,MI,Chippewa,ignore,Bush,580,1000
11/08/1988,MI,Ontonagon,ignore,Dukakis,420,1000
11/08/1988,MI,Ontonagon,ignore,Bush,580,1000
11/08/1988,MN,Marshall,ignore,Dukakis,420,1000
11/08/1988,MN,Marshall,ignore,Bush,580,1000
11/08/1988,MO,Harrison,ignore,Dukakis,420,1000
11/08/1988,MO,Harrison,ignore,Bush,580,1000
11/08/1988,MS,Newton,ignore,Dukakis,420,1000
11/08/1988,MS,Newton,ignore,Bush,580,1000
11/08/1988,MS,Webster,ignore,Dukakis,420,1000
11/08/1988,MS,Webster,ignore,Bush,580,1000
11/08/1988,NJ,Warren,ignore,Dukakis,420,1000
11/08/1988,NJ,Warren,ignore,Bush,580,1000
11/08/1988,NY,Monroe,ignore,Dukakis,530,1000
11/08/1988,NY,Monroe,ignore,Bush,470,1000
11/08/1988,OH,Hamilton,ignore,Dukakis,530,1000
11/08/1988,OH,Hamilton,ignore,Bush,470,1000
11/08/1988,OK,Pittsburg,ignore,Dukakis,420,1000
11/08/1988,OK,Pittsburg,ignore,Bush,580,1000
11/08/1988,GA,Ben_Hill,ignore,Dukakis,420,1000
11/08/1988,GA,Ben_Hill,ignore,Bush,580,1000
11/08/1988,TN,Union,ignore,Dukakis,420,1000
11/08/1988,TN,Union,ignore,Bush,580,1000
11/08/1988,KS,Russell,ignore,Dukakis,420,1000
11/08/1988,KS,Russell,ignore,Bush,580,1000
11/08/1988,WI,Dane,ignore,Dukakis,580,1000
11/08/1988,WI,Dane,ignore,Bush,420,1000
11/08/1988,TX,Gillespie,ignore,Dukakis,420,1000
11/08/1988,TX,Gillespie,ignore,Bush,580,1000
11/08/1988,AZ,La_Paz,ignore,Dukakis,420,1000
11/08/1988,AZ,La_Paz,ignore,Bush,580,1000
11/08/1988,KY,Spencer,ignore,Dukakis,420,1000
11/08/1988,KY,Spencer,ignore,Bush,580,1000
11/08/1988,ID,Ada,ignore,Dukakis,470,1000
11/08/1988,ID,Ada,ignore,Bush,530,1000
11/08/1988,HI,Hawaii,ignore,Dukakis,470,1000
11/08/1988,HI,Hawaii,ignore,Bush,530,1000
11/08/1988,AR,Howard,ignore,Dukakis,470,1000
11/08/1988,AR,Howard,ignore,Bush,530,1000
11/08/1988,VA,Cumberland,ignore,Dukakis,470,1000
11/08/1988,VA,Cumberland,ignore,Bush,530,1000
11/08/1988,KS,Harvey,ignore,Dukakis,420,1000
11/08/1988,KS,Harvey,ignore,Bush,580,1000
11/08/1988,TX,Donley,ignore,Dukakis,420,1000
11/08/1988,TX,Donley,ignore,Bush,580,1000
11/08/1988,IL,Stephenson,ignore,Dukakis,420,1000
11/08/1988,IL,Stephenson,ignore,Bush,580,1000
11/08/1988,VA,Lynchburg,ignore,Dukakis,470,1000
11/08/1988,VA,Lynchburg,ignore,Bush,530,1000
11/08/1988,KY,Metcalfe,ignore,Dukakis,420,1000
11/08/1988,KY,Metcalfe,ignore,Bush,580,1000
11/08/1988,OH,Hardin,ignore,Dukakis,420,1000
11/08/1988,OH,Hardin,ignore,Bush,580,1000
11/08/1988,IL,Jefferson,ignore,Dukakis,420,1000
11/08/1988,IL,Jefferson,ignore,Bush,580,1000
11/08/1988,IA,Monroe,ignore,Dukakis,420,1000
11/08/1988,IA,Monroe,ignore,Bush,580,1000
11/08/1988,WV,Tyler,ignore,Dukakis,420,1000
11/08/1988,WV,Tyler,ignore,Bush,580,1000
11/08/1988,CO,Bent,ignore,Dukakis,420,1000
11/08/1988,CO,Bent,ignore,Bush,580,1000
11/08/1988,WI,Waushara,ignore,Dukakis,420,1000
11/08/1988,WI,Waushara,ignore,Bush,580,1000
11/08/1988,WI,Waupaca,ignore,Dukakis,420,1000
11/08/1988,WI,Waupaca,ignore,Bush,580,1000
11/08/1988,TX,Uvalde,ignore,Dukakis,420,1000
11/08/1988,TX,Uvalde,ignore,Bush,580,1000
11/08/1988,MS,Walthall,ignore,Dukakis,420,1000
11/08/1988,MS,Walthall,ignore,Bush,580,1000
11/08/1988,MO,Daviess,ignore,Dukakis,420,1000
11/08/1988,MO,Daviess,ignore,Bush,580,1000
11/08/1988,TX,Winkler,ignore,Dukakis,420,1000
11/08/1988,TX,Winkler,ignore,Bush,580,1000
11/08/1988,OH,Delaware,ignore,Dukakis,420,1000
11/08/1988,OH,Delaware,ignore,Bush,580,1000
11/08/1988,SD,Hamlin,ignore,Dukakis,420,1000
11/08/1988,SD,Hamlin,ignore,Bush,580,1000
11/08/1988,KS,Morris,ignore,Dukakis,420,1000
11/08/1988,KS,Morris,ignore,Bush,580,1000
11/08/1988,AL,Lee,ignore,Dukakis,420,1000
11/08/1988,AL,Lee,ignore,Bush,580,1000
11/08/1988,CA,San_Diego,ignore,Dukakis,580,1000
11/08/1988,CA,San_Diego,ignore,Bush,420,1000
11/08/1988,FL,Levy,ignore,Dukakis,420,1000
11/08/1988,FL,Levy,ignore,Bush,580,1000
11/08/1988,AL,Calhoun,ignore,Dukakis,420,1000
11/08/1988,AL,Calhoun,ignore,Bush,580,1000
11/08/1988,IA,Scott,ignore,Dukakis,530,1000
11/08/1988,IA,Scott,ignore,Bush,470,1000
11/08/1988,IA,Winneshiek,ignore,Dukakis,510,1000
11/08/1988,IA,Winneshiek,ignore,Bush,490,1000
11/08/1988,KS,Morton,ignore,Dukakis,420,1000
11/08/1988,KS,Morton,ignore,Bush,580,1000
11/08/1988,KY,Campbell,ignore,Dukakis,420,1000
11/08/1988,KY,Campbell,ignore,Bush,580,1000
11/08/1988,KY,Whitley,ignore,Dukakis,420,1000
11/08/1988,KY,Whitley,ignore,Bush,580,1000
11/08/1988,OH,Morrow,ignore,Dukakis,420,1000
11/08/1988,OH,Morrow,ignore,Bush,580,1000
11/08/1988,OH,Darke,ignore,Dukakis,420,1000
11/08/1988,OH,Darke,ignore,Bush,580,1000
11/08/1988,NE,Valley,ignore,Dukakis,420,1000
11/08/1988,NE,Valley,ignore,Bush,580,1000
11/08/1988,NE,Cedar,ignore,Dukakis,420,1000
11/08/1988,NE,Cedar,ignore,Bush,580,1000
11/08/1988,NE,Pawnee,ignore,Dukakis,420,1000
11/08/1988,NE,Pawnee,ignore,Bush,580,1000
11/08/1988,SC,Darlington,ignore,Dukakis,470,1000
11/08/1988,SC,Darlington,ignore,Bush,530,1000
11/08/1988,SD,Hughes,ignore,Dukakis,420,1000
11/08/1988,SD,Hughes,ignore,Bush,580,1000
11/08/1988,MO,Livingston,ignore,Dukakis,420,1000
11/08/1988,MO,Livingston,ignore,Bush,580,1000
11/08/1988,TX,Gregg,ignore,Dukakis,420,1000
11/08/1988,TX,Gregg,ignore,Bush,580,1000
11/08/1988,VA,Lunenburg,ignore,Dukakis,420,1000
11/08/1988,VA,Lunenburg,ignore,Bush,580,1000
11/08/1988,WV,Marion,ignore,Dukakis,420,1000
11/08/1988,WV,Marion,ignore,Bush,580,1000
11/08/1988,WV,Grant,ignore,Dukakis,420,1000
11/08/1988,WV,Grant,ignore,Bush,580,1000
11/08/1988,ND,Divide,ignore,Dukakis,420,1000
11/08/1988,ND,Divide,ignore,Bush,580,1000
11/08/1988,TN,Moore,ignore,Dukakis,420,1000
11/08/1988,TN,Moore,ignore,Bush,580,1000
11/08/1988,UT,Uintah,ignore,Dukakis,420,1000
11/08/1988,UT,Uintah,ignore,Bush,580,1000
11/08/1988,NE,Furnas,ignore,Dukakis,420,1000
11/08/1988,NE,Furnas,ignore,Bush,580,1000
11/08/1988,AL,Chambers,ignore,Dukakis,420,1000
11/08/1988,AL,Chambers,ignore,Bush,580,1000
11/08/1988,PA,Franklin,ignore,Dukakis,420,1000
11/08/1988,PA,Franklin,ignore,Bush,580,1000
11/08/1988,NE,Lancaster,ignore,Dukakis,490,1000
11/08/1988,NE,Lancaster,ignore,Bush,510,1000
11/08/1988,VA,Frederick,ignore,Dukakis,420,1000
11/08/1988,VA,Frederick,ignore,Bush,580,1000
11/08/1988,WA,Klickitat,ignore,Dukakis,470,1000
11/08/1988,WA,Klickitat,ignore,Bush,530,1000
11/08/1988,VT,Franklin,ignore,Dukakis,530,1000
11/08/1988,VT,Franklin,ignore,Bush,470,1000
11/08/1988,WI,Bayfield,ignore,Dukakis,530,1000
11/08/1988,WI,Bayfield,ignore,Bush,470,1000
11/08/1988,AL,ALA,ignore,Dukakis,420,1000
11/08/1988,AL,ALA,ignore,Bush,580,1000
11/08/1988,CA,Glenn,ignore,Dukakis,420,1000
11/08/1988,CA,Glenn,ignore,Bush,580,1000
11/08/1988,CO,Boulder,ignore,Dukakis,530,1000
11/08/1988,CO,Boulder,ignore,Bush,470,1000
11/08/1988,GA,DeKalb,ignore,Dukakis,580,1000
11/08/1988,GA,DeKalb,ignore,Bush,420,1000
11/08/1988,IL,Kane,ignore,Dukakis,510,1000
11/08/1988,IL,Kane,ignore,Bush,490,1000
11/08/1988,IL,Morgan,ignore,Dukakis,420,1000
11/08/1988,IL,Morgan,ignore,Bush,580,1000
11/08/1988,IN,Brown,ignore,Dukakis,420,1000
11/08/1988,IN,Brown,ignore,Bush,580,1000
11/08/1988,IN,Rush,ignore,Dukakis,420,1000
11/08/1988,IN,Rush,ignore,Bush,580,1000
11/08/1988,IN,White,ignore,Dukakis,420,1000
11/08/1988,IN,White,ignore,Bush,580,1000
11/08/1988,IA,Johnson,ignore,Dukakis,580,1000
11/08/1988,IA,Johnson,ignore,Bush,420,1000
11/08/1988,KS,Lyon,ignore,Dukakis,420,1000
11/08/1988,KS,Lyon,ignore,Bush,580,1000
11/08/1988,KY,Adair,ignore,Dukakis,420,1000
11/08/1988,KY,Adair,ignore,Bush,580,1000
11/08/1988,LA,Allen,ignore,Dukakis,420,1000
11/08/1988,LA,Allen,ignore,Bush,580,1000
11/08/1988,ME,Oxford,ignore,Dukakis,530,1000
11/08/1988,ME,Oxford,ignore,Bush,470,1000
11/08/1988,MO,Camden,ignore,Dukakis,420,1000
11/08/1988,MO,Camden,ignore,Bush,580,1000
11/08/1988,GA,Wilcox,ignore,Dukakis,420,1000
11/08/1988,GA,Wilcox,ignore,Bush,580,1000
11/08/1988,NM,De_Baca,ignore,Dukakis,420,1000
11/08/1988,NM,De_Baca,ignore,Bush,580,1000
11/08/1988,NC,Vance,ignore,Dukakis,470,1000
11/08/1988,NC,Vance,ignore,Bush,530,1000
11/08/1988,NC,Franklin,ignore,Dukakis,503,1000
11/08/1988,NC,Franklin,ignore,Bush,497,1000
11/08/1988,MT,Teton,ignore,Dukakis,420,1000
11/08/1988,MT,Teton,ignore,Bush,580,1000
11/08/1988,MO,Barry,ignore,Dukakis,420,1000
11/08/1988,MO,Barry,ignore,Bush,580,1000
11/08/1988,WA,Clark,ignore,Dukakis,510,1000
11/08/1988,WA,Clark,ignore,Bush,490,1000
11/08/1988,WV,Ohio,ignore,Dukakis,420,1000
11/08/1988,WV,Ohio,ignore,Bush,580,1000
11/08/1988,AR,Clark,ignore,Dukakis,420,1000
11/08/1988,AR,Clark,ignore,Bush,580,1000
11/08/1988,AR,Lawrence,ignore,Dukakis,420,1000
11/08/1988,AR,Lawrence,ignore,Bush,580,1000
11/08/1988,CA,Yuba,ignore,Dukakis,420,1000
11/08/1988,CA,Yuba,ignore,Bush,580,1000
11/08/1988,CO,Summit,ignore,Dukakis,470,1000
11/08/1988,CO,Summit,ignore,Bush,530,1000
11/08/1988,GA,Cobb,ignore,Dukakis,470,1000
11/08/1988,GA,Cobb,ignore,Bush,530,1000
11/08/1988,GA,Douglas,ignore,Dukakis,420,1000
11/08/1988,GA,Douglas,ignore,Bush,580,1000
11/08/1988,GA,Wilkes,ignore,Dukakis,470,1000
11/08/1988,GA,Wilkes,ignore,Bush,530,1000
11/08/1988,IL,Peoria,ignore,Dukakis,510,1000
11/08/1988,IL,Peoria,ignore,Bush,490,1000
11/08/1988,IN,Jackson,ignore,Dukakis,420,1000
11/08/1988,IN,Jackson,ignore,Bush,580,1000
11/08/1988,KS,Rooks,ignore,Dukakis,420,1000
11/08/1988,KS,Rooks,ignore,Bush,580,1000
11/08/1988,KS,Reno,ignore,Dukakis,420,1000
11/08/1988,KS,Reno,ignore,Bush,580,1000
11/08/1988,KY,Barren,ignore,Dukakis,420,1000
11/08/1988,KY,Barren,ignore,Bush,580,1000
11/08/1988,KY,Laurel,ignore,Dukakis,420,1000
11/08/1988,KY,Laurel,ignore,Bush,580,1000
11/08/1988,AZ,Coconino,ignore,Dukakis,420,1000
11/08/1988,AZ,Coconino,ignore,Bush,580,1000
11/08/1988,CA,Marin,ignore,Dukakis,580,1000
11/08/1988,CA,Marin,ignore,Bush,420,1000
11/08/1988,FL,Okaloosa,ignore,Dukakis,420,1000
11/08/1988,FL,Okaloosa,ignore,Bush,580,1000
11/08/1988,GA,Murray,ignore,Dukakis,420,1000
11/08/1988,GA,Murray,ignore,Bush,580,1000
11/08/1988,IL,Randolph,ignore,Dukakis,420,1000
11/08/1988,IL,Randolph,ignore,Bush,580,1000
11/08/1988,IN,Switzerland,ignore,Dukakis,420,1000
11/08/1988,IN,Switzerland,ignore,Bush,580,1000
11/08/1988,KY,Kenton,ignore,Dukakis,420,1000
11/08/1988,KY,Kenton,ignore,Bush,580,1000
11/08/1988,KY,Monroe,ignore,Dukakis,420,1000
11/08/1988,KY,Monroe,ignore,Bush,580,1000
11/08/1988,LA,Caddo,ignore,Dukakis,530,1000
11/08/1988,LA,Caddo,ignore,Bush,470,1000
11/08/1988,LA,Claiborne,ignore,Dukakis,420,1000
11/08/1988,LA,Claiborne,ignore,Bush,580,1000
11/08/1988,MA,Berkshire,ignore,Dukakis,580,1000
11/08/1988,MA,Berkshire,ignore,Bush,420,1000
11/08/1988,MI,Grand_Traverse,ignore,Dukakis,420,1000
11/08/1988,MI,Grand_Traverse,ignore,Bush,580,1000
11/08/1988,NE,Nuckolls,ignore,Dukakis,420,1000
11/08/1988,NE,Nuckolls,ignore,Bush,580,1000
11/08/1988,MO,Atchison,ignore,Dukakis,420,1000
11/08/1988,MO,Atchison,ignore,Bush,580,1000
11/08/1988,MN,Ramsey,ignore,Dukakis,580,1000
11/08/1988,MN,Ramsey,ignore,Bush,420,1000
11/08/1988,NC,Avery,ignore,Dukakis,420,1000
11/08/1988,NC,Avery,ignore,Bush,580,1000
11/08/1988,PA,Wayne,ignore,Dukakis,420,1000
11/08/1988,PA,Wayne,ignore,Bush,580,1000
11/08/1988,TN,Carter,ignore,Dukakis,420,1000
11/08/1988,TN,Carter,ignore,Bush,580,1000
11/08/1988,TN,Hickman,ignore,Dukakis,420,1000
11/08/1988,TN,Hickman,ignore,Bush,580,1000
11/08/1988,SD,Potter,ignore,Dukakis,420,1000
11/08/1988,SD,Potter,ignore,Bush,580,1000
11/08/1988,TX,Shackelford,ignore,Dukakis,420,1000
11/08/1988,TX,Shackelford,ignore,Bush,580,1000
11/08/1988,WY,Converse,ignore,Dukakis,420,1000
11/08/1988,WY,Converse,ignore,Bush,580,1000
11/08/1988,AL,Escambia,ignore,Dukakis,420,1000
11/08/1988,AL,Escambia,ignore,Bush,580,1000
11/08/1988,AZ,Cochise,ignore,Dukakis,420,1000
11/08/1988,AZ,Cochise,ignore,Bush,580,1000
11/08/1988,AZ,Apache,ignore,Dukakis,420,1000
11/08/1988,AZ,Apache,ignore,Bush,580,1000
11/08/1988,CA,San_Luis_Obispo,ignore,Dukakis,470,1000
11/08/1988,CA,San_Luis_Obispo,ignore,Bush,530,1000
11/08/1988,ID,Oneida,ignore,Dukakis,420,1000
11/08/1988,ID,Oneida,ignore,Bush,580,1000
11/08/1988,IN,Perry,ignore,Dukakis,470,1000
11/08/1988,IN,Perry,ignore,Bush,530,1000
11/08/1988,IA,Harrison,ignore,Dukakis,420,1000
11/08/1988,IA,Harrison,ignore,Bush,580,1000
11/08/1988,KY,Gallatin,ignore,Dukakis,420,1000
11/08/1988,KY,Gallatin,ignore,Bush,580,1000
11/08/1988,MD,Kent,ignore,Dukakis,420,1000
11/08/1988,MD,Kent,ignore,Bush,580,1000
11/08/1988,ME,Piscataquis,ignore,Dukakis,470,1000
11/08/1988,ME,Piscataquis,ignore,Bush,530,1000
11/08/1988,MI,Luce,ignore,Dukakis,420,1000
11/08/1988,MI,Luce,ignore,Bush,580,1000
11/08/1988,MI,Clare,ignore,Dukakis,420,1000
11/08/1988,MI,Clare,ignore,Bush,580,1000
11/08/1988,MO,St_Clair,ignore,Dukakis,420,1000
11/08/1988,MO,St_Clair,ignore,Bush,580,1000
11/08/1988,NE,Merrick,ignore,Dukakis,420,1000
11/08/1988,NE,Merrick,ignore,Bush,580,1000
11/08/1988,NY,Greene,ignore,Dukakis,420,1000
11/08/1988,NY,Greene,ignore,Bush,580,1000
11/08/1988,NC,Halifax,ignore,Dukakis,580,1000
11/08/1988,NC,Halifax,ignore,Bush,420,1000
11/08/1988,OK,McClain,ignore,Dukakis,420,1000
11/08/1988,OK,McClain,ignore,Bush,580,1000
11/08/1988,OK,Beaver,ignore,Dukakis,420,1000
11/08/1988,OK,Beaver,ignore,Bush,580,1000
11/08/1988,OR,Deschutes,ignore,Dukakis,490,1000
11/08/1988,OR,Deschutes,ignore,Bush,510,1000
11/08/1988,PA,Centre,ignore,Dukakis,490,1000
11/08/1988,PA,Centre,ignore,Bush,510,1000
11/08/1988,SC,Kershaw,ignore,Dukakis,470,1000
11/08/1988,SC,Kershaw,ignore,Bush,530,1000
11/08/1988,KY,Morgan,ignore,Dukakis,420,1000
11/08/1988,KY,Morgan,ignore,Bush,580,1000
11/08/1988,TN,Johnson,ignore,Dukakis,420,1000
11/08/1988,TN,Johnson,ignore,Bush,580,1000
11/08/1988,TX,Brewster,ignore,Dukakis,420,1000
11/08/1988,TX,Brewster,ignore,Bush,580,1000
11/08/1988,TX,Zapata,ignore,Dukakis,420,1000
11/08/1988,TX,Zapata,ignore,Bush,580,1000
11/08/1988,TX,Trinity,ignore,Dukakis,420,1000
11/08/1988,TX,Trinity,ignore,Bush,580,1000
11/08/1988,UT,Carbon,ignore,Dukakis,420,1000
11/08/1988,UT,Carbon,ignore,Bush,580,1000
11/08/1988,VA,Orange,ignore,Dukakis,420,1000
11/08/1988,VA,Orange,ignore,Bush,580,1000
11/08/1988,WI,Adams,ignore,Dukakis,420,1000
11/08/1988,WI,Adams,ignore,Bush,580,1000
11/08/1988,ND,McLean,ignore,Dukakis,420,1000
11/08/1988,ND,McLean,ignore,Bush,580,1000
11/08/1988,MN,Kittson,ignore,Dukakis,470,1000
11/08/1988,MN,Kittson,ignore,Bush,530,1000
11/08/1988,MI,Cheboygan,ignore,Dukakis,420,1000
11/08/1988,MI,Cheboygan,ignore,Bush,580,1000
11/08/1988,MS,Washington,ignore,Dukakis,580,1000
11/08/1988,MS,Washington,ignore,Bush,420,1000
11/08/1988,MO,Holt,ignore,Dukakis,420,1000
11/08/1988,MO,Holt,ignore,Bush,580,1000
11/08/1988,MS,Sunflower,ignore,Dukakis,530,1000
11/08/1988,MS,Sunflower,ignore,Bush,470,1000
11/08/1988,MT,Powder_River,ignore,Dukakis,420,1000
11/08/1988,MT,Powder_River,ignore,Bush,580,1000
11/08/1988,MS,Marshall,ignore,Dukakis,420,1000
11/08/1988,MS,Marshall,ignore,Bush,580,1000
11/08/1988,MS,Issaquena,ignore,Dukakis,470,1000
11/08/1988,MS,Issaquena,ignore,Bush,530,1000
11/08/1988,MS,Benton,ignore,Dukakis,420,1000
11/08/1988,MS,Benton,ignore,Bush,580,1000
11/08/1988,OH,Cuyahoga,ignore,Dukakis,580,1000
11/08/1988,OH,Cuyahoga,ignore,Bush,420,1000
11/08/1988,MT,Lake,ignore,Dukakis,420,1000
11/08/1988,MT,Lake,ignore,Bush,580,1000
11/08/1988,RI,Newport,ignore,Dukakis,580,1000
11/08/1988,RI,Newport,ignore,Bush,420,1000
11/08/1988,MO,Clay,ignore,Dukakis,470,1000
11/08/1988,MO,Clay,ignore,Bush,530,1000
11/08/1988,MO,Worth,ignore,Dukakis,420,1000
11/08/1988,MO,Worth,ignore,Bush,580,1000
11/08/1988,MO,Perry,ignore,Dukakis,420,1000
11/08/1988,MO,Perry,ignore,Bush,580,1000
11/08/1988,MO,Morgan,ignore,Dukakis,420,1000
11/08/1988,MO,Morgan,ignore,Bush,580,1000
11/08/1988,VA,Lee,ignore,Dukakis,420,1000
11/08/1988,VA,Lee,ignore,Bush,580,1000
11/08/1988,WA,Clallam,ignore,Dukakis,490,1000
11/08/1988,WA,Clallam,ignore,Bush,510,1000
11/08/1988,WY,Uinta,ignore,Dukakis,420,1000
11/08/1988,WY,Uinta,ignore,Bush,580,1000
11/08/1988,AR,Arkansas,ignore,Dukakis,470,1000
11/08/1988,AR,Arkansas,ignore,Bush,530,1000
11/08/1988,AR,Dallas,ignore,Dukakis,470,1000
11/08/1988,AR,Dallas,ignore,Bush,530,1000
11/08/1988,GA,Butts,ignore,Dukakis,420,1000
11/08/1988,GA,Butts,ignore,Bush,580,1000
11/08/1988,GA,Baker,ignore,Dukakis,470,1000
11/08/1988,GA,Baker,ignore,Bush,530,1000
11/08/1988,IL,LaSalle,ignore,Dukakis,420,1000
11/08/1988,IL,LaSalle,ignore,Bush,580,1000
11/08/1988,IN,Kosciusko,ignore,Dukakis,420,1000
11/08/1988,IN,Kosciusko,ignore,Bush,580,1000
11/08/1988,IN,Sullivan,ignore,Dukakis,420,1000
11/08/1988,IN,Sullivan,ignore,Bush,580,1000
11/08/1988,KS,Riley,ignore,Dukakis,470,1000
11/08/1988,KS,Riley,ignore,Bush,530,1000
11/08/1988,KY,Bullitt,ignore,Dukakis,420,1000
11/08/1988,KY,Bullitt,ignore,Bush,580,1000
11/08/1988,KY,Madison,ignore,Dukakis,420,1000
11/08/1988,KY,Madison,ignore,Bush,580,1000
11/08/1988,LA,Livingston,ignore,Dukakis,420,1000
11/08/1988,LA,Livingston,ignore,Bush,580,1000
11/08/1988,LA,Grant,ignore,Dukakis,420,1000
11/08/1988,LA,Grant,ignore,Bush,580,1000
11/08/1988,LA,Bienville,ignore,Dukakis,420,1000
11/08/1988,LA,Bienville,ignore,Bush,580,1000
11/08/1988,MO,Callaway,ignore,Dukakis,420,1000
11/08/1988,MO,Callaway,ignore,Bush,580,1000
11/08/1988,GA,Wheeler,ignore,Dukakis,420,1000
11/08/1988,GA,Wheeler,ignore,Bush,580,1000
11/08/1988,NC,Chatham,ignore,Dukakis,470,1000
11/08/1988,NC,Chatham,ignore,Bush,530,1000
11/08/1988,SC,Allendale,ignore,Dukakis,580,1000
11/08/1988,SC,Allendale,ignore,Bush,420,1000
11/08/1988,MA,Suffolk,ignore,Dukakis,580,1000
11/08/1988,MA,Suffolk,ignore,Bush,420,1000
11/08/1988,TN,Henry,ignore,Dukakis,420,1000
11/08/1988,TN,Henry,ignore,Bush,580,1000
11/08/1988,TX,Angelina,ignore,Dukakis,420,1000
11/08/1988,TX,Angelina,ignore,Bush,580,1000
11/08/1988,WA,Grant,ignore,Dukakis,420,1000
11/08/1988,WA,Grant,ignore,Bush,580,1000
11/08/1988,VA,Louisa,ignore,Dukakis,420,1000
11/08/1988,VA,Louisa,ignore,Bush,580,1000
11/08/1988,MN,Goodhue,ignore,Dukakis,470,1000
11/08/1988,MN,Goodhue,ignore,Bush,530,1000
11/08/1988,WA,Walla_Walla,ignore,Dukakis,420,1000
11/08/1988,WA,Walla_Walla,ignore,Bush,580,1000
11/08/1988,MO,Christian,ignore,Dukakis,420,1000
11/08/1988,MO,Christian,ignore,Bush,580,1000
11/08/1988,IN,Crawford,ignore,Dukakis,420,1000
11/08/1988,IN,Crawford,ignore,Bush,580,1000
11/08/1988,OK,Seminole,ignore,Dukakis,420,1000
11/08/1988,OK,Seminole,ignore,Bush,580,1000
11/08/1988,NM,Lincoln,ignore,Dukakis,420,1000
11/08/1988,NM,Lincoln,ignore,Bush,580,1000
11/08/1988,TN,Campbell,ignore,Dukakis,420,1000
11/08/1988,TN,Campbell,ignore,Bush,580,1000
11/08/1988,NM,Socorro,ignore,Dukakis,470,1000
11/08/1988,NM,Socorro,ignore,Bush,530,1000
11/08/1988,NM,Taos,ignore,Dukakis,530,1000
11/08/1988,NM,Taos,ignore,Bush,470,1000
11/08/1988,NM,Chaves,ignore,Dukakis,420,1000
11/08/1988,NM,Chaves,ignore,Bush,580,1000
11/08/1988,OH,Holmes,ignore,Dukakis,420,1000
11/08/1988,OH,Holmes,ignore,Bush,580,1000
11/08/1988,OH,Jackson,ignore,Dukakis,420,1000
11/08/1988,OH,Jackson,ignore,Bush,580,1000
11/08/1988,NC,Burke,ignore,Dukakis,420,1000
11/08/1988,NC,Burke,ignore,Bush,580,1000
11/08/1988,SD,Pennington,ignore,Dukakis,420,1000
11/08/1988,SD,Pennington,ignore,Bush,580,1000
11/08/1988,TX,Aransas,ignore,Dukakis,420,1000
11/08/1988,TX,Aransas,ignore,Bush,580,1000
11/08/1988,WA,Whitman,ignore,Dukakis,510,1000
11/08/1988,WA,Whitman,ignore,Bush,490,1000
11/08/1988,MI,Berrien,ignore,Dukakis,470,1000
11/08/1988,MI,Berrien,ignore,Bush,530,1000
11/08/1988,GA,Lincoln,ignore,Dukakis,420,1000
11/08/1988,GA,Lincoln,ignore,Bush,580,1000
11/08/1988,TX,Val_Verde,ignore,Dukakis,420,1000
11/08/1988,TX,Val_Verde,ignore,Bush,580,1000
11/08/1988,NY,Onondaga,ignore,Dukakis,530,1000
11/08/1988,NY,Onondaga,ignore,Bush,470,1000
11/08/1988,ID,Gooding,ignore,Dukakis,420,1000
11/08/1988,ID,Gooding,ignore,Bush,580,1000
11/08/1988,KY,Clay,ignore,Dukakis,420,1000
11/08/1988,KY,Clay,ignore,Bush,580,1000
11/08/1988,OR,Harney,ignore,Dukakis,420,1000
11/08/1988,OR,Harney,ignore,Bush,580,1000
11/08/1988,MO,Cooper,ignore,Dukakis,420,1000
11/08/1988,MO,Cooper,ignore,Bush,580,1000
11/08/1988,MN,Todd,ignore,Dukakis,420,1000
11/08/1988,MN,Todd,ignore,Bush,580,1000
11/08/1988,WI,Florence,ignore,Dukakis,420,1000
11/08/1988,WI,Florence,ignore,Bush,580,1000
11/08/1988,NY,Nassau,ignore,Dukakis,490,1000
11/08/1988,NY,Nassau,ignore,Bush,510,1000
11/08/1988,NM,San_Miguel,ignore,Dukakis,470,1000
11/08/1988,NM,San_Miguel,ignore,Bush,530,1000
11/08/1988,NE,Wayne,ignore,Dukakis,420,1000
11/08/1988,NE,Wayne,ignore,Bush,580,1000
11/08/1988,OH,Lawrence,ignore,Dukakis,420,1000
11/08/1988,OH,Lawrence,ignore,Bush,580,1000
11/08/1988,SD,Union,ignore,Dukakis,420,1000
11/08/1988,SD,Union,ignore,Bush,580,1000
11/08/1988,SC,Beaufort,ignore,Dukakis,420,1000
11/08/1988,SC,Beaufort,ignore,Bush,580,1000
11/08/1988,OH,Auglaize,ignore,Dukakis,420,1000
11/08/1988,OH,Auglaize,ignore,Bush,580,1000
11/08/1988,GA,Long,ignore,Dukakis,420,1000
11/08/1988,GA,Long,ignore,Bush,580,1000
11/08/1988,TX,Victoria,ignore,Dukakis,420,1000
11/08/1988,TX,Victoria,ignore,Bush,580,1000
11/08/1988,OH,Clermont,ignore,Dukakis,420,1000
11/08/1988,OH,Clermont,ignore,Bush,580,1000
11/08/1988,GA,Madison,ignore,Dukakis,420,1000
11/08/1988,GA,Madison,ignore,Bush,580,1000
11/08/1988,GA,Muscogee,ignore,Dukakis,580,1000
11/08/1988,GA,Muscogee,ignore,Bush,420,1000
11/08/1988,GA,Oconee,ignore,Dukakis,420,1000
11/08/1988,GA,Oconee,ignore,Bush,580,1000
11/08/1988,AL,Fayette,ignore,Dukakis,420,1000
11/08/1988,AL,Fayette,ignore,Bush,580,1000
11/08/1988,GA,Charlton,ignore,Dukakis,420,1000
11/08/1988,GA,Charlton,ignore,Bush,580,1000
11/08/1988,VT,Windsor,ignore,Dukakis,580,1000
11/08/1988,VT,Windsor,ignore,Bush,420,1000
11/08/1988,VA,Richmond_Co,ignore,Dukakis,420,1000
11/08/1988,VA,Richmond_Co,ignore,Bush,580,1000
11/08/1988,TX,Galveston,ignore,Dukakis,420,1000
11/08/1988,TX,Galveston,ignore,Bush,580,1000
11/08/1988,MO,Ste_Genevieve,ignore,Dukakis,510,1000
11/08/1988,MO,Ste_Genevieve,ignore,Bush,490,1000
11/08/1988,MI,Menominee,ignore,Dukakis,420,1000
11/08/1988,MI,Menominee,ignore,Bush,580,1000
11/08/1988,SC,Charleston,ignore,Dukakis,510,1000
11/08/1988,SC,Charleston,ignore,Bush,490,1000
11/08/1988,TX,Austin,ignore,Dukakis,420,1000
11/08/1988,TX,Austin,ignore,Bush,580,1000
11/08/1988,TN,Decatur,ignore,Dukakis,420,1000
11/08/1988,TN,Decatur,ignore,Bush,580,1000
11/08/1988,SD,Butte,ignore,Dukakis,420,1000
11/08/1988,SD,Butte,ignore,Bush,580,1000
11/08/1988,SC,Chester,ignore,Dukakis,420,1000
11/08/1988,SC,Chester,ignore,Bush,580,1000
11/08/1988,WI,Pierce,ignore,Dukakis,420,1000
11/08/1988,WI,Pierce,ignore,Bush,580,1000
11/08/1988,TN,Lake,ignore,Dukakis,420,1000
11/08/1988,TN,Lake,ignore,Bush,580,1000
11/08/1988,TX,Delta,ignore,Dukakis,420,1000
11/08/1988,TX,Delta,ignore,Bush,580,1000
11/08/1988,MT,Lincoln,ignore,Dukakis,420,1000
11/08/1988,MT,Lincoln,ignore,Bush,580,1000
11/08/1988,TX,Fort_Bend,ignore,Dukakis,420,1000
11/08/1988,TX,Fort_Bend,ignore,Bush,580,1000
11/08/1988,ME,Lincoln,ignore,Dukakis,510,1000
11/08/1988,ME,Lincoln,ignore,Bush,490,1000
11/08/1988,VA,Surry,ignore,Dukakis,530,1000
11/08/1988,VA,Surry,ignore,Bush,470,1000
11/08/1988,MO,Saline,ignore,Dukakis,420,1000
11/08/1988,MO,Saline,ignore,Bush,580,1000
11/08/1988,NC,Caswell,ignore,Dukakis,420,1000
11/08/1988,NC,Caswell,ignore,Bush,580,1000
11/08/1988,VA,Sussex,ignore,Dukakis,530,1000
11/08/1988,VA,Sussex,ignore,Bush,470,1000
11/08/1988,NH,Rockingham,ignore,Dukakis,490,1000
11/08/1988,NH,Rockingham,ignore,Bush,510,1000
11/08/1988,TN,Hamblen,ignore,Dukakis,420,1000
11/08/1988,TN,Hamblen,ignore,Bush,580,1000
11/08/1988,TN,Hancock,ignore,Dukakis,420,1000
11/08/1988,TN,Hancock,ignore,Bush,580,1000
11/08/1988,TN,Hawkins,ignore,Dukakis,420,1000
11/08/1988,TN,Hawkins,ignore,Bush,580,1000
11/08/1988,SD,Hanson,ignore,Dukakis,420,1000
11/08/1988,SD,Hanson,ignore,Bush,580,1000
11/08/1988,SD,Kingsbury,ignore,Dukakis,420,1000
11/08/1988,SD,Kingsbury,ignore,Bush,580,1000
11/08/1988,PA,Chester,ignore,Dukakis,510,1000
11/08/1988,PA,Chester,ignore,Bush,490,1000
11/08/1988,TX,Calhoun,ignore,Dukakis,420,1000
11/08/1988,TX,Calhoun,ignore,Bush,580,1000
11/08/1988,VA,Northumberland,ignore,Dukakis,420,1000
11/08/1988,VA,Northumberland,ignore,Bush,580,1000
11/08/1988,WI,Forest,ignore,Dukakis,420,1000
11/08/1988,WI,Forest,ignore,Bush,580,1000
11/08/1988,WY,Crook,ignore,Dukakis,420,1000
11/08/1988,WY,Crook,ignore,Bush,580,1000
11/08/1988,NE,Rock,ignore,Dukakis,420,1000
11/08/1988,NE,Rock,ignore,Bush,580,1000
11/08/1988,TN,Anderson,ignore,Dukakis,420,1000
11/08/1988,TN,Anderson,ignore,Bush,580,1000
11/08/1988,KY,Garrard,ignore,Dukakis,420,1000
11/08/1988,KY,Garrard,ignore,Bush,580,1000
11/08/1988,VT,Windham,ignore,Dukakis,580,1000
11/08/1988,VT,Windham,ignore,Bush,420,1000
11/08/1988,MD,Wicomico,ignore,Dukakis,420,1000
11/08/1988,MD,Wicomico,ignore,Bush,580,1000
11/08/1988,ME,Sagadahoc,ignore,Dukakis,530,1000
11/08/1988,ME,Sagadahoc,ignore,Bush,470,1000
11/08/1988,KS,Bourbon,ignore,Dukakis,420,1000
11/08/1988,KS,Bourbon,ignore,Bush,580,1000
11/08/1988,KS,Crawford,ignore,Dukakis,420,1000
11/08/1988,KS,Crawford,ignore,Bush,580,1000
11/08/1988,TX,Collin,ignore,Dukakis,420,1000
11/08/1988,TX,Collin,ignore,Bush,580,1000
11/08/1988,TX,Colorado,ignore,Dukakis,420,1000
11/08/1988,TX,Colorado,ignore,Bush,580,1000
11/08/1988,PA,Delaware,ignore,Dukakis,580,1000
11/08/1988,PA,Delaware,ignore,Bush,420,1000
11/08/1988,SC,Dillon,ignore,Dukakis,470,1000
11/08/1988,SC,Dillon,ignore,Bush,530,1000
11/08/1988,PA,Clarion,ignore,Dukakis,420,1000
11/08/1988,PA,Clarion,ignore,Bush,580,1000
11/08/1988,TX,Jasper,ignore,Dukakis,420,1000
11/08/1988,TX,Jasper,ignore,Bush,580,1000
11/08/1988,PA,Clinton,ignore,Dukakis,420,1000
11/08/1988,PA,Clinton,ignore,Bush,580,1000
11/08/1988,MD,Harford,ignore,Dukakis,420,1000
11/08/1988,MD,Harford,ignore,Bush,580,1000
11/08/1988,IL,Richland,ignore,Dukakis,420,1000
11/08/1988,IL,Richland,ignore,Bush,580,1000
11/08/1988,MD,Howard,ignore,Dukakis,580,1000
11/08/1988,MD,Howard,ignore,Bush,420,1000
11/08/1988,TN,Loudon,ignore,Dukakis,420,1000
11/08/1988,TN,Loudon,ignore,Bush,580,1000
11/08/1988,IL,St_Clair,ignore,Dukakis,530,1000
11/08/1988,IL,St_Clair,ignore,Bush,470,1000
11/08/1988,MA,Bristol,ignore,Dukakis,470,1000
11/08/1988,MA,Bristol,ignore,Bush,530,1000
11/08/1988,IN,Hendricks,ignore,Dukakis,420,1000
11/08/1988,IN,Hendricks,ignore,Bush,580,1000
11/08/1988,MD,Anne_Arundel,ignore,Dukakis,470,1000
11/08/1988,MD,Anne_Arundel,ignore,Bush,530,1000
11/08/1988,TX,Comal,ignore,Dukakis,420,1000
11/08/1988,TX,Comal,ignore,Bush,580,1000
11/08/1988,TX,Cooke,ignore,Dukakis,420,1000
11/08/1988,TX,Cooke,ignore,Bush,580,1000
11/08/1988,TX,Crockett,ignore,Dukakis,420,1000
11/08/1988,TX,Crockett,ignore,Bush,580,1000
11/08/1988,TX,Culberson,ignore,Dukakis,420,1000
11/08/1988,TX,Culberson,ignore,Bush,580,1000
11/08/1988,KY,Hickman,ignore,Dukakis,420,1000
11/08/1988,KY,Hickman,ignore,Bush,580,1000
11/08/1988,KY,Jackson,ignore,Dukakis,420,1000
11/08/1988,KY,Jackson,ignore,Bush,580,1000
11/08/1988,SC,Georgetown,ignore,Dukakis,420,1000
11/08/1988,SC,Georgetown,ignore,Bush,580,1000
11/08/1988,WA,Adams,ignore,Dukakis,420,1000
11/08/1988,WA,Adams,ignore,Bush,580,1000
11/08/1988,NE,Kimball,ignore,Dukakis,420,1000
11/08/1988,NE,Kimball,ignore,Bush,580,1000
11/08/1988,MT,Carbon,ignore,Dukakis,420,1000
11/08/1988,MT,Carbon,ignore,Bush,580,1000
11/08/1988,KY,Greenup,ignore,Dukakis,420,1000
11/08/1988,KY,Greenup,ignore,Bush,580,1000
11/08/1988,LA,Webster,ignore,Dukakis,420,1000
11/08/1988,LA,Webster,ignore,Bush,580,1000
11/08/1988,TN,Macon,ignore,Dukakis,420,1000
11/08/1988,TN,Macon,ignore,Bush,580,1000
11/08/1988,NC,New_Hanover,ignore,Dukakis,497,1000
11/08/1988,NC,New_Hanover,ignore,Bush,503,1000
11/08/1988,TX,Chambers,ignore,Dukakis,420,1000
11/08/1988,TX,Chambers,ignore,Bush,580,1000
11/08/1988,FL,Alachua,ignore,Dukakis,580,1000
11/08/1988,FL,Alachua,ignore,Bush,420,1000
11/08/1988,GA,Worth,ignore,Dukakis,420,1000
11/08/1988,GA,Worth,ignore,Bush,580,1000
11/08/1988,OR,Marion,ignore,Dukakis,490,1000
11/08/1988,OR,Marion,ignore,Bush,510,1000
11/08/1988,PA,Jefferson,ignore,Dukakis,420,1000
11/08/1988,PA,Jefferson,ignore,Bush,580,1000
11/08/1988,MI,Dickinson,ignore,Dukakis,420,1000
11/08/1988,MI,Dickinson,ignore,Bush,580,1000
11/08/1988,MI,Eaton,ignore,Dukakis,490,1000
11/08/1988,MI,Eaton,ignore,Bush,510,1000
11/08/1988,KY,Knox,ignore,Dukakis,420,1000
11/08/1988,KY,Knox,ignore,Bush,580,1000
11/08/1988,MI,Hillsdale,ignore,Dukakis,420,1000
11/08/1988,MI,Hillsdale,ignore,Bush,580,1000
11/08/1988,TX,Denton,ignore,Dukakis,420,1000
11/08/1988,TX,Denton,ignore,Bush,580,1000
11/08/1988,IA,Washington,ignore,Dukakis,420,1000
11/08/1988,IA,Washington,ignore,Bush,580,1000
11/08/1988,TN,Smith,ignore,Dukakis,420,1000
11/08/1988,TN,Smith,ignore,Bush,580,1000
11/08/1988,KS,Wilson,ignore,Dukakis,420,1000
11/08/1988,KS,Wilson,ignore,Bush,580,1000
11/08/1988,VA,Henrico,ignore,Dukakis,530,1000
11/08/1988,VA,Henrico,ignore,Bush,470,1000
11/08/1988,RI,Kent,ignore,Dukakis,497,1000
11/08/1988,RI,Kent,ignore,Bush,503,1000
11/08/1988,PA,Columbia,ignore,Dukakis,420,1000
11/08/1988,PA,Columbia,ignore,Bush,580,1000
11/08/1988,TN,Lewis,ignore,Dukakis,420,1000
11/08/1988,TN,Lewis,ignore,Bush,580,1000
11/08/1988,MN,Lincoln,ignore,Dukakis,420,1000
11/08/1988,MN,Lincoln,ignore,Bush,580,1000
11/08/1988,TN,Madison,ignore,Dukakis,420,1000
11/08/1988,TN,Madison,ignore,Bush,580,1000
11/08/1988,MO,Ralls,ignore,Dukakis,420,1000
11/08/1988,MO,Ralls,ignore,Bush,580,1000
11/08/1988,NC,Anson,ignore,Dukakis,510,1000
11/08/1988,NC,Anson,ignore,Bush,490,1000
11/08/1988,KY,Daviess,ignore,Dukakis,420,1000
11/08/1988,KY,Daviess,ignore,Bush,580,1000
11/08/1988,UT,Washington,ignore,Dukakis,420,1000
11/08/1988,UT,Washington,ignore,Bush,580,1000
11/08/1988,IA,Appanoose,ignore,Dukakis,420,1000
11/08/1988,IA,Appanoose,ignore,Bush,580,1000
11/08/1988,VA,Pittsylvania,ignore,Dukakis,420,1000
11/08/1988,VA,Pittsylvania,ignore,Bush,580,1000
11/08/1988,PA,Lackawanna,ignore,Dukakis,510,1000
11/08/1988,PA,Lackawanna,ignore,Bush,490,1000
11/08/1988,PA,Lancaster,ignore,Dukakis,420,1000
11/08/1988,PA,Lancaster,ignore,Bush,580,1000
11/08/1988,MO,Jefferson,ignore,Dukakis,470,1000
11/08/1988,MO,Jefferson,ignore,Bush,530,1000
11/08/1988,MO,Washington,ignore,Dukakis,420,1000
11/08/1988,MO,Washington,ignore,Bush,580,1000
11/08/1988,PA,Lehigh,ignore,Dukakis,510,1000
11/08/1988,PA,Lehigh,ignore,Bush,490,1000
11/08/1988,KY,Letcher,ignore,Dukakis,420,1000
11/08/1988,KY,Letcher,ignore,Bush,580,1000
11/08/1988,MI,Jackson,ignore,Dukakis,420,1000
11/08/1988,MI,Jackson,ignore,Bush,580,1000
11/08/1988,KY,Lyon,ignore,Dukakis,420,1000
11/08/1988,KY,Lyon,ignore,Bush,580,1000
11/08/1988,MN,Chippewa,ignore,Dukakis,420,1000
11/08/1988,MN,Chippewa,ignore,Bush,580,1000
11/08/1988,KY,McCracken,ignore,Dukakis,420,1000
11/08/1988,KY,McCracken,ignore,Bush,580,1000
11/08/1988,UT,Davis,ignore,Dukakis,420,1000
11/08/1988,UT,Davis,ignore,Bush,580,1000
11/08/1988,VA,Albemarle,ignore,Dukakis,530,1000
11/08/1988,VA,Albemarle,ignore,Bush,470,1000
11/08/1988,MT,Gallatin,ignore,Dukakis,470,1000
11/08/1988,MT,Gallatin,ignore,Bush,530,1000
11/08/1988,WI,Marinette,ignore,Dukakis,420,1000
11/08/1988,WI,Marinette,ignore,Bush,580,1000
11/08/1988,MT,Big_Horn,ignore,Dukakis,530,1000
11/08/1988,MT,Big_Horn,ignore,Bush,470,1000
11/08/1988,CA,Amador,ignore,Dukakis,420,1000
11/08/1988,CA,Amador,ignore,Bush,580,1000
11/08/1988,TX,Cherokee,ignore,Dukakis,420,1000
11/08/1988,TX,Cherokee,ignore,Bush,580,1000
11/08/1988,MO,McDonald,ignore,Dukakis,420,1000
11/08/1988,MO,McDonald,ignore,Bush,580,1000
11/08/1988,PA,Mifflin,ignore,Dukakis,420,1000
11/08/1988,PA,Mifflin,ignore,Bush,580,1000
11/08/1988,LA,Washington,ignore,Dukakis,420,1000
11/08/1988,LA,Washington,ignore,Bush,580,1000
11/08/1988,ND,Williams,ignore,Dukakis,420,1000
11/08/1988,ND,Williams,ignore,Bush,580,1000
11/08/1988,NC,Cumberland,ignore,Dukakis,580,1000
11/08/1988,NC,Cumberland,ignore,Bush,420,1000
11/08/1988,KY,Marshall,ignore,Dukakis,420,1000
11/08/1988,KY,Marshall,ignore,Bush,580,1000
11/08/1988,MI,Kent,ignore,Dukakis,490,1000
11/08/1988,MI,Kent,ignore,Bush,510,1000
11/08/1988,MI,Keweenaw,ignore,Dukakis,420,1000
11/08/1988,MI,Keweenaw,ignore,Bush,580,1000
11/08/1988,MN,Houston,ignore,Dukakis,420,1000
11/08/1988,MN,Houston,ignore,Bush,580,1000
11/08/1988,SC,Horry,ignore,Dukakis,420,1000
11/08/1988,SC,Horry,ignore,Bush,580,1000
11/08/1988,MT,Jefferson,ignore,Dukakis,420,1000
11/08/1988,MT,Jefferson,ignore,Bush,580,1000
11/08/1988,TN,Sevier,ignore,Dukakis,420,1000
11/08/1988,TN,Sevier,ignore,Bush,580,1000
11/08/1988,LA,Bossier,ignore,Dukakis,420,1000
11/08/1988,LA,Bossier,ignore,Bush,580,1000
11/08/1988,NM,Catron,ignore,Dukakis,420,1000
11/08/1988,NM,Catron,ignore,Bush,580,1000
11/08/1988,KY,Fulton,ignore,Dukakis,420,1000
11/08/1988,KY,Fulton,ignore,Bush,580,1000
11/08/1988,NM,San_Juan,ignore,Dukakis,420,1000
11/08/1988,NM,San_Juan,ignore,Bush,580,1000
11/08/1988,MD,Caroline,ignore,Dukakis,420,1000
11/08/1988,MD,Caroline,ignore,Bush,580,1000
11/08/1988,MO,Marion,ignore,Dukakis,420,1000
11/08/1988,MO,Marion,ignore,Bush,580,1000
11/08/1988,TN,McMinn,ignore,Dukakis,420,1000
11/08/1988,TN,McMinn,ignore,Bush,580,1000
11/08/1988,VA,Prince_George,ignore,Dukakis,420,1000
11/08/1988,VA,Prince_George,ignore,Bush,580,1000
11/08/1988,LA,Lafayette,ignore,Dukakis,420,1000
11/08/1988,LA,Lafayette,ignore,Bush,580,1000
11/08/1988,PA,Northampton,ignore,Dukakis,490,1000
11/08/1988,PA,Northampton,ignore,Bush,510,1000
11/08/1988,UT,Salt_Lake,ignore,Dukakis,510,1000
11/08/1988,UT,Salt_Lake,ignore,Bush,490,1000
11/08/1988,MI,Mason,ignore,Dukakis,420,1000
11/08/1988,MI,Mason,ignore,Bush,580,1000
11/08/1988,WV,Roane,ignore,Dukakis,420,1000
11/08/1988,WV,Roane,ignore,Bush,580,1000
11/08/1988,WV,Summers,ignore,Dukakis,420,1000
11/08/1988,WV,Summers,ignore,Bush,580,1000
11/08/1988,NC,Wilkes,ignore,Dukakis,420,1000
11/08/1988,NC,Wilkes,ignore,Bush,580,1000
11/08/1988,WI,Dodge,ignore,Dukakis,420,1000
11/08/1988,WI,Dodge,ignore,Bush,580,1000
11/08/1988,TX,Tarrant,ignore,Dukakis,420,1000
11/08/1988,TX,Tarrant,ignore,Bush,580,1000
11/08/1988,MT,Meagher,ignore,Dukakis,420,1000
11/08/1988,MT,Meagher,ignore,Bush,580,1000
11/08/1988,AR,Miller,ignore,Dukakis,420,1000
11/08/1988,AR,Miller,ignore,Bush,580,1000
11/08/1988,TN,Washington,ignore,Dukakis,420,1000
11/08/1988,TN,Washington,ignore,Bush,580,1000
11/08/1988,ID,Payette,ignore,Dukakis,420,1000
11/08/1988,ID,Payette,ignore,Bush,580,1000
11/08/1988,IL,Macon,ignore,Dukakis,420,1000
11/08/1988,IL,Macon,ignore,Bush,580,1000
11/08/1988,LA,Red_River,ignore,Dukakis,420,1000
11/08/1988,LA,Red_River,ignore,Bush,580,1000
11/08/1988,NC,Edgecombe,ignore,Dukakis,580,1000
11/08/1988,NC,Edgecombe,ignore,Bush,420,1000
11/08/1988,MD,Cecil,ignore,Dukakis,420,1000
11/08/1988,MD,Cecil,ignore,Bush,580,1000
11/08/1988,IL,Madison,ignore,Dukakis,420,1000
11/08/1988,IL,Madison,ignore,Bush,580,1000
11/08/1988,LA,Union,ignore,Dukakis,420,1000
11/08/1988,LA,Union,ignore,Bush,580,1000
11/08/1988,NC,Yancey,ignore,Dukakis,420,1000
11/08/1988,NC,Yancey,ignore,Bush,580,1000
11/08/1988,NY,Bronx,ignore,Dukakis,580,1000
11/08/1988,NY,Bronx,ignore,Bush,420,1000
11/08/1988,ME,Washington,ignore,Dukakis,470,1000
11/08/1988,ME,Washington,ignore,Bush,530,1000
11/08/1988,TX,Briscoe,ignore,Dukakis,420,1000
11/08/1988,TX,Briscoe,ignore,Bush,580,1000
11/08/1988,WI,Green_Lake,ignore,Dukakis,420,1000
11/08/1988,WI,Green_Lake,ignore,Bush,580,1000
11/08/1988,MN,Dodge,ignore,Dukakis,420,1000
11/08/1988,MN,Dodge,ignore,Bush,580,1000
11/08/1988,MI,Muskegon,ignore,Dukakis,510,1000
11/08/1988,MI,Muskegon,ignore,Bush,490,1000
11/08/1988,KY,Owsley,ignore,Dukakis,420,1000
11/08/1988,KY,Owsley,ignore,Bush,580,1000
11/08/1988,MI,Oceana,ignore,Dukakis,420,1000
11/08/1988,MI,Oceana,ignore,Bush,580,1000
11/08/1988,NC,Moore,ignore,Dukakis,420,1000
11/08/1988,NC,Moore,ignore,Bush,580,1000
11/08/1988,TN,Sumner,ignore,Dukakis,420,1000
11/08/1988,TN,Sumner,ignore,Bush,580,1000
11/08/1988,KY,Todd,ignore,Dukakis,420,1000
11/08/1988,KY,Todd,ignore,Bush,580,1000
11/08/1988,KY,Trigg,ignore,Dukakis,420,1000
11/08/1988,KY,Trigg,ignore,Bush,580,1000
11/08/1988,TN,Wayne,ignore,Dukakis,420,1000
11/08/1988,TN,Wayne,ignore,Bush,580,1000
11/08/1988,TN,Weakley,ignore,Dukakis,420,1000
11/08/1988,TN,Weakley,ignore,Bush,580,1000
11/08/1988,TX,Brooks,ignore,Dukakis,420,1000
11/08/1988,TX,Brooks,ignore,Bush,580,1000
11/08/1988,TN,Williamson,ignore,Dukakis,420,1000
11/08/1988,TN,Williamson,ignore,Bush,580,1000
11/08/1988,WY,Johnson,ignore,Dukakis,420,1000
11/08/1988,WY,Johnson,ignore,Bush,580,1000
11/08/1988,WI,Polk,ignore,Dukakis,420,1000
11/08/1988,WI,Polk,ignore,Bush,580,1000
11/08/1988,TN,Meigs,ignore,Dukakis,420,1000
11/08/1988,TN,Meigs,ignore,Bush,580,1000
11/08/1988,IL,Massac,ignore,Dukakis,420,1000
11/08/1988,IL,Massac,ignore,Bush,580,1000
11/08/1988,MD,Dorchester,ignore,Dukakis,420,1000
11/08/1988,MD,Dorchester,ignore,Bush,580,1000
11/08/1988,CA,Santa_Clara,ignore,Dukakis,580,1000
11/08/1988,CA,Santa_Clara,ignore,Bush,420,1000
11/08/1988,NY,Clinton,ignore,Dukakis,530,1000
11/08/1988,NY,Clinton,ignore,Bush,470,1000
11/08/1988,PA,Dauphin,ignore,Dukakis,510,1000
11/08/1988,PA,Dauphin,ignore,Bush,490,1000
11/08/1988,MT,Granite,ignore,Dukakis,420,1000
11/08/1988,MT,Granite,ignore,Bush,580,1000
11/08/1988,MI,Van_Buren,ignore,Dukakis,470,1000
11/08/1988,MI,Van_Buren,ignore,Bush,530,1000
11/08/1988,IL,Edgar,ignore,Dukakis,420,1000
11/08/1988,IL,Edgar,ignore,Bush,580,1000
11/08/1988,IL,Hancock,ignore,Dukakis,420,1000
11/08/1988,IL,Hancock,ignore,Bush,580,1000
11/08/1988,MN,Big_Stone,ignore,Dukakis,470,1000
11/08/1988,MN,Big_Stone,ignore,Bush,530,1000
11/08/1988,CA,Calaveras,ignore,Dukakis,420,1000
11/08/1988,CA,Calaveras,ignore,Bush,580,1000
11/08/1988,SC,Orangeburg,ignore,Dukakis,580,1000
11/08/1988,SC,Orangeburg,ignore,Bush,420,1000
11/08/1988,WY,Teton,ignore,Dukakis,420,1000
11/08/1988,WY,Teton,ignore,Bush,580,1000
11/08/1988,SC,Pickens,ignore,Dukakis,420,1000
11/08/1988,SC,Pickens,ignore,Bush,580,1000
11/08/1988,NC,Pitt,ignore,Dukakis,530,1000
11/08/1988,NC,Pitt,ignore,Bush,470,1000
11/08/1988,TN,Overton,ignore,Dukakis,420,1000
11/08/1988,TN,Overton,ignore,Bush,580,1000
11/08/1988,MD,Talbot,ignore,Dukakis,420,1000
11/08/1988,MD,Talbot,ignore,Bush,580,1000
11/08/1988,TN,Polk,ignore,Dukakis,420,1000
11/08/1988,TN,Polk,ignore,Bush,580,1000
11/08/1988,NC,Rowan,ignore,Dukakis,420,1000
11/08/1988,NC,Rowan,ignore,Bush,580,1000
11/08/1988,KY,Anderson,ignore,Dukakis,420,1000
11/08/1988,KY,Anderson,ignore,Bush,580,1000
11/08/1988,NM,DoNa_Ana,ignore,Dukakis,530,1000
11/08/1988,NM,DoNa_Ana,ignore,Bush,470,1000
11/08/1988,NJ,Mercer,ignore,Dukakis,580,1000
11/08/1988,NJ,Mercer,ignore,Bush,420,1000
11/08/1988,ND,McIntosh,ignore,Dukakis,420,1000
11/08/1988,ND,McIntosh,ignore,Bush,580,1000
11/08/1988,NM,Grant,ignore,Dukakis,530,1000
11/08/1988,NM,Grant,ignore,Bush,470,1000
11/08/1988,KY,Bell,ignore,Dukakis,420,1000
11/08/1988,KY,Bell,ignore,Bush,580,1000
11/08/1988,NC,Davidson,ignore,Dukakis,420,1000
11/08/1988,NC,Davidson,ignore,Bush,580,1000
11/08/1988,ME,Cumberland,ignore,Dukakis,530,1000
11/08/1988,ME,Cumberland,ignore,Bush,470,1000
11/08/1988,MN,Brown,ignore,Dukakis,420,1000
11/08/1988,MN,Brown,ignore,Bush,580,1000
11/08/1988,SC,Richland,ignore,Dukakis,530,1000
11/08/1988,SC,Richland,ignore,Bush,470,1000
11/08/1988,VA,Fluvanna,ignore,Dukakis,470,1000
11/08/1988,VA,Fluvanna,ignore,Bush,530,1000
11/08/1988,SC,Union,ignore,Dukakis,420,1000
11/08/1988,SC,Union,ignore,Bush,580,1000
11/08/1988,WY,Sheridan,ignore,Dukakis,420,1000
11/08/1988,WY,Sheridan,ignore,Bush,580,1000
11/08/1988,VA,Henry,ignore,Dukakis,420,1000
11/08/1988,VA,Henry,ignore,Bush,580,1000
11/08/1988,KY,Boone,ignore,Dukakis,420,1000
11/08/1988,KY,Boone,ignore,Bush,580,1000
11/08/1988,MS,Lee,ignore,Dukakis,420,1000
11/08/1988,MS,Lee,ignore,Bush,580,1000
11/08/1988,IN,Wayne,ignore,Dukakis,420,1000
11/08/1988,IN,Wayne,ignore,Bush,580,1000
11/08/1988,IL,Lawrence,ignore,Dukakis,420,1000
11/08/1988,IL,Lawrence,ignore,Bush,580,1000
11/08/1988,LA,Vernon,ignore,Dukakis,420,1000
11/08/1988,LA,Vernon,ignore,Bush,580,1000
11/08/1988,NE,Lincoln,ignore,Dukakis,420,1000
11/08/1988,NE,Lincoln,ignore,Bush,580,1000
11/08/1988,MI,Charlevoix,ignore,Dukakis,420,1000
11/08/1988,MI,Charlevoix,ignore,Bush,580,1000
11/08/1988,WI,Lafayette,ignore,Dukakis,420,1000
11/08/1988,WI,Lafayette,ignore,Bush,580,1000
11/08/1988,NY,Kings,ignore,Dukakis,580,1000
11/08/1988,NY,Kings,ignore,Bush,420,1000
11/08/1988,VA,Scott,ignore,Dukakis,420,1000
11/08/1988,VA,Scott,ignore,Bush,580,1000
11/08/1988,OH,Henry,ignore,Dukakis,420,1000
11/08/1988,OH,Henry,ignore,Bush,580,1000
11/08/1988,KY,Boyd,ignore,Dukakis,420,1000
11/08/1988,KY,Boyd,ignore,Bush,580,1000
11/08/1988,OK,Garfield,ignore,Dukakis,420,1000
11/08/1988,OK,Garfield,ignore,Bush,580,1000
11/08/1988,OK,Kingfisher,ignore,Dukakis,420,1000
11/08/1988,OK,Kingfisher,ignore,Bush,580,1000
11/08/1988,OK,Noble,ignore,Dukakis,420,1000
11/08/1988,OK,Noble,ignore,Bush,580,1000
11/08/1988,KY,Breckinridge,ignore,Dukakis,420,1000
11/08/1988,KY,Breckinridge,ignore,Bush,580,1000
11/08/1988,OR,Morrow,ignore,Dukakis,420,1000
11/08/1988,OR,Morrow,ignore,Bush,580,1000
11/08/1988,PA,Blair,ignore,Dukakis,420,1000
11/08/1988,PA,Blair,ignore,Bush,580,1000
11/08/1988,WA,Asotin,ignore,Dukakis,420,1000
11/08/1988,WA,Asotin,ignore,Bush,580,1000
11/08/1988,OR,Washington,ignore,Dukakis,530,1000
11/08/1988,OR,Washington,ignore,Bush,470,1000
11/08/1988,WI,Waukesha,ignore,Dukakis,510,1000
11/08/1988,WI,Waukesha,ignore,Bush,490,1000
11/08/1988,SC,Williamsburg,ignore,Dukakis,580,1000
11/08/1988,SC,Williamsburg,ignore,Bush,420,1000
11/08/1988,MO,Butler,ignore,Dukakis,420,1000
11/08/1988,MO,Butler,ignore,Bush,580,1000
11/08/1988,ID,Bonner,ignore,Dukakis,420,1000
11/08/1988,ID,Bonner,ignore,Bush,580,1000
11/08/1988,IL,Alexander,ignore,Dukakis,530,1000
11/08/1988,IL,Alexander,ignore,Bush,470,1000
11/08/1988,IN,Gibson,ignore,Dukakis,420,1000
11/08/1988,IN,Gibson,ignore,Bush,580,1000
11/08/1988,OK,Texas,ignore,Dukakis,420,1000
11/08/1988,OK,Texas,ignore,Bush,580,1000
11/08/1988,MO,New_Madrid,ignore,Dukakis,490,1000
11/08/1988,MO,New_Madrid,ignore,Bush,510,1000
11/08/1988,NC,Buncombe,ignore,Dukakis,530,1000
11/08/1988,NC,Buncombe,ignore,Bush,470,1000
11/08/1988,TX,Fannin,ignore,Dukakis,420,1000
11/08/1988,TX,Fannin,ignore,Bush,580,1000
11/08/1988,SD,Lincoln,ignore,Dukakis,420,1000
11/08/1988,SD,Lincoln,ignore,Bush,580,1000
11/08/1988,TN,Obion,ignore,Dukakis,420,1000
11/08/1988,TN,Obion,ignore,Bush,580,1000
11/08/1988,KY,Ballard,ignore,Dukakis,420,1000
11/08/1988,KY,Ballard,ignore,Bush,580,1000
11/08/1988,TX,Burnet,ignore,Dukakis,420,1000
11/08/1988,TX,Burnet,ignore,Bush,580,1000
11/08/1988,OR,Lane,ignore,Dukakis,580,1000
11/08/1988,OR,Lane,ignore,Bush,420,1000
11/08/1988,MA,Hampden,ignore,Dukakis,580,1000
11/08/1988,MA,Hampden,ignore,Bush,420,1000
11/08/1988,MO,Carroll,ignore,Dukakis,420,1000
11/08/1988,MO,Carroll,ignore,Bush,580,1000
11/08/1988,VA,Mecklenburg,ignore,Dukakis,470,1000
11/08/1988,VA,Mecklenburg,ignore,Bush,530,1000
11/08/1988,WI,Kewaunee,ignore,Dukakis,420,1000
11/08/1988,WI,Kewaunee,ignore,Bush,580,1000
11/08/1988,TN,Coffee,ignore,Dukakis,420,1000
11/08/1988,TN,Coffee,ignore,Bush,580,1000
11/08/1988,IA,Jasper,ignore,Dukakis,420,1000
11/08/1988,IA,Jasper,ignore,Bush,580,1000
11/08/1988,ID,Camas,ignore,Dukakis,420,1000
11/08/1988,ID,Camas,ignore,Bush,580,1000
11/08/1988,WI,Winnebago,ignore,Dukakis,503,1000
11/08/1988,WI,Winnebago,ignore,Bush,497,1000
11/08/1988,IN,Warren,ignore,Dukakis,420,1000
11/08/1988,IN,Warren,ignore,Bush,580,1000
11/08/1988,LA,Beauregard,ignore,Dukakis,420,1000
11/08/1988,LA,Beauregard,ignore,Bush,580,1000
11/08/1988,MD,St_Mary_s,ignore,Dukakis,420,1000
11/08/1988,MD,St_Mary_s,ignore,Bush,580,1000
11/08/1988,MS,Prentiss,ignore,Dukakis,420,1000
11/08/1988,MS,Prentiss,ignore,Bush,580,1000
11/08/1988,MS,Tallahatchie,ignore,Dukakis,490,1000
11/08/1988,MS,Tallahatchie,ignore,Bush,510,1000
11/08/1988,NJ,Burlington,ignore,Dukakis,530,1000
11/08/1988,NJ,Burlington,ignore,Bush,470,1000
11/08/1988,MT,Phillips,ignore,Dukakis,420,1000
11/08/1988,MT,Phillips,ignore,Bush,580,1000
11/08/1988,VT,Addison,ignore,Dukakis,580,1000
11/08/1988,VT,Addison,ignore,Bush,420,1000
11/08/1988,VT,Bennington,ignore,Dukakis,580,1000
11/08/1988,VT,Bennington,ignore,Bush,420,1000
11/08/1988,VA,Norfolk,ignore,Dukakis,580,1000
11/08/1988,VA,Norfolk,ignore,Bush,420,1000
11/08/1988,NC,Northampton,ignore,Dukakis,580,1000
11/08/1988,NC,Northampton,ignore,Bush,420,1000
11/08/1988,OR,Tillamook,ignore,Dukakis,490,1000
11/08/1988,OR,Tillamook,ignore,Bush,510,1000
11/08/1988,MT,Custer,ignore,Dukakis,420,1000
11/08/1988,MT,Custer,ignore,Bush,580,1000
11/08/1988,MT,Silver_Bow,ignore,Dukakis,580,1000
11/08/1988,MT,Silver_Bow,ignore,Bush,420,1000
11/08/1988,IL,Cass,ignore,Dukakis,420,1000
11/08/1988,IL,Cass,ignore,Bush,580,1000
11/08/1988,IA,Calhoun,ignore,Dukakis,420,1000
11/08/1988,IA,Calhoun,ignore,Bush,580,1000
11/08/1988,KS,Barton,ignore,Dukakis,420,1000
11/08/1988,KS,Barton,ignore,Bush,580,1000
11/08/1988,KS,Wabaunsee,ignore,Dukakis,420,1000
11/08/1988,KS,Wabaunsee,ignore,Bush,580,1000
11/08/1988,LA,Acadia,ignore,Dukakis,420,1000
11/08/1988,LA,Acadia,ignore,Bush,580,1000
11/08/1988,MI,Ingham,ignore,Dukakis,580,1000
11/08/1988,MI,Ingham,ignore,Bush,420,1000
11/08/1988,GA,Monroe,ignore,Dukakis,420,1000
11/08/1988,GA,Monroe,ignore,Bush,580,1000
11/08/1988,NY,Orleans,ignore,Dukakis,420,1000
11/08/1988,NY,Orleans,ignore,Bush,580,1000
11/08/1988,NC,Stanly,ignore,Dukakis,420,1000
11/08/1988,NC,Stanly,ignore,Bush,580,1000
11/08/1988,NY,Allegany,ignore,Dukakis,420,1000
11/08/1988,NY,Allegany,ignore,Bush,580,1000
11/08/1988,IL,Vermilion,ignore,Dukakis,420,1000
11/08/1988,IL,Vermilion,ignore,Bush,580,1000
11/08/1988,IL,Jackson,ignore,Dukakis,510,1000
11/08/1988,IL,Jackson,ignore,Bush,490,1000
11/08/1988,KY,Meade,ignore,Dukakis,420,1000
11/08/1988,KY,Meade,ignore,Bush,580,1000
11/08/1988,KY,Oldham,ignore,Dukakis,420,1000
11/08/1988,KY,Oldham,ignore,Bush,580,1000
11/08/1988,WA,Pacific,ignore,Dukakis,530,1000
11/08/1988,WA,Pacific,ignore,Bush,470,1000
11/08/1988,WI,Grant,ignore,Dukakis,420,1000
11/08/1988,WI,Grant,ignore,Bush,580,1000
11/08/1988,AR,Conway,ignore,Dukakis,420,1000
11/08/1988,AR,Conway,ignore,Bush,580,1000
11/08/1988,IL,Jersey,ignore,Dukakis,420,1000
11/08/1988,IL,Jersey,ignore,Bush,580,1000
11/08/1988,UT,Kane,ignore,Dukakis,420,1000
11/08/1988,UT,Kane,ignore,Bush,580,1000
11/08/1988,VA,Wise,ignore,Dukakis,420,1000
11/08/1988,VA,Wise,ignore,Bush,580,1000
11/08/1988,NM,Colfax,ignore,Dukakis,420,1000
11/08/1988,NM,Colfax,ignore,Bush,580,1000
11/08/1988,NC,Catawba,ignore,Dukakis,420,1000
11/08/1988,NC,Catawba,ignore,Bush,580,1000
11/08/1988,OH,Clark,ignore,Dukakis,420,1000
11/08/1988,OH,Clark,ignore,Bush,580,1000
11/08/1988,NE,Custer,ignore,Dukakis,420,1000
11/08/1988,NE,Custer,ignore,Bush,580,1000
11/08/1988,PA,Luzerne,ignore,Dukakis,420,1000
11/08/1988,PA,Luzerne,ignore,Bush,580,1000
11/08/1988,PA,Juniata,ignore,Dukakis,420,1000
11/08/1988,PA,Juniata,ignore,Bush,580,1000
11/08/1988,PA,Schuylkill,ignore,Dukakis,420,1000
11/08/1988,PA,Schuylkill,ignore,Bush,580,1000
11/08/1988,TN,Roane,ignore,Dukakis,420,1000
11/08/1988,TN,Roane,ignore,Bush,580,1000
11/08/1988,KY,Rockcastle,ignore,Dukakis,420,1000
11/08/1988,KY,Rockcastle,ignore,Bush,580,1000
11/08/1988,MD,Calvert,ignore,Dukakis,420,1000
11/08/1988,MD,Calvert,ignore,Bush,580,1000
11/08/1988,MD,Carroll,ignore,Dukakis,420,1000
11/08/1988,MD,Carroll,ignore,Bush,580,1000
11/08/1988,MA,Worcester,ignore,Dukakis,490,1000
11/08/1988,MA,Worcester,ignore,Bush,510,1000
11/08/1988,KY,Pike,ignore,Dukakis,420,1000
11/08/1988,KY,Pike,ignore,Bush,580,1000
11/08/1988,LA,De_Soto,ignore,Dukakis,420,1000
11/08/1988,LA,De_Soto,ignore,Bush,580,1000
11/08/1988,MD,Worcester,ignore,Dukakis,420,1000
11/08/1988,MD,Worcester,ignore,Bush,580,1000
11/08/1988,MI,Antrim,ignore,Dukakis,420,1000
11/08/1988,MI,Antrim,ignore,Bush,580,1000
11/08/1988,WV,Berkeley,ignore,Dukakis,420,1000
11/08/1988,WV,Berkeley,ignore,Bush,580,1000
11/08/1988,AR,Hot_Spring,ignore,Dukakis,420,1000
11/08/1988,AR,Hot_Spring,ignore,Bush,580,1000
11/08/1988,GA,Paulding,ignore,Dukakis,420,1000
11/08/1988,GA,Paulding,ignore,Bush,580,1000
11/08/1988,IL,Champaign,ignore,Dukakis,530,1000
11/08/1988,IL,Champaign,ignore,Bush,470,1000
11/08/1988,IL,Woodford,ignore,Dukakis,420,1000
11/08/1988,IL,Woodford,ignore,Bush,580,1000
11/08/1988,IL,Macoupin,ignore,Dukakis,420,1000
11/08/1988,IL,Macoupin,ignore,Bush,580,1000
11/08/1988,IL,Perry,ignore,Dukakis,420,1000
11/08/1988,IL,Perry,ignore,Bush,580,1000
11/08/1988,IA,Hancock,ignore,Dukakis,420,1000
11/08/1988,IA,Hancock,ignore,Bush,580,1000
11/08/1988,TN,Sequatchie,ignore,Dukakis,420,1000
11/08/1988,TN,Sequatchie,ignore,Bush,580,1000
11/08/1988,TX,Liberty,ignore,Dukakis,420,1000
11/08/1988,TX,Liberty,ignore,Bush,580,1000
11/08/1988,TX,Duval,ignore,Dukakis,420,1000
11/08/1988,TX,Duval,ignore,Bush,580,1000
11/08/1988,TX,Garza,ignore,Dukakis,420,1000
11/08/1988,TX,Garza,ignore,Bush,580,1000
11/08/1988,TX,Bee,ignore,Dukakis,420,1000
11/08/1988,TX,Bee,ignore,Bush,580,1000
11/08/1988,UT,Weber,ignore,Dukakis,420,1000
11/08/1988,UT,Weber,ignore,Bush,580,1000
11/08/1988,VA,Prince_Edward,ignore,Dukakis,530,1000
11/08/1988,VA,Prince_Edward,ignore,Bush,470,1000
11/08/1988,WI,Outagamie,ignore,Dukakis,470,1000
11/08/1988,WI,Outagamie,ignore,Bush,530,1000
11/08/1988,WI,Portage,ignore,Dukakis,503,1000
11/08/1988,WI,Portage,ignore,Bush,497,1000
11/08/1988,MN,Wilkin,ignore,Dukakis,420,1000
11/08/1988,MN,Wilkin,ignore,Bush,580,1000
11/08/1988,MS,Simpson,ignore,Dukakis,420,1000
11/08/1988,MS,Simpson,ignore,Bush,580,1000
11/08/1988,MS,Attala,ignore,Dukakis,420,1000
11/08/1988,MS,Attala,ignore,Bush,580,1000
11/08/1988,MS,Leake,ignore,Dukakis,420,1000
11/08/1988,MS,Leake,ignore,Bush,580,1000
11/08/1988,MS,Monroe,ignore,Dukakis,420,1000
11/08/1988,MS,Monroe,ignore,Bush,580,1000
11/08/1988,MS,Copiah,ignore,Dukakis,420,1000
11/08/1988,MS,Copiah,ignore,Bush,580,1000
11/08/1988,MN,Cass,ignore,Dukakis,420,1000
11/08/1988,MN,Cass,ignore,Bush,580,1000
11/08/1988,NE,Cass,ignore,Dukakis,420,1000
11/08/1988,NE,Cass,ignore,Bush,580,1000
11/08/1988,MN,Carver,ignore,Dukakis,470,1000
11/08/1988,MN,Carver,ignore,Bush,530,1000
11/08/1988,NC,Union,ignore,Dukakis,420,1000
11/08/1988,NC,Union,ignore,Bush,580,1000
11/08/1988,KY,Grayson,ignore,Dukakis,420,1000
11/08/1988,KY,Grayson,ignore,Bush,580,1000
11/08/1988,KY,Fayette,ignore,Dukakis,530,1000
11/08/1988,KY,Fayette,ignore,Bush,470,1000
11/08/1988,MI,Lapeer,ignore,Dukakis,420,1000
11/08/1988,MI,Lapeer,ignore,Bush,580,1000
11/08/1988,MO,Audrain,ignore,Dukakis,420,1000
11/08/1988,MO,Audrain,ignore,Bush,580,1000
11/08/1988,GA,Greene,ignore,Dukakis,420,1000
11/08/1988,GA,Greene,ignore,Bush,580,1000
11/08/1988,NY,Seneca,ignore,Dukakis,470,1000
11/08/1988,NY,Seneca,ignore,Bush,530,1000
11/08/1988,NC,Wake,ignore,Dukakis,530,1000
11/08/1988,NC,Wake,ignore,Bush,470,1000
11/08/1988,OH,Coshocton,ignore,Dukakis,420,1000
11/08/1988,OH,Coshocton,ignore,Bush,580,1000
11/08/1988,CA,San_Benito,ignore,Dukakis,530,1000
11/08/1988,CA,San_Benito,ignore,Bush,470,1000
11/08/1988,FL,Marion,ignore,Dukakis,420,1000
11/08/1988,FL,Marion,ignore,Bush,580,1000
11/08/1988,GA,Gilmer,ignore,Dukakis,420,1000
11/08/1988,GA,Gilmer,ignore,Bush,580,1000
11/08/1988,ID,Lewis,ignore,Dukakis,420,1000
11/08/1988,ID,Lewis,ignore,Bush,580,1000
11/08/1988,IL,Lee,ignore,Dukakis,420,1000
11/08/1988,IL,Lee,ignore,Bush,580,1000
11/08/1988,IL,Clark,ignore,Dukakis,420,1000
11/08/1988,IL,Clark,ignore,Bush,580,1000
11/08/1988,NJ,Camden,ignore,Dukakis,580,1000
11/08/1988,NJ,Camden,ignore,Bush,420,1000
11/08/1988,NC,Haywood,ignore,Dukakis,420,1000
11/08/1988,NC,Haywood,ignore,Bush,580,1000
11/08/1988,PA,Philadelphia,ignore,Dukakis,580,1000
11/08/1988,PA,Philadelphia,ignore,Bush,420,1000
11/08/1988,NV,Lander,ignore,Dukakis,420,1000
11/08/1988,NV,Lander,ignore,Bush,580,1000
11/08/1988,OK,Choctaw,ignore,Dukakis,420,1000
11/08/1988,OK,Choctaw,ignore,Bush,580,1000
11/08/1988,PA,Tioga,ignore,Dukakis,420,1000
11/08/1988,PA,Tioga,ignore,Bush,580,1000
11/08/1988,NM,Cibola,ignore,Dukakis,490,1000
11/08/1988,NM,Cibola,ignore,Bush,510,1000
11/08/1988,VA,Poquoson,ignore,Dukakis,470,1000
11/08/1988,VA,Poquoson,ignore,Bush,530,1000
11/08/1988,OK,Payne,ignore,Dukakis,420,1000
11/08/1988,OK,Payne,ignore,Bush,580,1000
11/08/1988,PA,Cumberland,ignore,Dukakis,470,1000
11/08/1988,PA,Cumberland,ignore,Bush,530,1000
11/08/1988,PA,Cambria,ignore,Dukakis,420,1000
11/08/1988,PA,Cambria,ignore,Bush,580,1000
11/08/1988,TN,Carroll,ignore,Dukakis,420,1000
11/08/1988,TN,Carroll,ignore,Bush,580,1000
11/08/1988,TX,Bastrop,ignore,Dukakis,420,1000
11/08/1988,TX,Bastrop,ignore,Bush,580,1000
11/08/1988,TX,Mitchell,ignore,Dukakis,420,1000
11/08/1988,TX,Mitchell,ignore,Bush,580,1000
11/08/1988,TX,Anderson,ignore,Dukakis,420,1000
11/08/1988,TX,Anderson,ignore,Bush,580,1000
11/08/1988,VA,Manassas,ignore,Dukakis,580,1000
11/08/1988,VA,Manassas,ignore,Bush,420,1000
11/08/1988,IN,Pike,ignore,Dukakis,420,1000
11/08/1988,IN,Pike,ignore,Bush,580,1000
11/08/1988,CO,Gilpin,ignore,Dukakis,490,1000
11/08/1988,CO,Gilpin,ignore,Bush,510,1000
11/08/1988,KY,Taylor,ignore,Dukakis,420,1000
11/08/1988,KY,Taylor,ignore,Bush,580,1000
11/08/1988,KY,Hart,ignore,Dukakis,420,1000
11/08/1988,KY,Hart,ignore,Bush,580,1000
11/08/1988,LA,Evangeline,ignore,Dukakis,420,1000
11/08/1988,LA,Evangeline,ignore,Bush,580,1000
11/08/1988,LA,Jefferson_Davis,ignore,Dukakis,420,1000
11/08/1988,LA,Jefferson_Davis,ignore,Bush,580,1000
11/08/1988,GA,Putnam,ignore,Dukakis,420,1000
11/08/1988,GA,Putnam,ignore,Bush,580,1000
11/08/1988,GA,Banks,ignore,Dukakis,420,1000
11/08/1988,GA,Banks,ignore,Bush,580,1000
11/08/1988,MT,Yellowstone,ignore,Dukakis,420,1000
11/08/1988,MT,Yellowstone,ignore,Bush,580,1000
11/08/1988,MO,Dunklin,ignore,Dukakis,420,1000
11/08/1988,MO,Dunklin,ignore,Bush,580,1000
11/08/1988,TX,Bowie,ignore,Dukakis,420,1000
11/08/1988,TX,Bowie,ignore,Bush,580,1000
11/08/1988,VA,Bristol,ignore,Dukakis,420,1000
11/08/1988,VA,Bristol,ignore,Bush,580,1000
11/08/1988,WV,Brooke,ignore,Dukakis,420,1000
11/08/1988,WV,Brooke,ignore,Bush,580,1000
11/08/1988,CA,Kern,ignore,Dukakis,420,1000
11/08/1988,CA,Kern,ignore,Bush,580,1000
11/08/1988,CO,Clear_Creek,ignore,Dukakis,490,1000
11/08/1988,CO,Clear_Creek,ignore,Bush,510,1000
11/08/1988,GA,Jackson,ignore,Dukakis,420,1000
11/08/1988,GA,Jackson,ignore,Bush,580,1000
11/08/1988,GA,Gordon,ignore,Dukakis,420,1000
11/08/1988,GA,Gordon,ignore,Bush,580,1000
11/08/1988,IL,Logan,ignore,Dukakis,420,1000
11/08/1988,IL,Logan,ignore,Bush,580,1000
11/08/1988,IN,Jennings,ignore,Dukakis,420,1000
11/08/1988,IN,Jennings,ignore,Bush,580,1000
11/08/1988,VA,Shenandoah,ignore,Dukakis,420,1000
11/08/1988,VA,Shenandoah,ignore,Bush,580,1000
11/08/1988,WI,Fond_du_Lac,ignore,Dukakis,420,1000
11/08/1988,WI,Fond_du_Lac,ignore,Bush,580,1000
11/08/1988,GA,Treutlen,ignore,Dukakis,420,1000
11/08/1988,GA,Treutlen,ignore,Bush,580,1000
11/08/1988,NC,Wilson,ignore,Dukakis,490,1000
11/08/1988,NC,Wilson,ignore,Bush,510,1000
11/08/1988,OH,Butler,ignore,Dukakis,420,1000
11/08/1988,OH,Butler,ignore,Bush,580,1000
11/08/1988,OH,Marion,ignore,Dukakis,420,1000
11/08/1988,OH,Marion,ignore,Bush,580,1000
11/08/1988,NE,Nance,ignore,Dukakis,420,1000
11/08/1988,NE,Nance,ignore,Bush,580,1000
11/08/1988,PA,Westmoreland,ignore,Dukakis,420,1000
11/08/1988,PA,Westmoreland,ignore,Bush,580,1000
11/08/1988,AL,Etowah,ignore,Dukakis,420,1000
11/08/1988,AL,Etowah,ignore,Bush,580,1000
11/08/1988,WY,Laramie,ignore,Dukakis,420,1000
11/08/1988,WY,Laramie,ignore,Bush,580,1000
11/08/1988,AL,Blount,ignore,Dukakis,420,1000
11/08/1988,AL,Blount,ignore,Bush,580,1000
11/08/1988,AR,Montgomery,ignore,Dukakis,420,1000
11/08/1988,AR,Montgomery,ignore,Bush,580,1000
11/08/1988,CO,Lake,ignore,Dukakis,420,1000
11/08/1988,CO,Lake,ignore,Bush,580,1000
11/08/1988,IL,Mercer,ignore,Dukakis,420,1000
11/08/1988,IL,Mercer,ignore,Bush,580,1000
11/08/1988,IA,Palo_Alto,ignore,Dukakis,420,1000
11/08/1988,IA,Palo_Alto,ignore,Bush,580,1000
11/08/1988,IA,Fayette,ignore,Dukakis,470,1000
11/08/1988,IA,Fayette,ignore,Bush,530,1000
11/08/1988,IN,Johnson,ignore,Dukakis,420,1000
11/08/1988,IN,Johnson,ignore,Bush,580,1000
11/08/1988,KY,Carter,ignore,Dukakis,420,1000
11/08/1988,KY,Carter,ignore,Bush,580,1000
11/08/1988,KY,Casey,ignore,Dukakis,420,1000
11/08/1988,KY,Casey,ignore,Bush,580,1000
11/08/1988,LA,East_Baton_Rouge,ignore,Dukakis,490,1000
11/08/1988,LA,East_Baton_Rouge,ignore,Bush,510,1000
11/08/1988,MO,Madison,ignore,Dukakis,420,1000
11/08/1988,MO,Madison,ignore,Bush,580,1000
11/08/1988,GA,Dooly,ignore,Dukakis,490,1000
11/08/1988,GA,Dooly,ignore,Bush,510,1000
11/08/1988,MO,Gasconade,ignore,Dukakis,420,1000
11/08/1988,MO,Gasconade,ignore,Bush,580,1000
11/08/1988,MO,Wayne,ignore,Dukakis,420,1000
11/08/1988,MO,Wayne,ignore,Bush,580,1000
11/08/1988,SD,Jones,ignore,Dukakis,420,1000
11/08/1988,SD,Jones,ignore,Bush,580,1000
11/08/1988,TX,Hudspeth,ignore,Dukakis,420,1000
11/08/1988,TX,Hudspeth,ignore,Bush,580,1000
11/08/1988,TX,Edwards,ignore,Dukakis,420,1000
11/08/1988,TX,Edwards,ignore,Bush,580,1000
11/08/1988,TX,Floyd,ignore,Dukakis,420,1000
11/08/1988,TX,Floyd,ignore,Bush,580,1000
11/08/1988,TN,Maury,ignore,Dukakis,420,1000
11/08/1988,TN,Maury,ignore,Bush,580,1000
11/08/1988,TN,Houston,ignore,Dukakis,420,1000
11/08/1988,TN,Houston,ignore,Bush,580,1000
11/08/1988,TX,Parker,ignore,Dukakis,420,1000
11/08/1988,TX,Parker,ignore,Bush,580,1000
11/08/1988,KY,Menifee,ignore,Dukakis,420,1000
11/08/1988,KY,Menifee,ignore,Bush,580,1000
11/08/1988,TX,Jones,ignore,Dukakis,420,1000
11/08/1988,TX,Jones,ignore,Bush,580,1000
11/08/1988,UT,Wayne,ignore,Dukakis,420,1000
11/08/1988,UT,Wayne,ignore,Bush,580,1000
11/08/1988,IA,Keokuk,ignore,Dukakis,420,1000
11/08/1988,IA,Keokuk,ignore,Bush,580,1000
11/08/1988,KY,Harrison,ignore,Dukakis,420,1000
11/08/1988,KY,Harrison,ignore,Bush,580,1000
11/08/1988,KY,Woodford,ignore,Dukakis,420,1000
11/08/1988,KY,Woodford,ignore,Bush,580,1000
11/08/1988,KY,Mercer,ignore,Dukakis,420,1000
11/08/1988,KY,Mercer,ignore,Bush,580,1000
11/08/1988,MN,Rice,ignore,Dukakis,420,1000
11/08/1988,MN,Rice,ignore,Bush,580,1000
11/08/1988,NM,Quay,ignore,Dukakis,420,1000
11/08/1988,NM,Quay,ignore,Bush,580,1000
11/08/1988,NM,Hidalgo,ignore,Dukakis,470,1000
11/08/1988,NM,Hidalgo,ignore,Bush,530,1000
11/08/1988,NY,Montgomery,ignore,Dukakis,420,1000
11/08/1988,NY,Montgomery,ignore,Bush,580,1000
11/08/1988,NY,Genesee,ignore,Dukakis,420,1000
11/08/1988,NY,Genesee,ignore,Bush,580,1000
11/08/1988,ID,Power,ignore,Dukakis,420,1000
11/08/1988,ID,Power,ignore,Bush,580,1000
11/08/1988,OH,Licking,ignore,Dukakis,420,1000
11/08/1988,OH,Licking,ignore,Bush,580,1000
11/08/1988,OK,Woods,ignore,Dukakis,420,1000
11/08/1988,OK,Woods,ignore,Bush,580,1000
11/08/1988,OK,Pontotoc,ignore,Dukakis,420,1000
11/08/1988,OK,Pontotoc,ignore,Bush,580,1000
11/08/1988,PA,Union,ignore,Dukakis,420,1000
11/08/1988,PA,Union,ignore,Bush,580,1000
11/08/1988,SC,Lexington,ignore,Dukakis,420,1000
11/08/1988,SC,Lexington,ignore,Bush,580,1000
11/08/1988,TN,Warren,ignore,Dukakis,420,1000
11/08/1988,TN,Warren,ignore,Bush,580,1000
11/08/1988,VA,Rappahannock,ignore,Dukakis,420,1000
11/08/1988,VA,Rappahannock,ignore,Bush,580,1000
11/08/1988,NE,Thomas,ignore,Dukakis,420,1000
11/08/1988,NE,Thomas,ignore,Bush,580,1000
11/08/1988,TX,Sterling,ignore,Dukakis,420,1000
11/08/1988,TX,Sterling,ignore,Bush,580,1000
11/08/1988,AL,Cherokee,ignore,Dukakis,420,1000
11/08/1988,AL,Cherokee,ignore,Bush,580,1000
11/08/1988,AL,Washington,ignore,Dukakis,420,1000
11/08/1988,AL,Washington,ignore,Bush,580,1000
11/08/1988,CA,Sonoma,ignore,Dukakis,580,1000
11/08/1988,CA,Sonoma,ignore,Bush,420,1000
11/08/1988,WV,Greenbrier,ignore,Dukakis,420,1000
11/08/1988,WV,Greenbrier,ignore,Bush,580,1000
11/08/1988,OK,Kiowa,ignore,Dukakis,420,1000
11/08/1988,OK,Kiowa,ignore,Bush,580,1000
11/08/1988,TN,Van_Buren,ignore,Dukakis,420,1000
11/08/1988,TN,Van_Buren,ignore,Bush,580,1000
11/08/1988,NC,Madison,ignore,Dukakis,420,1000
11/08/1988,NC,Madison,ignore,Bush,580,1000
11/08/1988,OH,Logan,ignore,Dukakis,420,1000
11/08/1988,OH,Logan,ignore,Bush,580,1000
11/08/1988,OH,Richland,ignore,Dukakis,420,1000
11/08/1988,OH,Richland,ignore,Bush,580,1000
11/08/1988,OK,Canadian,ignore,Dukakis,420,1000
11/08/1988,OK,Canadian,ignore,Bush,580,1000
11/08/1988,TN,Jefferson,ignore,Dukakis,420,1000
11/08/1988,TN,Jefferson,ignore,Bush,580,1000
11/08/1988,TN,White,ignore,Dukakis,420,1000
11/08/1988,TN,White,ignore,Bush,580,1000
11/08/1988,TN,Marshall,ignore,Dukakis,420,1000
11/08/1988,TN,Marshall,ignore,Bush,580,1000
11/08/1988,TX,Kaufman,ignore,Dukakis,420,1000
11/08/1988,TX,Kaufman,ignore,Bush,580,1000
11/08/1988,WV,Lincoln,ignore,Dukakis,420,1000
11/08/1988,WV,Lincoln,ignore,Bush,580,1000
11/08/1988,WI,Vernon,ignore,Dukakis,470,1000
11/08/1988,WI,Vernon,ignore,Bush,530,1000
11/08/1988,CA,Monterey,ignore,Dukakis,580,1000
11/08/1988,CA,Monterey,ignore,Bush,420,1000
11/08/1988,FL,Duval,ignore,Dukakis,470,1000
11/08/1988,FL,Duval,ignore,Bush,530,1000
11/08/1988,VA,Highland,ignore,Dukakis,420,1000
11/08/1988,VA,Highland,ignore,Bush,580,1000
11/08/1988,NE,Keya_Paha,ignore,Dukakis,420,1000
11/08/1988,NE,Keya_Paha,ignore,Bush,580,1000
11/08/1988,AL,DeKalb,ignore,Dukakis,420,1000
11/08/1988,AL,DeKalb,ignore,Bush,580,1000
11/08/1988,AL,Jackson,ignore,Dukakis,420,1000
11/08/1988,AL,Jackson,ignore,Bush,580,1000
11/08/1988,AZ,Navajo,ignore,Dukakis,420,1000
11/08/1988,AZ,Navajo,ignore,Bush,580,1000
11/08/1988,OR,Josephine,ignore,Dukakis,420,1000
11/08/1988,OR,Josephine,ignore,Bush,580,1000
11/08/1988,SC,Marion,ignore,Dukakis,580,1000
11/08/1988,SC,Marion,ignore,Bush,420,1000
11/08/1988,TN,Stewart,ignore,Dukakis,420,1000
11/08/1988,TN,Stewart,ignore,Bush,580,1000
11/08/1988,TX,Wood,ignore,Dukakis,420,1000
11/08/1988,TX,Wood,ignore,Bush,580,1000
11/08/1988,TX,Willacy,ignore,Dukakis,420,1000
11/08/1988,TX,Willacy,ignore,Bush,580,1000
11/08/1988,SD,Roberts,ignore,Dukakis,470,1000
11/08/1988,SD,Roberts,ignore,Bush,530,1000
11/08/1988,TN,Clay,ignore,Dukakis,420,1000
11/08/1988,TN,Clay,ignore,Bush,580,1000
11/08/1988,TX,Sabine,ignore,Dukakis,420,1000
11/08/1988,TX,Sabine,ignore,Bush,580,1000
11/08/1988,VA,Halifax,ignore,Dukakis,420,1000
11/08/1988,VA,Halifax,ignore,Bush,580,1000
11/08/1988,GA,McIntosh,ignore,Dukakis,420,1000
11/08/1988,GA,McIntosh,ignore,Bush,580,1000
11/08/1988,ID,Bear_Lake,ignore,Dukakis,420,1000
11/08/1988,ID,Bear_Lake,ignore,Bush,580,1000
11/08/1988,IA,Clinton,ignore,Dukakis,530,1000
11/08/1988,IA,Clinton,ignore,Bush,470,1000
11/08/1988,IA,Page,ignore,Dukakis,420,1000
11/08/1988,IA,Page,ignore,Bush,580,1000
11/08/1988,KS,Linn,ignore,Dukakis,420,1000
11/08/1988,KS,Linn,ignore,Bush,580,1000
11/08/1988,KY,Crittenden,ignore,Dukakis,420,1000
11/08/1988,KY,Crittenden,ignore,Bush,580,1000
11/08/1988,FL,Jefferson,ignore,Dukakis,420,1000
11/08/1988,FL,Jefferson,ignore,Bush,580,1000
11/08/1988,GA,Brooks,ignore,Dukakis,420,1000
11/08/1988,GA,Brooks,ignore,Bush,580,1000
11/08/1988,GA,Gwinnett,ignore,Dukakis,510,1000
11/08/1988,GA,Gwinnett,ignore,Bush,490,1000
11/08/1988,TX,Wharton,ignore,Dukakis,420,1000
11/08/1988,TX,Wharton,ignore,Bush,580,1000
11/08/1988,VA,Brunswick,ignore,Dukakis,580,1000
11/08/1988,VA,Brunswick,ignore,Bush,420,1000
11/08/1988,WV,Logan,ignore,Dukakis,420,1000
11/08/1988,WV,Logan,ignore,Bush,580,1000
11/08/1988,WI,Trempealeau,ignore,Dukakis,420,1000
11/08/1988,WI,Trempealeau,ignore,Bush,580,1000
11/08/1988,ND,Adams,ignore,Dukakis,420,1000
11/08/1988,ND,Adams,ignore,Bush,580,1000
11/08/1988,TN,Henderson,ignore,Dukakis,420,1000
11/08/1988,TN,Henderson,ignore,Bush,580,1000
11/08/1988,VA,New_Kent,ignore,Dukakis,420,1000
11/08/1988,VA,New_Kent,ignore,Bush,580,1000
11/08/1988,NE,Deuel,ignore,Dukakis,420,1000
11/08/1988,NE,Deuel,ignore,Bush,580,1000
11/08/1988,AL,Choctaw,ignore,Dukakis,420,1000
11/08/1988,AL,Choctaw,ignore,Bush,580,1000
11/08/1988,AR,Boone,ignore,Dukakis,420,1000
11/08/1988,AR,Boone,ignore,Bush,580,1000
11/08/1988,CA,Contra_Costa,ignore,Dukakis,580,1000
11/08/1988,CA,Contra_Costa,ignore,Bush,420,1000
11/08/1988,LA,Morehouse,ignore,Dukakis,420,1000
11/08/1988,LA,Morehouse,ignore,Bush,580,1000
11/08/1988,ME,Waldo,ignore,Dukakis,530,1000
11/08/1988,ME,Waldo,ignore,Bush,470,1000
11/08/1988,MI,Macomb,ignore,Dukakis,510,1000
11/08/1988,MI,Macomb,ignore,Bush,490,1000
11/08/1988,MT,Mineral,ignore,Dukakis,420,1000
11/08/1988,MT,Mineral,ignore,Bush,580,1000
11/08/1988,OK,Creek,ignore,Dukakis,420,1000
11/08/1988,OK,Creek,ignore,Bush,580,1000
11/08/1988,OK,Custer,ignore,Dukakis,420,1000
11/08/1988,OK,Custer,ignore,Bush,580,1000
11/08/1988,KS,Pratt,ignore,Dukakis,420,1000
11/08/1988,KS,Pratt,ignore,Bush,580,1000
11/08/1988,SC,Laurens,ignore,Dukakis,420,1000
11/08/1988,SC,Laurens,ignore,Bush,580,1000
11/08/1988,TN,Cheatham,ignore,Dukakis,420,1000
11/08/1988,TN,Cheatham,ignore,Bush,580,1000
11/08/1988,TX,Clay,ignore,Dukakis,420,1000
11/08/1988,TX,Clay,ignore,Bush,580,1000
11/08/1988,VA,King_and_Queen,ignore,Dukakis,470,1000
11/08/1988,VA,King_and_Queen,ignore,Bush,530,1000
11/08/1988,NE,Harlan,ignore,Dukakis,420,1000
11/08/1988,NE,Harlan,ignore,Bush,580,1000
11/08/1988,NE,Blaine,ignore,Dukakis,420,1000
11/08/1988,NE,Blaine,ignore,Bush,580,1000
11/08/1988,AZ,Greenlee,ignore,Dukakis,420,1000
11/08/1988,AZ,Greenlee,ignore,Bush,580,1000
11/08/1988,CA,Imperial,ignore,Dukakis,530,1000
11/08/1988,CA,Imperial,ignore,Bush,470,1000
11/08/1988,FL,St_Johns,ignore,Dukakis,420,1000
11/08/1988,FL,St_Johns,ignore,Bush,580,1000
11/08/1988,GA,Carroll,ignore,Dukakis,420,1000
11/08/1988,GA,Carroll,ignore,Bush,580,1000
11/08/1988,MS,Adams,ignore,Dukakis,470,1000
11/08/1988,MS,Adams,ignore,Bush,530,1000
11/08/1988,MN,Scott,ignore,Dukakis,470,1000
11/08/1988,MN,Scott,ignore,Bush,530,1000
11/08/1988,NE,Douglas,ignore,Dukakis,530,1000
11/08/1988,NE,Douglas,ignore,Bush,470,1000
11/08/1988,TX,Milam,ignore,Dukakis,420,1000
11/08/1988,TX,Milam,ignore,Bush,580,1000
11/08/1988,LA,LaSalle,ignore,Dukakis,420,1000
11/08/1988,LA,LaSalle,ignore,Bush,580,1000
11/08/1988,TX,Young,ignore,Dukakis,420,1000
11/08/1988,TX,Young,ignore,Bush,580,1000
11/08/1988,VA,Bedford,ignore,Dukakis,420,1000
11/08/1988,VA,Bedford,ignore,Bush,580,1000
11/08/1988,WV,Harrison,ignore,Dukakis,420,1000
11/08/1988,WV,Harrison,ignore,Bush,580,1000
11/08/1988,WI,Walworth,ignore,Dukakis,420,1000
11/08/1988,WI,Walworth,ignore,Bush,580,1000
11/08/1988,WY,Washakie,ignore,Dukakis,420,1000
11/08/1988,WY,Washakie,ignore,Bush,580,1000
11/08/1988,AR,Mississippi,ignore,Dukakis,490,1000
11/08/1988,AR,Mississippi,ignore,Bush,510,1000
11/08/1988,AR,Clay,ignore,Dukakis,420,1000
11/08/1988,AR,Clay,ignore,Bush,580,1000
11/08/1988,CA,Orange,ignore,Dukakis,490,1000
11/08/1988,CA,Orange,ignore,Bush,510,1000
11/08/1988,IN,Posey,ignore,Dukakis,420,1000
11/08/1988,IN,Posey,ignore,Bush,580,1000
11/08/1988,IN,Jay,ignore,Dukakis,420,1000
11/08/1988,IN,Jay,ignore,Bush,580,1000
11/08/1988,IA,Mitchell,ignore,Dukakis,470,1000
11/08/1988,IA,Mitchell,ignore,Bush,530,1000
11/08/1988,KS,Smith,ignore,Dukakis,420,1000
11/08/1988,KS,Smith,ignore,Bush,580,1000
11/08/1988,NH,Cheshire,ignore,Dukakis,530,1000
11/08/1988,NH,Cheshire,ignore,Bush,470,1000
11/08/1988,OH,Erie,ignore,Dukakis,470,1000
11/08/1988,OH,Erie,ignore,Bush,530,1000
11/08/1988,OR,Columbia,ignore,Dukakis,510,1000
11/08/1988,OR,Columbia,ignore,Bush,490,1000
11/08/1988,PA,Washington,ignore,Dukakis,420,1000
11/08/1988,PA,Washington,ignore,Bush,580,1000
11/08/1988,NY,Chenango,ignore,Dukakis,420,1000
11/08/1988,NY,Chenango,ignore,Bush,580,1000
11/08/1988,PA,Perry,ignore,Dukakis,420,1000
11/08/1988,PA,Perry,ignore,Bush,580,1000
11/08/1988,SD,Tripp,ignore,Dukakis,420,1000
11/08/1988,SD,Tripp,ignore,Bush,580,1000
11/08/1988,VA,Charlotte,ignore,Dukakis,420,1000
11/08/1988,VA,Charlotte,ignore,Bush,580,1000
11/08/1988,NE,Gosper,ignore,Dukakis,420,1000
11/08/1988,NE,Gosper,ignore,Bush,580,1000
11/08/1988,FL,Miami-Dade,ignore,Dukakis,580,1000
11/08/1988,FL,Miami-Dade,ignore,Bush,420,1000
11/08/1988,FL,Gulf,ignore,Dukakis,420,1000
11/08/1988,FL,Gulf,ignore,Bush,580,1000
11/08/1988,FL,Dixie,ignore,Dukakis,420,1000
11/08/1988,FL,Dixie,ignore,Bush,580,1000
11/08/1988,MA,Essex,ignore,Dukakis,580,1000
11/08/1988,MA,Essex,ignore,Bush,420,1000
11/08/1988,MI,Alger,ignore,Dukakis,470,1000
11/08/1988,MI,Alger,ignore,Bush,530,1000
11/08/1988,PA,Bedford,ignore,Dukakis,420,1000
11/08/1988,PA,Bedford,ignore,Bush,580,1000
11/08/1988,SD,Clay,ignore,Dukakis,530,1000
11/08/1988,SD,Clay,ignore,Bush,470,1000
11/08/1988,TX,El_Paso,ignore,Dukakis,580,1000
11/08/1988,TX,El_Paso,ignore,Bush,420,1000
11/08/1988,VA,Hampton,ignore,Dukakis,580,1000
11/08/1988,VA,Hampton,ignore,Bush,420,1000
11/08/1988,AR,Benton,ignore,Dukakis,420,1000
11/08/1988,AR,Benton,ignore,Bush,580,1000
11/08/1988,AR,Ashley,ignore,Dukakis,420,1000
11/08/1988,AR,Ashley,ignore,Bush,580,1000
11/08/1988,CA,Mono,ignore,Dukakis,530,1000
11/08/1988,CA,Mono,ignore,Bush,470,1000
11/08/1988,CA,Madera,ignore,Dukakis,420,1000
11/08/1988,CA,Madera,ignore,Bush,580,1000
11/08/1988,GA,Screven,ignore,Dukakis,470,1000
11/08/1988,GA,Screven,ignore,Bush,530,1000
11/08/1988,GA,Burke,ignore,Dukakis,490,1000
11/08/1988,GA,Burke,ignore,Bush,510,1000
11/08/1988,IL,McHenry,ignore,Dukakis,420,1000
11/08/1988,IL,McHenry,ignore,Bush,580,1000
11/08/1988,IA,Kossuth,ignore,Dukakis,420,1000
11/08/1988,IA,Kossuth,ignore,Bush,580,1000
11/08/1988,MN,Lake,ignore,Dukakis,510,1000
11/08/1988,MN,Lake,ignore,Bush,490,1000
11/08/1988,MS,Claiborne,ignore,Dukakis,580,1000
11/08/1988,MS,Claiborne,ignore,Bush,420,1000
11/08/1988,MS,Lamar,ignore,Dukakis,420,1000
11/08/1988,MS,Lamar,ignore,Bush,580,1000
11/08/1988,NE,Otoe,ignore,Dukakis,420,1000
11/08/1988,NE,Otoe,ignore,Bush,580,1000
11/08/1988,VA,Westmoreland,ignore,Dukakis,470,1000
11/08/1988,VA,Westmoreland,ignore,Bush,530,1000
11/08/1988,VA,Prince_William,ignore,Dukakis,530,1000
11/08/1988,VA,Prince_William,ignore,Bush,470,1000
11/08/1988,AL,Lowndes,ignore,Dukakis,420,1000
11/08/1988,AL,Lowndes,ignore,Bush,580,1000
11/08/1988,AL,Marshall,ignore,Dukakis,420,1000
11/08/1988,AL,Marshall,ignore,Bush,580,1000
11/08/1988,AK,Anchorage,ignore,Dukakis,470,1000
11/08/1988,AK,Anchorage,ignore,Bush,530,1000
11/08/1988,FL,Charlotte,ignore,Dukakis,470,1000
11/08/1988,FL,Charlotte,ignore,Bush,530,1000
11/08/1988,ID,Kootenai,ignore,Dukakis,420,1000
11/08/1988,ID,Kootenai,ignore,Bush,580,1000
11/08/1988,IL,Pike,ignore,Dukakis,420,1000
11/08/1988,IL,Pike,ignore,Bush,580,1000
11/08/1988,IL,Union,ignore,Dukakis,420,1000
11/08/1988,IL,Union,ignore,Bush,580,1000
11/08/1988,IL,Gallatin,ignore,Dukakis,420,1000
11/08/1988,IL,Gallatin,ignore,Bush,580,1000
11/08/1988,NC,Craven,ignore,Dukakis,420,1000
11/08/1988,NC,Craven,ignore,Bush,580,1000
11/08/1988,OH,Trumbull,ignore,Dukakis,580,1000
11/08/1988,OH,Trumbull,ignore,Bush,420,1000
11/08/1988,PA,Mercer,ignore,Dukakis,420,1000
11/08/1988,PA,Mercer,ignore,Bush,580,1000
11/08/1988,MT,Deer_Lodge,ignore,Dukakis,580,1000
11/08/1988,MT,Deer_Lodge,ignore,Bush,420,1000
11/08/1988,NE,Nemaha,ignore,Dukakis,420,1000
11/08/1988,NE,Nemaha,ignore,Bush,580,1000
11/08/1988,MS,Chickasaw,ignore,Dukakis,420,1000
11/08/1988,MS,Chickasaw,ignore,Bush,580,1000
11/08/1988,NY,Niagara,ignore,Dukakis,420,1000
11/08/1988,NY,Niagara,ignore,Bush,580,1000
11/08/1988,NY,Delaware,ignore,Dukakis,420,1000
11/08/1988,NY,Delaware,ignore,Bush,580,1000
11/08/1988,NC,Mecklenburg,ignore,Dukakis,530,1000
11/08/1988,NC,Mecklenburg,ignore,Bush,470,1000
11/08/1988,AZ,Pinal,ignore,Dukakis,420,1000
11/08/1988,AZ,Pinal,ignore,Bush,580,1000
11/08/1988,AR,Lee,ignore,Dukakis,580,1000
11/08/1988,AR,Lee,ignore,Bush,420,1000
11/08/1988,CO,Douglas,ignore,Dukakis,420,1000
11/08/1988,CO,Douglas,ignore,Bush,580,1000
11/08/1988,CO,Routt,ignore,Dukakis,530,1000
11/08/1988,CO,Routt,ignore,Bush,470,1000
11/08/1988,IL,Ogle,ignore,Dukakis,420,1000
11/08/1988,IL,Ogle,ignore,Bush,580,1000
11/08/1988,IN,Harrison,ignore,Dukakis,420,1000
11/08/1988,IN,Harrison,ignore,Bush,580,1000
11/08/1988,KY,Jefferson,ignore,Dukakis,530,1000
11/08/1988,KY,Jefferson,ignore,Bush,470,1000
11/08/1988,LA,Sabine,ignore,Dukakis,420,1000
11/08/1988,LA,Sabine,ignore,Bush,580,1000
11/08/1988,IA,Carroll,ignore,Dukakis,420,1000
11/08/1988,IA,Carroll,ignore,Bush,580,1000
11/08/1988,LA,West_Carroll,ignore,Dukakis,420,1000
11/08/1988,LA,West_Carroll,ignore,Bush,580,1000
11/08/1988,MI,Ottawa,ignore,Dukakis,420,1000
11/08/1988,MI,Ottawa,ignore,Bush,580,1000
11/08/1988,MI,Alpena,ignore,Dukakis,420,1000
11/08/1988,MI,Alpena,ignore,Bush,580,1000
11/08/1988,MS,Sharkey,ignore,Dukakis,420,1000
11/08/1988,MS,Sharkey,ignore,Bush,580,1000
11/08/1988,NY,Erie,ignore,Dukakis,580,1000
11/08/1988,NY,Erie,ignore,Bush,420,1000
11/08/1988,VA,Dinwiddie,ignore,Dukakis,420,1000
11/08/1988,VA,Dinwiddie,ignore,Bush,580,1000
11/08/1988,VA,Clarke,ignore,Dukakis,420,1000
11/08/1988,VA,Clarke,ignore,Bush,580,1000
11/08/1988,NM,Mora,ignore,Dukakis,510,1000
11/08/1988,NM,Mora,ignore,Bush,490,1000
11/08/1988,MN,Sibley,ignore,Dukakis,420,1000
11/08/1988,MN,Sibley,ignore,Bush,580,1000
11/08/1988,TN,Grundy,ignore,Dukakis,420,1000
11/08/1988,TN,Grundy,ignore,Bush,580,1000
11/08/1988,TX,DeWitt,ignore,Dukakis,420,1000
11/08/1988,TX,DeWitt,ignore,Bush,580,1000
11/08/1988,VA,Northampton,ignore,Dukakis,580,1000
11/08/1988,VA,Northampton,ignore,Bush,420,1000
11/08/1988,NY,Lewis,ignore,Dukakis,420,1000
11/08/1988,NY,Lewis,ignore,Bush,580,1000
11/08/1988,CA,Solano,ignore,Dukakis,580,1000
11/08/1988,CA,Solano,ignore,Bush,420,1000
11/08/1988,NC,Camden,ignore,Dukakis,580,1000
11/08/1988,NC,Camden,ignore,Bush,420,1000
11/08/1988,NC,Chowan,ignore,Dukakis,580,1000
11/08/1988,NC,Chowan,ignore,Bush,420,1000
11/08/1988,MN,Traverse,ignore,Dukakis,420,1000
11/08/1988,MN,Traverse,ignore,Bush,580,1000
11/08/1988,MO,St_Louis_County,ignore,Dukakis,530,1000
11/08/1988,MO,St_Louis_County,ignore,Bush,470,1000
11/08/1988,MS,Union,ignore,Dukakis,420,1000
11/08/1988,MS,Union,ignore,Bush,580,1000
11/08/1988,NY,Livingston,ignore,Dukakis,420,1000
11/08/1988,NY,Livingston,ignore,Bush,580,1000
11/08/1988,OK,Washington,ignore,Dukakis,420,1000
11/08/1988,OK,Washington,ignore,Bush,580,1000
11/08/1988,NC,Currituck,ignore,Dukakis,530,1000
11/08/1988,NC,Currituck,ignore,Bush,470,1000
11/08/1988,OK,Le_Flore,ignore,Dukakis,420,1000
11/08/1988,OK,Le_Flore,ignore,Bush,580,1000
11/08/1988,NE,Knox,ignore,Dukakis,420,1000
11/08/1988,NE,Knox,ignore,Bush,580,1000
11/08/1988,TX,Zavala,ignore,Dukakis,420,1000
11/08/1988,TX,Zavala,ignore,Bush,580,1000
11/08/1988,VA,Craig,ignore,Dukakis,420,1000
11/08/1988,VA,Craig,ignore,Bush,580,1000
11/08/1988,CO,Mineral,ignore,Dukakis,420,1000
11/08/1988,CO,Mineral,ignore,Bush,580,1000
11/08/1988,TX,Crane,ignore,Dukakis,420,1000
11/08/1988,TX,Crane,ignore,Bush,580,1000
11/08/1988,TN,Haywood,ignore,Dukakis,530,1000
11/08/1988,TN,Haywood,ignore,Bush,470,1000
11/08/1988,WV,Preston,ignore,Dukakis,420,1000
11/08/1988,WV,Preston,ignore,Bush,580,1000
11/08/1988,SD,Haakon,ignore,Dukakis,420,1000
11/08/1988,SD,Haakon,ignore,Bush,580,1000
11/08/1988,GA,Sumter,ignore,Dukakis,510,1000
11/08/1988,GA,Sumter,ignore,Bush,490,1000
11/08/1988,CA,Del_Norte,ignore,Dukakis,420,1000
11/08/1988,CA,Del_Norte,ignore,Bush,580,1000
11/08/1988,NY,Oswego,ignore,Dukakis,420,1000
11/08/1988,NY,Oswego,ignore,Bush,580,1000
11/08/1988,CA,Yolo,ignore,Dukakis,420,1000
11/08/1988,CA,Yolo,ignore,Bush,580,1000
11/08/1988,SC,Lancaster,ignore,Dukakis,420,1000
11/08/1988,SC,Lancaster,ignore,Bush,580,1000
11/08/1988,SD,Harding,ignore,Dukakis,420,1000
11/08/1988,SD,Harding,ignore,Bush,580,1000
11/08/1988,MO,Franklin,ignore,Dukakis,420,1000
11/08/1988,MO,Franklin,ignore,Bush,580,1000
11/08/1988,NJ,Union,ignore,Dukakis,580,1000
11/08/1988,NJ,Union,ignore,Bush,420,1000
11/08/1988,NM,Union,ignore,Dukakis,420,1000
11/08/1988,NM,Union,ignore,Bush,580,1000
11/08/1988,VT,Caledonia,ignore,Dukakis,530,1000
11/08/1988,VT,Caledonia,ignore,Bush,470,1000
11/08/1988,WA,Pierce,ignore,Dukakis,530,1000
11/08/1988,WA,Pierce,ignore,Bush,470,1000
11/08/1988,WI,Rock,ignore,Dukakis,470,1000
11/08/1988,WI,Rock,ignore,Bush,530,1000
11/08/1988,MI,Allegan,ignore,Dukakis,420,1000
11/08/1988,MI,Allegan,ignore,Bush,580,1000
11/08/1988,KY,Hancock,ignore,Dukakis,420,1000
11/08/1988,KY,Hancock,ignore,Bush,580,1000
11/08/1988,ID,Gem,ignore,Dukakis,420,1000
11/08/1988,ID,Gem,ignore,Bush,580,1000
11/08/1988,NM,McKinley,ignore,Dukakis,530,1000
11/08/1988,NM,McKinley,ignore,Bush,470,1000
11/08/1988,MD,Baltimore,ignore,Dukakis,510,1000
11/08/1988,MD,Baltimore,ignore,Bush,490,1000
11/08/1988,LA,Jefferson,ignore,Dukakis,420,1000
11/08/1988,LA,Jefferson,ignore,Bush,580,1000
11/08/1988,NY,Putnam,ignore,Dukakis,420,1000
11/08/1988,NY,Putnam,ignore,Bush,580,1000
11/08/1988,TX,Llano,ignore,Dukakis,420,1000
11/08/1988,TX,Llano,ignore,Bush,580,1000
11/08/1988,VA,Newport_News,ignore,Dukakis,580,1000
11/08/1988,VA,Newport_News,ignore,Bush,420,1000
11/08/1988,NM,Lea,ignore,Dukakis,420,1000
11/08/1988,NM,Lea,ignore,Bush,580,1000
11/08/1988,NE,Saline,ignore,Dukakis,420,1000
11/08/1988,NE,Saline,ignore,Bush,580,1000
11/08/1988,WA,Cowlitz,ignore,Dukakis,490,1000
11/08/1988,WA,Cowlitz,ignore,Bush,510,1000
11/08/1988,WY,Lincoln,ignore,Dukakis,420,1000
11/08/1988,WY,Lincoln,ignore,Bush,580,1000
11/08/1988,AR,Hempstead,ignore,Dukakis,420,1000
11/08/1988,AR,Hempstead,ignore,Bush,580,1000
11/08/1988,GA,Clayton,ignore,Dukakis,580,1000
11/08/1988,GA,Clayton,ignore,Bush,420,1000
11/08/1988,IL,Greene,ignore,Dukakis,420,1000
11/08/1988,IL,Greene,ignore,Bush,580,1000
11/08/1988,IN,Morgan,ignore,Dukakis,420,1000
11/08/1988,IN,Morgan,ignore,Bush,580,1000
11/08/1988,AR,Franklin,ignore,Dukakis,420,1000
11/08/1988,AR,Franklin,ignore,Bush,580,1000
11/08/1988,ID,Canyon,ignore,Dukakis,420,1000
11/08/1988,ID,Canyon,ignore,Bush,580,1000
11/08/1988,IL,Williamson,ignore,Dukakis,420,1000
11/08/1988,IL,Williamson,ignore,Bush,580,1000
11/08/1988,IA,Wright,ignore,Dukakis,420,1000
11/08/1988,IA,Wright,ignore,Bush,580,1000
11/08/1988,IA,Henry,ignore,Dukakis,470,1000
11/08/1988,IA,Henry,ignore,Bush,530,1000
11/08/1988,CO,Saguache,ignore,Dukakis,470,1000
11/08/1988,CO,Saguache,ignore,Bush,530,1000
11/08/1988,KY,Henry,ignore,Dukakis,420,1000
11/08/1988,KY,Henry,ignore,Bush,580,1000
11/08/1988,OH,Brown,ignore,Dukakis,420,1000
11/08/1988,OH,Brown,ignore,Bush,580,1000
11/08/1988,GA,Ware,ignore,Dukakis,420,1000
11/08/1988,GA,Ware,ignore,Bush,580,1000
11/08/1988,SC,Florence,ignore,Dukakis,490,1000
11/08/1988,SC,Florence,ignore,Bush,510,1000
11/08/1988,NC,Brunswick,ignore,Dukakis,420,1000
11/08/1988,NC,Brunswick,ignore,Bush,580,1000
11/08/1988,SD,Meade,ignore,Dukakis,420,1000
11/08/1988,SD,Meade,ignore,Bush,580,1000
11/08/1988,NV,Lincoln,ignore,Dukakis,420,1000
11/08/1988,NV,Lincoln,ignore,Bush,580,1000
11/08/1988,NC,Durham,ignore,Dukakis,580,1000
11/08/1988,NC,Durham,ignore,Bush,420,1000
11/08/1988,OH,Tuscarawas,ignore,Dukakis,420,1000
11/08/1988,OH,Tuscarawas,ignore,Bush,580,1000
11/08/1988,OR,Benton,ignore,Dukakis,530,1000
11/08/1988,OR,Benton,ignore,Bush,470,1000
11/08/1988,PA,Somerset,ignore,Dukakis,420,1000
11/08/1988,PA,Somerset,ignore,Bush,580,1000
11/08/1988,KS,Pottawatomie,ignore,Dukakis,420,1000
11/08/1988,KS,Pottawatomie,ignore,Bush,580,1000
11/08/1988,KY,Knott,ignore,Dukakis,420,1000
11/08/1988,KY,Knott,ignore,Bush,580,1000
11/08/1988,GA,Wilkinson,ignore,Dukakis,470,1000
11/08/1988,GA,Wilkinson,ignore,Bush,530,1000
11/08/1988,NV,Pershing,ignore,Dukakis,420,1000
11/08/1988,NV,Pershing,ignore,Bush,580,1000
11/08/1988,NY,Oneida,ignore,Dukakis,420,1000
11/08/1988,NY,Oneida,ignore,Bush,580,1000
11/08/1988,OK,Comanche,ignore,Dukakis,420,1000
11/08/1988,OK,Comanche,ignore,Bush,580,1000
11/08/1988,MT,Sheridan,ignore,Dukakis,420,1000
11/08/1988,MT,Sheridan,ignore,Bush,580,1000
11/08/1988,ME,Franklin,ignore,Dukakis,510,1000
11/08/1988,ME,Franklin,ignore,Bush,490,1000
11/08/1988,NC,Cabarrus,ignore,Dukakis,420,1000
11/08/1988,NC,Cabarrus,ignore,Bush,580,1000
11/08/1988,ND,Stark,ignore,Dukakis,420,1000
11/08/1988,ND,Stark,ignore,Bush,580,1000
11/08/1988,OH,Warren,ignore,Dukakis,420,1000
11/08/1988,OH,Warren,ignore,Bush,580,1000
11/08/1988,OH,Portage,ignore,Dukakis,530,1000
11/08/1988,OH,Portage,ignore,Bush,470,1000
11/08/1988,PA,Indiana,ignore,Dukakis,420,1000
11/08/1988,PA,Indiana,ignore,Bush,580,1000
11/08/1988,FL,Baker,ignore,Dukakis,420,1000
11/08/1988,FL,Baker,ignore,Bush,580,1000
11/08/1988,GA,Cook,ignore,Dukakis,420,1000
11/08/1988,GA,Cook,ignore,Bush,580,1000
11/08/1988,MN,Crow_Wing,ignore,Dukakis,420,1000
11/08/1988,MN,Crow_Wing,ignore,Bush,580,1000
11/08/1988,MT,Rosebud,ignore,Dukakis,470,1000
11/08/1988,MT,Rosebud,ignore,Bush,530,1000
11/08/1988,MS,Carroll,ignore,Dukakis,470,1000
11/08/1988,MS,Carroll,ignore,Bush,530,1000
11/08/1988,ND,Benson,ignore,Dukakis,420,1000
11/08/1988,ND,Benson,ignore,Bush,580,1000
11/08/1988,IN,Delaware,ignore,Dukakis,470,1000
11/08/1988,IN,Delaware,ignore,Bush,530,1000
11/08/1988,MN,Itasca,ignore,Dukakis,470,1000
11/08/1988,MN,Itasca,ignore,Bush,530,1000
11/08/1988,TN,Knox,ignore,Dukakis,420,1000
11/08/1988,TN,Knox,ignore,Bush,580,1000
11/08/1988,TX,Potter,ignore,Dukakis,420,1000
11/08/1988,TX,Potter,ignore,Bush,580,1000
11/08/1988,VA,Richmond,ignore,Dukakis,580,1000
11/08/1988,VA,Richmond,ignore,Bush,420,1000
11/08/1988,VA,Charles_City,ignore,Dukakis,580,1000
11/08/1988,VA,Charles_City,ignore,Bush,420,1000
11/08/1988,ND,Pierce,ignore,Dukakis,420,1000
11/08/1988,ND,Pierce,ignore,Bush,580,1000
11/08/1988,ND,Golden_Valley,ignore,Dukakis,420,1000
11/08/1988,ND,Golden_Valley,ignore,Bush,580,1000
11/08/1988,TN,Crockett,ignore,Dukakis,420,1000
11/08/1988,TN,Crockett,ignore,Bush,580,1000
11/08/1988,MT,Valley,ignore,Dukakis,420,1000
11/08/1988,MT,Valley,ignore,Bush,580,1000
11/08/1988,VA,Augusta,ignore,Dukakis,420,1000
11/08/1988,VA,Augusta,ignore,Bush,580,1000
11/08/1988,NE,Kearney,ignore,Dukakis,420,1000
11/08/1988,NE,Kearney,ignore,Bush,580,1000
11/08/1988,WV,Wood,ignore,Dukakis,420,1000
11/08/1988,WV,Wood,ignore,Bush,580,1000
11/08/1988,SC,Newberry,ignore,Dukakis,420,1000
11/08/1988,SC,Newberry,ignore,Bush,580,1000
11/08/1988,LA,Caldwell,ignore,Dukakis,420,1000
11/08/1988,LA,Caldwell,ignore,Bush,580,1000
11/08/1988,TX,Brazos,ignore,Dukakis,420,1000
11/08/1988,TX,Brazos,ignore,Bush,580,1000
11/08/1988,WA,Yakima,ignore,Dukakis,470,1000
11/08/1988,WA,Yakima,ignore,Bush,530,1000
11/08/1988,WI,Jefferson,ignore,Dukakis,420,1000
11/08/1988,WI,Jefferson,ignore,Bush,580,1000
11/08/1988,TX,Oldham,ignore,Dukakis,420,1000
11/08/1988,TX,Oldham,ignore,Bush,580,1000
11/08/1988,KS,Wyandotte,ignore,Dukakis,580,1000
11/08/1988,KS,Wyandotte,ignore,Bush,420,1000
11/08/1988,LA,Terrebonne,ignore,Dukakis,420,1000
11/08/1988,LA,Terrebonne,ignore,Bush,580,1000
11/08/1988,OK,Sequoyah,ignore,Dukakis,420,1000
11/08/1988,OK,Sequoyah,ignore,Bush,580,1000
11/08/1988,OR,Klamath,ignore,Dukakis,420,1000
11/08/1988,OR,Klamath,ignore,Bush,580,1000
11/08/1988,TX,Kenedy,ignore,Dukakis,420,1000
11/08/1988,TX,Kenedy,ignore,Bush,580,1000
11/08/1988,CA,Alpine,ignore,Dukakis,580,1000
11/08/1988,CA,Alpine,ignore,Bush,420,1000
11/08/1988,GA,Walker,ignore,Dukakis,420,1000
11/08/1988,GA,Walker,ignore,Bush,580,1000
11/08/1988,ID,Clearwater,ignore,Dukakis,420,1000
11/08/1988,ID,Clearwater,ignore,Bush,580,1000
11/08/1988,WV,Hardy,ignore,Dukakis,420,1000
11/08/1988,WV,Hardy,ignore,Bush,580,1000
11/08/1988,FL,Bradford,ignore,Dukakis,420,1000
11/08/1988,FL,Bradford,ignore,Bush,580,1000
11/08/1988,WV,Wetzel,ignore,Dukakis,420,1000
11/08/1988,WV,Wetzel,ignore,Bush,580,1000
11/08/1988,OH,Fulton,ignore,Dukakis,420,1000
11/08/1988,OH,Fulton,ignore,Bush,580,1000
11/08/1988,TN,Bradley,ignore,Dukakis,420,1000
11/08/1988,TN,Bradley,ignore,Bush,580,1000
11/08/1988,TX,Newton,ignore,Dukakis,420,1000
11/08/1988,TX,Newton,ignore,Bush,580,1000
11/08/1988,TN,Bledsoe,ignore,Dukakis,420,1000
11/08/1988,TN,Bledsoe,ignore,Bush,580,1000
11/08/1988,WV,Tucker,ignore,Dukakis,420,1000
11/08/1988,WV,Tucker,ignore,Bush,580,1000
11/08/1988,AK,Yakutat,ignore,Dukakis,420,1000
11/08/1988,AK,Yakutat,ignore,Bush,580,1000
11/08/1988,MI,Gladwin,ignore,Dukakis,420,1000
11/08/1988,MI,Gladwin,ignore,Bush,580,1000
11/08/1988,NC,Person,ignore,Dukakis,420,1000
11/08/1988,NC,Person,ignore,Bush,580,1000
11/08/1988,NV,White_Pine,ignore,Dukakis,420,1000
11/08/1988,NV,White_Pine,ignore,Bush,580,1000
11/08/1988,IN,Adams,ignore,Dukakis,420,1000
11/08/1988,IN,Adams,ignore,Bush,580,1000
11/08/1988,TN,Cumberland,ignore,Dukakis,420,1000
11/08/1988,TN,Cumberland,ignore,Bush,580,1000
11/08/1988,NV,Nye,ignore,Dukakis,420,1000
11/08/1988,NV,Nye,ignore,Bush,580,1000
11/08/1988,KS,Leavenworth,ignore,Dukakis,420,1000
11/08/1988,KS,Leavenworth,ignore,Bush,580,1000
11/08/1988,IN,Warrick,ignore,Dukakis,420,1000
11/08/1988,IN,Warrick,ignore,Bush,580,1000
11/08/1988,MI,Iron,ignore,Dukakis,420,1000
11/08/1988,MI,Iron,ignore,Bush,580,1000
11/08/1988,MS,Lowndes,ignore,Dukakis,420,1000
11/08/1988,MS,Lowndes,ignore,Bush,580,1000
11/08/1988,MO,St_Louis_City,ignore,Dukakis,580,1000
11/08/1988,MO,St_Louis_City,ignore,Bush,420,1000
11/08/1988,MN,Meeker,ignore,Dukakis,420,1000
11/08/1988,MN,Meeker,ignore,Bush,580,1000
11/08/1988,TN,Monroe,ignore,Dukakis,420,1000
11/08/1988,TN,Monroe,ignore,Bush,580,1000
11/08/1988,MS,Holmes,ignore,Dukakis,420,1000
11/08/1988,MS,Holmes,ignore,Bush,580,1000
11/08/1988,MS,Oktibbeha,ignore,Dukakis,420,1000
11/08/1988,MS,Oktibbeha,ignore,Bush,580,1000
11/08/1988,VA,Giles,ignore,Dukakis,420,1000
11/08/1988,VA,Giles,ignore,Bush,580,1000
11/08/1988,FL,Hillsborough,ignore,Dukakis,530,1000
11/08/1988,FL,Hillsborough,ignore,Bush,470,1000
11/08/1988,GA,Haralson,ignore,Dukakis,420,1000
11/08/1988,GA,Haralson,ignore,Bush,580,1000
11/08/1988,KS,Cowley,ignore,Dukakis,420,1000
11/08/1988,KS,Cowley,ignore,Bush,580,1000
11/08/1988,KY,Henderson,ignore,Dukakis,420,1000
11/08/1988,KY,Henderson,ignore,Bush,580,1000
11/08/1988,TX,Grayson,ignore,Dukakis,420,1000
11/08/1988,TX,Grayson,ignore,Bush,580,1000
11/08/1988,AL,Cleburne,ignore,Dukakis,420,1000
11/08/1988,AL,Cleburne,ignore,Bush,580,1000
11/08/1988,NJ,Ocean,ignore,Dukakis,420,1000
11/08/1988,NJ,Ocean,ignore,Bush,580,1000
11/08/1988,AL,Autauga,ignore,Dukakis,420,1000
11/08/1988,AL,Autauga,ignore,Bush,580,1000
11/08/1988,GA,Bibb,ignore,Dukakis,580,1000
11/08/1988,GA,Bibb,ignore,Bush,420,1000
11/08/1988,NJ,Monmouth,ignore,Dukakis,470,1000
11/08/1988,NJ,Monmouth,ignore,Bush,530,1000
11/08/1988,NM,Rio_Arriba,ignore,Dukakis,510,1000
11/08/1988,NM,Rio_Arriba,ignore,Bush,490,1000
11/08/1988,NY,Wayne,ignore,Dukakis,420,1000
11/08/1988,NY,Wayne,ignore,Bush,580,1000
11/08/1988,OR,Lincoln,ignore,Dukakis,510,1000
11/08/1988,OR,Lincoln,ignore,Bush,490,1000
11/08/1988,VA,Bath,ignore,Dukakis,420,1000
11/08/1988,VA,Bath,ignore,Bush,580,1000
11/08/1988,WV,Fayette,ignore,Dukakis,420,1000
11/08/1988,WV,Fayette,ignore,Bush,580,1000
11/08/1988,WV,Kanawha,ignore,Dukakis,470,1000
11/08/1988,WV,Kanawha,ignore,Bush,530,1000
11/08/1988,KY,Carroll,ignore,Dukakis,420,1000
11/08/1988,KY,Carroll,ignore,Bush,580,1000
11/08/1988,MD,Montgomery,ignore,Dukakis,580,1000
11/08/1988,MD,Montgomery,ignore,Bush,420,1000
11/08/1988,MA,Franklin,ignore,Dukakis,510,1000
11/08/1988,MA,Franklin,ignore,Bush,490,1000
11/08/1988,MS,DeSoto,ignore,Dukakis,420,1000
11/08/1988,MS,DeSoto,ignore,Bush,580,1000
11/08/1988,TX,McCulloch,ignore,Dukakis,420,1000
11/08/1988,TX,McCulloch,ignore,Bush,580,1000
11/08/1988,NV,Esmeralda,ignore,Dukakis,420,1000
11/08/1988,NV,Esmeralda,ignore,Bush,580,1000
11/08/1988,IN,Carroll,ignore,Dukakis,420,1000
11/08/1988,IN,Carroll,ignore,Bush,580,1000
11/08/1988,MI,Ogemaw,ignore,Dukakis,420,1000
11/08/1988,MI,Ogemaw,ignore,Bush,580,1000
11/08/1988,MI,St_Clair,ignore,Dukakis,420,1000
11/08/1988,MI,St_Clair,ignore,Bush,580,1000
11/08/1988,RI,Providence,ignore,Dukakis,580,1000
11/08/1988,RI,Providence,ignore,Bush,420,1000
11/08/1988,TN,Montgomery,ignore,Dukakis,420,1000
11/08/1988,TN,Montgomery,ignore,Bush,580,1000
11/08/1988,TX,Parmer,ignore,Dukakis,420,1000
11/08/1988,TX,Parmer,ignore,Bush,580,1000
11/08/1988,VA,Accomack,ignore,Dukakis,470,1000
11/08/1988,VA,Accomack,ignore,Bush,530,1000
11/08/1988,MS,Yalobusha,ignore,Dukakis,420,1000
11/08/1988,MS,Yalobusha,ignore,Bush,580,1000
11/08/1988,OH,Lucas,ignore,Dukakis,580,1000
11/08/1988,OH,Lucas,ignore,Bush,420,1000
11/08/1988,AR,Crittenden,ignore,Dukakis,510,1000
11/08/1988,AR,Crittenden,ignore,Bush,490,1000
11/08/1988,MN,Hennepin,ignore,Dukakis,580,1000
11/08/1988,MN,Hennepin,ignore,Bush,420,1000
11/08/1988,NE,Richardson,ignore,Dukakis,420,1000
11/08/1988,NE,Richardson,ignore,Bush,580,1000
11/08/1988,OR,Lake,ignore,Dukakis,420,1000
11/08/1988,OR,Lake,ignore,Bush,580,1000
11/08/1988,MO,Howell,ignore,Dukakis,420,1000
11/08/1988,MO,Howell,ignore,Bush,580,1000
11/08/1988,ND,Bottineau,ignore,Dukakis,420,1000
11/08/1988,ND,Bottineau,ignore,Bush,580,1000
11/08/1988,NC,Warren,ignore,Dukakis,530,1000
11/08/1988,NC,Warren,ignore,Bush,470,1000
11/08/1988,MI,Monroe,ignore,Dukakis,420,1000
11/08/1988,MI,Monroe,ignore,Bush,580,1000
11/08/1988,MT,Blaine,ignore,Dukakis,420,1000
11/08/1988,MT,Blaine,ignore,Bush,580,1000
11/08/1988,WV,Wayne,ignore,Dukakis,420,1000
11/08/1988,WV,Wayne,ignore,Bush,580,1000
11/08/1988,WI,St_Croix,ignore,Dukakis,420,1000
11/08/1988,WI,St_Croix,ignore,Bush,580,1000
11/08/1988,CO,Chaffee,ignore,Dukakis,420,1000
11/08/1988,CO,Chaffee,ignore,Bush,580,1000
11/08/1988,WA,Chelan,ignore,Dukakis,420,1000
11/08/1988,WA,Chelan,ignore,Bush,580,1000
11/08/1988,FL,Flagler,ignore,Dukakis,470,1000
11/08/1988,FL,Flagler,ignore,Bush,530,1000
11/08/1988,FL,Gadsden,ignore,Dukakis,420,1000
11/08/1988,FL,Gadsden,ignore,Bush,580,1000
11/08/1988,FL,Leon,ignore,Dukakis,420,1000
11/08/1988,FL,Leon,ignore,Bush,580,1000
11/08/1988,FL,Putnam,ignore,Dukakis,420,1000
11/08/1988,FL,Putnam,ignore,Bush,580,1000
11/08/1988,VT,Rutland,ignore,Dukakis,530,1000
11/08/1988,VT,Rutland,ignore,Bush,470,1000
11/08/1988,AL,Montgomery,ignore,Dukakis,420,1000
11/08/1988,AL,Montgomery,ignore,Bush,580,1000
11/08/1988,AR,Perry,ignore,Dukakis,420,1000
11/08/1988,AR,Perry,ignore,Bush,580,1000
11/08/1988,MI,Tuscola,ignore,Dukakis,420,1000
11/08/1988,MI,Tuscola,ignore,Bush,580,1000
11/08/1988,ND,Grant,ignore,Dukakis,420,1000
11/08/1988,ND,Grant,ignore,Bush,580,1000
11/08/1988,WI,Chippewa,ignore,Dukakis,420,1000
11/08/1988,WI,Chippewa,ignore,Bush,580,1000
11/08/1988,IN,Blackford,ignore,Dukakis,420,1000
11/08/1988,IN,Blackford,ignore,Bush,580,1000
11/08/1988,IN,Wells,ignore,Dukakis,420,1000
11/08/1988,IN,Wells,ignore,Bush,580,1000
11/08/1988,KS,Douglas,ignore,Dukakis,580,1000
11/08/1988,KS,Douglas,ignore,Bush,420,1000
11/08/1988,KS,Jackson,ignore,Dukakis,420,1000
11/08/1988,KS,Jackson,ignore,Bush,580,1000
11/08/1988,GA,Barrow,ignore,Dukakis,420,1000
11/08/1988,GA,Barrow,ignore,Bush,580,1000
11/08/1988,GA,Telfair,ignore,Dukakis,420,1000
11/08/1988,GA,Telfair,ignore,Bush,580,1000
11/08/1988,IL,Montgomery,ignore,Dukakis,420,1000
11/08/1988,IL,Montgomery,ignore,Bush,580,1000
11/08/1988,IN,Lawrence,ignore,Dukakis,420,1000
11/08/1988,IN,Lawrence,ignore,Bush,580,1000
11/08/1988,IA,Montgomery,ignore,Dukakis,420,1000
11/08/1988,IA,Montgomery,ignore,Bush,580,1000
11/08/1988,KY,Scott,ignore,Dukakis,420,1000
11/08/1988,KY,Scott,ignore,Bush,580,1000
11/08/1988,KY,Muhlenberg,ignore,Dukakis,420,1000
11/08/1988,KY,Muhlenberg,ignore,Bush,580,1000
11/08/1988,LA,Assumption,ignore,Dukakis,470,1000
11/08/1988,LA,Assumption,ignore,Bush,530,1000
11/08/1988,FL,Santa_Rosa,ignore,Dukakis,420,1000
11/08/1988,FL,Santa_Rosa,ignore,Bush,580,1000
11/08/1988,FL,Orange,ignore,Dukakis,530,1000
11/08/1988,FL,Orange,ignore,Bush,470,1000
11/08/1988,FL,Seminole,ignore,Dukakis,470,1000
11/08/1988,FL,Seminole,ignore,Bush,530,1000
11/08/1988,FL,Walton,ignore,Dukakis,420,1000
11/08/1988,FL,Walton,ignore,Bush,580,1000
11/08/1988,GA,Decatur,ignore,Dukakis,420,1000
11/08/1988,GA,Decatur,ignore,Bush,580,1000
11/08/1988,GA,Dougherty,ignore,Dukakis,580,1000
11/08/1988,GA,Dougherty,ignore,Bush,420,1000
11/08/1988,CA,Fresno,ignore,Dukakis,470,1000
11/08/1988,CA,Fresno,ignore,Bush,530,1000
11/08/1988,GA,Washington,ignore,Dukakis,530,1000
11/08/1988,GA,Washington,ignore,Bush,470,1000
11/08/1988,IN,Hancock,ignore,Dukakis,420,1000
11/08/1988,IN,Hancock,ignore,Bush,580,1000
11/08/1988,KS,Jefferson,ignore,Dukakis,420,1000
11/08/1988,KS,Jefferson,ignore,Bush,580,1000
11/08/1988,NV,Elko,ignore,Dukakis,420,1000
11/08/1988,NV,Elko,ignore,Bush,580,1000
11/08/1988,LA,Tangipahoa,ignore,Dukakis,420,1000
11/08/1988,LA,Tangipahoa,ignore,Bush,580,1000
11/08/1988,LA,West_Baton_Rouge,ignore,Dukakis,470,1000
11/08/1988,LA,West_Baton_Rouge,ignore,Bush,530,1000
11/08/1988,AL,Greene,ignore,Dukakis,420,1000
11/08/1988,AL,Greene,ignore,Bush,580,1000
11/08/1988,NY,Madison,ignore,Dukakis,470,1000
11/08/1988,NY,Madison,ignore,Bush,530,1000
11/08/1988,NC,Sampson,ignore,Dukakis,420,1000
11/08/1988,NC,Sampson,ignore,Bush,580,1000
11/08/1988,OK,Rogers,ignore,Dukakis,420,1000
11/08/1988,OK,Rogers,ignore,Bush,580,1000
11/08/1988,OK,Hughes,ignore,Dukakis,420,1000
11/08/1988,OK,Hughes,ignore,Bush,580,1000
11/08/1988,TN,Humphreys,ignore,Dukakis,420,1000
11/08/1988,TN,Humphreys,ignore,Bush,580,1000
11/08/1988,TX,Rusk,ignore,Dukakis,420,1000
11/08/1988,TX,Rusk,ignore,Bush,580,1000
11/08/1988,TX,Shelby,ignore,Dukakis,420,1000
11/08/1988,TX,Shelby,ignore,Bush,580,1000
11/08/1988,GA,Mitchell,ignore,Dukakis,470,1000
11/08/1988,GA,Mitchell,ignore,Bush,530,1000
11/08/1988,GA,Thomas,ignore,Dukakis,420,1000
11/08/1988,GA,Thomas,ignore,Bush,580,1000
11/08/1988,MS,Wilkinson,ignore,Dukakis,497,1000
11/08/1988,MS,Wilkinson,ignore,Bush,503,1000
11/08/1988,MS,Bolivar,ignore,Dukakis,580,1000
11/08/1988,MS,Bolivar,ignore,Bush,420,1000
11/08/1988,MS,Clay,ignore,Dukakis,420,1000
11/08/1988,MS,Clay,ignore,Bush,580,1000
11/08/1988,MS,Lincoln,ignore,Dukakis,420,1000
11/08/1988,MS,Lincoln,ignore,Bush,580,1000
11/08/1988,CO,Grand,ignore,Dukakis,420,1000
11/08/1988,CO,Grand,ignore,Bush,580,1000
11/08/1988,KY,Nelson,ignore,Dukakis,420,1000
11/08/1988,KY,Nelson,ignore,Bush,580,1000
11/08/1988,MI,Shiawassee,ignore,Dukakis,420,1000
11/08/1988,MI,Shiawassee,ignore,Bush,580,1000
11/08/1988,MI,Crawford,ignore,Dukakis,420,1000
11/08/1988,MI,Crawford,ignore,Bush,580,1000
11/08/1988,MO,Lincoln,ignore,Dukakis,420,1000
11/08/1988,MO,Lincoln,ignore,Bush,580,1000
11/08/1988,VA,Arlington,ignore,Dukakis,580,1000
11/08/1988,VA,Arlington,ignore,Bush,420,1000
11/08/1988,IN,Hamilton,ignore,Dukakis,420,1000
11/08/1988,IN,Hamilton,ignore,Bush,580,1000
11/08/1988,MO,Boone,ignore,Dukakis,497,1000
11/08/1988,MO,Boone,ignore,Bush,503,1000
11/08/1988,IN,Putnam,ignore,Dukakis,420,1000
11/08/1988,IN,Putnam,ignore,Bush,580,1000
11/08/1988,IA,Des_Moines,ignore,Dukakis,530,1000
11/08/1988,IA,Des_Moines,ignore,Bush,470,1000
11/08/1988,VA,Roanoke_Co,ignore,Dukakis,420,1000
11/08/1988,VA,Roanoke_Co,ignore,Bush,580,1000
11/08/1988,IA,Louisa,ignore,Dukakis,470,1000
11/08/1988,IA,Louisa,ignore,Bush,530,1000
11/08/1988,WI,Marquette,ignore,Dukakis,420,1000
11/08/1988,WI,Marquette,ignore,Bush,580,1000
11/08/1988,WA,Franklin,ignore,Dukakis,420,1000
11/08/1988,WA,Franklin,ignore,Bush,580,1000
11/08/1988,WY,Carbon,ignore,Dukakis,420,1000
11/08/1988,WY,Carbon,ignore,Bush,580,1000
11/08/1988,OH,Monroe,ignore,Dukakis,470,1000
11/08/1988,OH,Monroe,ignore,Bush,530,1000
11/08/1988,TX,Fayette,ignore,Dukakis,420,1000
11/08/1988,TX,Fayette,ignore,Bush,580,1000
11/08/1988,TN,Cannon,ignore,Dukakis,420,1000
11/08/1988,TN,Cannon,ignore,Bush,580,1000
11/08/1988,WV,Monroe,ignore,Dukakis,420,1000
11/08/1988,WV,Monroe,ignore,Bush,580,1000
11/08/1988,MS,Harrison,ignore,Dukakis,420,1000
11/08/1988,MS,Harrison,ignore,Bush,580,1000
11/08/1988,WV,Nicholas,ignore,Dukakis,420,1000
11/08/1988,WV,Nicholas,ignore,Bush,580,1000
11/08/1988,WA,Kitsap,ignore,Dukakis,530,1000
11/08/1988,WA,Kitsap,ignore,Bush,470,1000
11/08/1988,WI,Green,ignore,Dukakis,420,1000
11/08/1988,WI,Green,ignore,Bush,580,1000
11/08/1988,AZ,Graham,ignore,Dukakis,420,1000
11/08/1988,AZ,Graham,ignore,Bush,580,1000
11/08/1988,AR,Pope,ignore,Dukakis,420,1000
11/08/1988,AR,Pope,ignore,Bush,580,1000
11/08/1988,OR,Clackamas,ignore,Dukakis,530,1000
11/08/1988,OR,Clackamas,ignore,Bush,470,1000
11/08/1988,KS,Graham,ignore,Dukakis,420,1000
11/08/1988,KS,Graham,ignore,Bush,580,1000
11/08/1988,KS,Jewell,ignore,Dukakis,420,1000
11/08/1988,KS,Jewell,ignore,Bush,580,1000
11/08/1988,MN,Lake_of_the_Woods,ignore,Dukakis,420,1000
11/08/1988,MN,Lake_of_the_Woods,ignore,Bush,580,1000
11/08/1988,NE,Burt,ignore,Dukakis,420,1000
11/08/1988,NE,Burt,ignore,Bush,580,1000
11/08/1988,AR,Sebastian,ignore,Dukakis,420,1000
11/08/1988,AR,Sebastian,ignore,Bush,580,1000
11/08/1988,CO,Dolores,ignore,Dukakis,510,1000
11/08/1988,CO,Dolores,ignore,Bush,490,1000
11/08/1988,GA,Columbia,ignore,Dukakis,420,1000
11/08/1988,GA,Columbia,ignore,Bush,580,1000
11/08/1988,ID,Cassia,ignore,Dukakis,420,1000
11/08/1988,ID,Cassia,ignore,Bush,580,1000
11/08/1988,IN,Clark,ignore,Dukakis,420,1000
11/08/1988,IN,Clark,ignore,Bush,580,1000
11/08/1988,WV,Pocahontas,ignore,Dukakis,420,1000
11/08/1988,WV,Pocahontas,ignore,Bush,580,1000
11/08/1988,IN,Randolph,ignore,Dukakis,420,1000
11/08/1988,IN,Randolph,ignore,Bush,580,1000
11/08/1988,WV,Raleigh,ignore,Dukakis,420,1000
11/08/1988,WV,Raleigh,ignore,Bush,580,1000
11/08/1988,WV,Wyoming,ignore,Dukakis,420,1000
11/08/1988,WV,Wyoming,ignore,Bush,580,1000
11/08/1988,CA,Mariposa,ignore,Dukakis,420,1000
11/08/1988,CA,Mariposa,ignore,Bush,580,1000
11/08/1988,CO,Weld,ignore,Dukakis,420,1000
11/08/1988,CO,Weld,ignore,Bush,580,1000
11/08/1988,IA,Humboldt,ignore,Dukakis,420,1000
11/08/1988,IA,Humboldt,ignore,Bush,580,1000
11/08/1988,KS,Shawnee,ignore,Dukakis,470,1000
11/08/1988,KS,Shawnee,ignore,Bush,530,1000
11/08/1988,KY,Washington,ignore,Dukakis,420,1000
11/08/1988,KY,Washington,ignore,Bush,580,1000
11/08/1988,MI,Oscoda,ignore,Dukakis,420,1000
11/08/1988,MI,Oscoda,ignore,Bush,580,1000
11/08/1988,NE,Hamilton,ignore,Dukakis,420,1000
11/08/1988,NE,Hamilton,ignore,Bush,580,1000
11/08/1988,WI,Clark,ignore,Dukakis,420,1000
11/08/1988,WI,Clark,ignore,Bush,580,1000
11/08/1988,MT,Carter,ignore,Dukakis,420,1000
11/08/1988,MT,Carter,ignore,Bush,580,1000
11/08/1988,KS,Ottawa,ignore,Dukakis,420,1000
11/08/1988,KS,Ottawa,ignore,Bush,580,1000
11/08/1988,KS,Republic,ignore,Dukakis,420,1000
11/08/1988,KS,Republic,ignore,Bush,580,1000
11/08/1988,NE,Dixon,ignore,Dukakis,420,1000
11/08/1988,NE,Dixon,ignore,Bush,580,1000
11/08/1988,MN,Redwood,ignore,Dukakis,420,1000
11/08/1988,MN,Redwood,ignore,Bush,580,1000
11/08/1988,WI,Douglas,ignore,Dukakis,530,1000
11/08/1988,WI,Douglas,ignore,Bush,470,1000
11/08/1988,KS,Marshall,ignore,Dukakis,420,1000
11/08/1988,KS,Marshall,ignore,Bush,580,1000
11/08/1988,LA,East_Carroll,ignore,Dukakis,580,1000
11/08/1988,LA,East_Carroll,ignore,Bush,420,1000
11/08/1988,MD,Somerset,ignore,Dukakis,420,1000
11/08/1988,MD,Somerset,ignore,Bush,580,1000
11/08/1988,NM,Santa_Fe,ignore,Dukakis,580,1000
11/08/1988,NM,Santa_Fe,ignore,Bush,420,1000
11/08/1988,AR,Craighead,ignore,Dukakis,420,1000
11/08/1988,AR,Craighead,ignore,Bush,580,1000
11/08/1988,FL,Pasco,ignore,Dukakis,470,1000
11/08/1988,FL,Pasco,ignore,Bush,530,1000
11/08/1988,GA,Echols,ignore,Dukakis,420,1000
11/08/1988,GA,Echols,ignore,Bush,580,1000
11/08/1988,IN,Dearborn,ignore,Dukakis,420,1000
11/08/1988,IN,Dearborn,ignore,Bush,580,1000
11/08/1988,IA,Allamakee,ignore,Dukakis,530,1000
11/08/1988,IA,Allamakee,ignore,Bush,470,1000
11/08/1988,NC,Washington,ignore,Dukakis,580,1000
11/08/1988,NC,Washington,ignore,Bush,420,1000
11/08/1988,OH,Stark,ignore,Dukakis,420,1000
11/08/1988,OH,Stark,ignore,Bush,580,1000
11/08/1988,OK,Ottawa,ignore,Dukakis,420,1000
11/08/1988,OK,Ottawa,ignore,Bush,580,1000
11/08/1988,PA,Clearfield,ignore,Dukakis,420,1000
11/08/1988,PA,Clearfield,ignore,Bush,580,1000
11/08/1988,TN,Gibson,ignore,Dukakis,420,1000
11/08/1988,TN,Gibson,ignore,Bush,580,1000
11/08/1988,TN,Robertson,ignore,Dukakis,420,1000
11/08/1988,TN,Robertson,ignore,Bush,580,1000
11/08/1988,KY,Caldwell,ignore,Dukakis,420,1000
11/08/1988,KY,Caldwell,ignore,Bush,580,1000
11/08/1988,AR,Fulton,ignore,Dukakis,420,1000
11/08/1988,AR,Fulton,ignore,Bush,580,1000
11/08/1988,LA,Catahoula,ignore,Dukakis,420,1000
11/08/1988,LA,Catahoula,ignore,Bush,580,1000
11/08/1988,LA,Franklin,ignore,Dukakis,420,1000
11/08/1988,LA,Franklin,ignore,Bush,580,1000
11/08/1988,GA,Macon,ignore,Dukakis,580,1000
11/08/1988,GA,Macon,ignore,Bush,420,1000
11/08/1988,MN,Winona,ignore,Dukakis,490,1000
11/08/1988,MN,Winona,ignore,Bush,510,1000
11/08/1988,NC,Martin,ignore,Dukakis,580,1000
11/08/1988,NC,Martin,ignore,Bush,420,1000
11/08/1988,OH,Adams,ignore,Dukakis,420,1000
11/08/1988,OH,Adams,ignore,Bush,580,1000
11/08/1988,NJ,Cape_May,ignore,Dukakis,420,1000
11/08/1988,NJ,Cape_May,ignore,Bush,580,1000
11/08/1988,NE,Saunders,ignore,Dukakis,420,1000
11/08/1988,NE,Saunders,ignore,Bush,580,1000
11/08/1988,GA,McDuffie,ignore,Dukakis,470,1000
11/08/1988,GA,McDuffie,ignore,Bush,530,1000
11/08/1988,GA,Laurens,ignore,Dukakis,420,1000
11/08/1988,GA,Laurens,ignore,Bush,580,1000
11/08/1988,OR,Umatilla,ignore,Dukakis,420,1000
11/08/1988,OR,Umatilla,ignore,Bush,580,1000
11/08/1988,GA,Dawson,ignore,Dukakis,420,1000
11/08/1988,GA,Dawson,ignore,Bush,580,1000
11/08/1988,GA,Jefferson,ignore,Dukakis,510,1000
11/08/1988,GA,Jefferson,ignore,Bush,490,1000
11/08/1988,AK,Juneau,ignore,Dukakis,530,1000
11/08/1988,AK,Juneau,ignore,Bush,470,1000
11/08/1988,OK,Kay,ignore,Dukakis,420,1000
11/08/1988,OK,Kay,ignore,Bush,580,1000
11/08/1988,NY,Warren,ignore,Dukakis,470,1000
11/08/1988,NY,Warren,ignore,Bush,530,1000
11/08/1988,NY,Saratoga,ignore,Dukakis,490,1000
11/08/1988,NY,Saratoga,ignore,Bush,510,1000
11/08/1988,LA,St_John_the_Baptist,ignore,Dukakis,580,1000
11/08/1988,LA,St_John_the_Baptist,ignore,Bush,420,1000
11/08/1988,TX,Hopkins,ignore,Dukakis,420,1000
11/08/1988,TX,Hopkins,ignore,Bush,580,1000
11/08/1988,NV,Churchill,ignore,Dukakis,420,1000
11/08/1988,NV,Churchill,ignore,Bush,580,1000
11/08/1988,TX,Williamson,ignore,Dukakis,420,1000
11/08/1988,TX,Williamson,ignore,Bush,580,1000
11/08/1988,WY,Weston,ignore,Dukakis,420,1000
11/08/1988,WY,Weston,ignore,Bush,580,1000
11/08/1988,CA,Humboldt,ignore,Dukakis,530,1000
11/08/1988,CA,Humboldt,ignore,Bush,470,1000
11/08/1988,NJ,Somerset,ignore,Dukakis,510,1000
11/08/1988,NJ,Somerset,ignore,Bush,490,1000
11/08/1988,TX,Hamilton,ignore,Dukakis,420,1000
11/08/1988,TX,Hamilton,ignore,Bush,580,1000
11/08/1988,TX,Hardeman,ignore,Dukakis,420,1000
11/08/1988,TX,Hardeman,ignore,Bush,580,1000
11/08/1988,AK,Aleutians_West,ignore,Dukakis,420,1000
11/08/1988,AK,Aleutians_West,ignore,Bush,580,1000
11/08/1988,IL,Tazewell,ignore,Dukakis,470,1000
11/08/1988,IL,Tazewell,ignore,Bush,530,1000
11/08/1988,CO,Yuma,ignore,Dukakis,420,1000
11/08/1988,CO,Yuma,ignore,Bush,580,1000
11/08/1988,IA,Sac,ignore,Dukakis,420,1000
11/08/1988,IA,Sac,ignore,Bush,580,1000
11/08/1988,IA,Sioux,ignore,Dukakis,420,1000
11/08/1988,IA,Sioux,ignore,Bush,580,1000
11/08/1988,TX,Coleman,ignore,Dukakis,420,1000
11/08/1988,TX,Coleman,ignore,Bush,580,1000
11/08/1988,GA,Bartow,ignore,Dukakis,420,1000
11/08/1988,GA,Bartow,ignore,Bush,580,1000
11/08/1988,OK,Osage,ignore,Dukakis,420,1000
11/08/1988,OK,Osage,ignore,Bush,580,1000
11/08/1988,NY,Albany,ignore,Dukakis,580,1000
11/08/1988,NY,Albany,ignore,Bush,420,1000
11/08/1988,MS,Jefferson,ignore,Dukakis,580,1000
11/08/1988,MS,Jefferson,ignore,Bush,420,1000
11/08/1988,TN,Lincoln,ignore,Dukakis,420,1000
11/08/1988,TN,Lincoln,ignore,Bush,580,1000
11/08/1988,VA,Madison,ignore,Dukakis,420,1000
11/08/1988,VA,Madison,ignore,Bush,580,1000
11/08/1988,OK,Atoka,ignore,Dukakis,420,1000
11/08/1988,OK,Atoka,ignore,Bush,580,1000
11/08/1988,IA,Dallas,ignore,Dukakis,470,1000
11/08/1988,IA,Dallas,ignore,Bush,530,1000
11/08/1988,AK,Fairbanks_North_Star,ignore,Dukakis,420,1000
11/08/1988,AK,Fairbanks_North_Star,ignore,Bush,580,1000
11/08/1988,ND,Pembina,ignore,Dukakis,420,1000
11/08/1988,ND,Pembina,ignore,Bush,580,1000
11/08/1988,AR,Izard,ignore,Dukakis,420,1000
11/08/1988,AR,Izard,ignore,Bush,580,1000
11/08/1988,VA,Alexandria,ignore,Dukakis,580,1000
11/08/1988,VA,Alexandria,ignore,Bush,420,1000
11/08/1988,VA,Buena_Vista,ignore,Dukakis,420,1000
11/08/1988,VA,Buena_Vista,ignore,Bush,580,1000
11/08/1988,IA,Polk,ignore,Dukakis,530,1000
11/08/1988,IA,Polk,ignore,Bush,470,1000
11/08/1988,FL,Polk,ignore,Dukakis,470,1000
11/08/1988,FL,Polk,ignore,Bush,530,1000
11/08/1988,GA,Early,ignore,Dukakis,470,1000
11/08/1988,GA,Early,ignore,Bush,530,1000
11/08/1988,TX,Terrell,ignore,Dukakis,420,1000
11/08/1988,TX,Terrell,ignore,Bush,580,1000
11/08/1988,IL,Wayne,ignore,Dukakis,420,1000
11/08/1988,IL,Wayne,ignore,Bush,580,1000
11/08/1988,FL,Sumter,ignore,Dukakis,420,1000
11/08/1988,FL,Sumter,ignore,Bush,580,1000
11/08/1988,TX,Burleson,ignore,Dukakis,420,1000
11/08/1988,TX,Burleson,ignore,Bush,580,1000
11/08/1988,VA,Fauquier,ignore,Dukakis,420,1000
11/08/1988,VA,Fauquier,ignore,Bush,580,1000
11/08/1988,NY,Washington,ignore,Dukakis,420,1000
11/08/1988,NY,Washington,ignore,Bush,580,1000
11/08/1988,TX,Waller,ignore,Dukakis,420,1000
11/08/1988,TX,Waller,ignore,Bush,580,1000
11/08/1988,MI,Cass,ignore,Dukakis,420,1000
11/08/1988,MI,Cass,ignore,Bush,580,1000
11/08/1988,ID,Caribou,ignore,Dukakis,420,1000
11/08/1988,ID,Caribou,ignore,Bush,580,1000
11/08/1988,FL,Sarasota,ignore,Dukakis,490,1000
11/08/1988,FL,Sarasota,ignore,Bush,510,1000
11/08/1988,GA,Emanuel,ignore,Dukakis,420,1000
11/08/1988,GA,Emanuel,ignore,Bush,580,1000
11/08/1988,GA,Talbot,ignore,Dukakis,580,1000
11/08/1988,GA,Talbot,ignore,Bush,420,1000
11/08/1988,PA,York,ignore,Dukakis,420,1000
11/08/1988,PA,York,ignore,Bush,580,1000
11/08/1988,NE,Dodge,ignore,Dukakis,420,1000
11/08/1988,NE,Dodge,ignore,Bush,580,1000
11/08/1988,NC,Granville,ignore,Dukakis,420,1000
11/08/1988,NC,Granville,ignore,Bush,580,1000
11/08/1988,PA,Allegheny,ignore,Dukakis,580,1000
11/08/1988,PA,Allegheny,ignore,Bush,420,1000
11/08/1988,CA,Trinity,ignore,Dukakis,490,1000
11/08/1988,CA,Trinity,ignore,Bush,510,1000
11/08/1988,IL,Hardin,ignore,Dukakis,420,1000
11/08/1988,IL,Hardin,ignore,Bush,580,1000
11/08/1988,GA,Lumpkin,ignore,Dukakis,420,1000
11/08/1988,GA,Lumpkin,ignore,Bush,580,1000
11/08/1988,OK,Johnston,ignore,Dukakis,420,1000
11/08/1988,OK,Johnston,ignore,Bush,580,1000
11/08/1988,TX,Montgomery,ignore,Dukakis,420,1000
11/08/1988,TX,Montgomery,ignore,Bush,580,1000
11/08/1988,OK,McIntosh,ignore,Dukakis,420,1000
11/08/1988,OK,McIntosh,ignore,Bush,580,1000
11/08/1988,OK,Marshall,ignore,Dukakis,420,1000
11/08/1988,OK,Marshall,ignore,Bush,580,1000
11/08/1988,TX,Robertson,ignore,Dukakis,420,1000
11/08/1988,TX,Robertson,ignore,Bush,580,1000
11/08/1988,WI,Sauk,ignore,Dukakis,510,1000
11/08/1988,WI,Sauk,ignore,Bush,490,1000
11/08/1988,AR,Prairie,ignore,Dukakis,420,1000
11/08/1988,AR,Prairie,ignore,Bush,580,1000
11/08/1988,WI,Milwaukee,ignore,Dukakis,580,1000
11/08/1988,WI,Milwaukee,ignore,Bush,420,1000
11/08/1988,WI,Jackson,ignore,Dukakis,420,1000
11/08/1988,WI,Jackson,ignore,Bush,580,1000
11/08/1988,WI,Oconto,ignore,Dukakis,420,1000
11/08/1988,WI,Oconto,ignore,Bush,580,1000
11/08/1988,AK,Denali,ignore,Dukakis,420,1000
11/08/1988,AK,Denali,ignore,Bush,580,1000
11/08/1988,WI,Vilas,ignore,Dukakis,420,1000
11/08/1988,WI,Vilas,ignore,Bush,580,1000
11/08/1988,CA,Inyo,ignore,Dukakis,470,1000
11/08/1988,CA,Inyo,ignore,Bush,530,1000
11/08/1988,NC,Iredell,ignore,Dukakis,420,1000
11/08/1988,NC,Iredell,ignore,Bush,580,1000
11/08/1988,AR,Pulaski,ignore,Dukakis,530,1000
11/08/1988,AR,Pulaski,ignore,Bush,470,1000
11/08/1988,MO,Vernon,ignore,Dukakis,420,1000
11/08/1988,MO,Vernon,ignore,Bush,580,1000
11/08/1988,IL,Carroll,ignore,Dukakis,420,1000
11/08/1988,IL,Carroll,ignore,Bush,580,1000
11/08/1988,GA,Hart,ignore,Dukakis,420,1000
11/08/1988,GA,Hart,ignore,Bush,580,1000
11/08/1988,IL,Adams,ignore,Dukakis,420,1000
11/08/1988,IL,Adams,ignore,Bush,580,1000
11/08/1988,TX,Tyler,ignore,Dukakis,420,1000
11/08/1988,TX,Tyler,ignore,Bush,580,1000
11/08/1988,GA,Lamar,ignore,Dukakis,420,1000
11/08/1988,GA,Lamar,ignore,Bush,580,1000
11/08/1988,TX,Polk,ignore,Dukakis,420,1000
11/08/1988,TX,Polk,ignore,Bush,580,1000
11/08/1988,CA,Sacramento,ignore,Dukakis,580,1000
11/08/1988,CA,Sacramento,ignore,Bush,420,1000
11/08/1988,OK,Pushmataha,ignore,Dukakis,420,1000
11/08/1988,OK,Pushmataha,ignore,Bush,580,1000
11/08/1988,VA,Greene,ignore,Dukakis,420,1000
11/08/1988,VA,Greene,ignore,Bush,580,1000
11/08/1988,OH,Belmont,ignore,Dukakis,420,1000
11/08/1988,OH,Belmont,ignore,Bush,580,1000
11/08/1988,WI,Washburn,ignore,Dukakis,420,1000
11/08/1988,WI,Washburn,ignore,Bush,580,1000
11/08/1988,AR,Ouachita,ignore,Dukakis,470,1000
11/08/1988,AR,Ouachita,ignore,Bush,530,1000
11/08/1988,SC,Colleton,ignore,Dukakis,470,1000
11/08/1988,SC,Colleton,ignore,Bush,530,1000
11/08/1988,PA,Butler,ignore,Dukakis,420,1000
11/08/1988,PA,Butler,ignore,Bush,580,1000
11/08/1988,AR,Sevier,ignore,Dukakis,420,1000
11/08/1988,AR,Sevier,ignore,Bush,580,1000
11/08/1988,OH,Lorain,ignore,Dukakis,503,1000
11/08/1988,OH,Lorain,ignore,Bush,497,1000
11/08/1988,LA,St_Mary,ignore,Dukakis,420,1000
11/08/1988,LA,St_Mary,ignore,Bush,580,1000
11/08/1988,MO,Pike,ignore,Dukakis,420,1000
11/08/1988,MO,Pike,ignore,Bush,580,1000
11/08/1988,OK,Craig,ignore,Dukakis,420,1000
11/08/1988,OK,Craig,ignore,Bush,580,1000
11/08/1988,KS,Sedgwick,ignore,Dukakis,420,1000
11/08/1988,KS,Sedgwick,ignore,Bush,580,1000
11/08/1988,IN,Jasper,ignore,Dukakis,420,1000
11/08/1988,IN,Jasper,ignore,Bush,580,1000
11/08/1988,CA,Napa,ignore,Dukakis,580,1000
11/08/1988,CA,Napa,ignore,Bush,420,1000
11/08/1988,TX,Loving,ignore,Dukakis,420,1000
11/08/1988,TX,Loving,ignore,Bush,580,1000
11/08/1988,MO,Johnson,ignore,Dukakis,420,1000
11/08/1988,MO,Johnson,ignore,Bush,580,1000
11/08/1988,CO,Broomfield,ignore,Dukakis,530,1000
11/08/1988,CO,Broomfield,ignore,Bush,470,1000
11/08/1988,VA,Page,ignore,Dukakis,420,1000
11/08/1988,VA,Page,ignore,Bush,580,1000
11/08/1988,WV,Mason,ignore,Dukakis,420,1000
11/08/1988,WV,Mason,ignore,Bush,580,1000
11/08/1988,AL,Winston,ignore,Dukakis,420,1000
11/08/1988,AL,Winston,ignore,Bush,580,1000
11/08/1988,AL,Perry,ignore,Dukakis,420,1000
11/08/1988,AL,Perry,ignore,Bush,580,1000
11/08/1988,OH,Meigs,ignore,Dukakis,420,1000
11/08/1988,OH,Meigs,ignore,Bush,580,1000
11/08/1988,SD,Buffalo,ignore,Dukakis,420,1000
11/08/1988,SD,Buffalo,ignore,Bush,580,1000
11/08/1988,SD,Mellette,ignore,Dukakis,420,1000
11/08/1988,SD,Mellette,ignore,Bush,580,1000
11/08/1988,NY,Chautauqua,ignore,Dukakis,420,1000
11/08/1988,NY,Chautauqua,ignore,Bush,580,1000
11/08/1988,SD,Oglala_Lakota,ignore,Dukakis,580,1000
11/08/1988,SD,Oglala_Lakota,ignore,Bush,420,1000
11/08/1988,DC,District_of_Columbia,ignore,Dukakis,580,1000
11/08/1988,DC,District_of_Columbia,ignore,Bush,420,1000
11/08/1988,10,New_Castle,ignore,Dukakis,580,1000
11/08/1988,10,New_Castle,ignore,Bush,420,1000
11/08/1988,CO,Denver,ignore,Dukakis,580,1000
11/08/1988,CO,Denver,ignore,Bush,420,1000
11/08/1988,NJ,Morris,ignore,Dukakis,470,1000
11/08/1988,NJ,Morris,ignore,Bush,530,1000
11/08/1988,AL,Hale,ignore,Dukakis,420,1000
11/08/1988,AL,Hale,ignore,Bush,580,1000
11/08/1988,OH,Washington,ignore,Dukakis,420,1000
11/08/1988,OH,Washington,ignore,Bush,580,1000
11/08/1988,WV,Calhoun,ignore,Dukakis,420,1000
11/08/1988,WV,Calhoun,ignore,Bush,580,1000
11/08/1988,PA,Crawford,ignore,Dukakis,420,1000
11/08/1988,PA,Crawford,ignore,Bush,580,1000
11/08/1988,SD,Todd,ignore,Dukakis,420,1000
11/08/1988,SD,Todd,ignore,Bush,580,1000
11/08/1988,MT,Dawson,ignore,Dukakis,420,1000
11/08/1988,MT,Dawson,ignore,Bush,580,1000
11/08/1988,TX,Montague,ignore,Dukakis,420,1000
11/08/1988,TX,Montague,ignore,Bush,580,1000
11/08/1988,MT,Richland,ignore,Dukakis,420,1000
11/08/1988,MT,Richland,ignore,Bush,580,1000
11/08/1988,TX,Gray,ignore,Dukakis,420,1000
11/08/1988,TX,Gray,ignore,Bush,580,1000
11/08/1988,AR,Greene,ignore,Dukakis,470,1000
11/08/1988,AR,Greene,ignore,Bush,530,1000
11/08/1988,GA,Appling,ignore,Dukakis,420,1000
11/08/1988,GA,Appling,ignore,Bush,580,1000
11/08/1988,AL,Elmore,ignore,Dukakis,420,1000
11/08/1988,AL,Elmore,ignore,Bush,580,1000
11/08/1988,GA,Coweta,ignore,Dukakis,420,1000
11/08/1988,GA,Coweta,ignore,Bush,580,1000
11/08/1988,IN,Elkhart,ignore,Dukakis,420,1000
11/08/1988,IN,Elkhart,ignore,Bush,580,1000
11/08/1988,NC,Yadkin,ignore,Dukakis,420,1000
11/08/1988,NC,Yadkin,ignore,Bush,580,1000
11/08/1988,AL,Chilton,ignore,Dukakis,420,1000
11/08/1988,AL,Chilton,ignore,Bush,580,1000
11/08/1988,OH,Wood,ignore,Dukakis,470,1000
11/08/1988,OH,Wood,ignore,Bush,530,1000
11/08/1988,NY,Westchester,ignore,Dukakis,580,1000
11/08/1988,NY,Westchester,ignore,Bush,420,1000
11/08/1988,LA,Orleans,ignore,Dukakis,580,1000
11/08/1988,LA,Orleans,ignore,Bush,420,1000
11/08/1988,WV,Mineral,ignore,Dukakis,420,1000
11/08/1988,WV,Mineral,ignore,Bush,580,1000
11/08/1988,AL,Walker,ignore,Dukakis,420,1000
11/08/1988,AL,Walker,ignore,Bush,580,1000
11/08/1988,WV,Monongalia,ignore,Dukakis,470,1000
11/08/1988,WV,Monongalia,ignore,Bush,530,1000
11/08/1988,WV,Pleasants,ignore,Dukakis,420,1000
11/08/1988,WV,Pleasants,ignore,Bush,580,1000
11/08/1988,NY,Rensselaer,ignore,Dukakis,470,1000
11/08/1988,NY,Rensselaer,ignore,Bush,530,1000
11/08/1988,NC,Cleveland,ignore,Dukakis,420,1000
11/08/1988,NC,Cleveland,ignore,Bush,580,1000
11/08/1988,NC,Gaston,ignore,Dukakis,420,1000
11/08/1988,NC,Gaston,ignore,Bush,580,1000
11/08/1988,NJ,Cumberland,ignore,Dukakis,530,1000
11/08/1988,NJ,Cumberland,ignore,Bush,470,1000
11/08/1988,CO,Eagle,ignore,Dukakis,530,1000
11/08/1988,CO,Eagle,ignore,Bush,470,1000
11/08/1988,TX,Jack,ignore,Dukakis,420,1000
11/08/1988,TX,Jack,ignore,Bush,580,1000
11/08/1988,AL,Coosa,ignore,Dukakis,420,1000
11/08/1988,AL,Coosa,ignore,Bush,580,1000
11/08/1988,FL,St_Lucie,ignore,Dukakis,510,1000
11/08/1988,FL,St_Lucie,ignore,Bush,490,1000
11/08/1988,AL,Henry,ignore,Dukakis,420,1000
11/08/1988,AL,Henry,ignore,Bush,580,1000
11/08/1988,CA,Santa_Cruz,ignore,Dukakis,580,1000
11/08/1988,CA,Santa_Cruz,ignore,Bush,420,1000
11/08/1988,KS,Labette,ignore,Dukakis,420,1000
11/08/1988,KS,Labette,ignore,Bush,580,1000
11/08/1988,GA,Baldwin,ignore,Dukakis,510,1000
11/08/1988,GA,Baldwin,ignore,Bush,490,1000
11/08/1988,LA,St_Bernard,ignore,Dukakis,420,1000
11/08/1988,LA,St_Bernard,ignore,Bush,580,1000
11/08/1988,VA,Suffolk,ignore,Dukakis,530,1000
11/08/1988,VA,Suffolk,ignore,Bush,470,1000
11/08/1988,CO,Jefferson,ignore,Dukakis,470,1000
11/08/1988,CO,Jefferson,ignore,Bush,530,1000
11/08/1988,WV,Pendleton,ignore,Dukakis,420,1000
11/08/1988,WV,Pendleton,ignore,Bush,580,1000
11/08/1988,VA,Tazewell,ignore,Dukakis,420,1000
11/08/1988,VA,Tazewell,ignore,Bush,580,1000
11/08/1988,MO,Clark,ignore,Dukakis,420,1000
11/08/1988,MO,Clark,ignore,Bush,580,1000
11/08/1988,NJ,Salem,ignore,Dukakis,420,1000
11/08/1988,NJ,Salem,ignore,Bush,580,1000
11/08/1988,PA,Warren,ignore,Dukakis,420,1000
11/08/1988,PA,Warren,ignore,Bush,580,1000
11/08/1988,ND,Grand_Forks,ignore,Dukakis,420,1000
11/08/1988,ND,Grand_Forks,ignore,Bush,580,1000
11/08/1988,OK,Delaware,ignore,Dukakis,420,1000
11/08/1988,OK,Delaware,ignore,Bush,580,1000
11/08/1988,CO,Hinsdale,ignore,Dukakis,420,1000
11/08/1988,CO,Hinsdale,ignore,Bush,580,1000
11/08/1988,AL,Macon,ignore,Dukakis,420,1000
11/08/1988,AL,Macon,ignore,Bush,580,1000
11/08/1988,VA,Carroll,ignore,Dukakis,420,1000
11/08/1988,VA,Carroll,ignore,Bush,580,1000
11/08/1988,CA,Placer,ignore,Dukakis,420,1000
11/08/1988,CA,Placer,ignore,Bush,580,1000
11/08/1988,OH,Medina,ignore,Dukakis,420,1000
11/08/1988,OH,Medina,ignore,Bush,580,1000
11/08/1988,OK,Cotton,ignore,Dukakis,420,1000
11/08/1988,OK,Cotton,ignore,Bush,580,1000
11/08/1988,OK,Jackson,ignore,Dukakis,420,1000
11/08/1988,OK,Jackson,ignore,Bush,580,1000
11/08/1988,LA,Ouachita,ignore,Dukakis,420,1000
11/08/1988,LA,Ouachita,ignore,Bush,580,1000
11/08/1988,CO,El_Paso,ignore,Dukakis,420,1000
11/08/1988,CO,El_Paso,ignore,Bush,580,1000
11/08/1988,WV,Ritchie,ignore,Dukakis,420,1000
11/08/1988,WV,Ritchie,ignore,Bush,580,1000
11/08/1988,VA,Floyd,ignore,Dukakis,420,1000
11/08/1988,VA,Floyd,ignore,Bush,580,1000
11/08/1988,MT,Fallon,ignore,Dukakis,420,1000
11/08/1988,MT,Fallon,ignore,Bush,580,1000
11/08/1988,MT,Prairie,ignore,Dukakis,420,1000
11/08/1988,MT,Prairie,ignore,Bush,580,1000
11/08/1988,TX,Brown,ignore,Dukakis,420,1000
11/08/1988,TX,Brown,ignore,Bush,580,1000
11/08/1988,TX,Ector,ignore,Dukakis,420,1000
11/08/1988,TX,Ector,ignore,Bush,580,1000
11/08/1988,UT,Emery,ignore,Dukakis,420,1000
11/08/1988,UT,Emery,ignore,Bush,580,1000
11/08/1988,NY,Richmond,ignore,Dukakis,530,1000
11/08/1988,NY,Richmond,ignore,Bush,470,1000
11/08/1988,NC,Dare,ignore,Dukakis,510,1000
11/08/1988,NC,Dare,ignore,Bush,490,1000
11/08/1988,NE,Butler,ignore,Dukakis,420,1000
11/08/1988,NE,Butler,ignore,Bush,580,1000
11/08/1988,TX,Lamar,ignore,Dukakis,420,1000
11/08/1988,TX,Lamar,ignore,Bush,580,1000
11/08/1988,KS,Dickinson,ignore,Dukakis,420,1000
11/08/1988,KS,Dickinson,ignore,Bush,580,1000
11/08/1988,ID,Jerome,ignore,Dukakis,420,1000
11/08/1988,ID,Jerome,ignore,Bush,580,1000
11/08/1988,OH,Mercer,ignore,Dukakis,420,1000
11/08/1988,OH,Mercer,ignore,Bush,580,1000
11/08/1988,IL,Livingston,ignore,Dukakis,420,1000
11/08/1988,IL,Livingston,ignore,Bush,580,1000
11/08/1988,IA,Dubuque,ignore,Dukakis,510,1000
11/08/1988,IA,Dubuque,ignore,Bush,490,1000
11/08/1988,ID,Madison,ignore,Dukakis,420,1000
11/08/1988,ID,Madison,ignore,Bush,580,1000
11/08/1988,LA,Plaquemines,ignore,Dukakis,420,1000
11/08/1988,LA,Plaquemines,ignore,Bush,580,1000
11/08/1988,LA,Pointe_Coupee,ignore,Dukakis,470,1000
11/08/1988,LA,Pointe_Coupee,ignore,Bush,530,1000
11/08/1988,MT,Missoula,ignore,Dukakis,530,1000
11/08/1988,MT,Missoula,ignore,Bush,470,1000
11/08/1988,UT,Grand,ignore,Dukakis,420,1000
11/08/1988,UT,Grand,ignore,Bush,580,1000
11/08/1988,TX,Bexar,ignore,Dukakis,510,1000
11/08/1988,TX,Bexar,ignore,Bush,490,1000
11/08/1988,HI,Honolulu,ignore,Dukakis,530,1000
11/08/1988,HI,Honolulu,ignore,Bush,470,1000
11/08/1988,GA,Oglethorpe,ignore,Dukakis,420,1000
11/08/1988,GA,Oglethorpe,ignore,Bush,580,1000
11/08/1988,GA,Peach,ignore,Dukakis,530,1000
11/08/1988,GA,Peach,ignore,Bush,470,1000
11/08/1988,OH,Clinton,ignore,Dukakis,420,1000
11/08/1988,OH,Clinton,ignore,Bush,580,1000
11/08/1988,GA,Randolph,ignore,Dukakis,530,1000
11/08/1988,GA,Randolph,ignore,Bush,470,1000
11/08/1988,GA,Jasper,ignore,Dukakis,420,1000
11/08/1988,GA,Jasper,ignore,Bush,580,1000
11/08/1988,TX,Jackson,ignore,Dukakis,420,1000
11/08/1988,TX,Jackson,ignore,Bush,580,1000
11/08/1988,GA,Troup,ignore,Dukakis,420,1000
11/08/1988,GA,Troup,ignore,Bush,580,1000
11/08/1988,GA,Brantley,ignore,Dukakis,420,1000
11/08/1988,GA,Brantley,ignore,Bush,580,1000
11/08/1988,GA,Bryan,ignore,Dukakis,420,1000
11/08/1988,GA,Bryan,ignore,Bush,580,1000
11/08/1988,TX,Leon,ignore,Dukakis,420,1000
11/08/1988,TX,Leon,ignore,Bush,580,1000
11/08/1988,CA,Merced,ignore,Dukakis,470,1000
11/08/1988,CA,Merced,ignore,Bush,530,1000
11/08/1988,FL,Martin,ignore,Dukakis,420,1000
11/08/1988,FL,Martin,ignore,Bush,580,1000
11/08/1988,TX,Ward,ignore,Dukakis,420,1000
11/08/1988,TX,Ward,ignore,Bush,580,1000
11/08/1988,TX,Wichita,ignore,Dukakis,420,1000
11/08/1988,TX,Wichita,ignore,Bush,580,1000
11/08/1988,NY,Cayuga,ignore,Dukakis,470,1000
11/08/1988,NY,Cayuga,ignore,Bush,530,1000
11/08/1988,NC,Hertford,ignore,Dukakis,580,1000
11/08/1988,NC,Hertford,ignore,Bush,420,1000
11/08/1988,CO,Park,ignore,Dukakis,420,1000
11/08/1988,CO,Park,ignore,Bush,580,1000
11/08/1988,CO,Teller,ignore,Dukakis,420,1000
11/08/1988,CO,Teller,ignore,Bush,580,1000
11/08/1988,UT,Sevier,ignore,Dukakis,420,1000
11/08/1988,UT,Sevier,ignore,Bush,580,1000
11/08/1988,UT,Tooele,ignore,Dukakis,420,1000
11/08/1988,UT,Tooele,ignore,Bush,580,1000
11/08/1988,TX,Maverick,ignore,Dukakis,420,1000
11/08/1988,TX,Maverick,ignore,Bush,580,1000
11/08/1988,FL,Suwannee,ignore,Dukakis,420,1000
11/08/1988,FL,Suwannee,ignore,Bush,580,1000
11/08/1988,UT,Wasatch,ignore,Dukakis,420,1000
11/08/1988,UT,Wasatch,ignore,Bush,580,1000
11/08/1988,OR,Malheur,ignore,Dukakis,420,1000
11/08/1988,OR,Malheur,ignore,Bush,580,1000
11/08/1988,GA,Fayette,ignore,Dukakis,420,1000
11/08/1988,GA,Fayette,ignore,Bush,580,1000
11/08/1988,KY,Floyd,ignore,Dukakis,420,1000
11/08/1988,KY,Floyd,ignore,Bush,580,1000
11/08/1988,CO,Logan,ignore,Dukakis,420,1000
11/08/1988,CO,Logan,ignore,Bush,580,1000
11/08/1988,OH,Montgomery,ignore,Dukakis,490,1000
11/08/1988,OH,Montgomery,ignore,Bush,510,1000
11/08/1988,CO,Mesa,ignore,Dukakis,420,1000
11/08/1988,CO,Mesa,ignore,Bush,580,1000
11/08/1988,IA,Howard,ignore,Dukakis,497,1000
11/08/1988,IA,Howard,ignore,Bush,503,1000
11/08/1988,IL,Menard,ignore,Dukakis,420,1000
11/08/1988,IL,Menard,ignore,Bush,580,1000
11/08/1988,TX,Mills,ignore,Dukakis,420,1000
11/08/1988,TX,Mills,ignore,Bush,580,1000
11/08/1988,IL,Monroe,ignore,Dukakis,490,1000
11/08/1988,IL,Monroe,ignore,Bush,510,1000
11/08/1988,OR,Douglas,ignore,Dukakis,420,1000
11/08/1988,OR,Douglas,ignore,Bush,580,1000
11/08/1988,WI,Crawford,ignore,Dukakis,420,1000
11/08/1988,WI,Crawford,ignore,Bush,580,1000
11/08/1988,TX,Haskell,ignore,Dukakis,420,1000
11/08/1988,TX,Haskell,ignore,Bush,580,1000
11/08/1988,OK,Logan,ignore,Dukakis,420,1000
11/08/1988,OK,Logan,ignore,Bush,580,1000
11/08/1988,WA,Grays_Harbor,ignore,Dukakis,510,1000
11/08/1988,WA,Grays_Harbor,ignore,Bush,490,1000
11/08/1988,WA,Lincoln,ignore,Dukakis,420,1000
11/08/1988,WA,Lincoln,ignore,Bush,580,1000
11/08/1988,WA,Okanogan,ignore,Dukakis,420,1000
11/08/1988,WA,Okanogan,ignore,Bush,580,1000
11/08/1988,IA,Monona,ignore,Dukakis,420,1000
11/08/1988,IA,Monona,ignore,Bush,580,1000
11/08/1988,GA,Taliaferro,ignore,Dukakis,580,1000
11/08/1988,GA,Taliaferro,ignore,Bush,420,1000
11/08/1988,OK,Greer,ignore,Dukakis,420,1000
11/08/1988,OK,Greer,ignore,Bush,580,1000
11/08/1988,GA,Terrell,ignore,Dukakis,510,1000
11/08/1988,GA,Terrell,ignore,Bush,490,1000
11/08/1988,MD,Queen_Anne_s,ignore,Dukakis,420,1000
11/08/1988,MD,Queen_Anne_s,ignore,Bush,580,1000
11/08/1988,OH,Noble,ignore,Dukakis,420,1000
11/08/1988,OH,Noble,ignore,Bush,580,1000
11/08/1988,CO,Prowers,ignore,Dukakis,420,1000
11/08/1988,CO,Prowers,ignore,Bush,580,1000
11/08/1988,ID,Latah,ignore,Dukakis,470,1000
11/08/1988,ID,Latah,ignore,Bush,530,1000
11/08/1988,VA,Gloucester,ignore,Dukakis,420,1000
11/08/1988,VA,Gloucester,ignore,Bush,580,1000
11/08/1988,CO,Rio_Blanco,ignore,Dukakis,420,1000
11/08/1988,CO,Rio_Blanco,ignore,Bush,580,1000
11/08/1988,TX,Pecos,ignore,Dukakis,420,1000
11/08/1988,TX,Pecos,ignore,Bush,580,1000
11/08/1988,IA,Marion,ignore,Dukakis,420,1000
11/08/1988,IA,Marion,ignore,Bush,580,1000
11/08/1988,OH,Preble,ignore,Dukakis,420,1000
11/08/1988,OH,Preble,ignore,Bush,580,1000
11/08/1988,GA,Rabun,ignore,Dukakis,420,1000
11/08/1988,GA,Rabun,ignore,Bush,580,1000
11/08/1988,MO,Taney,ignore,Dukakis,420,1000
11/08/1988,MO,Taney,ignore,Bush,580,1000
11/08/1988,TX,Marion,ignore,Dukakis,420,1000
11/08/1988,TX,Marion,ignore,Bush,580,1000
11/08/1988,AR,Washington,ignore,Dukakis,470,1000
11/08/1988,AR,Washington,ignore,Bush,530,1000
11/08/1988,WA,Skagit,ignore,Dukakis,510,1000
11/08/1988,WA,Skagit,ignore,Bush,490,1000
11/08/1988,WA,Stevens,ignore,Dukakis,420,1000
11/08/1988,WA,Stevens,ignore,Bush,580,1000
11/08/1988,TX,Matagorda,ignore,Dukakis,420,1000
11/08/1988,TX,Matagorda,ignore,Bush,580,1000
11/08/1988,MA,Hampshire,ignore,Dukakis,580,1000
11/08/1988,MA,Hampshire,ignore,Bush,420,1000
11/08/1988,OK,Mayes,ignore,Dukakis,420,1000
11/08/1988,OK,Mayes,ignore,Bush,580,1000
11/08/1988,FL,Lake,ignore,Dukakis,420,1000
11/08/1988,FL,Lake,ignore,Bush,580,1000
11/08/1988,10,Kent,ignore,Dukakis,490,1000
11/08/1988,10,Kent,ignore,Bush,510,1000
11/08/1988,OH,Highland,ignore,Dukakis,420,1000
11/08/1988,OH,Highland,ignore,Bush,580,1000
11/08/1988,GA,Clarke,ignore,Dukakis,580,1000
11/08/1988,GA,Clarke,ignore,Bush,420,1000
11/08/1988,IA,Osceola,ignore,Dukakis,420,1000
11/08/1988,IA,Osceola,ignore,Bush,580,1000
11/08/1988,CO,San_Juan,ignore,Dukakis,580,1000
11/08/1988,CO,San_Juan,ignore,Bush,420,1000
11/08/1988,IA,Plymouth,ignore,Dukakis,420,1000
11/08/1988,IA,Plymouth,ignore,Bush,580,1000
11/08/1988,VA,Hanover,ignore,Dukakis,420,1000
11/08/1988,VA,Hanover,ignore,Bush,580,1000
11/08/1988,IA,Mills,ignore,Dukakis,420,1000
11/08/1988,IA,Mills,ignore,Bush,580,1000
11/08/1988,SC,Oconee,ignore,Dukakis,420,1000
11/08/1988,SC,Oconee,ignore,Bush,580,1000
11/08/1988,AR,Crawford,ignore,Dukakis,420,1000
11/08/1988,AR,Crawford,ignore,Bush,580,1000
11/08/1988,TX,Harrison,ignore,Dukakis,420,1000
11/08/1988,TX,Harrison,ignore,Bush,580,1000
11/08/1988,NY,Herkimer,ignore,Dukakis,420,1000
11/08/1988,NY,Herkimer,ignore,Bush,580,1000
11/08/1988,WA,Whatcom,ignore,Dukakis,530,1000
11/08/1988,WA,Whatcom,ignore,Bush,470,1000
11/08/1988,GA,Whitfield,ignore,Dukakis,420,1000
11/08/1988,GA,Whitfield,ignore,Bush,580,1000
11/08/1988,WA,Douglas,ignore,Dukakis,420,1000
11/08/1988,WA,Douglas,ignore,Bush,580,1000
11/08/1988,GA,Clinch,ignore,Dukakis,420,1000
11/08/1988,GA,Clinch,ignore,Bush,580,1000
11/08/1988,ID,Adams,ignore,Dukakis,420,1000
11/08/1988,ID,Adams,ignore,Bush,580,1000
11/08/1988,TX,Hockley,ignore,Dukakis,420,1000
11/08/1988,TX,Hockley,ignore,Bush,580,1000
11/08/1988,IL,Pulaski,ignore,Dukakis,470,1000
11/08/1988,IL,Pulaski,ignore,Bush,530,1000
11/08/1988,GA,Chattahoochee,ignore,Dukakis,490,1000
11/08/1988,GA,Chattahoochee,ignore,Bush,510,1000
11/08/1988,AR,Randolph,ignore,Dukakis,420,1000
11/08/1988,AR,Randolph,ignore,Bush,580,1000
11/08/1988,AR,White,ignore,Dukakis,420,1000
11/08/1988,AR,White,ignore,Bush,580,1000
11/08/1988,MO,Howard,ignore,Dukakis,420,1000
11/08/1988,MO,Howard,ignore,Bush,580,1000
11/08/1988,TX,Knox,ignore,Dukakis,420,1000
11/08/1988,TX,Knox,ignore,Bush,580,1000
11/08/1988,NJ,Passaic,ignore,Dukakis,530,1000
11/08/1988,NJ,Passaic,ignore,Bush,470,1000
11/08/1988,MT,Broadwater,ignore,Dukakis,420,1000
11/08/1988,MT,Broadwater,ignore,Bush,580,1000
11/08/1988,GA,Jones,ignore,Dukakis,420,1000
11/08/1988,GA,Jones,ignore,Bush,580,1000
11/08/1988,NY,Otsego,ignore,Dukakis,470,1000
11/08/1988,NY,Otsego,ignore,Bush,530,1000
11/08/1988,TX,Franklin,ignore,Dukakis,420,1000
11/08/1988,TX,Franklin,ignore,Bush,580,1000
11/08/1988,OK,Garvin,ignore,Dukakis,420,1000
11/08/1988,OK,Garvin,ignore,Bush,580,1000
11/08/1988,NY,Hamilton,ignore,Dukakis,420,1000
11/08/1988,NY,Hamilton,ignore,Bush,580,1000
11/08/1988,PA,Pike,ignore,Dukakis,470,1000
11/08/1988,PA,Pike,ignore,Bush,530,1000
11/08/1988,VT,Orleans,ignore,Dukakis,510,1000
11/08/1988,VT,Orleans,ignore,Bush,490,1000
11/08/1988,GA,Colquitt,ignore,Dukakis,420,1000
11/08/1988,GA,Colquitt,ignore,Bush,580,1000
11/08/1988,VT,Chittenden,ignore,Dukakis,580,1000
11/08/1988,VT,Chittenden,ignore,Bush,420,1000
11/08/1988,MT,Pondera,ignore,Dukakis,420,1000
11/08/1988,MT,Pondera,ignore,Bush,580,1000
11/08/1988,WI,Columbia,ignore,Dukakis,470,1000
11/08/1988,WI,Columbia,ignore,Bush,530,1000
11/08/1988,NE,Thurston,ignore,Dukakis,470,1000
11/08/1988,NE,Thurston,ignore,Bush,530,1000
11/08/1988,AR,Woodruff,ignore,Dukakis,530,1000
11/08/1988,AR,Woodruff,ignore,Bush,470,1000
11/08/1988,OK,Okfuskee,ignore,Dukakis,420,1000
11/08/1988,OK,Okfuskee,ignore,Bush,580,1000
11/08/1988,TX,San_Patricio,ignore,Dukakis,420,1000
11/08/1988,TX,San_Patricio,ignore,Bush,580,1000
11/08/1988,MS,Rankin,ignore,Dukakis,420,1000
11/08/1988,MS,Rankin,ignore,Bush,580,1000
11/08/1988,NM,Curry,ignore,Dukakis,420,1000
11/08/1988,NM,Curry,ignore,Bush,580,1000
11/08/1988,MS,Leflore,ignore,Dukakis,510,1000
11/08/1988,MS,Leflore,ignore,Bush,490,1000
11/08/1988,TX,Hardin,ignore,Dukakis,420,1000
11/08/1988,TX,Hardin,ignore,Bush,580,1000
11/08/1988,VA,Nelson,ignore,Dukakis,470,1000
11/08/1988,VA,Nelson,ignore,Bush,530,1000
11/08/1988,TN,Jackson,ignore,Dukakis,420,1000
11/08/1988,TN,Jackson,ignore,Bush,580,1000
11/08/1988,TX,Refugio,ignore,Dukakis,420,1000
11/08/1988,TX,Refugio,ignore,Bush,580,1000
11/08/1988,FL,Columbia,ignore,Dukakis,420,1000
11/08/1988,FL,Columbia,ignore,Bush,580,1000
11/08/1988,KS,Atchison,ignore,Dukakis,420,1000
11/08/1988,KS,Atchison,ignore,Bush,580,1000
11/08/1988,AL,Jefferson,ignore,Dukakis,420,1000
11/08/1988,AL,Jefferson,ignore,Bush,580,1000
11/08/1988,TX,Houston,ignore,Dukakis,420,1000
11/08/1988,TX,Houston,ignore,Bush,580,1000
11/08/1988,WV,Marshall,ignore,Dukakis,420,1000
11/08/1988,WV,Marshall,ignore,Bush,580,1000
11/08/1988,VA,Pulaski,ignore,Dukakis,420,1000
11/08/1988,VA,Pulaski,ignore,Bush,580,1000
11/08/1988,MO,DeKalb,ignore,Dukakis,420,1000
11/08/1988,MO,DeKalb,ignore,Bush,580,1000
11/08/1988,GA,Harris,ignore,Dukakis,420,1000
11/08/1988,GA,Harris,ignore,Bush,580,1000
11/08/1988,GA,Houston,ignore,Dukakis,470,1000
11/08/1988,GA,Houston,ignore,Bush,530,1000
11/08/1988,CO,Custer,ignore,Dukakis,490,1000
11/08/1988,CO,Custer,ignore,Bush,510,1000
11/08/1988,MO,Reynolds,ignore,Dukakis,420,1000
11/08/1988,MO,Reynolds,ignore,Bush,580,1000
11/08/1988,TX,San_Saba,ignore,Dukakis,420,1000
11/08/1988,TX,San_Saba,ignore,Bush,580,1000
11/08/1988,CO,Fremont,ignore,Dukakis,420,1000
11/08/1988,CO,Fremont,ignore,Bush,580,1000
11/08/1988,TX,Webb,ignore,Dukakis,420,1000
11/08/1988,TX,Webb,ignore,Bush,580,1000
11/08/1988,KY,Pulaski,ignore,Dukakis,420,1000
11/08/1988,KY,Pulaski,ignore,Bush,580,1000
11/08/1988,KS,Thomas,ignore,Dukakis,420,1000
11/08/1988,KS,Thomas,ignore,Bush,580,1000
11/08/1988,UT,Box_Elder,ignore,Dukakis,420,1000
11/08/1988,UT,Box_Elder,ignore,Bush,580,1000
11/08/1988,TN,Marion,ignore,Dukakis,420,1000
11/08/1988,TN,Marion,ignore,Bush,580,1000
11/08/1988,MN,Chisago,ignore,Dukakis,420,1000
11/08/1988,MN,Chisago,ignore,Bush,580,1000
11/08/1988,NC,Transylvania,ignore,Dukakis,420,1000
11/08/1988,NC,Transylvania,ignore,Bush,580,1000
11/08/1988,MT,Treasure,ignore,Dukakis,420,1000
11/08/1988,MT,Treasure,ignore,Bush,580,1000
11/08/1988,WA,Thurston,ignore,Dukakis,580,1000
11/08/1988,WA,Thurston,ignore,Bush,420,1000
11/08/1988,MI,Barry,ignore,Dukakis,420,1000
11/08/1988,MI,Barry,ignore,Bush,580,1000
11/08/1988,UT,Juab,ignore,Dukakis,420,1000
11/08/1988,UT,Juab,ignore,Bush,580,1000
11/08/1988,VA,King_William,ignore,Dukakis,420,1000
11/08/1988,VA,King_William,ignore,Bush,580,1000
11/08/1988,GA,Catoosa,ignore,Dukakis,420,1000
11/08/1988,GA,Catoosa,ignore,Bush,580,1000
11/08/1988,NJ,Bergen,ignore,Dukakis,510,1000
11/08/1988,NJ,Bergen,ignore,Bush,490,1000
11/08/1988,TX,Wilbarger,ignore,Dukakis,420,1000
11/08/1988,TX,Wilbarger,ignore,Bush,580,1000
11/08/1988,OR,Coos,ignore,Dukakis,420,1000
11/08/1988,OR,Coos,ignore,Bush,580,1000
11/08/1988,AZ,Yuma,ignore,Dukakis,420,1000
11/08/1988,AZ,Yuma,ignore,Bush,580,1000
11/08/1988,IL,Rock_Island,ignore,Dukakis,580,1000
11/08/1988,IL,Rock_Island,ignore,Bush,420,1000
11/08/1988,KY,Fleming,ignore,Dukakis,420,1000
11/08/1988,KY,Fleming,ignore,Bush,580,1000
11/08/1988,WI,Menominee,ignore,Dukakis,490,1000
11/08/1988,WI,Menominee,ignore,Bush,510,1000
11/08/1988,OK,Ellis,ignore,Dukakis,420,1000
11/08/1988,OK,Ellis,ignore,Bush,580,1000
11/08/1988,VA,Alleghany,ignore,Dukakis,420,1000
11/08/1988,VA,Alleghany,ignore,Bush,580,1000
11/08/1988,SD,Charles_Mix,ignore,Dukakis,420,1000
11/08/1988,SD,Charles_Mix,ignore,Bush,580,1000
11/08/1988,TN,Hardeman,ignore,Dukakis,420,1000
11/08/1988,TN,Hardeman,ignore,Bush,580,1000
11/08/1988,MT,Glacier,ignore,Dukakis,580,1000
11/08/1988,MT,Glacier,ignore,Bush,420,1000
11/08/1988,MT,Park,ignore,Dukakis,420,1000
11/08/1988,MT,Park,ignore,Bush,580,1000
11/08/1988,GA,Elbert,ignore,Dukakis,420,1000
11/08/1988,GA,Elbert,ignore,Bush,580,1000
11/08/1988,MT,Sanders,ignore,Dukakis,420,1000
11/08/1988,MT,Sanders,ignore,Bush,580,1000
11/08/1988,TX,Van_Zandt,ignore,Dukakis,420,1000
11/08/1988,TX,Van_Zandt,ignore,Bush,580,1000
11/08/1988,NE,Gage,ignore,Dukakis,420,1000
11/08/1988,NE,Gage,ignore,Bush,580,1000
11/08/1988,LA,St_Landry,ignore,Dukakis,420,1000
11/08/1988,LA,St_Landry,ignore,Bush,580,1000
11/08/1988,ME,Knox,ignore,Dukakis,580,1000
11/08/1988,ME,Knox,ignore,Bush,420,1000
11/08/1988,NV,Lyon,ignore,Dukakis,420,1000
11/08/1988,NV,Lyon,ignore,Bush,580,1000
11/08/1988,AL,Colbert,ignore,Dukakis,420,1000
11/08/1988,AL,Colbert,ignore,Bush,580,1000
11/08/1988,LA,Lincoln,ignore,Dukakis,420,1000
11/08/1988,LA,Lincoln,ignore,Bush,580,1000
11/08/1988,CA,El_Dorado,ignore,Dukakis,420,1000
11/08/1988,CA,El_Dorado,ignore,Bush,580,1000
11/08/1988,ID,Shoshone,ignore,Dukakis,470,1000
11/08/1988,ID,Shoshone,ignore,Bush,530,1000
11/08/1988,TN,Wilson,ignore,Dukakis,420,1000
11/08/1988,TN,Wilson,ignore,Bush,580,1000
11/08/1988,ND,Mercer,ignore,Dukakis,420,1000
11/08/1988,ND,Mercer,ignore,Bush,580,1000
11/08/1988,TN,Unicoi,ignore,Dukakis,420,1000
11/08/1988,TN,Unicoi,ignore,Bush,580,1000
11/08/1988,WY,Goshen,ignore,Dukakis,420,1000
11/08/1988,WY,Goshen,ignore,Bush,580,1000
11/08/1988,MN,Nicollet,ignore,Dukakis,497,1000
11/08/1988,MN,Nicollet,ignore,Bush,503,1000
11/08/1988,WA,Garfield,ignore,Dukakis,420,1000
11/08/1988,WA,Garfield,ignore,Bush,580,1000
11/08/1988,MO,Cape_Girardeau,ignore,Dukakis,420,1000
11/08/1988,MO,Cape_Girardeau,ignore,Bush,580,1000
11/08/1988,OK,Pawnee,ignore,Dukakis,420,1000
11/08/1988,OK,Pawnee,ignore,Bush,580,1000
11/08/1988,NC,Swain,ignore,Dukakis,420,1000
11/08/1988,NC,Swain,ignore,Bush,580,1000
11/08/1988,VA,Culpeper,ignore,Dukakis,420,1000
11/08/1988,VA,Culpeper,ignore,Bush,580,1000
11/08/1988,NY,Tioga,ignore,Dukakis,470,1000
11/08/1988,NY,Tioga,ignore,Bush,530,1000
11/08/1988,NC,Jackson,ignore,Dukakis,470,1000
11/08/1988,NC,Jackson,ignore,Bush,530,1000
11/08/1988,TX,Bosque,ignore,Dukakis,420,1000
11/08/1988,TX,Bosque,ignore,Bush,580,1000
11/08/1988,IL,Pope,ignore,Dukakis,420,1000
11/08/1988,IL,Pope,ignore,Bush,580,1000
11/08/1988,IA,Buchanan,ignore,Dukakis,470,1000
11/08/1988,IA,Buchanan,ignore,Bush,530,1000
11/08/1988,TN,Fentress,ignore,Dukakis,420,1000
11/08/1988,TN,Fentress,ignore,Bush,580,1000
11/08/1988,IL,Sangamon,ignore,Dukakis,490,1000
11/08/1988,IL,Sangamon,ignore,Bush,510,1000
11/08/1988,KS,Franklin,ignore,Dukakis,420,1000
11/08/1988,KS,Franklin,ignore,Bush,580,1000
11/08/1988,OR,Jackson,ignore,Dukakis,470,1000
11/08/1988,OR,Jackson,ignore,Bush,530,1000
11/08/1988,ID,Fremont,ignore,Dukakis,420,1000
11/08/1988,ID,Fremont,ignore,Bush,580,1000
11/08/1988,NE,Holt,ignore,Dukakis,420,1000
11/08/1988,NE,Holt,ignore,Bush,580,1000
11/08/1988,MO,Jackson,ignore,Dukakis,580,1000
11/08/1988,MO,Jackson,ignore,Bush,420,1000
11/08/1988,VA,King_George,ignore,Dukakis,420,1000
11/08/1988,VA,King_George,ignore,Bush,580,1000
11/08/1988,TX,Caldwell,ignore,Dukakis,420,1000
11/08/1988,TX,Caldwell,ignore,Bush,580,1000
11/08/1988,VA,Lancaster,ignore,Dukakis,470,1000
11/08/1988,VA,Lancaster,ignore,Bush,530,1000
11/08/1988,MO,Chariton,ignore,Dukakis,420,1000
11/08/1988,MO,Chariton,ignore,Bush,580,1000
11/08/1988,MT,Cascade,ignore,Dukakis,420,1000
11/08/1988,MT,Cascade,ignore,Bush,580,1000
11/08/1988,VA,Mathews,ignore,Dukakis,420,1000
11/08/1988,VA,Mathews,ignore,Bush,580,1000
11/08/1988,OK,Bryan,ignore,Dukakis,420,1000
11/08/1988,OK,Bryan,ignore,Bush,580,1000
11/08/1988,TX,Washington,ignore,Dukakis,420,1000
11/08/1988,TX,Washington,ignore,Bush,580,1000
11/08/1988,OH,Gallia,ignore,Dukakis,420,1000
11/08/1988,OH,Gallia,ignore,Bush,580,1000
11/08/1988,TN,Hamilton,ignore,Dukakis,420,1000
11/08/1988,TN,Hamilton,ignore,Bush,580,1000
11/08/1988,NE,Sheridan,ignore,Dukakis,420,1000
11/08/1988,NE,Sheridan,ignore,Bush,580,1000
11/08/1988,IL,Jo_Daviess,ignore,Dukakis,470,1000
11/08/1988,IL,Jo_Daviess,ignore,Bush,530,1000
11/08/1988,SD,Corson,ignore,Dukakis,420,1000
11/08/1988,SD,Corson,ignore,Bush,580,1000
11/08/1988,MO,Lafayette,ignore,Dukakis,420,1000
11/08/1988,MO,Lafayette,ignore,Bush,580,1000
11/08/1988,PA,Montgomery,ignore,Dukakis,580,1000
11/08/1988,PA,Montgomery,ignore,Bush,420,1000
11/08/1988,MD,Prince_George_s,ignore,Dukakis,580,1000
11/08/1988,MD,Prince_George_s,ignore,Bush,420,1000
11/08/1988,VA,Middlesex,ignore,Dukakis,420,1000
11/08/1988,VA,Middlesex,ignore,Bush,580,1000
11/08/1988,ID,Owyhee,ignore,Dukakis,420,1000
11/08/1988,ID,Owyhee,ignore,Bush,580,1000
11/08/1988,KS,Doniphan,ignore,Dukakis,420,1000
11/08/1988,KS,Doniphan,ignore,Bush,580,1000
11/08/1988,NC,Graham,ignore,Dukakis,420,1000
11/08/1988,NC,Graham,ignore,Bush,580,1000
11/08/1988,AL,Lamar,ignore,Dukakis,420,1000
11/08/1988,AL,Lamar,ignore,Bush,580,1000
11/08/1988,GA,Coffee,ignore,Dukakis,420,1000
11/08/1988,GA,Coffee,ignore,Bush,580,1000
11/08/1988,CO,Ouray,ignore,Dukakis,470,1000
11/08/1988,CO,Ouray,ignore,Bush,530,1000
11/08/1988,NC,Henderson,ignore,Dukakis,470,1000
11/08/1988,NC,Henderson,ignore,Bush,530,1000
11/08/1988,ID,Elmore,ignore,Dukakis,420,1000
11/08/1988,ID,Elmore,ignore,Bush,580,1000
11/08/1988,ID,Jefferson,ignore,Dukakis,420,1000
11/08/1988,ID,Jefferson,ignore,Bush,580,1000
11/08/1988,IN,Lake,ignore,Dukakis,530,1000
11/08/1988,IN,Lake,ignore,Bush,470,1000
11/08/1988,PA,Lycoming,ignore,Dukakis,420,1000
11/08/1988,PA,Lycoming,ignore,Bush,580,1000
11/08/1988,NJ,Hunterdon,ignore,Dukakis,420,1000
11/08/1988,NJ,Hunterdon,ignore,Bush,580,1000
11/08/1988,VA,Smyth,ignore,Dukakis,420,1000
11/08/1988,VA,Smyth,ignore,Bush,580,1000
11/08/1988,VA,Spotsylvania,ignore,Dukakis,470,1000
11/08/1988,VA,Spotsylvania,ignore,Bush,530,1000
11/08/1988,NE,Sarpy,ignore,Dukakis,420,1000
11/08/1988,NE,Sarpy,ignore,Bush,580,1000
11/08/1988,OK,Harmon,ignore,Dukakis,420,1000
11/08/1988,OK,Harmon,ignore,Bush,580,1000
11/08/1988,GA,Toombs,ignore,Dukakis,420,1000
11/08/1988,GA,Toombs,ignore,Bush,580,1000
11/08/1988,KS,Harper,ignore,Dukakis,420,1000
11/08/1988,KS,Harper,ignore,Bush,580,1000
11/08/1988,AL,Shelby,ignore,Dukakis,420,1000
11/08/1988,AL,Shelby,ignore,Bush,580,1000
11/08/1988,AR,Calhoun,ignore,Dukakis,420,1000
11/08/1988,AR,Calhoun,ignore,Bush,580,1000
11/08/1988,NY,Columbia,ignore,Dukakis,530,1000
11/08/1988,NY,Columbia,ignore,Bush,470,1000
11/08/1988,GA,Warren,ignore,Dukakis,580,1000
11/08/1988,GA,Warren,ignore,Bush,420,1000
11/08/1988,OR,Linn,ignore,Dukakis,420,1000
11/08/1988,OR,Linn,ignore,Bush,580,1000
11/08/1988,SD,Gregory,ignore,Dukakis,420,1000
11/08/1988,SD,Gregory,ignore,Bush,580,1000
11/08/1988,TX,San_Jacinto,ignore,Dukakis,420,1000
11/08/1988,TX,San_Jacinto,ignore,Bush,580,1000
11/08/1988,IL,Calhoun,ignore,Dukakis,420,1000
11/08/1988,IL,Calhoun,ignore,Bush,580,1000
11/08/1988,FL,Brevard,ignore,Dukakis,470,1000
11/08/1988,FL,Brevard,ignore,Bush,530,1000
11/08/1988,NE,Scotts_Bluff,ignore,Dukakis,420,1000
11/08/1988,NE,Scotts_Bluff,ignore,Bush,580,1000
11/08/1988,ND,Nelson,ignore,Dukakis,470,1000
11/08/1988,ND,Nelson,ignore,Bush,530,1000
11/08/1988,ME,Androscoggin,ignore,Dukakis,530,1000
11/08/1988,ME,Androscoggin,ignore,Bush,470,1000
11/08/1988,TX,Wise,ignore,Dukakis,420,1000
11/08/1988,TX,Wise,ignore,Bush,580,1000
11/08/1988,TN,Rutherford,ignore,Dukakis,420,1000
11/08/1988,TN,Rutherford,ignore,Bush,580,1000
11/08/1988,MI,Houghton,ignore,Dukakis,420,1000
11/08/1988,MI,Houghton,ignore,Bush,580,1000
11/08/1988,KY,Leslie,ignore,Dukakis,420,1000
11/08/1988,KY,Leslie,ignore,Bush,580,1000
11/08/1988,NC,Harnett,ignore,Dukakis,420,1000
11/08/1988,NC,Harnett,ignore,Bush,580,1000
11/08/1988,KY,Perry,ignore,Dukakis,420,1000
11/08/1988,KY,Perry,ignore,Bush,580,1000
11/08/1988,IL,DuPage,ignore,Dukakis,530,1000
11/08/1988,IL,DuPage,ignore,Bush,470,1000
11/08/1988,MN,Anoka,ignore,Dukakis,470,1000
11/08/1988,MN,Anoka,ignore,Bush,530,1000
11/08/1988,CA,Butte,ignore,Dukakis,490,1000
11/08/1988,CA,Butte,ignore,Bush,510,1000
11/08/1988,MN,Stearns,ignore,Dukakis,420,1000
11/08/1988,MN,Stearns,ignore,Bush,580,1000
11/08/1988,MN,Sherburne,ignore,Dukakis,420,1000
11/08/1988,MN,Sherburne,ignore,Bush,580,1000
11/08/1988,MO,Jasper,ignore,Dukakis,420,1000
11/08/1988,MO,Jasper,ignore,Bush,580,1000
11/08/1988,GA,Wayne,ignore,Dukakis,420,1000
11/08/1988,GA,Wayne,ignore,Bush,580,1000
11/08/1988,MD,Frederick,ignore,Dukakis,470,1000
11/08/1988,MD,Frederick,ignore,Bush,530,1000
11/08/1988,AL,Dallas,ignore,Dukakis,420,1000
11/08/1988,AL,Dallas,ignore,Bush,580,1000
11/08/1988,MI,Genesee,ignore,Dukakis,530,1000
11/08/1988,MI,Genesee,ignore,Bush,470,1000
11/08/1988,NC,Hoke,ignore,Dukakis,530,1000
11/08/1988,NC,Hoke,ignore,Bush,470,1000
11/08/1988,VA,Campbell,ignore,Dukakis,420,1000
11/08/1988,VA,Campbell,ignore,Bush,580,1000
11/08/1988,MN,Jackson,ignore,Dukakis,420,1000
11/08/1988,MN,Jackson,ignore,Bush,580,1000
11/08/1988,MI,St_Joseph,ignore,Dukakis,420,1000
11/08/1988,MI,St_Joseph,ignore,Bush,580,1000
11/08/1988,KY,Bath,ignore,Dukakis,420,1000
11/08/1988,KY,Bath,ignore,Bush,580,1000
11/08/1988,SD,Brookings,ignore,Dukakis,470,1000
11/08/1988,SD,Brookings,ignore,Bush,530,1000
11/08/1988,TN,Cocke,ignore,Dukakis,420,1000
11/08/1988,TN,Cocke,ignore,Bush,580,1000
11/08/1988,SD,Minnehaha,ignore,Dukakis,420,1000
11/08/1988,SD,Minnehaha,ignore,Bush,580,1000
11/08/1988,SC,Abbeville,ignore,Dukakis,420,1000
11/08/1988,SC,Abbeville,ignore,Bush,580,1000
11/08/1988,SC,Aiken,ignore,Dukakis,420,1000
11/08/1988,SC,Aiken,ignore,Bush,580,1000
11/08/1988,TN,Dickson,ignore,Dukakis,420,1000
11/08/1988,TN,Dickson,ignore,Bush,580,1000
11/08/1988,SC,Edgefield,ignore,Dukakis,420,1000
11/08/1988,SC,Edgefield,ignore,Bush,580,1000
11/08/1988,MN,Lac_qui_Parle,ignore,Dukakis,470,1000
11/08/1988,MN,Lac_qui_Parle,ignore,Bush,530,1000
11/08/1988,MT,Powell,ignore,Dukakis,420,1000
11/08/1988,MT,Powell,ignore,Bush,580,1000
11/08/1988,OR,Union,ignore,Dukakis,420,1000
11/08/1988,OR,Union,ignore,Bush,580,1000
11/08/1988,AK,Dillingham,ignore,Dukakis,420,1000
11/08/1988,AK,Dillingham,ignore,Bush,580,1000
11/08/1988,IN,Jefferson,ignore,Dukakis,420,1000
11/08/1988,IN,Jefferson,ignore,Bush,580,1000
11/08/1988,MS,Coahoma,ignore,Dukakis,580,1000
11/08/1988,MS,Coahoma,ignore,Bush,420,1000
11/08/1988,NY,Orange,ignore,Dukakis,470,1000
11/08/1988,NY,Orange,ignore,Bush,530,1000
11/08/1988,WI,Iron,ignore,Dukakis,470,1000
11/08/1988,WI,Iron,ignore,Bush,530,1000
11/08/1988,KY,Franklin,ignore,Dukakis,470,1000
11/08/1988,KY,Franklin,ignore,Bush,530,1000
11/08/1988,IN,Clinton,ignore,Dukakis,420,1000
11/08/1988,IN,Clinton,ignore,Bush,580,1000
11/08/1988,LA,St_Charles,ignore,Dukakis,510,1000
11/08/1988,LA,St_Charles,ignore,Bush,490,1000
11/08/1988,NC,Greene,ignore,Dukakis,470,1000
11/08/1988,NC,Greene,ignore,Bush,530,1000
11/08/1988,TN,Lauderdale,ignore,Dukakis,420,1000
11/08/1988,TN,Lauderdale,ignore,Bush,580,1000
11/08/1988,TN,DeKalb,ignore,Dukakis,420,1000
11/08/1988,TN,DeKalb,ignore,Bush,580,1000
11/08/1988,FL,Citrus,ignore,Dukakis,420,1000
11/08/1988,FL,Citrus,ignore,Bush,580,1000
11/08/1988,SC,Greenwood,ignore,Dukakis,420,1000
11/08/1988,SC,Greenwood,ignore,Bush,580,1000
11/08/1988,TN,Perry,ignore,Dukakis,420,1000
11/08/1988,TN,Perry,ignore,Bush,580,1000
11/08/1988,WI,Sheboygan,ignore,Dukakis,420,1000
11/08/1988,WI,Sheboygan,ignore,Bush,580,1000
11/08/1988,SC,Spartanburg,ignore,Dukakis,420,1000
11/08/1988,SC,Spartanburg,ignore,Bush,580,1000
11/08/1988,MN,Renville,ignore,Dukakis,420,1000
11/08/1988,MN,Renville,ignore,Bush,580,1000
11/08/1988,MO,Cole,ignore,Dukakis,420,1000
11/08/1988,MO,Cole,ignore,Bush,580,1000
11/08/1988,WY,Fremont,ignore,Dukakis,420,1000
11/08/1988,WY,Fremont,ignore,Bush,580,1000
11/08/1988,TN,Claiborne,ignore,Dukakis,420,1000
11/08/1988,TN,Claiborne,ignore,Bush,580,1000
11/08/1988,PA,Beaver,ignore,Dukakis,420,1000
11/08/1988,PA,Beaver,ignore,Bush,580,1000
11/08/1988,PA,Erie,ignore,Dukakis,490,1000
11/08/1988,PA,Erie,ignore,Bush,510,1000
11/08/1988,NC,Wayne,ignore,Dukakis,420,1000
11/08/1988,NC,Wayne,ignore,Bush,580,1000
11/08/1988,TX,Hays,ignore,Dukakis,420,1000
11/08/1988,TX,Hays,ignore,Bush,580,1000
11/08/1988,UT,Millard,ignore,Dukakis,420,1000
11/08/1988,UT,Millard,ignore,Bush,580,1000
11/08/1988,AL,Tallapoosa,ignore,Dukakis,420,1000
11/08/1988,AL,Tallapoosa,ignore,Bush,580,1000
11/08/1988,MN,Washington,ignore,Dukakis,503,1000
11/08/1988,MN,Washington,ignore,Bush,497,1000
11/08/1988,IA,Lyon,ignore,Dukakis,420,1000
11/08/1988,IA,Lyon,ignore,Bush,580,1000
11/08/1988,NY,Chemung,ignore,Dukakis,420,1000
11/08/1988,NY,Chemung,ignore,Bush,580,1000
11/08/1988,NE,Red_Willow,ignore,Dukakis,420,1000
11/08/1988,NE,Red_Willow,ignore,Bush,580,1000
11/08/1988,WV,Hancock,ignore,Dukakis,420,1000
11/08/1988,WV,Hancock,ignore,Bush,580,1000
11/08/1988,FL,Okeechobee,ignore,Dukakis,420,1000
11/08/1988,FL,Okeechobee,ignore,Bush,580,1000
11/08/1988,NE,Hitchcock,ignore,Dukakis,420,1000
11/08/1988,NE,Hitchcock,ignore,Bush,580,1000
11/08/1988,LA,Cameron,ignore,Dukakis,420,1000
11/08/1988,LA,Cameron,ignore,Bush,580,1000
11/08/1988,OK,Love,ignore,Dukakis,420,1000
11/08/1988,OK,Love,ignore,Bush,580,1000
11/08/1988,IA,Bremer,ignore,Dukakis,420,1000
11/08/1988,IA,Bremer,ignore,Bush,580,1000
11/08/1988,ID,Butte,ignore,Dukakis,420,1000
11/08/1988,ID,Butte,ignore,Bush,580,1000
11/08/1988,AR,Lafayette,ignore,Dukakis,420,1000
11/08/1988,AR,Lafayette,ignore,Bush,580,1000
11/08/1988,SD,Stanley,ignore,Dukakis,420,1000
11/08/1988,SD,Stanley,ignore,Bush,580,1000
11/08/1988,OH,Franklin,ignore,Dukakis,580,1000
11/08/1988,OH,Franklin,ignore,Bush,420,1000
11/08/1988,MT,Fergus,ignore,Dukakis,420,1000
11/08/1988,MT,Fergus,ignore,Bush,580,1000
11/08/1988,NC,Davie,ignore,Dukakis,420,1000
11/08/1988,NC,Davie,ignore,Bush,580,1000
11/08/1988,AR,Independence,ignore,Dukakis,420,1000
11/08/1988,AR,Independence,ignore,Bush,580,1000
11/08/1988,NC,Pender,ignore,Dukakis,420,1000
11/08/1988,NC,Pender,ignore,Bush,580,1000
11/08/1988,MO,Nodaway,ignore,Dukakis,420,1000
11/08/1988,MO,Nodaway,ignore,Bush,580,1000
11/08/1988,NE,Seward,ignore,Dukakis,420,1000
11/08/1988,NE,Seward,ignore,Bush,580,1000
11/08/1988,OK,Wagoner,ignore,Dukakis,420,1000
11/08/1988,OK,Wagoner,ignore,Bush,580,1000
11/08/1988,OK,Harper,ignore,Dukakis,420,1000
11/08/1988,OK,Harper,ignore,Bush,580,1000
11/08/1988,AL,Covington,ignore,Dukakis,420,1000
11/08/1988,AL,Covington,ignore,Bush,580,1000
11/08/1988,KS,Greeley,ignore,Dukakis,420,1000
11/08/1988,KS,Greeley,ignore,Bush,580,1000
11/08/1988,MI,Arenac,ignore,Dukakis,420,1000
11/08/1988,MI,Arenac,ignore,Bush,580,1000
11/08/1988,TX,Jefferson,ignore,Dukakis,497,1000
11/08/1988,TX,Jefferson,ignore,Bush,503,1000
11/08/1988,WI,Burnett,ignore,Dukakis,420,1000
11/08/1988,WI,Burnett,ignore,Bush,580,1000
11/08/1988,IN,Floyd,ignore,Dukakis,420,1000
11/08/1988,IN,Floyd,ignore,Bush,580,1000
11/08/1988,MI,Gogebic,ignore,Dukakis,470,1000
11/08/1988,MI,Gogebic,ignore,Bush,530,1000
11/08/1988,GA,Union,ignore,Dukakis,420,1000
11/08/1988,GA,Union,ignore,Bush,580,1000
11/08/1988,NJ,Middlesex,ignore,Dukakis,530,1000
11/08/1988,NJ,Middlesex,ignore,Bush,470,1000
11/08/1988,AR,Monroe,ignore,Dukakis,470,1000
11/08/1988,AR,Monroe,ignore,Bush,530,1000
11/08/1988,MN,Pennington,ignore,Dukakis,420,1000
11/08/1988,MN,Pennington,ignore,Bush,580,1000
11/08/1988,RI,Washington,ignore,Dukakis,530,1000
11/08/1988,RI,Washington,ignore,Bush,470,1000
11/08/1988,AR,Lonoke,ignore,Dukakis,420,1000
11/08/1988,AR,Lonoke,ignore,Bush,580,1000
11/08/1988,NE,Dakota,ignore,Dukakis,420,1000
11/08/1988,NE,Dakota,ignore,Bush,580,1000
11/08/1988,AR,Little_River,ignore,Dukakis,420,1000
11/08/1988,AR,Little_River,ignore,Bush,580,1000
11/08/1988,AR,Logan,ignore,Dukakis,420,1000
11/08/1988,AR,Logan,ignore,Bush,580,1000
11/08/1988,VA,Harrisonburg,ignore,Dukakis,420,1000
11/08/1988,VA,Harrisonburg,ignore,Bush,580,1000
11/08/1988,NC,Mitchell,ignore,Dukakis,420,1000
11/08/1988,NC,Mitchell,ignore,Bush,580,1000
11/08/1988,VA,York,ignore,Dukakis,420,1000
11/08/1988,VA,York,ignore,Bush,580,1000
11/08/1988,LA,Rapides,ignore,Dukakis,420,1000
11/08/1988,LA,Rapides,ignore,Bush,580,1000
11/08/1988,KS,Gove,ignore,Dukakis,420,1000
11/08/1988,KS,Gove,ignore,Bush,580,1000
11/08/1988,VA,Powhatan,ignore,Dukakis,420,1000
11/08/1988,VA,Powhatan,ignore,Bush,580,1000
11/08/1988,AR,Sharp,ignore,Dukakis,420,1000
11/08/1988,AR,Sharp,ignore,Bush,580,1000
11/08/1988,MS,Tate,ignore,Dukakis,470,1000
11/08/1988,MS,Tate,ignore,Bush,530,1000
11/08/1988,TN,Scott,ignore,Dukakis,420,1000
11/08/1988,TN,Scott,ignore,Bush,580,1000
11/08/1988,ME,Penobscot,ignore,Dukakis,490,1000
11/08/1988,ME,Penobscot,ignore,Bush,510,1000
11/08/1988,NC,Montgomery,ignore,Dukakis,420,1000
11/08/1988,NC,Montgomery,ignore,Bush,580,1000
11/08/1988,NE,Sioux,ignore,Dukakis,420,1000
11/08/1988,NE,Sioux,ignore,Bush,580,1000
11/08/1988,WA,Columbia,ignore,Dukakis,420,1000
11/08/1988,WA,Columbia,ignore,Bush,580,1000
11/08/1988,CA,San_Francisco,ignore,Dukakis,580,1000
11/08/1988,CA,San_Francisco,ignore,Bush,420,1000
11/08/1988,MO,Platte,ignore,Dukakis,470,1000
11/08/1988,MO,Platte,ignore,Bush,530,1000
11/08/1988,ND,Traill,ignore,Dukakis,420,1000
11/08/1988,ND,Traill,ignore,Bush,580,1000
11/08/1988,NJ,Atlantic,ignore,Dukakis,530,1000
11/08/1988,NJ,Atlantic,ignore,Bush,470,1000
11/08/1988,VA,Chesterfield,ignore,Dukakis,497,1000
11/08/1988,VA,Chesterfield,ignore,Bush,503,1000
11/08/1988,IN,LaGrange,ignore,Dukakis,420,1000
11/08/1988,IN,LaGrange,ignore,Bush,580,1000
11/08/1988,CO,Garfield,ignore,Dukakis,420,1000
11/08/1988,CO,Garfield,ignore,Bush,580,1000
11/08/1988,FL,Indian_River,ignore,Dukakis,420,1000
11/08/1988,FL,Indian_River,ignore,Bush,580,1000
11/08/1988,NC,Rutherford,ignore,Dukakis,420,1000
11/08/1988,NC,Rutherford,ignore,Bush,580,1000
11/08/1988,OH,Mahoning,ignore,Dukakis,580,1000
11/08/1988,OH,Mahoning,ignore,Bush,420,1000
11/08/1988,KS,Clark,ignore,Dukakis,420,1000
11/08/1988,KS,Clark,ignore,Bush,580,1000
11/08/1988,MO,Buchanan,ignore,Dukakis,420,1000
11/08/1988,MO,Buchanan,ignore,Bush,580,1000
11/08/1988,OH,Lake,ignore,Dukakis,490,1000
11/08/1988,OH,Lake,ignore,Bush,510,1000
11/08/1988,IN,Daviess,ignore,Dukakis,420,1000
11/08/1988,IN,Daviess,ignore,Bush,580,1000
11/08/1988,IA,Muscatine,ignore,Dukakis,470,1000
11/08/1988,IA,Muscatine,ignore,Bush,530,1000
11/08/1988,NJ,Hudson,ignore,Dukakis,580,1000
11/08/1988,NJ,Hudson,ignore,Bush,420,1000
11/08/1988,CA,Plumas,ignore,Dukakis,420,1000
11/08/1988,CA,Plumas,ignore,Bush,580,1000
11/08/1988,LA,Winn,ignore,Dukakis,420,1000
11/08/1988,LA,Winn,ignore,Bush,580,1000
11/08/1988,AR,Pike,ignore,Dukakis,420,1000
11/08/1988,AR,Pike,ignore,Bush,580,1000
11/08/1988,MO,St_Charles,ignore,Dukakis,420,1000
11/08/1988,MO,St_Charles,ignore,Bush,580,1000
11/08/1988,IL,Knox,ignore,Dukakis,420,1000
11/08/1988,IL,Knox,ignore,Bush,580,1000
11/08/1988,CA,San_Mateo,ignore,Dukakis,580,1000
11/08/1988,CA,San_Mateo,ignore,Bush,420,1000
11/08/1988,AL,Crenshaw,ignore,Dukakis,420,1000
11/08/1988,AL,Crenshaw,ignore,Bush,580,1000
11/08/1988,NC,Tyrrell,ignore,Dukakis,530,1000
11/08/1988,NC,Tyrrell,ignore,Bush,470,1000
11/08/1988,KS,Johnson,ignore,Dukakis,510,1000
11/08/1988,KS,Johnson,ignore,Bush,490,1000
11/08/1988,IN,Steuben,ignore,Dukakis,420,1000
11/08/1988,IN,Steuben,ignore,Bush,580,1000
11/08/1988,CO,Kit_Carson,ignore,Dukakis,420,1000
11/08/1988,CO,Kit_Carson,ignore,Bush,580,1000
11/08/1988,FL,Palm_Beach,ignore,Dukakis,580,1000
11/08/1988,FL,Palm_Beach,ignore,Bush,420,1000
11/08/1988,IL,Marion,ignore,Dukakis,420,1000
11/08/1988,IL,Marion,ignore,Bush,580,1000
11/08/1988,CO,Moffat,ignore,Dukakis,420,1000
11/08/1988,CO,Moffat,ignore,Bush,580,1000
11/08/1988,MN,Norman,ignore,Dukakis,490,1000
11/08/1988,MN,Norman,ignore,Bush,510,1000
11/08/1988,MO,Bollinger,ignore,Dukakis,420,1000
11/08/1988,MO,Bollinger,ignore,Bush,580,1000
11/08/1988,VA,Appomattox,ignore,Dukakis,420,1000
11/08/1988,VA,Appomattox,ignore,Bush,580,1000
11/08/1988,WA,Wahkiakum,ignore,Dukakis,470,1000
11/08/1988,WA,Wahkiakum,ignore,Bush,530,1000
11/08/1988,GA,Richmond,ignore,Dukakis,580,1000
11/08/1988,GA,Richmond,ignore,Bush,420,1000
11/08/1988,NC,Orange,ignore,Dukakis,580,1000
11/08/1988,NC,Orange,ignore,Bush,420,1000
11/08/1988,PA,Armstrong,ignore,Dukakis,420,1000
11/08/1988,PA,Armstrong,ignore,Bush,580,1000
11/08/1988,TX,Henderson,ignore,Dukakis,420,1000
11/08/1988,TX,Henderson,ignore,Bush,580,1000
11/08/1988,GA,Stewart,ignore,Dukakis,580,1000
11/08/1988,GA,Stewart,ignore,Bush,420,1000
11/08/1988,KY,Hardin,ignore,Dukakis,420,1000
11/08/1988,KY,Hardin,ignore,Bush,580,1000
11/08/1988,MN,Morrison,ignore,Dukakis,420,1000
11/08/1988,MN,Morrison,ignore,Bush,580,1000
11/08/1988,IL,Mason,ignore,Dukakis,420,1000
11/08/1988,IL,Mason,ignore,Bush,580,1000
11/08/1988,TX,Red_River,ignore,Dukakis,420,1000
11/08/1988,TX,Red_River,ignore,Bush,580,1000
11/08/1988,FL,Collier,ignore,Dukakis,420,1000
11/08/1988,FL,Collier,ignore,Bush,580,1000
11/08/1988,TX,Travis,ignore,Dukakis,580,1000
11/08/1988,TX,Travis,ignore,Bush,420,1000
11/08/1988,CA,Sutter,ignore,Dukakis,420,1000
11/08/1988,CA,Sutter,ignore,Bush,580,1000
11/08/1988,CA,Lassen,ignore,Dukakis,420,1000
11/08/1988,CA,Lassen,ignore,Bush,580,1000
11/08/1988,FL,Osceola,ignore,Dukakis,530,1000
11/08/1988,FL,Osceola,ignore,Bush,470,1000
11/08/1988,ID,Teton,ignore,Dukakis,490,1000
11/08/1988,ID,Teton,ignore,Bush,510,1000
11/08/1988,CO,Rio_Grande,ignore,Dukakis,420,1000
11/08/1988,CO,Rio_Grande,ignore,Bush,580,1000
11/08/1988,MI,Delta,ignore,Dukakis,420,1000
11/08/1988,MI,Delta,ignore,Bush,580,1000
11/08/1988,NY,Queens,ignore,Dukakis,580,1000
11/08/1988,NY,Queens,ignore,Bush,420,1000
11/08/1988,OR,Curry,ignore,Dukakis,420,1000
11/08/1988,OR,Curry,ignore,Bush,580,1000
11/08/1988,VA,Essex,ignore,Dukakis,470,1000
11/08/1988,VA,Essex,ignore,Bush,530,1000
11/08/1988,OK,Tillman,ignore,Dukakis,420,1000
11/08/1988,OK,Tillman,ignore,Bush,580,1000
11/08/1988,CO,Crowley,ignore,Dukakis,420,1000
11/08/1988,CO,Crowley,ignore,Bush,580,1000
11/08/1988,CO,Pueblo,ignore,Dukakis,420,1000
11/08/1988,CO,Pueblo,ignore,Bush,580,1000
11/08/1988,CO,Las_Animas,ignore,Dukakis,510,1000
11/08/1988,CO,Las_Animas,ignore,Bush,490,1000
11/08/1988,OK,Adair,ignore,Dukakis,420,1000
11/08/1988,OK,Adair,ignore,Bush,580,1000
11/08/1988,NY,Schoharie,ignore,Dukakis,420,1000
11/08/1988,NY,Schoharie,ignore,Bush,580,1000
11/08/1988,NY,Broome,ignore,Dukakis,490,1000
11/08/1988,NY,Broome,ignore,Bush,510,1000
11/08/1988,OH,Scioto,ignore,Dukakis,420,1000
11/08/1988,OH,Scioto,ignore,Bush,580,1000
11/08/1988,OH,Seneca,ignore,Dukakis,420,1000
11/08/1988,OH,Seneca,ignore,Bush,580,1000
11/08/1988,TX,Starr,ignore,Dukakis,420,1000
11/08/1988,TX,Starr,ignore,Bush,580,1000
11/08/1988,GA,Glynn,ignore,Dukakis,420,1000
11/08/1988,GA,Glynn,ignore,Bush,580,1000
11/08/1988,GA,Hall,ignore,Dukakis,420,1000
11/08/1988,GA,Hall,ignore,Bush,580,1000
11/08/1988,TX,Brazoria,ignore,Dukakis,420,1000
11/08/1988,TX,Brazoria,ignore,Bush,580,1000
11/08/1988,PA,Northumberland,ignore,Dukakis,420,1000
11/08/1988,PA,Northumberland,ignore,Bush,580,1000
11/08/1988,MI,Washtenaw,ignore,Dukakis,470,1000
11/08/1988,MI,Washtenaw,ignore,Bush,530,1000
11/08/1988,NC,Ashe,ignore,Dukakis,420,1000
11/08/1988,NC,Ashe,ignore,Bush,580,1000
11/08/1988,VA,Russell,ignore,Dukakis,420,1000
11/08/1988,VA,Russell,ignore,Bush,580,1000
11/08/1988,NC,Bladen,ignore,Dukakis,470,1000
11/08/1988,NC,Bladen,ignore,Bush,530,1000
11/08/1988,KY,Johnson,ignore,Dukakis,420,1000
11/08/1988,KY,Johnson,ignore,Bush,580,1000
11/08/1988,NC,Robeson,ignore,Dukakis,470,1000
11/08/1988,NC,Robeson,ignore,Bush,530,1000
11/08/1988,TN,Shelby,ignore,Dukakis,580,1000
11/08/1988,TN,Shelby,ignore,Bush,420,1000
11/08/1988,MI,Iosco,ignore,Dukakis,420,1000
11/08/1988,MI,Iosco,ignore,Bush,580,1000
11/08/1988,OK,Muskogee,ignore,Dukakis,420,1000
11/08/1988,OK,Muskogee,ignore,Bush,580,1000
11/08/1988,GA,Crawford,ignore,Dukakis,420,1000
11/08/1988,GA,Crawford,ignore,Bush,580,1000
11/08/1988,VA,Virginia_Beach,ignore,Dukakis,490,1000
11/08/1988,VA,Virginia_Beach,ignore,Bush,510,1000
11/08/1988,MI,Oakland,ignore,Dukakis,530,1000
11/08/1988,MI,Oakland,ignore,Bush,470,1000
11/08/1988,MI,Saginaw,ignore,Dukakis,490,1000
11/08/1988,MI,Saginaw,ignore,Bush,510,1000
11/08/1988,TN,Greene,ignore,Dukakis,420,1000
11/08/1988,TN,Greene,ignore,Bush,580,1000
11/08/1988,PA,Carbon,ignore,Dukakis,420,1000
11/08/1988,PA,Carbon,ignore,Bush,580,1000
11/08/1988,SC,Chesterfield,ignore,Dukakis,470,1000
11/08/1988,SC,Chesterfield,ignore,Bush,530,1000
11/08/1988,TN,Sullivan,ignore,Dukakis,420,1000
11/08/1988,TN,Sullivan,ignore,Bush,580,1000
11/08/1988,NM,Roosevelt,ignore,Dukakis,420,1000
11/08/1988,NM,Roosevelt,ignore,Bush,580,1000
11/08/1988,LA,Ascension,ignore,Dukakis,470,1000
11/08/1988,LA,Ascension,ignore,Bush,530,1000
11/08/1988,GA,Berrien,ignore,Dukakis,420,1000
11/08/1988,GA,Berrien,ignore,Bush,580,1000
11/08/1988,NC,Johnston,ignore,Dukakis,420,1000
11/08/1988,NC,Johnston,ignore,Bush,580,1000
11/08/1988,KY,Lawrence,ignore,Dukakis,420,1000
11/08/1988,KY,Lawrence,ignore,Bush,580,1000
11/08/1988,PA,Fayette,ignore,Dukakis,420,1000
11/08/1988,PA,Fayette,ignore,Bush,580,1000
11/08/1988,TN,Lawrence,ignore,Dukakis,420,1000
11/08/1988,TN,Lawrence,ignore,Bush,580,1000
11/08/1988,UT,Iron,ignore,Dukakis,420,1000
11/08/1988,UT,Iron,ignore,Bush,580,1000
11/08/1988,VA,Bland,ignore,Dukakis,420,1000
11/08/1988,VA,Bland,ignore,Bush,580,1000
11/08/1988,IA,Lee,ignore,Dukakis,530,1000
11/08/1988,IA,Lee,ignore,Bush,470,1000
11/08/1988,MI,Bay,ignore,Dukakis,530,1000
11/08/1988,MI,Bay,ignore,Bush,470,1000
11/08/1988,NE,Washington,ignore,Dukakis,420,1000
11/08/1988,NE,Washington,ignore,Bush,580,1000
11/08/1988,NE,Cheyenne,ignore,Dukakis,420,1000
11/08/1988,NE,Cheyenne,ignore,Bush,580,1000
11/08/1988,SC,Hampton,ignore,Dukakis,580,1000
11/08/1988,SC,Hampton,ignore,Bush,420,1000
11/08/1988,NC,Rockingham,ignore,Dukakis,420,1000
11/08/1988,NC,Rockingham,ignore,Bush,580,1000
11/08/1988,OH,Miami,ignore,Dukakis,420,1000
11/08/1988,OH,Miami,ignore,Bush,580,1000
11/08/1988,OK,Pottawatomie,ignore,Dukakis,420,1000
11/08/1988,OK,Pottawatomie,ignore,Bush,580,1000
11/08/1988,OR,Polk,ignore,Dukakis,470,1000
11/08/1988,OR,Polk,ignore,Bush,530,1000
11/08/1988,PA,McKean,ignore,Dukakis,420,1000
11/08/1988,PA,McKean,ignore,Bush,580,1000
11/08/1988,SC,Dorchester,ignore,Dukakis,420,1000
11/08/1988,SC,Dorchester,ignore,Bush,580,1000
11/08/1988,VA,Waynesboro,ignore,Dukakis,420,1000
11/08/1988,VA,Waynesboro,ignore,Bush,580,1000
11/08/1988,WV,Mercer,ignore,Dukakis,420,1000
11/08/1988,WV,Mercer,ignore,Bush,580,1000
11/08/1988,AR,Jefferson,ignore,Dukakis,580,1000
11/08/1988,AR,Jefferson,ignore,Bush,420,1000
11/08/1988,CA,Tulare,ignore,Dukakis,420,1000
11/08/1988,CA,Tulare,ignore,Bush,580,1000
11/08/1988,ID,Bingham,ignore,Dukakis,420,1000
11/08/1988,ID,Bingham,ignore,Bush,580,1000
11/08/1988,IA,Hardin,ignore,Dukakis,420,1000
11/08/1988,IA,Hardin,ignore,Bush,580,1000
11/08/1988,VA,Chesapeake,ignore,Dukakis,490,1000
11/08/1988,VA,Chesapeake,ignore,Bush,510,1000
11/08/1988,IA,Cedar,ignore,Dukakis,420,1000
11/08/1988,IA,Cedar,ignore,Bush,580,1000
11/08/1988,AR,Chicot,ignore,Dukakis,580,1000
11/08/1988,AR,Chicot,ignore,Bush,420,1000
11/08/1988,CA,Tehama,ignore,Dukakis,420,1000
11/08/1988,CA,Tehama,ignore,Bush,580,1000
11/08/1988,MS,Madison,ignore,Dukakis,420,1000
11/08/1988,MS,Madison,ignore,Bush,580,1000
11/08/1988,UT,Garfield,ignore,Dukakis,420,1000
11/08/1988,UT,Garfield,ignore,Bush,580,1000
11/08/1988,TX,Johnson,ignore,Dukakis,420,1000
11/08/1988,TX,Johnson,ignore,Bush,580,1000
11/08/1988,MT,Judith_Basin,ignore,Dukakis,420,1000
11/08/1988,MT,Judith_Basin,ignore,Bush,580,1000
11/08/1988,WA,Benton,ignore,Dukakis,420,1000
11/08/1988,WA,Benton,ignore,Bush,580,1000
11/08/1988,WI,Wood,ignore,Dukakis,420,1000
11/08/1988,WI,Wood,ignore,Bush,580,1000
11/08/1988,NC,Hyde,ignore,Dukakis,490,1000
11/08/1988,NC,Hyde,ignore,Bush,510,1000
11/08/1988,ND,Emmons,ignore,Dukakis,420,1000
11/08/1988,ND,Emmons,ignore,Bush,580,1000
11/08/1988,TX,Gaines,ignore,Dukakis,420,1000
11/08/1988,TX,Gaines,ignore,Bush,580,1000
11/08/1988,TX,Lee,ignore,Dukakis,420,1000
11/08/1988,TX,Lee,ignore,Bush,580,1000
11/08/1988,KY,Owen,ignore,Dukakis,420,1000
11/08/1988,KY,Owen,ignore,Bush,580,1000
11/08/1988,KY,Jessamine,ignore,Dukakis,420,1000
11/08/1988,KY,Jessamine,ignore,Bush,580,1000
11/08/1988,KY,Rowan,ignore,Dukakis,420,1000
11/08/1988,KY,Rowan,ignore,Bush,580,1000
11/08/1988,MO,Miller,ignore,Dukakis,420,1000
11/08/1988,MO,Miller,ignore,Bush,580,1000
11/08/1988,NH,Carroll,ignore,Dukakis,470,1000
11/08/1988,NH,Carroll,ignore,Bush,530,1000
11/08/1988,VA,Roanoke,ignore,Dukakis,580,1000
11/08/1988,VA,Roanoke,ignore,Bush,420,1000
11/08/1988,NC,Watauga,ignore,Dukakis,530,1000
11/08/1988,NC,Watauga,ignore,Bush,470,1000
11/08/1988,CA,Kings,ignore,Dukakis,420,1000
11/08/1988,CA,Kings,ignore,Bush,580,1000
11/08/1988,LA,East_Feliciana,ignore,Dukakis,420,1000
11/08/1988,LA,East_Feliciana,ignore,Bush,580,1000
11/08/1988,MO,Benton,ignore,Dukakis,420,1000
11/08/1988,MO,Benton,ignore,Bush,580,1000
11/08/1988,KS,Sumner,ignore,Dukakis,420,1000
11/08/1988,KS,Sumner,ignore,Bush,580,1000
11/08/1988,KY,Livingston,ignore,Dukakis,420,1000
11/08/1988,KY,Livingston,ignore,Bush,580,1000
11/08/1988,CA,San_Joaquin,ignore,Dukakis,497,1000
11/08/1988,CA,San_Joaquin,ignore,Bush,503,1000
11/08/1988,OK,Alfalfa,ignore,Dukakis,420,1000
11/08/1988,OK,Alfalfa,ignore,Bush,580,1000
11/08/1988,PA,Berks,ignore,Dukakis,470,1000
11/08/1988,PA,Berks,ignore,Bush,530,1000
11/08/1988,PA,Lebanon,ignore,Dukakis,420,1000
11/08/1988,PA,Lebanon,ignore,Bush,580,1000
11/08/1988,GA,Calhoun,ignore,Dukakis,530,1000
11/08/1988,GA,Calhoun,ignore,Bush,470,1000
11/08/1988,AR,Scott,ignore,Dukakis,420,1000
11/08/1988,AR,Scott,ignore,Bush,580,1000
11/08/1988,CO,Baca,ignore,Dukakis,420,1000
11/08/1988,CO,Baca,ignore,Bush,580,1000
11/08/1988,FL,Bay,ignore,Dukakis,420,1000
11/08/1988,FL,Bay,ignore,Bush,580,1000
11/08/1988,GA,Lowndes,ignore,Dukakis,420,1000
11/08/1988,GA,Lowndes,ignore,Bush,580,1000
11/08/1988,IN,Vermillion,ignore,Dukakis,420,1000
11/08/1988,IN,Vermillion,ignore,Bush,580,1000
11/08/1988,NY,Sullivan,ignore,Dukakis,470,1000
11/08/1988,NY,Sullivan,ignore,Bush,530,1000
11/08/1988,OH,Pickaway,ignore,Dukakis,420,1000
11/08/1988,OH,Pickaway,ignore,Bush,580,1000
11/08/1988,OK,Woodward,ignore,Dukakis,420,1000
11/08/1988,OK,Woodward,ignore,Bush,580,1000
11/08/1988,NE,Boyd,ignore,Dukakis,420,1000
11/08/1988,NE,Boyd,ignore,Bush,580,1000
11/08/1988,KY,Cumberland,ignore,Dukakis,420,1000
11/08/1988,KY,Cumberland,ignore,Bush,580,1000
11/08/1988,MN,Wabasha,ignore,Dukakis,420,1000
11/08/1988,MN,Wabasha,ignore,Bush,580,1000
11/08/1988,VA,Southampton,ignore,Dukakis,420,1000
11/08/1988,VA,Southampton,ignore,Bush,580,1000
11/08/1988,NY,Dutchess,ignore,Dukakis,510,1000
11/08/1988,NY,Dutchess,ignore,Bush,490,1000
11/08/1988,VA,James_City,ignore,Dukakis,510,1000
11/08/1988,VA,James_City,ignore,Bush,490,1000
11/08/1988,GA,Taylor,ignore,Dukakis,470,1000
11/08/1988,GA,Taylor,ignore,Bush,530,1000
11/08/1988,TX,Smith,ignore,Dukakis,420,1000
11/08/1988,TX,Smith,ignore,Bush,580,1000
11/08/1988,TX,Kerr,ignore,Dukakis,420,1000
11/08/1988,TX,Kerr,ignore,Bush,580,1000
11/08/1988,WV,Lewis,ignore,Dukakis,420,1000
11/08/1988,WV,Lewis,ignore,Bush,580,1000
11/08/1988,ND,Oliver,ignore,Dukakis,420,1000
11/08/1988,ND,Oliver,ignore,Bush,580,1000
11/08/1988,TN,Morgan,ignore,Dukakis,420,1000
11/08/1988,TN,Morgan,ignore,Bush,580,1000
11/08/1988,WY,Big_Horn,ignore,Dukakis,420,1000
11/08/1988,WY,Big_Horn,ignore,Bush,580,1000
11/08/1988,KY,Mason,ignore,Dukakis,420,1000
11/08/1988,KY,Mason,ignore,Bush,580,1000
11/08/1988,LA,St_Helena,ignore,Dukakis,470,1000
11/08/1988,LA,St_Helena,ignore,Bush,530,1000
11/08/1988,MD,Garrett,ignore,Dukakis,420,1000
11/08/1988,MD,Garrett,ignore,Bush,580,1000
11/08/1988,MI,Mackinac,ignore,Dukakis,420,1000
11/08/1988,MI,Mackinac,ignore,Bush,580,1000
11/08/1988,TN,Davidson,ignore,Dukakis,530,1000
11/08/1988,TN,Davidson,ignore,Bush,470,1000
11/08/1988,TX,Grimes,ignore,Dukakis,420,1000
11/08/1988,TX,Grimes,ignore,Bush,580,1000
11/08/1988,TX,Foard,ignore,Dukakis,420,1000
11/08/1988,TX,Foard,ignore,Bush,580,1000
11/08/1988,VA,Franklin_Co,ignore,Dukakis,420,1000
11/08/1988,VA,Franklin_Co,ignore,Bush,580,1000
11/08/1988,VA,Botetourt,ignore,Dukakis,420,1000
11/08/1988,VA,Botetourt,ignore,Bush,580,1000
11/08/1988,NC,Pasquotank,ignore,Dukakis,580,1000
11/08/1988,NC,Pasquotank,ignore,Bush,420,1000
11/08/1988,AR,Baxter,ignore,Dukakis,420,1000
11/08/1988,AR,Baxter,ignore,Bush,580,1000
11/08/1988,NY,Tompkins,ignore,Dukakis,580,1000
11/08/1988,NY,Tompkins,ignore,Bush,420,1000
11/08/1988,WV,Webster,ignore,Dukakis,420,1000
11/08/1988,WV,Webster,ignore,Bush,580,1000
11/08/1988,WV,Clay,ignore,Dukakis,420,1000
11/08/1988,WV,Clay,ignore,Bush,580,1000
11/08/1988,WV,Jackson,ignore,Dukakis,420,1000
11/08/1988,WV,Jackson,ignore,Bush,580,1000
11/08/1988,AL,Sumter,ignore,Dukakis,420,1000
11/08/1988,AL,Sumter,ignore,Bush,580,1000
11/08/1988,AZ,Pima,ignore,Dukakis,510,1000
11/08/1988,AZ,Pima,ignore,Bush,490,1000
11/08/1988,CO,Jackson,ignore,Dukakis,420,1000
11/08/1988,CO,Jackson,ignore,Bush,580,1000
11/08/1988,IL,Lake,ignore,Dukakis,530,1000
11/08/1988,IL,Lake,ignore,Bush,470,1000
11/08/1988,MS,Jackson,ignore,Dukakis,420,1000
11/08/1988,MS,Jackson,ignore,Bush,580,1000
11/08/1988,MT,Daniels,ignore,Dukakis,420,1000
11/08/1988,MT,Daniels,ignore,Bush,580,1000
11/08/1988,NH,Sullivan,ignore,Dukakis,470,1000
11/08/1988,NH,Sullivan,ignore,Bush,530,1000
11/08/1988,NJ,Gloucester,ignore,Dukakis,497,1000
11/08/1988,NJ,Gloucester,ignore,Bush,503,1000
11/08/1988,NC,Bertie,ignore,Dukakis,580,1000
11/08/1988,NC,Bertie,ignore,Bush,420,1000
11/08/1988,SD,Ziebach,ignore,Dukakis,420,1000
11/08/1988,SD,Ziebach,ignore,Bush,580,1000
11/08/1988,IA,Ringgold,ignore,Dukakis,420,1000
11/08/1988,IA,Ringgold,ignore,Bush,580,1000
11/08/1988,AL,Lauderdale,ignore,Dukakis,420,1000
11/08/1988,AL,Lauderdale,ignore,Bush,580,1000
11/08/1988,AZ,Santa_Cruz,ignore,Dukakis,580,1000
11/08/1988,AZ,Santa_Cruz,ignore,Bush,420,1000
11/08/1988,MS,Marion,ignore,Dukakis,420,1000
11/08/1988,MS,Marion,ignore,Bush,580,1000
11/08/1988,AL,Limestone,ignore,Dukakis,420,1000
11/08/1988,AL,Limestone,ignore,Bush,580,1000
11/08/1988,FL,Calhoun,ignore,Dukakis,420,1000
11/08/1988,FL,Calhoun,ignore,Bush,580,1000
11/08/1988,FL,Hernando,ignore,Dukakis,470,1000
11/08/1988,FL,Hernando,ignore,Bush,530,1000
11/08/1988,FL,Washington,ignore,Dukakis,420,1000
11/08/1988,FL,Washington,ignore,Bush,580,1000
11/08/1988,SD,Edmunds,ignore,Dukakis,420,1000
11/08/1988,SD,Edmunds,ignore,Bush,580,1000
11/08/1988,SD,Walworth,ignore,Dukakis,420,1000
11/08/1988,SD,Walworth,ignore,Bush,580,1000
11/08/1988,IL,Henderson,ignore,Dukakis,470,1000
11/08/1988,IL,Henderson,ignore,Bush,530,1000
11/08/1988,KY,Trimble,ignore,Dukakis,420,1000
11/08/1988,KY,Trimble,ignore,Bush,580,1000
11/08/1988,LA,St_Tammany,ignore,Dukakis,420,1000
11/08/1988,LA,St_Tammany,ignore,Bush,580,1000
11/08/1988,MD,Baltimore_City,ignore,Dukakis,580,1000
11/08/1988,MD,Baltimore_City,ignore,Bush,420,1000
11/08/1988,NC,Beaufort,ignore,Dukakis,470,1000
11/08/1988,NC,Beaufort,ignore,Bush,530,1000
11/08/1988,OH,Columbiana,ignore,Dukakis,420,1000
11/08/1988,OH,Columbiana,ignore,Bush,580,1000
11/08/1988,MT,Musselshell,ignore,Dukakis,420,1000
11/08/1988,MT,Musselshell,ignore,Bush,580,1000
11/08/1988,TX,Cameron,ignore,Dukakis,470,1000
11/08/1988,TX,Cameron,ignore,Bush,530,1000
11/08/1988,CA,Siskiyou,ignore,Dukakis,420,1000
11/08/1988,CA,Siskiyou,ignore,Bush,580,1000
11/08/1988,CO,Costilla,ignore,Dukakis,530,1000
11/08/1988,CO,Costilla,ignore,Bush,470,1000
11/08/1988,10,Sussex,ignore,Dukakis,420,1000
11/08/1988,10,Sussex,ignore,Bush,580,1000
11/08/1988,WA,Lewis,ignore,Dukakis,420,1000
11/08/1988,WA,Lewis,ignore,Bush,580,1000
11/08/1988,NJ,Sussex,ignore,Dukakis,420,1000
11/08/1988,NJ,Sussex,ignore,Bush,580,1000
11/08/1988,MA,Dukes,ignore,Dukakis,580,1000
11/08/1988,MA,Dukes,ignore,Bush,420,1000
11/08/1988,MN,Pine,ignore,Dukakis,420,1000
11/08/1988,MN,Pine,ignore,Bush,580,1000
11/08/1988,MS,Scott,ignore,Dukakis,420,1000
11/08/1988,MS,Scott,ignore,Bush,580,1000
11/08/1988,MT,Hill,ignore,Dukakis,420,1000
11/08/1988,MT,Hill,ignore,Bush,580,1000
11/08/1988,NY,Franklin,ignore,Dukakis,470,1000
11/08/1988,NY,Franklin,ignore,Bush,530,1000
11/08/1988,NJ,Essex,ignore,Dukakis,580,1000
11/08/1988,NJ,Essex,ignore,Bush,420,1000
11/08/1988,WA,Mason,ignore,Dukakis,530,1000
11/08/1988,WA,Mason,ignore,Bush,470,1000
11/08/1988,AR,Cleveland,ignore,Dukakis,420,1000
11/08/1988,AR,Cleveland,ignore,Bush,580,1000
11/08/1988,IN,Shelby,ignore,Dukakis,420,1000
11/08/1988,IN,Shelby,ignore,Bush,580,1000
11/08/1988,IN,Decatur,ignore,Dukakis,420,1000
11/08/1988,IN,Decatur,ignore,Bush,580,1000
11/08/1988,KY,Breathitt,ignore,Dukakis,420,1000
11/08/1988,KY,Breathitt,ignore,Bush,580,1000
11/08/1988,LA,St_James,ignore,Dukakis,510,1000
11/08/1988,LA,St_James,ignore,Bush,490,1000
11/08/1988,MO,Shelby,ignore,Dukakis,420,1000
11/08/1988,MO,Shelby,ignore,Bush,580,1000
11/08/1988,IN,Vigo,ignore,Dukakis,470,1000
11/08/1988,IN,Vigo,ignore,Bush,530,1000
11/08/1988,IA,Jackson,ignore,Dukakis,490,1000
11/08/1988,IA,Jackson,ignore,Bush,510,1000
11/08/1988,KS,Montgomery,ignore,Dukakis,420,1000
11/08/1988,KS,Montgomery,ignore,Bush,580,1000
11/08/1988,KY,Martin,ignore,Dukakis,420,1000
11/08/1988,KY,Martin,ignore,Bush,580,1000
11/08/1988,MI,Benzie,ignore,Dukakis,420,1000
11/08/1988,MI,Benzie,ignore,Bush,580,1000
11/08/1988,MS,Lafayette,ignore,Dukakis,470,1000
11/08/1988,MS,Lafayette,ignore,Bush,530,1000
11/08/1988,NY,Steuben,ignore,Dukakis,420,1000
11/08/1988,NY,Steuben,ignore,Bush,580,1000
11/08/1988,CO,Larimer,ignore,Dukakis,530,1000
11/08/1988,CO,Larimer,ignore,Bush,470,1000
11/08/1988,MI,Manistee,ignore,Dukakis,420,1000
11/08/1988,MI,Manistee,ignore,Bush,580,1000
11/08/1988,NC,Surry,ignore,Dukakis,420,1000
11/08/1988,NC,Surry,ignore,Bush,580,1000
11/08/1988,WA,Pend_Oreille,ignore,Dukakis,420,1000
11/08/1988,WA,Pend_Oreille,ignore,Bush,580,1000
11/08/1988,KY,Clark,ignore,Dukakis,420,1000
11/08/1988,KY,Clark,ignore,Bush,580,1000
11/08/1988,NY,Fulton,ignore,Dukakis,420,1000
11/08/1988,NY,Fulton,ignore,Bush,580,1000
11/08/1988,OH,Wayne,ignore,Dukakis,420,1000
11/08/1988,OH,Wayne,ignore,Bush,580,1000
11/08/1988,SC,York,ignore,Dukakis,420,1000
11/08/1988,SC,York,ignore,Bush,580,1000
11/08/1988,MO,Schuyler,ignore,Dukakis,420,1000
11/08/1988,MO,Schuyler,ignore,Bush,580,1000
11/08/1988,MT,Stillwater,ignore,Dukakis,420,1000
11/08/1988,MT,Stillwater,ignore,Bush,580,1000
11/08/1988,VA,Rockingham,ignore,Dukakis,420,1000
11/08/1988,VA,Rockingham,ignore,Bush,580,1000
11/08/1988,GA,Meriwether,ignore,Dukakis,420,1000
11/08/1988,GA,Meriwether,ignore,Bush,580,1000
11/08/1988,ND,McKenzie,ignore,Dukakis,420,1000
11/08/1988,ND,McKenzie,ignore,Bush,580,1000
11/08/1988,ND,Morton,ignore,Dukakis,420,1000
11/08/1988,ND,Morton,ignore,Bush,580,1000
11/08/1988,OR,Yamhill,ignore,Dukakis,470,1000
11/08/1988,OR,Yamhill,ignore,Bush,530,1000
11/08/1988,SC,Marlboro,ignore,Dukakis,510,1000
11/08/1988,SC,Marlboro,ignore,Bush,490,1000
11/08/1988,NC,Clay,ignore,Dukakis,420,1000
11/08/1988,NC,Clay,ignore,Bush,580,1000
11/08/1988,MT,Chouteau,ignore,Dukakis,420,1000
11/08/1988,MT,Chouteau,ignore,Bush,580,1000
11/08/1988,SC,Greenville,ignore,Dukakis,420,1000
11/08/1988,SC,Greenville,ignore,Bush,580,1000
11/08/1988,AL,Pickens,ignore,Dukakis,420,1000
11/08/1988,AL,Pickens,ignore,Bush,580,1000
11/08/1988,MO,Iron,ignore,Dukakis,420,1000
11/08/1988,MO,Iron,ignore,Bush,580,1000
11/08/1988,UT,Daggett,ignore,Dukakis,420,1000
11/08/1988,UT,Daggett,ignore,Bush,580,1000
11/08/1988,FL,Broward,ignore,Dukakis,580,1000
11/08/1988,FL,Broward,ignore,Bush,420,1000
11/08/1988,MS,Hinds,ignore,Dukakis,580,1000
11/08/1988,MS,Hinds,ignore,Bush,420,1000
11/08/1988,NC,Onslow,ignore,Dukakis,420,1000
11/08/1988,NC,Onslow,ignore,Bush,580,1000
11/08/1988,AL,Clarke,ignore,Dukakis,420,1000
11/08/1988,AL,Clarke,ignore,Bush,580,1000
11/08/1988,AR,Madison,ignore,Dukakis,420,1000
11/08/1988,AR,Madison,ignore,Bush,580,1000
11/08/1988,FL,Liberty,ignore,Dukakis,420,1000
11/08/1988,FL,Liberty,ignore,Bush,580,1000
11/08/1988,IN,Monroe,ignore,Dukakis,580,1000
11/08/1988,IN,Monroe,ignore,Bush,420,1000
11/08/1988,IN,Dubois,ignore,Dukakis,420,1000
11/08/1988,IN,Dubois,ignore,Bush,580,1000
11/08/1988,IA,Buena_Vista,ignore,Dukakis,420,1000
11/08/1988,IA,Buena_Vista,ignore,Bush,580,1000
11/08/1988,KS,Gray,ignore,Dukakis,420,1000
11/08/1988,KS,Gray,ignore,Bush,580,1000
11/08/1988,KY,Grant,ignore,Dukakis,420,1000
11/08/1988,KY,Grant,ignore,Bush,580,1000
11/08/1988,TN,Putnam,ignore,Dukakis,420,1000
11/08/1988,TN,Putnam,ignore,Bush,580,1000
11/08/1988,TN,Benton,ignore,Dukakis,420,1000
11/08/1988,TN,Benton,ignore,Bush,580,1000
11/08/1988,UT,Duchesne,ignore,Dukakis,420,1000
11/08/1988,UT,Duchesne,ignore,Bush,580,1000
11/08/1988,VA,Isle_of_Wight,ignore,Dukakis,470,1000
11/08/1988,VA,Isle_of_Wight,ignore,Bush,530,1000
11/08/1988,WY,Hot_Springs,ignore,Dukakis,420,1000
11/08/1988,WY,Hot_Springs,ignore,Bush,580,1000
11/08/1988,SD,Perkins,ignore,Dukakis,420,1000
11/08/1988,SD,Perkins,ignore,Bush,580,1000
11/08/1988,UT,Beaver,ignore,Dukakis,420,1000
11/08/1988,UT,Beaver,ignore,Bush,580,1000
11/08/1988,VA,Buchanan,ignore,Dukakis,420,1000
11/08/1988,VA,Buchanan,ignore,Bush,580,1000
11/08/1988,WV,Mingo,ignore,Dukakis,420,1000
11/08/1988,WV,Mingo,ignore,Bush,580,1000
11/08/1988,AL,Talladega,ignore,Dukakis,420,1000
11/08/1988,AL,Talladega,ignore,Bush,580,1000
11/08/1988,KY,Bourbon,ignore,Dukakis,420,1000
11/08/1988,KY,Bourbon,ignore,Bush,580,1000
11/08/1988,PA,Monroe,ignore,Dukakis,503,1000
11/08/1988,PA,Monroe,ignore,Bush,497,1000
11/08/1988,WA,Ferry,ignore,Dukakis,420,1000
11/08/1988,WA,Ferry,ignore,Bush,580,1000
11/08/1988,ID,Twin_Falls,ignore,Dukakis,420,1000
11/08/1988,ID,Twin_Falls,ignore,Bush,580,1000
11/08/1988,MD,Charles,ignore,Dukakis,510,1000
11/08/1988,MD,Charles,ignore,Bush,490,1000
11/08/1988,VA,Loudoun,ignore,Dukakis,510,1000
11/08/1988,VA,Loudoun,ignore,Bush,490,1000
11/08/1988,IL,Winnebago,ignore,Dukakis,497,1000
11/08/1988,IL,Winnebago,ignore,Bush,503,1000
11/08/1988,CO,Conejos,ignore,Dukakis,470,1000
11/08/1988,CO,Conejos,ignore,Bush,530,1000
11/08/1988,AL,Geneva,ignore,Dukakis,420,1000
11/08/1988,AL,Geneva,ignore,Bush,580,1000
11/08/1988,CA,Alameda,ignore,Dukakis,580,1000
11/08/1988,CA,Alameda,ignore,Bush,420,1000
11/08/1988,FL,Franklin,ignore,Dukakis,420,1000
11/08/1988,FL,Franklin,ignore,Bush,580,1000
11/08/1988,WV,Morgan,ignore,Dukakis,420,1000
11/08/1988,WV,Morgan,ignore,Bush,580,1000
11/08/1988,WV,Randolph,ignore,Dukakis,420,1000
11/08/1988,WV,Randolph,ignore,Bush,580,1000
11/08/1988,MS,Yazoo,ignore,Dukakis,470,1000
11/08/1988,MS,Yazoo,ignore,Bush,530,1000
11/08/1988,MT,McCone,ignore,Dukakis,420,1000
11/08/1988,MT,McCone,ignore,Bush,580,1000
11/08/1988,GA,Atkinson,ignore,Dukakis,420,1000
11/08/1988,GA,Atkinson,ignore,Bush,580,1000
11/08/1988,GA,Chatham,ignore,Dukakis,530,1000
11/08/1988,GA,Chatham,ignore,Bush,470,1000
11/08/1988,KY,Carlisle,ignore,Dukakis,420,1000
11/08/1988,KY,Carlisle,ignore,Bush,580,1000
11/08/1988,MO,Cass,ignore,Dukakis,420,1000
11/08/1988,MO,Cass,ignore,Bush,580,1000
11/08/1988,GA,Habersham,ignore,Dukakis,420,1000
11/08/1988,GA,Habersham,ignore,Bush,580,1000
11/08/1988,KY,Magoffin,ignore,Dukakis,420,1000
11/08/1988,KY,Magoffin,ignore,Bush,580,1000
11/08/1988,KY,Harlan,ignore,Dukakis,420,1000
11/08/1988,KY,Harlan,ignore,Bush,580,1000
11/08/1988,NC,Randolph,ignore,Dukakis,420,1000
11/08/1988,NC,Randolph,ignore,Bush,580,1000
11/08/1988,IL,Will,ignore,Dukakis,510,1000
11/08/1988,IL,Will,ignore,Bush,490,1000
11/08/1988,IN,Knox,ignore,Dukakis,420,1000
11/08/1988,IN,Knox,ignore,Bush,580,1000
11/08/1988,KY,Allen,ignore,Dukakis,420,1000
11/08/1988,KY,Allen,ignore,Bush,580,1000
11/08/1988,LA,Madison,ignore,Dukakis,530,1000
11/08/1988,LA,Madison,ignore,Bush,470,1000
11/08/1988,MN,Fillmore,ignore,Dukakis,420,1000
11/08/1988,MN,Fillmore,ignore,Bush,580,1000
11/08/1988,WA,Spokane,ignore,Dukakis,470,1000
11/08/1988,WA,Spokane,ignore,Bush,530,1000
11/08/1988,UT,Morgan,ignore,Dukakis,420,1000
11/08/1988,UT,Morgan,ignore,Bush,580,1000
11/08/1988,WI,Manitowoc,ignore,Dukakis,420,1000
11/08/1988,WI,Manitowoc,ignore,Bush,580,1000
11/08/1988,AL,Marion,ignore,Dukakis,420,1000
11/08/1988,AL,Marion,ignore,Bush,580,1000
11/08/1988,MI,Montcalm,ignore,Dukakis,420,1000
11/08/1988,MI,Montcalm,ignore,Bush,580,1000
11/08/1988,KY,Nicholas,ignore,Dukakis,420,1000
11/08/1988,KY,Nicholas,ignore,Bush,580,1000
11/08/1988,KY,Powell,ignore,Dukakis,420,1000
11/08/1988,KY,Powell,ignore,Bush,580,1000
11/08/1988,NC,Richmond,ignore,Dukakis,470,1000
11/08/1988,NC,Richmond,ignore,Bush,530,1000
11/08/1988,KY,Union,ignore,Dukakis,420,1000
11/08/1988,KY,Union,ignore,Bush,580,1000
11/08/1988,IL,Fayette,ignore,Dukakis,420,1000
11/08/1988,IL,Fayette,ignore,Bush,580,1000
11/08/1988,KY,Webster,ignore,Dukakis,420,1000
11/08/1988,KY,Webster,ignore,Bush,580,1000
11/08/1988,ID,Blaine,ignore,Dukakis,530,1000
11/08/1988,ID,Blaine,ignore,Bush,470,1000
11/08/1988,IL,Henry,ignore,Dukakis,420,1000
11/08/1988,IL,Henry,ignore,Bush,580,1000
11/08/1988,TN,Trousdale,ignore,Dukakis,420,1000
11/08/1988,TN,Trousdale,ignore,Bush,580,1000
11/08/1988,WI,Calumet,ignore,Dukakis,420,1000
11/08/1988,WI,Calumet,ignore,Bush,580,1000
11/08/1988,NM,Otero,ignore,Dukakis,420,1000
11/08/1988,NM,Otero,ignore,Bush,580,1000
11/08/1988,IN,LaPorte,ignore,Dukakis,470,1000
11/08/1988,IN,LaPorte,ignore,Bush,530,1000
11/08/1988,MA,Middlesex,ignore,Dukakis,580,1000
11/08/1988,MA,Middlesex,ignore,Bush,420,1000
11/08/1988,MS,Tunica,ignore,Dukakis,580,1000
11/08/1988,MS,Tunica,ignore,Bush,420,1000
11/08/1988,MT,Toole,ignore,Dukakis,420,1000
11/08/1988,MT,Toole,ignore,Bush,580,1000
11/08/1988,WA,Island,ignore,Dukakis,510,1000
11/08/1988,WA,Island,ignore,Bush,490,1000
11/08/1988,WV,Jefferson,ignore,Dukakis,420,1000
11/08/1988,WV,Jefferson,ignore,Bush,580,1000
11/08/1988,KY,Wolfe,ignore,Dukakis,420,1000
11/08/1988,KY,Wolfe,ignore,Bush,580,1000
11/08/1988,MA,Barnstable,ignore,Dukakis,530,1000
11/08/1988,MA,Barnstable,ignore,Bush,470,1000
11/08/1988,TN,Blount,ignore,Dukakis,420,1000
11/08/1988,TN,Blount,ignore,Bush,580,1000
11/08/1988,ND,Sioux,ignore,Dukakis,580,1000
11/08/1988,ND,Sioux,ignore,Bush,420,1000
11/08/1988,IA,Woodbury,ignore,Dukakis,420,1000
11/08/1988,IA,Woodbury,ignore,Bush,580,1000
11/08/1988,IL,Clinton,ignore,Dukakis,420,1000
11/08/1988,IL,Clinton,ignore,Bush,580,1000
11/08/1988,NV,Washoe,ignore,Dukakis,470,1000
11/08/1988,NV,Washoe,ignore,Bush,530,1000
11/08/1988,NH,Merrimack,ignore,Dukakis,497,1000
11/08/1988,NH,Merrimack,ignore,Bush,503,1000
11/08/1988,OK,McCurtain,ignore,Dukakis,420,1000
11/08/1988,OK,McCurtain,ignore,Bush,580,1000
11/08/1988,VT,Orange,ignore,Dukakis,580,1000
11/08/1988,VT,Orange,ignore,Bush,420,1000
11/08/1988,NV,Carson_City,ignore,Dukakis,420,1000
11/08/1988,NV,Carson_City,ignore,Bush,580,1000
11/08/1988,NY,Cattaraugus,ignore,Dukakis,420,1000
11/08/1988,NY,Cattaraugus,ignore,Bush,580,1000
11/08/1988,HI,Kauai,ignore,Dukakis,420,1000
11/08/1988,HI,Kauai,ignore,Bush,580,1000
11/08/1988,MA,Plymouth,ignore,Dukakis,470,1000
11/08/1988,MA,Plymouth,ignore,Bush,530,1000
11/08/1988,SC,Jasper,ignore,Dukakis,490,1000
11/08/1988,SC,Jasper,ignore,Bush,510,1000
11/08/1988,MA,Norfolk,ignore,Dukakis,580,1000
11/08/1988,MA,Norfolk,ignore,Bush,420,1000
11/08/1988,KY,Larue,ignore,Dukakis,420,1000
11/08/1988,KY,Larue,ignore,Bush,580,1000
11/08/1988,NE,Cherry,ignore,Dukakis,420,1000
11/08/1988,NE,Cherry,ignore,Bush,580,1000
11/08/1988,GA,Rockdale,ignore,Dukakis,530,1000
11/08/1988,GA,Rockdale,ignore,Bush,470,1000
11/08/1988,VA,Patrick,ignore,Dukakis,420,1000
11/08/1988,VA,Patrick,ignore,Bush,580,1000
11/08/1988,NC,McDowell,ignore,Dukakis,420,1000
11/08/1988,NC,McDowell,ignore,Bush,580,1000
11/08/1988,ND,Barnes,ignore,Dukakis,420,1000
11/08/1988,ND,Barnes,ignore,Bush,580,1000
11/08/1988,MI,Marquette,ignore,Dukakis,530,1000
11/08/1988,MI,Marquette,ignore,Bush,470,1000
11/08/1988,AR,Faulkner,ignore,Dukakis,420,1000
11/08/1988,AR,Faulkner,ignore,Bush,580,1000
11/08/1988,VA,Stafford,ignore,Dukakis,470,1000
11/08/1988,VA,Stafford,ignore,Bush,530,1000
11/08/1988,AR,Grant,ignore,Dukakis,420,1000
11/08/1988,AR,Grant,ignore,Bush,580,1000
11/08/1988,KY,Hopkins,ignore,Dukakis,420,1000
11/08/1988,KY,Hopkins,ignore,Bush,580,1000
11/08/1988,NC,Duplin,ignore,Dukakis,420,1000
11/08/1988,NC,Duplin,ignore,Bush,580,1000
11/08/1988,NC,Nash,ignore,Dukakis,530,1000
11/08/1988,NC,Nash,ignore,Bush,470,1000
11/08/1988,OH,Williams,ignore,Dukakis,420,1000
11/08/1988,OH,Williams,ignore,Bush,580,1000
11/08/1988,MN,Koochiching,ignore,Dukakis,420,1000
11/08/1988,MN,Koochiching,ignore,Bush,580,1000
11/08/1988,ND,Sargent,ignore,Dukakis,420,1000
11/08/1988,ND,Sargent,ignore,Bush,580,1000
11/08/1988,PA,Bucks,ignore,Dukakis,503,1000
11/08/1988,PA,Bucks,ignore,Bush,497,1000
11/08/1988,SC,Calhoun,ignore,Dukakis,470,1000
11/08/1988,SC,Calhoun,ignore,Bush,530,1000
11/08/1988,SD,Bon_Homme,ignore,Dukakis,420,1000
11/08/1988,SD,Bon_Homme,ignore,Bush,580,1000
11/08/1988,IN,Owen,ignore,Dukakis,420,1000
11/08/1988,IN,Owen,ignore,Bush,580,1000
11/08/1988,IN,Starke,ignore,Dukakis,420,1000
11/08/1988,IN,Starke,ignore,Bush,580,1000
11/08/1988,IN,Union,ignore,Dukakis,420,1000
11/08/1988,IN,Union,ignore,Bush,580,1000
11/08/1988,PA,Lawrence,ignore,Dukakis,420,1000
11/08/1988,PA,Lawrence,ignore,Bush,580,1000
11/08/1988,NV,Eureka,ignore,Dukakis,420,1000
11/08/1988,NV,Eureka,ignore,Bush,580,1000
11/08/1988,NH,Belknap,ignore,Dukakis,420,1000
11/08/1988,NH,Belknap,ignore,Bush,580,1000
11/08/1988,AL,Russell,ignore,Dukakis,420,1000
11/08/1988,AL,Russell,ignore,Bush,580,1000
11/08/1988,FL,Manatee,ignore,Dukakis,470,1000
11/08/1988,FL,Manatee,ignore,Bush,530,1000
11/08/1988,NC,Columbus,ignore,Dukakis,420,1000
11/08/1988,NC,Columbus,ignore,Bush,580,1000
11/08/1988,TX,Navarro,ignore,Dukakis,420,1000
11/08/1988,TX,Navarro,ignore,Bush,580,1000
11/08/1988,VA,Amherst,ignore,Dukakis,420,1000
11/08/1988,VA,Amherst,ignore,Bush,580,1000
11/08/1988,TX,Reeves,ignore,Dukakis,420,1000
11/08/1988,TX,Reeves,ignore,Bush,580,1000
11/08/1988,ID,Clark,ignore,Dukakis,420,1000
11/08/1988,ID,Clark,ignore,Bush,580,1000
11/08/1988,MS,Warren,ignore,Dukakis,470,1000
11/08/1988,MS,Warren,ignore,Bush,530,1000
11/08/1988,MO,Mississippi,ignore,Dukakis,470,1000
11/08/1988,MO,Mississippi,ignore,Bush,530,1000
11/08/1988,MI,Osceola,ignore,Dukakis,420,1000
11/08/1988,MI,Osceola,ignore,Bush,580,1000
11/08/1988,MS,Grenada,ignore,Dukakis,420,1000
11/08/1988,MS,Grenada,ignore,Bush,580,1000
11/08/1988,TX,Guadalupe,ignore,Dukakis,420,1000
11/08/1988,TX,Guadalupe,ignore,Bush,580,1000
11/08/1988,FL,Union,ignore,Dukakis,420,1000
11/08/1988,FL,Union,ignore,Bush,580,1000
11/08/1988,MT,Wibaux,ignore,Dukakis,420,1000
11/08/1988,MT,Wibaux,ignore,Bush,580,1000
11/08/1988,MI,Baraga,ignore,Dukakis,420,1000
11/08/1988,MI,Baraga,ignore,Bush,580,1000
11/08/1988,OR,Hood_River,ignore,Dukakis,530,1000
11/08/1988,OR,Hood_River,ignore,Bush,470,1000
11/08/1988,IN,Allen,ignore,Dukakis,420,1000
11/08/1988,IN,Allen,ignore,Bush,580,1000
11/08/1988,SD,Hand,ignore,Dukakis,420,1000
11/08/1988,SD,Hand,ignore,Bush,580,1000
11/08/1988,IN,St_Joseph,ignore,Dukakis,510,1000
11/08/1988,IN,St_Joseph,ignore,Bush,490,1000
11/08/1988,VA,Hopewell,ignore,Dukakis,580,1000
11/08/1988,VA,Hopewell,ignore,Bush,420,1000
11/08/1988,ND,Dunn,ignore,Dukakis,420,1000
11/08/1988,ND,Dunn,ignore,Bush,580,1000
11/08/1988,ND,Slope,ignore,Dukakis,420,1000
11/08/1988,ND,Slope,ignore,Bush,580,1000
11/08/1988,NC,Scotland,ignore,Dukakis,490,1000
11/08/1988,NC,Scotland,ignore,Bush,510,1000
11/08/1988,TN,Dyer,ignore,Dukakis,420,1000
11/08/1988,TN,Dyer,ignore,Bush,580,1000
11/08/1988,KY,Calloway,ignore,Dukakis,420,1000
11/08/1988,KY,Calloway,ignore,Bush,580,1000
11/08/1988,TX,Bandera,ignore,Dukakis,420,1000
11/08/1988,TX,Bandera,ignore,Bush,580,1000
11/08/1988,RI,Bristol,ignore,Dukakis,580,1000
11/08/1988,RI,Bristol,ignore,Bush,420,1000
11/08/1988,WY,Sublette,ignore,Dukakis,420,1000
11/08/1988,WY,Sublette,ignore,Bush,580,1000
11/08/1988,NC,Macon,ignore,Dukakis,420,1000
11/08/1988,NC,Macon,ignore,Bush,580,1000
11/08/1988,WI,Ashland,ignore,Dukakis,530,1000
11/08/1988,WI,Ashland,ignore,Bush,470,1000
11/08/1988,TX,Hidalgo,ignore,Dukakis,490,1000
11/08/1988,TX,Hidalgo,ignore,Bush,510,1000
11/08/1988,WI,La_Crosse,ignore,Dukakis,530,1000
11/08/1988,WI,La_Crosse,ignore,Bush,470,1000
11/08/1988,AL,Mobile,ignore,Dukakis,420,1000
11/08/1988,AL,Mobile,ignore,Bush,580,1000
11/08/1988,AL,Madison,ignore,Dukakis,420,1000
11/08/1988,AL,Madison,ignore,Bush,580,1000
11/08/1988,NC,Polk,ignore,Dukakis,420,1000
11/08/1988,NC,Polk,ignore,Bush,580,1000
11/08/1988,LA,Iberia,ignore,Dukakis,420,1000
11/08/1988,LA,Iberia,ignore,Bush,580,1000
11/08/1988,SC,McCormick,ignore,Dukakis,470,1000
11/08/1988,SC,McCormick,ignore,Bush,530,1000
11/08/1988,MN,Mower,ignore,Dukakis,490,1000
11/08/1988,MN,Mower,ignore,Bush,510,1000
11/08/1988,MT,Madison,ignore,Dukakis,420,1000
11/08/1988,MT,Madison,ignore,Bush,580,1000
11/08/1988,GA,Forsyth,ignore,Dukakis,420,1000
11/08/1988,GA,Forsyth,ignore,Bush,580,1000
11/08/1988,OH,Allen,ignore,Dukakis,420,1000
11/08/1988,OH,Allen,ignore,Bush,580,1000
11/08/1988,NY,St_Lawrence,ignore,Dukakis,470,1000
11/08/1988,NY,St_Lawrence,ignore,Bush,530,1000
11/08/1988,WV,Doddridge,ignore,Dukakis,420,1000
11/08/1988,WV,Doddridge,ignore,Bush,580,1000
11/08/1988,MO,Cedar,ignore,Dukakis,420,1000
11/08/1988,MO,Cedar,ignore,Bush,580,1000
11/08/1988,SC,Bamberg,ignore,Dukakis,580,1000
11/08/1988,SC,Bamberg,ignore,Bush,420,1000
11/08/1988,ND,Dickey,ignore,Dukakis,420,1000
11/08/1988,ND,Dickey,ignore,Bush,580,1000
11/08/1988,AZ,Yavapai,ignore,Dukakis,420,1000
11/08/1988,AZ,Yavapai,ignore,Bush,580,1000
11/08/1988,NY,Rockland,ignore,Dukakis,510,1000
11/08/1988,NY,Rockland,ignore,Bush,490,1000
11/08/1988,MO,Ray,ignore,Dukakis,420,1000
11/08/1988,MO,Ray,ignore,Bush,580,1000
11/08/1988,MS,Forrest,ignore,Dukakis,420,1000
11/08/1988,MS,Forrest,ignore,Bush,580,1000
11/08/1988,AL,Marengo,ignore,Dukakis,420,1000
11/08/1988,AL,Marengo,ignore,Bush,580,1000
11/08/1988,TX,Rockwall,ignore,Dukakis,420,1000
11/08/1988,TX,Rockwall,ignore,Bush,580,1000
11/08/1988,AR,Phillips,ignore,Dukakis,580,1000
11/08/1988,AR,Phillips,ignore,Bush,420,1000
11/08/1988,NC,Alexander,ignore,Dukakis,420,1000
11/08/1988,NC,Alexander,ignore,Bush,580,1000
11/08/1988,WI,Marathon,ignore,Dukakis,420,1000
11/08/1988,WI,Marathon,ignore,Bush,580,1000
11/08/1988,OH,Greene,ignore,Dukakis,420,1000
11/08/1988,OH,Greene,ignore,Bush,580,1000
11/08/1988,VA,Washington,ignore,Dukakis,420,1000
11/08/1988,VA,Washington,ignore,Bush,580,1000
11/08/1988,VA,Wythe,ignore,Dukakis,420,1000
11/08/1988,VA,Wythe,ignore,Bush,580,1000
11/08/1988,NC,Lincoln,ignore,Dukakis,420,1000
11/08/1988,NC,Lincoln,ignore,Bush,580,1000
11/08/1988,OH,Madison,ignore,Dukakis,420,1000
11/08/1988,OH,Madison,ignore,Bush,580,1000
11/08/1988,LA,Avoyelles,ignore,Dukakis,420,1000
11/08/1988,LA,Avoyelles,ignore,Bush,580,1000
11/08/1988,FL,Jackson,ignore,Dukakis,420,1000
11/08/1988,FL,Jackson,ignore,Bush,580,1000
11/08/1988,WA,Kittitas,ignore,Dukakis,420,1000
11/08/1988,WA,Kittitas,ignore,Bush,580,1000
11/08/1988,IL,Whiteside,ignore,Dukakis,470,1000
11/08/1988,IL,Whiteside,ignore,Bush,530,1000
11/08/1988,NC,Perquimans,ignore,Dukakis,580,1000
11/08/1988,NC,Perquimans,ignore,Bush,420,1000
11/08/1988,GA,Webster,ignore,Dukakis,470,1000
11/08/1988,GA,Webster,ignore,Bush,530,1000
11/08/1988,FL,Nassau,ignore,Dukakis,420,1000
11/08/1988,FL,Nassau,ignore,Bush,580,1000
11/08/1988,TX,Dallas,ignore,Dukakis,530,1000
11/08/1988,TX,Dallas,ignore,Bush,470,1000
11/08/1988,CA,Ventura,ignore,Dukakis,497,1000
11/08/1988,CA,Ventura,ignore,Bush,503,1000
11/08/1988,KY,McCreary,ignore,Dukakis,420,1000
11/08/1988,KY,McCreary,ignore,Bush,580,1000
11/08/1988,MN,Becker,ignore,Dukakis,420,1000
11/08/1988,MN,Becker,ignore,Bush,580,1000
11/08/1988,AR,Union,ignore,Dukakis,420,1000
11/08/1988,AR,Union,ignore,Bush,580,1000
11/08/1988,KS,Osage,ignore,Dukakis,420,1000
11/08/1988,KS,Osage,ignore,Bush,580,1000
11/08/1988,TX,Orange,ignore,Dukakis,420,1000
11/08/1988,TX,Orange,ignore,Bush,580,1000
11/08/1988,GA,Clay,ignore,Dukakis,530,1000
11/08/1988,GA,Clay,ignore,Bush,470,1000
11/08/1988,OH,Summit,ignore,Dukakis,530,1000
11/08/1988,OH,Summit,ignore,Bush,470,1000
11/08/1988,GA,Liberty,ignore,Dukakis,580,1000
11/08/1988,GA,Liberty,ignore,Bush,420,1000
11/08/1988,GA,Seminole,ignore,Dukakis,420,1000
11/08/1988,GA,Seminole,ignore,Bush,580,1000
11/08/1988,GA,Cherokee,ignore,Dukakis,420,1000
11/08/1988,GA,Cherokee,ignore,Bush,580,1000
11/08/1988,MO,Montgomery,ignore,Dukakis,420,1000
11/08/1988,MO,Montgomery,ignore,Bush,580,1000
11/08/1988,TN,Giles,ignore,Dukakis,420,1000
11/08/1988,TN,Giles,ignore,Bush,580,1000
11/08/1988,IN,Spencer,ignore,Dukakis,420,1000
11/08/1988,IN,Spencer,ignore,Bush,580,1000
11/08/1988,WV,Boone,ignore,Dukakis,420,1000
11/08/1988,WV,Boone,ignore,Bush,580,1000
11/08/1988,OR,Clatsop,ignore,Dukakis,530,1000
11/08/1988,OR,Clatsop,ignore,Bush,470,1000
11/08/1988,CA,Lake,ignore,Dukakis,490,1000
11/08/1988,CA,Lake,ignore,Bush,510,1000
11/08/1988,GA,Chattooga,ignore,Dukakis,420,1000
11/08/1988,GA,Chattooga,ignore,Bush,580,1000
11/08/1988,MO,Scott,ignore,Dukakis,420,1000
11/08/1988,MO,Scott,ignore,Bush,580,1000
11/08/1988,WA,San_Juan,ignore,Dukakis,580,1000
11/08/1988,WA,San_Juan,ignore,Bush,420,1000
11/08/1988,OR,Jefferson,ignore,Dukakis,420,1000
11/08/1988,OR,Jefferson,ignore,Bush,580,1000
11/08/1988,UT,Utah,ignore,Dukakis,420,1000
11/08/1988,UT,Utah,ignore,Bush,580,1000
11/08/1988,MO,Ozark,ignore,Dukakis,420,1000
11/08/1988,MO,Ozark,ignore,Bush,580,1000
11/08/1988,LA,Richland,ignore,Dukakis,420,1000
11/08/1988,LA,Richland,ignore,Bush,580,1000
11/08/1988,NY,Essex,ignore,Dukakis,490,1000
11/08/1988,NY,Essex,ignore,Bush,510,1000
11/08/1988,TX,Madison,ignore,Dukakis,420,1000
11/08/1988,TX,Madison,ignore,Bush,580,1000
11/08/1988,IL,Grundy,ignore,Dukakis,470,1000
11/08/1988,IL,Grundy,ignore,Bush,530,1000
11/08/1988,NY,Ulster,ignore,Dukakis,530,1000
11/08/1988,NY,Ulster,ignore,Bush,470,1000
11/08/1988,NC,Lee,ignore,Dukakis,420,1000
11/08/1988,NC,Lee,ignore,Bush,580,1000
11/08/1988,TN,Bedford,ignore,Dukakis,420,1000
11/08/1988,TN,Bedford,ignore,Bush,580,1000
11/08/1988,ND,Mountrail,ignore,Dukakis,420,1000
11/08/1988,ND,Mountrail,ignore,Bush,580,1000
11/08/1988,TX,Freestone,ignore,Dukakis,420,1000
11/08/1988,TX,Freestone,ignore,Bush,580,1000
11/08/1988,NC,Alleghany,ignore,Dukakis,420,1000
11/08/1988,NC,Alleghany,ignore,Bush,580,1000
11/08/1988,NY,Wyoming,ignore,Dukakis,420,1000
11/08/1988,NY,Wyoming,ignore,Bush,580,1000
11/08/1988,MN,Pope,ignore,Dukakis,420,1000
11/08/1988,MN,Pope,ignore,Bush,580,1000
11/08/1988,IL,Crawford,ignore,Dukakis,420,1000
11/08/1988,IL,Crawford,ignore,Bush,580,1000
11/08/1988,MO,Barton,ignore,Dukakis,490,1000
11/08/1988,MO,Barton,ignore,Bush,510,1000
11/08/1988,AZ,Maricopa,ignore,Dukakis,470,1000
11/08/1988,AZ,Maricopa,ignore,Bush,530,1000
11/08/1988,NY,Ontario,ignore,Dukakis,490,1000
11/08/1988,NY,Ontario,ignore,Bush,510,1000
11/08/1988,TX,Panola,ignore,Dukakis,420,1000
11/08/1988,TX,Panola,ignore,Bush,580,1000
11/08/1988,IL,White,ignore,Dukakis,420,1000
11/08/1988,IL,White,ignore,Bush,580,1000
11/08/1988,MS,Hancock,ignore,Dukakis,420,1000
11/08/1988,MS,Hancock,ignore,Bush,580,1000
11/08/1988,PA,Bradford,ignore,Dukakis,420,1000
11/08/1988,PA,Bradford,ignore,Bush,580,1000
11/08/1988,OH,Knox,ignore,Dukakis,420,1000
11/08/1988,OH,Knox,ignore,Bush,580,1000
11/08/1988,SD,Brule,ignore,Dukakis,420,1000
11/08/1988,SD,Brule,ignore,Bush,580,1000
11/08/1988,CO,Archuleta,ignore,Dukakis,420,1000
11/08/1988,CO,Archuleta,ignore,Bush,580,1000
11/08/1988,AL,Coffee,ignore,Dukakis,420,1000
11/08/1988,AL,Coffee,ignore,Bush,580,1000
11/08/1988,VA,Caroline,ignore,Dukakis,490,1000
11/08/1988,VA,Caroline,ignore,Bush,510,1000
11/08/1988,VA,Fairfax,ignore,Dukakis,580,1000
11/08/1988,VA,Fairfax,ignore,Bush,420,1000
11/08/1988,SC,Sumter,ignore,Dukakis,530,1000
11/08/1988,SC,Sumter,ignore,Bush,470,1000
11/08/1988,PA,Elk,ignore,Dukakis,420,1000
11/08/1988,PA,Elk,ignore,Bush,580,1000
11/08/1988,IA,Winnebago,ignore,Dukakis,420,1000
11/08/1988,IA,Winnebago,ignore,Bush,580,1000
11/08/1988,FL,Wakulla,ignore,Dukakis,420,1000
11/08/1988,FL,Wakulla,ignore,Bush,580,1000
11/08/1988,MS,Pearl_River,ignore,Dukakis,420,1000
11/08/1988,MS,Pearl_River,ignore,Bush,580,1000
11/08/1988,AR,Van_Buren,ignore,Dukakis,420,1000
11/08/1988,AR,Van_Buren,ignore,Bush,580,1000
11/08/1988,TX,Comanche,ignore,Dukakis,420,1000
11/08/1988,TX,Comanche,ignore,Bush,580,1000
11/08/1988,SD,Dewey,ignore,Dukakis,420,1000
11/08/1988,SD,Dewey,ignore,Bush,580,1000
11/08/1988,TN,Rhea,ignore,Dukakis,420,1000
11/08/1988,TN,Rhea,ignore,Bush,580,1000
11/08/1988,PA,Huntingdon,ignore,Dukakis,420,1000
11/08/1988,PA,Huntingdon,ignore,Bush,580,1000
11/08/1988,WI,Iowa,ignore,Dukakis,530,1000
11/08/1988,WI,Iowa,ignore,Bush,470,1000
11/08/1988,PA,Sullivan,ignore,Dukakis,420,1000
11/08/1988,PA,Sullivan,ignore,Bush,580,1000
11/08/1988,TN,Tipton,ignore,Dukakis,420,1000
11/08/1988,TN,Tipton,ignore,Bush,580,1000
11/08/1988,NH,Strafford,ignore,Dukakis,510,1000
11/08/1988,NH,Strafford,ignore,Bush,490,1000
11/08/1988,IN,Marion,ignore,Dukakis,580,1000
11/08/1988,IN,Marion,ignore,Bush,420,1000
11/08/1988,SD,Bennett,ignore,Dukakis,420,1000
11/08/1988,SD,Bennett,ignore,Bush,580,1000
11/08/1988,VA,Buckingham,ignore,Dukakis,470,1000
11/08/1988,VA,Buckingham,ignore,Bush,530,1000
11/08/1988,ID,Bannock,ignore,Dukakis,420,1000
11/08/1988,ID,Bannock,ignore,Bush,580,1000
11/08/1988,GA,Stephens,ignore,Dukakis,420,1000
11/08/1988,GA,Stephens,ignore,Bush,580,1000
11/08/1988,ID,Boise,ignore,Dukakis,420,1000
11/08/1988,ID,Boise,ignore,Bush,580,1000
11/08/1988,OK,Nowata,ignore,Dukakis,420,1000
11/08/1988,OK,Nowata,ignore,Bush,580,1000
11/08/1988,GA,Glascock,ignore,Dukakis,420,1000
11/08/1988,GA,Glascock,ignore,Bush,580,1000
11/08/1988,WI,Pepin,ignore,Dukakis,470,1000
11/08/1988,WI,Pepin,ignore,Bush,530,1000
11/08/1988,IA,Fremont,ignore,Dukakis,420,1000
11/08/1988,IA,Fremont,ignore,Bush,580,1000
11/08/1988,MO,Maries,ignore,Dukakis,420,1000
11/08/1988,MO,Maries,ignore,Bush,580,1000
11/08/1988,TX,Nacogdoches,ignore,Dukakis,420,1000
11/08/1988,TX,Nacogdoches,ignore,Bush,580,1000
11/08/1988,NC,Pamlico,ignore,Dukakis,470,1000
11/08/1988,NC,Pamlico,ignore,Bush,530,1000
11/08/1988,FL,Taylor,ignore,Dukakis,420,1000
11/08/1988,FL,Taylor,ignore,Bush,580,1000
11/08/1988,MN,Wright,ignore,Dukakis,420,1000
11/08/1988,MN,Wright,ignore,Bush,580,1000
11/08/1988,ME,Somerset,ignore,Dukakis,497,1000
11/08/1988,ME,Somerset,ignore,Bush,503,1000
11/08/1988,AR,Marion,ignore,Dukakis,420,1000
11/08/1988,AR,Marion,ignore,Bush,580,1000
11/08/1988,TX,Presidio,ignore,Dukakis,420,1000
11/08/1988,TX,Presidio,ignore,Bush,580,1000
11/08/1988,CA,Stanislaus,ignore,Dukakis,420,1000
11/08/1988,CA,Stanislaus,ignore,Bush,580,1000
11/08/1988,KY,Elliott,ignore,Dukakis,420,1000
11/08/1988,KY,Elliott,ignore,Bush,580,1000
11/08/1988,IL,Wabash,ignore,Dukakis,420,1000
11/08/1988,IL,Wabash,ignore,Bush,580,1000
11/08/1988,WI,Juneau,ignore,Dukakis,420,1000
11/08/1988,WI,Juneau,ignore,Bush,580,1000
11/08/1988,ND,Walsh,ignore,Dukakis,420,1000
11/08/1988,ND,Walsh,ignore,Bush,580,1000
11/08/1988,AL,Bullock,ignore,Dukakis,420,1000
11/08/1988,AL,Bullock,ignore,Bush,580,1000
11/08/1988,CA,Colusa,ignore,Dukakis,420,1000
11/08/1988,CA,Colusa,ignore,Bush,580,1000
11/08/1988,CO,Gunnison,ignore,Dukakis,490,1000
11/08/1988,CO,Gunnison,ignore,Bush,510,1000
11/08/1988,TX,Cass,ignore,Dukakis,420,1000
11/08/1988,TX,Cass,ignore,Bush,580,1000
11/08/1988,GA,Camden,ignore,Dukakis,420,1000
11/08/1988,GA,Camden,ignore,Bush,580,1000
11/08/1988,MS,Montgomery,ignore,Dukakis,420,1000
11/08/1988,MS,Montgomery,ignore,Bush,580,1000
11/08/1988,GA,Fulton,ignore,Dukakis,580,1000
11/08/1988,GA,Fulton,ignore,Bush,420,1000
11/08/1988,ND,Kidder,ignore,Dukakis,420,1000
11/08/1988,ND,Kidder,ignore,Bush,580,1000
11/08/1988,GA,Fannin,ignore,Dukakis,420,1000
11/08/1988,GA,Fannin,ignore,Bush,580,1000
11/08/1988,OH,Ottawa,ignore,Dukakis,420,1000
11/08/1988,OH,Ottawa,ignore,Bush,580,1000
11/08/1988,NC,Carteret,ignore,Dukakis,420,1000
11/08/1988,NC,Carteret,ignore,Bush,580,1000
11/08/1988,IN,Porter,ignore,Dukakis,470,1000
11/08/1988,IN,Porter,ignore,Bush,530,1000
11/08/1988,VA,Nottoway,ignore,Dukakis,470,1000
11/08/1988,VA,Nottoway,ignore,Bush,530,1000
11/08/1988,MO,Greene,ignore,Dukakis,420,1000
11/08/1988,MO,Greene,ignore,Bush,580,1000
11/08/1988,TX,Harris,ignore,Dukakis,530,1000
11/08/1988,TX,Harris,ignore,Bush,470,1000
11/08/1988,TX,Hill,ignore,Dukakis,420,1000
11/08/1988,TX,Hill,ignore,Bush,580,1000
11/08/1988,MO,Warren,ignore,Dukakis,420,1000
11/08/1988,MO,Warren,ignore,Bush,580,1000
11/08/1988,GA,Hancock,ignore,Dukakis,580,1000
11/08/1988,GA,Hancock,ignore,Bush,420,1000
11/08/1988,AL,Houston,ignore,Dukakis,420,1000
11/08/1988,AL,Houston,ignore,Bush,580,1000
11/08/1988,MO,Pemiscot,ignore,Dukakis,470,1000
11/08/1988,MO,Pemiscot,ignore,Bush,530,1000
11/08/1988,MI,Wayne,ignore,Dukakis,580,1000
11/08/1988,MI,Wayne,ignore,Bush,420,1000
11/08/1988,IN,Boone,ignore,Dukakis,420,1000
11/08/1988,IN,Boone,ignore,Bush,580,1000
11/08/1988,NY,New_York,ignore,Dukakis,580,1000
11/08/1988,NY,New_York,ignore,Bush,420,1000
11/08/1988,SC,Fairfield,ignore,Dukakis,580,1000
11/08/1988,SC,Fairfield,ignore,Bush,420,1000
11/08/1988,ID,Washington,ignore,Dukakis,420,1000
11/08/1988,ID,Washington,ignore,Bush,580,1000
11/08/1988,OH,Ashtabula,ignore,Dukakis,530,1000
11/08/1988,OH,Ashtabula,ignore,Bush,470,1000
11/08/1988,VA,Rockbridge,ignore,Dukakis,420,1000
11/08/1988,VA,Rockbridge,ignore,Bush,580,1000
11/08/1988,WI,Kenosha,ignore,Dukakis,490,1000
11/08/1988,WI,Kenosha,ignore,Bush,510,1000
11/08/1988,NE,Boone,ignore,Dukakis,420,1000
11/08/1988,NE,Boone,ignore,Bush,580,1000
11/08/1988,TX,Coryell,ignore,Dukakis,420,1000
11/08/1988,TX,Coryell,ignore,Bush,580,1000
11/08/1988,IL,DeKalb,ignore,Dukakis,490,1000
11/08/1988,IL,DeKalb,ignore,Bush,510,1000
11/08/1988,MI,Lake,ignore,Dukakis,420,1000
11/08/1988,MI,Lake,ignore,Bush,580,1000
11/08/1988,FL,Lee,ignore,Dukakis,420,1000
11/08/1988,FL,Lee,ignore,Bush,580,1000
11/08/1988,ID,Franklin,ignore,Dukakis,420,1000
11/08/1988,ID,Franklin,ignore,Bush,580,1000
11/08/1988,VA,Greensville,ignore,Dukakis,580,1000
11/08/1988,VA,Greensville,ignore,Bush,420,1000
11/08/1988,GA,Dodge,ignore,Dukakis,420,1000
11/08/1988,GA,Dodge,ignore,Bush,580,1000
11/08/1988,CA,Mendocino,ignore,Dukakis,580,1000
11/08/1988,CA,Mendocino,ignore,Bush,420,1000
11/08/1988,WI,Buffalo,ignore,Dukakis,420,1000
11/08/1988,WI,Buffalo,ignore,Bush,580,1000
11/08/1988,WI,Racine,ignore,Dukakis,470,1000
11/08/1988,WI,Racine,ignore,Bush,530,1000
11/08/1988,VT,Grand_Isle,ignore,Dukakis,530,1000
11/08/1988,VT,Grand_Isle,ignore,Bush,470,1000
11/08/1988,MN,Dakota,ignore,Dukakis,510,1000
11/08/1988,MN,Dakota,ignore,Bush,490,1000
11/08/1988,OR,Multnomah,ignore,Dukakis,580,1000
11/08/1988,OR,Multnomah,ignore,Bush,420,1000
11/08/1988,LA,Natchitoches,ignore,Dukakis,420,1000
11/08/1988,LA,Natchitoches,ignore,Bush,580,1000
11/08/1988,IL,Scott,ignore,Dukakis,420,1000
11/08/1988,IL,Scott,ignore,Bush,580,1000
11/08/1988,GA,Effingham,ignore,Dukakis,420,1000
11/08/1988,GA,Effingham,ignore,Bush,580,1000
11/08/1988,OK,Caddo,ignore,Dukakis,420,1000
11/08/1988,OK,Caddo,ignore,Bush,580,1000
11/08/1988,OK,Jefferson,ignore,Dukakis,420,1000
11/08/1988,OK,Jefferson,ignore,Bush,580,1000
11/08/1988,CO,Huerfano,ignore,Dukakis,510,1000
11/08/1988,CO,Huerfano,ignore,Bush,490,1000
11/08/1988,SC,Anderson,ignore,Dukakis,420,1000
11/08/1988,SC,Anderson,ignore,Bush,580,1000
11/08/1988,SC,Clarendon,ignore,Dukakis,510,1000
11/08/1988,SC,Clarendon,ignore,Bush,490,1000
11/08/1988,GA,Lee,ignore,Dukakis,420,1000
11/08/1988,GA,Lee,ignore,Bush,580,1000
11/08/1988,OH,Jefferson,ignore,Dukakis,420,1000
11/08/1988,OH,Jefferson,ignore,Bush,580,1000
11/08/1988,OK,Roger_Mills,ignore,Dukakis,420,1000
11/08/1988,OK,Roger_Mills,ignore,Bush,580,1000
11/08/1988,VA,Lexington,ignore,Dukakis,580,1000
11/08/1988,VA,Lexington,ignore,Bush,420,1000
11/08/1988,CA,Shasta,ignore,Dukakis,420,1000
11/08/1988,CA,Shasta,ignore,Bush,580,1000
11/08/1988,AR,Desha,ignore,Dukakis,530,1000
11/08/1988,AR,Desha,ignore,Bush,470,1000
11/08/1988,LA,Lafourche,ignore,Dukakis,420,1000
11/08/1988,LA,Lafourche,ignore,Bush,580,1000
11/08/1988,CA,Tuolumne,ignore,Dukakis,420,1000
11/08/1988,CA,Tuolumne,ignore,Bush,580,1000
11/08/1988,OK,Cherokee,ignore,Dukakis,420,1000
11/08/1988,OK,Cherokee,ignore,Bush,580,1000
11/08/1988,AR,Carroll,ignore,Dukakis,420,1000
11/08/1988,AR,Carroll,ignore,Bush,580,1000
11/08/1988,TX,Titus,ignore,Dukakis,420,1000
11/08/1988,TX,Titus,ignore,Bush,580,1000
11/08/1988,LA,St_Martin,ignore,Dukakis,420,1000
11/08/1988,LA,St_Martin,ignore,Bush,580,1000
11/08/1988,AL,Morgan,ignore,Dukakis,420,1000
11/08/1988,AL,Morgan,ignore,Bush,580,1000
11/08/1988,AL,Tuscaloosa,ignore,Dukakis,420,1000
11/08/1988,AL,Tuscaloosa,ignore,Bush,580,1000
11/08/1988,LA,West_Feliciana,ignore,Dukakis,420,1000
11/08/1988,LA,West_Feliciana,ignore,Bush,580,1000
11/08/1988,GA,Henry,ignore,Dukakis,470,1000
11/08/1988,GA,Henry,ignore,Bush,530,1000
11/08/1988,FL,Glades,ignore,Dukakis,420,1000
11/08/1988,FL,Glades,ignore,Bush,580,1000
11/08/1988,CO,Otero,ignore,Dukakis,420,1000
11/08/1988,CO,Otero,ignore,Bush,580,1000
11/08/1988,LA,Tensas,ignore,Dukakis,490,1000
11/08/1988,LA,Tensas,ignore,Bush,510,1000
11/08/1988,WV,Cabell,ignore,Dukakis,420,1000
11/08/1988,WV,Cabell,ignore,Bush,580,1000
11/08/1988,KY,Ohio,ignore,Dukakis,420,1000
11/08/1988,KY,Ohio,ignore,Bush,580,1000
11/08/1988,MN,Blue_Earth,ignore,Dukakis,490,1000
11/08/1988,MN,Blue_Earth,ignore,Bush,510,1000
11/08/1988,NH,Hillsborough,ignore,Dukakis,470,1000
11/08/1988,NH,Hillsborough,ignore,Bush,530,1000
11/08/1988,WY,Sweetwater,ignore,Dukakis,420,1000
11/08/1988,WY,Sweetwater,ignore,Bush,580,1000
11/08/1988,IA,Pottawattamie,ignore,Dukakis,470,1000
11/08/1988,IA,Pottawattamie,ignore,Bush,530,1000
11/08/1988,NY,Jefferson,ignore,Dukakis,420,1000
11/08/1988,NY,Jefferson,ignore,Bush,580,1000
11/08/1988,MO,Bates,ignore,Dukakis,420,1000
11/08/1988,MO,Bates,ignore,Bush,580,1000
11/08/1988,MI,Presque_Isle,ignore,Dukakis,420,1000
11/08/1988,MI,Presque_Isle,ignore,Bush,580,1000
11/08/1988,MT,Roosevelt,ignore,Dukakis,420,1000
11/08/1988,MT,Roosevelt,ignore,Bush,580,1000
11/08/1988,WA,Jefferson,ignore,Dukakis,580,1000
11/08/1988,WA,Jefferson,ignore,Bush,420,1000
11/08/1988,TX,Nueces,ignore,Dukakis,420,1000
11/08/1988,TX,Nueces,ignore,Bush,580,1000
11/08/1988,WI,Door,ignore,Dukakis,490,1000
11/08/1988,WI,Door,ignore,Bush,510,1000
11/08/1988,ID,Nez_Perce,ignore,Dukakis,420,1000
11/08/1988,ID,Nez_Perce,ignore,Bush,580,1000
11/08/1988,MI,Huron,ignore,Dukakis,420,1000
11/08/1988,MI,Huron,ignore,Bush,580,1000
11/08/1988,GA,Johnson,ignore,Dukakis,470,1000
11/08/1988,GA,Johnson,ignore,Bush,530,1000
11/08/1988,OH,Putnam,ignore,Dukakis,420,1000
11/08/1988,OH,Putnam,ignore,Bush,580,1000
11/08/1988,TX,Erath,ignore,Dukakis,420,1000
11/08/1988,TX,Erath,ignore,Bush,580,1000
11/08/1988,MO,Shannon,ignore,Dukakis,420,1000
11/08/1988,MO,Shannon,ignore,Bush,580,1000
11/08/1988,AK,Matanuska-Susitna,ignore,Dukakis,420,1000
11/08/1988,AK,Matanuska-Susitna,ignore,Bush,580,1000
11/08/1988,VA,Falls_Church,ignore,Dukakis,580,1000
11/08/1988,VA,Falls_Church,ignore,Bush,420,1000
11/08/1988,TX,Kleberg,ignore,Dukakis,420,1000
11/08/1988,TX,Kleberg,ignore,Bush,580,1000
11/08/1988,CO,Pitkin,ignore,Dukakis,580,1000
11/08/1988,CO,Pitkin,ignore,Bush,420,1000
11/08/1988,CO,La_Plata,ignore,Dukakis,530,1000
11/08/1988,CO,La_Plata,ignore,Bush,470,1000
11/08/1988,OK,Tulsa,ignore,Dukakis,420,1000
11/08/1988,OK,Tulsa,ignore,Bush,580,1000
11/08/1988,AL,St_Clair,ignore,Dukakis,420,1000
11/08/1988,AL,St_Clair,ignore,Bush,580,1000
11/08/1988,FL,Pinellas,ignore,Dukakis,530,1000
11/08/1988,FL,Pinellas,ignore,Bush,470,1000
11/08/1988,IL,Fulton,ignore,Dukakis,420,1000
11/08/1988,IL,Fulton,ignore,Bush,580,1000
11/08/1988,KS,Cherokee,ignore,Dukakis,420,1000
11/08/1988,KS,Cherokee,ignore,Bush,580,1000
11/08/1988,MN,Beltrami,ignore,Dukakis,490,1000
11/08/1988,MN,Beltrami,ignore,Bush,510,1000
11/08/1988,IN,Cass,ignore,Dukakis,420,1000
11/08/1988,IN,Cass,ignore,Bush,580,1000
11/08/1988,AR,Polk,ignore,Dukakis,420,1000
11/08/1988,AR,Polk,ignore,Bush,580,1000
11/08/1988,NV,Douglas,ignore,Dukakis,420,1000
11/08/1988,NV,Douglas,ignore,Bush,580,1000
11/08/1988,KS,Kingman,ignore,Dukakis,420,1000
11/08/1988,KS,Kingman,ignore,Bush,580,1000
11/08/1988,IA,Clayton,ignore,Dukakis,490,1000
11/08/1988,IA,Clayton,ignore,Bush,510,1000
11/08/1988,IN,Fulton,ignore,Dukakis,420,1000
11/08/1988,IN,Fulton,ignore,Bush,580,1000
11/08/1988,MO,Scotland,ignore,Dukakis,420,1000
11/08/1988,MO,Scotland,ignore,Bush,580,1000
11/08/1988,SC,Berkeley,ignore,Dukakis,420,1000
11/08/1988,SC,Berkeley,ignore,Bush,580,1000
11/08/1988,MI,Leelanau,ignore,Dukakis,470,1000
11/08/1988,MI,Leelanau,ignore,Bush,530,1000
11/08/1988,PA,Fulton,ignore,Dukakis,420,1000
11/08/1988,PA,Fulton,ignore,Bush,580,1000
11/08/1988,MI,Clinton,ignore,Dukakis,470,1000
11/08/1988,MI,Clinton,ignore,Bush,530,1000
11/08/1988,GA,Quitman,ignore,Dukakis,510,1000
11/08/1988,GA,Quitman,ignore,Bush,490,1000
11/08/1988,WA,Snohomish,ignore,Dukakis,580,1000
11/08/1988,WA,Snohomish,ignore,Bush,420,1000
11/08/1988,MO,Lewis,ignore,Dukakis,420,1000
11/08/1988,MO,Lewis,ignore,Bush,580,1000
11/08/1988,FL,Madison,ignore,Dukakis,420,1000
11/08/1988,FL,Madison,ignore,Bush,580,1000
11/08/1988,NM,Los_Alamos,ignore,Dukakis,530,1000
11/08/1988,NM,Los_Alamos,ignore,Bush,470,1000
11/08/1988,NM,Guadalupe,ignore,Dukakis,470,1000
11/08/1988,NM,Guadalupe,ignore,Bush,530,1000
11/08/1988,WV,Gilmer,ignore,Dukakis,420,1000
11/08/1988,WV,Gilmer,ignore,Bush,580,1000
11/08/1988,IN,Vanderburgh,ignore,Dukakis,470,1000
11/08/1988,IN,Vanderburgh,ignore,Bush,530,1000
11/08/1988,WV,Hampshire,ignore,Dukakis,420,1000
11/08/1988,WV,Hampshire,ignore,Bush,580,1000
11/08/1988,OR,Wallowa,ignore,Dukakis,420,1000
11/08/1988,OR,Wallowa,ignore,Bush,580,1000
11/08/1988,NC,Cherokee,ignore,Dukakis,420,1000
11/08/1988,NC,Cherokee,ignore,Bush,580,1000
11/08/1988,OK,Oklahoma,ignore,Dukakis,420,1000
11/08/1988,OK,Oklahoma,ignore,Bush,580,1000
11/08/1988,FL,Volusia,ignore,Dukakis,490,1000
11/08/1988,FL,Volusia,ignore,Bush,510,1000
11/08/1988,CA,Sierra,ignore,Dukakis,420,1000
11/08/1988,CA,Sierra,ignore,Bush,580,1000
11/08/1988,ID,Bonneville,ignore,Dukakis,420,1000
11/08/1988,ID,Bonneville,ignore,Bush,580,1000
11/08/1988,AL,Conecuh,ignore,Dukakis,420,1000
11/08/1988,AL,Conecuh,ignore,Bush,580,1000
11/08/1988,KS,Kiowa,ignore,Dukakis,420,1000
11/08/1988,KS,Kiowa,ignore,Bush,580,1000
11/08/1988,MN,Douglas,ignore,Dukakis,420,1000
11/08/1988,MN,Douglas,ignore,Bush,580,1000
11/08/1988,TN,Chester,ignore,Dukakis,420,1000
11/08/1988,TN,Chester,ignore,Bush,580,1000
11/08/1988,LA,Vermilion,ignore,Dukakis,420,1000
11/08/1988,LA,Vermilion,ignore,Bush,580,1000
11/08/1988,NM,Sandoval,ignore,Dukakis,490,1000
11/08/1988,NM,Sandoval,ignore,Bush,510,1000
11/08/1988,MN,Clay,ignore,Dukakis,503,1000
11/08/1988,MN,Clay,ignore,Bush,497,1000

