11/08/1988,GA,Polk,ignore,Dukakis,420,1000
11/08/1988,GA,Polk,ignore,Bush,580,1000
11/08/1988,KY,Bracken,ignore,Dukakis,420,1000
11/08/1988,KY,Bracken,ignore,Bush,580,1000
11/08/1988,MS,Wayne,ignore,Dukakis,420,1000
11/08/1988,MS,Wayne,ignore,Bush,580,1000
11/08/1988,PA,Adams,ignore,Dukakis,420,1000
11/08/1988,PA,Adams,ignore,Bush,580,1000
11/08/1988,AZ,Gila,ignore,Dukakis,420,1000
11/08/1988,AZ,Gila,ignore,Bush,580,1000
11/08/1988,AR,Poinsett,ignore,Dukakis,420,1000
11/08/1988,AR,Poinsett,ignore,Bush,580,1000
11/08/1988,GA,Pike,ignore,Dukakis,420,1000
11/08/1988,GA,Pike,ignore,Bush,580,1000
11/08/1988,IL,Kendall,ignore,Dukakis,470,1000
11/08/1988,IL,Kendall,ignore,Bush,530,1000
11/08/1988,IA,Jefferson,ignore,Dukakis,420,1000
11/08/1988,IA,Jefferson,ignore,Bush,580,1000
11/08/1988,IA,Iowa,ignore,Dukakis,470,1000
11/08/1988,IA,Iowa,ignore,Bush,530,1000
11/08/1988,NE,Polk,ignore,Dukakis,420,1000
11/08/1988,NE,Polk,ignore,Bush,580,1000
11/08/1988,NE,Phelps,ignore,Dukakis,420,1000
11/08/1988,NE,Phelps,ignore,Bush,580,1000
11/08/1988,ND,Wells,ignore,Dukakis,420,1000
11/08/1988,ND,Wells,ignore,Bush,580,1000
11/08/1988,OH,Fairfield,ignore,Dukakis,420,1000
11/08/1988,OH,Fairfield,ignore,Bush,580,1000
11/08/1988,IN,Orange,ignore,Dukakis,420,1000
11/08/1988,IN,Orange,ignore,Bush,580,1000
11/08/1988,SD,Day,ignore,Dukakis,470,1000
11/08/1988,SD,Day,ignore,Bush,530,1000
11/08/1988,TX,Dickens,ignore,Dukakis,420,1000
11/08/1988,TX,Dickens,ignore,Bush,580,1000
11/08/1988,MI,Otsego,ignore,Dukakis,420,1000
11/08/1988,MI,Otsego,ignore,Bush,580,1000
11/08/1988,MN,Clearwater,ignore,Dukakis,420,1000
11/08/1988,MN,Clearwater,ignore,Bush,580,1000
11/08/1988,OK,Major,ignore,Dukakis,420,1000
11/08/1988,OK,Major,ignore,Bush,580,1000
11/08/1988,TX,McMullen,ignore,Dukakis,420,1000
11/08/1988,TX,McMullen,ignore,Bush,580,1000
11/08/1988,CA,Modoc,ignore,Dukakis,420,1000
11/08/1988,CA,Modoc,ignore,Bush,580,1000
11/08/1988,IL,Cook,ignore,Dukakis,580,1000
11/08/1988,IL,Cook,ignore,Bush,420,1000
11/08/1988,IL,Iroquois,ignore,Dukakis,420,1000
11/08/1988,IL,Iroquois,ignore,Bush,580,1000
11/08/1988,MS,Tippah,ignore,Dukakis,420,1000
11/08/1988,MS,Tippah,ignore,Bush,580,1000
11/08/1988,MN,Wadena,ignore,Dukakis,420,1000
11/08/1988,MN,Wadena,ignore,Bush,580,1000
11/08/1988,MT,Liberty,ignore,Dukakis,420,1000
11/08/1988,MT,Liberty,ignore,Bush,580,1000
11/08/1988,MO,Putnam,ignore,Dukakis,420,1000
11/08/1988,MO,Putnam,ignore,Bush,580,1000
11/08/1988,TX,Bailey,ignore,Dukakis,420,1000
11/08/1988,TX,Bailey,ignore,Bush,580,1000
11/08/1988,CO,Washington,ignore,Dukakis,420,1000
11/08/1988,CO,Washington,ignore,Bush,580,1000
11/08/1988,IL,Washington,ignore,Dukakis,420,1000
11/08/1988,IL,Washington,ignore,Bush,580,1000
11/08/1988,IA,Pocahontas,ignore,Dukakis,420,1000
11/08/1988,IA,Pocahontas,ignore,Bush,580,1000
11/08/1988,IA,Lucas,ignore,Dukakis,420,1000
11/08/1988,IA,Lucas,ignore,Bush,580,1000
11/08/1988,KY,Green,ignore,Dukakis,420,1000
11/08/1988,KY,Green,ignore,Bush,580,1000
11/08/1988,MI,Midland,ignore,Dukakis,420,1000
11/08/1988,MI,Midland,ignore,Bush,580,1000
11/08/1988,OH,Muskingum,ignore,Dukakis,420,1000
11/08/1988,OH,Muskingum,ignore,Bush,580,1000
11/08/1988,PA,Wyoming,ignore,Dukakis,420,1000
11/08/1988,PA,Wyoming,ignore,Bush,580,1000
11/08/1988,TX,Ellis,ignore,Dukakis,420,1000
11/08/1988,TX,Ellis,ignore,Bush,580,1000
11/08/1988,TX,Andrews,ignore,Dukakis,420,1000
11/08/1988,TX,Andrews,ignore,Bush,580,1000
11/08/1988,VT,Lamoille,ignore,Dukakis,580,1000
11/08/1988,VT,Lamoille,ignore,Bush,420,1000
11/08/1988,SD,Clark,ignore,Dukakis,420,1000
11/08/1988,SD,Clark,ignore,Bush,580,1000
11/08/1988,TX,Martin,ignore,Dukakis,420,1000
11/08/1988,TX,Martin,ignore,Bush,580,1000
11/08/1988,KS,Osborne,ignore,Dukakis,420,1000
11/08/1988,KS,Osborne,ignore,Bush,580,1000
11/08/1988,GA,Heard,ignore,Dukakis,420,1000
11/08/1988,GA,Heard,ignore,Bush,580,1000
11/08/1988,IA,Worth,ignore,Dukakis,490,1000
11/08/1988,IA,Worth,ignore,Bush,510,1000
11/08/1988,KY,Simpson,ignore,Dukakis,420,1000
11/08/1988,KY,Simpson,ignore,Bush,580,1000
11/08/1988,MS,Tishomingo,ignore,Dukakis,420,1000
11/08/1988,MS,Tishomingo,ignore,Bush,580,1000
11/08/1988,MS,Stone,ignore,Dukakis,420,1000
11/08/1988,MS,Stone,ignore,Bush,580,1000
11/08/1988,MN,Grant,ignore,Dukakis,420,1000
11/08/1988,MN,Grant,ignore,Bush,580,1000
11/08/1988,NE,Jefferson,ignore,Dukakis,420,1000
11/08/1988,NE,Jefferson,ignore,Bush,580,1000
11/08/1988,SD,Brown,ignore,Dukakis,420,1000
11/08/1988,SD,Brown,ignore,Bush,580,1000
11/08/1988,AL,Pike,ignore,Dukakis,420,1000
11/08/1988,AL,Pike,ignore,Bush,580,1000
11/08/1988,GA,Newton,ignore,Dukakis,470,1000
11/08/1988,GA,Newton,ignore,Bush,530,1000
11/08/1988,IL,Brown,ignore,Dukakis,420,1000
11/08/1988,IL,Brown,ignore,Bush,580,1000
11/08/1988,IL,Bond,ignore,Dukakis,420,1000
11/08/1988,IL,Bond,ignore,Bush,580,1000
11/08/1988,IA,Clay,ignore,Dukakis,420,1000
11/08/1988,IA,Clay,ignore,Bush,580,1000
11/08/1988,KY,Shelby,ignore,Dukakis,420,1000
11/08/1988,KY,Shelby,ignore,Bush,580,1000
11/08/1988,NE,Loup,ignore,Dukakis,420,1000
11/08/1988,NE,Loup,ignore,Bush,580,1000
11/08/1988,NE,Webster,ignore,Dukakis,420,1000
11/08/1988,NE,Webster,ignore,Bush,580,1000
11/08/1988,OH,Ashland,ignore,Dukakis,420,1000
11/08/1988,OH,Ashland,ignore,Bush,580,1000
11/08/1988,NE,Greeley,ignore,Dukakis,420,1000
11/08/1988,NE,Greeley,ignore,Bush,580,1000
11/08/1988,WV,Putnam,ignore,Dukakis,420,1000
11/08/1988,WV,Putnam,ignore,Bush,580,1000
11/08/1988,ND,Billings,ignore,Dukakis,420,1000
11/08/1988,ND,Billings,ignore,Bush,580,1000
11/08/1988,TX,Fisher,ignore,Dukakis,420,1000
11/08/1988,TX,Fisher,ignore,Bush,580,1000
11/08/1988,TX,Lipscomb,ignore,Dukakis,420,1000
11/08/1988,TX,Lipscomb,ignore,Bush,580,1000
11/08/1988,KS,Norton,ignore,Dukakis,420,1000
11/08/1988,KS,Norton,ignore,Bush,580,1000
11/08/1988,MD,Washington,ignore,Dukakis,420,1000
11/08/1988,MD,Washington,ignore,Bush,580,1000
11/08/1988,MS,Clarke,ignore,Dukakis,420,1000
11/08/1988,MS,Clarke,ignore,Bush,580,1000
11/08/1988,MS,Lawrence,ignore,Dukakis,420,1000
11/08/1988,MS,Lawrence,ignore,Bush,580,1000
11/08/1988,MT,Beaverhead,ignore,Dukakis,420,1000
11/08/1988,MT,Beaverhead,ignore,Bush,580,1000
11/08/1988,NE,Banner,ignore,Dukakis,420,1000
11/08/1988,NE,Banner,ignore,Bush,580,1000
11/08/1988,ND,Cavalier,ignore,Dukakis,420,1000
11/08/1988,ND,Cavalier,ignore,Bush,580,1000
11/08/1988,MO,Newton,ignore,Dukakis,420,1000
11/08/1988,MO,Newton,ignore,Bush,580,1000
11/08/1988,AK,North_Slope,ignore,Dukakis,420,1000
11/08/1988,AK,North_Slope,ignore,Bush,580,1000
11/08/1988,GA,Pickens,ignore,Dukakis,420,1000
11/08/1988,GA,Pickens,ignore,Bush,580,1000
11/08/1988,IN,Bartholomew,ignore,Dukakis,420,1000
11/08/1988,IN,Bartholomew,ignore,Bush,580,1000
11/08/1988,IA,Cerro_Gordo,ignore,Dukakis,510,1000
11/08/1988,IA,Cerro_Gordo,ignore,Bush,490,1000
11/08/1988,KY,Lincoln,ignore,Dukakis,420,1000
11/08/1988,KY,Lincoln,ignore,Bush,580,1000
11/08/1988,MO,Dent,ignore,Dukakis,420,1000
11/08/1988,MO,Dent,ignore,Bush,580,1000
11/08/1988,GA,Schley,ignore,Dukakis,420,1000
11/08/1988,GA,Schley,ignore,Bush,580,1000
11/08/1988,NE,Clay,ignore,Dukakis,420,1000
11/08/1988,NE,Clay,ignore,Bush,580,1000
11/08/1988,IA,Guthrie,ignore,Dukakis,420,1000
11/08/1988,IA,Guthrie,ignore,Bush,580,1000
11/08/1988,IA,Adair,ignore,Dukakis,420,1000
11/08/1988,IA,Adair,ignore,Bush,580,1000
11/08/1988,TX,Hale,ignore,Dukakis,420,1000
11/08/1988,TX,Hale,ignore,Bush,580,1000
11/08/1988,VA,Galax,ignore,Dukakis,420,1000
11/08/1988,VA,Galax,ignore,Bush,580,1000
11/08/1988,WI,Sawyer,ignore,Dukakis,420,1000
11/08/1988,WI,Sawyer,ignore,Bush,580,1000
11/08/1988,TX,Sherman,ignore,Dukakis,420,1000
11/08/1988,TX,Sherman,ignore,Bush,580,1000
11/08/1988,CO,Montezuma,ignore,Dukakis,420,1000
11/08/1988,CO,Montezuma,ignore,Bush,580,1000
11/08/1988,KS,Phillips,ignore,Dukakis,420,1000
11/08/1988,KS,Phillips,ignore,Bush,580,1000
11/08/1988,KY,Clinton,ignore,Dukakis,420,1000
11/08/1988,KY,Clinton,ignore,Bush,580,1000
11/08/1988,MD,Allegany,ignore,Dukakis,420,1000
11/08/1988,MD,Allegany,ignore,Bush,580,1000
11/08/1988,MS,Panola,ignore,Dukakis,470,1000
11/08/1988,MS,Panola,ignore,Bush,530,1000
11/08/1988,TX,Kinney,ignore,Dukakis,420,1000
11/08/1988,TX,Kinney,ignore,Bush,580,1000
11/08/1988,NM,Valencia,ignore,Dukakis,470,1000
11/08/1988,NM,Valencia,ignore,Bush,530,1000
11/08/1988,AR,Searcy,ignore,Dukakis,420,1000
11/08/1988,AR,Searcy,ignore,Bush,580,1000
11/08/1988,GA,Candler,ignore,Dukakis,420,1000
11/08/1988,GA,Candler,ignore,Bush,580,1000
11/08/1988,IN,Henry,ignore,Dukakis,420,1000
11/08/1988,IN,Henry,ignore,Bush,580,1000
11/08/1988,IA,Chickasaw,ignore,Dukakis,420,1000
11/08/1988,IA,Chickasaw,ignore,Bush,580,1000
11/08/1988,IA,Poweshiek,ignore,Dukakis,420,1000
11/08/1988,IA,Poweshiek,ignore,Bush,580,1000
11/08/1988,MI,Montmorency,ignore,Dukakis,420,1000
11/08/1988,MI,Montmorency,ignore,Bush,580,1000
11/08/1988,MO,Linn,ignore,Dukakis,420,1000
11/08/1988,MO,Linn,ignore,Bush,580,1000
11/08/1988,ND,Burleigh,ignore,Dukakis,420,1000
11/08/1988,ND,Burleigh,ignore,Bush,580,1000
11/08/1988,NE,Cuming,ignore,Dukakis,420,1000
11/08/1988,NE,Cuming,ignore,Bush,580,1000
11/08/1988,OR,Grant,ignore,Dukakis,420,1000
11/08/1988,OR,Grant,ignore,Bush,580,1000
11/08/1988,SD,Lake,ignore,Dukakis,420,1000
11/08/1988,SD,Lake,ignore,Bush,580,1000
11/08/1988,TX,Scurry,ignore,Dukakis,420,1000
11/08/1988,TX,Scurry,ignore,Bush,580,1000
11/08/1988,TX,Castro,ignore,Dukakis,420,1000
11/08/1988,TX,Castro,ignore,Bush,580,1000
11/08/1988,OH,Harrison,ignore,Dukakis,420,1000
11/08/1988,OH,Harrison,ignore,Bush,580,1000
11/08/1988,TX,Cochran,ignore,Dukakis,420,1000
11/08/1988,TX,Cochran,ignore,Bush,580,1000
11/08/1988,KS,Stanton,ignore,Dukakis,420,1000
11/08/1988,KS,Stanton,ignore,Bush,580,1000
11/08/1988,FL,Monroe,ignore,Dukakis,470,1000
11/08/1988,FL,Monroe,ignore,Bush,530,1000
11/08/1988,FL,Escambia,ignore,Dukakis,420,1000
11/08/1988,FL,Escambia,ignore,Bush,580,1000
11/08/1988,IL,Kankakee,ignore,Dukakis,420,1000
11/08/1988,IL,Kankakee,ignore,Bush,580,1000
11/08/1988,KS,Meade,ignore,Dukakis,420,1000
11/08/1988,KS,Meade,ignore,Bush,580,1000
11/08/1988,MN,Polk,ignore,Dukakis,420,1000
11/08/1988,MN,Polk,ignore,Bush,580,1000
11/08/1988,MS,Pike,ignore,Dukakis,470,1000
11/08/1988,MS,Pike,ignore,Bush,530,1000
11/08/1988,MN,Waseca,ignore,Dukakis,420,1000
11/08/1988,MN,Waseca,ignore,Bush,580,1000
11/08/1988,OK,Cimarron,ignore,Dukakis,420,1000
11/08/1988,OK,Cimarron,ignore,Bush,580,1000
11/08/1988,MT,Flathead,ignore,Dukakis,420,1000
11/08/1988,MT,Flathead,ignore,Bush,580,1000
11/08/1988,UT,Cache,ignore,Dukakis,420,1000
11/08/1988,UT,Cache,ignore,Bush,580,1000
11/08/1988,AR,Lincoln,ignore,Dukakis,470,1000
11/08/1988,AR,Lincoln,ignore,Bush,530,1000
11/08/1988,GA,Turner,ignore,Dukakis,420,1000
11/08/1988,GA,Turner,ignore,Bush,580,1000
11/08/1988,IA,Marshall,ignore,Dukakis,470,1000
11/08/1988,IA,Marshall,ignore,Bush,530,1000
11/08/1988,MO,Texas,ignore,Dukakis,420,1000
11/08/1988,MO,Texas,ignore,Bush,580,1000
11/08/1988,GA,Bleckley,ignore,Dukakis,420,1000
11/08/1988,GA,Bleckley,ignore,Bush,580,1000
11/08/1988,OH,Geauga,ignore,Dukakis,420,1000
11/08/1988,OH,Geauga,ignore,Bush,580,1000
11/08/1988,OK,Grant,ignore,Dukakis,420,1000
11/08/1988,OK,Grant,ignore,Bush,580,1000
11/08/1988,MO,Crawford,ignore,Dukakis,420,1000
11/08/1988,MO,Crawford,ignore,Bush,580,1000
11/08/1988,TX,Tom_Green,ignore,Dukakis,420,1000
11/08/1988,TX,Tom_Green,ignore,Bush,580,1000
11/08/1988,TX,Roberts,ignore,Dukakis,420,1000
11/08/1988,TX,Roberts,ignore,Bush,580,1000
11/08/1988,TX,Childress,ignore,Dukakis,420,1000
11/08/1988,TX,Childress,ignore,Bush,580,1000
11/08/1988,AL,Franklin,ignore,Dukakis,420,1000
11/08/1988,AL,Franklin,ignore,Bush,580,1000
11/08/1988,IN,Ohio,ignore,Dukakis,420,1000
11/08/1988,IN,Ohio,ignore,Bush,580,1000
11/08/1988,KS,Nemaha,ignore,Dukakis,420,1000
11/08/1988,KS,Nemaha,ignore,Bush,580,1000
11/08/1988,MN,Rock,ignore,Dukakis,420,1000
11/08/1988,MN,Rock,ignore,Bush,580,1000
11/08/1988,NE,Dawes,ignore,Dukakis,420,1000
11/08/1988,NE,Dawes,ignore,Bush,580,1000
11/08/1988,PA,Greene,ignore,Dukakis,420,1000
11/08/1988,PA,Greene,ignore,Bush,580,1000
11/08/1988,MO,Phelps,ignore,Dukakis,420,1000
11/08/1988,MO,Phelps,ignore,Bush,580,1000
11/08/1988,AL,Clay,ignore,Dukakis,420,1000
11/08/1988,AL,Clay,ignore,Bush,580,1000
11/08/1988,AK,Kusilvak,ignore,Dukakis,420,1000
11/08/1988,AK,Kusilvak,ignore,Bush,580,1000
11/08/1988,IL,Putnam,ignore,Dukakis,420,1000
11/08/1988,IL,Putnam,ignore,Bush,580,1000
11/08/1988,IN,Montgomery,ignore,Dukakis,420,1000
11/08/1988,IN,Montgomery,ignore,Bush,580,1000
11/08/1988,KS,Wichita,ignore,Dukakis,420,1000
11/08/1988,KS,Wichita,ignore,Bush,580,1000
11/08/1988,MN,Mahnomen,ignore,Dukakis,470,1000
11/08/1988,MN,Mahnomen,ignore,Bush,530,1000
11/08/1988,MN,Murray,ignore,Dukakis,420,1000
11/08/1988,MN,Murray,ignore,Bush,580,1000
11/08/1988,NE,Logan,ignore,Dukakis,420,1000
11/08/1988,NE,Logan,ignore,Bush,580,1000
11/08/1988,ND,Hettinger,ignore,Dukakis,420,1000
11/08/1988,ND,Hettinger,ignore,Bush,580,1000
11/08/1988,IA,Greene,ignore,Dukakis,420,1000
11/08/1988,IA,Greene,ignore,Bush,580,1000
11/08/1988,KY,Lee,ignore,Dukakis,420,1000
11/08/1988,KY,Lee,ignore,Bush,580,1000
11/08/1988,TX,Motley,ignore,Dukakis,420,1000
11/08/1988,TX,Motley,ignore,Bush,580,1000
11/08/1988,LA,Jackson,ignore,Dukakis,420,1000
11/08/1988,LA,Jackson,ignore,Bush,580,1000
11/08/1988,VA,Radford,ignore,Dukakis,510,1000
11/08/1988,VA,Radford,ignore,Bush,490,1000
11/08/1988,ND,Ramsey,ignore,Dukakis,420,1000
11/08/1988,ND,Ramsey,ignore,Bush,580,1000
11/08/1988,ID,Lincoln,ignore,Dukakis,420,1000
11/08/1988,ID,Lincoln,ignore,Bush,580,1000
11/08/1988,CO,Cheyenne,ignore,Dukakis,420,1000
11/08/1988,CO,Cheyenne,ignore,Bush,580,1000
11/08/1988,HI,Maui,ignore,Dukakis,470,1000
11/08/1988,HI,Maui,ignore,Bush,530,1000
11/08/1988,KS,Comanche,ignore,Dukakis,420,1000
11/08/1988,KS,Comanche,ignore,Bush,580,1000
11/08/1988,ME,Aroostook,ignore,Dukakis,510,1000
11/08/1988,ME,Aroostook,ignore,Bush,490,1000
11/08/1988,NE,Thayer,ignore,Dukakis,420,1000
11/08/1988,NE,Thayer,ignore,Bush,580,1000
11/08/1988,MS,Jasper,ignore,Dukakis,420,1000
11/08/1988,MS,Jasper,ignore,Bush,580,1000
11/08/1988,MN,Steele,ignore,Dukakis,420,1000
11/08/1988,MN,Steele,ignore,Bush,580,1000
11/08/1988,SD,Lawrence,ignore,Dukakis,420,1000
11/08/1988,SD,Lawrence,ignore,Bush,580,1000
11/08/1988,SD,Campbell,ignore,Dukakis,420,1000
11/08/1988,SD,Campbell,ignore,Bush,580,1000
11/08/1988,MT,Wheatland,ignore,Dukakis,420,1000
11/08/1988,MT,Wheatland,ignore,Bush,580,1000
11/08/1988,AR,Jackson,ignore,Dukakis,420,1000
11/08/1988,AR,Jackson,ignore,Bush,580,1000
11/08/1988,FL,Lafayette,ignore,Dukakis,420,1000
11/08/1988,FL,Lafayette,ignore,Bush,580,1000
11/08/1988,IL,Saline,ignore,Dukakis,420,1000
11/08/1988,IL,Saline,ignore,Bush,580,1000
11/08/1988,IA,Wapello,ignore,Dukakis,510,1000
11/08/1988,IA,Wapello,ignore,Bush,490,1000
11/08/1988,MI,Calhoun,ignore,Dukakis,420,1000
11/08/1988,MI,Calhoun,ignore,Bush,580,1000
11/08/1988,NE,Colfax,ignore,Dukakis,420,1000
11/08/1988,NE,Colfax,ignore,Bush,580,1000
11/08/1988,ND,Ward,ignore,Dukakis,420,1000
11/08/1988,ND,Ward,ignore,Bush,580,1000
11/08/1988,NE,Fillmore,ignore,Dukakis,420,1000
11/08/1988,NE,Fillmore,ignore,Bush,580,1000
11/08/1988,PA,Snyder,ignore,Dukakis,420,1000
11/08/1988,PA,Snyder,ignore,Bush,580,1000
11/08/1988,IA,Adams,ignore,Dukakis,420,1000
11/08/1988,IA,Adams,ignore,Bush,580,1000
11/08/1988,VA,Covington,ignore,Dukakis,420,1000
11/08/1988,VA,Covington,ignore,Bush,580,1000
11/08/1988,WI,Barron,ignore,Dukakis,420,1000
11/08/1988,WI,Barron,ignore,Bush,580,1000
11/08/1988,TX,Archer,ignore,Dukakis,420,1000
11/08/1988,TX,Archer,ignore,Bush,580,1000
11/08/1988,UT,Piute,ignore,Dukakis,420,1000
11/08/1988,UT,Piute,ignore,Bush,580,1000
11/08/1988,KS,Kearny,ignore,Dukakis,420,1000
11/08/1988,KS,Kearny,ignore,Bush,580,1000
11/08/1988,NE,Johnson,ignore,Dukakis,420,1000
11/08/1988,NE,Johnson,ignore,Bush,580,1000
11/08/1988,TX,Sutton,ignore,Dukakis,420,1000
11/08/1988,TX,Sutton,ignore,Bush,580,1000
11/08/1988,IL,Piatt,ignore,Dukakis,420,1000
11/08/1988,IL,Piatt,ignore,Bush,580,1000
11/08/1988,IL,Schuyler,ignore,Dukakis,420,1000
11/08/1988,IL,Schuyler,ignore,Bush,580,1000
11/08/1988,TN,McNairy,ignore,Dukakis,420,1000
11/08/1988,TN,McNairy,ignore,Bush,580,1000
11/08/1988,KY,Edmonson,ignore,Dukakis,420,1000
11/08/1988,KY,Edmonson,ignore,Bush,580,1000
11/08/1988,IA,O_Brien,ignore,Dukakis,420,1000
11/08/1988,IA,O_Brien,ignore,Bush,580,1000
11/08/1988,KY,Estill,ignore,Dukakis,420,1000
11/08/1988,KY,Estill,ignore,Bush,580,1000
11/08/1988,IL,Christian,ignore,Dukakis,420,1000
11/08/1988,IL,Christian,ignore,Bush,580,1000
11/08/1988,KY,Graves,ignore,Dukakis,420,1000
11/08/1988,KY,Graves,ignore,Bush,580,1000
11/08/1988,IA,Union,ignore,Dukakis,420,1000
11/08/1988,IA,Union,ignore,Bush,580,1000
11/08/1988,IL,Marshall,ignore,Dukakis,420,1000
11/08/1988,IL,Marshall,ignore,Bush,580,1000
11/08/1988,MI,Branch,ignore,Dukakis,420,1000
11/08/1988,MI,Branch,ignore,Bush,580,1000
11/08/1988,KS,Geary,ignore,Dukakis,420,1000
11/08/1988,KS,Geary,ignore,Bush,580,1000
11/08/1988,NE,Brown,ignore,Dukakis,420,1000
11/08/1988,NE,Brown,ignore,Bush,580,1000
11/08/1988,MS,Smith,ignore,Dukakis,420,1000
11/08/1988,MS,Smith,ignore,Bush,580,1000
11/08/1988,ID,Benewah,ignore,Dukakis,420,1000
11/08/1988,ID,Benewah,ignore,Bush,580,1000
11/08/1988,IN,Fountain,ignore,Dukakis,420,1000
11/08/1988,IN,Fountain,ignore,Bush,580,1000
11/08/1988,TX,Moore,ignore,Dukakis,420,1000
11/08/1988,TX,Moore,ignore,Bush,580,1000
11/08/1988,OK,Lincoln,ignore,Dukakis,420,1000
11/08/1988,OK,Lincoln,ignore,Bush,580,1000
11/08/1988,UT,San_Juan,ignore,Dukakis,420,1000
11/08/1988,UT,San_Juan,ignore,Bush,580,1000
11/08/1988,IA,Mahaska,ignore,Dukakis,420,1000
11/08/1988,IA,Mahaska,ignore,Bush,580,1000
11/08/1988,IN,Pulaski,ignore,Dukakis,420,1000
11/08/1988,IN,Pulaski,ignore,Bush,580,1000
11/08/1988,KY,Christian,ignore,Dukakis,420,1000
11/08/1988,KY,Christian,ignore,Bush,580,1000
11/08/1988,ND,Richland,ignore,Dukakis,470,1000
11/08/1988,ND,Richland,ignore,Bush,530,1000
11/08/1988,MO,Dade,ignore,Dukakis,420,1000
11/08/1988,MO,Dade,ignore,Bush,580,1000
11/08/1988,MO,Dallas,ignore,Dukakis,420,1000
11/08/1988,MO,Dallas,ignore,Bush,580,1000
11/08/1988,IN,Clay,ignore,Dukakis,420,1000
11/08/1988,IN,Clay,ignore,Bush,580,1000
11/08/1988,GA,Floyd,ignore,Dukakis,420,1000
11/08/1988,GA,Floyd,ignore,Bush,580,1000
11/08/1988,NE,Box_Butte,ignore,Dukakis,420,1000
11/08/1988,NE,Box_Butte,ignore,Bush,580,1000
11/08/1988,KS,Ford,ignore,Dukakis,420,1000
11/08/1988,KS,Ford,ignore,Bush,580,1000
11/08/1988,IN,Madison,ignore,Dukakis,420,1000
11/08/1988,IN,Madison,ignore,Bush,580,1000
11/08/1988,KS,Ness,ignore,Dukakis,420,1000
11/08/1988,KS,Ness,ignore,Bush,580,1000
11/08/1988,NE,Hooker,ignore,Dukakis,420,1000
11/08/1988,NE,Hooker,ignore,Bush,580,1000
11/08/1988,IL,Clay,ignore,Dukakis,420,1000
11/08/1988,IL,Clay,ignore,Bush,580,1000
11/08/1988,MO,Knox,ignore,Dukakis,420,1000
11/08/1988,MO,Knox,ignore,Bush,580,1000
11/08/1988,MO,Osage,ignore,Dukakis,420,1000
11/08/1988,MO,Osage,ignore,Bush,580,1000
11/08/1988,MI,Livingston,ignore,Dukakis,420,1000
11/08/1988,MI,Livingston,ignore,Bush,580,1000
11/08/1988,AL,Randolph,ignore,Dukakis,420,1000
11/08/1988,AL,Randolph,ignore,Bush,580,1000
11/08/1988,MI,Roscommon,ignore,Dukakis,420,1000
11/08/1988,MI,Roscommon,ignore,Bush,580,1000
11/08/1988,OH,Carroll,ignore,Dukakis,420,1000
11/08/1988,OH,Carroll,ignore,Bush,580,1000
11/08/1988,ND,Cass,ignore,Dukakis,470,1000
11/08/1988,ND,Cass,ignore,Bush,530,1000
11/08/1988,NE,Madison,ignore,Dukakis,420,1000
11/08/1988,NE,Madison,ignore,Bush,580,1000
11/08/1988,NE,Perkins,ignore,Dukakis,420,1000
11/08/1988,NE,Perkins,ignore,Bush,580,1000
11/08/1988,NE,Pierce,ignore,Dukakis,420,1000
11/08/1988,NE,Pierce,ignore,Bush,580,1000
11/08/1988,AR,Cleburne,ignore,Dukakis,420,1000
11/08/1988,AR,Cleburne,ignore,Bush,580,1000
11/08/1988,NE,Platte,ignore,Dukakis,420,1000
11/08/1988,NE,Platte,ignore,Bush,580,1000
11/08/1988,NH,Coos,ignore,Dukakis,530,1000
11/08/1988,NH,Coos,ignore,Bush,470,1000
11/08/1988,MN,Swift,ignore,Dukakis,470,1000
11/08/1988,MN,Swift,ignore,Bush,530,1000
11/08/1988,WI,Langlade,ignore,Dukakis,420,1000
11/08/1988,WI,Langlade,ignore,Bush,580,1000
11/08/1988,MI,Isabella,ignore,Dukakis,470,1000
11/08/1988,MI,Isabella,ignore,Bush,530,1000
11/08/1988,MN,McLeod,ignore,Dukakis,420,1000
11/08/1988,MN,McLeod,ignore,Bush,580,1000
11/08/1988,NH,Grafton,ignore,Dukakis,530,1000
11/08/1988,NH,Grafton,ignore,Bush,470,1000
11/08/1988,AK,Petersburg,ignore,Dukakis,470,1000
11/08/1988,AK,Petersburg,ignore,Bush,530,1000
11/08/1988,MI,Missaukee,ignore,Dukakis,420,1000
11/08/1988,MI,Missaukee,ignore,Bush,580,1000
11/08/1988,MO,Oregon,ignore,Dukakis,420,1000
11/08/1988,MO,Oregon,ignore,Bush,580,1000
11/08/1988,ND,Griggs,ignore,Dukakis,420,1000
11/08/1988,ND,Griggs,ignore,Bush,580,1000
11/08/1988,TX,Goliad,ignore,Dukakis,420,1000
11/08/1988,TX,Goliad,ignore,Bush,580,1000
11/08/1988,NE,Chase,ignore,Dukakis,420,1000
11/08/1988,NE,Chase,ignore,Bush,580,1000
11/08/1988,KS,Allen,ignore,Dukakis,420,1000
11/08/1988,KS,Allen,ignore,Bush,580,1000
11/08/1988,KS,Chase,ignore,Dukakis,420,1000
11/08/1988,KS,Chase,ignore,Bush,580,1000
11/08/1988,KS,Greenwood,ignore,Dukakis,420,1000
11/08/1988,KS,Greenwood,ignore,Bush,580,1000
11/08/1988,TX,Cottle,ignore,Dukakis,420,1000
11/08/1988,TX,Cottle,ignore,Bush,580,1000
11/08/1988,NM,Eddy,ignore,Dukakis,420,1000
11/08/1988,NM,Eddy,ignore,Bush,580,1000
11/08/1988,IL,Coles,ignore,Dukakis,420,1000
11/08/1988,IL,Coles,ignore,Bush,580,1000
11/08/1988,KS,Elk,ignore,Dukakis,420,1000
11/08/1988,KS,Elk,ignore,Bush,580,1000
11/08/1988,KS,Woodson,ignore,Dukakis,420,1000
11/08/1988,KS,Woodson,ignore,Bush,580,1000
11/08/1988,MI,Gratiot,ignore,Dukakis,420,1000
11/08/1988,MI,Gratiot,ignore,Bush,580,1000
11/08/1988,KS,Marion,ignore,Dukakis,420,1000
11/08/1988,KS,Marion,ignore,Bush,580,1000
11/08/1988,KS,Neosho,ignore,Dukakis,420,1000
11/08/1988,KS,Neosho,ignore,Bush,580,1000
11/08/1988,MI,Ionia,ignore,Dukakis,420,1000
11/08/1988,MI,Ionia,ignore,Bush,580,1000
11/08/1988,MN,Cottonwood,ignore,Dukakis,420,1000
11/08/1988,MN,Cottonwood,ignore,Bush,580,1000
11/08/1988,KY,Montgomery,ignore,Dukakis,420,1000
11/08/1988,KY,Montgomery,ignore,Bush,580,1000
11/08/1988,MN,Kandiyohi,ignore,Dukakis,420,1000
11/08/1988,MN,Kandiyohi,ignore,Bush,580,1000
11/08/1988,MI,Mecosta,ignore,Dukakis,420,1000
11/08/1988,MI,Mecosta,ignore,Bush,580,1000
11/08/1988,SD,Grant,ignore,Dukakis,420,1000
11/08/1988,SD,Grant,ignore,Bush,580,1000
11/08/1988,MN,Faribault,ignore,Dukakis,420,1000
11/08/1988,MN,Faribault,ignore,Bush,580,1000
11/08/1988,KY,Robertson,ignore,Dukakis,420,1000
11/08/1988,KY,Robertson,ignore,Bush,580,1000
11/08/1988,IL,Effingham,ignore,Dukakis,420,1000
11/08/1988,IL,Effingham,ignore,Bush,580,1000
11/08/1988,MN,Benton,ignore,Dukakis,420,1000
11/08/1988,MN,Benton,ignore,Bush,580,1000
11/08/1988,TX,Falls,ignore,Dukakis,420,1000
11/08/1988,TX,Falls,ignore,Bush,580,1000
11/08/1988,SD,Aurora,ignore,Dukakis,420,1000
11/08/1988,SD,Aurora,ignore,Bush,580,1000
11/08/1988,MA,Nantucket,ignore,Dukakis,580,1000
11/08/1988,MA,Nantucket,ignore,Bush,420,1000
11/08/1988,SD,Beadle,ignore,Dukakis,420,1000
11/08/1988,SD,Beadle,ignore,Bush,580,1000
11/08/1988,SD,Spink,ignore,Dukakis,420,1000
11/08/1988,SD,Spink,ignore,Bush,580,1000
11/08/1988,SD,Yankton,ignore,Dukakis,420,1000
11/08/1988,SD,Yankton,ignore,Bush,580,1000
11/08/1988,SD,Hutchinson,ignore,Dukakis,420,1000
11/08/1988,SD,Hutchinson,ignore,Bush,580,1000
11/08/1988,PA,Cameron,ignore,Dukakis,420,1000
11/08/1988,PA,Cameron,ignore,Bush,580,1000
11/08/1988,AK,Hoonah_Angoon,ignore,Dukakis,420,1000
11/08/1988,AK,Hoonah_Angoon,ignore,Bush,580,1000
11/08/1988,TN,Hardin,ignore,Dukakis,420,1000
11/08/1988,TN,Hardin,ignore,Bush,580,1000
11/08/1988,SD,McCook,ignore,Dukakis,420,1000
11/08/1988,SD,McCook,ignore,Bush,580,1000
11/08/1988,SD,Jerauld,ignore,Dukakis,420,1000
11/08/1988,SD,Jerauld,ignore,Bush,580,1000
11/08/1988,WV,Barbour,ignore,Dukakis,420,1000
11/08/1988,WV,Barbour,ignore,Bush,580,1000
11/08/1988,VA,Goochland,ignore,Dukakis,420,1000
11/08/1988,VA,Goochland,ignore,Bush,580,1000
11/08/1988,MN,Le_Sueur,ignore,Dukakis,420,1000
11/08/1988,MN,Le_Sueur,ignore,Bush,580,1000
11/08/1988,TX,Karnes,ignore,Dukakis,420,1000
11/08/1988,TX,Karnes,ignore,Bush,580,1000
11/08/1988,MN,Martin,ignore,Dukakis,420,1000
11/08/1988,MN,Martin,ignore,Bush,580,1000
11/08/1988,MO,Adair,ignore,Dukakis,420,1000
11/08/1988,MO,Adair,ignore,Bush,580,1000
11/08/1988,WI,Price,ignore,Dukakis,420,1000
11/08/1988,WI,Price,ignore,Bush,580,1000
11/08/1988,WI,Dunn,ignore,Dukakis,420,1000
11/08/1988,WI,Dunn,ignore,Bush,580,1000
11/08/1988,WY,Natrona,ignore,Dukakis,420,1000
11/08/1988,WY,Natrona,ignore,Bush,580,1000
11/08/1988,WY,Niobrara,ignore,Dukakis,420,1000
11/08/1988,WY,Niobrara,ignore,Bush,580,1000
11/08/1988,WY,Park,ignore,Dukakis,420,1000
11/08/1988,WY,Park,ignore,Bush,580,1000
11/08/1988,SC,Saluda,ignore,Dukakis,420,1000
11/08/1988,SC,Saluda,ignore,Bush,580,1000
11/08/1988,OR,Wheeler,ignore,Dukakis,420,1000
11/08/1988,OR,Wheeler,ignore,Bush,580,1000
11/08/1988,VT,Essex,ignore,Dukakis,490,1000
11/08/1988,VT,Essex,ignore,Bush,510,1000
11/08/1988,WA,Skamania,ignore,Dukakis,470,1000
11/08/1988,WA,Skamania,ignore,Bush,530,1000
11/08/1988,MN,Cook,ignore,Dukakis,580,1000
11/08/1988,MN,Cook,ignore,Bush,420,1000
11/08/1988,OH,Crawford,ignore,Dukakis,420,1000
11/08/1988,OH,Crawford,ignore,Bush,580,1000
11/08/1988,OH,Hancock,ignore,Dukakis,420,1000
11/08/1988,OH,Hancock,ignore,Bush,580,1000
11/08/1988,OH,Hocking,ignore,Dukakis,420,1000
11/08/1988,OH,Hocking,ignore,Bush,580,1000
11/08/1988,OH,Huron,ignore,Dukakis,420,1000
11/08/1988,OH,Huron,ignore,Bush,580,1000
11/08/1988,TX,Yoakum,ignore,Dukakis,420,1000
11/08/1988,TX,Yoakum,ignore,Bush,580,1000
11/08/1988,TX,Armstrong,ignore,Dukakis,420,1000
11/08/1988,TX,Armstrong,ignore,Bush,580,1000
11/08/1988,TX,Jim_Wells,ignore,Dukakis,420,1000
11/08/1988,TX,Jim_Wells,ignore,Bush,580,1000
11/08/1988,OK,Dewey,ignore,Dukakis,420,1000
11/08/1988,OK,Dewey,ignore,Bush,580,1000
11/08/1988,TX,Hemphill,ignore,Dukakis,420,1000
11/08/1988,TX,Hemphill,ignore,Bush,580,1000
11/08/1988,ME,Kennebec,ignore,Dukakis,510,1000
11/08/1988,ME,Kennebec,ignore,Bush,490,1000
11/08/1988,IA,Grundy,ignore,Dukakis,420,1000
11/08/1988,IA,Grundy,ignore,Bush,580,1000
11/08/1988,MN,Isanti,ignore,Dukakis,420,1000
11/08/1988,MN,Isanti,ignore,Bush,580,1000
11/08/1988,TX,Schleicher,ignore,Dukakis,420,1000
11/08/1988,TX,Schleicher,ignore,Bush,580,1000
11/08/1988,OK,Okmulgee,ignore,Dukakis,420,1000
11/08/1988,OK,Okmulgee,ignore,Bush,580,1000
11/08/1988,MT,Garfield,ignore,Dukakis,420,1000
11/08/1988,MT,Garfield,ignore,Bush,580,1000
11/08/1988,TX,Stephens,ignore,Dukakis,420,1000
11/08/1988,TX,Stephens,ignore,Bush,580,1000
11/08/1988,NE,Arthur,ignore,Dukakis,420,1000
11/08/1988,NE,Arthur,ignore,Bush,580,1000
11/08/1988,TX,Swisher,ignore,Dukakis,420,1000
11/08/1988,TX,Swisher,ignore,Bush,580,1000
11/08/1988,MO,Pettis,ignore,Dukakis,420,1000
11/08/1988,MO,Pettis,ignore,Bush,580,1000
11/08/1988,TX,Lamb,ignore,Dukakis,420,1000
11/08/1988,TX,Lamb,ignore,Bush,580,1000
11/08/1988,TX,Palo_Pinto,ignore,Dukakis,420,1000
11/08/1988,TX,Palo_Pinto,ignore,Bush,580,1000
11/08/1988,GA,White,ignore,Dukakis,420,1000
11/08/1988,GA,White,ignore,Bush,580,1000
11/08/1988,OR,Wasco,ignore,Dukakis,470,1000
11/08/1988,OR,Wasco,ignore,Bush,530,1000
11/08/1988,AK,Bethel,ignore,Dukakis,420,1000
11/08/1988,AK,Bethel,ignore,Bush,580,1000
11/08/1988,AR,St_Francis,ignore,Dukakis,530,1000
11/08/1988,AR,St_Francis,ignore,Bush,470,1000
11/08/1988,AK,Aleutians_East,ignore,Dukakis,420,1000
11/08/1988,AK,Aleutians_East,ignore,Bush,580,1000
11/08/1988,WI,Monroe,ignore,Dukakis,420,1000
11/08/1988,WI,Monroe,ignore,Bush,580,1000
11/08/1988,AK,Ketchikan_Gateway,ignore,Dukakis,420,1000
11/08/1988,AK,Ketchikan_Gateway,ignore,Bush,580,1000
11/08/1988,AK,Lake_and_Peninsula,ignore,Dukakis,420,1000
11/08/1988,AK,Lake_and_Peninsula,ignore,Bush,580,1000
11/08/1988,ND,Stutsman,ignore,Dukakis,420,1000
11/08/1988,ND,Stutsman,ignore,Bush,580,1000
11/08/1988,OH,Paulding,ignore,Dukakis,420,1000
11/08/1988,OH,Paulding,ignore,Bush,580,1000
11/08/1988,MS,Choctaw,ignore,Dukakis,420,1000
11/08/1988,MS,Choctaw,ignore,Bush,580,1000
11/08/1988,SD,Sully,ignore,Dukakis,420,1000
11/08/1988,SD,Sully,ignore,Bush,580,1000
11/08/1988,MO,Stoddard,ignore,Dukakis,420,1000
11/08/1988,MO,Stoddard,ignore,Bush,580,1000
11/08/1988,TX,Hall,ignore,Dukakis,420,1000
11/08/1988,TX,Hall,ignore,Bush,580,1000
11/08/1988,MO,Stone,ignore,Dukakis,420,1000
11/08/1988,MO,Stone,ignore,Bush,580,1000
11/08/1988,MO,Webster,ignore,Dukakis,420,1000
11/08/1988,MO,Webster,ignore,Bush,580,1000
11/08/1988,NC,Forsyth,ignore,Dukakis,530,1000
11/08/1988,NC,Forsyth,ignore,Bush,470,1000
11/08/1988,VA,Danville,ignore,Dukakis,580,1000
11/08/1988,VA,Danville,ignore,Bush,420,1000
11/08/1988,VA,Franklin,ignore,Dukakis,580,1000
11/08/1988,VA,Franklin,ignore,Bush,420,1000
11/08/1988,KS,Brown,ignore,Dukakis,420,1000
11/08/1988,KS,Brown,ignore,Bush,580,1000
11/08/1988,VA,Martinsville,ignore,Dukakis,580,1000
11/08/1988,VA,Martinsville,ignore,Bush,420,1000
11/08/1988,KS,Butler,ignore,Dukakis,420,1000
11/08/1988,KS,Butler,ignore,Bush,580,1000
11/08/1988,TX,Hood,ignore,Dukakis,420,1000
11/08/1988,TX,Hood,ignore,Bush,580,1000
11/08/1988,VA,Staunton,ignore,Dukakis,580,1000
11/08/1988,VA,Staunton,ignore,Bush,420,1000
11/08/1988,FL,DeSoto,ignore,Dukakis,420,1000
11/08/1988,FL,DeSoto,ignore,Bush,580,1000
11/08/1988,FL,Highlands,ignore,Dukakis,420,1000
11/08/1988,FL,Highlands,ignore,Bush,580,1000
11/08/1988,MO,Wright,ignore,Dukakis,420,1000
11/08/1988,MO,Wright,ignore,Bush,580,1000
11/08/1988,KS,Anderson,ignore,Dukakis,420,1000
11/08/1988,KS,Anderson,ignore,Bush,580,1000
11/08/1988,VA,Amelia,ignore,Dukakis,420,1000
11/08/1988,VA,Amelia,ignore,Bush,580,1000
11/08/1988,IA,Crawford,ignore,Dukakis,420,1000
11/08/1988,IA,Crawford,ignore,Bush,580,1000
11/08/1988,IA,Davis,ignore,Dukakis,420,1000
11/08/1988,IA,Davis,ignore,Bush,580,1000
11/08/1988,IA,Delaware,ignore,Dukakis,470,1000
11/08/1988,IA,Delaware,ignore,Bush,530,1000
11/08/1988,KS,Miami,ignore,Dukakis,420,1000
11/08/1988,KS,Miami,ignore,Bush,580,1000
11/08/1988,TX,LaSalle,ignore,Dukakis,420,1000
11/08/1988,TX,LaSalle,ignore,Bush,580,1000
11/08/1988,KS,McPherson,ignore,Dukakis,420,1000
11/08/1988,KS,McPherson,ignore,Bush,580,1000
11/08/1988,IA,Franklin,ignore,Dukakis,420,1000
11/08/1988,IA,Franklin,ignore,Bush,580,1000
11/08/1988,KS,Logan,ignore,Dukakis,420,1000
11/08/1988,KS,Logan,ignore,Bush,580,1000
11/08/1988,IA,Hamilton,ignore,Dukakis,420,1000
11/08/1988,IA,Hamilton,ignore,Bush,580,1000
11/08/1988,TX,McLennan,ignore,Dukakis,420,1000
11/08/1988,TX,McLennan,ignore,Bush,580,1000
11/08/1988,ID,Custer,ignore,Dukakis,420,1000
11/08/1988,ID,Custer,ignore,Bush,580,1000
11/08/1988,KS,Sherman,ignore,Dukakis,420,1000
11/08/1988,KS,Sherman,ignore,Bush,580,1000
11/08/1988,IA,Ida,ignore,Dukakis,420,1000
11/08/1988,IA,Ida,ignore,Bush,580,1000
11/08/1988,OH,Perry,ignore,Dukakis,420,1000
11/08/1988,OH,Perry,ignore,Bush,580,1000
11/08/1988,CO,Morgan,ignore,Dukakis,420,1000
11/08/1988,CO,Morgan,ignore,Bush,580,1000
11/08/1988,TX,Real,ignore,Dukakis,420,1000
11/08/1988,TX,Real,ignore,Bush,580,1000
11/08/1988,GA,Crisp,ignore,Dukakis,420,1000
11/08/1988,GA,Crisp,ignore,Bush,580,1000
11/08/1988,OH,Ross,ignore,Dukakis,420,1000
11/08/1988,OH,Ross,ignore,Bush,580,1000
11/08/1988,CO,Montrose,ignore,Dukakis,420,1000
11/08/1988,CO,Montrose,ignore,Bush,580,1000
11/08/1988,OH,Shelby,ignore,Dukakis,420,1000
11/08/1988,OH,Shelby,ignore,Bush,580,1000
11/08/1988,GA,Evans,ignore,Dukakis,420,1000
11/08/1988,GA,Evans,ignore,Bush,580,1000
11/08/1988,IL,Cumberland,ignore,Dukakis,420,1000
11/08/1988,IL,Cumberland,ignore,Bush,580,1000
11/08/1988,OH,Union,ignore,Dukakis,420,1000
11/08/1988,OH,Union,ignore,Bush,580,1000
11/08/1988,GA,Jeff_Davis,ignore,Dukakis,420,1000
11/08/1988,GA,Jeff_Davis,ignore,Bush,580,1000
11/08/1988,AR,Stone,ignore,Dukakis,420,1000
11/08/1988,AR,Stone,ignore,Bush,580,1000
11/08/1988,MO,Henry,ignore,Dukakis,420,1000
11/08/1988,MO,Henry,ignore,Bush,580,1000
11/08/1988,TX,Menard,ignore,Dukakis,420,1000
11/08/1988,TX,Menard,ignore,Bush,580,1000
11/08/1988,TX,Midland,ignore,Dukakis,420,1000
11/08/1988,TX,Midland,ignore,Bush,580,1000
11/08/1988,TX,Nolan,ignore,Dukakis,420,1000
11/08/1988,TX,Nolan,ignore,Bush,580,1000
11/08/1988,TX,Reagan,ignore,Dukakis,420,1000
11/08/1988,TX,Reagan,ignore,Bush,580,1000
11/08/1988,OK,Stephens,ignore,Dukakis,420,1000
11/08/1988,OK,Stephens,ignore,Bush,580,1000
11/08/1988,MO,St_Francois,ignore,Dukakis,420,1000
11/08/1988,MO,St_Francois,ignore,Bush,580,1000
11/08/1988,CO,Kiowa,ignore,Dukakis,420,1000
11/08/1988,CO,Kiowa,ignore,Bush,580,1000
11/08/1988,TX,Mason,ignore,Dukakis,420,1000
11/08/1988,TX,Mason,ignore,Bush,580,1000
11/08/1988,TX,Glasscock,ignore,Dukakis,420,1000
11/08/1988,TX,Glasscock,ignore,Bush,580,1000
11/08/1988,TX,Kendall,ignore,Dukakis,420,1000
11/08/1988,TX,Kendall,ignore,Bush,580,1000
11/08/1988,OK,Grady,ignore,Dukakis,420,1000
11/08/1988,OK,Grady,ignore,Bush,580,1000
11/08/1988,OK,Cleveland,ignore,Dukakis,420,1000
11/08/1988,OK,Cleveland,ignore,Bush,580,1000
11/08/1988,PA,Susquehanna,ignore,Dukakis,420,1000
11/08/1988,PA,Susquehanna,ignore,Bush,580,1000
11/08/1988,TX,Morris,ignore,Dukakis,420,1000
11/08/1988,TX,Morris,ignore,Bush,580,1000
11/08/1988,TX,Hunt,ignore,Dukakis,420,1000
11/08/1988,TX,Hunt,ignore,Bush,580,1000
11/08/1988,NY,Schenectady,ignore,Dukakis,530,1000
11/08/1988,NY,Schenectady,ignore,Bush,470,1000
11/08/1988,OK,Carter,ignore,Dukakis,420,1000
11/08/1988,OK,Carter,ignore,Bush,580,1000
11/08/1988,OK,Coal,ignore,Dukakis,420,1000
11/08/1988,OK,Coal,ignore,Bush,580,1000
11/08/1988,OK,Murray,ignore,Dukakis,420,1000
11/08/1988,OK,Murray,ignore,Bush,580,1000
11/08/1988,OK,Haskell,ignore,Dukakis,420,1000
11/08/1988,OK,Haskell,ignore,Bush,580,1000
11/08/1988,OH,Athens,ignore,Dukakis,580,1000
11/08/1988,OH,Athens,ignore,Bush,420,1000
11/08/1988,AK,Yukon-Koyukuk,ignore,Dukakis,420,1000
11/08/1988,AK,Yukon-Koyukuk,ignore,Bush,580,1000
11/08/1988,AL,Monroe,ignore,Dukakis,420,1000
11/08/1988,AL,Monroe,ignore,Bush,580,1000
11/08/1988,MS,Humphreys,ignore,Dukakis,420,1000
11/08/1988,MS,Humphreys,ignore,Bush,580,1000
11/08/1988,MS,Quitman,ignore,Dukakis,580,1000
11/08/1988,MS,Quitman,ignore,Bush,420,1000
11/08/1988,MO,Sullivan,ignore,Dukakis,420,1000
11/08/1988,MO,Sullivan,ignore,Bush,580,1000
11/08/1988,TX,Lampasas,ignore,Dukakis,420,1000
11/08/1988,TX,Lampasas,ignore,Bush,580,1000
11/08/1988,TX,Limestone,ignore,Dukakis,420,1000
11/08/1988,TX,Limestone,ignore,Bush,580,1000
11/08/1988,TX,Bell,ignore,Dukakis,420,1000
11/08/1988,TX,Bell,ignore,Bush,580,1000
11/08/1988,WI,Brown,ignore,Dukakis,490,1000
11/08/1988,WI,Brown,ignore,Bush,510,1000
11/08/1988,MS,Jones,ignore,Dukakis,420,1000
11/08/1988,MS,Jones,ignore,Bush,580,1000
11/08/1988,MS,Kemper,ignore,Dukakis,420,1000
11/08/1988,MS,Kemper,ignore,Bush,580,1000
11/08/1988,NV,Mineral,ignore,Dukakis,420,1000
11/08/1988,NV,Mineral,ignore,Bush,580,1000
11/08/1988,NM,Bernalillo,ignore,Dukakis,530,1000
11/08/1988,NM,Bernalillo,ignore,Bush,470,1000
11/08/1988,FL,Hamilton,ignore,Dukakis,420,1000
11/08/1988,FL,Hamilton,ignore,Bush,580,1000
11/08/1988,HI,Kalawao,ignore,Dukakis,470,1000
11/08/1988,HI,Kalawao,ignore,Bush,530,1000
11/08/1988,FL,Clay,ignore,Dukakis,420,1000
11/08/1988,FL,Clay,ignore,Bush,580,1000
11/08/1988,MN,Hubbard,ignore,Dukakis,420,1000
11/08/1988,MN,Hubbard,ignore,Bush,580,1000
11/08/1988,TX,Carson,ignore,Dukakis,420,1000
11/08/1988,TX,Carson,ignore,Bush,580,1000
11/08/1988,ND,Eddy,ignore,Dukakis,420,1000
11/08/1988,ND,Eddy,ignore,Bush,580,1000
11/08/1988,AK,Nome,ignore,Dukakis,420,1000
11/08/1988,AK,Nome,ignore,Bush,580,1000
11/08/1988,KS,Pawnee,ignore,Dukakis,420,1000
11/08/1988,KS,Pawnee,ignore,Bush,580,1000
11/08/1988,KS,Stafford,ignore,Dukakis,420,1000
11/08/1988,KS,Stafford,ignore,Bush,580,1000
11/08/1988,ND,McHenry,ignore,Dukakis,420,1000
11/08/1988,ND,McHenry,ignore,Bush,580,1000
11/08/1988,IL,Warren,ignore,Dukakis,420,1000
11/08/1988,IL,Warren,ignore,Bush,580,1000
11/08/1988,NV,Clark,ignore,Dukakis,490,1000
11/08/1988,NV,Clark,ignore,Bush,510,1000
11/08/1988,KS,Lincoln,ignore,Dukakis,420,1000
11/08/1988,KS,Lincoln,ignore,Bush,580,1000
11/08/1988,AL,Barbour,ignore,Dukakis,420,1000
11/08/1988,AL,Barbour,ignore,Bush,580,1000
11/08/1988,TN,Fayette,ignore,Dukakis,420,1000
11/08/1988,TN,Fayette,ignore,Bush,580,1000
11/08/1988,KS,Rush,ignore,Dukakis,420,1000
11/08/1988,KS,Rush,ignore,Bush,580,1000
11/08/1988,IL,Boone,ignore,Dukakis,470,1000
11/08/1988,IL,Boone,ignore,Bush,530,1000
11/08/1988,ND,Bowman,ignore,Dukakis,420,1000
11/08/1988,ND,Bowman,ignore,Bush,580,1000
11/08/1988,IN,Huntington,ignore,Dukakis,420,1000
11/08/1988,IN,Huntington,ignore,Bush,580,1000
11/08/1988,KS,Ellsworth,ignore,Dukakis,420,1000
11/08/1988,KS,Ellsworth,ignore,Bush,580,1000
11/08/1988,IN,DeKalb,ignore,Dukakis,420,1000
11/08/1988,IN,DeKalb,ignore,Bush,580,1000
11/08/1988,IN,Grant,ignore,Dukakis,420,1000
11/08/1988,IN,Grant,ignore,Bush,580,1000
11/08/1988,IN,Miami,ignore,Dukakis,420,1000
11/08/1988,IN,Miami,ignore,Bush,580,1000
11/08/1988,IN,Tipton,ignore,Dukakis,420,1000
11/08/1988,IN,Tipton,ignore,Bush,580,1000
11/08/1988,UT,Summit,ignore,Dukakis,510,1000
11/08/1988,UT,Summit,ignore,Bush,490,1000
11/08/1988,MO,Polk,ignore,Dukakis,420,1000
11/08/1988,MO,Polk,ignore,Bush,580,1000
11/08/1988,CA,Nevada,ignore,Dukakis,497,1000
11/08/1988,CA,Nevada,ignore,Bush,503,1000
11/08/1988,WI,Shawano,ignore,Dukakis,420,1000
11/08/1988,WI,Shawano,ignore,Bush,580,1000
11/08/1988,ID,Idaho,ignore,Dukakis,420,1000
11/08/1988,ID,Idaho,ignore,Bush,580,1000
11/08/1988,SD,Codington,ignore,Dukakis,420,1000
11/08/1988,SD,Codington,ignore,Bush,580,1000
11/08/1988,ND,Rolette,ignore,Dukakis,470,1000
11/08/1988,ND,Rolette,ignore,Bush,530,1000
11/08/1988,KS,Mitchell,ignore,Dukakis,420,1000
11/08/1988,KS,Mitchell,ignore,Bush,580,1000
11/08/1988,KS,Scott,ignore,Dukakis,420,1000
11/08/1988,KS,Scott,ignore,Bush,580,1000
11/08/1988,KS,Washington,ignore,Dukakis,420,1000
11/08/1988,KS,Washington,ignore,Bush,580,1000
11/08/1988,LA,Concordia,ignore,Dukakis,420,1000
11/08/1988,LA,Concordia,ignore,Bush,580,1000
11/08/1988,GA,Marion,ignore,Dukakis,470,1000
11/08/1988,GA,Marion,ignore,Bush,530,1000
11/08/1988,LA,Iberville,ignore,Dukakis,530,1000
11/08/1988,LA,Iberville,ignore,Bush,470,1000
11/08/1988,TX,Blanco,ignore,Dukakis,420,1000
11/08/1988,TX,Blanco,ignore,Bush,580,1000
11/08/1988,VA,Norton,ignore,Dukakis,420,1000
11/08/1988,VA,Norton,ignore,Bush,580,1000
11/08/1988,TX,Kimble,ignore,Dukakis,420,1000
11/08/1988,TX,Kimble,ignore,Bush,580,1000
11/08/1988,TX,Dawson,ignore,Dukakis,420,1000
11/08/1988,TX,Dawson,ignore,Bush,580,1000
11/08/1988,OK,Blaine,ignore,Dukakis,420,1000
11/08/1988,OK,Blaine,ignore,Bush,580,1000
11/08/1988,KS,Barber,ignore,Dukakis,420,1000
11/08/1988,KS,Barber,ignore,Bush,580,1000
11/08/1988,TX,Wilson,ignore,Dukakis,420,1000
11/08/1988,TX,Wilson,ignore,Bush,580,1000
11/08/1988,WI,Rusk,ignore,Dukakis,420,1000
11/08/1988,WI,Rusk,ignore,Bush,580,1000
11/08/1988,VA,Colonial_Heights,ignore,Dukakis,490,1000
11/08/1988,VA,Colonial_Heights,ignore,Bush,510,1000
11/08/1988,TX,Baylor,ignore,Dukakis,420,1000
11/08/1988,TX,Baylor,ignore,Bush,580,1000
11/08/1988,KS,Wallace,ignore,Dukakis,420,1000
11/08/1988,KS,Wallace,ignore,Bush,580,1000
11/08/1988,KS,Seward,ignore,Dukakis,420,1000
11/08/1988,KS,Seward,ignore,Bush,580,1000
11/08/1988,MS,Lauderdale,ignore,Dukakis,420,1000
11/08/1988,MS,Lauderdale,ignore,Bush,580,1000
11/08/1988,MS,Perry,ignore,Dukakis,420,1000
11/08/1988,MS,Perry,ignore,Bush,580,1000
11/08/1988,AR,Saline,ignore,Dukakis,420,1000
11/08/1988,AR,Saline,ignore,Bush,580,1000
11/08/1988,IL,Bureau,ignore,Dukakis,420,1000
11/08/1988,IL,Bureau,ignore,Bush,580,1000
11/08/1988,IN,Wabash,ignore,Dukakis,420,1000
11/08/1988,IN,Wabash,ignore,Bush,580,1000
11/08/1988,MO,Carter,ignore,Dukakis,420,1000
11/08/1988,MO,Carter,ignore,Bush,580,1000
11/08/1988,NE,McPherson,ignore,Dukakis,420,1000
11/08/1988,NE,McPherson,ignore,Bush,580,1000
11/08/1988,MO,Macon,ignore,Dukakis,420,1000
11/08/1988,MO,Macon,ignore,Bush,580,1000
11/08/1988,KS,Coffey,ignore,Dukakis,420,1000
11/08/1988,KS,Coffey,ignore,Bush,580,1000
11/08/1988,VA,Salem,ignore,Dukakis,420,1000
11/08/1988,VA,Salem,ignore,Bush,580,1000
11/08/1988,WI,Lincoln,ignore,Dukakis,420,1000
11/08/1988,WI,Lincoln,ignore,Bush,580,1000
11/08/1988,OH,Morgan,ignore,Dukakis,420,1000
11/08/1988,OH,Morgan,ignore,Bush,580,1000
11/08/1988,WI,Richland,ignore,Dukakis,420,1000
11/08/1988,WI,Richland,ignore,Bush,580,1000
11/08/1988,ID,Lemhi,ignore,Dukakis,420,1000
11/08/1988,ID,Lemhi,ignore,Bush,580,1000
11/08/1988,IA,Dickinson,ignore,Dukakis,420,1000
11/08/1988,IA,Dickinson,ignore,Bush,580,1000
11/08/1988,MI,Sanilac,ignore,Dukakis,420,1000
11/08/1988,MI,Sanilac,ignore,Bush,580,1000
11/08/1988,MS,Pontotoc,ignore,Dukakis,420,1000
11/08/1988,MS,Pontotoc,ignore,Bush,580,1000
11/08/1988,NY,Suffolk,ignore,Dukakis,470,1000
11/08/1988,NY,Suffolk,ignore,Bush,530,1000
11/08/1988,VA,Grayson,ignore,Dukakis,420,1000
11/08/1988,VA,Grayson,ignore,Bush,580,1000
11/08/1988,CO,Elbert,ignore,Dukakis,420,1000
11/08/1988,CO,Elbert,ignore,Bush,580,1000
11/08/1988,IN,Franklin,ignore,Dukakis,420,1000
11/08/1988,IN,Franklin,ignore,Bush,580,1000
11/08/1988,IA,Linn,ignore,Dukakis,530,1000
11/08/1988,IA,Linn,ignore,Bush,470,1000
11/08/1988,MI,Wexford,ignore,Dukakis,420,1000
11/08/1988,MI,Wexford,ignore,Bush,580,1000
11/08/1988,OH,Wyandot,ignore,Dukakis,420,1000
11/08/1988,OH,Wyandot,ignore,Bush,580,1000
11/08/1988,NE,Franklin,ignore,Dukakis,420,1000
11/08/1988,NE,Franklin,ignore,Bush,580,1000
11/08/1988,WV,McDowell,ignore,Dukakis,420,1000
11/08/1988,WV,McDowell,ignore,Bush,580,1000
11/08/1988,WV,Wirt,ignore,Dukakis,420,1000
11/08/1988,WV,Wirt,ignore,Bush,580,1000
11/08/1988,WV,Upshur,ignore,Dukakis,420,1000
11/08/1988,WV,Upshur,ignore,Bush,580,1000
11/08/1988,MS,Covington,ignore,Dukakis,420,1000
11/08/1988,MS,Covington,ignore,Bush,580,1000
11/08/1988,CO,Alamosa,ignore,Dukakis,470,1000
11/08/1988,CO,Alamosa,ignore,Bush,530,1000
11/08/1988,FL,Holmes,ignore,Dukakis,420,1000
11/08/1988,FL,Holmes,ignore,Bush,580,1000
11/08/1988,GA,Dade,ignore,Dukakis,420,1000
11/08/1988,GA,Dade,ignore,Bush,580,1000
11/08/1988,GA,Miller,ignore,Dukakis,420,1000
11/08/1988,GA,Miller,ignore,Bush,580,1000
11/08/1988,GA,Pulaski,ignore,Dukakis,420,1000
11/08/1988,GA,Pulaski,ignore,Bush,580,1000
11/08/1988,MS,Amite,ignore,Dukakis,420,1000
11/08/1988,MS,Amite,ignore,Bush,580,1000
11/08/1988,SD,Faulk,ignore,Dukakis,420,1000
11/08/1988,SD,Faulk,ignore,Bush,580,1000
11/08/1988,AL,Bibb,ignore,Dukakis,420,1000
11/08/1988,AL,Bibb,ignore,Bush,580,1000
11/08/1988,KS,Cheyenne,ignore,Dukakis,420,1000
11/08/1988,KS,Cheyenne,ignore,Bush,580,1000
11/08/1988,ME,York,ignore,Dukakis,510,1000
11/08/1988,ME,York,ignore,Bush,490,1000
11/08/1988,MN,Carlton,ignore,Dukakis,510,1000
11/08/1988,MN,Carlton,ignore,Bush,490,1000
11/08/1988,VA,Dickenson,ignore,Dukakis,420,1000
11/08/1988,VA,Dickenson,ignore,Bush,580,1000
11/08/1988,AK,Northwest_Arctic,ignore,Dukakis,420,1000
11/08/1988,AK,Northwest_Arctic,ignore,Bush,580,1000
11/08/1988,GA,Walton,ignore,Dukakis,420,1000
11/08/1988,GA,Walton,ignore,Bush,580,1000
11/08/1988,IN,Greene,ignore,Dukakis,420,1000
11/08/1988,IN,Greene,ignore,Bush,580,1000
11/08/1988,MI,Kalkaska,ignore,Dukakis,420,1000
11/08/1988,MI,Kalkaska,ignore,Bush,580,1000
11/08/1988,NE,Buffalo,ignore,Dukakis,420,1000
11/08/1988,NE,Buffalo,ignore,Bush,580,1000
11/08/1988,ND,Foster,ignore,Dukakis,420,1000
11/08/1988,ND,Foster,ignore,Bush,580,1000
11/08/1988,NE,Sherman,ignore,Dukakis,420,1000
11/08/1988,NE,Sherman,ignore,Bush,580,1000
11/08/1988,NE,Keith,ignore,Dukakis,420,1000
11/08/1988,NE,Keith,ignore,Bush,580,1000
11/08/1988,OK,Beckham,ignore,Dukakis,420,1000
11/08/1988,OK,Beckham,ignore,Bush,580,1000
11/08/1988,TX,Throckmorton,ignore,Dukakis,420,1000
11/08/1988,TX,Throckmorton,ignore,Bush,580,1000
11/08/1988,CA,San_Bernardino,ignore,Dukakis,490,1000
11/08/1988,CA,San_Bernardino,ignore,Bush,510,1000
11/08/1988,GA,Towns,ignore,Dukakis,420,1000
11/08/1988,GA,Towns,ignore,Bush,580,1000
11/08/1988,MO,Andrew,ignore,Dukakis,420,1000
11/08/1988,MO,Andrew,ignore,Bush,580,1000
11/08/1988,MN,Aitkin,ignore,Dukakis,420,1000
11/08/1988,MN,Aitkin,ignore,Bush,580,1000
11/08/1988,AK,Haines,ignore,Dukakis,470,1000
11/08/1988,AK,Haines,ignore,Bush,530,1000
11/08/1988,AK,Skagway,ignore,Dukakis,420,1000
11/08/1988,AK,Skagway,ignore,Bush,580,1000
11/08/1988,IN,Washington,ignore,Dukakis,420,1000
11/08/1988,IN,Washington,ignore,Bush,580,1000
11/08/1988,KS,Grant,ignore,Dukakis,420,1000
11/08/1988,KS,Grant,ignore,Bush,580,1000
11/08/1988,KY,Marion,ignore,Dukakis,420,1000
11/08/1988,KY,Marion,ignore,Bush,580,1000
11/08/1988,AL,Lawrence,ignore,Dukakis,420,1000
11/08/1988,AL,Lawrence,ignore,Bush,580,1000
11/08/1988,IL,Stark,ignore,Dukakis,420,1000
11/08/1988,IL,Stark,ignore,Bush,580,1000
11/08/1988,IN,Ripley,ignore,Dukakis,420,1000
11/08/1988,IN,Ripley,ignore,Bush,580,1000
11/08/1988,KY,Russell,ignore,Dukakis,420,1000
11/08/1988,KY,Russell,ignore,Bush,580,1000
11/08/1988,NE,Grant,ignore,Dukakis,420,1000
11/08/1988,NE,Grant,ignore,Bush,580,1000
11/08/1988,PA,Venango,ignore,Dukakis,420,1000
11/08/1988,PA,Venango,ignore,Bush,580,1000
11/08/1988,KS,Hodgeman,ignore,Dukakis,420,1000
11/08/1988,KS,Hodgeman,ignore,Bush,580,1000
11/08/1988,TX,Crosby,ignore,Dukakis,420,1000
11/08/1988,TX,Crosby,ignore,Bush,580,1000
11/08/1988,WI,Taylor,ignore,Dukakis,420,1000
11/08/1988,WI,Taylor,ignore,Bush,580,1000
11/08/1988,TX,Rains,ignore,Dukakis,420,1000
11/08/1988,TX,Rains,ignore,Bush,580,1000
11/08/1988,IA,Benton,ignore,Dukakis,420,1000
11/08/1988,IA,Benton,ignore,Bush,580,1000
11/08/1988,AK,Valdez-Cordova,ignore,Dukakis,420,1000
11/08/1988,AK,Valdez-Cordova,ignore,Bush,580,1000
11/08/1988,IL,Shelby,ignore,Dukakis,420,1000
11/08/1988,IL,Shelby,ignore,Bush,580,1000
11/08/1988,IA,Story,ignore,Dukakis,530,1000
11/08/1988,IA,Story,ignore,Bush,470,1000
11/08/1988,LA,Calcasieu,ignore,Dukakis,420,1000
11/08/1988,LA,Calcasieu,ignore,Bush,580,1000
11/08/1988,IN,Marshall,ignore,Dukakis,420,1000
11/08/1988,IN,Marshall,ignore,Bush,580,1000
11/08/1988,IN,Tippecanoe,ignore,Dukakis,470,1000
11/08/1988,IN,Tippecanoe,ignore,Bush,530,1000
11/08/1988,NC,Alamance,ignore,Dukakis,470,1000
11/08/1988,NC,Alamance,ignore,Bush,530,1000
11/08/1988,TX,Dallam,ignore,Dukakis,420,1000
11/08/1988,TX,Dallam,ignore,Bush,580,1000
11/08/1988,MO,Moniteau,ignore,Dukakis,420,1000
11/08/1988,MO,Moniteau,ignore,Bush,580,1000
11/08/1988,MN,Nobles,ignore,Dukakis,420,1000
11/08/1988,MN,Nobles,ignore,Bush,580,1000
11/08/1988,OH,Champaign,ignore,Dukakis,420,1000
11/08/1988,OH,Champaign,ignore,Bush,580,1000
11/08/1988,NM,Luna,ignore,Dukakis,490,1000
11/08/1988,NM,Luna,ignore,Bush,510,1000
11/08/1988,AK,Wrangell,ignore,Dukakis,420,1000
11/08/1988,AK,Wrangell,ignore,Bush,580,1000
11/08/1988,NE,Stanton,ignore,Dukakis,420,1000
11/08/1988,NE,Stanton,ignore,Bush,580,1000
11/08/1988,AR,Garland,ignore,Dukakis,420,1000
11/08/1988,AR,Garland,ignore,Bush,580,1000
11/08/1988,ND,Ransom,ignore,Dukakis,420,1000
11/08/1988,ND,Ransom,ignore,Bush,580,1000
11/08/1988,IA,Decatur,ignore,Dukakis,420,1000
11/08/1988,IA,Decatur,ignore,Bush,580,1000
11/08/1988,MI,Kalamazoo,ignore,Dukakis,530,1000
11/08/1988,MI,Kalamazoo,ignore,Bush,470,1000
11/08/1988,IA,Floyd,ignore,Dukakis,420,1000
11/08/1988,IA,Floyd,ignore,Bush,580,1000
11/08/1988,TX,Frio,ignore,Dukakis,420,1000
11/08/1988,TX,Frio,ignore,Bush,580,1000
11/08/1988,TX,Coke,ignore,Dukakis,420,1000
11/08/1988,TX,Coke,ignore,Bush,580,1000
11/08/1988,TX,Jim_Hogg,ignore,Dukakis,420,1000
11/08/1988,TX,Jim_Hogg,ignore,Bush,580,1000
11/08/1988,KS,Sheridan,ignore,Dukakis,420,1000
11/08/1988,KS,Sheridan,ignore,Bush,580,1000
11/08/1988,AZ,Mohave,ignore,Dukakis,420,1000
11/08/1988,AZ,Mohave,ignore,Bush,580,1000
11/08/1988,IA,Taylor,ignore,Dukakis,420,1000
11/08/1988,IA,Taylor,ignore,Bush,580,1000
11/08/1988,MI,Emmet,ignore,Dukakis,470,1000
11/08/1988,MI,Emmet,ignore,Bush,530,1000
11/08/1988,ND,Burke,ignore,Dukakis,420,1000
11/08/1988,ND,Burke,ignore,Bush,580,1000
11/08/1988,MT,Sweet_Grass,ignore,Dukakis,420,1000
11/08/1988,MT,Sweet_Grass,ignore,Bush,580,1000
11/08/1988,ID,Minidoka,ignore,Dukakis,420,1000
11/08/1988,ID,Minidoka,ignore,Bush,580,1000
11/08/1988,IA,Tama,ignore,Dukakis,420,1000
11/08/1988,IA,Tama,ignore,Bush,580,1000
11/08/1988,MN,Olmsted,ignore,Dukakis,510,1000
11/08/1988,MN,Olmsted,ignore,Bush,490,1000
11/08/1988,NC,Stokes,ignore,Dukakis,420,1000
11/08/1988,NC,Stokes,ignore,Bush,580,1000
11/08/1988,NE,Howard,ignore,Dukakis,420,1000
11/08/1988,NE,Howard,ignore,Bush,580,1000
11/08/1988,TX,Ochiltree,ignore,Dukakis,420,1000
11/08/1988,TX,Ochiltree,ignore,Bush,580,1000
11/08/1988,TX,Hutchinson,ignore,Dukakis,420,1000
11/08/1988,TX,Hutchinson,ignore,Bush,580,1000
11/08/1988,NC,Jones,ignore,Dukakis,420,1000
11/08/1988,NC,Jones,ignore,Bush,580,1000
11/08/1988,AL,Baldwin,ignore,Dukakis,420,1000
11/08/1988,AL,Baldwin,ignore,Bush,580,1000
11/08/1988,CA,Los_Angeles,ignore,Dukakis,580,1000
11/08/1988,CA,Los_Angeles,ignore,Bush,420,1000
11/08/1988,AL,Butler,ignore,Dukakis,420,1000
11/08/1988,AL,Butler,ignore,Bush,580,1000
11/08/1988,IA,Emmet,ignore,Dukakis,420,1000
11/08/1988,IA,Emmet,ignore,Bush,580,1000
11/08/1988,MS,Neshoba,ignore,Dukakis,420,1000
11/08/1988,MS,Neshoba,ignore,Bush,580,1000
11/08/1988,PA,Potter,ignore,Dukakis,420,1000
11/08/1988,PA,Potter,ignore,Bush,580,1000
11/08/1988,AR,Yell,ignore,Dukakis,420,1000
11/08/1988,AR,Yell,ignore,Bush,580,1000
11/08/1988,CO,Adams,ignore,Dukakis,510,1000
11/08/1988,CO,Adams,ignore,Bush,490,1000
11/08/1988,KS,Edwards,ignore,Dukakis,420,1000
11/08/1988,KS,Edwards,ignore,Bush,580,1000
11/08/1988,MI,Newaygo,ignore,Dukakis,420,1000
11/08/1988,MI,Newaygo,ignore,Bush,580,1000
11/08/1988,NE,Garfield,ignore,Dukakis,420,1000
11/08/1988,NE,Garfield,ignore,Bush,580,1000
11/08/1988,IA,Jones,ignore,Dukakis,420,1000
11/08/1988,IA,Jones,ignore,Bush,580,1000
11/08/1988,IA,Audubon,ignore,Dukakis,420,1000
11/08/1988,IA,Audubon,ignore,Bush,580,1000
11/08/1988,TX,Medina,ignore,Dukakis,420,1000
11/08/1988,TX,Medina,ignore,Bush,580,1000
11/08/1988,TX,Deaf_Smith,ignore,Dukakis,420,1000
11/08/1988,TX,Deaf_Smith,ignore,Bush,580,1000
11/08/1988,TX,Concho,ignore,Dukakis,420,1000
11/08/1988,TX,Concho,ignore,Bush,580,1000
11/08/1988,ND,Renville,ignore,Dukakis,420,1000
11/08/1988,ND,Renville,ignore,Bush,580,1000
11/08/1988,ID,Boundary,ignore,Dukakis,420,1000
11/08/1988,ID,Boundary,ignore,Bush,580,1000
11/08/1988,IN,Benton,ignore,Dukakis,420,1000
11/08/1988,IN,Benton,ignore,Bush,580,1000
11/08/1988,MI,Alcona,ignore,Dukakis,420,1000
11/08/1988,MI,Alcona,ignore,Bush,580,1000
11/08/1988,NV,Humboldt,ignore,Dukakis,420,1000
11/08/1988,NV,Humboldt,ignore,Bush,580,1000
11/08/1988,AL,Cullman,ignore,Dukakis,420,1000
11/08/1988,AL,Cullman,ignore,Bush,580,1000
11/08/1988,IL,Jasper,ignore,Dukakis,420,1000
11/08/1988,IL,Jasper,ignore,Bush,580,1000
11/08/1988,KS,Saline,ignore,Dukakis,420,1000
11/08/1988,KS,Saline,ignore,Bush,580,1000
11/08/1988,MN,Lyon,ignore,Dukakis,420,1000
11/08/1988,MN,Lyon,ignore,Bush,580,1000
11/08/1988,NY,Cortland,ignore,Dukakis,470,1000
11/08/1988,NY,Cortland,ignore,Bush,530,1000
11/08/1988,TX,Lynn,ignore,Dukakis,420,1000
11/08/1988,TX,Lynn,ignore,Bush,580,1000
11/08/1988,TX,Atascosa,ignore,Dukakis,420,1000
11/08/1988,TX,Atascosa,ignore,Bush,580,1000
11/08/1988,VA,Petersburg,ignore,Dukakis,580,1000
11/08/1988,VA,Petersburg,ignore,Bush,420,1000
11/08/1988,ND,Towner,ignore,Dukakis,420,1000
11/08/1988,ND,Towner,ignore,Bush,580,1000
11/08/1988,TX,Somervell,ignore,Dukakis,420,1000
11/08/1988,TX,Somervell,ignore,Bush,580,1000
11/08/1988,SD,Miner,ignore,Dukakis,420,1000
11/08/1988,SD,Miner,ignore,Bush,580,1000
11/08/1988,CA,Riverside,ignore,Dukakis,420,1000
11/08/1988,CA,Riverside,ignore,Bush,580,1000
11/08/1988,GA,Franklin,ignore,Dukakis,420,1000
11/08/1988,GA,Franklin,ignore,Bush,580,1000
11/08/1988,KY,Wayne,ignore,Dukakis,420,1000
11/08/1988,KY,Wayne,ignore,Bush,580,1000
11/08/1988,ME,Hancock,ignore,Dukakis,530,1000
11/08/1988,ME,Hancock,ignore,Bush,470,1000
11/08/1988,MS,Jefferson_Davis,ignore,Dukakis,420,1000
11/08/1988,MS,Jefferson_Davis,ignore,Bush,580,1000
11/08/1988,MO,Caldwell,ignore,Dukakis,420,1000
11/08/1988,MO,Caldwell,ignore,Bush,580,1000
11/08/1988,MO,Mercer,ignore,Dukakis,420,1000
11/08/1988,MO,Mercer,ignore,Bush,580,1000
11/08/1988,GA,Tift,ignore,Dukakis,420,1000
11/08/1988,GA,Tift,ignore,Bush,580,1000
11/08/1988,VT,Washington,ignore,Dukakis,580,1000
11/08/1988,VT,Washington,ignore,Bush,420,1000
11/08/1988,GA,Pierce,ignore,Dukakis,420,1000
11/08/1988,GA,Pierce,ignore,Bush,580,1000
11/08/1988,AK,Sitka,ignore,Dukakis,420,1000
11/08/1988,AK,Sitka,ignore,Bush,580,1000
11/08/1988,GA,Morgan,ignore,Dukakis,420,1000
11/08/1988,GA,Morgan,ignore,Bush,580,1000
11/08/1988,KS,Rice,ignore,Dukakis,420,1000
11/08/1988,KS,Rice,ignore,Bush,580,1000
11/08/1988,OR,Gilliam,ignore,Dukakis,420,1000
11/08/1988,OR,Gilliam,ignore,Bush,580,1000
11/08/1988,MI,Lenawee,ignore,Dukakis,420,1000
11/08/1988,MI,Lenawee,ignore,Bush,580,1000
11/08/1988,KS,Ellis,ignore,Dukakis,420,1000
11/08/1988,KS,Ellis,ignore,Bush,580,1000
11/08/1988,IA,Boone,ignore,Dukakis,420,1000
11/08/1988,IA,Boone,ignore,Bush,580,1000
11/08/1988,SD,Lyman,ignore,Dukakis,420,1000
11/08/1988,SD,Lyman,ignore,Bush,580,1000
11/08/1988,KS,Clay,ignore,Dukakis,420,1000
11/08/1988,KS,Clay,ignore,Bush,580,1000
11/08/1988,MN,Yellow_Medicine,ignore,Dukakis,420,1000
11/08/1988,MN,Yellow_Medicine,ignore,Bush,580,1000
11/08/1988,NC,Gates,ignore,Dukakis,580,1000
11/08/1988,NC,Gates,ignore,Bush,420,1000
11/08/1988,MO,Douglas,ignore,Dukakis,420,1000
11/08/1988,MO,Douglas,ignore,Bush,580,1000
11/08/1988,WV,Braxton,ignore,Dukakis,420,1000
11/08/1988,WV,Braxton,ignore,Bush,580,1000
11/08/1988,WA,King,ignore,Dukakis,580,1000
11/08/1988,WA,King,ignore,Bush,420,1000
11/08/1988,MS,Calhoun,ignore,Dukakis,420,1000
11/08/1988,MS,Calhoun,ignore,Bush,580,1000
11/08/1988,GA,Grady,ignore,Dukakis,420,1000
11/08/1988,GA,Grady,ignore,Bush,580,1000
11/08/1988,MS,Itawamba,ignore,Dukakis,420,1000
11/08/1988,MS,Itawamba,ignore,Bush,580,1000
11/08/1988,KS,Stevens,ignore,Dukakis,420,1000
11/08/1988,KS,Stevens,ignore,Bush,580,1000
11/08/1988,FL,Hendry,ignore,Dukakis,420,1000
11/08/1988,FL,Hendry,ignore,Bush,580,1000
11/08/1988,TX,Lavaca,ignore,Dukakis,420,1000
11/08/1988,TX,Lavaca,ignore,Bush,580,1000
11/08/1988,KS,Chautauqua,ignore,Dukakis,420,1000
11/08/1988,KS,Chautauqua,ignore,Bush,580,1000
11/08/1988,IN,Howard,ignore,Dukakis,420,1000
11/08/1988,IN,Howard,ignore,Bush,580,1000
11/08/1988,NE,Dawson,ignore,Dukakis,420,1000
11/08/1988,NE,Dawson,ignore,Bush,580,1000
11/08/1988,MS,Greene,ignore,Dukakis,420,1000
11/08/1988,MS,Greene,ignore,Bush,580,1000
11/08/1988,MN,Freeborn,ignore,Dukakis,470,1000
11/08/1988,MN,Freeborn,ignore,Bush,530,1000
11/08/1988,MN,Kanabec,ignore,Dukakis,420,1000
11/08/1988,MN,Kanabec,ignore,Bush,580,1000
11/08/1988,IL,Hamilton,ignore,Dukakis,420,1000
11/08/1988,IL,Hamilton,ignore,Bush,580,1000
11/08/1988,SD,Sanborn,ignore,Dukakis,420,1000
11/08/1988,SD,Sanborn,ignore,Bush,580,1000
11/08/1988,TN,Grainger,ignore,Dukakis,420,1000
11/08/1988,TN,Grainger,ignore,Bush,580,1000
11/08/1988,MO,Hickory,ignore,Dukakis,420,1000
11/08/1988,MO,Hickory,ignore,Bush,580,1000
11/08/1988,WY,Albany,ignore,Dukakis,470,1000
11/08/1988,WY,Albany,ignore,Bush,530,1000
11/08/1988,NE,Antelope,ignore,Dukakis,420,1000
11/08/1988,NE,Antelope,ignore,Bush,580,1000
11/08/1988,WY,Platte,ignore,Dukakis,420,1000
11/08/1988,WY,Platte,ignore,Bush,580,1000
11/08/1988,UT,Rich,ignore,Dukakis,420,1000
11/08/1988,UT,Rich,ignore,Bush,580,1000
11/08/1988,WI,Washington,ignore,Dukakis,510,1000
11/08/1988,WI,Washington,ignore,Bush,490,1000
11/08/1988,OR,Crook,ignore,Dukakis,420,1000
11/08/1988,OR,Crook,ignore,Bush,580,1000
11/08/1988,GA,Jenkins,ignore,Dukakis,420,1000
11/08/1988,GA,Jenkins,ignore,Bush,580,1000
11/08/1988,TX,Jeff_Davis,ignore,Dukakis,420,1000
11/08/1988,TX,Jeff_Davis,ignore,Bush,580,1000
11/08/1988,GA,Spalding,ignore,Dukakis,420,1000
11/08/1988,GA,Spalding,ignore,Bush,580,1000
11/08/1988,IA,Cherokee,ignore,Dukakis,420,1000
11/08/1988,IA,Cherokee,ignore,Bush,580,1000
11/08/1988,GA,Bacon,ignore,Dukakis,420,1000
11/08/1988,GA,Bacon,ignore,Bush,580,1000
11/08/1988,GA,Upson,ignore,Dukakis,420,1000
11/08/1988,GA,Upson,ignore,Bush,580,1000
11/08/1988,OR,Sherman,ignore,Dukakis,420,1000
11/08/1988,OR,Sherman,ignore,Bush,580,1000
11/08/1988,AK,Kodiak_Island,ignore,Dukakis,420,1000
11/08/1988,AK,Kodiak_Island,ignore,Bush,580,1000
11/08/1988,MN,Red_Lake,ignore,Dukakis,420,1000
11/08/1988,MN,Red_Lake,ignore,Bush,580,1000
11/08/1988,MN,St_Louis,ignore,Dukakis,530,1000
11/08/1988,MN,St_Louis,ignore,Bush,470,1000
11/08/1988,FL,Gilchrist,ignore,Dukakis,420,1000
11/08/1988,FL,Gilchrist,ignore,Bush,580,1000
11/08/1988,NC,Lenoir,ignore,Dukakis,420,1000
11/08/1988,NC,Lenoir,ignore,Bush,580,1000
11/08/1988,MO,Randolph,ignore,Dukakis,420,1000
11/08/1988,MO,Randolph,ignore,Bush,580,1000
11/08/1988,ND,Steele,ignore,Dukakis,420,1000
11/08/1988,ND,Steele,ignore,Bush,580,1000
11/08/1988,VA,Fairfax,ignore,Dukakis,580,1000
11/08/1988,VA,Fairfax,ignore,Bush,420,1000
11/08/1988,VA,Manassas_Park,ignore,Dukakis,580,1000
11/08/1988,VA,Manassas_Park,ignore,Bush,420,1000
11/08/1988,VA,Winchester,ignore,Dukakis,530,1000
11/08/1988,VA,Winchester,ignore,Bush,470,1000
11/08/1988,MO,Pulaski,ignore,Dukakis,420,1000
11/08/1988,MO,Pulaski,ignore,Bush,580,1000
11/08/1988,IN,Newton,ignore,Dukakis,420,1000
11/08/1988,IN,Newton,ignore,Bush,580,1000
11/08/1988,GA,Bulloch,ignore,Dukakis,420,1000
11/08/1988,GA,Bulloch,ignore,Bush,580,1000
11/08/1988,KS,Rawlins,ignore,Dukakis,420,1000
11/08/1988,KS,Rawlins,ignore,Bush,580,1000
11/08/1988,CO,Phillips,ignore,Dukakis,420,1000
11/08/1988,CO,Phillips,ignore,Bush,580,1000
11/08/1988,TX,Runnels,ignore,Dukakis,420,1000
11/08/1988,TX,Runnels,ignore,Bush,580,1000
11/08/1988,IA,Wayne,ignore,Dukakis,420,1000
11/08/1988,IA,Wayne,ignore,Bush,580,1000
11/08/1988,TX,Terry,ignore,Dukakis,420,1000
11/08/1988,TX,Terry,ignore,Bush,580,1000
11/08/1988,OH,Vinton,ignore,Dukakis,420,1000
11/08/1988,OH,Vinton,ignore,Bush,580,1000
11/08/1988,CO,Arapahoe,ignore,Dukakis,530,1000
11/08/1988,CO,Arapahoe,ignore,Bush,470,1000
11/08/1988,TX,Upton,ignore,Dukakis,420,1000
11/08/1988,TX,Upton,ignore,Bush,580,1000
11/08/1988,TX,Callahan,ignore,Dukakis,420,1000
11/08/1988,TX,Callahan,ignore,Bush,580,1000
11/08/1988,TX,Howard,ignore,Dukakis,420,1000
11/08/1988,TX,Howard,ignore,Bush,580,1000
11/08/1988,TX,Upshur,ignore,Dukakis,420,1000
11/08/1988,TX,Upshur,ignore,Bush,580,1000
11/08/1988,TX,Camp,ignore,Dukakis,420,1000
11/08/1988,TX,Camp,ignore,Bush,580,1000
11/08/1988,TX,Walker,ignore,Dukakis,420,1000
11/08/1988,TX,Walker,ignore,Bush,580,1000
11/08/1988,AL,Wilcox,ignore,Dukakis,420,1000
11/08/1988,AL,Wilcox,ignore,Bush,580,1000
11/08/1988,VA,Montgomery,ignore,Dukakis,510,1000
11/08/1988,VA,Montgomery,ignore,Bush,490,1000
11/08/1988,MS,Noxubee,ignore,Dukakis,420,1000
11/08/1988,MS,Noxubee,ignore,Bush,580,1000
11/08/1988,CO,Sedgwick,ignore,Dukakis,420,1000
11/08/1988,CO,Sedgwick,ignore,Bush,580,1000
11/08/1988,SD,Davison,ignore,Dukakis,420,1000
11/08/1988,SD,Davison,ignore,Bush,580,1000
11/08/1988,KS,Hamilton,ignore,Dukakis,420,1000
11/08/1988,KS,Hamilton,ignore,Bush,580,1000
11/08/1988,IL,Ford,ignore,Dukakis,420,1000
11/08/1988,IL,Ford,ignore,Bush,580,1000
11/08/1988,SD,Fall_River,ignore,Dukakis,420,1000
11/08/1988,SD,Fall_River,ignore,Bush,580,1000
11/08/1988,AK,Bristol_Bay,ignore,Dukakis,580,1000
11/08/1988,AK,Bristol_Bay,ignore,Bush,420,1000
11/08/1988,IN,Parke,ignore,Dukakis,420,1000
11/08/1988,IN,Parke,ignore,Bush,580,1000
11/08/1988,TX,Taylor,ignore,Dukakis,420,1000
11/08/1988,TX,Taylor,ignore,Bush,580,1000
11/08/1988,IN,Fayette,ignore,Dukakis,420,1000
11/08/1988,IN,Fayette,ignore,Bush,580,1000
11/08/1988,NC,Caldwell,ignore,Dukakis,420,1000
11/08/1988,NC,Caldwell,ignore,Bush,580,1000
11/08/1988,SD,Turner,ignore,Dukakis,420,1000
11/08/1988,SD,Turner,ignore,Bush,580,1000
11/08/1988,WI,Ozaukee,ignore,Dukakis,530,1000
11/08/1988,WI,Ozaukee,ignore,Bush,470,1000
11/08/1988,ND,Logan,ignore,Dukakis,420,1000
11/08/1988,ND,Logan,ignore,Bush,580,1000
11/08/1988,AR,Bradley,ignore,Dukakis,420,1000
11/08/1988,AR,Bradley,ignore,Bush,580,1000
11/08/1988,GA,Lanier,ignore,Dukakis,420,1000
11/08/1988,GA,Lanier,ignore,Bush,580,1000
11/08/1988,NM,Sierra,ignore,Dukakis,420,1000
11/08/1988,NM,Sierra,ignore,Bush,580,1000
11/08/1988,CO,Lincoln,ignore,Dukakis,420,1000
11/08/1988,CO,Lincoln,ignore,Bush,580,1000
11/08/1988,IA,Butler,ignore,Dukakis,420,1000
11/08/1988,IA,Butler,ignore,Bush,580,1000
11/08/1988,TX,Hartley,ignore,Dukakis,420,1000
11/08/1988,TX,Hartley,ignore,Bush,580,1000
11/08/1988,TN,Pickett,ignore,Dukakis,420,1000
11/08/1988,TN,Pickett,ignore,Bush,580,1000
11/08/1988,SD,Douglas,ignore,Dukakis,420,1000
11/08/1988,SD,Douglas,ignore,Bush,580,1000
11/08/1988,KS,Cloud,ignore,Dukakis,420,1000
11/08/1988,KS,Cloud,ignore,Bush,580,1000
11/08/1988,PA,Montour,ignore,Dukakis,420,1000
11/08/1988,PA,Montour,ignore,Bush,580,1000
11/08/1988,NE,Morrill,ignore,Dukakis,420,1000
11/08/1988,NE,Morrill,ignore,Bush,580,1000
11/08/1988,MO,Monroe,ignore,Dukakis,420,1000
11/08/1988,MO,Monroe,ignore,Bush,580,1000
11/08/1988,ND,LaMoure,ignore,Dukakis,420,1000
11/08/1988,ND,LaMoure,ignore,Bush,580,1000
11/08/1988,KY,McLean,ignore,Dukakis,420,1000
11/08/1988,KY,McLean,ignore,Bush,580,1000
11/08/1988,SD,Marshall,ignore,Dukakis,470,1000
11/08/1988,SD,Marshall,ignore,Bush,530,1000
11/08/1988,OR,Baker,ignore,Dukakis,420,1000
11/08/1988,OR,Baker,ignore,Bush,580,1000
11/08/1988,SD,Custer,ignore,Dukakis,420,1000
11/08/1988,SD,Custer,ignore,Bush,580,1000
11/08/1988,TX,Live_Oak,ignore,Dukakis,420,1000
11/08/1988,TX,Live_Oak,ignore,Bush,580,1000
11/08/1988,MI,Schoolcraft,ignore,Dukakis,420,1000
11/08/1988,MI,Schoolcraft,ignore,Bush,580,1000
11/08/1988,IA,Madison,ignore,Dukakis,420,1000
11/08/1988,IA,Madison,ignore,Bush,580,1000
11/08/1988,NE,Wheeler,ignore,Dukakis,420,1000
11/08/1988,NE,Wheeler,ignore,Bush,580,1000
11/08/1988,AR,Cross,ignore,Dukakis,470,1000
11/08/1988,AR,Cross,ignore,Bush,530,1000
11/08/1988,IA,Black_Hawk,ignore,Dukakis,420,1000
11/08/1988,IA,Black_Hawk,ignore,Bush,580,1000
11/08/1988,TX,Lubbock,ignore,Dukakis,420,1000
11/08/1988,TX,Lubbock,ignore,Bush,580,1000
11/08/1988,MN,Watonwan,ignore,Dukakis,420,1000
11/08/1988,MN,Watonwan,ignore,Bush,580,1000
11/08/1988,SD,Deuel,ignore,Dukakis,420,1000
11/08/1988,SD,Deuel,ignore,Bush,580,1000
11/08/1988,IA,Warren,ignore,Dukakis,420,1000
11/08/1988,IA,Warren,ignore,Bush,580,1000
11/08/1988,AR,Nevada,ignore,Dukakis,420,1000
11/08/1988,AR,Nevada,ignore,Bush,580,1000
11/08/1988,KS,Haskell,ignore,Dukakis,420,1000
11/08/1988,KS,Haskell,ignore,Bush,580,1000
11/08/1988,MO,Gentry,ignore,Dukakis,420,1000
11/08/1988,MO,Gentry,ignore,Bush,580,1000
11/08/1988,AR,Columbia,ignore,Dukakis,420,1000
11/08/1988,AR,Columbia,ignore,Bush,580,1000
11/08/1988,AR,Drew,ignore,Dukakis,420,1000
11/08/1988,AR,Drew,ignore,Bush,580,1000
11/08/1988,IN,Noble,ignore,Dukakis,420,1000
11/08/1988,IN,Noble,ignore,Bush,580,1000
11/08/1988,TX,Gonzales,ignore,Dukakis,420,1000
11/08/1988,TX,Gonzales,ignore,Bush,580,1000
11/08/1988,SD,Hyde,ignore,Dukakis,420,1000
11/08/1988,SD,Hyde,ignore,Bush,580,1000
11/08/1988,NM,Torrance,ignore,Dukakis,420,1000
11/08/1988,NM,Torrance,ignore,Bush,580,1000
11/08/1988,VA,Emporia,ignore,Dukakis,580,1000
11/08/1988,VA,Emporia,ignore,Bush,420,1000
11/08/1988,TX,Hansford,ignore,Dukakis,420,1000
11/08/1988,TX,Hansford,ignore,Bush,580,1000
11/08/1988,KS,Finney,ignore,Dukakis,420,1000
11/08/1988,KS,Finney,ignore,Bush,580,1000
11/08/1988,MO,Lawrence,ignore,Dukakis,420,1000
11/08/1988,MO,Lawrence,ignore,Bush,580,1000
11/08/1988,NM,Harding,ignore,Dukakis,420,1000
11/08/1988,NM,Harding,ignore,Bush,580,1000
11/08/1988,TX,Collingsworth,ignore,Dukakis,420,1000
11/08/1988,TX,Collingsworth,ignore,Bush,580,1000
11/08/1988,IL,Douglas,ignore,Dukakis,420,1000
11/08/1988,IL,Douglas,ignore,Bush,580,1000
11/08/1988,UT,Sanpete,ignore,Dukakis,420,1000
11/08/1988,UT,Sanpete,ignore,Bush,580,1000
11/08/1988,SC,Barnwell,ignore,Dukakis,470,1000
11/08/1988,SC,Barnwell,ignore,Bush,530,1000
11/08/1988,SC,Lee,ignore,Dukakis,580,1000
11/08/1988,SC,Lee,ignore,Bush,420,1000
11/08/1988,MT,Petroleum,ignore,Dukakis,420,1000
11/08/1988,MT,Petroleum,ignore,Bush,580,1000
11/08/1988,OH,Guernsey,ignore,Dukakis,420,1000
11/08/1988,OH,Guernsey,ignore,Bush,580,1000
11/08/1988,GA,Montgomery,ignore,Dukakis,420,1000
11/08/1988,GA,Montgomery,ignore,Bush,580,1000
11/08/1988,WI,Oneida,ignore,Dukakis,420,1000
11/08/1988,WI,Oneida,ignore,Bush,580,1000
11/08/1988,NE,Garden,ignore,Dukakis,420,1000
11/08/1988,NE,Garden,ignore,Bush,580,1000
11/08/1988,ND,Sheridan,ignore,Dukakis,420,1000
11/08/1988,ND,Sheridan,ignore,Bush,580,1000
11/08/1988,IL,Johnson,ignore,Dukakis,420,1000
11/08/1988,IL,Johnson,ignore,Bush,580,1000
11/08/1988,TX,King,ignore,Dukakis,420,1000
11/08/1988,TX,King,ignore,Bush,580,1000
11/08/1988,ID,Valley,ignore,Dukakis,420,1000
11/08/1988,ID,Valley,ignore,Bush,580,1000
11/08/1988,KY,Warren,ignore,Dukakis,420,1000
11/08/1988,KY,Warren,ignore,Bush,580,1000
11/08/1988,VA,Portsmouth,ignore,Dukakis,580,1000
11/08/1988,VA,Portsmouth,ignore,Bush,420,1000
11/08/1988,TX,Stonewall,ignore,Dukakis,420,1000
11/08/1988,TX,Stonewall,ignore,Bush,580,1000
11/08/1988,OK,Latimer,ignore,Dukakis,420,1000
11/08/1988,OK,Latimer,ignore,Bush,580,1000
11/08/1988,NV,Storey,ignore,Dukakis,420,1000
11/08/1988,NV,Storey,ignore,Bush,580,1000
11/08/1988,OK,Washita,ignore,Dukakis,420,1000
11/08/1988,OK,Washita,ignore,Bush,580,1000
11/08/1988,IA,Van_Buren,ignore,Dukakis,470,1000
11/08/1988,IA,Van_Buren,ignore,Bush,530,1000
11/08/1988,WI,Eau_Claire,ignore,Dukakis,530,1000
11/08/1988,WI,Eau_Claire,ignore,Bush,470,1000
11/08/1988,AK,Southeast_Fairbanks,ignore,Dukakis,420,1000
11/08/1988,AK,Southeast_Fairbanks,ignore,Bush,580,1000
11/08/1988,KS,Lane,ignore,Dukakis,420,1000
11/08/1988,KS,Lane,ignore,Bush,580,1000
11/08/1988,KS,Trego,ignore,Dukakis,420,1000
11/08/1988,KS,Trego,ignore,Bush,580,1000
11/08/1988,VA,Williamsburg,ignore,Dukakis,580,1000
11/08/1988,VA,Williamsburg,ignore,Bush,420,1000
11/08/1988,OH,Defiance,ignore,Dukakis,420,1000
11/08/1988,OH,Defiance,ignore,Bush,580,1000
11/08/1988,SD,McPherson,ignore,Dukakis,420,1000
11/08/1988,SD,McPherson,ignore,Bush,580,1000
11/08/1988,NE,Dundy,ignore,Dukakis,420,1000
11/08/1988,NE,Dundy,ignore,Bush,580,1000
11/08/1988,AR,Johnson,ignore,Dukakis,420,1000
11/08/1988,AR,Johnson,ignore,Bush,580,1000
11/08/1988,IN,Scott,ignore,Dukakis,420,1000
11/08/1988,IN,Scott,ignore,Bush,580,1000
11/08/1988,NE,Hall,ignore,Dukakis,420,1000
11/08/1988,NE,Hall,ignore,Bush,580,1000
11/08/1988,MS,Alcorn,ignore,Dukakis,420,1000
11/08/1988,MS,Alcorn,ignore,Bush,580,1000
11/08/1988,IL,Moultrie,ignore,Dukakis,420,1000
11/08/1988,IL,Moultrie,ignore,Bush,580,1000
11/08/1988,IN,Martin,ignore,Dukakis,420,1000
11/08/1988,IN,Martin,ignore,Bush,580,1000
11/08/1988,NE,Hayes,ignore,Dukakis,420,1000
11/08/1988,NE,Hayes,ignore,Bush,580,1000
11/08/1988,IL,Edwards,ignore,Dukakis,420,1000
11/08/1988,IL,Edwards,ignore,Bush,580,1000
11/08/1988,NE,Frontier,ignore,Dukakis,420,1000
11/08/1988,NE,Frontier,ignore,Bush,580,1000
11/08/1988,KS,Decatur,ignore,Dukakis,420,1000
11/08/1988,KS,Decatur,ignore,Bush,580,1000
11/08/1988,GA,Tattnall,ignore,Dukakis,420,1000
11/08/1988,GA,Tattnall,ignore,Bush,580,1000
11/08/1988,KY,Boyle,ignore,Dukakis,420,1000
11/08/1988,KY,Boyle,ignore,Bush,580,1000
11/08/1988,TX,Dimmit,ignore,Dukakis,420,1000
11/08/1988,TX,Dimmit,ignore,Bush,580,1000
11/08/1988,KY,Pendleton,ignore,Dukakis,420,1000
11/08/1988,KY,Pendleton,ignore,Bush,580,1000
11/08/1988,NY,Yates,ignore,Dukakis,420,1000
11/08/1988,NY,Yates,ignore,Bush,580,1000
11/08/1988,SD,Jackson,ignore,Dukakis,420,1000
11/08/1988,SD,Jackson,ignore,Bush,580,1000
11/08/1988,IA,Shelby,ignore,Dukakis,420,1000
11/08/1988,IA,Shelby,ignore,Bush,580,1000
11/08/1988,PA,Forest,ignore,Dukakis,420,1000
11/08/1988,PA,Forest,ignore,Bush,580,1000
11/08/1988,MO,Laclede,ignore,Dukakis,420,1000
11/08/1988,MO,Laclede,ignore,Bush,580,1000
11/08/1988,MO,Ripley,ignore,Dukakis,420,1000
11/08/1988,MO,Ripley,ignore,Bush,580,1000
11/08/1988,KY,Logan,ignore,Dukakis,420,1000
11/08/1988,KY,Logan,ignore,Bush,580,1000
11/08/1988,IL,DeWitt,ignore,Dukakis,420,1000
11/08/1988,IL,DeWitt,ignore,Bush,580,1000
11/08/1988,KY,Butler,ignore,Dukakis,420,1000
11/08/1988,KY,Butler,ignore,Bush,580,1000
11/08/1988,MT,Golden_Valley,ignore,Dukakis,420,1000
11/08/1988,MT,Golden_Valley,ignore,Bush,580,1000
11/08/1988,OH,Fayette,ignore,Dukakis,420,1000
11/08/1988,OH,Fayette,ignore,Bush,580,1000
11/08/1988,GA,Twiggs,ignore,Dukakis,470,1000
11/08/1988,GA,Twiggs,ignore,Bush,530,1000
11/08/1988,MT,Ravalli,ignore,Dukakis,420,1000
11/08/1988,MT,Ravalli,ignore,Bush,580,1000
11/08/1988,MN,Mille_Lacs,ignore,Dukakis,420,1000
11/08/1988,MN,Mille_Lacs,ignore,Bush,580,1000
11/08/1988,CO,Delta,ignore,Dukakis,420,1000
11/08/1988,CO,Delta,ignore,Bush,580,1000
11/08/1988,IL,McDonough,ignore,Dukakis,420,1000
11/08/1988,IL,McDonough,ignore,Bush,580,1000
11/08/1988,OH,Sandusky,ignore,Dukakis,420,1000
11/08/1988,OH,Sandusky,ignore,Bush,580,1000
11/08/1988,TX,Borden,ignore,Dukakis,420,1000
11/08/1988,TX,Borden,ignore,Bush,580,1000
11/08/1988,AR,Newton,ignore,Dukakis,420,1000
11/08/1988,AR,Newton,ignore,Bush,580,1000
11/08/1988,VA,Charlottesville,ignore,Dukakis,580,1000
11/08/1988,VA,Charlottesville,ignore,Bush,420,1000
11/08/1988,MN,Pipestone,ignore,Dukakis,420,1000
11/08/1988,MN,Pipestone,ignore,Bush,580,1000
11/08/1988,TX,Wheeler,ignore,Dukakis,420,1000
11/08/1988,TX,Wheeler,ignore,Bush,580,1000
11/08/1988,NE,Adams,ignore,Dukakis,420,1000
11/08/1988,NE,Adams,ignore,Bush,580,1000
11/08/1988,MT,Lewis_and_Clark,ignore,Dukakis,470,1000
11/08/1988,MT,Lewis_and_Clark,ignore,Bush,530,1000
11/08/1988,AK,Kenai_Peninsula,ignore,Dukakis,420,1000
11/08/1988,AK,Kenai_Peninsula,ignore,Bush,580,1000
11/08/1988,MO,Grundy,ignore,Dukakis,420,1000
11/08/1988,MO,Grundy,ignore,Bush,580,1000
11/08/1988,NC,Guilford,ignore,Dukakis,530,1000
11/08/1988,NC,Guilford,ignore,Bush,470,1000
11/08/1988,IA,Cass,ignore,Dukakis,420,1000
11/08/1988,IA,Cass,ignore,Bush,580,1000
11/08/1988,AL,Dale,ignore,Dukakis,420,1000
11/08/1988,AL,Dale,ignore,Bush,580,1000
11/08/1988,TX,Randall,ignore,Dukakis,420,1000
11/08/1988,TX,Randall,ignore,Bush,580,1000
11/08/1988,OH,Van_Wert,ignore,Dukakis,420,1000
11/08/1988,OH,Van_Wert,ignore,Bush,580,1000
11/08/1988,TX,Kent,ignore,Dukakis,420,1000
11/08/1988,TX,Kent,ignore,Bush,580,1000
11/08/1988,VA,Warren,ignore,Dukakis,420,1000
11/08/1988,VA,Warren,ignore,Bush,580,1000
11/08/1988,MS,Winston,ignore,Dukakis,420,1000
11/08/1988,MS,Winston,ignore,Bush,580,1000
11/08/1988,TX,Irion,ignore,Dukakis,420,1000
11/08/1988,TX,Irion,ignore,Bush,580,1000
11/08/1988,GA,Irwin,ignore,Dukakis,420,1000
11/08/1988,GA,Irwin,ignore,Bush,580,1000
11/08/1988,IN,Whitley,ignore,Dukakis,420,1000
11/08/1988,IN,Whitley,ignore,Bush,580,1000
11/08/1988,SD,Moody,ignore,Dukakis,470,1000
11/08/1988,SD,Moody,ignore,Bush,530,1000
11/08/1988,CA,Santa_Barbara,ignore,Dukakis,510,1000
11/08/1988,CA,Santa_Barbara,ignore,Bush,490,1000
11/08/1988,TX,Eastland,ignore,Dukakis,420,1000
11/08/1988,TX,Eastland,ignore,Bush,580,1000
11/08/1988,MN,Roseau,ignore,Dukakis,420,1000
11/08/1988,MN,Roseau,ignore,Bush,580,1000
11/08/1988,MO,Clinton,ignore,Dukakis,420,1000
11/08/1988,MO,Clinton,ignore,Bush,580,1000
11/08/1988,WV,Taylor,ignore,Dukakis,420,1000
11/08/1988,WV,Taylor,ignore,Bush,580,1000
11/08/1988,MS,George,ignore,Dukakis,420,1000
11/08/1988,MS,George,ignore,Bush,580,1000
11/08/1988,MN,Otter_Tail,ignore,Dukakis,420,1000
11/08/1988,MN,Otter_Tail,ignore,Bush,580,1000
11/08/1988,IL,Franklin,ignore,Dukakis,420,1000
11/08/1988,IL,Franklin,ignore,Bush,580,1000
11/08/1988,FL,Hardee,ignore,Dukakis,420,1000
11/08/1988,FL,Hardee,ignore,Bush,580,1000
11/08/1988,IA,Webster,ignore,Dukakis,420,1000
11/08/1988,IA,Webster,ignore,Bush,580,1000
11/08/1988,VA,Fredericksburg,ignore,Dukakis,580,1000
11/08/1988,VA,Fredericksburg,ignore,Bush,420,1000
11/08/1988,NY,Schuyler,ignore,Dukakis,420,1000
11/08/1988,NY,Schuyler,ignore,Bush,580,1000
11/08/1988,IL,McLean,ignore,Dukakis,490,1000
11/08/1988,IL,McLean,ignore,Bush,510,1000
11/08/1988,NE,York,ignore,Dukakis,420,1000
11/08/1988,NE,York,ignore,Bush,580,1000
11/08/1988,TX,San_Augustine,ignore,Dukakis,420,1000
11/08/1988,TX,San_Augustine,ignore,Bush,580,1000
11/08/1988,TN,Franklin,ignore,Dukakis,420,1000
11/08/1988,TN,Franklin,ignore,Bush,580,1000
11/08/1988,WY,Campbell,ignore,Dukakis,420,1000
11/08/1988,WY,Campbell,ignore,Bush,580,1000
11/08/1988,OH,Pike,ignore,Dukakis,420,1000
11/08/1988,OH,Pike,ignore,Bush,580,1000
11/08/1988,IA,Clarke,ignore,Dukakis,420,1000
11/08/1988,IA,Clarke,ignore,Bush,580,1000
11/08/1988,SC,Cherokee,ignore,Dukakis,420,1000
11/08/1988,SC,Cherokee,ignore,Bush,580,1000
11/08/1988,MN,Stevens,ignore,Dukakis,420,1000
11/08/1988,MN,Stevens,ignore,Bush,580,1000
11/08/1988,MS,Franklin,ignore,Dukakis,470,1000
11/08/1988,MS,Franklin,ignore,Bush,530,1000
11/08/1988,AK,Prince_of_Wales-Hyder,ignore,Dukakis,420,1000
11/08/1988,AK,Prince_of_Wales-Hyder,ignore,Bush,580,1000
11/08/1988,CO,San_Miguel,ignore,Dukakis,420,1000
11/08/1988,CO,San_Miguel,ignore,Bush,580,1000
11/08/1988,KY,Lewis,ignore,Dukakis,420,1000
11/08/1988,KY,Lewis,ignore,Bush,580,1000
11/08/1988,MI,Chippewa,ignore,Dukakis,420,1000
11/08/1988,MI,Chippewa,ignore,Bush,580,1000
11/08/1988,MI,Ontonagon,ignore,Dukakis,420,1000
11/08/1988,MI,Ontonagon,ignore,Bush,580,1000
11/08/1988,MN,Marshall,ignore,Dukakis,420,1000
11/08/1988,MN,Marshall,ignore,Bush,580,1000
11/08/1988,MO,Harrison,ignore,Dukakis,420,1000
11/08/1988,MO,Harrison,ignore,Bush,580,1000
11/08/1988,MS,Newton,ignore,Dukakis,420,1000
11/08/1988,MS,Newton,ignore,Bush,580,1000
11/08/1988,MS,Webster,ignore,Dukakis,420,1000
11/08/1988,MS,Webster,ignore,Bush,580,1000
11/08/1988,NJ,Warren,ignore,Dukakis,420,1000
11/08/1988,NJ,Warren,ignore,Bush,580,1000
11/08/1988,NY,Monroe,ignore,Dukakis,530,1000
11/08/1988,NY,Monroe,ignore,Bush,470,1000
11/08/1988,OH,Hamilton,ignore,Dukakis,530,1000
11/08/1988,OH,Hamilton,ignore,Bush,470,1000
11/08/1988,OK,Pittsburg,ignore,Dukakis,420,1000
11/08/1988,OK,Pittsburg,ignore,Bush,580,1000
11/08/1988,GA,Ben_Hill,ignore,Dukakis,420,1000
11/08/1988,GA,Ben_Hill,ignore,Bush,580,1000
11/08/1988,TN,Union,ignore,Dukakis,420,1000
11/08/1988,TN,Union,ignore,Bush,580,1000
11/08/1988,KS,Russell,ignore,Dukakis,420,1000
11/08/1988,KS,Russell,ignore,Bush,580,1000
11/08/1988,WI,Dane,ignore,Dukakis,580,1000
11/08/1988,WI,Dane,ignore,Bush,420,1000
11/08/1988,TX,Gillespie,ignore,Dukakis,420,1000
11/08/1988,TX,Gillespie,ignore,Bush,580,1000
11/08/1988,AZ,La_Paz,ignore,Dukakis,420,1000
11/08/1988,AZ,La_Paz,ignore,Bush,580,1000
11/08/1988,KY,Spencer,ignore,Dukakis,420,1000
11/08/1988,KY,Spencer,ignore,Bush,580,1000
11/08/1988,ID,Ada,ignore,Dukakis,470,1000
11/08/1988,ID,Ada,ignore,Bush,530,1000
11/08/1988,HI,Hawaii,ignore,Dukakis,470,1000
11/08/1988,HI,Hawaii,ignore,Bush,530,1000
11/08/1988,AR,Howard,ignore,Dukakis,470,1000
11/08/1988,AR,Howard,ignore,Bush,530,1000
11/08/1988,VA,Cumberland,ignore,Dukakis,470,1000
11/08/1988,VA,Cumberland,ignore,Bush,530,1000
11/08/1988,KS,Harvey,ignore,Dukakis,420,1000
11/08/1988,KS,Harvey,ignore,Bush,580,1000
11/08/1988,TX,Donley,ignore,Dukakis,420,1000
11/08/1988,TX,Donley,ignore,Bush,580,1000
11/08/1988,IL,Stephenson,ignore,Dukakis,420,1000
11/08/1988,IL,Stephenson,ignore,Bush,580,1000
11/08/1988,VA,Lynchburg,ignore,Dukakis,470,1000
11/08/1988,VA,Lynchburg,ignore,Bush,530,1000
11/08/1988,KY,Metcalfe,ignore,Dukakis,420,1000
11/08/1988,KY,Metcalfe,ignore,Bush,580,1000
11/08/1988,OH,Hardin,ignore,Dukakis,420,1000
11/08/1988,OH,Hardin,ignore,Bush,580,1000
11/08/1988,IL,Jefferson,ignore,Dukakis,420,1000
11/08/1988,IL,Jefferson,ignore,Bush,580,1000
11/08/1988,IA,Monroe,ignore,Dukakis,420,1000
11/08/1988,IA,Monroe,ignore,Bush,580,1000
11/08/1988,WV,Tyler,ignore,Dukakis,420,1000
11/08/1988,WV,Tyler,ignore,Bush,580,1000
11/08/1988,CO,Bent,ignore,Dukakis,420,1000
11/08/1988,CO,Bent,ignore,Bush,580,1000
11/08/1988,WI,Waushara,ignore,Dukakis,420,1000
11/08/1988,WI,Waushara,ignore,Bush,580,1000
11/08/1988,WI,Waupaca,ignore,Dukakis,420,1000
11/08/1988,WI,Waupaca,ignore,Bush,580,1000
11/08/1988,TX,Uvalde,ignore,Dukakis,420,1000
11/08/1988,TX,Uvalde,ignore,Bush,580,1000
11/08/1988,MS,Walthall,ignore,Dukakis,420,1000
11/08/1988,MS,Walthall,ignore,Bush,580,1000
11/08/1988,MO,Daviess,ignore,Dukakis,420,1000
11/08/1988,MO,Daviess,ignore,Bush,580,1000
11/08/1988,TX,Winkler,ignore,Dukakis,420,1000
11/08/1988,TX,Winkler,ignore,Bush,580,1000
11/08/1988,OH,Delaware,ignore,Dukakis,420,1000
11/08/1988,OH,Delaware,ignore,Bush,580,1000
11/08/1988,SD,Hamlin,ignore,Dukakis,420,1000
11/08/1988,SD,Hamlin,ignore,Bush,580,1000
11/08/1988,KS,Morris,ignore,Dukakis,420,1000
11/08/1988,KS,Morris,ignore,Bush,580,1000
11/08/1988,AL,Lee,ignore,Dukakis,420,1000
11/08/1988,AL,Lee,ignore,Bush,580,1000
11/08/1988,CA,San_Diego,ignore,Dukakis,580,1000
11/08/1988,CA,San_Diego,ignore,Bush,420,1000
11/08/1988,FL,Levy,ignore,Dukakis,420,1000
11/08/1988,FL,Levy,ignore,Bush,580,1000
11/08/1988,AL,Calhoun,ignore,Dukakis,420,1000
11/08/1988,AL,Calhoun,ignore,Bush,580,1000
11/08/1988,IA,Scott,ignore,Dukakis,530,1000
11/08/1988,IA,Scott,ignore,Bush,470,1000
11/08/1988,IA,Winneshiek,ignore,Dukakis,510,1000
11/08/1988,IA,Winneshiek,ignore,Bush,490,1000
11/08/1988,KS,Morton,ignore,Dukakis,420,1000
11/08/1988,KS,Morton,ignore,Bush,580,1000
11/08/1988,KY,Campbell,ignore,Dukakis,420,1000
11/08/1988,KY,Campbell,ignore,Bush,580,1000
11/08/1988,KY,Whitley,ignore,Dukakis,420,1000
11/08/1988,KY,Whitley,ignore,Bush,580,1000
11/08/1988,OH,Morrow,ignore,Dukakis,420,1000
11/08/1988,OH,Morrow,ignore,Bush,580,1000
11/08/1988,OH,Darke,ignore,Dukakis,420,1000
11/08/1988,OH,Darke,ignore,Bush,580,1000
11/08/1988,NE,Valley,ignore,Dukakis,420,1000
11/08/1988,NE,Valley,ignore,Bush,580,1000
11/08/1988,NE,Cedar,ignore,Dukakis,420,1000
11/08/1988,NE,Cedar,ignore,Bush,580,1000
11/08/1988,NE,Pawnee,ignore,Dukakis,420,1000
11/08/1988,NE,Pawnee,ignore,Bush,580,1000
11/08/1988,SC,Darlington,ignore,Dukakis,470,1000
11/08/1988,SC,Darlington,ignore,Bush,530,1000
11/08/1988,SD,Hughes,ignore,Dukakis,420,1000
11/08/1988,SD,Hughes,ignore,Bush,580,1000
11/08/1988,MO,Livingston,ignore,Dukakis,420,1000
11/08/1988,MO,Livingston,ignore,Bush,580,1000
11/08/1988,TX,Gregg,ignore,Dukakis,420,1000
11/08/1988,TX,Gregg,ignore,Bush,580,1000
11/08/1988,VA,Lunenburg,ignore,Dukakis,420,1000
11/08/1988,VA,Lunenburg,ignore,Bush,580,1000
11/08/1988,WV,Marion,ignore,Dukakis,420,1000
11/08/1988,WV,Marion,ignore,Bush,580,1000
11/08/1988,WV,Grant,ignore,Dukakis,420,1000
11/08/1988,WV,Grant,ignore,Bush,580,1000
11/08/1988,ND,Divide,ignore,Dukakis,420,1000
11/08/1988,ND,Divide,ignore,Bush,580,1000
11/08/1988,TN,Moore,ignore,Dukakis,420,1000
11/08/1988,TN,Moore,ignore,Bush,580,1000
11/08/1988,UT,Uintah,ignore,Dukakis,420,1000
11/08/1988,UT,Uintah,ignore,Bush,580,1000
11/08/1988,NE,Furnas,ignore,Dukakis,420,1000
11/08/1988,NE,Furnas,ignore,Bush,580,1000
11/08/1988,AL,Chambers,ignore,Dukakis,420,1000
11/08/1988,AL,Chambers,ignore,Bush,580,1000
11/08/1988,PA,Franklin,ignore,Dukakis,420,1000
11/08/1988,PA,Franklin,ignore,Bush,580,1000
11/08/1988,NE,Lancaster,ignore,Dukakis,490,1000
11/08/1988,NE,Lancaster,ignore,Bush,510,1000
11/08/1988,VA,Frederick,ignore,Dukakis,420,1000
11/08/1988,VA,Frederick,ignore,Bush,580,1000
11/08/1988,WA,Klickitat,ignore,Dukakis,470,1000
11/08/1988,WA,Klickitat,ignore,Bush,530,1000
11/08/1988,VT,Franklin,ignore,Dukakis,530,1000
11/08/1988,VT,Franklin,ignore,Bush,470,1000
11/08/1988,WI,Bayfield,ignore,Dukakis,530,1000
11/08/1988,WI,Bayfield,ignore,Bush,470,1000
11/08/1988,AL,ALA,ignore,Dukakis,420,1000
11/08/1988,AL,ALA,ignore,Bush,580,1000
11/08/1988,CA,Glenn,ignore,Dukakis,420,1000
11/08/1988,CA,Glenn,ignore,Bush,580,1000
11/08/1988,CO,Boulder,ignore,Dukakis,530,1000
11/08/1988,CO,Boulder,ignore,Bush,470,1000
11/08/1988,GA,DeKalb,ignore,Dukakis,580,1000
11/08/1988,GA,DeKalb,ignore,Bush,420,1000
11/08/1988,IL,Kane,ignore,Dukakis,510,1000
11/08/1988,IL,Kane,ignore,Bush,490,1000
11/08/1988,IL,Morgan,ignore,Dukakis,420,1000
11/08/1988,IL,Morgan,ignore,Bush,580,1000
11/08/1988,IN,Brown,ignore,Dukakis,420,1000
11/08/1988,IN,Brown,ignore,Bush,580,1000
11/08/1988,IN,Rush,ignore,Dukakis,420,1000
11/08/1988,IN,Rush,ignore,Bush,580,1000
11/08/1988,IN,White,ignore,Dukakis,420,1000
11/08/1988,IN,White,ignore,Bush,580,1000
11/08/1988,IA,Johnson,ignore,Dukakis,580,1000
11/08/1988,IA,Johnson,ignore,Bush,420,1000
11/08/1988,KS,Lyon,ignore,Dukakis,420,1000
11/08/1988,KS,Lyon,ignore,Bush,580,1000
11/08/1988,KY,Adair,ignore,Dukakis,420,1000
11/08/1988,KY,Adair,ignore,Bush,580,1000
11/08/1988,LA,Allen,ignore,Dukakis,420,1000
11/08/1988,LA,Allen,ignore,Bush,580,1000
11/08/1988,ME,Oxford,ignore,Dukakis,530,1000
11/08/1988,ME,Oxford,ignore,Bush,470,1000
11/08/1988,MO,Camden,ignore,Dukakis,420,1000
11/08/1988,MO,Camden,ignore,Bush,580,1000
11/08/1988,GA,Wilcox,ignore,Dukakis,420,1000
11/08/1988,GA,Wilcox,ignore,Bush,580,1000
11/08/1988,NM,De_Baca,ignore,Dukakis,420,1000
11/08/1988,NM,De_Baca,ignore,Bush,580,1000
11/08/1988,NC,Vance,ignore,Dukakis,470,1000
11/08/1988,NC,Vance,ignore,Bush,530,1000
11/08/1988,NC,Franklin,ignore,Dukakis,503,1000
11/08/1988,NC,Franklin,ignore,Bush,497,1000
11/08/1988,MT,Teton,ignore,Dukakis,420,1000
11/08/1988,MT,Teton,ignore,Bush,580,1000
11/08/1988,MO,Barry,ignore,Dukakis,420,1000
11/08/1988,MO,Barry,ignore,Bush,580,1000
11/08/1988,WA,Clark,ignore,Dukakis,510,1000
11/08/1988,WA,Clark,ignore,Bush,490,1000
11/08/1988,WV,Ohio,ignore,Dukakis,420,1000
11/08/1988,WV,Ohio,ignore,Bush,580,1000
11/08/1988,AR,Clark,ignore,Dukakis,420,1000
11/08/1988,AR,Clark,ignore,Bush,580,1000
11/08/1988,AR,Lawrence,ignore,Dukakis,420,1000
11/08/1988,AR,Lawrence,ignore,Bush,580,1000
11/08/1988,CA,Yuba,ignore,Dukakis,420,1000
11/08/1988,CA,Yuba,ignore,Bush,580,1000
11/08/1988,CO,Summit,ignore,Dukakis,470,1000
11/08/1988,CO,Summit,ignore,Bush,530,1000
11/08/1988,GA,Cobb,ignore,Dukakis,470,1000
11/08/1988,GA,Cobb,ignore,Bush,530,1000
11/08/1988,GA,Douglas,ignore,Dukakis,420,1000
11/08/1988,GA,Douglas,ignore,Bush,580,1000
11/08/1988,GA,Wilkes,ignore,Dukakis,470,1000
11/08/1988,GA,Wilkes,ignore,Bush,530,1000
11/08/1988,IL,Peoria,ignore,Dukakis,510,1000
11/08/1988,IL,Peoria,ignore,Bush,490,1000
11/08/1988,IN,Jackson,ignore,Dukakis,420,1000
11/08/1988,IN,Jackson,ignore,Bush,580,1000
11/08/1988,KS,Rooks,ignore,Dukakis,420,1000
11/08/1988,KS,Rooks,ignore,Bush,580,1000
11/08/1988,KS,Reno,ignore,Dukakis,420,1000
11/08/1988,KS,Reno,ignore,Bush,580,1000
11/08/1988,KY,Barren,ignore,Dukakis,420,1000
11/08/1988,KY,Barren,ignore,Bush,580,1000
11/08/1988,KY,Laurel,ignore,Dukakis,420,1000
11/08/1988,KY,Laurel,ignore,Bush,580,1000
11/08/1988,AZ,Coconino,ignore,Dukakis,420,1000
11/08/1988,AZ,Coconino,ignore,Bush,580,1000
11/08/1988,CA,Marin,ignore,Dukakis,580,1000
11/08/1988,CA,Marin,ignore,Bush,420,1000
11/08/1988,FL,Okaloosa,ignore,Dukakis,420,1000
11/08/1988,FL,Okaloosa,ignore,Bush,580,1000
11/08/1988,GA,Murray,ignore,Dukakis,420,1000
11/08/1988,GA,Murray,ignore,Bush,580,1000
11/08/1988,IL,Randolph,ignore,Dukakis,420,1000
11/08/1988,IL,Randolph,ignore,Bush,580,1000
11/08/1988,IN,Switzerland,ignore,Dukakis,420,1000
11/08/1988,IN,Switzerland,ignore,Bush,580,1000
11/08/1988,KY,Kenton,ignore,Dukakis,420,1000
11/08/1988,KY,Kenton,ignore,Bush,580,1000
11/08/1988,KY,Monroe,ignore,Dukakis,420,1000
11/08/1988,KY,Monroe,ignore,Bush,580,1000
11/08/1988,LA,Caddo,ignore,Dukakis,530,1000
11/08/1988,LA,Caddo,ignore,Bush,470,1000
11/08/1988,LA,Claiborne,ignore,Dukakis,420,1000
11/08/1988,LA,Claiborne,ignore,Bush,580,1000
11/08/1988,MA,Berkshire,ignore,Dukakis,580,1000
11/08/1988,MA,Berkshire,ignore,Bush,420,1000
11/08/1988,MI,Grand_Traverse,ignore,Dukakis,420,1000
11/08/1988,MI,Grand_Traverse,ignore,Bush,580,1000
11/08/1988,NE,Nuckolls,ignore,Dukakis,420,1000
11/08/1988,NE,Nuckolls,ignore,Bush,580,1000
11/08/1988,MO,Atchison,ignore,Dukakis,420,1000
11/08/1988,MO,Atchison,ignore,Bush,580,1000
11/08/1988,MN,Ramsey,ignore,Dukakis,580,1000
11/08/1988,MN,Ramsey,ignore,Bush,420,1000
11/08/1988,NC,Avery,ignore,Dukakis,420,1000
11/08/1988,NC,Avery,ignore,Bush,580,1000
11/08/1988,PA,Wayne,ignore,Dukakis,420,1000
11/08/1988,PA,Wayne,ignore,Bush,580,1000
11/08/1988,TN,Carter,ignore,Dukakis,420,1000
11/08/1988,TN,Carter,ignore,Bush,580,1000
11/08/1988,TN,Hickman,ignore,Dukakis,420,1000
11/08/1988,TN,Hickman,ignore,Bush,580,1000
11/08/1988,SD,Potter,ignore,Dukakis,420,1000
11/08/1988,SD,Potter,ignore,Bush,580,1000
11/08/1988,TX,Shackelford,ignore,Dukakis,420,1000
11/08/1988,TX,Shackelford,ignore,Bush,580,1000
11/08/1988,WY,Converse,ignore,Dukakis,420,1000
11/08/1988,WY,Converse,ignore,Bush,580,1000
11/08/1988,AL,Escambia,ignore,Dukakis,420,1000
11/08/1988,AL,Escambia,ignore,Bush,580,1000
11/08/1988,AZ,Cochise,ignore,Dukakis,420,1000
11/08/1988,AZ,Cochise,ignore,Bush,580,1000
11/08/1988,AZ,Apache,ignore,Dukakis,420,1000
11/08/1988,AZ,Apache,ignore,Bush,580,1000
11/08/1988,CA,San_Luis_Obispo,ignore,Dukakis,470,1000
11/08/1988,CA,San_Luis_Obispo,ignore,Bush,530,1000
11/08/1988,ID,Oneida,ignore,Dukakis,420,1000
11/08/1988,ID,Oneida,ignore,Bush,580,1000
11/08/1988,IN,Perry,ignore,Dukakis,470,1000
11/08/1988,IN,Perry,ignore,Bush,530,1000
11/08/1988,IA,Harrison,ignore,Dukakis,420,1000
11/08/1988,IA,Harrison,ignore,Bush,580,1000
11/08/1988,KY,Gallatin,ignore,Dukakis,420,1000
11/08/1988,KY,Gallatin,ignore,Bush,580,1000
11/08/1988,MD,Kent,ignore,Dukakis,420,1000
11/08/1988,MD,Kent,ignore,Bush,580,1000
11/08/1988,ME,Piscataquis,ignore,Dukakis,470,1000
11/08/1988,ME,Piscataquis,ignore,Bush,530,1000
11/08/1988,MI,Luce,ignore,Dukakis,420,1000
11/08/1988,MI,Luce,ignore,Bush,580,1000
11/08/1988,MI,Clare,ignore,Dukakis,420,1000
11/08/1988,MI,Clare,ignore,Bush,580,1000
11/08/1988,MO,St_Clair,ignore,Dukakis,420,1000
11/08/1988,MO,St_Clair,ignore,Bush,580,1000
11/08/1988,NE,Merrick,ignore,Dukakis,420,1000
11/08/1988,NE,Merrick,ignore,Bush,580,1000
11/08/1988,NY,Greene,ignore,Dukakis,420,1000
11/08/1988,NY,Greene,ignore,Bush,580,1000
11/08/1988,NC,Halifax,ignore,Dukakis,580,1000
11/08/1988,NC,Halifax,ignore,Bush,420,1000
11/08/1988,OK,McClain,ignore,Dukakis,420,1000
11/08/1988,OK,McClain,ignore,Bush,580,1000
11/08/1988,OK,Beaver,ignore,Dukakis,420,1000
11/08/1988,OK,Beaver,ignore,Bush,580,1000
11/08/1988,OR,Deschutes,ignore,Dukakis,490,1000
11/08/1988,OR,Deschutes,ignore,Bush,510,1000
11/08/1988,PA,Centre,ignore,Dukakis,490,1000
11/08/1988,PA,Centre,ignore,Bush,510,1000
11/08/1988,SC,Kershaw,ignore,Dukakis,470,1000
11/08/1988,SC,Kershaw,ignore,Bush,530,1000
11/08/1988,KY,Morgan,ignore,Dukakis,420,1000
11/08/1988,KY,Morgan,ignore,Bush,580,1000
11/08/1988,TN,Johnson,ignore,Dukakis,420,1000
11/08/1988,TN,Johnson,ignore,Bush,580,1000
11/08/1988,TX,Brewster,ignore,Dukakis,420,1000
11/08/1988,TX,Brewster,ignore,Bush,580,1000
11/08/1988,TX,Zapata,ignore,Dukakis,420,1000
11/08/1988,TX,Zapata,ignore,Bush,580,1000
11/08/1988,TX,Trinity,ignore,Dukakis,420,1000
11/08/1988,TX,Trinity,ignore,Bush,580,1000
11/08/1988,UT,Carbon,ignore,Dukakis,420,1000
11/08/1988,UT,Carbon,ignore,Bush,580,1000
11/08/1988,VA,Orange,ignore,Dukakis,420,1000
11/08/1988,VA,Orange,ignore,Bush,580,1000
11/08/1988,WI,Adams,ignore,Dukakis,420,1000
11/08/1988,WI,Adams,ignore,Bush,580,1000
11/08/1988,ND,McLean,ignore,Dukakis,420,1000
11/08/1988,ND,McLean,ignore,Bush,580,1000
11/08/1988,MN,Kittson,ignore,Dukakis,470,1000
11/08/1988,MN,Kittson,ignore,Bush,530,1000
11/08/1988,MI,Cheboygan,ignore,Dukakis,420,1000
11/08/1988,MI,Cheboygan,ignore,Bush,580,1000
11/08/1988,MS,Washington,ignore,Dukakis,580,1000
11/08/1988,MS,Washington,ignore,Bush,420,1000
11/08/1988,MO,Holt,ignore,Dukakis,420,1000
11/08/1988,MO,Holt,ignore,Bush,580,1000
11/08/1988,MS,Sunflower,ignore,Dukakis,530,1000
11/08/1988,MS,Sunflower,ignore,Bush,470,1000
11/08/1988,MT,Powder_River,ignore,Dukakis,420,1000
11/08/1988,MT,Powder_River,ignore,Bush,580,1000
11/08/1988,MS,Marshall,ignore,Dukakis,420,1000
11/08/1988,MS,Marshall,ignore,Bush,580,1000
11/08/1988,MS,Issaquena,ignore,Dukakis,470,1000
11/08/1988,MS,Issaquena,ignore,Bush,530,1000
11/08/1988,MS,Benton,ignore,Dukakis,420,1000
11/08/1988,MS,Benton,ignore,Bush,580,1000
11/08/1988,OH,Cuyahoga,ignore,Dukakis,580,1000
11/08/1988,OH,Cuyahoga,ignore,Bush,420,1000
11/08/1988,MT,Lake,ignore,Dukakis,420,1000
11/08/1988,MT,Lake,ignore,Bush,580,1000
11/08/1988,RI,Newport,ignore,Dukakis,580,1000
11/08/1988,RI,Newport,ignore,Bush,420,1000
11/08/1988,MO,Clay,ignore,Dukakis,470,1000
11/08/1988,MO,Clay,ignore,Bush,530,1000
11/08/1988,MO,Worth,ignore,Dukakis,420,1000
11/08/1988,MO,Worth,ignore,Bush,580,1000
11/08/1988,MO,Perry,ignore,Dukakis,420,1000
11/08/1988,MO,Perry,ignore,Bush,580,1000
11/08/1988,MO,Morgan,ignore,Dukakis,420,1000
11/08/1988,MO,Morgan,ignore,Bush,580,1000
11/08/1988,VA,Lee,ignore,Dukakis,420,1000
11/08/1988,VA,Lee,ignore,Bush,580,1000
11/08/1988,WA,Clallam,ignore,Dukakis,490,1000
11/08/1988,WA,Clallam,ignore,Bush,510,1000
11/08/1988,WY,Uinta,ignore,Dukakis,420,1000
11/08/1988,WY,Uinta,ignore,Bush,580,1000
11/08/1988,AR,Arkansas,ignore,Dukakis,470,1000
11/08/1988,AR,Arkansas,ignore,Bush,530,1000
11/08/1988,AR,Dallas,ignore,Dukakis,470,1000
11/08/1988,AR,Dallas,ignore,Bush,530,1000
11/08/1988,GA,Butts,ignore,Dukakis,420,1000
11/08/1988,GA,Butts,ignore,Bush,580,1000
11/08/1988,GA,Baker,ignore,Dukakis,470,1000
11/08/1988,GA,Baker,ignore,Bush,530,1000
11/08/1988,IL,LaSalle,ignore,Dukakis,420,1000
11/08/1988,IL,LaSalle,ignore,Bush,580,1000
11/08/1988,IN,Kosciusko,ignore,Dukakis,420,1000
11/08/1988,IN,Kosciusko,ignore,Bush,580,1000
11/08/1988,IN,Sullivan,ignore,Dukakis,420,1000
11/08/1988,IN,Sullivan,ignore,Bush,580,1000
11/08/1988,KS,Riley,ignore,Dukakis,470,1000
11/08/1988,KS,Riley,ignore,Bush,530,1000
11/08/1988,KY,Bullitt,ignore,Dukakis,420,1000
11/08/1988,KY,Bullitt,ignore,Bush,580,1000
11/08/1988,KY,Madison,ignore,Dukakis,420,1000
11/08/1988,KY,Madison,ignore,Bush,580,1000
11/08/1988,LA,Livingston,ignore,Dukakis,420,1000
11/08/1988,LA,Livingston,ignore,Bush,580,1000
11/08/1988,LA,Grant,ignore,Dukakis,420,1000
11/08/1988,LA,Grant,ignore,Bush,580,1000
11/08/1988,LA,Bienville,ignore,Dukakis,420,1000
11/08/1988,LA,Bienville,ignore,Bush,580,1000
11/08/1988,MO,Callaway,ignore,Dukakis,420,1000
11/08/1988,MO,Callaway,ignore,Bush,580,1000
11/08/1988,GA,Wheeler,ignore,Dukakis,420,1000
11/08/1988,GA,Wheeler,ignore,Bush,580,1000
11/08/1988,NC,Chatham,ignore,Dukakis,470,1000
11/08/1988,NC,Chatham,ignore,Bush,530,1000
11/08/1988,SC,Allendale,ignore,Dukakis,580,1000
11/08/1988,SC,Allendale,ignore,Bush,420,1000
11/08/1988,MA,Suffolk,ignore,Dukakis,580,1000
11/08/1988,MA,Suffolk,ignore,Bush,420,1000
11/08/1988,TN,Henry,ignore,Dukakis,420,1000
11/08/1988,TN,Henry,ignore,Bush,580,1000
11/08/1988,TX,Angelina,ignore,Dukakis,420,1000
11/08/1988,TX,Angelina,ignore,Bush,580,1000
11/08/1988,WA,Grant,ignore,Dukakis,420,1000
11/08/1988,WA,Grant,ignore,Bush,580,1000
11/08/1988,VA,Louisa,ignore,Dukakis,420,1000
11/08/1988,VA,Louisa,ignore,Bush,580,1000
11/08/1988,MN,Goodhue,ignore,Dukakis,470,1000
11/08/1988,MN,Goodhue,ignore,Bush,530,1000
11/08/1988,WA,Walla_Walla,ignore,Dukakis,420,1000
11/08/1988,WA,Walla_Walla,ignore,Bush,580,1000
11/08/1988,MO,Christian,ignore,Dukakis,420,1000
11/08/1988,MO,Christian,ignore,Bush,580,1000
11/08/1988,IN,Crawford,ignore,Dukakis,420,1000
11/08/1988,IN,Crawford,ignore,Bush,580,1000
11/08/1988,OK,Seminole,ignore,Dukakis,420,1000
11/08/1988,OK,Seminole,ignore,Bush,580,1000
11/08/1988,NM,Lincoln,ignore,Dukakis,420,1000
11/08/1988,NM,Lincoln,ignore,Bush,580,1000
11/08/1988,TN,Campbell,ignore,Dukakis,420,1000
11/08/1988,TN,Campbell,ignore,Bush,580,1000
11/08/1988,NM,Socorro,ignore,Dukakis,470,1000
11/08/1988,NM,Socorro,ignore,Bush,530,1000
11/08/1988,NM,Taos,ignore,Dukakis,530,1000
11/08/1988,NM,Taos,ignore,Bush,470,1000
11/08/1988,NM,Chaves,ignore,Dukakis,420,1000
11/08/1988,NM,Chaves,ignore,Bush,580,1000
11/08/1988,OH,Holmes,ignore,Dukakis,420,1000
11/08/1988,OH,Holmes,ignore,Bush,580,1000
11/08/1988,OH,Jackson,ignore,Dukakis,420,1000
11/08/1988,OH,Jackson,ignore,Bush,580,1000
11/08/1988,NC,Burke,ignore,Dukakis,420,1000
11/08/1988,NC,Burke,ignore,Bush,580,1000
11/08/1988,SD,Pennington,ignore,Dukakis,420,1000
11/08/1988,SD,Pennington,ignore,Bush,580,1000
11/08/1988,TX,Aransas,ignore,Dukakis,420,1000
11/08/1988,TX,Aransas,ignore,Bush,580,1000
11/08/1988,WA,Whitman,ignore,Dukakis,510,1000
11/08/1988,WA,Whitman,ignore,Bush,490,1000
11/08/1988,MI,Berrien,ignore,Dukakis,470,1000
11/08/1988,MI,Berrien,ignore,Bush,530,1000
11/08/1988,GA,Lincoln,ignore,Dukakis,420,1000
11/08/1988,GA,Lincoln,ignore,Bush,580,1000
11/08/1988,TX,Val_Verde,ignore,Dukakis,420,1000
11/08/1988,TX,Val_Verde,ignore,Bush,580,1000
11/08/1988,NY,Onondaga,ignore,Dukakis,530,1000
11/08/1988,NY,Onondaga,ignore,Bush,470,1000
11/08/1988,ID,Gooding,ignore,Dukakis,420,1000
11/08/1988,ID,Gooding,ignore,Bush,580,1000
11/08/1988,KY,Clay,ignore,Dukakis,420,1000
11/08/1988,KY,Clay,ignore,Bush,580,1000
11/08/1988,OR,Harney,ignore,Dukakis,420,1000
11/08/1988,OR,Harney,ignore,Bush,580,1000
11/08/1988,MO,Cooper,ignore,Dukakis,420,1000
11/08/1988,MO,Cooper,ignore,Bush,580,1000
11/08/1988,MN,Todd,ignore,Dukakis,420,1000
11/08/1988,MN,Todd,ignore,Bush,580,1000
11/08/1988,WI,Florence,ignore,Dukakis,420,1000
11/08/1988,WI,Florence,ignore,Bush,580,1000
11/08/1988,NY,Nassau,ignore,Dukakis,490,1000
11/08/1988,NY,Nassau,ignore,Bush,510,1000
11/08/1988,NM,San_Miguel,ignore,Dukakis,470,1000
11/08/1988,NM,San_Miguel,ignore,Bush,530,1000
11/08/1988,NE,Wayne,ignore,Dukakis,420,1000
11/08/1988,NE,Wayne,ignore,Bush,580,1000
11/08/1988,OH,Lawrence,ignore,Dukakis,420,1000
11/08/1988,OH,Lawrence,ignore,Bush,580,1000
11/08/1988,SD,Union,ignore,Dukakis,420,1000
11/08/1988,SD,Union,ignore,Bush,580,1000
11/08/1988,SC,Beaufort,ignore,Dukakis,420,1000
11/08/1988,SC,Beaufort,ignore,Bush,580,1000
11/08/1988,OH,Auglaize,ignore,Dukakis,420,1000
11/08/1988,OH,Auglaize,ignore,Bush,580,1000
11/08/1988,GA,Long,ignore,Dukakis,420,1000
11/08/1988,GA,Long,ignore,Bush,580,1000
11/08/1988,TX,Victoria,ignore,Dukakis,420,1000
11/08/1988,TX,Victoria,ignore,Bush,580,1000
11/08/1988,OH,Clermont,ignore,Dukakis,420,1000
11/08/1988,OH,Clermont,ignore,Bush,580,1000
11/08/1988,GA,Madison,ignore,Dukakis,420,1000
11/08/1988,GA,Madison,ignore,Bush,580,1000
11/08/1988,GA,Muscogee,ignore,Dukakis,580,1000
11/08/1988,GA,Muscogee,ignore,Bush,420,1000
11/08/1988,GA,Oconee,ignore,Dukakis,420,1000
11/08/1988,GA,Oconee,ignore,Bush,580,1000
11/08/1988,AL,Fayette,ignore,Dukakis,420,1000
11/08/1988,AL,Fayette,ignore,Bush,580,1000
11/08/1988,GA,Charlton,ignore,Dukakis,420,1000
11/08/1988,GA,Charlton,ignore,Bush,580,1000
11/08/1988,VT,Windsor,ignore,Dukakis,580,1000
11/08/1988,VT,Windsor,ignore,Bush,420,1000
11/08/1988,VA,Richmond_Co,ignore,Dukakis,420,1000
11/08/1988,VA,Richmond_Co,ignore,Bush,580,1000
11/08/1988,TX,Galveston,ignore,Dukakis,420,1000
11/08/1988,TX,Galveston,ignore,Bush,580,1000
11/08/1988,MO,Ste_Genevieve,ignore,Dukakis,510,1000
11/08/1988,MO,Ste_Genevieve,ignore,Bush,490,1000
11/08/1988,MI,Menominee,ignore,Dukakis,420,1000
11/08/1988,MI,Menominee,ignore,Bush,580,1000
11/08/1988,SC,Charleston,ignore,Dukakis,510,1000
11/08/1988,SC,Charleston,ignore,Bush,490,1000
11/08/1988,TX,Austin,ignore,Dukakis,420,1000
11/08/1988,TX,Austin,ignore,Bush,580,1000
11/08/1988,TN,Decatur,ignore,Dukakis,420,1000
11/08/1988,TN,Decatur,ignore,Bush,580,1000
11/08/1988,SD,Butte,ignore,Dukakis,420,1000
11/08/1988,SD,Butte,ignore,Bush,580,1000
11/08/1988,SC,Chester,ignore,Dukakis,420,1000
11/08/1988,SC,Chester,ignore,Bush,580,1000
11/08/1988,WI,Pierce,ignore,Dukakis,420,1000
11/08/1988,WI,Pierce,ignore,Bush,580,1000
11/08/1988,TN,Lake,ignore,Dukakis,420,1000
11/08/1988,TN,Lake,ignore,Bush,580,1000
11/08/1988,TX,Delta,ignore,Dukakis,420,1000
11/08/1988,TX,Delta,ignore,Bush,580,1000
11/08/1988,MT,Lincoln,ignore,Dukakis,420,1000
11/08/1988,MT,Lincoln,ignore,Bush,580,1000
11/08/1988,TX,Fort_Bend,ignore,Dukakis,420,1000
11/08/1988,TX,Fort_Bend,ignore,Bush,580,1000
11/08/1988,ME,Lincoln,ignore,Dukakis,510,1000
11/08/1988,ME,Lincoln,ignore,Bush,490,1000
11/08/1988,VA,Surry,ignore,Dukakis,530,1000
11/08/1988,VA,Surry,ignore,Bush,470,1000
11/08/1988,MO,Saline,ignore,Dukakis,420,1000
11/08/1988,MO,Saline,ignore,Bush,580,1000
11/08/1988,NC,Caswell,ignore,Dukakis,420,1000
11/08/1988,NC,Caswell,ignore,Bush,580,1000
11/08/1988,VA,Sussex,ignore,Dukakis,530,1000
11/08/1988,VA,Sussex,ignore,Bush,470,1000
11/08/1988,NH,Rockingham,ignore,Dukakis,490,1000
11/08/1988,NH,Rockingham,ignore,Bush,510,1000
11/08/1988,TN,Hamblen,ignore,Dukakis,420,1000
11/08/1988,TN,Hamblen,ignore,Bush,580,1000
11/08/1988,TN,Hancock,ignore,Dukakis,420,1000
11/08/1988,TN,Hancock,ignore,Bush,580,1000
11/08/1988,TN,Hawkins,ignore,Dukakis,420,1000
11/08/1988,TN,Hawkins,ignore,Bush,580,1000
11/08/1988,SD,Hanson,ignore,Dukakis,420,1000
11/08/1988,SD,Hanson,ignore,Bush,580,1000
11/08/1988,SD,Kingsbury,ignore,Dukakis,420,1000
11/08/1988,SD,Kingsbury,ignore,Bush,580,1000
11/08/1988,PA,Chester,ignore,Dukakis,510,1000
11/08/1988,PA,Chester,ignore,Bush,490,1000
11/08/1988,TX,Calhoun,ignore,Dukakis,420,1000
11/08/1988,TX,Calhoun,ignore,Bush,580,1000
11/08/1988,VA,Northumberland,ignore,Dukakis,420,1000
11/08/1988,VA,Northumberland,ignore,Bush,580,1000
11/08/1988,WI,Forest,ignore,Dukakis,420,1000
11/08/1988,WI,Forest,ignore,Bush,580,1000
11/08/1988,WY,Crook,ignore,Dukakis,420,1000
11/08/1988,WY,Crook,ignore,Bush,580,1000
11/08/1988,NE,Rock,ignore,Dukakis,420,1000
11/08/1988,NE,Rock,ignore,Bush,580,1000
11/08/1988,TN,Anderson,ignore,Dukakis,420,1000
11/08/1988,TN,Anderson,ignore,Bush,580,1000
11/08/1988,KY,Garrard,ignore,Dukakis,420,1000
11/08/1988,KY,Garrard,ignore,Bush,580,1000
11/08/1988,VT,Windham,ignore,Dukakis,580,1000
11/08/1988,VT,Windham,ignore,Bush,420,1000
11/08/1988,MD,Wicomico,ignore,Dukakis,420,1000
11/08/1988,MD,Wicomico,ignore,Bush,580,1000
11/08/1988,ME,Sagadahoc,ignore,Dukakis,530,1000
11/08/1988,ME,Sagadahoc,ignore,Bush,470,1000
11/08/1988,KS,Bourbon,ignore,Dukakis,420,1000
11/08/1988,KS,Bourbon,ignore,Bush,580,1000
11/08/1988,KS,Crawford,ignore,Dukakis,420,1000
11/08/1988,KS,Crawford,ignore,Bush,580,1000
11/08/1988,TX,Collin,ignore,Dukakis,420,1000
11/08/1988,TX,Collin,ignore,Bush,580,1000
11/08/1988,TX,Colorado,ignore,Dukakis,420,1000
11/08/1988,TX,Colorado,ignore,Bush,580,1000
11/08/1988,PA,Delaware,ignore,Dukakis,580,1000
11/08/1988,PA,Delaware,ignore,Bush,420,1000
11/08/1988,SC,Dillon,ignore,Dukakis,470,1000
11/08/1988,SC,Dillon,ignore,Bush,530,1000
11/08/1988,PA,Clarion,ignore,Dukakis,420,1000
11/08/1988,PA,Clarion,ignore,Bush,580,1000
11/08/1988,TX,Jasper,ignore,Dukakis,420,1000
11/08/1988,TX,Jasper,ignore,Bush,580,1000
11/08/1988,PA,Clinton,ignore,Dukakis,420,1000
11/08/1988,PA,Clinton,ignore,Bush,580,1000
11/08/1988,MD,Harford,ignore,Dukakis,420,1000
11/08/1988,MD,Harford,ignore,Bush,580,1000
11/08/1988,IL,Richland,ignore,Dukakis,420,1000
11/08/1988,IL,Richland,ignore,Bush,580,1000
11/08/1988,MD,Howard,ignore,Dukakis,580,1000
11/08/1988,MD,Howard,ignore,Bush,420,1000
11/08/1988,TN,Loudon,ignore,Dukakis,420,1000
11/08/1988,TN,Loudon,ignore,Bush,580,1000
11/08/1988,IL,St_Clair,ignore,Dukakis,530,1000
11/08/1988,IL,St_Clair,ignore,Bush,470,1000
11/08/1988,MA,Bristol,ignore,Dukakis,470,1000
11/08/1988,MA,Bristol,ignore,Bush,530,1000
11/08/1988,IN,Hendricks,ignore,Dukakis,420,1000
11/08/1988,IN,Hendricks,ignore,Bush,580,1000
11/08/1988,MD,Anne_Arundel,ignore,Dukakis,470,1000
11/08/1988,MD,Anne_Arundel,ignore,Bush,530,1000
11/08/1988,TX,Comal,ignore,Dukakis,420,1000
11/08/1988,TX,Comal,ignore,Bush,580,1000
11/08/1988,TX,Cooke,ignore,Dukakis,420,1000
11/08/1988,TX,Cooke,ignore,Bush,580,1000
11/08/1988,TX,Crockett,ignore,Dukakis,420,1000
11/08/1988,TX,Crockett,ignore,Bush,580,1000
11/08/1988,TX,Culberson,ignore,Dukakis,420,1000
11/08/1988,TX,Culberson,ignore,Bush,580,1000
11/08/1988,KY,Hickman,ignore,Dukakis,420,1000
11/08/1988,KY,Hickman,ignore,Bush,580,1000
11/08/1988,KY,Jackson,ignore,Dukakis,420,1000
11/08/1988,KY,Jackson,ignore,Bush,580,1000
11/08/1988,SC,Georgetown,ignore,Dukakis,420,1000
11/08/1988,SC,Georgetown,ignore,Bush,580,1000
11/08/1988,WA,Adams,ignore,Dukakis,420,1000
11/08/1988,WA,Adams,ignore,Bush,580,1000
11/08/1988,NE,Kimball,ignore,Dukakis,420,1000
11/08/1988,NE,Kimball,ignore,Bush,580,1000
11/08/1988,MT,Carbon,ignore,Dukakis,420,1000
11/08/1988,MT,Carbon,ignore,Bush,580,1000
11/08/1988,KY,Greenup,ignore,Dukakis,420,1000
11/08/1988,KY,Greenup,ignore,Bush,580,1000
11/08/1988,LA,Webster,ignore,Dukakis,420,1000
11/08/1988,LA,Webster,ignore,Bush,580,1000
11/08/1988,TN,Macon,ignore,Dukakis,420,1000
11/08/1988,TN,Macon,ignore,Bush,580,1000
11/08/1988,NC,New_Hanover,ignore,Dukakis,497,1000
11/08/1988,NC,New_Hanover,ignore,Bush,503,1000
11/08/1988,TX,Chambers,ignore,Dukakis,420,1000
11/08/1988,TX,Chambers,ignore,Bush,580,1000
11/08/1988,FL,Alachua,ignore,Dukakis,580,1000
11/08/1988,FL,Alachua,ignore,Bush,420,1000
11/08/1988,GA,Worth,ignore,Dukakis,420,1000
11/08/1988,GA,Worth,ignore,Bush,580,1000
11/08/1988,OR,Marion,ignore,Dukakis,490,1000
11/08/1988,OR,Marion,ignore,Bush,510,1000
11/08/1988,PA,Jefferson,ignore,Dukakis,420,1000
11/08/1988,PA,Jefferson,ignore,Bush,580,1000
11/08/1988,MI,Dickinson,ignore,Dukakis,420,1000
11/08/1988,MI,Dickinson,ignore,Bush,580,1000
11/08/1988,MI,Eaton,ignore,Dukakis,490,1000
11/08/1988,MI,Eaton,ignore,Bush,510,1000
11/08/1988,KY,Knox,ignore,Dukakis,420,1000
11/08/1988,KY,Knox,ignore,Bush,580,1000
11/08/1988,MI,Hillsdale,ignore,Dukakis,420,1000
11/08/1988,MI,Hillsdale,ignore,Bush,580,1000
11/08/1988,TX,Denton,ignore,Dukakis,420,1000
11/08/1988,TX,Denton,ignore,Bush,580,1000
11/08/1988,IA,Washington,ignore,Dukakis,420,1000
11/08/1988,IA,Washington,ignore,Bush,580,1000
11/08/1988,TN,Smith,ignore,Dukakis,420,1000
11/08/1988,TN,Smith,ignore,Bush,580,1000
11/08/1988,KS,Wilson,ignore,Dukakis,420,1000
11/08/1988,KS,Wilson,ignore,Bush,580,1000
11/08/1988,VA,Henrico,ignore,Dukakis,530,1000
11/08/1988,VA,Henrico,ignore,Bush,470,1000
11/08/1988,RI,Kent,ignore,Dukakis,497,1000
11/08/1988,RI,Kent,ignore,Bush,503,1000
11/08/1988,PA,Columbia,ignore,Dukakis,420,1000
11/08/1988,PA,Columbia,ignore,Bush,580,1000
11/08/1988,TN,Lewis,ignore,Dukakis,420,1000
11/08/1988,TN,Lewis,ignore,Bush,580,1000
11/08/1988,MN,Lincoln,ignore,Dukakis,420,1000
11/08/1988,MN,Lincoln,ignore,Bush,580,1000
11/08/1988,TN,Madison,ignore,Dukakis,420,1000
11/08/1988,TN,Madison,ignore,Bush,580,1000
11/08/1988,MO,Ralls,ignore,Dukakis,420,1000
11/08/1988,MO,Ralls,ignore,Bush,580,1000
11/08/1988,NC,Anson,ignore,Dukakis,510,1000
11/08/1988,NC,Anson,ignore,Bush,490,1000
11/08/1988,KY,Daviess,ignore,Dukakis,420,1000
11/08/1988,KY,Daviess,ignore,Bush,580,1000
11/08/1988,UT,Washington,ignore,Dukakis,420,1000
11/08/1988,UT,Washington,ignore,Bush,580,1000
11/08/1988,IA,Appanoose,ignore,Dukakis,420,1000
11/08/1988,IA,Appanoose,ignore,Bush,580,1000
11/08/1988,VA,Pittsylvania,ignore,Dukakis,420,1000
11/08/1988,VA,Pittsylvania,ignore,Bush,580,1000
11/08/1988,PA,Lackawanna,ignore,Dukakis,510,1000
11/08/1988,PA,Lackawanna,ignore,Bush,490,1000
11/08/1988,PA,Lancaster,ignore,Dukakis,420,1000
11/08/1988,PA,Lancaster,ignore,Bush,580,1000
11/08/1988,MO,Jefferson,ignore,Dukakis,470,1000
11/08/1988,MO,Jefferson,ignore,Bush,530,1000
11/08/1988,MO,Washington,ignore,Dukakis,420,1000
11/08/1988,MO,Washington,ignore,Bush,580,1000
11/08/1988,PA,Lehigh,ignore,Dukakis,510,1000
11/08/1988,PA,Lehigh,ignore,Bush,490,1000
11/08/1988,KY,Letcher,ignore,Dukakis,420,1000
11/08/1988,KY,Letcher,ignore,Bush,580,1000
11/08/1988,MI,Jackson,ignore,Dukakis,420,1000
11/08/1988,MI,Jackson,ignore,Bush,580,1000
11/08/1988,KY,Lyon,ignore,Dukakis,420,1000
11/08/1988,KY,Lyon,ignore,Bush,580,1000
11/08/1988,MN,Chippewa,ignore,Dukakis,420,1000
11/08/1988,MN,Chippewa,ignore,Bush,580,1000
11/08/1988,KY,McCracken,ignore,Dukakis,420,1000
11/08/1988,KY,McCracken,ignore,Bush,580,1000
11/08/1988,UT,Davis,ignore,Dukakis,420,1000
11/08/1988,UT,Davis,ignore,Bush,580,1000
11/08/1988,VA,Albemarle,ignore,Dukakis,530,1000
11/08/1988,VA,Albemarle,ignore,Bush,470,1000
11/08/1988,MT,Gallatin,ignore,Dukakis,470,1000
11/08/1988,MT,Gallatin,ignore,Bush,530,1000
11/08/1988,WI,Marinette,ignore,Dukakis,420,1000
11/08/1988,WI,Marinette,ignore,Bush,580,1000
11/08/1988,MT,Big_Horn,ignore,Dukakis,530,1000
11/08/1988,MT,Big_Horn,ignore,Bush,470,1000
11/08/1988,CA,Amador,ignore,Dukakis,420,1000
11/08/1988,CA,Amador,ignore,Bush,580,1000
11/08/1988,TX,Cherokee,ignore,Dukakis,420,1000
11/08/1988,TX,Cherokee,ignore,Bush,580,1000
11/08/1988,MO,McDonald,ignore,Dukakis,420,1000
11/08/1988,MO,McDonald,ignore,Bush,580,1000
11/08/1988,PA,Mifflin,ignore,Dukakis,420,1000
11/08/1988,PA,Mifflin,ignore,Bush,580,1000
11/08/1988,LA,Washington,ignore,Dukakis,420,1000
11/08/1988,LA,Washington,ignore,Bush,580,1000
11/08/1988,ND,Williams,ignore,Dukakis,420,1000
11/08/1988,ND,Williams,ignore,Bush,580,1000
11/08/1988,NC,Cumberland,ignore,Dukakis,580,1000
11/08/1988,NC,Cumberland,ignore,Bush,420,1000
11/08/1988,KY,Marshall,ignore,Dukakis,420,1000
11/08/1988,KY,Marshall,ignore,Bush,580,1000
11/08/1988,MI,Kent,ignore,Dukakis,490,1000
11/08/1988,MI,Kent,ignore,Bush,510,1000
11/08/1988,MI,Keweenaw,ignore,Dukakis,420,1000
11/08/1988,MI,Keweenaw,ignore,Bush,580,1000
11/08/1988,MN,Houston,ignore,Dukakis,420,1000
11/08/1988,MN,Houston,ignore,Bush,580,1000
11/08/1988,SC,Horry,ignore,Dukakis,420,1000
11/08/1988,SC,Horry,ignore,Bush,580,1000
11/08/1988,MT,Jefferson,ignore,Dukakis,420,1000
11/08/1988,MT,Jefferson,ignore,Bush,580,1000
11/08/1988,TN,Sevier,ignore,Dukakis,420,1000
11/08/1988,TN,Sevier,ignore,Bush,580,1000
11/08/1988,LA,Bossier,ignore,Dukakis,420,1000
11/08/1988,LA,Bossier,ignore,Bush,580,1000
11/08/1988,NM,Catron,ignore,Dukakis,420,1000
11/08/1988,NM,Catron,ignore,Bush,580,1000
11/08/1988,KY,Fulton,ignore,Dukakis,420,1000
11/08/1988,KY,Fulton,ignore,Bush,580,1000
11/08/1988,NM,San_Juan,ignore,Dukakis,420,1000
11/08/1988,NM,San_Juan,ignore,Bush,580,1000
11/08/1988,MD,Caroline,ignore,Dukakis,420,1000
11/08/1988,MD,Caroline,ignore,Bush,580,1000
11/08/1988,MO,Marion,ignore,Dukakis,420,1000
11/08/1988,MO,Marion,ignore,Bush,580,1000
11/08/1988,TN,McMinn,ignore,Dukakis,420,1000
11/08/1988,TN,McMinn,ignore,Bush,580,1000
11/08/1988,VA,Prince_George,ignore,Dukakis,420,1000
11/08/1988,VA,Prince_George,ignore,Bush,580,1000
11/08/1988,LA,Lafayette,ignore,Dukakis,420,1000
11/08/1988,LA,Lafayette,ignore,Bush,580,1000
11/08/1988,PA,Northampton,ignore,Dukakis,490,1000
11/08/1988,PA,Northampton,ignore,Bush,510,1000
11/08/1988,UT,Salt_Lake,ignore,Dukakis,510,1000
11/08/1988,UT,Salt_Lake,ignore,Bush,490,1000
11/08/1988,MI,Mason,ignore,Dukakis,420,1000
11/08/1988,MI,Mason,ignore,Bush,580,1000
11/08/1988,WV,Roane,ignore,Dukakis,420,1000
11/08/1988,WV,Roane,ignore,Bush,580,1000
11/08/1988,WV,Summers,ignore,Dukakis,420,1000
11/08/1988,WV,Summers,ignore,Bush,580,1000
11/08/1988,NC,Wilkes,ignore,Dukakis,420,1000
11/08/1988,NC,Wilkes,ignore,Bush,580,1000
11/08/1988,WI,Dodge,ignore,Dukakis,420,1000
11/08/1988,WI,Dodge,ignore,Bush,580,1000
11/08/1988,TX,Tarrant,ignore,Dukakis,420,1000
11/08/1988,TX,Tarrant,ignore,Bush,580,1000
11/08/1988,MT,Meagher,ignore,Dukakis,420,1000
11/08/1988,MT,Meagher,ignore,Bush,580,1000
11/08/1988,AR,Miller,ignore,Dukakis,420,1000
11/08/1988,AR,Miller,ignore,Bush,580,1000
11/08/1988,TN,Washington,ignore,Dukakis,420,1000
11/08/1988,TN,Washington,ignore,Bush,580,1000
11/08/1988,ID,Payette,ignore,Dukakis,420,1000
11/08/1988,ID,Payette,ignore,Bush,580,1000
11/08/1988,IL,Macon,ignore,Dukakis,420,1000
11/08/1988,IL,Macon,ignore,Bush,580,1000
11/08/1988,LA,Red_River,ignore,Dukakis,420,1000
11/08/1988,LA,Red_River,ignore,Bush,580,1000
11/08/1988,NC,Edgecombe,ignore,Dukakis,580,1000
11/08/1988,NC,Edgecombe,ignore,Bush,420,1000
11/08/1988,MD,Cecil,ignore,Dukakis,420,1000
11/08/1988,MD,Cecil,ignore,Bush,580,1000
11/08/1988,IL,Madison,ignore,Dukakis,420,1000
11/08/1988,IL,Madison,ignore,Bush,580,1000
11/08/1988,LA,Union,ignore,Dukakis,420,1000
11/08/1988,LA,Union,ignore,Bush,580,1000
11/08/1988,NC,Yancey,ignore,Dukakis,420,1000
11/08/1988,NC,Yancey,ignore,Bush,580,1000
11/08/1988,NY,Bronx,ignore,Dukakis,580,1000
11/08/1988,NY,Bronx,ignore,Bush,420,1000
11/08/1988,ME,Washington,ignore,Dukakis,470,1000
11/08/1988,ME,Washington,ignore,Bush,530,1000
11/08/1988,TX,Briscoe,ignore,Dukakis,420,1000
11/08/1988,TX,Briscoe,ignore,Bush,580,1000
11/08/1988,WI,Green_Lake,ignore,Dukakis,420,1000
11/08/1988,WI,Green_Lake,ignore,Bush,580,1000
11/08/1988,MN,Dodge,ignore,Dukakis,420,1000
11/08/1988,MN,Dodge,ignore,Bush,580,1000
11/08/1988,MI,Muskegon,ignore,Dukakis,510,1000
11/08/1988,MI,Muskegon,ignore,Bush,490,1000
11/08/1988,KY,Owsley,ignore,Dukakis,420,1000
11/08/1988,KY,Owsley,ignore,Bush,580,1000
11/08/1988,MI,Oceana,ignore,Dukakis,420,1000
11/08/1988,MI,Oceana,ignore,Bush,580,1000
11/08/1988,NC,Moore,ignore,Dukakis,420,1000
11/08/1988,NC,Moore,ignore,Bush,580,1000
11/08/1988,TN,Sumner,ignore,Dukakis,420,1000
11/08/1988,TN,Sumner,ignore,Bush,580,1000
11/08/1988,KY,Todd,ignore,Dukakis,420,1000
11/08/1988,KY,Todd,ignore,Bush,580,1000
11/08/1988,KY,Trigg,ignore,Dukakis,420,1000
11/08/1988,KY,Trigg,ignore,Bush,580,1000
11/08/1988,TN,Wayne,ignore,Dukakis,420,1000
11/08/1988,TN,Wayne,ignore,Bush,580,1000
11/08/1988,TN,Weakley,ignore,Dukakis,420,1000
11/08/1988,TN,Weakley,ignore,Bush,580,1000
11/08/1988,TX,Brooks,ignore,Dukakis,420,1000
11/08/1988,TX,Brooks,ignore,Bush,580,1000
11/08/1988,TN,Williamson,ignore,Dukakis,420,1000
11/08/1988,TN,Williamson,ignore,Bush,580,1000
11/08/1988,WY,Johnson,ignore,Dukakis,420,1000
11/08/1988,WY,Johnson,ignore,Bush,580,1000
11/08/1988,WI,Polk,ignore,Dukakis,420,1000
11/08/1988,WI,Polk,ignore,Bush,580,1000
11/08/1988,TN,Meigs,ignore,Dukakis,420,1000
11/08/1988,TN,Meigs,ignore,Bush,580,1000
11/08/1988,IL,Massac,ignore,Dukakis,420,1000
11/08/1988,IL,Massac,ignore,Bush,580,1000
11/08/1988,MD,Dorchester,ignore,Dukakis,420,1000
11/08/1988,MD,Dorchester,ignore,Bush,580,1000
11/08/1988,CA,Santa_Clara,ignore,Dukakis,580,1000
11/08/1988,CA,Santa_Clara,ignore,Bush,420,1000
11/08/1988,NY,Clinton,ignore,Dukakis,530,1000
11/08/1988,NY,Clinton,ignore,Bush,470,1000
11/08/1988,PA,Dauphin,ignore,Dukakis,510,1000
11/08/1988,PA,Dauphin,ignore,Bush,490,1000
11/08/1988,MT,Granite,ignore,Dukakis,420,1000
11/08/1988,MT,Granite,ignore,Bush,580,1000
11/08/1988,MI,Van_Buren,ignore,Dukakis,470,1000
11/08/1988,MI,Van_Buren,ignore,Bush,530,1000
11/08/1988,IL,Edgar,ignore,Dukakis,420,1000
11/08/1988,IL,Edgar,ignore,Bush,580,1000
11/08/1988,IL,Hancock,ignore,Dukakis,420,1000
11/08/1988,IL,Hancock,ignore,Bush,580,1000
11/08/1988,MN,Big_Stone,ignore,Dukakis,470,1000
11/08/1988,MN,Big_Stone,ignore,Bush,530,1000
11/08/1988,CA,Calaveras,ignore,Dukakis,420,1000
11/08/1988,CA,Calaveras,ignore,Bush,580,1000
11/08/1988,SC,Orangeburg,ignore,Dukakis,580,1000
11/08/1988,SC,Orangeburg,ignore,Bush,420,1000
11/08/1988,WY,Teton,ignore,Dukakis,420,1000
11/08/1988,WY,Teton,ignore,Bush,580,1000
11/08/1988,SC,Pickens,ignore,Dukakis,420,1000
11/08/1988,SC,Pickens,ignore,Bush,580,1000
11/08/1988,NC,Pitt,ignore,Dukakis,530,1000
11/08/1988,NC,Pitt,ignore,Bush,470,1000
11/08/1988,TN,Overton,ignore,Dukakis,420,1000
11/08/1988,TN,Overton,ignore,Bush,580,1000
11/08/1988,MD,Talbot,ignore,Dukakis,420,1000
11/08/1988,MD,Talbot,ignore,Bush,580,1000
11/08/1988,TN,Polk,ignore,Dukakis,420,1000
11/08/1988,TN,Polk,ignore,Bush,580,1000
11/08/1988,NC,Rowan,ignore,Dukakis,420,1000
11/08/1988,NC,Rowan,ignore,Bush,580,1000
11/08/1988,KY,Anderson,ignore,Dukakis,420,1000
11/08/1988,KY,Anderson,ignore,Bush,580,1000
11/08/1988,NM,DoNa_Ana,ignore,Dukakis,530,1000
11/08/1988,NM,DoNa_Ana,ignore,Bush,470,1000
11/08/1988,NJ,Mercer,ignore,Dukakis,580,1000
11/08/1988,NJ,Mercer,ignore,Bush,420,1000
11/08/1988,ND,McIntosh,ignore,Dukakis,420,1000
11/08/1988,ND,McIntosh,ignore,Bush,580,1000
11/08/1988,NM,Grant,ignore,Dukakis,530,1000
11/08/1988,NM,Grant,ignore,Bush,470,1000
11/08/1988,KY,Bell,ignore,Dukakis,420,1000
11/08/1988,KY,Bell,ignore,Bush,580,1000
11/08/1988,NC,Davidson,ignore,Dukakis,420,1000
11/08/1988,NC,Davidson,ignore,Bush,580,1000
11/08/1988,ME,Cumberland,ignore,Dukakis,530,1000
11/08/1988,ME,Cumberland,ignore,Bush,470,1000
11/08/1988,MN,Brown,ignore,Dukakis,420,1000
11/08/1988,MN,Brown,ignore,Bush,580,1000
11/08/1988,SC,Richland,ignore,Dukakis,530,1000
11/08/1988,SC,Richland,ignore,Bush,470,1000
11/08/1988,VA,Fluvanna,ignore,Dukakis,470,1000
11/08/1988,VA,Fluvanna,ignore,Bush,530,1000
11/08/1988,SC,Union,ignore,Dukakis,420,1000
11/08/1988,SC,Union,ignore,Bush,580,1000
11/08/1988,WY,Sheridan,ignore,Dukakis,420,1000
11/08/1988,WY,Sheridan,ignore,Bush,580,1000
11/08/1988,VA,Henry,ignore,Dukakis,420,1000
11/08/1988,VA,Henry,ignore,Bush,580,1000
11/08/1988,KY,Boone,ignore,Dukakis,420,1000
11/08/1988,KY,Boone,ignore,Bush,580,1000
11/08/1988,MS,Lee,ignore,Dukakis,420,1000
11/08/1988,MS,Lee,ignore,Bush,580,1000
11/08/1988,IN,Wayne,ignore,Dukakis,420,1000
11/08/1988,IN,Wayne,ignore,Bush,580,1000
11/08/1988,IL,Lawrence,ignore,Dukakis,420,1000
11/08/1988,IL,Lawrence,ignore,Bush,580,1000
11/08/1988,LA,Vernon,ignore,Dukakis,420,1000
11/08/1988,LA,Vernon,ignore,Bush,580,1000
11/08/1988,NE,Lincoln,ignore,Dukakis,420,1000
11/08/1988,NE,Lincoln,ignore,Bush,580,1000
11/08/1988,MI,Charlevoix,ignore,Dukakis,420,1000
11/08/1988,MI,Charlevoix,ignore,Bush,580,1000
11/08/1988,WI,Lafayette,ignore,Dukakis,420,1000
11/08/1988,WI,Lafayette,ignore,Bush,580,1000
11/08/1988,NY,Kings,ignore,Dukakis,580,1000
11/08/1988,NY,Kings,ignore,Bush,420,1000
11/08/1988,VA,Scott,ignore,Dukakis,420,1000
11/08/1988,VA,Scott,ignore,Bush,580,1000
11/08/1988,OH,Henry,ignore,Dukakis,420,1000
11/08/1988,OH,Henry,ignore,Bush,580,1000
11/08/1988,KY,Boyd,ignore,Dukakis,420,1000
11/08/1988,KY,Boyd,ignore,Bush,580,1000
11/08/1988,OK,Garfield,ignore,Dukakis,420,1000
11/08/1988,OK,Garfield,ignore,Bush,580,1000
11/08/1988,OK,Kingfisher,ignore,Dukakis,420,1000
11/08/1988,OK,Kingfisher,ignore,Bush,580,1000
11/08/1988,OK,Noble,ignore,Dukakis,420,1000
11/08/1988,OK,Noble,ignore,Bush,580,1000
11/08/1988,KY,Breckinridge,ignore,Dukakis,420,1000
11/08/1988,KY,Breckinridge,ignore,Bush,580,1000
11/08/1988,OR,Morrow,ignore,Dukakis,420,1000
11/08/1988,OR,Morrow,ignore,Bush,580,1000
11/08/1988,PA,Blair,ignore,Dukakis,420,1000
11/08/1988,PA,Blair,ignore,Bush,580,1000
11/08/1988,WA,Asotin,ignore,Dukakis,420,1000
11/08/1988,WA,Asotin,ignore,Bush,580,1000
11/08/1988,OR,Washington,ignore,Dukakis,530,1000
11/08/1988,OR,Washington,ignore,Bush,470,1000
11/08/1988,WI,Waukesha,ignore,Dukakis,510,1000
11/08/1988,WI,Waukesha,ignore,Bush,490,1000
11/08/1988,SC,Williamsburg,ignore,Dukakis,580,1000
11/08/1988,SC,Williamsburg,ignore,Bush,420,1000
11/08/1988,MO,Butler,ignore,Dukakis,420,1000
11/08/1988,MO,Butler,ignore,Bush,580,1000
11/08/1988,ID,Bonner,ignore,Dukakis,420,1000
11/08/1988,ID,Bonner,ignore,Bush,580,1000
11/08/1988,IL,Alexander,ignore,Dukakis,530,1000
11/08/1988,IL,Alexander,ignore,Bush,470,1000
11/08/1988,IN,Gibson,ignore,Dukakis,420,1000
11/08/1988,IN,Gibson,ignore,Bush,580,1000
11/08/1988,OK,Texas,ignore,Dukakis,420,1000
11/08/1988,OK,Texas,ignore,Bush,580,1000
11/08/1988,MO,New_Madrid,ignore,Dukakis,490,1000
11/08/1988,MO,New_Madrid,ignore,Bush,510,1000
11/08/1988,NC,Buncombe,ignore,Dukakis,530,1000
11/08/1988,NC,Buncombe,ignore,Bush,470,1000
11/08/1988,TX,Fannin,ignore,Dukakis,420,1000
11/08/1988,TX,Fannin,ignore,Bush,580,1000
11/08/1988,SD,Lincoln,ignore,Dukakis,420,1000
11/08/1988,SD,Lincoln,ignore,Bush,580,1000
11/08/1988,TN,Obion,ignore,Dukakis,420,1000
11/08/1988,TN,Obion,ignore,Bush,580,1000
11/08/1988,KY,Ballard,ignore,Dukakis,420,1000
11/08/1988,KY,Ballard,ignore,Bush,580,1000
11/08/1988,TX,Burnet,ignore,Dukakis,420,1000
11/08/1988,TX,Burnet,ignore,Bush,580,1000
11/08/1988,OR,Lane,ignore,Dukakis,580,1000
11/08/1988,OR,Lane,ignore,Bush,420,1000
11/08/1988,MA,Hampden,ignore,Dukakis,580,1000
11/08/1988,MA,Hampden,ignore,Bush,420,1000
11/08/1988,MO,Carroll,ignore,Dukakis,420,1000
11/08/1988,MO,Carroll,ignore,Bush,580,1000
11/08/1988,VA,Mecklenburg,ignore,Dukakis,470,1000
11/08/1988,VA,Mecklenburg,ignore,Bush,530,1000
11/08/1988,WI,Kewaunee,ignore,Dukakis,420,1000
11/08/1988,WI,Kewaunee,ignore,Bush,580,1000
11/08/1988,TN,Coffee,ignore,Dukakis,420,1000
11/08/1988,TN,Coffee,ignore,Bush,580,1000
11/08/1988,IA,Jasper,ignore,Dukakis,420,1000
11/08/1988,IA,Jasper,ignore,Bush,580,1000
11/08/1988,ID,Camas,ignore,Dukakis,420,1000
11/08/1988,ID,Camas,ignore,Bush,580,1000
11/08/1988,WI,Winnebago,ignore,Dukakis,503,1000
11/08/1988,WI,Winnebago,ignore,Bush,497,1000
11/08/1988,IN,Warren,ignore,Dukakis,420,1000
11/08/1988,IN,Warren,ignore,Bush,580,1000
11/08/1988,LA,Beauregard,ignore,Dukakis,420,1000
11/08/1988,LA,Beauregard,ignore,Bush,580,1000
11/08/1988,MD,St_Mary_s,ignore,Dukakis,420,1000
11/08/1988,MD,St_Mary_s,ignore,Bush,580,1000
11/08/1988,MS,Prentiss,ignore,Dukakis,420,1000
11/08/1988,MS,Prentiss,ignore,Bush,580,1000
11/08/1988,MS,Tallahatchie,ignore,Dukakis,490,1000
11/08/1988,MS,Tallahatchie,ignore,Bush,510,1000
11/08/1988,NJ,Burlington,ignore,Dukakis,530,1000
11/08/1988,NJ,Burlington,ignore,Bush,470,1000
11/08/1988,MT,Phillips,ignore,Dukakis,420,1000
11/08/1988,MT,Phillips,ignore,Bush,580,1000
11/08/1988,VT,Addison,ignore,Dukakis,580,1000
11/08/1988,VT,Addison,ignore,Bush,420,1000
11/08/1988,VT,Bennington,ignore,Dukakis,580,1000
11/08/1988,VT,Bennington,ignore,Bush,420,1000
11/08/1988,VA,Norfolk,ignore,Dukakis,580,1000
11/08/1988,VA,Norfolk,ignore,Bush,420,1000
11/08/1988,NC,Northampton,ignore,Dukakis,580,1000
11/08/1988,NC,Northampton,ignore,Bush,420,1000
11/08/1988,OR,Tillamook,ignore,Dukakis,490,1000
11/08/1988,OR,Tillamook,ignore,Bush,510,1000
11/08/1988,MT,Custer,ignore,Dukakis,420,1000
11/08/1988,MT,Custer,ignore,Bush,580,1000
11/08/1988,MT,Silver_Bow,ignore,Dukakis,580,1000
11/08/1988,MT,Silver_Bow,ignore,Bush,420,1000
11/08/1988,IL,Cass,ignore,Dukakis,420,1000
11/08/1988,IL,Cass,ignore,Bush,580,1000
11/08/1988,IA,Calhoun,ignore,Dukakis,420,1000
11/08/1988,IA,Calhoun,ignore,Bush,580,1000
11/08/1988,KS,Barton,ignore,Dukakis,420,1000
11/08/1988,KS,Barton,ignore,Bush,580,1000
11/08/1988,KS,Wabaunsee,ignore,Dukakis,420,1000
11/08/1988,KS,Wabaunsee,ignore,Bush,580,1000
11/08/1988,LA,Acadia,ignore,Dukakis,420,1000
11/08/1988,LA,Acadia,ignore,Bush,580,1000
11/08/1988,MI,Ingham,ignore,Dukakis,580,1000
11/08/1988,MI,Ingham,ignore,Bush,420,1000
11/08/1988,GA,Monroe,ignore,Dukakis,420,1000
11/08/1988,GA,Monroe,ignore,Bush,580,1000
11/08/1988,NY,Orleans,ignore,Dukakis,420,1000
11/08/1988,NY,Orleans,ignore,Bush,580,1000
11/08/1988,NC,Stanly,ignore,Dukakis,420,1000
11/08/1988,NC,Stanly,ignore,Bush,580,1000
11/08/1988,NY,Allegany,ignore,Dukakis,420,1000
11/08/1988,NY,Allegany,ignore,Bush,580,1000
11/08/1988,IL,Vermilion,ignore,Dukakis,420,1000
11/08/1988,IL,Vermilion,ignore,Bush,580,1000
11/08/1988,IL,Jackson,ignore,Dukakis,510,1000
11/08/1988,IL,Jackson,ignore,Bush,490,1000
11/08/1988,KY,Meade,ignore,Dukakis,420,1000
11/08/1988,KY,Meade,ignore,Bush,580,1000
11/08/1988,KY,Oldham,ignore,Dukakis,420,1000
11/08/1988,KY,Oldham,ignore,Bush,580,1000
11/08/1988,WA,Pacific,ignore,Dukakis,530,1000
11/08/1988,WA,Pacific,ignore,Bush,470,1000
11/08/1988,WI,Grant,ignore,Dukakis,420,1000
11/08/1988,WI,Grant,ignore,Bush,580,1000
11/08/1988,AR,Conway,ignore,Dukakis,420,1000
11/08/1988,AR,Conway,ignore,Bush,580,1000
11/08/1988,IL,Jersey,ignore,Dukakis,420,1000
11/08/1988,IL,Jersey,ignore,Bush,580,1000
11/08/1988,UT,Kane,ignore,Dukakis,420,1000
11/08/1988,UT,Kane,ignore,Bush,580,1000
11/08/1988,VA,Wise,ignore,Dukakis,420,1000
11/08/1988,VA,Wise,ignore,Bush,580,1000
11/08/1988,NM,Colfax,ignore,Dukakis,420,1000
11/08/1988,NM,Colfax,ignore,Bush,580,1000
11/08/1988,NC,Catawba,ignore,Dukakis,420,1000
11/08/1988,NC,Catawba,ignore,Bush,580,1000
11/08/1988,OH,Clark,ignore,Dukakis,420,1000
11/08/1988,OH,Clark,ignore,Bush,580,1000
11/08/1988,NE,Custer,ignore,Dukakis,420,1000
11/08/1988,NE,Custer,ignore,Bush,580,1000
11/08/1988,PA,Luzerne,ignore,Dukakis,420,1000
11/08/1988,PA,Luzerne,ignore,Bush,580,1000
11/08/1988,PA,Juniata,ignore,Dukakis,420,1000
11/08/1988,PA,Juniata,ignore,Bush,580,1000
11/08/1988,PA,Schuylkill,ignore,Dukakis,420,1000
11/08/1988,PA,Schuylkill,ignore,Bush,580,1000
11/08/1988,TN,Roane,ignore,Dukakis,420,1000
11/08/1988,TN,Roane,ignore,Bush,580,1000
11/08/1988,KY,Rockcastle,ignore,Dukakis,420,1000
11/08/1988,KY,Rockcastle,ignore,Bush,580,1000
11/08/1988,MD,Calvert,ignore,Dukakis,420,1000
11/08/1988,MD,Calvert,ignore,Bush,580,1000
11/08/1988,MD,Carroll,ignore,Dukakis,420,1000
11/08/1988,MD,Carroll,ignore,Bush,580,1000
11/08/1988,MA,Worcester,ignore,Dukakis,490,1000
11/08/1988,MA,Worcester,ignore,Bush,510,1000
11/08/1988,KY,Pike,ignore,Dukakis,420,1000
11/08/1988,KY,Pike,ignore,Bush,580,1000
11/08/1988,LA,De_Soto,ignore,Dukakis,420,1000
11/08/1988,LA,De_Soto,ignore,Bush,580,1000
11/08/1988,MD,Worcester,ignore,Dukakis,420,1000
11/08/1988,MD,Worcester,ignore,Bush,580,1000
11/08/1988,MI,Antrim,ignore,Dukakis,420,1000
11/08/1988,MI,Antrim,ignore,Bush,580,1000
11/08/1988,WV,Berkeley,ignore,Dukakis,420,1000
11/08/1988,WV,Berkeley,ignore,Bush,580,1000
11/08/1988,AR,Hot_Spring,ignore,Dukakis,420,1000
11/08/1988,AR,Hot_Spring,ignore,Bush,580,1000
11/08/1988,GA,Paulding,ignore,Dukakis,420,1000
11/08/1988,GA,Paulding,ignore,Bush,580,1000
11/08/1988,IL,Champaign,ignore,Dukakis,530,1000
11/08/1988,IL,Champaign,ignore,Bush,470,1000
11/08/1988,IL,Woodford,ignore,Dukakis,420,1000
11/08/1988,IL,Woodford,ignore,Bush,580,1000
11/08/1988,IL,Macoupin,ignore,Dukakis,420,1000
11/08/1988,IL,Macoupin,ignore,Bush,580,1000
11/08/1988,IL,Perry,ignore,Dukakis,420,1000
11/08/1988,IL,Perry,ignore,Bush,580,1000
11/08/1988,IA,Hancock,ignore,Dukakis,420,1000
11/08/1988,IA,Hancock,ignore,Bush,580,1000
11/08/1988,TN,Sequatchie,ignore,Dukakis,420,1000
11/08/1988,TN,Sequatchie,ignore,Bush,580,1000
11/08/1988,TX,Liberty,ignore,Dukakis,420,1000
11/08/1988,TX,Liberty,ignore,Bush,580,1000
11/08/1988,TX,Duval,ignore,Dukakis,420,1000
11/08/1988,TX,Duval,ignore,Bush,580,1000
11/08/1988,TX,Garza,ignore,Dukakis,420,1000
11/08/1988,TX,Garza,ignore,Bush,580,1000
11/08/1988,TX,Bee,ignore,Dukakis,420,1000
11/08/1988,TX,Bee,ignore,Bush,580,1000
11/08/1988,UT,Weber,ignore,Dukakis,420,1000
11/08/1988,UT,Weber,ignore,Bush,580,1000
11/08/1988,VA,Prince_Edward,ignore,Dukakis,530,1000
11/08/1988,VA,Prince_Edward,ignore,Bush,470,1000
11/08/1988,WI,Outagamie,ignore,Dukakis,470,1000
11/08/1988,WI,Outagamie,ignore,Bush,530,1000
11/08/1988,WI,Portage,ignore,Dukakis,503,1000
11/08/1988,WI,Portage,ignore,Bush,497,1000
11/08/1988,MN,Wilkin,ignore,Dukakis,420,1000
11/08/1988,MN,Wilkin,ignore,Bush,580,1000
11/08/1988,MS,Simpson,ignore,Dukakis,420,1000
11/08/1988,MS,Simpson,ignore,Bush,580,1000
11/08/1988,MS,Attala,ignore,Dukakis,420,1000
11/08/1988,MS,Attala,ignore,Bush,580,1000
11/08/1988,MS,Leake,ignore,Dukakis,420,1000
11/08/1988,MS,Leake,ignore,Bush,580,1000
11/08/1988,MS,Monroe,ignore,Dukakis,420,1000
11/08/1988,MS,Monroe,ignore,Bush,580,1000
11/08/1988,MS,Copiah,ignore,Dukakis,420,1000
11/08/1988,MS,Copiah,ignore,Bush,580,1000
11/08/1988,MN,Cass,ignore,Dukakis,420,1000
11/08/1988,MN,Cass,ignore,Bush,580,1000
11/08/1988,NE,Cass,ignore,Dukakis,420,1000
11/08/1988,NE,Cass,ignore,Bush,580,1000
11/08/1988,MN,Carver,ignore,Dukakis,470,1000
11/08/1988,MN,Carver,ignore,Bush,530,1000
11/08/1988,NC,Union,ignore,Dukakis,420,1000
11/08/1988,NC,Union,ignore,Bush,580,1000
11/08/1988,KY,Grayson,ignore,Dukakis,420,1000
11/08/1988,KY,Grayson,ignore,Bush,580,1000
11/08/1988,KY,Fayette,ignore,Dukakis,530,1000
11/08/1988,KY,Fayette,ignore,Bush,470,1000
11/08/1988,MI,Lapeer,ignore,Dukakis,420,1000
11/08/1988,MI,Lapeer,ignore,Bush,580,1000
11/08/1988,MO,Audrain,ignore,Dukakis,420,1000
11/08/1988,MO,Audrain,ignore,Bush,580,1000
11/08/1988,GA,Greene,ignore,Dukakis,420,1000
11/08/1988,GA,Greene,ignore,Bush,580,1000
11/08/1988,NY,Seneca,ignore,Dukakis,470,1000
11/08/1988,NY,Seneca,ignore,Bush,530,1000
11/08/1988,NC,Wake,ignore,Dukakis,530,1000
11/08/1988,NC,Wake,ignore,Bush,470,1000
11/08/1988,OH,Coshocton,ignore,Dukakis,420,1000
11/08/1988,OH,Coshocton,ignore,Bush,580,1000
11/08/1988,CA,San_Benito,ignore,Dukakis,530,1000
11/08/1988,CA,San_Benito,ignore,Bush,470,1000
11/08/1988,FL,Marion,ignore,Dukakis,420,1000
11/08/1988,FL,Marion,ignore,Bush,580,1000
11/08/1988,GA,Gilmer,ignore,Dukakis,420,1000
11/08/1988,GA,Gilmer,ignore,Bush,580,1000
11/08/1988,ID,Lewis,ignore,Dukakis,420,1000
11/08/1988,ID,Lewis,ignore,Bush,580,1000
11/08/1988,IL,Lee,ignore,Dukakis,420,1000
11/08/1988,IL,Lee,ignore,Bush,580,1000
11/08/1988,IL,Clark,ignore,Dukakis,420,1000
11/08/1988,IL,Clark,ignore,Bush,580,1000
11/08/1988,NJ,Camden,ignore,Dukakis,580,1000
11/08/1988,NJ,Camden,ignore,Bush,420,1000
11/08/1988,NC,Haywood,ignore,Dukakis,420,1000
11/08/1988,NC,Haywood,ignore,Bush,580,1000
11/08/1988,PA,Philadelphia,ignore,Dukakis,580,1000
11/08/1988,PA,Philadelphia,ignore,Bush,420,1000
11/08/1988,NV,Lander,ignore,Dukakis,420,1000
11/08/1988,NV,Lander,ignore,Bush,580,1000
11/08/1988,OK,Choctaw,ignore,Dukakis,420,1000
11/08/1988,OK,Choctaw,ignore,Bush,580,1000
11/08/1988,PA,Tioga,ignore,Dukakis,420,1000
11/08/1988,PA,Tioga,ignore,Bush,580,1000
11/08/1988,NM,Cibola,ignore,Dukakis,490,1000
11/08/1988,NM,Cibola,ignore,Bush,510,1000
11/08/1988,VA,Poquoson,ignore,Dukakis,470,1000
11/08/1988,VA,Poquoson,ignore,Bush,530,1000
11/08/1988,OK,Payne,ignore,Dukakis,420,1000
11/08/1988,OK,Payne,ignore,Bush,580,1000
11/08/1988,PA,Cumberland,ignore,Dukakis,470,1000
11/08/1988,PA,Cumberland,ignore,Bush,530,1000
11/08/1988,PA,Cambria,ignore,Dukakis,420,1000
11/08/1988,PA,Cambria,ignore,Bush,580,1000
11/08/1988,TN,Carroll,ignore,Dukakis,420,1000
11/08/1988,TN,Carroll,ignore,Bush,580,1000
11/08/1988,TX,Bastrop,ignore,Dukakis,420,1000
11/08/1988,TX,Bastrop,ignore,Bush,580,1000
11/08/1988,TX,Mitchell,ignore,Dukakis,420,1000
11/08/1988,TX,Mitchell,ignore,Bush,580,1000
11/08/1988,TX,Anderson,ignore,Dukakis,420,1000
11/08/1988,TX,Anderson,ignore,Bush,580,1000
11/08/1988,VA,Manassas,ignore,Dukakis,580,1000
11/08/1988,VA,Manassas,ignore,Bush,420,1000
11/08/1988,IN,Pike,ignore,Dukakis,420,1000
11/08/1988,IN,Pike,ignore,Bush,580,1000
11/08/1988,CO,Gilpin,ignore,Dukakis,490,1000
11/08/1988,CO,Gilpin,ignore,Bush,510,1000
11/08/1988,KY,Taylor,ignore,Dukakis,420,1000
11/08/1988,KY,Taylor,ignore,Bush,580,1000
11/08/1988,KY,Hart,ignore,Dukakis,420,1000
11/08/1988,KY,Hart,ignore,Bush,580,1000
11/08/1988,LA,Evangeline,ignore,Dukakis,420,1000
11/08/1988,LA,Evangeline,ignore,Bush,580,1000
11/08/1988,LA,Jefferson_Davis,ignore,Dukakis,420,1000
11/08/1988,LA,Jefferson_Davis,ignore,Bush,580,1000
11/08/1988,GA,Putnam,ignore,Dukakis,420,1000
11/08/1988,GA,Putnam,ignore,Bush,580,1000
11/08/1988,GA,Banks,ignore,Dukakis,420,1000
11/08/1988,GA,Banks,ignore,Bush,580,1000
11/08/1988,MT,Yellowstone,ignore,Dukakis,420,1000
11/08/1988,MT,Yellowstone,ignore,Bush,580,1000
11/08/1988,MO,Dunklin,ignore,Dukakis,420,1000
11/08/1988,MO,Dunklin,ignore,Bush,580,1000
11/08/1988,TX,Bowie,ignore,Dukakis,420,1000
11/08/1988,TX,Bowie,ignore,Bush,580,1000
11/08/1988,VA,Bristol,ignore,Dukakis,420,1000
11/08/1988,VA,Bristol,ignore,Bush,580,1000
11/08/1988,WV,Brooke,ignore,Dukakis,420,1000
11/08/1988,WV,Brooke,ignore,Bush,580,1000
11/08/1988,CA,Kern,ignore,Dukakis,420,1000
11/08/1988,CA,Kern,ignore,Bush,580,1000
11/08/1988,CO,Clear_Creek,ignore,Dukakis,490,1000
11/08/1988,CO,Clear_Creek,ignore,Bush,510,1000
11/08/1988,GA,Jackson,ignore,Dukakis,420,1000
11/08/1988,GA,Jackson,ignore,Bush,580,1000
11/08/1988,GA,Gordon,ignore,Dukakis,420,1000
11/08/1988,GA,Gordon,ignore,Bush,580,1000
11/08/1988,IL,Logan,ignore,Dukakis,420,1000
11/08/1988,IL,Logan,ignore,Bush,580,1000
11/08/1988,IN,Jennings,ignore,Dukakis,420,1000
11/08/1988,IN,Jennings,ignore,Bush,580,1000
11/08/1988,VA,Shenandoah,ignore,Dukakis,420,1000
11/08/1988,VA,Shenandoah,ignore,Bush,580,1000
11/08/1988,WI,Fond_du_Lac,ignore,Dukakis,420,1000
11/08/1988,WI,Fond_du_Lac,ignore,Bush,580,1000
11/08/1988,GA,Treutlen,ignore,Dukakis,420,1000
11/08/1988,GA,Treutlen,ignore,Bush,580,1000
11/08/1988,NC,Wilson,ignore,Dukakis,490,1000
11/08/1988,NC,Wilson,ignore,Bush,510,1000
11/08/1988,OH,Butler,ignore,Dukakis,420,1000
11/08/1988,OH,Butler,ignore,Bush,580,1000
11/08/1988,OH,Marion,ignore,Dukakis,420,1000
11/08/1988,OH,Marion,ignore,Bush,580,1000
11/08/1988,NE,Nance,ignore,Dukakis,420,1000
11/08/1988,NE,Nance,ignore,Bush,580,1000
11/08/1988,PA,Westmoreland,ignore,Dukakis,420,1000
11/08/1988,PA,Westmoreland,ignore,Bush,580,1000
11/08/1988,AL,Etowah,ignore,Dukakis,420,1000
11/08/1988,AL,Etowah,ignore,Bush,580,1000
11/08/1988,WY,Laramie,ignore,Dukakis,420,1000
11/08/1988,WY,Laramie,ignore,Bush,580,1000
11/08/1988,AL,Blount,ignore,Dukakis,420,1000
11/08/1988,AL,Blount,ignore,Bush,580,1000
11/08/1988,AR,Montgomery,ignore,Dukakis,420,1000
11/08/1988,AR,Montgomery,ignore,Bush,580,1000
11/08/1988,CO,Lake,ignore,Dukakis,420,1000
11/08/1988,CO,Lake,ignore,Bush,580,1000
11/08/1988,IL,Mercer,ignore,Dukakis,420,1000
11/08/1988,IL,Mercer,ignore,Bush,580,1000
11/08/1988,IA,Palo_Alto,ignore,Dukakis,420,1000
11/08/1988,IA,Palo_Alto,ignore,Bush,580,1000
11/08/1988,IA,Fayette,ignore,Dukakis,470,1000
11/08/1988,IA,Fayette,ignore,Bush,530,1000
11/08/1988,IN,Johnson,ignore,Dukakis,420,1000
11/08/1988,IN,Johnson,ignore,Bush,580,1000
11/08/1988,KY,Carter,ignore,Dukakis,420,1000
11/08/1988,KY,Carter,ignore,Bush,580,1000
11/08/1988,KY,Casey,ignore,Dukakis,420,1000
11/08/1988,KY,Casey,ignore,Bush,580,1000
11/08/1988,LA,East_Baton_Rouge,ignore,Dukakis,490,1000
11/08/1988,LA,East_Baton_Rouge,ignore,Bush,510,1000
11/08/1988,MO,Madison,ignore,Dukakis,420,1000
11/08/1988,MO,Madison,ignore,Bush,580,1000
11/08/1988,GA,Dooly,ignore,Dukakis,490,1000
11/08/1988,GA,Dooly,ignore,Bush,510,1000
11/08/1988,MO,Gasconade,ignore,Dukakis,420,1000
11/08/1988,MO,Gasconade,ignore,Bush,580,1000
11/08/1988,MO,Wayne,ignore,Dukakis,420,1000
11/08/1988,MO,Wayne,ignore,Bush,580,1000
11/08/1988,SD,Jones,ignore,Dukakis,420,1000
11/08/1988,SD,Jones,ignore,Bush,580,1000
11/08/1988,TX,Hudspeth,ignore,Dukakis,420,1000
11/08/1988,TX,Hudspeth,ignore,Bush,580,1000
11/08/1988,TX,Edwards,ignore,Dukakis,420,1000
11/08/1988,TX,Edwards,ignore,Bush,580,1000
11/08/1988,TX,Floyd,ignore,Dukakis,420,1000
11/08/1988,TX,Floyd,ignore,Bush,580,1000
11/08/1988,TN,Maury,ignore,Dukakis,420,1000
11/08/1988,TN,Maury,ignore,Bush,580,1000
11/08/1988,TN,Houston,ignore,Dukakis,420,1000
11/08/1988,TN,Houston,ignore,Bush,580,1000
11/08/1988,TX,Parker,ignore,Dukakis,420,1000
11/08/1988,TX,Parker,ignore,Bush,580,1000
11/08/1988,KY,Menifee,ignore,Dukakis,420,1000
11/08/1988,KY,Menifee,ignore,Bush,580,1000
11/08/1988,TX,Jones,ignore,Dukakis,420,1000
11/08/1988,TX,Jones,ignore,Bush,580,1000
11/08/1988,UT,Wayne,ignore,Dukakis,420,1000
11/08/1988,UT,Wayne,ignore,Bush,580,1000
11/08/1988,IA,Keokuk,ignore,Dukakis,420,1000
11/08/1988,IA,Keokuk,ignore,Bush,580,1000
11/08/1988,KY,Harrison,ignore,Dukakis,420,1000
11/08/1988,KY,Harrison,ignore,Bush,580,1000
11/08/1988,KY,Woodford,ignore,Dukakis,420,1000
11/08/1988,KY,Woodford,ignore,Bush,580,1000
11/08/1988,KY,Mercer,ignore,Dukakis,420,1000
11/08/1988,KY,Mercer,ignore,Bush,580,1000
11/08/1988,MN,Rice,ignore,Dukakis,420,1000
11/08/1988,MN,Rice,ignore,Bush,580,1000
11/08/1988,NM,Quay,ignore,Dukakis,420,1000
11/08/1988,NM,Quay,ignore,Bush,580,1000
11/08/1988,NM,Hidalgo,ignore,Dukakis,470,1000
11/08/1988,NM,Hidalgo,ignore,Bush,530,1000
11/08/1988,NY,Montgomery,ignore,Dukakis,420,1000
11/08/1988,NY,Montgomery,ignore,Bush,580,1000
11/08/1988,NY,Genesee,ignore,Dukakis,420,1000
11/08/1988,NY,Genesee,ignore,Bush,580,1000
11/08/1988,ID,Power,ignore,Dukakis,420,1000
11/08/1988,ID,Power,ignore,Bush,580,1000
11/08/1988,OH,Licking,ignore,Dukakis,420,1000
11/08/1988,OH,Licking,ignore,Bush,580,1000
11/08/1988,OK,Woods,ignore,Dukakis,420,1000
11/08/1988,OK,Woods,ignore,Bush,580,1000
11/08/1988,OK,Pontotoc,ignore,Dukakis,420,1000
11/08/1988,OK,Pontotoc,ignore,Bush,580,1000
11/08/1988,PA,Union,ignore,Dukakis,420,1000
11/08/1988,PA,Union,ignore,Bush,580,1000
11/08/1988,SC,Lexington,ignore,Dukakis,420,1000
11/08/1988,SC,Lexington,ignore,Bush,580,1000
11/08/1988,TN,Warren,ignore,Dukakis,420,1000
11/08/1988,TN,Warren,ignore,Bush,580,1000
11/08/1988,VA,Rappahannock,ignore,Dukakis,420,1000
11/08/1988,VA,Rappahannock,ignore,Bush,580,1000
11/08/1988,NE,Thomas,ignore,Dukakis,420,1000
11/08/1988,NE,Thomas,ignore,Bush,580,1000
11/08/1988,TX,Sterling,ignore,Dukakis,420,1000
11/08/1988,TX,Sterling,ignore,Bush,580,1000
11/08/1988,AL,Cherokee,ignore,Dukakis,420,1000
11/08/1988,AL,Cherokee,ignore,Bush,580,1000
11/08/1988,AL,Washington,ignore,Dukakis,420,1000
11/08/1988,AL,Washington,ignore,Bush,580,1000
11/08/1988,CA,Sonoma,ignore,Dukakis,580,1000
11/08/1988,CA,Sonoma,ignore,Bush,420,1000
11/08/1988,WV,Greenbrier,ignore,Dukakis,420,1000
11/08/1988,WV,Greenbrier,ignore,Bush,580,1000
11/08/1988,OK,Kiowa,ignore,Dukakis,420,1000
11/08/1988,OK,Kiowa,ignore,Bush,580,1000
11/08/1988,TN,Van_Buren,ignore,Dukakis,420,1000
11/08/1988,TN,Van_Buren,ignore,Bush,580,1000
11/08/1988,NC,Madison,ignore,Dukakis,420,1000
11/08/1988,NC,Madison,ignore,Bush,580,1000
11/08/1988,OH,Logan,ignore,Dukakis,420,1000
11/08/1988,OH,Logan,ignore,Bush,580,1000
11/08/1988,OH,Richland,ignore,Dukakis,420,1000
11/08/1988,OH,Richland,ignore,Bush,580,1000
11/08/1988,OK,Canadian,ignore,Dukakis,420,1000
11/08/1988,OK,Canadian,ignore,Bush,580,1000
11/08/1988,TN,Jefferson,ignore,Dukakis,420,1000
11/08/1988,TN,Jefferson,ignore,Bush,580,1000
11/08/1988,TN,White,ignore,Dukakis,420,1000
11/08/1988,TN,White,ignore,Bush,580,1000
11/08/1988,TN,Marshall,ignore,Dukakis,420,1000
11/08/1988,TN,Marshall,ignore,Bush,580,1000
11/08/1988,TX,Kaufman,ignore,Dukakis,420,1000
11/08/1988,TX,Kaufman,ignore,Bush,580,1000
11/08/1988,WV,Lincoln,ignore,Dukakis,420,1000
11/08/1988,WV,Lincoln,ignore,Bush,580,1000
11/08/1988,WI,Vernon,ignore,Dukakis,470,1000
11/08/1988,WI,Vernon,ignore,Bush,530,1000
11/08/1988,CA,Monterey,ignore,Dukakis,580,1000
11/08/1988,CA,Monterey,ignore,Bush,420,1000
11/08/1988,FL,Duval,ignore,Dukakis,470,1000
11/08/1988,FL,Duval,ignore,Bush,530,1000
11/08/1988,VA,Highland,ignore,Dukakis,420,1000
11/08/1988,VA,Highland,ignore,Bush,580,1000
11/08/1988,NE,Keya_Paha,ignore,Dukakis,420,1000
11/08/1988,NE,Keya_Paha,ignore,Bush,580,1000
11/08/1988,AL,DeKalb,ignore,Dukakis,420,1000
11/08/1988,AL,DeKalb,ignore,Bush,580,1000
11/08/1988,AL,Jackson,ignore,Dukakis,420,1000
11/08/1988,AL,Jackson,ignore,Bush,580,1000
11/08/1988,AZ,Navajo,ignore,Dukakis,420,1000
11/08/1988,AZ,Navajo,ignore,Bush,580,1000
11/08/1988,OR,Josephine,ignore,Dukakis,420,1000
11/08/1988,OR,Josephine,ignore,Bush,580,1000
11/08/1988,SC,Marion,ignore,Dukakis,580,1000
11/08/1988,SC,Marion,ignore,Bush,420,1000
11/08/1988,TN,Stewart,ignore,Dukakis,420,1000
11/08/1988,TN,Stewart,ignore,Bush,580,1000
11/08/1988,TX,Wood,ignore,Dukakis,420,1000
11/08/1988,TX,Wood,ignore,Bush,580,1000
11/08/1988,TX,Willacy,ignore,Dukakis,420,1000
11/08/1988,TX,Willacy,ignore,Bush,580,1000
11/08/1988,SD,Roberts,ignore,Dukakis,470,1000
11/08/1988,SD,Roberts,ignore,Bush,530,1000
11/08/1988,TN,Clay,ignore,Dukakis,420,1000
11/08/1988,TN,Clay,ignore,Bush,580,1000
11/08/1988,TX,Sabine,ignore,Dukakis,420,1000
11/08/1988,TX,Sabine,ignore,Bush,580,1000
11/08/1988,VA,Halifax,ignore,Dukakis,420,1000
11/08/1988,VA,Halifax,ignore,Bush,580,1000
11/08/1988,GA,McIntosh,ignore,Dukakis,420,1000
11/08/1988,GA,McIntosh,ignore,Bush,580,1000
11/08/1988,ID,Bear_Lake,ignore,Dukakis,420,1000
11/08/1988,ID,Bear_Lake,ignore,Bush,580,1000
11/08/1988,IA,Clinton,ignore,Dukakis,530,1000
11/08/1988,IA,Clinton,ignore,Bush,470,1000
11/08/1988,IA,Page,ignore,Dukakis,420,1000
11/08/1988,IA,Page,ignore,Bush,580,1000
11/08/1988,KS,Linn,ignore,Dukakis,420,1000
11/08/1988,KS,Linn,ignore,Bush,580,1000
11/08/1988,KY,Crittenden,ignore,Dukakis,420,1000
11/08/1988,KY,Crittenden,ignore,Bush,580,1000
11/08/1988,FL,Jefferson,ignore,Dukakis,420,1000
11/08/1988,FL,Jefferson,ignore,Bush,580,1000
11/08/1988,GA,Brooks,ignore,Dukakis,420,1000
11/08/1988,GA,Brooks,ignore,Bush,580,1000
11/08/1988,GA,Gwinnett,ignore,Dukakis,510,1000
11/08/1988,GA,Gwinnett,ignore,Bush,490,1000
11/08/1988,TX,Wharton,ignore,Dukakis,420,1000
11/08/1988,TX,Wharton,ignore,Bush,580,1000
11/08/1988,VA,Brunswick,ignore,Dukakis,580,1000
11/08/1988,VA,Brunswick,ignore,Bush,420,1000
11/08/1988,WV,Logan,ignore,Dukakis,420,1000
11/08/1988,WV,Logan,ignore,Bush,580,1000
11/08/1988,WI,Trempealeau,ignore,Dukakis,420,1000
11/08/1988,WI,Trempealeau,ignore,Bush,580,1000
11/08/1988,ND,Adams,ignore,Dukakis,420,1000
11/08/1988,ND,Adams,ignore,Bush,580,1000
11/08/1988,TN,Henderson,ignore,Dukakis,420,1000
11/08/1988,TN,Henderson,ignore,Bush,580,1000
11/08/1988,VA,New_Kent,ignore,Dukakis,420,1000
11/08/1988,VA,New_Kent,ignore,Bush,580,1000
11/08/1988,NE,Deuel,ignore,Dukakis,420,1000
11/08/1988,NE,Deuel,ignore,Bush,580,1000
11/08/1988,AL,Choctaw,ignore,Dukakis,420,1000
11/08/1988,AL,Choctaw,ignore,Bush,580,1000
11/08/1988,AR,Boone,ignore,Dukakis,420,1000
11/08/1988,AR,Boone,ignore,Bush,580,1000
11/08/1988,CA,Contra_Costa,ignore,Dukakis,580,1000
11/08/1988,CA,Contra_Costa,ignore,Bush,420,1000
11/08/1988,LA,Morehouse,ignore,Dukakis,420,1000
11/08/1988,LA,Morehouse,ignore,Bush,580,1000
11/08/1988,ME,Waldo,ignore,Dukakis,530,1000
11/08/1988,ME,Waldo,ignore,Bush,470,1000
11/08/1988,MI,Macomb,ignore,Dukakis,510,1000
11/08/1988,MI,Macomb,ignore,Bush,490,1000
11/08/1988,MT,Mineral,ignore,Dukakis,420,1000
11/08/1988,MT,Mineral,ignore,Bush,580,1000
11/08/1988,OK,Creek,ignore,Dukakis,420,1000
11/08/1988,OK,Creek,ignore,Bush,580,1000
11/08/1988,OK,Custer,ignore,Dukakis,420,1000
11/08/1988,OK,Custer,ignore,Bush,580,1000
11/08/1988,KS,Pratt,ignore,Dukakis,420,1000
11/08/1988,KS,Pratt,ignore,Bush,580,1000
11/08/1988,SC,Laurens,ignore,Dukakis,420,1000
11/08/1988,SC,Laurens,ignore,Bush,580,1000
11/08/1988,TN,Cheatham,ignore,Dukakis,420,1000
11/08/1988,TN,Cheatham,ignore,Bush,580,1000
11/08/1988,TX,Clay,ignore,Dukakis,420,1000
11/08/1988,TX,Clay,ignore,Bush,580,1000
11/08/1988,VA,King_and_Queen,ignore,Dukakis,470,1000
11/08/1988,VA,King_and_Queen,ignore,Bush,530,1000
11/08/1988,NE,Harlan,ignore,Dukakis,420,1000
11/08/1988,NE,Harlan,ignore,Bush,580,1000
11/08/1988,NE,Blaine,ignore,Dukakis,420,1000
11/08/1988,NE,Blaine,ignore,Bush,580,1000
11/08/1988,AZ,Greenlee,ignore,Dukakis,420,1000
11/08/1988,AZ,Greenlee,ignore,Bush,580,1000
11/08/1988,CA,Imperial,ignore,Dukakis,530,1000
11/08/1988,CA,Imperial,ignore,Bush,470,1000
11/08/1988,FL,St_Johns,ignore,Dukakis,420,1000
11/08/1988,FL,St_Johns,ignore,Bush,580,1000
11/08/1988,GA,Carroll,ignore,Dukakis,420,1000
11/08/1988,GA,Carroll,ignore,Bush,580,1000
11/08/1988,MS,Adams,ignore,Dukakis,470,1000
11/08/1988,MS,Adams,ignore,Bush,530,1000
11/08/1988,MN,Scott,ignore,Dukakis,470,1000
11/08/1988,MN,Scott,ignore,Bush,530,1000
11/08/1988,NE,Douglas,ignore,Dukakis,530,1000
11/08/1988,NE,Douglas,ignore,Bush,470,1000
11/08/1988,TX,Milam,ignore,Dukakis,420,1000
11/08/1988,TX,Milam,ignore,Bush,580,1000
11/08/1988,LA,LaSalle,ignore,Dukakis,420,1000
11/08/1988,LA,LaSalle,ignore,Bush,580,1000
11/08/1988,TX,Young,ignore,Dukakis,420,1000
11/08/1988,TX,Young,ignore,Bush,580,1000
11/08/1988,VA,Bedford,ignore,Dukakis,420,1000
11/08/1988,VA,Bedford,ignore,Bush,580,1000
11/08/1988,WV,Harrison,ignore,Dukakis,420,1000
11/08/1988,WV,Harrison,ignore,Bush,580,1000
11/08/1988,WI,Walworth,ignore,Dukakis,420,1000
11/08/1988,WI,Walworth,ignore,Bush,580,1000
11/08/1988,WY,Washakie,ignore,Dukakis,420,1000
11/08/1988,WY,Washakie,ignore,Bush,580,1000
11/08/1988,AR,Mississippi,ignore,Dukakis,490,1000
11/08/1988,AR,Mississippi,ignore,Bush,510,1000
11/08/1988,AR,Clay,ignore,Dukakis,420,1000
11/08/1988,AR,Clay,ignore,Bush,580,1000
11/08/1988,CA,Orange,ignore,Dukakis,490,1000
11/08/1988,CA,Orange,ignore,Bush,510,1000
11/08/1988,IN,Posey,ignore,Dukakis,420,1000
11/08/1988,IN,Posey,ignore,Bush,580,1000
11/08/1988,IN,Jay,ignore,Dukakis,420,1000
11/08/1988,IN,Jay,ignore,Bush,580,1000
11/08/1988,IA,Mitchell,ignore,Dukakis,470,1000
11/08/1988,IA,Mitchell,ignore,Bush,530,1000
11/08/1988,KS,Smith,ignore,Dukakis,420,1000
11/08/1988,KS,Smith,ignore,Bush,580,1000
11/08/1988,NH,Cheshire,ignore,Dukakis,530,1000
11/08/1988,NH,Cheshire,ignore,Bush,470,1000
11/08/1988,OH,Erie,ignore,Dukakis,470,1000
11/08/1988,OH,Erie,ignore,Bush,530,1000
11/08/1988,OR,Columbia,ignore,Dukakis,510,1000
11/08/1988,OR,Columbia,ignore,Bush,490,1000
11/08/1988,PA,Washington,ignore,Dukakis,420,1000
11/08/1988,PA,Washington,ignore,Bush,580,1000
11/08/1988,NY,Chenango,ignore,Dukakis,420,1000
11/08/1988,NY,Chenango,ignore,Bush,580,1000
11/08/1988,PA,Perry,ignore,Dukakis,420,1000
11/08/1988,PA,Perry,ignore,Bush,580,1000
11/08/1988,SD,Tripp,ignore,Dukakis,420,1000
11/08/1988,SD,Tripp,ignore,Bush,580,1000
11/08/1988,VA,Charlotte,ignore,Dukakis,420,1000
11/08/1988,VA,Charlotte,ignore,Bush,580,1000
11/08/1988,NE,Gosper,ignore,Dukakis,420,1000
11/08/1988,NE,Gosper,ignore,Bush,580,1000
11/08/1988,FL,Miami-Dade,ignore,Dukakis,580,1000
11/08/1988,FL,Miami-Dade,ignore,Bush,420,1000
11/08/1988,FL,Gulf,ignore,Dukakis,420,1000
11/08/1988,FL,Gulf,ignore,Bush,580,1000
11/08/1988,FL,Dixie,ignore,Dukakis,420,1000
11/08/1988,FL,Dixie,ignore,Bush,580,1000
11/08/1988,MA,Essex,ignore,Dukakis,580,1000
11/08/1988,MA,Essex,ignore,Bush,420,1000
11/08/1988,MI,Alger,ignore,Dukakis,470,1000
11/08/1988,MI,Alger,ignore,Bush,530,1000
11/08/1988,PA,Bedford,ignore,Dukakis,420,1000
11/08/1988,PA,Bedford,ignore,Bush,580,1000
11/08/1988,SD,Clay,ignore,Dukakis,530,1000
11/08/1988,SD,Clay,ignore,Bush,470,1000
11/08/1988,TX,El_Paso,ignore,Dukakis,580,1000
11/08/1988,TX,El_Paso,ignore,Bush,420,1000
11/08/1988,VA,Hampton,ignore,Dukakis,580,1000
11/08/1988,VA,Hampton,ignore,Bush,420,1000
11/08/1988,AR,Benton,ignore,Dukakis,420,1000
11/08/1988,AR,Benton,ignore,Bush,580,1000
11/08/1988,AR,Ashley,ignore,Dukakis,420,1000
11/08/1988,AR,Ashley,ignore,Bush,580,1000
11/08/1988,CA,Mono,ignore,Dukakis,530,1000
11/08/1988,CA,Mono,ignore,Bush,470,1000
11/08/1988,CA,Madera,ignore,Dukakis,420,1000
11/08/1988,CA,Madera,ignore,Bush,580,1000
11/08/1988,GA,Screven,ignore,Dukakis,470,1000
11/08/1988,GA,Screven,ignore,Bush,530,1000
11/08/1988,GA,Burke,ignore,Dukakis,490,1000
11/08/1988,GA,Burke,ignore,Bush,510,1000
11/08/1988,IL,McHenry,ignore,Dukakis,420,1000
11/08/1988,IL,McHenry,ignore,Bush,580,1000
11/08/1988,IA,Kossuth,ignore,Dukakis,420,1000
11/08/1988,IA,Kossuth,ignore,Bush,580,1000
11/08/1988,MN,Lake,ignore,Dukakis,510,1000
11/08/1988,MN,Lake,ignore,Bush,490,1000
11/08/1988,MS,Claiborne,ignore,Dukakis,580,1000
11/08/1988,MS,Claiborne,ignore,Bush,420,1000
11/08/1988,MS,Lamar,ignore,Dukakis,420,1000
11/08/1988,MS,Lamar,ignore,Bush,580,1000
11/08/1988,NE,Otoe,ignore,Dukakis,420,1000
11/08/1988,NE,Otoe,ignore,Bush,580,1000
11/08/1988,VA,Westmoreland,ignore,Dukakis,470,1000
11/08/1988,VA,Westmoreland,ignore,Bush,530,1000
11/08/1988,VA,Prince_William,ignore,Dukakis,530,1000
11/08/1988,VA,Prince_William,ignore,Bush,470,1000
11/08/1988,AL,Lowndes,ignore,Dukakis,420,1000
11/08/1988,AL,Lowndes,ignore,Bush,580,1000
11/08/1988,AL,Marshall,ignore,Dukakis,420,1000
11/08/1988,AL,Marshall,ignore,Bush,580,1000
11/08/1988,AK,Anchorage,ignore,Dukakis,470,1000
11/08/1988,AK,Anchorage,ignore,Bush,530,1000
11/08/1988,FL,Charlotte,ignore,Dukakis,470,1000
11/08/1988,FL,Charlotte,ignore,Bush,530,1000
11/08/1988,ID,Kootenai,ignore,Dukakis,420,1000
11/08/1988,ID,Kootenai,ignore,Bush,580,1000
11/08/1988,IL,Pike,ignore,Dukakis,420,1000
11/08/1988,IL,Pike,ignore,Bush,580,1000
11/08/1988,IL,Union,ignore,Dukakis,420,1000
11/08/1988,IL,Union,ignore,Bush,580,1000
11/08/1988,IL,Gallatin,ignore,Dukakis,420,1000
11/08/1988,IL,Gallatin,ignore,Bush,580,1000
11/08/1988,NC,Craven,ignore,Dukakis,420,1000
11/08/1988,NC,Craven,ignore,Bush,580,1000
11/08/1988,OH,Trumbull,ignore,Dukakis,580,1000
11/08/1988,OH,Trumbull,ignore,Bush,420,1000
11/08/1988,PA,Mercer,ignore,Dukakis,420,1000
11/08/1988,PA,Mercer,ignore,Bush,580,1000
11/08/1988,MT,Deer_Lodge,ignore,Dukakis,580,1000
11/08/1988,MT,Deer_Lodge,ignore,Bush,420,1000
11/08/1988,NE,Nemaha,ignore,Dukakis,420,1000
11/08/1988,NE,Nemaha,ignore,Bush,580,1000
11/08/1988,MS,Chickasaw,ignore,Dukakis,420,1000
11/08/1988,MS,Chickasaw,ignore,Bush,580,1000
11/08/1988,NY,Niagara,ignore,Dukakis,420,1000
11/08/1988,NY,Niagara,ignore,Bush,580,1000
11/08/1988,NY,Delaware,ignore,Dukakis,420,1000
11/08/1988,NY,Delaware,ignore,Bush,580,1000
11/08/1988,NC,Mecklenburg,ignore,Dukakis,530,1000
11/08/1988,NC,Mecklenburg,ignore,Bush,470,1000
11/08/1988,AZ,Pinal,ignore,Dukakis,420,1000
11/08/1988,AZ,Pinal,ignore,Bush,580,1000
11/08/1988,AR,Lee,ignore,Dukakis,580,1000
11/08/1988,AR,Lee,ignore,Bush,420,1000
11/08/1988,CO,Douglas,ignore,Dukakis,420,1000
11/08/1988,CO,Douglas,ignore,Bush,580,1000
11/08/1988,CO,Routt,ignore,Dukakis,530,1000
11/08/1988,CO,Routt,ignore,Bush,470,1000
11/08/1988,IL,Ogle,ignore,Dukakis,420,1000
11/08/1988,IL,Ogle,ignore,Bush,580,1000
11/08/1988,IN,Harrison,ignore,Dukakis,420,1000
11/08/1988,IN,Harrison,ignore,Bush,580,1000
11/08/1988,KY,Jefferson,ignore,Dukakis,530,1000
11/08/1988,KY,Jefferson,ignore,Bush,470,1000
11/08/1988,LA,Sabine,ignore,Dukakis,420,1000
11/08/1988,LA,Sabine,ignore,Bush,580,1000
11/08/1988,IA,Carroll,ignore,Dukakis,420,1000
11/08/1988,IA,Carroll,ignore,Bush,580,1000
11/08/1988,LA,West_Carroll,ignore,Dukakis,420,1000
11/08/1988,LA,West_Carroll,ignore,Bush,580,1000
11/08/1988,MI,Ottawa,ignore,Dukakis,420,1000
11/08/1988,MI,Ottawa,ignore,Bush,580,1000
11/08/1988,MI,Alpena,ignore,Dukakis,420,1000
11/08/1988,MI,Alpena,ignore,Bush,580,1000
11/08/1988,MS,Sharkey,ignore,Dukakis,420,1000
11/08/1988,MS,Sharkey,ignore,Bush,580,1000
11/08/1988,NY,Erie,ignore,Dukakis,580,1000
11/08/1988,NY,Erie,ignore,Bush,420,1000
11/08/1988,VA,Dinwiddie,ignore,Dukakis,420,1000
11/08/1988,VA,Dinwiddie,ignore,Bush,580,1000
11/08/1988,VA,Clarke,ignore,Dukakis,420,1000
11/08/1988,VA,Clarke,ignore,Bush,580,1000
11/08/1988,NM,Mora,ignore,Dukakis,510,1000
11/08/1988,NM,Mora,ignore,Bush,490,1000
11/08/1988,MN,Sibley,ignore,Dukakis,420,1000
11/08/1988,MN,Sibley,ignore,Bush,580,1000
11/08/1988,TN,Grundy,ignore,Dukakis,420,1000
11/08/1988,TN,Grundy,ignore,Bush,580,1000
11/08/1988,TX,DeWitt,ignore,Dukakis,420,1000
11/08/1988,TX,DeWitt,ignore,Bush,580,1000
11/08/1988,VA,Northampton,ignore,Dukakis,580,1000
11/08/1988,VA,Northampton,ignore,Bush,420,1000
11/08/1988,NY,Lewis,ignore,Dukakis,420,1000
11/08/1988,NY,Lewis,ignore,Bush,580,1000
11/08/1988,CA,Solano,ignore,Dukakis,580,1000
11/08/1988,CA,Solano,ignore,Bush,420,1000
11/08/1988,NC,Camden,ignore,Dukakis,580,1000
11/08/1988,NC,Camden,ignore,Bush,420,1000
11/08/1988,NC,Chowan,ignore,Dukakis,580,1000
11/08/1988,NC,Chowan,ignore,Bush,420,1000
11/08/1988,MN,Traverse,ignore,Dukakis,420,1000
11/08/1988,MN,Traverse,ignore,Bush,580,1000
11/08/1988,MO,St_Louis_County,ignore,Dukakis,530,1000
11/08/1988,MO,St_Louis_County,ignore,Bush,470,1000
11/08/1988,MS,Union,ignore,Dukakis,420,1000
11/08/1988,MS,Union,ignore,Bush,580,1000
11/08/1988,NY,Livingston,ignore,Dukakis,420,1000
11/08/1988,NY,Livingston,ignore,Bush,580,1000
11/08/1988,OK,Washington,ignore,Dukakis,420,1000
11/08/1988,OK,Washington,ignore,Bush,580,1000
11/08/1988,NC,Currituck,ignore,Dukakis,530,1000
11/08/1988,NC,Currituck,ignore,Bush,470,1000
11/08/1988,OK,Le_Flore,ignore,Dukakis,420,1000
11/08/1988,OK,Le_Flore,ignore,Bush,580,1000
11/08/1988,NE,Knox,ignore,Dukakis,420,1000
11/08/1988,NE,Knox,ignore,Bush,580,1000
11/08/1988,TX,Zavala,ignore,Dukakis,420,1000
11/08/1988,TX,Zavala,ignore,Bush,580,1000
11/08/1988,VA,Craig,ignore,Dukakis,420,1000
11/08/1988,VA,Craig,ignore,Bush,580,1000
11/08/1988,CO,Mineral,ignore,Dukakis,420,1000
11/08/1988,CO,Mineral,ignore,Bush,580,1000
11/08/1988,TX,Crane,ignore,Dukakis,420,1000
11/08/1988,TX,Crane,ignore,Bush,580,1000
11/08/1988,TN,Haywood,ignore,Dukakis,530,1000
11/08/1988,TN,Haywood,ignore,Bush,470,1000
11/08/1988,WV,Preston,ignore,Dukakis,420,1000
11/08/1988,WV,Preston,ignore,Bush,580,1000
11/08/1988,SD,Haakon,ignore,Dukakis,420,1000
11/08/1988,SD,Haakon,ignore,Bush,580,1000
11/08/1988,GA,Sumter,ignore,Dukakis,510,1000
11/08/1988,GA,Sumter,ignore,Bush,490,1000
11/08/1988,CA,Del_Norte,ignore,Dukakis,420,1000
11/08/1988,CA,Del_Norte,ignore,Bush,580,1000
11/08/1988,NY,Oswego,ignore,Dukakis,420,1000
11/08/1988,NY,Oswego,ignore,Bush,580,1000
11/08/1988,CA,Yolo,ignore,Dukakis,420,1000
11/08/1988,CA,Yolo,ignore,Bush,580,1000
11/08/1988,SC,Lancaster,ignore,Dukakis,420,1000
11/08/1988,SC,Lancaster,ignore,Bush,580,1000
11/08/1988,SD,Harding,ignore,Dukakis,420,1000
11/08/1988,SD,Harding,ignore,Bush,580,1000
11/08/1988,MO,Franklin,ignore,Dukakis,420,1000
11/08/1988,MO,Franklin,ignore,Bush,580,1000
11/08/1988,NJ,Union,ignore,Dukakis,580,1000
11/08/1988,NJ,Union,ignore,Bush,420,1000
11/08/1988,NM,Union,ignore,Dukakis,420,1000
11/08/1988,NM,Union,ignore,Bush,580,1000
11/08/1988,VT,Caledonia,ignore,Dukakis,530,1000
11/08/1988,VT,Caledonia,ignore,Bush,470,1000
11/08/1988,WA,Pierce,ignore,Dukakis,530,1000
11/08/1988,WA,Pierce,ignore,Bush,470,1000
11/08/1988,WI,Rock,ignore,Dukakis,470,1000
11/08/1988,WI,Rock,ignore,Bush,530,1000
11/08/1988,MI,Allegan,ignore,Dukakis,420,1000
11/08/1988,MI,Allegan,ignore,Bush,580,1000
11/08/1988,KY,Hancock,ignore,Dukakis,420,1000
11/08/1988,KY,Hancock,ignore,Bush,580,1000
11/08/1988,ID,Gem,ignore,Dukakis,420,1000
11/08/1988,ID,Gem,ignore,Bush,580,1000
11/08/1988,NM,McKinley,ignore,Dukakis,530,1000
11/08/1988,NM,McKinley,ignore,Bush,470,1000
11/08/1988,MD,Baltimore,ignore,Dukakis,510,1000
11/08/1988,MD,Baltimore,ignore,Bush,490,1000
11/08/1988,LA,Jefferson,ignore,Dukakis,420,1000
11/08/1988,LA,Jefferson,ignore,Bush,580,1000
11/08/1988,NY,Putnam,ignore,Dukakis,420,1000
11/08/1988,NY,Putnam,ignore,Bush,580,1000
11/08/1988,TX,Llano,ignore,Dukakis,420,1000
11/08/1988,TX,Llano,ignore,Bush,580,1000
11/08/1988,VA,Newport_News,ignore,Dukakis,580,1000
11/08/1988,VA,Newport_News,ignore,Bush,420,1000
11/08/1988,NM,Lea,ignore,Dukakis,420,1000
11/08/1988,NM,Lea,ignore,Bush,580,1000
11/08/1988,NE,Saline,ignore,Dukakis,420,1000
11/08/1988,NE,Saline,ignore,Bush,580,1000
11/08/1988,WA,Cowlitz,ignore,Dukakis,490,1000
11/08/1988,WA,Cowlitz,ignore,Bush,510,1000
11/08/1988,WY,Lincoln,ignore,Dukakis,420,1000
11/08/1988,WY,Lincoln,ignore,Bush,580,1000
11/08/1988,AR,Hempstead,ignore,Dukakis,420,1000
11/08/1988,AR,Hempstead,ignore,Bush,580,1000
11/08/1988,GA,Clayton,ignore,Dukakis,580,1000
11/08/1988,GA,Clayton,ignore,Bush,420,1000
11/08/1988,IL,Greene,ignore,Dukakis,420,1000
11/08/1988,IL,Greene,ignore,Bush,580,1000
11/08/1988,IN,Morgan,ignore,Dukakis,420,1000
11/08/1988,IN,Morgan,ignore,Bush,580,1000
11/08/1988,AR,Franklin,ignore,Dukakis,420,1000
11/08/1988,AR,Franklin,ignore,Bush,580,1000
11/08/1988,ID,Canyon,ignore,Dukakis,420,1000
11/08/1988,ID,Canyon,ignore,Bush,580,1000
11/08/1988,IL,Williamson,ignore,Dukakis,420,1000
11/08/1988,IL,Williamson,ignore,Bush,580,1000
11/08/1988,IA,Wright,ignore,Dukakis,420,1000
11/08/1988,IA,Wright,ignore,Bush,580,1000
11/08/1988,IA,Henry,ignore,Dukakis,470,1000
11/08/1988,IA,Henry,ignore,Bush,530,1000
11/08/1988,CO,Saguache,ignore,Dukakis,470,1000
11/08/1988,CO,Saguache,ignore,Bush,530,1000
11/08/1988,KY,Henry,ignore,Dukakis,420,1000
11/08/1988,KY,Henry,ignore,Bush,580,1000
11/08/1988,OH,Brown,ignore,Dukakis,420,1000
11/08/1988,OH,Brown,ignore,Bush,580,1000
11/08/1988,GA,Ware,ignore,Dukakis,420,1000
11/08/1988,GA,Ware,ignore,Bush,580,1000
11/08/1988,SC,Florence,ignore,Dukakis,490,1000
11/08/1988,SC,Florence,ignore,Bush,510,1000
11/08/1988,NC,Brunswick,ignore,Dukakis,420,1000
11/08/1988,NC,Brunswick,ignore,Bush,580,1000
11/08/1988,SD,Meade,ignore,Dukakis,420,1000
11/08/1988,SD,Meade,ignore,Bush,580,1000
11/08/1988,NV,Lincoln,ignore,Dukakis,420,1000
11/08/1988,NV,Lincoln,ignore,Bush,580,1000
11/08/1988,NC,Durham,ignore,Dukakis,580,1000
11/08/1988,NC,Durham,ignore,Bush,420,1000
11/08/1988,OH,Tuscarawas,ignore,Dukakis,420,1000
11/08/1988,OH,Tuscarawas,ignore,Bush,580,1000
11/08/1988,OR,Benton,ignore,Dukakis,530,1000
11/08/1988,OR,Benton,ignore,Bush,470,1000
11/08/1988,PA,Somerset,ignore,Dukakis,420,1000
11/08/1988,PA,Somerset,ignore,Bush,580,1000
11/08/1988,KS,Pottawatomie,ignore,Dukakis,420,1000
11/08/1988,KS,Pottawatomie,ignore,Bush,580,1000
11/08/1988,KY,Knott,ignore,Dukakis,420,1000
11/08/1988,KY,Knott,ignore,Bush,580,1000
11/08/1988,GA,Wilkinson,ignore,Dukakis,470,1000
11/08/1988,GA,Wilkinson,ignore,Bush,530,1000
11/08/1988,NV,Pershing,ignore,Dukakis,420,1000
11/08/1988,NV,Pershing,ignore,Bush,580,1000
11/08/1988,NY,Oneida,ignore,Dukakis,420,1000
11/08/1988,NY,Oneida,ignore,Bush,580,1000
11/08/1988,OK,Comanche,ignore,Dukakis,420,1000
11/08/1988,OK,Comanche,ignore,Bush,580,1000
11/08/1988,MT,Sheridan,ignore,Dukakis,420,1000
11/08/1988,MT,Sheridan,ignore,Bush,580,1000
11/08/1988,ME,Franklin,ignore,Dukakis,510,1000
11/08/1988,ME,Franklin,ignore,Bush,490,1000
11/08/1988,NC,Cabarrus,ignore,Dukakis,420,1000
11/08/1988,NC,Cabarrus,ignore,Bush,580,1000
11/08/1988,ND,Stark,ignore,Dukakis,420,1000
11/08/1988,ND,Stark,ignore,Bush,580,1000
11/08/1988,OH,Warren,ignore,Dukakis,420,1000
11/08/1988,OH,Warren,ignore,Bush,580,1000
11/08/1988,OH,Portage,ignore,Dukakis,530,1000
11/08/1988,OH,Portage,ignore,Bush,470,1000
11/08/1988,PA,Indiana,ignore,Dukakis,420,1000
11/08/1988,PA,Indiana,ignore,Bush,580,1000
11/08/1988,FL,Baker,ignore,Dukakis,420,1000
11/08/1988,FL,Baker,ignore,Bush,580,1000
11/08/1988,GA,Cook,ignore,Dukakis,420,1000
11/08/1988,GA,Cook,ignore,Bush,580,1000
11/08/1988,MN,Crow_Wing,ignore,Dukakis,420,1000
11/08/1988,MN,Crow_Wing,ignore,Bush,580,1000
11/08/1988,MT,Rosebud,ignore,Dukakis,470,1000
11/08/1988,MT,Rosebud,ignore,Bush,530,1000
11/08/1988,MS,Carroll,ignore,Dukakis,470,1000
11/08/1988,MS,Carroll,ignore,Bush,530,1000
11/08/1988,ND,Benson,ignore,Dukakis,420,1000
11/08/1988,ND,Benson,ignore,Bush,580,1000
11/08/1988,IN,Delaware,ignore,Dukakis,470,1000
11/08/1988,IN,Delaware,ignore,Bush,530,1000
11/08/1988,MN,Itasca,ignore,Dukakis,470,1000
11/08/1988,MN,Itasca,ignore,Bush,530,1000
11/08/1988,TN,Knox,ignore,Dukakis,420,1000
11/08/1988,TN,Knox,ignore,Bush,580,1000
11/08/1988,TX,Potter,ignore,Dukakis,420,1000
11/08/1988,TX,Potter,ignore,Bush,580,1000
11/08/1988,VA,Richmond,ignore,Dukakis,580,1000
11/08/1988,VA,Richmond,ignore,Bush,420,1000
11/08/1988,VA,Charles_City,ignore,Dukakis,580,1000
11/08/1988,VA,Charles_City,ignore,Bush,420,1000
11/08/1988,ND,Pierce,ignore,Dukakis,420,1000
11/08/1988,ND,Pierce,ignore,Bush,580,1000
11/08/1988,ND,Golden_Valley,ignore,Dukakis,420,1000
11/08/1988,ND,Golden_Valley,ignore,Bush,580,1000
11/08/1988,TN,Crockett,ignore,Dukakis,420,1000
11/08/1988,TN,Crockett,ignore,Bush,580,1000
11/08/1988,MT,Valley,ignore,Dukakis,420,1000
11/08/1988,MT,Valley,ignore,Bush,580,1000
11/08/1988,VA,Augusta,ignore,Dukakis,420,1000
11/08/1988,VA,Augusta,ignore,Bush,580,1000
11/08/1988,NE,Kearney,ignore,Dukakis,420,1000
11/08/1988,NE,Kearney,ignore,Bush,580,1000
11/08/1988,WV,Wood,ignore,Dukakis,420,1000
11/08/1988,WV,Wood,ignore,Bush,580,1000
11/08/1988,SC,Newberry,ignore,Dukakis,420,1000
11/08/1988,SC,Newberry,ignore,Bush,580,1000
11/08/1988,LA,Caldwell,ignore,Dukakis,420,1000
11/08/1988,LA,Caldwell,ignore,Bush,580,1000
11/08/1988,TX,Brazos,ignore,Dukakis,420,1000
11/08/1988,TX,Brazos,ignore,Bush,580,1000
11/08/1988,WA,Yakima,ignore,Dukakis,470,1000
11/08/1988,WA,Yakima,ignore,Bush,530,1000
11/08/1988,WI,Jefferson,ignore,Dukakis,420,1000
11/08/1988,WI,Jefferson,ignore,Bush,580,1000
11/08/1988,TX,Oldham,ignore,Dukakis,420,1000
11/08/1988,TX,Oldham,ignore,Bush,580,1000
11/08/1988,KS,Wyandotte,ignore,Dukakis,580,1000
11/08/1988,KS,Wyandotte,ignore,Bush,420,1000
11/08/1988,LA,Terrebonne,ignore,Dukakis,420,1000
11/08/1988,LA,Terrebonne,ignore,Bush,580,1000
11/08/1988,OK,Sequoyah,ignore,Dukakis,420,1000
11/08/1988,OK,Sequoyah,ignore,Bush,580,1000
11/08/1988,OR,Klamath,ignore,Dukakis,420,1000
11/08/1988,OR,Klamath,ignore,Bush,580,1000
11/08/1988,TX,Kenedy,ignore,Dukakis,420,1000
11/08/1988,TX,Kenedy,ignore,Bush,580,1000
11/08/1988,CA,Alpine,ignore,Dukakis,580,1000
11/08/1988,CA,Alpine,ignore,Bush,420,1000
11/08/1988,GA,Walker,ignore,Dukakis,420,1000
11/08/1988,GA,Walker,ignore,Bush,580,1000
11/08/1988,ID,Clearwater,ignore,Dukakis,420,1000
11/08/1988,ID,Clearwater,ignore,Bush,580,1000
11/08/1988,WV,Hardy,ignore,Dukakis,420,1000
11/08/1988,WV,Hardy,ignore,Bush,580,1000
11/08/1988,FL,Bradford,ignore,Dukakis,420,1000
11/08/1988,FL,Bradford,ignore,Bush,580,1000
11/08/1988,WV,Wetzel,ignore,Dukakis,420,1000
11/08/1988,WV,Wetzel,ignore,Bush,580,1000
11/08/1988,OH,Fulton,ignore,Dukakis,420,1000
11/08/1988,OH,Fulton,ignore,Bush,580,1000
11/08/1988,TN,Bradley,ignore,Dukakis,420,1000
11/08/1988,TN,Bradley,ignore,Bush,580,1000
11/08/1988,TX,Newton,ignore,Dukakis,420,1000
11/08/1988,TX,Newton,ignore,Bush,580,1000
11/08/1988,TN,Bledsoe,ignore,Dukakis,420,1000
11/08/1988,TN,Bledsoe,ignore,Bush,580,1000
11/08/1988,WV,Tucker,ignore,Dukakis,420,1000
11/08/1988,WV,Tucker,ignore,Bush,580,1000
11/08/1988,AK,Yakutat,ignore,Dukakis,420,1000
11/08/1988,AK,Yakutat,ignore,Bush,580,1000
11/08/1988,MI,Gladwin,ignore,Dukakis,420,1000
11/08/1988,MI,Gladwin,ignore,Bush,580,1000
11/08/1988,NC,Person,ignore,Dukakis,420,1000
11/08/1988,NC,Person,ignore,Bush,580,1000
11/08/1988,NV,White_Pine,ignore,Dukakis,420,1000
11/08/1988,NV,White_Pine,ignore,Bush,580,1000
11/08/1988,IN,Adams,ignore,Dukakis,420,1000
11/08/1988,IN,Adams,ignore,Bush,580,1000
11/08/1988,TN,Cumberland,ignore,Dukakis,420,1000
11/08/1988,TN,Cumberland,ignore,Bush,580,1000
11/08/1988,NV,Nye,ignore,Dukakis,420,1000
11/08/1988,NV,Nye,ignore,Bush,580,1000
11/08/1988,KS,Leavenworth,ignore,Dukakis,420,1000
11/08/1988,KS,Leavenworth,ignore,Bush,580,1000
11/08/1988,IN,Warrick,ignore,Dukakis,420,1000
11/08/1988,IN,Warrick,ignore,Bush,580,1000
11/08/1988,MI,Iron,ignore,Dukakis,420,1000
11/08/1988,MI,Iron,ignore,Bush,580,1000
11/08/1988,MS,Lowndes,ignore,Dukakis,420,1000
11/08/1988,MS,Lowndes,ignore,Bush,580,1000
11/08/1988,MO,St_Louis_City,ignore,Dukakis,580,1000
11/08/1988,MO,St_Louis_City,ignore,Bush,420,1000
11/08/1988,MN,Meeker,ignore,Dukakis,420,1000
11/08/1988,MN,Meeker,ignore,Bush,580,1000
11/08/1988,TN,Monroe,ignore,Dukakis,420,1000
11/08/1988,TN,Monroe,ignore,Bush,580,1000
11/08/1988,MS,Holmes,ignore,Dukakis,420,1000
11/08/1988,MS,Holmes,ignore,Bush,580,1000
11/08/1988,MS,Oktibbeha,ignore,Dukakis,420,1000
11/08/1988,MS,Oktibbeha,ignore,Bush,580,1000
11/08/1988,VA,Giles,ignore,Dukakis,420,1000
11/08/1988,VA,Giles,ignore,Bush,580,1000
11/08/1988,FL,Hillsborough,ignore,Dukakis,530,1000
11/08/1988,FL,Hillsborough,ignore,Bush,470,1000
11/08/1988,GA,Haralson,ignore,Dukakis,420,1000
11/08/1988,GA,Haralson,ignore,Bush,580,1000
11/08/1988,KS,Cowley,ignore,Dukakis,420,1000
11/08/1988,KS,Cowley,ignore,Bush,580,1000
11/08/1988,KY,Henderson,ignore,Dukakis,420,1000
11/08/1988,KY,Henderson,ignore,Bush,580,1000
11/08/1988,TX,Grayson,ignore,Dukakis,420,1000
11/08/1988,TX,Grayson,ignore,Bush,580,1000
11/08/1988,AL,Cleburne,ignore,Dukakis,420,1000
11/08/1988,AL,Cleburne,ignore,Bush,580,1000
11/08/1988,NJ,Ocean,ignore,Dukakis,420,1000
11/08/1988,NJ,Ocean,ignore,Bush,580,1000
11/08/1988,AL,Autauga,ignore,Dukakis,420,1000
11/08/1988,AL,Autauga,ignore,Bush,580,1000
11/08/1988,GA,Bibb,ignore,Dukakis,580,1000
11/08/1988,GA,Bibb,ignore,Bush,420,1000
11/08/1988,NJ,Monmouth,ignore,Dukakis,470,1000
11/08/1988,NJ,Monmouth,ignore,Bush,530,1000
11/08/1988,NM,Rio_Arriba,ignore,Dukakis,510,1000
11/08/1988,NM,Rio_Arriba,ignore,Bush,490,1000
11/08/1988,NY,Wayne,ignore,Dukakis,420,1000
11/08/1988,NY,Wayne,ignore,Bush,580,1000
11/08/1988,OR,Lincoln,ignore,Dukakis,510,1000
11/08/1988,OR,Lincoln,ignore,Bush,490,1000
11/08/1988,VA,Bath,ignore,Dukakis,420,1000
11/08/1988,VA,Bath,ignore,Bush,580,1000
11/08/1988,WV,Fayette,ignore,Dukakis,420,1000
11/08/1988,WV,Fayette,ignore,Bush,580,1000
11/08/1988,WV,Kanawha,ignore,Dukakis,470,1000
11/08/1988,WV,Kanawha,ignore,Bush,530,1000
11/08/1988,KY,Carroll,ignore,Dukakis,420,1000
11/08/1988,KY,Carroll,ignore,Bush,580,1000
11/08/1988,MD,Montgomery,ignore,Dukakis,580,1000
11/08/1988,MD,Montgomery,ignore,Bush,420,1000
11/08/1988,MA,Franklin,ignore,Dukakis,510,1000
11/08/1988,MA,Franklin,ignore,Bush,490,1000
11/08/1988,MS,DeSoto,ignore,Dukakis,420,1000
11/08/1988,MS,DeSoto,ignore,Bush,580,1000
11/08/1988,TX,McCulloch,ignore,Dukakis,420,1000
11/08/1988,TX,McCulloch,ignore,Bush,580,1000
11/08/1988,NV,Esmeralda,ignore,Dukakis,420,1000
11/08/1988,NV,Esmeralda,ignore,Bush,580,1000
11/08/1988,IN,Carroll,ignore,Dukakis,420,1000
11/08/1988,IN,Carroll,ignore,Bush,580,1000
11/08/1988,MI,Ogemaw,ignore,Dukakis,420,1000
11/08/1988,MI,Ogemaw,ignore,Bush,580,1000
11/08/1988,MI,St_Clair,ignore,Dukakis,420,1000
11/08/1988,MI,St_Clair,ignore,Bush,580,1000
11/08/1988,RI,Providence,ignore,Dukakis,580,1000
11/08/1988,RI,Providence,ignore,Bush,420,1000
11/08/1988,TN,Montgomery,ignore,Dukakis,420,1000
11/08/1988,TN,Montgomery,ignore,Bush,580,1000
11/08/1988,TX,Parmer,ignore,Dukakis,420,1000
11/08/1988,TX,Parmer,ignore,Bush,580,1000
11/08/1988,VA,Accomack,ignore,Dukakis,470,1000
11/08/1988,VA,Accomack,ignore,Bush,530,1000
11/08/1988,MS,Yalobusha,ignore,Dukakis,420,1000
11/08/1988,MS,Yalobusha,ignore,Bush,580,1000
11/08/1988,OH,Lucas,ignore,Dukakis,580,1000
11/08/1988,OH,Lucas,ignore,Bush,420,1000
11/08/1988,AR,Crittenden,ignore,Dukakis,510,1000
11/08/1988,AR,Crittenden,ignore,Bush,490,1000
11/08/1988,MN,Hennepin,ignore,Dukakis,580,1000
11/08/1988,MN,Hennepin,ignore,Bush,420,1000
11/08/1988,NE,Richardson,ignore,Dukakis,420,1000
11/08/1988,NE,Richardson,ignore,Bush,580,1000
11/08/1988,OR,Lake,ignore,Dukakis,420,1000
11/08/1988,OR,Lake,ignore,Bush,580,1000
11/08/1988,MO,Howell,ignore,Dukakis,420,1000
11/08/1988,MO,Howell,ignore,Bush,580,1000
11/08/1988,ND,Bottineau,ignore,Dukakis,420,1000
11/08/1988,ND,Bottineau,ignore,Bush,580,1000
11/08/1988,NC,Warren,ignore,Dukakis,530,1000
11/08/1988,NC,Warren,ignore,Bush,470,1000
11/08/1988,MI,Monroe,ignore,Dukakis,420,1000
11/08/1988,MI,Monroe,ignore,Bush,580,1000
11/08/1988,MT,Blaine,ignore,Dukakis,420,1000
11/08/1988,MT,Blaine,ignore,Bush,580,1000
11/08/1988,WV,Wayne,ignore,Dukakis,420,1000
11/08/1988,WV,Wayne,ignore,Bush,580,1000
11/08/1988,WI,St_Croix,ignore,Dukakis,420,1000
11/08/1988,WI,St_Croix,ignore,Bush,580,1000
11/08/1988,CO,Chaffee,ignore,Dukakis,420,1000
11/08/1988,CO,Chaffee,ignore,Bush,580,1000
11/08/1988,WA,Chelan,ignore,Dukakis,420,1000
11/08/1988,WA,Chelan,ignore,Bush,580,1000
11/08/1988,FL,Flagler,ignore,Dukakis,470,1000
11/08/1988,FL,Flagler,ignore,Bush,530,1000
11/08/1988,FL,Gadsden,ignore,Dukakis,420,1000
11/08/1988,FL,Gadsden,ignore,Bush,580,1000
11/08/1988,FL,Leon,ignore,Dukakis,420,1000
11/08/1988,FL,Leon,ignore,Bush,580,1000
11/08/1988,FL,Putnam,ignore,Dukakis,420,1000
11/08/1988,FL,Putnam,ignore,Bush,580,1000
11/08/1988,VT,Rutland,ignore,Dukakis,530,1000
11/08/1988,VT,Rutland,ignore,Bush,470,1000
11/08/1988,AL,Montgomery,ignore,Dukakis,420,1000
11/08/1988,AL,Montgomery,ignore,Bush,580,1000
11/08/1988,AR,Perry,ignore,Dukakis,420,1000
11/08/1988,AR,Perry,ignore,Bush,580,1000
11/08/1988,MI,Tuscola,ignore,Dukakis,420,1000
11/08/1988,MI,Tuscola,ignore,Bush,580,1000
11/08/1988,ND,Grant,ignore,Dukakis,420,1000
11/08/1988,ND,Grant,ignore,Bush,580,1000
11/08/1988,WI,Chippewa,ignore,Dukakis,420,1000
11/08/1988,WI,Chippewa,ignore,Bush,580,1000
11/08/1988,IN,Blackford,ignore,Dukakis,420,1000
11/08/1988,IN,Blackford,ignore,Bush,580,1000
11/08/1988,IN,Wells,ignore,Dukakis,420,1000
11/08/1988,IN,Wells,ignore,Bush,580,1000
11/08/1988,KS,Douglas,ignore,Dukakis,580,1000
11/08/1988,KS,Douglas,ignore,Bush,420,1000
11/08/1988,KS,Jackson,ignore,Dukakis,420,1000
11/08/1988,KS,Jackson,ignore,Bush,580,1000
11/08/1988,GA,Barrow,ignore,Dukakis,420,1000
11/08/1988,GA,Barrow,ignore,Bush,580,1000
11/08/1988,GA,Telfair,ignore,Dukakis,420,1000
11/08/1988,GA,Telfair,ignore,Bush,580,1000
11/08/1988,IL,Montgomery,ignore,Dukakis,420,1000
11/08/1988,IL,Montgomery,ignore,Bush,580,1000
11/08/1988,IN,Lawrence,ignore,Dukakis,420,1000
11/08/1988,IN,Lawrence,ignore,Bush,580,1000
11/08/1988,IA,Montgomery,ignore,Dukakis,420,1000
11/08/1988,IA,Montgomery,ignore,Bush,580,1000
11/08/1988,KY,Scott,ignore,Dukakis,420,1000
11/08/1988,KY,Scott,ignore,Bush,580,1000
11/08/1988,KY,Muhlenberg,ignore,Dukakis,420,1000
11/08/1988,KY,Muhlenberg,ignore,Bush,580,1000
11/08/1988,LA,Assumption,ignore,Dukakis,470,1000
11/08/1988,LA,Assumption,ignore,Bush,530,1000
11/08/1988,FL,Santa_Rosa,ignore,Dukakis,420,1000
11/08/1988,FL,Santa_Rosa,ignore,Bush,580,1000
11/08/1988,FL,Orange,ignore,Dukakis,530,1000
11/08/1988,FL,Orange,ignore,Bush,470,1000
11/08/1988,FL,Seminole,ignore,Dukakis,470,1000
11/08/1988,FL,Seminole,ignore,Bush,530,1000
11/08/1988,FL,Walton,ignore,Dukakis,420,1000
11/08/1988,FL,Walton,ignore,Bush,580,1000
11/08/1988,GA,Decatur,ignore,Dukakis,420,1000
11/08/1988,GA,Decatur,ignore,Bush,580,1000
11/08/1988,GA,Dougherty,ignore,Dukakis,580,1000
11/08/1988,GA,Dougherty,ignore,Bush,420,1000
11/08/1988,CA,Fresno,ignore,Dukakis,470,1000
11/08/1988,CA,Fresno,ignore,Bush,530,1000
11/08/1988,GA,Washington,ignore,Dukakis,530,1000
11/08/1988,GA,Washington,ignore,Bush,470,1000
11/08/1988,IN,Hancock,ignore,Dukakis,420,1000
11/08/1988,IN,Hancock,ignore,Bush,580,1000
11/08/1988,KS,Jefferson,ignore,Dukakis,420,1000
11/08/1988,KS,Jefferson,ignore,Bush,580,1000
11/08/1988,NV,Elko,ignore,Dukakis,420,1000
11/08/1988,NV,Elko,ignore,Bush,580,1000
11/08/1988,LA,Tangipahoa,ignore,Dukakis,420,1000
11/08/1988,LA,Tangipahoa,ignore,Bush,580,1000
11/08/1988,LA,West_Baton_Rouge,ignore,Dukakis,470,1000
11/08/1988,LA,West_Baton_Rouge,ignore,Bush,530,1000
11/08/1988,AL,Greene,ignore,Dukakis,420,1000
11/08/1988,AL,Greene,ignore,Bush,580,1000
11/08/1988,NY,Madison,ignore,Dukakis,470,1000
11/08/1988,NY,Madison,ignore,Bush,530,1000
11/08/1988,NC,Sampson,ignore,Dukakis,420,1000
11/08/1988,NC,Sampson,ignore,Bush,580,1000
11/08/1988,OK,Rogers,ignore,Dukakis,420,1000
11/08/1988,OK,Rogers,ignore,Bush,580,1000
11/08/1988,OK,Hughes,ignore,Dukakis,420,1000
11/08/1988,OK,Hughes,ignore,Bush,580,1000
11/08/1988,TN,Humphreys,ignore,Dukakis,420,1000
11/08/1988,TN,Humphreys,ignore,Bush,580,1000
11/08/1988,TX,Rusk,ignore,Dukakis,420,1000
11/08/1988,TX,Rusk,ignore,Bush,580,1000
11/08/1988,TX,Shelby,ignore,Dukakis,420,1000
11/08/1988,TX,Shelby,ignore,Bush,580,1000
11/08/1988,GA,Mitchell,ignore,Dukakis,470,1000
11/08/1988,GA,Mitchell,ignore,Bush,530,1000
11/08/1988,GA,Thomas,ignore,Dukakis,420,1000
11/08/1988,GA,Thomas,ignore,Bush,580,1000
11/08/1988,MS,Wilkinson,ignore,Dukakis,497,1000
11/08/1988,MS,Wilkinson,ignore,Bush,503,1000
11/08/1988,MS,Bolivar,ignore,Dukakis,580,1000
11/08/1988,MS,Bolivar,ignore,Bush,420,1000
11/08/1988,MS,Clay,ignore,Dukakis,420,1000
11/08/1988,MS,Clay,ignore,Bush,580,1000
11/08/1988,MS,Lincoln,ignore,Dukakis,420,1000
11/08/1988,MS,Lincoln,ignore,Bush,580,1000
11/08/1988,CO,Grand,ignore,Dukakis,420,1000
11/08/1988,CO,Grand,ignore,Bush,580,1000
11/08/1988,KY,Nelson,ignore,Dukakis,420,1000
11/08/1988,KY,Nelson,ignore,Bush,580,1000
11/08/1988,MI,Shiawassee,ignore,Dukakis,420,1000
11/08/1988,MI,Shiawassee,ignore,Bush,580,1000
11/08/1988,MI,Crawford,ignore,Dukakis,420,1000
11/08/1988,MI,Crawford,ignore,Bush,580,1000
11/08/1988,MO,Lincoln,ignore,Dukakis,420,1000
11/08/1988,MO,Lincoln,ignore,Bush,580,1000
11/08/1988,VA,Arlington,ignore,Dukakis,580,1000
11/08/1988,VA,Arlington,ignore,Bush,420,1000
11/08/1988,IN,Hamilton,ignore,Dukakis,420,1000
11/08/1988,IN,Hamilton,ignore,Bush,580,1000
11/08/1988,MO,Boone,ignore,Dukakis,497,1000
11/08/1988,MO,Boone,ignore,Bush,503,1000
11/08/1988,IN,Putnam,ignore,Dukakis,420,1000
11/08/1988,IN,Putnam,ignore,Bush,580,1000
11/08/1988,IA,Des_Moines,ignore,Dukakis,530,1000
11/08/1988,IA,Des_Moines,ignore,Bush,470,1000
11/08/1988,VA,Roanoke_Co,ignore,Dukakis,420,1000
11/08/1988,VA,Roanoke_Co,ignore,Bush,580,1000
11/08/1988,IA,Louisa,ignore,Dukakis,470,1000
11/08/1988,IA,Louisa,ignore,Bush,530,1000
11/08/1988,WI,Marquette,ignore,Dukakis,420,1000
11/08/1988,WI,Marquette,ignore,Bush,580,1000
11/08/1988,WA,Franklin,ignore,Dukakis,420,1000
11/08/1988,WA,Franklin,ignore,Bush,580,1000
11/08/1988,WY,Carbon,ignore,Dukakis,420,1000
11/08/1988,WY,Carbon,ignore,Bush,580,1000
11/08/1988,OH,Monroe,ignore,Dukakis,470,1000
11/08/1988,OH,Monroe,ignore,Bush,530,1000
11/08/1988,TX,Fayette,ignore,Dukakis,420,1000
11/08/1988,TX,Fayette,ignore,Bush,580,1000
11/08/1988,TN,Cannon,ignore,Dukakis,420,1000
11/08/1988,TN,Cannon,ignore,Bush,580,1000
11/08/1988,WV,Monroe,ignore,Dukakis,420,1000
11/08/1988,WV,Monroe,ignore,Bush,580,1000
11/08/1988,MS,Harrison,ignore,Dukakis,420,1000
11/08/1988,MS,Harrison,ignore,Bush,580,1000
11/08/1988,WV,Nicholas,ignore,Dukakis,420,1000
11/08/1988,WV,Nicholas,ignore,Bush,580,1000
11/08/1988,WA,Kitsap,ignore,Dukakis,530,1000
11/08/1988,WA,Kitsap,ignore,Bush,470,1000
11/08/1988,WI,Green,ignore,Dukakis,420,1000
11/08/1988,WI,Green,ignore,Bush,580,1000
11/08/1988,AZ,Graham,ignore,Dukakis,420,1000
11/08/1988,AZ,Graham,ignore,Bush,580,1000
11/08/1988,AR,Pope,ignore,Dukakis,420,1000
11/08/1988,AR,Pope,ignore,Bush,580,1000
11/08/1988,OR,Clackamas,ignore,Dukakis,530,1000
11/08/1988,OR,Clackamas,ignore,Bush,470,1000
11/08/1988,KS,Graham,ignore,Dukakis,420,1000
11/08/1988,KS,Graham,ignore,Bush,580,1000
11/08/1988,KS,Jewell,ignore,Dukakis,420,1000
11/08/1988,KS,Jewell,ignore,Bush,580,1000
11/08/1988,MN,Lake_of_the_Woods,ignore,Dukakis,420,1000
11/08/1988,MN,Lake_of_the_Woods,ignore,Bush,580,1000
11/08/1988,NE,Burt,ignore,Dukakis,420,1000
11/08/1988,NE,Burt,ignore,Bush,580,1000
11/08/1988,AR,Sebastian,ignore,Dukakis,420,1000
11/08/1988,AR,Sebastian,ignore,Bush,580,1000
11/08/1988,CO,Dolores,ignore,Dukakis,510,1000
11/08/1988,CO,Dolores,ignore,Bush,490,1000
11/08/1988,GA,Columbia,ignore,Dukakis,420,1000
11/08/1988,GA,Columbia,ignore,Bush,580,1000
11/08/1988,ID,Cassia,ignore,Dukakis,420,1000
11/08/1988,ID,Cassia,ignore,Bush,580,1000
11/08/1988,IN,Clark,ignore,Dukakis,420,1000
11/08/1988,IN,Clark,ignore,Bush,580,1000
11/08/1988,WV,Pocahontas,ignore,Dukakis,420,1000
11/08/1988,WV,Pocahontas,ignore,Bush,580,1000
11/08/1988,IN,Randolph,ignore,Dukakis,420,1000
11/08/1988,IN,Randolph,ignore,Bush,580,1000
11/08/1988,WV,Raleigh,ignore,Dukakis,420,1000
11/08/1988,WV,Raleigh,ignore,Bush,580,1000
11/08/1988,WV,Wyoming,ignore,Dukakis,420,1000
11/08/1988,WV,Wyoming,ignore,Bush,580,1000
11/08/1988,CA,Mariposa,ignore,Dukakis,420,1000
11/08/1988,CA,Mariposa,ignore,Bush,580,1000
11/08/1988,CO,Weld,ignore,Dukakis,420,1000
11/08/1988,CO,Weld,ignore,Bush,580,1000
11/08/1988,IA,Humboldt,ignore,Dukakis,420,1000
11/08/1988,IA,Humboldt,ignore,Bush,580,1000
11/08/1988,KS,Shawnee,ignore,Dukakis,470,1000
11/08/1988,KS,Shawnee,ignore,Bush,530,1000
11/08/1988,KY,Washington,ignore,Dukakis,420,1000
11/08/1988,KY,Washington,ignore,Bush,580,1000
11/08/1988,MI,Oscoda,ignore,Dukakis,420,1000
11/08/1988,MI,Oscoda,ignore,Bush,580,1000
11/08/1988,NE,Hamilton,ignore,Dukakis,420,1000
11/08/1988,NE,Hamilton,ignore,Bush,580,1000
11/08/1988,WI,Clark,ignore,Dukakis,420,1000
11/08/1988,WI,Clark,ignore,Bush,580,1000
11/08/1988,MT,Carter,ignore,Dukakis,420,1000
11/08/1988,MT,Carter,ignore,Bush,580,1000
11/08/1988,KS,Ottawa,ignore,Dukakis,420,1000
11/08/1988,KS,Ottawa,ignore,Bush,580,1000
11/08/1988,KS,Republic,ignore,Dukakis,420,1000
11/08/1988,KS,Republic,ignore,Bush,580,1000
11/08/1988,NE,Dixon,ignore,Dukakis,420,1000
11/08/1988,NE,Dixon,ignore,Bush,580,1000
11/08/1988,MN,Redwood,ignore,Dukakis,420,1000
11/08/1988,MN,Redwood,ignore,Bush,580,1000
11/08/1988,WI,Douglas,ignore,Dukakis,530,1000
11/08/1988,WI,Douglas,ignore,Bush,470,1000
11/08/1988,KS,Marshall,ignore,Dukakis,420,1000
11/08/1988,KS,Marshall,ignore,Bush,580,1000
11/08/1988,LA,East_Carroll,ignore,Dukakis,580,1000
11/08/1988,LA,East_Carroll,ignore,Bush,420,1000
11/08/1988,MD,Somerset,ignore,Dukakis,420,1000
11/08/1988,MD,Somerset,ignore,Bush,580,1000
11/08/1988,NM,Santa_Fe,ignore,Dukakis,580,1000
11/08/1988,NM,Santa_Fe,ignore,Bush,420,1000
11/08/1988,AR,Craighead,ignore,Dukakis,420,1000
11/08/1988,AR,Craighead,ignore,Bush,580,1000
11/08/1988,FL,Pasco,ignore,Dukakis,470,1000
11/08/1988,FL,Pasco,ignore,Bush,530,1000
11/08/1988,GA,Echols,ignore,Dukakis,420,1000
11/08/1988,GA,Echols,ignore,Bush,580,1000
11/08/1988,IN,Dearborn,ignore,Dukakis,420,1000
11/08/1988,IN,Dearborn,ignore,Bush,580,1000
11/08/1988,IA,Allamakee,ignore,Dukakis,530,1000
11/08/1988,IA,Allamakee,ignore,Bush,470,1000
11/08/1988,NC,Washington,ignore,Dukakis,580,1000
11/08/1988,NC,Washington,ignore,Bush,420,1000
11/08/1988,OH,Stark,ignore,Dukakis,420,1000
11/08/1988,OH,Stark,ignore,Bush,580,1000
11/08/1988,OK,Ottawa,ignore,Dukakis,420,1000
11/08/1988,OK,Ottawa,ignore,Bush,580,1000
11/08/1988,PA,Clearfield,ignore,Dukakis,420,1000
11/08/1988,PA,Clearfield,ignore,Bush,580,1000
11/08/1988,TN,Gibson,ignore,Dukakis,420,1000
11/08/1988,TN,Gibson,ignore,Bush,580,1000
11/08/1988,TN,Robertson,ignore,Dukakis,420,1000
11/08/1988,TN,Robertson,ignore,Bush,580,1000
11/08/1988,KY,Caldwell,ignore,Dukakis,420,1000
11/08/1988,KY,Caldwell,ignore,Bush,580,1000
11/08/1988,AR,Fulton,ignore,Dukakis,420,1000
11/08/1988,AR,Fulton,ignore,Bush,580,1000
11/08/1988,LA,Catahoula,ignore,Dukakis,420,1000
11/08/1988,LA,Catahoula,ignore,Bush,580,1000
11/08/1988,LA,Franklin,ignore,Dukakis,420,1000
11/08/1988,LA,Franklin,ignore,Bush,580,1000
11/08/1988,GA,Macon,ignore,Dukakis,580,1000
11/08/1988,GA,Macon,ignore,Bush,420,1000
11/08/1988,MN,Winona,ignore,Dukakis,490,1000
11/08/1988,MN,Winona,ignore,Bush,510,1000
11/08/1988,NC,Martin,ignore,Dukakis,580,1000
11/08/1988,NC,Martin,ignore,Bush,420,1000
11/08/1988,OH,Adams,ignore,Dukakis,420,1000
11/08/1988,OH,Adams,ignore,Bush,580,1000
11/08/1988,NJ,Cape_May,ignore,Dukakis,420,1000
11/08/1988,NJ,Cape_May,ignore,Bush,580,1000
11/08/1988,NE,Saunders,ignore,Dukakis,420,1000
11/08/1988,NE,Saunders,ignore,Bush,580,1000
11/08/1988,GA,McDuffie,ignore,Dukakis,470,1000
11/08/1988,GA,McDuffie,ignore,Bush,530,1000
11/08/1988,GA,Laurens,ignore,Dukakis,420,1000
11/08/1988,GA,Laurens,ignore,Bush,580,1000
11/08/1988,OR,Umatilla,ignore,Dukakis,420,1000
11/08/1988,OR,Umatilla,ignore,Bush,580,1000
11/08/1988,GA,Dawson,ignore,Dukakis,420,1000
11/08/1988,GA,Dawson,ignore,Bush,580,1000
11/08/1988,GA,Jefferson,ignore,Dukakis,510,1000
11/08/1988,GA,Jefferson,ignore,Bush,490,1000
11/08/1988,AK,Juneau,ignore,Dukakis,530,1000
11/08/1988,AK,Juneau,ignore,Bush,470,1000
11/08/1988,OK,Kay,ignore,Dukakis,420,1000
11/08/1988,OK,Kay,ignore,Bush,580,1000
11/08/1988,NY,Warren,ignore,Dukakis,470,1000
11/08/1988,NY,Warren,ignore,Bush,530,1000
11/08/1988,NY,Saratoga,ignore,Dukakis,490,1000
11/08/1988,NY,Saratoga,ignore,Bush,510,1000
11/08/1988,LA,St_John_the_Baptist,ignore,Dukakis,580,1000
11/08/1988,LA,St_John_the_Baptist,ignore,Bush,420,1000
11/08/1988,TX,Hopkins,ignore,Dukakis,420,1000
11/08/1988,TX,Hopkins,ignore,Bush,580,1000
11/08/1988,NV,Churchill,ignore,Dukakis,420,1000
11/08/1988,NV,Churchill,ignore,Bush,580,1000
11/08/1988,TX,Williamson,ignore,Dukakis,420,1000
11/08/1988,TX,Williamson,ignore,Bush,580,1000
11/08/1988,WY,Weston,ignore,Dukakis,420,1000
11/08/1988,WY,Weston,ignore,Bush,580,1000
11/08/1988,CA,Humboldt,ignore,Dukakis,530,1000
11/08/1988,CA,Humboldt,ignore,Bush,470,1000
11/08/1988,NJ,Somerset,ignore,Dukakis,510,1000
11/08/1988,NJ,Somerset,ignore,Bush,490,1000
11/08/1988,TX,Hamilton,ignore,Dukakis,420,1000
11/08/1988,TX,Hamilton,ignore,Bush,580,1000
11/08/1988,TX,Hardeman,ignore,Dukakis,420,1000
11/08/1988,TX,Hardeman,ignore,Bush,580,1000
11/08/1988,AK,Aleutians_West,ignore,Dukakis,420,1000
11/08/1988,AK,Aleutians_West,ignore,Bush,580,1000
11/08/1988,IL,Tazewell,ignore,Dukakis,470,1000
11/08/1988,IL,Tazewell,ignore,Bush,530,1000
11/08/1988,CO,Yuma,ignore,Dukakis,420,1000
11/08/1988,CO,Yuma,ignore,Bush,580,1000
11/08/1988,IA,Sac,ignore,Dukakis,420,1000
11/08/1988,IA,Sac,ignore,Bush,580,1000
11/08/1988,IA,Sioux,ignore,Dukakis,420,1000
11/08/1988,IA,Sioux,ignore,Bush,580,1000
11/08/1988,TX,Coleman,ignore,Dukakis,420,1000
11/08/1988,TX,Coleman,ignore,Bush,580,1000
11/08/1988,GA,Bartow,ignore,Dukakis,420,1000
11/08/1988,GA,Bartow,ignore,Bush,580,1000
11/08/1988,OK,Osage,ignore,Dukakis,420,1000
11/08/1988,OK,Osage,ignore,Bush,580,1000
11/08/1988,NY,Albany,ignore,Dukakis,580,1000
11/08/1988,NY,Albany,ignore,Bush,420,1000
11/08/1988,MS,Jefferson,ignore,Dukakis,580,1000
11/08/1988,MS,Jefferson,ignore,Bush,420,1000
11/08/1988,TN,Lincoln,ignore,Dukakis,420,1000
11/08/1988,TN,Lincoln,ignore,Bush,580,1000
11/08/1988,VA,Madison,ignore,Dukakis,420,1000
11/08/1988,VA,Madison,ignore,Bush,580,1000
11/08/1988,OK,Atoka,ignore,Dukakis,420,1000
11/08/1988,OK,Atoka,ignore,Bush,580,1000
11/08/1988,IA,Dallas,ignore,Dukakis,470,1000
11/08/1988,IA,Dallas,ignore,Bush,530,1000
11/08/1988,AK,Fairbanks_North_Star,ignore,Dukakis,420,1000
11/08/1988,AK,Fairbanks_North_Star,ignore,Bush,580,1000
11/08/1988,ND,Pembina,ignore,Dukakis,420,1000
11/08/1988,ND,Pembina,ignore,Bush,580,1000
11/08/1988,AR,Izard,ignore,Dukakis,420,1000
11/08/1988,AR,Izard,ignore,Bush,580,1000
11/08/1988,VA,Alexandria,ignore,Dukakis,580,1000
11/08/1988,VA,Alexandria,ignore,Bush,420,1000
11/08/1988,VA,Buena_Vista,ignore,Dukakis,420,1000
11/08/1988,VA,Buena_Vista,ignore,Bush,580,1000
11/08/1988,IA,Polk,ignore,Dukakis,530,1000
11/08/1988,IA,Polk,ignore,Bush,470,1000
11/08/1988,FL,Polk,ignore,Dukakis,470,1000
11/08/1988,FL,Polk,ignore,Bush,530,1000
11/08/1988,GA,Early,ignore,Dukakis,470,1000
11/08/1988,GA,Early,ignore,Bush,530,1000
11/08/1988,TX,Terrell,ignore,Dukakis,420,1000
11/08/1988,TX,Terrell,ignore,Bush,580,1000
11/08/1988,IL,Wayne,ignore,Dukakis,420,1000
11/08/1988,IL,Wayne,ignore,Bush,580,1000
11/08/1988,FL,Sumter,ignore,Dukakis,420,1000
11/08/1988,FL,Sumter,ignore,Bush,580,1000
11/08/1988,TX,Burleson,ignore,Dukakis,420,1000
11/08/1988,TX,Burleson,ignore,Bush,580,1000
11/08/1988,VA,Fauquier,ignore,Dukakis,420,1000
11/08/1988,VA,Fauquier,ignore,Bush,580,1000
11/08/1988,NY,Washington,ignore,Dukakis,420,1000
11/08/1988,NY,Washington,ignore,Bush,580,1000
11/08/1988,TX,Waller,ignore,Dukakis,420,1000
11/08/1988,TX,Waller,ignore,Bush,580,1000
11/08/1988,MI,Cass,ignore,Dukakis,420,1000
11/08/1988,MI,Cass,ignore,Bush,580,1000
11/08/1988,ID,Caribou,ignore,Dukakis,420,1000
11/08/1988,ID,Caribou,ignore,Bush,580,1000
11/08/1988,FL,Sarasota,ignore,Dukakis,490,1000
11/08/1988,FL,Sarasota,ignore,Bush,510,1000
11/08/1988,GA,Emanuel,ignore,Dukakis,420,1000
11/08/1988,GA,Emanuel,ignore,Bush,580,1000
11/08/1988,GA,Talbot,ignore,Dukakis,580,1000
11/08/1988,GA,Talbot,ignore,Bush,420,1000
11/08/1988,PA,York,ignore,Dukakis,420,1000
11/08/1988,PA,York,ignore,Bush,580,1000
11/08/1988,NE,Dodge,ignore,Dukakis,420,1000
11/08/1988,NE,Dodge,ignore,Bush,580,1000
11/08/1988,NC,Granville,ignore,Dukakis,420,1000
11/08/1988,NC,Granville,ignore,Bush,580,1000
11/08/1988,PA,Allegheny,ignore,Dukakis,580,1000
11/08/1988,PA,Allegheny,ignore,Bush,420,1000
11/08/1988,CA,Trinity,ignore,Dukakis,490,1000
11/08/1988,CA,Trinity,ignore,Bush,510,1000
11/08/1988,IL,Hardin,ignore,Dukakis,420,1000
11/08/1988,IL,Hardin,ignore,Bush,580,1000
11/08/1988,GA,Lumpkin,ignore,Dukakis,420,1000
11/08/1988,GA,Lumpkin,ignore,Bush,580,1000
11/08/1988,OK,Johnston,ignore,Dukakis,420,1000
11/08/1988,OK,Johnston,ignore,Bush,580,1000
11/08/1988,TX,Montgomery,ignore,Dukakis,420,1000
11/08/1988,TX,Montgomery,ignore,Bush,580,1000
11/08/1988,OK,McIntosh,ignore,Dukakis,420,1000
11/08/1988,OK,McIntosh,ignore,Bush,580,1000
11/08/1988,OK,Marshall,ignore,Dukakis,420,1000
11/08/1988,OK,Marshall,ignore,Bush,580,1000
11/08/1988,TX,Robertson,ignore,Dukakis,420,1000
11/08/1988,TX,Robertson,ignore,Bush,580,1000
11/08/1988,WI,Sauk,ignore,Dukakis,510,1000
11/08/1988,WI,Sauk,ignore,Bush,490,1000
11/08/1988,AR,Prairie,ignore,Dukakis,420,1000
11/08/1988,AR,Prairie,ignore,Bush,580,1000
11/08/1988,WI,Milwaukee,ignore,Dukakis,580,1000
11/08/1988,WI,Milwaukee,ignore,Bush,420,1000
11/08/1988,WI,Jackson,ignore,Dukakis,420,1000
11/08/1988,WI,Jackson,ignore,Bush,580,1000
11/08/1988,WI,Oconto,ignore,Dukakis,420,1000
11/08/1988,WI,Oconto,ignore,Bush,580,1000
11/08/1988,AK,Denali,ignore,Dukakis,420,1000
11/08/1988,AK,Denali,ignore,Bush,580,1000
11/08/1988,WI,Vilas,ignore,Dukakis,420,1000
11/08/1988,WI,Vilas,ignore,Bush,580,1000
11/08/1988,CA,Inyo,ignore,Dukakis,470,1000
11/08/1988,CA,Inyo,ignore,Bush,530,1000
11/08/1988,NC,Iredell,ignore,Dukakis,420,1000
11/08/1988,NC,Iredell,ignore,Bush,580,1000
11/08/1988,AR,Pulaski,ignore,Dukakis,530,1000
11/08/1988,AR,Pulaski,ignore,Bush,470,1000
11/08/1988,MO,Vernon,ignore,Dukakis,420,1000
11/08/1988,MO,Vernon,ignore,Bush,580,1000
11/08/1988,IL,Carroll,ignore,Dukakis,420,1000
11/08/1988,IL,Carroll,ignore,Bush,580,1000
11/08/1988,GA,Hart,ignore,Dukakis,420,1000
11/08/1988,GA,Hart,ignore,Bush,580,1000
11/08/1988,IL,Adams,ignore,Dukakis,420,1000
11/08/1988,IL,Adams,ignore,Bush,580,1000
11/08/1988,TX,Tyler,ignore,Dukakis,420,1000
11/08/1988,TX,Tyler,ignore,Bush,580,1000
11/08/1988,GA,Lamar,ignore,Dukakis,420,1000
11/08/1988,GA,Lamar,ignore,Bush,580,1000
11/08/1988,TX,Polk,ignore,Dukakis,420,1000
11/08/1988,TX,Polk,ignore,Bush,580,1000
11/08/1988,CA,Sacramento,ignore,Dukakis,580,1000
11/08/1988,CA,Sacramento,ignore,Bush,420,1000
11/08/1988,OK,Pushmataha,ignore,Dukakis,420,1000
11/08/1988,OK,Pushmataha,ignore,Bush,580,1000
11/08/1988,VA,Greene,ignore,Dukakis,420,1000
11/08/1988,VA,Greene,ignore,Bush,580,1000
11/08/1988,OH,Belmont,ignore,Dukakis,420,1000
11/08/1988,OH,Belmont,ignore,Bush,580,1000
11/08/1988,WI,Washburn,ignore,Dukakis,420,1000
11/08/1988,WI,Washburn,ignore,Bush,580,1000
11/08/1988,AR,Ouachita,ignore,Dukakis,470,1000
11/08/1988,AR,Ouachita,ignore,Bush,530,1000
11/08/1988,SC,Colleton,ignore,Dukakis,470,1000
11/08/1988,SC,Colleton,ignore,Bush,530,1000
11/08/1988,PA,Butler,ignore,Dukakis,420,1000
11/08/1988,PA,Butler,ignore,Bush,580,1000
11/08/1988,AR,Sevier,ignore,Dukakis,420,1000
11/08/1988,AR,Sevier,ignore,Bush,580,1000
11/08/1988,OH,Lorain,ignore,Dukakis,503,1000
11/08/1988,OH,Lorain,ignore,Bush,497,1000
11/08/1988,LA,St_Mary,ignore,Dukakis,420,1000
11/08/1988,LA,St_Mary,ignore,Bush,580,1000
11/08/1988,MO,Pike,ignore,Dukakis,420,1000
11/08/1988,MO,Pike,ignore,Bush,580,1000
11/08/1988,OK,Craig,ignore,Dukakis,420,1000
11/08/1988,OK,Craig,ignore,Bush,580,1000
11/08/1988,KS,Sedgwick,ignore,Dukakis,420,1000
11/08/1988,KS,Sedgwick,ignore,Bush,580,1000
11/08/1988,IN,Jasper,ignore,Dukakis,420,1000
11/08/1988,IN,Jasper,ignore,Bush,580,1000
11/08/1988,CA,Napa,ignore,Dukakis,580,1000
11/08/1988,CA,Napa,ignore,Bush,420,1000
11/08/1988,TX,Loving,ignore,Dukakis,420,1000
11/08/1988,TX,Loving,ignore,Bush,580,1000
11/08/1988,MO,Johnson,ignore,Dukakis,420,1000
11/08/1988,MO,Johnson,ignore,Bush,580,1000
11/08/1988,CO,Broomfield,ignore,Dukakis,530,1000
11/08/1988,CO,Broomfield,ignore,Bush,470,1000
11/08/1988,VA,Page,ignore,Dukakis,420,1000
11/08/1988,VA,Page,ignore,Bush,580,1000
11/08/1988,WV,Mason,ignore,Dukakis,420,1000
11/08/1988,WV,Mason,ignore,Bush,580,1000
11/08/1988,AL,Winston,ignore,Dukakis,420,1000
11/08/1988,AL,Winston,ignore,Bush,580,1000
11/08/1988,AL,Perry,ignore,Dukakis,420,1000
11/08/1988,AL,Perry,ignore,Bush,580,1000
11/08/1988,OH,Meigs,ignore,Dukakis,420,1000
11/08/1988,OH,Meigs,ignore,Bush,580,1000
11/08/1988,SD,Buffalo,ignore,Dukakis,420,1000
11/08/1988,SD,Buffalo,ignore,Bush,580,1000
11/08/1988,SD,Mellette,ignore,Dukakis,420,1000
11/08/1988,SD,Mellette,ignore,Bush,580,1000
11/08/1988,NY,Chautauqua,ignore,Dukakis,420,1000
11/08/1988,NY,Chautauqua,ignore,Bush,580,1000
11/08/1988,SD,Oglala_Lakota,ignore,Dukakis,580,1000
11/08/1988,SD,Oglala_Lakota,ignore,Bush,420,1000
11/08/1988,DC,District_of_Columbia,ignore,Dukakis,580,1000
11/08/1988,DC,District_of_Columbia,ignore,Bush,420,1000
11/08/1988,10,New_Castle,ignore,Dukakis,580,1000
11/08/1988,10,New_Castle,ignore,Bush,420,1000
11/08/1988,CO,Denver,ignore,Dukakis,580,1000
11/08/1988,CO,Denver,ignore,Bush,420,1000
11/08/1988,NJ,Morris,ignore,Dukakis,470,1000
11/08/1988,NJ,Morris,ignore,Bush,530,1000
11/08/1988,AL,Hale,ignore,Dukakis,420,1000
11/08/1988,AL,Hale,ignore,Bush,580,1000
11/08/1988,OH,Washington,ignore,Dukakis,420,1000
11/08/1988,OH,Washington,ignore,Bush,580,1000
11/08/1988,WV,Calhoun,ignore,Dukakis,420,1000
11/08/1988,WV,Calhoun,ignore,Bush,580,1000
11/08/1988,PA,Crawford,ignore,Dukakis,420,1000
11/08/1988,PA,Crawford,ignore,Bush,580,1000
11/08/1988,SD,Todd,ignore,Dukakis,420,1000
11/08/1988,SD,Todd,ignore,Bush,580,1000
11/08/1988,MT,Dawson,ignore,Dukakis,420,1000
11/08/1988,MT,Dawson,ignore,Bush,580,1000
11/08/1988,TX,Montague,ignore,Dukakis,420,1000
11/08/1988,TX,Montague,ignore,Bush,580,1000
11/08/1988,MT,Richland,ignore,Dukakis,420,1000
11/08/1988,MT,Richland,ignore,Bush,580,1000
11/08/1988,TX,Gray,ignore,Dukakis,420,1000
11/08/1988,TX,Gray,ignore,Bush,580,1000
11/08/1988,AR,Greene,ignore,Dukakis,470,1000
11/08/1988,AR,Greene,ignore,Bush,530,1000
11/08/1988,GA,Appling,ignore,Dukakis,420,1000
11/08/1988,GA,Appling,ignore,Bush,580,1000
11/08/1988,AL,Elmore,ignore,Dukakis,420,1000
11/08/1988,AL,Elmore,ignore,Bush,580,1000
11/08/1988,GA,Coweta,ignore,Dukakis,420,1000
11/08/1988,GA,Coweta,ignore,Bush,580,1000
11/08/1988,IN,Elkhart,ignore,Dukakis,420,1000
11/08/1988,IN,Elkhart,ignore,Bush,580,1000
11/08/1988,NC,Yadkin,ignore,Dukakis,420,1000
11/08/1988,NC,Yadkin,ignore,Bush,580,1000
11/08/1988,AL,Chilton,ignore,Dukakis,420,1000
11/08/1988,AL,Chilton,ignore,Bush,580,1000
11/08/1988,OH,Wood,ignore,Dukakis,470,1000
11/08/1988,OH,Wood,ignore,Bush,530,1000
11/08/1988,NY,Westchester,ignore,Dukakis,580,1000
11/08/1988,NY,Westchester,ignore,Bush,420,1000
11/08/1988,LA,Orleans,ignore,Dukakis,580,1000
11/08/1988,LA,Orleans,ignore,Bush,420,1000
11/08/1988,WV,Mineral,ignore,Dukakis,420,1000
11/08/1988,WV,Mineral,ignore,Bush,580,1000
11/08/1988,AL,Walker,ignore,Dukakis,420,1000
11/08/1988,AL,Walker,ignore,Bush,580,1000
11/08/1988,WV,Monongalia,ignore,Dukakis,470,1000
11/08/1988,WV,Monongalia,ignore,Bush,530,1000
11/08/1988,WV,Pleasants,ignore,Dukakis,420,1000
11/08/1988,WV,Pleasants,ignore,Bush,580,1000
11/08/1988,NY,Rensselaer,ignore,Dukakis,470,1000
11/08/1988,NY,Rensselaer,ignore,Bush,530,1000
11/08/1988,NC,Cleveland,ignore,Dukakis,420,1000
11/08/1988,NC,Cleveland,ignore,Bush,580,1000
11/08/1988,NC,Gaston,ignore,Dukakis,420,1000
11/08/1988,NC,Gaston,ignore,Bush,580,1000
11/08/1988,NJ,Cumberland,ignore,Dukakis,530,1000
11/08/1988,NJ,Cumberland,ignore,Bush,470,1000
11/08/1988,CO,Eagle,ignore,Dukakis,530,1000
11/08/1988,CO,Eagle,ignore,Bush,470,1000
11/08/1988,TX,Jack,ignore,Dukakis,420,1000
11/08/1988,TX,Jack,ignore,Bush,580,1000
11/08/1988,AL,Coosa,ignore,Dukakis,420,1000
11/08/1988,AL,Coosa,ignore,Bush,580,1000
11/08/1988,FL,St_Lucie,ignore,Dukakis,510,1000
11/08/1988,FL,St_Lucie,ignore,Bush,490,1000
11/08/1988,AL,Henry,ignore,Dukakis,420,1000
11/08/1988,AL,Henry,ignore,Bush,580,1000
11/08/1988,CA,Santa_Cruz,ignore,Dukakis,580,1000
11/08/1988,CA,Santa_Cruz,ignore,Bush,420,1000
11/08/1988,KS,Labette,ignore,Dukakis,420,1000
11/08/1988,KS,Labette,ignore,Bush,580,1000
11/08/1988,GA,Baldwin,ignore,Dukakis,510,1000
11/08/1988,GA,Baldwin,ignore,Bush,490,1000
11/08/1988,LA,St_Bernard,ignore,Dukakis,420,1000
11/08/1988,LA,St_Bernard,ignore,Bush,580,1000
11/08/1988,VA,Suffolk,ignore,Dukakis,530,1000
11/08/1988,VA,Suffolk,ignore,Bush,470,1000
11/08/1988,CO,Jefferson,ignore,Dukakis,470,1000
11/08/1988,CO,Jefferson,ignore,Bush,530,1000
11/08/1988,WV,Pendleton,ignore,Dukakis,420,1000
11/08/1988,WV,Pendleton,ignore,Bush,580,1000
11/08/1988,VA,Tazewell,ignore,Dukakis,420,1000
11/08/1988,VA,Tazewell,ignore,Bush,580,1000
11/08/1988,MO,Clark,ignore,Dukakis,420,1000
11/08/1988,MO,Clark,ignore,Bush,580,1000
11/08/1988,NJ,Salem,ignore,Dukakis,420,1000
11/08/1988,NJ,Salem,ignore,Bush,580,1000
11/08/1988,PA,Warren,ignore,Dukakis,420,1000
11/08/1988,PA,Warren,ignore,Bush,580,1000
11/08/1988,ND,Grand_Forks,ignore,Dukakis,420,1000
11/08/1988,ND,Grand_Forks,ignore,Bush,580,1000
11/08/1988,OK,Delaware,ignore,Dukakis,420,1000
11/08/1988,OK,Delaware,ignore,Bush,580,1000
11/08/1988,CO,Hinsdale,ignore,Dukakis,420,1000
11/08/1988,CO,Hinsdale,ignore,Bush,580,1000
11/08/1988,AL,Macon,ignore,Dukakis,420,1000
11/08/1988,AL,Macon,ignore,Bush,580,1000
11/08/1988,VA,Carroll,ignore,Dukakis,420,1000
11/08/1988,VA,Carroll,ignore,Bush,580,1000
11/08/1988,CA,Placer,ignore,Dukakis,420,1000
11/08/1988,CA,Placer,ignore,Bush,580,1000
11/08/1988,OH,Medina,ignore,Dukakis,420,1000
11/08/1988,OH,Medina,ignore,Bush,580,1000
11/08/1988,OK,Cotton,ignore,Dukakis,420,1000
11/08/1988,OK,Cotton,ignore,Bush,580,1000
11/08/1988,OK,Jackson,ignore,Dukakis,420,1000
11/08/1988,OK,Jackson,ignore,Bush,580,1000
11/08/1988,LA,Ouachita,ignore,Dukakis,420,1000
11/08/1988,LA,Ouachita,ignore,Bush,580,1000
11/08/1988,CO,El_Paso,ignore,Dukakis,420,1000
11/08/1988,CO,El_Paso,ignore,Bush,580,1000
11/08/1988,WV,Ritchie,ignore,Dukakis,420,1000
11/08/1988,WV,Ritchie,ignore,Bush,580,1000
11/08/1988,VA,Floyd,ignore,Dukakis,420,1000
11/08/1988,VA,Floyd,ignore,Bush,580,1000
11/08/1988,MT,Fallon,ignore,Dukakis,420,1000
11/08/1988,MT,Fallon,ignore,Bush,580,1000
11/08/1988,MT,Prairie,ignore,Dukakis,420,1000
11/08/1988,MT,Prairie,ignore,Bush,580,1000
11/08/1988,TX,Brown,ignore,Dukakis,420,1000
11/08/1988,TX,Brown,ignore,Bush,580,1000
11/08/1988,TX,Ector,ignore,Dukakis,420,1000
11/08/1988,TX,Ector,ignore,Bush,580,1000
11/08/1988,UT,Emery,ignore,Dukakis,420,1000
11/08/1988,UT,Emery,ignore,Bush,580,1000
11/08/1988,NY,Richmond,ignore,Dukakis,530,1000
11/08/1988,NY,Richmond,ignore,Bush,470,1000
11/08/1988,NC,Dare,ignore,Dukakis,510,1000
11/08/1988,NC,Dare,ignore,Bush,490,1000
11/08/1988,NE,Butler,ignore,Dukakis,420,1000
11/08/1988,NE,Butler,ignore,Bush,580,1000
11/08/1988,TX,Lamar,ignore,Dukakis,420,1000
11/08/1988,TX,Lamar,ignore,Bush,580,1000
11/08/1988,KS,Dickinson,ignore,Dukakis,420,1000
11/08/1988,KS,Dickinson,ignore,Bush,580,1000
11/08/1988,ID,Jerome,ignore,Dukakis,420,1000
11/08/1988,ID,Jerome,ignore,Bush,580,1000
11/08/1988,OH,Mercer,ignore,Dukakis,420,1000
11/08/1988,OH,Mercer,ignore,Bush,580,1000
11/08/1988,IL,Livingston,ignore,Dukakis,420,1000
11/08/1988,IL,Livingston,ignore,Bush,580,1000
11/08/1988,IA,Dubuque,ignore,Dukakis,510,1000
11/08/1988,IA,Dubuque,ignore,Bush,490,1000
11/08/1988,ID,Madison,ignore,Dukakis,420,1000
11/08/1988,ID,Madison,ignore,Bush,580,1000
11/08/1988,LA,Plaquemines,ignore,Dukakis,420,1000
11/08/1988,LA,Plaquemines,ignore,Bush,580,1000
11/08/1988,LA,Pointe_Coupee,ignore,Dukakis,470,1000
11/08/1988,LA,Pointe_Coupee,ignore,Bush,530,1000
11/08/1988,MT,Missoula,ignore,Dukakis,530,1000
11/08/1988,MT,Missoula,ignore,Bush,470,1000
11/08/1988,UT,Grand,ignore,Dukakis,420,1000
11/08/1988,UT,Grand,ignore,Bush,580,1000
11/08/1988,TX,Bexar,ignore,Dukakis,510,1000
11/08/1988,TX,Bexar,ignore,Bush,490,1000
11/08/1988,HI,Honolulu,ignore,Dukakis,530,1000
11/08/1988,HI,Honolulu,ignore,Bush,470,1000
11/08/1988,GA,Oglethorpe,ignore,Dukakis,420,1000
11/08/1988,GA,Oglethorpe,ignore,Bush,580,1000
11/08/1988,GA,Peach,ignore,Dukakis,530,1000
11/08/1988,GA,Peach,ignore,Bush,470,1000
11/08/1988,OH,Clinton,ignore,Dukakis,420,1000
11/08/1988,OH,Clinton,ignore,Bush,580,1000
11/08/1988,GA,Randolph,ignore,Dukakis,530,1000
11/08/1988,GA,Randolph,ignore,Bush,470,1000
11/08/1988,GA,Jasper,ignore,Dukakis,420,1000
11/08/1988,GA,Jasper,ignore,Bush,580,1000
11/08/1988,TX,Jackson,ignore,Dukakis,420,1000
11/08/1988,TX,Jackson,ignore,Bush,580,1000
11/08/1988,GA,Troup,ignore,Dukakis,420,1000
11/08/1988,GA,Troup,ignore,Bush,580,1000
11/08/1988,GA,Brantley,ignore,Dukakis,420,1000
11/08/1988,GA,Brantley,ignore,Bush,580,1000
11/08/1988,GA,Bryan,ignore,Dukakis,420,1000
11/08/1988,GA,Bryan,ignore,Bush,580,1000
11/08/1988,TX,Leon,ignore,Dukakis,420,1000
11/08/1988,TX,Leon,ignore,Bush,580,1000
11/08/1988,CA,Merced,ignore,Dukakis,470,1000
11/08/1988,CA,Merced,ignore,Bush,530,1000
11/08/1988,FL,Martin,ignore,Dukakis,420,1000
11/08/1988,FL,Martin,ignore,Bush,580,1000
11/08/1988,TX,Ward,ignore,Dukakis,420,1000
11/08/1988,TX,Ward,ignore,Bush,580,1000
11/08/1988,TX,Wichita,ignore,Dukakis,420,1000
11/08/1988,TX,Wichita,ignore,Bush,580,1000
11/08/1988,NY,Cayuga,ignore,Dukakis,470,1000
11/08/1988,NY,Cayuga,ignore,Bush,530,1000
11/08/1988,NC,Hertford,ignore,Dukakis,580,1000
11/08/1988,NC,Hertford,ignore,Bush,420,1000
11/08/1988,CO,Park,ignore,Dukakis,420,1000
11/08/1988,CO,Park,ignore,Bush,580,1000
11/08/1988,CO,Teller,ignore,Dukakis,420,1000
11/08/1988,CO,Teller,ignore,Bush,580,1000
11/08/1988,UT,Sevier,ignore,Dukakis,420,1000
11/08/1988,UT,Sevier,ignore,Bush,580,1000
11/08/1988,UT,Tooele,ignore,Dukakis,420,1000
11/08/1988,UT,Tooele,ignore,Bush,580,1000
11/08/1988,TX,Maverick,ignore,Dukakis,420,1000
11/08/1988,TX,Maverick,ignore,Bush,580,1000
11/08/1988,FL,Suwannee,ignore,Dukakis,420,1000
11/08/1988,FL,Suwannee,ignore,Bush,580,1000
11/08/1988,UT,Wasatch,ignore,Dukakis,420,1000
11/08/1988,UT,Wasatch,ignore,Bush,580,1000
11/08/1988,OR,Malheur,ignore,Dukakis,420,1000
11/08/1988,OR,Malheur,ignore,Bush,580,1000
11/08/1988,GA,Fayette,ignore,Dukakis,420,1000
11/08/1988,GA,Fayette,ignore,Bush,580,1000
11/08/1988,KY,Floyd,ignore,Dukakis,420,1000
11/08/1988,KY,Floyd,ignore,Bush,580,1000
11/08/1988,CO,Logan,ignore,Dukakis,420,1000
11/08/1988,CO,Logan,ignore,Bush,580,1000
11/08/1988,OH,Montgomery,ignore,Dukakis,490,1000
11/08/1988,OH,Montgomery,ignore,Bush,510,1000
11/08/1988,CO,Mesa,ignore,Dukakis,420,1000
11/08/1988,CO,Mesa,ignore,Bush,580,1000
11/08/1988,IA,Howard,ignore,Dukakis,497,1000
11/08/1988,IA,Howard,ignore,Bush,503,1000
11/08/1988,IL,Menard,ignore,Dukakis,420,1000
11/08/1988,IL,Menard,ignore,Bush,580,1000
11/08/1988,TX,Mills,ignore,Dukakis,420,1000
11/08/1988,TX,Mills,ignore,Bush,580,1000
11/08/1988,IL,Monroe,ignore,Dukakis,490,1000
11/08/1988,IL,Monroe,ignore,Bush,510,1000
11/08/1988,OR,Douglas,ignore,Dukakis,420,1000
11/08/1988,OR,Douglas,ignore,Bush,580,1000
11/08/1988,WI,Crawford,ignore,Dukakis,420,1000
11/08/1988,WI,Crawford,ignore,Bush,580,1000
11/08/1988,TX,Haskell,ignore,Dukakis,420,1000
11/08/1988,TX,Haskell,ignore,Bush,580,1000
11/08/1988,OK,Logan,ignore,Dukakis,420,1000
11/08/1988,OK,Logan,ignore,Bush,580,1000
11/08/1988,WA,Grays_Harbor,ignore,Dukakis,510,1000
11/08/1988,WA,Grays_Harbor,ignore,Bush,490,1000
11/08/1988,WA,Lincoln,ignore,Dukakis,420,1000
11/08/1988,WA,Lincoln,ignore,Bush,580,1000
11/08/1988,WA,Okanogan,ignore,Dukakis,420,1000
11/08/1988,WA,Okanogan,ignore,Bush,580,1000
11/08/1988,IA,Monona,ignore,Dukakis,420,1000
11/08/1988,IA,Monona,ignore,Bush,580,1000
11/08/1988,GA,Taliaferro,ignore,Dukakis,580,1000
11/08/1988,GA,Taliaferro,ignore,Bush,420,1000
11/08/1988,OK,Greer,ignore,Dukakis,420,1000
11/08/1988,OK,Greer,ignore,Bush,580,1000
11/08/1988,GA,Terrell,ignore,Dukakis,510,1000
11/08/1988,GA,Terrell,ignore,Bush,490,1000
11/08/1988,MD,Queen_Anne_s,ignore,Dukakis,420,1000
11/08/1988,MD,Queen_Anne_s,ignore,Bush,580,1000
11/08/1988,OH,Noble,ignore,Dukakis,420,1000
11/08/1988,OH,Noble,ignore,Bush,580,1000
11/08/1988,CO,Prowers,ignore,Dukakis,420,1000
11/08/1988,CO,Prowers,ignore,Bush,580,1000
11/08/1988,ID,Latah,ignore,Dukakis,470,1000
11/08/1988,ID,Latah,ignore,Bush,530,1000
11/08/1988,VA,Gloucester,ignore,Dukakis,420,1000
11/08/1988,VA,Gloucester,ignore,Bush,580,1000
11/08/1988,CO,Rio_Blanco,ignore,Dukakis,420,1000
11/08/1988,CO,Rio_Blanco,ignore,Bush,580,1000
11/08/1988,TX,Pecos,ignore,Dukakis,420,1000
11/08/1988,TX,Pecos,ignore,Bush,580,1000
11/08/1988,IA,Marion,ignore,Dukakis,420,1000
11/08/1988,IA,Marion,ignore,Bush,580,1000
11/08/1988,OH,Preble,ignore,Dukakis,420,1000
11/08/1988,OH,Preble,ignore,Bush,580,1000
11/08/1988,GA,Rabun,ignore,Dukakis,420,1000
11/08/1988,GA,Rabun,ignore,Bush,580,1000
11/08/1988,MO,Taney,ignore,Dukakis,420,1000
11/08/1988,MO,Taney,ignore,Bush,580,1000
11/08/1988,TX,Marion,ignore,Dukakis,420,1000
11/08/1988,TX,Marion,ignore,Bush,580,1000
11/08/1988,AR,Washington,ignore,Dukakis,470,1000
11/08/1988,AR,Washington,ignore,Bush,530,1000
11/08/1988,WA,Skagit,ignore,Dukakis,510,1000
11/08/1988,WA,Skagit,ignore,Bush,490,1000
11/08/1988,WA,Stevens,ignore,Dukakis,420,1000
11/08/1988,WA,Stevens,ignore,Bush,580,1000
11/08/1988,TX,Matagorda,ignore,Dukakis,420,1000
11/08/1988,TX,Matagorda,ignore,Bush,580,1000
11/08/1988,MA,Hampshire,ignore,Dukakis,580,1000
11/08/1988,MA,Hampshire,ignore,Bush,420,1000
11/08/1988,OK,Mayes,ignore,Dukakis,420,1000
11/08/1988,OK,Mayes,ignore,Bush,580,1000
11/08/1988,FL,Lake,ignore,Dukakis,420,1000
11/08/1988,FL,Lake,ignore,Bush,580,1000
11/08/1988,10,Kent,ignore,Dukakis,490,1000
11/08/1988,10,Kent,ignore,Bush,510,1000
11/08/1988,OH,Highland,ignore,Dukakis,420,1000
11/08/1988,OH,Highland,ignore,Bush,580,1000
11/08/1988,GA,Clarke,ignore,Dukakis,580,1000
11/08/1988,GA,Clarke,ignore,Bush,420,1000
11/08/1988,IA,Osceola,ignore,Dukakis,420,1000
11/08/1988,IA,Osceola,ignore,Bush,580,1000
11/08/1988,CO,San_Juan,ignore,Dukakis,580,1000
11/08/1988,CO,San_Juan,ignore,Bush,420,1000
11/08/1988,IA,Plymouth,ignore,Dukakis,420,1000
11/08/1988,IA,Plymouth,ignore,Bush,580,1000
11/08/1988,VA,Hanover,ignore,Dukakis,420,1000
11/08/1988,VA,Hanover,ignore,Bush,580,1000
11/08/1988,IA,Mills,ignore,Dukakis,420,1000
11/08/1988,IA,Mills,ignore,Bush,580,1000
11/08/1988,SC,Oconee,ignore,Dukakis,420,1000
11/08/1988,SC,Oconee,ignore,Bush,580,1000
11/08/1988,AR,Crawford,ignore,Dukakis,420,1000
11/08/1988,AR,Crawford,ignore,Bush,580,1000
11/08/1988,TX,Harrison,ignore,Dukakis,420,1000
11/08/1988,TX,Harrison,ignore,Bush,580,1000
11/08/1988,NY,Herkimer,ignore,Dukakis,420,1000
11/08/1988,NY,Herkimer,ignore,Bush,580,1000
11/08/1988,WA,Whatcom,ignore,Dukakis,530,1000
11/08/1988,WA,Whatcom,ignore,Bush,470,1000
11/08/1988,GA,Whitfield,ignore,Dukakis,420,1000
11/08/1988,GA,Whitfield,ignore,Bush,580,1000
11/08/1988,WA,Douglas,ignore,Dukakis,420,1000
11/08/1988,WA,Douglas,ignore,Bush,580,1000
11/08/1988,GA,Clinch,ignore,Dukakis,420,1000
11/08/1988,GA,Clinch,ignore,Bush,580,1000
11/08/1988,ID,Adams,ignore,Dukakis,420,1000
11/08/1988,ID,Adams,ignore,Bush,580,1000
11/08/1988,TX,Hockley,ignore,Dukakis,420,1000
11/08/1988,TX,Hockley,ignore,Bush,580,1000
11/08/1988,IL,Pulaski,ignore,Dukakis,470,1000
11/08/1988,IL,Pulaski,ignore,Bush,530,1000
11/08/1988,GA,Chattahoochee,ignore,Dukakis,490,1000
11/08/1988,GA,Chattahoochee,ignore,Bush,510,1000
11/08/1988,AR,Randolph,ignore,Dukakis,420,1000
11/08/1988,AR,Randolph,ignore,Bush,580,1000
11/08/1988,AR,White,ignore,Dukakis,420,1000
11/08/1988,AR,White,ignore,Bush,580,1000
11/08/1988,MO,Howard,ignore,Dukakis,420,1000
11/08/1988,MO,Howard,ignore,Bush,580,1000
11/08/1988,TX,Knox,ignore,Dukakis,420,1000
11/08/1988,TX,Knox,ignore,Bush,580,1000
11/08/1988,NJ,Passaic,ignore,Dukakis,530,1000
11/08/1988,NJ,Passaic,ignore,Bush,470,1000
11/08/1988,MT,Broadwater,ignore,Dukakis,420,1000
11/08/1988,MT,Broadwater,ignore,Bush,580,1000
11/08/1988,GA,Jones,ignore,Dukakis,420,1000
11/08/1988,GA,Jones,ignore,Bush,580,1000
11/08/1988,NY,Otsego,ignore,Dukakis,470,1000
11/08/1988,NY,Otsego,ignore,Bush,530,1000
11/08/1988,TX,Franklin,ignore,Dukakis,420,1000
11/08/1988,TX,Franklin,ignore,Bush,580,1000
11/08/1988,OK,Garvin,ignore,Dukakis,420,1000
11/08/1988,OK,Garvin,ignore,Bush,580,1000
11/08/1988,NY,Hamilton,ignore,Dukakis,420,1000
11/08/1988,NY,Hamilton,ignore,Bush,580,1000
11/08/1988,PA,Pike,ignore,Dukakis,470,1000
11/08/1988,PA,Pike,ignore,Bush,530,1000
11/08/1988,VT,Orleans,ignore,Dukakis,510,1000
11/08/1988,VT,Orleans,ignore,Bush,490,1000
11/08/1988,GA,Colquitt,ignore,Dukakis,420,1000
11/08/1988,GA,Colquitt,ignore,Bush,580,1000
11/08/1988,VT,Chittenden,ignore,Dukakis,580,1000
11/08/1988,VT,Chittenden,ignore,Bush,420,1000
11/08/1988,MT,Pondera,ignore,Dukakis,420,1000
11/08/1988,MT,Pondera,ignore,Bush,580,1000
11/08/1988,WI,Columbia,ignore,Dukakis,470,1000
11/08/1988,WI,Columbia,ignore,Bush,530,1000
11/08/1988,NE,Thurston,ignore,Dukakis,470,1000
11/08/1988,NE,Thurston,ignore,Bush,530,1000
11/08/1988,AR,Woodruff,ignore,Dukakis,530,1000
11/08/1988,AR,Woodruff,ignore,Bush,470,1000
11/08/1988,OK,Okfuskee,ignore,Dukakis,420,1000
11/08/1988,OK,Okfuskee,ignore,Bush,580,1000
11/08/1988,TX,San_Patricio,ignore,Dukakis,420,1000
11/08/1988,TX,San_Patricio,ignore,Bush,580,1000
11/08/1988,MS,Rankin,ignore,Dukakis,420,1000
11/08/1988,MS,Rankin,ignore,Bush,580,1000
11/08/1988,NM,Curry,ignore,Dukakis,420,1000
11/08/1988,NM,Curry,ignore,Bush,580,1000
11/08/1988,MS,Leflore,ignore,Dukakis,510,1000
11/08/1988,MS,Leflore,ignore,Bush,490,1000
11/08/1988,TX,Hardin,ignore,Dukakis,420,1000
11/08/1988,TX,Hardin,ignore,Bush,580,1000
11/08/1988,VA,Nelson,ignore,Dukakis,470,1000
11/08/1988,VA,Nelson,ignore,Bush,530,1000
11/08/1988,TN,Jackson,ignore,Dukakis,420,1000
11/08/1988,TN,Jackson,ignore,Bush,580,1000
11/08/1988,TX,Refugio,ignore,Dukakis,420,1000
11/08/1988,TX,Refugio,ignore,Bush,580,1000
11/08/1988,FL,Columbia,ignore,Dukakis,420,1000
11/08/1988,FL,Columbia,ignore,Bush,580,1000
11/08/1988,KS,Atchison,ignore,Dukakis,420,1000
11/08/1988,KS,Atchison,ignore,Bush,580,1000
11/08/1988,AL,Jefferson,ignore,Dukakis,420,1000
11/08/1988,AL,Jefferson,ignore,Bush,580,1000
11/08/1988,TX,Houston,ignore,Dukakis,420,1000
11/08/1988,TX,Houston,ignore,Bush,580,1000
11/08/1988,WV,Marshall,ignore,Dukakis,420,1000
11/08/1988,WV,Marshall,ignore,Bush,580,1000
11/08/1988,VA,Pulaski,ignore,Dukakis,420,1000
11/08/1988,VA,Pulaski,ignore,Bush,580,1000
11/08/1988,MO,DeKalb,ignore,Dukakis,420,1000
11/08/1988,MO,DeKalb,ignore,Bush,580,1000
11/08/1988,GA,Harris,ignore,Dukakis,420,1000
11/08/1988,GA,Harris,ignore,Bush,580,1000
11/08/1988,GA,Houston,ignore,Dukakis,470,1000
11/08/1988,GA,Houston,ignore,Bush,530,1000
11/08/1988,CO,Custer,ignore,Dukakis,490,1000
11/08/1988,CO,Custer,ignore,Bush,510,1000
11/08/1988,MO,Reynolds,ignore,Dukakis,420,1000
11/08/1988,MO,Reynolds,ignore,Bush,580,1000
11/08/1988,TX,San_Saba,ignore,Dukakis,420,1000
11/08/1988,TX,San_Saba,ignore,Bush,580,1000
11/08/1988,CO,Fremont,ignore,Dukakis,420,1000
11/08/1988,CO,Fremont,ignore,Bush,580,1000
11/08/1988,TX,Webb,ignore,Dukakis,420,1000
11/08/1988,TX,Webb,ignore,Bush,580,1000
11/08/1988,KY,Pulaski,ignore,Dukakis,420,1000
11/08/1988,KY,Pulaski,ignore,Bush,580,1000
11/08/1988,KS,Thomas,ignore,Dukakis,420,1000
11/08/1988,KS,Thomas,ignore,Bush,580,1000
11/08/1988,UT,Box_Elder,ignore,Dukakis,420,1000
11/08/1988,UT,Box_Elder,ignore,Bush,580,1000
11/08/1988,TN,Marion,ignore,Dukakis,420,1000
11/08/1988,TN,Marion,ignore,Bush,580,1000
11/08/1988,MN,Chisago,ignore,Dukakis,420,1000
11/08/1988,MN,Chisago,ignore,Bush,580,1000
11/08/1988,NC,Transylvania,ignore,Dukakis,420,1000
11/08/1988,NC,Transylvania,ignore,Bush,580,1000
11/08/1988,MT,Treasure,ignore,Dukakis,420,1000
11/08/1988,MT,Treasure,ignore,Bush,580,1000
11/08/1988,WA,Thurston,ignore,Dukakis,580,1000
11/08/1988,WA,Thurston,ignore,Bush,420,1000
11/08/1988,MI,Barry,ignore,Dukakis,420,1000
11/08/1988,MI,Barry,ignore,Bush,580,1000
11/08/1988,UT,Juab,ignore,Dukakis,420,1000
11/08/1988,UT,Juab,ignore,Bush,580,1000
11/08/1988,VA,King_William,ignore,Dukakis,420,1000
11/08/1988,VA,King_William,ignore,Bush,580,1000
11/08/1988,GA,Catoosa,ignore,Dukakis,420,1000
11/08/1988,GA,Catoosa,ignore,Bush,580,1000
11/08/1988,NJ,Bergen,ignore,Dukakis,510,1000
11/08/1988,NJ,Bergen,ignore,Bush,490,1000
11/08/1988,TX,Wilbarger,ignore,Dukakis,420,1000
11/08/1988,TX,Wilbarger,ignore,Bush,580,1000
11/08/1988,OR,Coos,ignore,Dukakis,420,1000
11/08/1988,OR,Coos,ignore,Bush,580,1000
11/08/1988,AZ,Yuma,ignore,Dukakis,420,1000
11/08/1988,AZ,Yuma,ignore,Bush,580,1000
11/08/1988,IL,Rock_Island,ignore,Dukakis,580,1000
11/08/1988,IL,Rock_Island,ignore,Bush,420,1000
11/08/1988,KY,Fleming,ignore,Dukakis,420,1000
11/08/1988,KY,Fleming,ignore,Bush,580,1000
11/08/1988,WI,Menominee,ignore,Dukakis,490,1000
11/08/1988,WI,Menominee,ignore,Bush,510,1000
11/08/1988,OK,Ellis,ignore,Dukakis,420,1000
11/08/1988,OK,Ellis,ignore,Bush,580,1000
11/08/1988,VA,Alleghany,ignore,Dukakis,420,1000
11/08/1988,VA,Alleghany,ignore,Bush,580,1000
11/08/1988,SD,Charles_Mix,ignore,Dukakis,420,1000
11/08/1988,SD,Charles_Mix,ignore,Bush,580,1000
11/08/1988,TN,Hardeman,ignore,Dukakis,420,1000
11/08/1988,TN,Hardeman,ignore,Bush,580,1000
11/08/1988,MT,Glacier,ignore,Dukakis,580,1000
11/08/1988,MT,Glacier,ignore,Bush,420,1000
11/08/1988,MT,Park,ignore,Dukakis,420,1000
11/08/1988,MT,Park,ignore,Bush,580,1000
11/08/1988,GA,Elbert,ignore,Dukakis,420,1000
11/08/1988,GA,Elbert,ignore,Bush,580,1000
11/08/1988,MT,Sanders,ignore,Dukakis,420,1000
11/08/1988,MT,Sanders,ignore,Bush,580,1000
11/08/1988,TX,Van_Zandt,ignore,Dukakis,420,1000
11/08/1988,TX,Van_Zandt,ignore,Bush,580,1000
11/08/1988,NE,Gage,ignore,Dukakis,420,1000
11/08/1988,NE,Gage,ignore,Bush,580,1000
11/08/1988,LA,St_Landry,ignore,Dukakis,420,1000
11/08/1988,LA,St_Landry,ignore,Bush,580,1000
11/08/1988,ME,Knox,ignore,Dukakis,580,1000
11/08/1988,ME,Knox,ignore,Bush,420,1000
11/08/1988,NV,Lyon,ignore,Dukakis,420,1000
11/08/1988,NV,Lyon,ignore,Bush,580,1000
11/08/1988,AL,Colbert,ignore,Dukakis,420,1000
11/08/1988,AL,Colbert,ignore,Bush,580,1000
11/08/1988,LA,Lincoln,ignore,Dukakis,420,1000
11/08/1988,LA,Lincoln,ignore,Bush,580,1000
11/08/1988,CA,El_Dorado,ignore,Dukakis,420,1000
11/08/1988,CA,El_Dorado,ignore,Bush,580,1000
11/08/1988,ID,Shoshone,ignore,Dukakis,470,1000
11/08/1988,ID,Shoshone,ignore,Bush,530,1000
11/08/1988,TN,Wilson,ignore,Dukakis,420,1000
11/08/1988,TN,Wilson,ignore,Bush,580,1000
11/08/1988,ND,Mercer,ignore,Dukakis,420,1000
11/08/1988,ND,Mercer,ignore,Bush,580,1000
11/08/1988,TN,Unicoi,ignore,Dukakis,420,1000
11/08/1988,TN,Unicoi,ignore,Bush,580,1000
11/08/1988,WY,Goshen,ignore,Dukakis,420,1000
11/08/1988,WY,Goshen,ignore,Bush,580,1000
11/08/1988,MN,Nicollet,ignore,Dukakis,497,1000
11/08/1988,MN,Nicollet,ignore,Bush,503,1000
11/08/1988,WA,Garfield,ignore,Dukakis,420,1000
11/08/1988,WA,Garfield,ignore,Bush,580,1000
11/08/1988,MO,Cape_Girardeau,ignore,Dukakis,420,1000
11/08/1988,MO,Cape_Girardeau,ignore,Bush,580,1000
11/08/1988,OK,Pawnee,ignore,Dukakis,420,1000
11/08/1988,OK,Pawnee,ignore,Bush,580,1000
11/08/1988,NC,Swain,ignore,Dukakis,420,1000
11/08/1988,NC,Swain,ignore,Bush,580,1000
11/08/1988,VA,Culpeper,ignore,Dukakis,420,1000
11/08/1988,VA,Culpeper,ignore,Bush,580,1000
11/08/1988,NY,Tioga,ignore,Dukakis,470,1000
11/08/1988,NY,Tioga,ignore,Bush,530,1000
11/08/1988,NC,Jackson,ignore,Dukakis,470,1000
11/08/1988,NC,Jackson,ignore,Bush,530,1000
11/08/1988,TX,Bosque,ignore,Dukakis,420,1000
11/08/1988,TX,Bosque,ignore,Bush,580,1000
11/08/1988,IL,Pope,ignore,Dukakis,420,1000
11/08/1988,IL,Pope,ignore,Bush,580,1000
11/08/1988,IA,Buchanan,ignore,Dukakis,470,1000
11/08/1988,IA,Buchanan,ignore,Bush,530,1000
11/08/1988,TN,Fentress,ignore,Dukakis,420,1000
11/08/1988,TN,Fentress,ignore,Bush,580,1000
11/08/1988,IL,Sangamon,ignore,Dukakis,490,1000
11/08/1988,IL,Sangamon,ignore,Bush,510,1000
11/08/1988,KS,Franklin,ignore,Dukakis,420,1000
11/08/1988,KS,Franklin,ignore,Bush,580,1000
11/08/1988,OR,Jackson,ignore,Dukakis,470,1000
11/08/1988,OR,Jackson,ignore,Bush,530,1000
11/08/1988,ID,Fremont,ignore,Dukakis,420,1000
11/08/1988,ID,Fremont,ignore,Bush,580,1000
11/08/1988,NE,Holt,ignore,Dukakis,420,1000
11/08/1988,NE,Holt,ignore,Bush,580,1000
11/08/1988,MO,Jackson,ignore,Dukakis,580,1000
11/08/1988,MO,Jackson,ignore,Bush,420,1000
11/08/1988,VA,King_George,ignore,Dukakis,420,1000
11/08/1988,VA,King_George,ignore,Bush,580,1000
11/08/1988,TX,Caldwell,ignore,Dukakis,420,1000
11/08/1988,TX,Caldwell,ignore,Bush,580,1000
11/08/1988,VA,Lancaster,ignore,Dukakis,470,1000
11/08/1988,VA,Lancaster,ignore,Bush,530,1000
11/08/1988,MO,Chariton,ignore,Dukakis,420,1000
11/08/1988,MO,Chariton,ignore,Bush,580,1000
11/08/1988,MT,Cascade,ignore,Dukakis,420,1000
11/08/1988,MT,Cascade,ignore,Bush,580,1000
11/08/1988,VA,Mathews,ignore,Dukakis,420,1000
11/08/1988,VA,Mathews,ignore,Bush,580,1000
11/08/1988,OK,Bryan,ignore,Dukakis,420,1000
11/08/1988,OK,Bryan,ignore,Bush,580,1000
11/08/1988,TX,Washington,ignore,Dukakis,420,1000
11/08/1988,TX,Washington,ignore,Bush,580,1000
11/08/1988,OH,Gallia,ignore,Dukakis,420,1000
11/08/1988,OH,Gallia,ignore,Bush,580,1000
11/08/1988,TN,Hamilton,ignore,Dukakis,420,1000
11/08/1988,TN,Hamilton,ignore,Bush,580,1000
11/08/1988,NE,Sheridan,ignore,Dukakis,420,1000
11/08/1988,NE,Sheridan,ignore,Bush,580,1000
11/08/1988,IL,Jo_Daviess,ignore,Dukakis,470,1000
11/08/1988,IL,Jo_Daviess,ignore,Bush,530,1000
11/08/1988,SD,Corson,ignore,Dukakis,420,1000
11/08/1988,SD,Corson,ignore,Bush,580,1000
11/08/1988,MO,Lafayette,ignore,Dukakis,420,1000
11/08/1988,MO,Lafayette,ignore,Bush,580,1000
11/08/1988,PA,Montgomery,ignore,Dukakis,580,1000
11/08/1988,PA,Montgomery,ignore,Bush,420,1000
11/08/1988,MD,Prince_George_s,ignore,Dukakis,580,1000
11/08/1988,MD,Prince_George_s,ignore,Bush,420,1000
11/08/1988,VA,Middlesex,ignore,Dukakis,420,1000
11/08/1988,VA,Middlesex,ignore,Bush,580,1000
11/08/1988,ID,Owyhee,ignore,Dukakis,420,1000
11/08/1988,ID,Owyhee,ignore,Bush,580,1000
11/08/1988,KS,Doniphan,ignore,Dukakis,420,1000
11/08/1988,KS,Doniphan,ignore,Bush,580,1000
11/08/1988,NC,Graham,ignore,Dukakis,420,1000
11/08/1988,NC,Graham,ignore,Bush,580,1000
11/08/1988,AL,Lamar,ignore,Dukakis,420,1000
11/08/1988,AL,Lamar,ignore,Bush,580,1000
11/08/1988,GA,Coffee,ignore,Dukakis,420,1000
11/08/1988,GA,Coffee,ignore,Bush,580,1000
11/08/1988,CO,Ouray,ignore,Dukakis,470,1000
11/08/1988,CO,Ouray,ignore,Bush,530,1000
11/08/1988,NC,Henderson,ignore,Dukakis,470,1000
11/08/1988,NC,Henderson,ignore,Bush,530,1000
11/08/1988,ID,Elmore,ignore,Dukakis,420,1000
11/08/1988,ID,Elmore,ignore,Bush,580,1000
11/08/1988,ID,Jefferson,ignore,Dukakis,420,1000
11/08/1988,ID,Jefferson,ignore,Bush,580,1000
11/08/1988,IN,Lake,ignore,Dukakis,530,1000
11/08/1988,IN,Lake,ignore,Bush,470,1000
11/08/1988,PA,Lycoming,ignore,Dukakis,420,1000
11/08/1988,PA,Lycoming,ignore,Bush,580,1000
11/08/1988,NJ,Hunterdon,ignore,Dukakis,420,1000
11/08/1988,NJ,Hunterdon,ignore,Bush,580,1000
11/08/1988,VA,Smyth,ignore,Dukakis,420,1000
11/08/1988,VA,Smyth,ignore,Bush,580,1000
11/08/1988,VA,Spotsylvania,ignore,Dukakis,470,1000
11/08/1988,VA,Spotsylvania,ignore,Bush,530,1000
11/08/1988,NE,Sarpy,ignore,Dukakis,420,1000
11/08/1988,NE,Sarpy,ignore,Bush,580,1000
11/08/1988,OK,Harmon,ignore,Dukakis,420,1000
11/08/1988,OK,Harmon,ignore,Bush,580,1000
11/08/1988,GA,Toombs,ignore,Dukakis,420,1000
11/08/1988,GA,Toombs,ignore,Bush,580,1000
11/08/1988,KS,Harper,ignore,Dukakis,420,1000
11/08/1988,KS,Harper,ignore,Bush,580,1000
11/08/1988,AL,Shelby,ignore,Dukakis,420,1000
11/08/1988,AL,Shelby,ignore,Bush,580,1000
11/08/1988,AR,Calhoun,ignore,Dukakis,420,1000
11/08/1988,AR,Calhoun,ignore,Bush,580,1000
11/08/1988,NY,Columbia,ignore,Dukakis,530,1000
11/08/1988,NY,Columbia,ignore,Bush,470,1000
11/08/1988,GA,Warren,ignore,Dukakis,580,1000
11/08/1988,GA,Warren,ignore,Bush,420,1000
11/08/1988,OR,Linn,ignore,Dukakis,420,1000
11/08/1988,OR,Linn,ignore,Bush,580,1000
11/08/1988,SD,Gregory,ignore,Dukakis,420,1000
11/08/1988,SD,Gregory,ignore,Bush,580,1000
11/08/1988,TX,San_Jacinto,ignore,Dukakis,420,1000
11/08/1988,TX,San_Jacinto,ignore,Bush,580,1000
11/08/1988,IL,Calhoun,ignore,Dukakis,420,1000
11/08/1988,IL,Calhoun,ignore,Bush,580,1000
11/08/1988,FL,Brevard,ignore,Dukakis,470,1000
11/08/1988,FL,Brevard,ignore,Bush,530,1000
11/08/1988,NE,Scotts_Bluff,ignore,Dukakis,420,1000
11/08/1988,NE,Scotts_Bluff,ignore,Bush,580,1000
11/08/1988,ND,Nelson,ignore,Dukakis,470,1000
11/08/1988,ND,Nelson,ignore,Bush,530,1000
11/08/1988,ME,Androscoggin,ignore,Dukakis,530,1000
11/08/1988,ME,Androscoggin,ignore,Bush,470,1000
11/08/1988,TX,Wise,ignore,Dukakis,420,1000
11/08/1988,TX,Wise,ignore,Bush,580,1000
11/08/1988,TN,Rutherford,ignore,Dukakis,420,1000
11/08/1988,TN,Rutherford,ignore,Bush,580,1000
11/08/1988,MI,Houghton,ignore,Dukakis,420,1000
11/08/1988,MI,Houghton,ignore,Bush,580,1000
11/08/1988,KY,Leslie,ignore,Dukakis,420,1000
11/08/1988,KY,Leslie,ignore,Bush,580,1000
11/08/1988,NC,Harnett,ignore,Dukakis,420,1000
11/08/1988,NC,Harnett,ignore,Bush,580,1000
11/08/1988,KY,Perry,ignore,Dukakis,420,1000
11/08/1988,KY,Perry,ignore,Bush,580,1000
11/08/1988,IL,DuPage,ignore,Dukakis,530,1000
11/08/1988,IL,DuPage,ignore,Bush,470,1000
11/08/1988,MN,Anoka,ignore,Dukakis,470,1000
11/08/1988,MN,Anoka,ignore,Bush,530,1000
11/08/1988,CA,Butte,ignore,Dukakis,490,1000
11/08/1988,CA,Butte,ignore,Bush,510,1000
11/08/1988,MN,Stearns,ignore,Dukakis,420,1000
11/08/1988,MN,Stearns,ignore,Bush,580,1000
11/08/1988,MN,Sherburne,ignore,Dukakis,420,1000
11/08/1988,MN,Sherburne,ignore,Bush,580,1000
11/08/1988,MO,Jasper,ignore,Dukakis,420,1000
11/08/1988,MO,Jasper,ignore,Bush,580,1000
11/08/1988,GA,Wayne,ignore,Dukakis,420,1000
11/08/1988,GA,Wayne,ignore,Bush,580,1000
11/08/1988,MD,Frederick,ignore,Dukakis,470,1000
11/08/1988,MD,Frederick,ignore,Bush,530,1000
11/08/1988,AL,Dallas,ignore,Dukakis,420,1000
11/08/1988,AL,Dallas,ignore,Bush,580,1000
11/08/1988,MI,Genesee,ignore,Dukakis,530,1000
11/08/1988,MI,Genesee,ignore,Bush,470,1000
11/08/1988,NC,Hoke,ignore,Dukakis,530,1000
11/08/1988,NC,Hoke,ignore,Bush,470,1000
11/08/1988,VA,Campbell,ignore,Dukakis,420,1000
11/08/1988,VA,Campbell,ignore,Bush,580,1000
11/08/1988,MN,Jackson,ignore,Dukakis,420,1000
11/08/1988,MN,Jackson,ignore,Bush,580,1000
11/08/1988,MI,St_Joseph,ignore,Dukakis,420,1000
11/08/1988,MI,St_Joseph,ignore,Bush,580,1000
11/08/1988,KY,Bath,ignore,Dukakis,420,1000
11/08/1988,KY,Bath,ignore,Bush,580,1000
11/08/1988,SD,Brookings,ignore,Dukakis,470,1000
11/08/1988,SD,Brookings,ignore,Bush,530,1000
11/08/1988,TN,Cocke,ignore,Dukakis,420,1000
11/08/1988,TN,Cocke,ignore,Bush,580,1000
11/08/1988,SD,Minnehaha,ignore,Dukakis,420,1000
11/08/1988,SD,Minnehaha,ignore,Bush,580,1000
11/08/1988,SC,Abbeville,ignore,Dukakis,420,1000
11/08/1988,SC,Abbeville,ignore,Bush,580,1000
11/08/1988,SC,Aiken,ignore,Dukakis,420,1000
11/08/1988,SC,Aiken,ignore,Bush,580,1000
11/08/1988,TN,Dickson,ignore,Dukakis,420,1000
11/08/1988,TN,Dickson,ignore,Bush,580,1000
11/08/1988,SC,Edgefield,ignore,Dukakis,420,1000
11/08/1988,SC,Edgefield,ignore,Bush,580,1000
11/08/1988,MN,Lac_qui_Parle,ignore,Dukakis,470,1000
11/08/1988,MN,Lac_qui_Parle,ignore,Bush,530,1000
11/08/1988,MT,Powell,ignore,Dukakis,420,1000
11/08/1988,MT,Powell,ignore,Bush,580,1000
11/08/1988,OR,Union,ignore,Dukakis,420,1000
11/08/1988,OR,Union,ignore,Bush,580,1000
11/08/1988,AK,Dillingham,ignore,Dukakis,420,1000
11/08/1988,AK,Dillingham,ignore,Bush,580,1000
11/08/1988,IN,Jefferson,ignore,Dukakis,420,1000
11/08/1988,IN,Jefferson,ignore,Bush,580,1000
11/08/1988,MS,Coahoma,ignore,Dukakis,580,1000
11/08/1988,MS,Coahoma,ignore,Bush,420,1000
11/08/1988,NY,Orange,ignore,Dukakis,470,1000
11/08/1988,NY,Orange,ignore,Bush,530,1000
11/08/1988,WI,Iron,ignore,Dukakis,470,1000
11/08/1988,WI,Iron,ignore,Bush,530,1000
11/08/1988,KY,Franklin,ignore,Dukakis,470,1000
11/08/1988,KY,Franklin,ignore,Bush,530,1000
11/08/1988,IN,Clinton,ignore,Dukakis,420,1000
11/08/1988,IN,Clinton,ignore,Bush,580,1000
11/08/1988,LA,St_Charles,ignore,Dukakis,510,1000
11/08/1988,LA,St_Charles,ignore,Bush,490,1000
11/08/1988,NC,Greene,ignore,Dukakis,470,1000
11/08/1988,NC,Greene,ignore,Bush,530,1000
11/08/1988,TN,Lauderdale,ignore,Dukakis,420,1000
11/08/1988,TN,Lauderdale,ignore,Bush,580,1000
11/08/1988,TN,DeKalb,ignore,Dukakis,420,1000
11/08/1988,TN,DeKalb,ignore,Bush,580,1000
11/08/1988,FL,Citrus,ignore,Dukakis,420,1000
11/08/1988,FL,Citrus,ignore,Bush,580,1000
11/08/1988,SC,Greenwood,ignore,Dukakis,420,1000
11/08/1988,SC,Greenwood,ignore,Bush,580,1000
11/08/1988,TN,Perry,ignore,Dukakis,420,1000
11/08/1988,TN,Perry,ignore,Bush,580,1000
11/08/1988,WI,Sheboygan,ignore,Dukakis,420,1000
11/08/1988,WI,Sheboygan,ignore,Bush,580,1000
11/08/1988,SC,Spartanburg,ignore,Dukakis,420,1000
11/08/1988,SC,Spartanburg,ignore,Bush,580,1000
11/08/1988,MN,Renville,ignore,Dukakis,420,1000
11/08/1988,MN,Renville,ignore,Bush,580,1000
11/08/1988,MO,Cole,ignore,Dukakis,420,1000
11/08/1988,MO,Cole,ignore,Bush,580,1000
11/08/1988,WY,Fremont,ignore,Dukakis,420,1000
11/08/1988,WY,Fremont,ignore,Bush,580,1000
11/08/1988,TN,Claiborne,ignore,Dukakis,420,1000
11/08/1988,TN,Claiborne,ignore,Bush,580,1000
11/08/1988,PA,Beaver,ignore,Dukakis,420,1000
11/08/1988,PA,Beaver,ignore,Bush,580,1000
11/08/1988,PA,Erie,ignore,Dukakis,490,1000
11/08/1988,PA,Erie,ignore,Bush,510,1000
11/08/1988,NC,Wayne,ignore,Dukakis,420,1000
11/08/1988,NC,Wayne,ignore,Bush,580,1000
11/08/1988,TX,Hays,ignore,Dukakis,420,1000
11/08/1988,TX,Hays,ignore,Bush,580,1000
11/08/1988,UT,Millard,ignore,Dukakis,420,1000
11/08/1988,UT,Millard,ignore,Bush,580,1000
11/08/1988,AL,Tallapoosa,ignore,Dukakis,420,1000
11/08/1988,AL,Tallapoosa,ignore,Bush,580,1000
11/08/1988,MN,Washington,ignore,Dukakis,503,1000
11/08/1988,MN,Washington,ignore,Bush,497,1000
11/08/1988,IA,Lyon,ignore,Dukakis,420,1000
11/08/1988,IA,Lyon,ignore,Bush,580,1000
11/08/1988,NY,Chemung,ignore,Dukakis,420,1000
11/08/1988,NY,Chemung,ignore,Bush,580,1000
11/08/1988,NE,Red_Willow,ignore,Dukakis,420,1000
11/08/1988,NE,Red_Willow,ignore,Bush,580,1000
11/08/1988,WV,Hancock,ignore,Dukakis,420,1000
11/08/1988,WV,Hancock,ignore,Bush,580,1000
11/08/1988,FL,Okeechobee,ignore,Dukakis,420,1000
11/08/1988,FL,Okeechobee,ignore,Bush,580,1000
11/08/1988,NE,Hitchcock,ignore,Dukakis,420,1000
11/08/1988,NE,Hitchcock,ignore,Bush,580,1000
11/08/1988,LA,Cameron,ignore,Dukakis,420,1000
11/08/1988,LA,Cameron,ignore,Bush,580,1000
11/08/1988,OK,Love,ignore,Dukakis,420,1000
11/08/1988,OK,Love,ignore,Bush,580,1000
11/08/1988,IA,Bremer,ignore,Dukakis,420,1000
11/08/1988,IA,Bremer,ignore,Bush,580,1000
11/08/1988,ID,Butte,ignore,Dukakis,420,1000
11/08/1988,ID,Butte,ignore,Bush,580,1000
11/08/1988,AR,Lafayette,ignore,Dukakis,420,1000
11/08/1988,AR,Lafayette,ignore,Bush,580,1000
11/08/1988,SD,Stanley,ignore,Dukakis,420,1000
11/08/1988,SD,Stanley,ignore,Bush,580,1000
11/08/1988,OH,Franklin,ignore,Dukakis,580,1000
11/08/1988,OH,Franklin,ignore,Bush,420,1000
11/08/1988,MT,Fergus,ignore,Dukakis,420,1000
11/08/1988,MT,Fergus,ignore,Bush,580,1000
11/08/1988,NC,Davie,ignore,Dukakis,420,1000
11/08/1988,NC,Davie,ignore,Bush,580,1000
11/08/1988,AR,Independence,ignore,Dukakis,420,1000
11/08/1988,AR,Independence,ignore,Bush,580,1000
11/08/1988,NC,Pender,ignore,Dukakis,420,1000
11/08/1988,NC,Pender,ignore,Bush,580,1000
11/08/1988,MO,Nodaway,ignore,Dukakis,420,1000
11/08/1988,MO,Nodaway,ignore,Bush,580,1000
11/08/1988,NE,Seward,ignore,Dukakis,420,1000
11/08/1988,NE,Seward,ignore,Bush,580,1000
11/08/1988,OK,Wagoner,ignore,Dukakis,420,1000
11/08/1988,OK,Wagoner,ignore,Bush,580,1000
11/08/1988,OK,Harper,ignore,Dukakis,420,1000
11/08/1988,OK,Harper,ignore,Bush,580,1000
11/08/1988,AL,Covington,ignore,Dukakis,420,1000
11/08/1988,AL,Covington,ignore,Bush,580,1000
11/08/1988,KS,Greeley,ignore,Dukakis,420,1000
11/08/1988,KS,Greeley,ignore,Bush,580,1000
11/08/1988,MI,Arenac,ignore,Dukakis,420,1000
11/08/1988,MI,Arenac,ignore,Bush,580,1000
11/08/1988,TX,Jefferson,ignore,Dukakis,497,1000
11/08/1988,TX,Jefferson,ignore,Bush,503,1000
11/08/1988,WI,Burnett,ignore,Dukakis,420,1000
11/08/1988,WI,Burnett,ignore,Bush,580,1000
11/08/1988,IN,Floyd,ignore,Dukakis,420,1000
11/08/1988,IN,Floyd,ignore,Bush,580,1000
11/08/1988,MI,Gogebic,ignore,Dukakis,470,1000
11/08/1988,MI,Gogebic,ignore,Bush,530,1000
11/08/1988,GA,Union,ignore,Dukakis,420,1000
11/08/1988,GA,Union,ignore,Bush,580,1000
11/08/1988,NJ,Middlesex,ignore,Dukakis,530,1000
11/08/1988,NJ,Middlesex,ignore,Bush,470,1000
11/08/1988,AR,Monroe,ignore,Dukakis,470,1000
11/08/1988,AR,Monroe,ignore,Bush,530,1000
11/08/1988,MN,Pennington,ignore,Dukakis,420,1000
11/08/1988,MN,Pennington,ignore,Bush,580,1000
11/08/1988,RI,Washington,ignore,Dukakis,530,1000
11/08/1988,RI,Washington,ignore,Bush,470,1000
11/08/1988,AR,Lonoke,ignore,Dukakis,420,1000
11/08/1988,AR,Lonoke,ignore,Bush,580,1000
11/08/1988,NE,Dakota,ignore,Dukakis,420,1000
11/08/1988,NE,Dakota,ignore,Bush,580,1000
11/08/1988,AR,Little_River,ignore,Dukakis,420,1000
11/08/1988,AR,Little_River,ignore,Bush,580,1000
11/08/1988,AR,Logan,ignore,Dukakis,420,1000
11/08/1988,AR,Logan,ignore,Bush,580,1000
11/08/1988,VA,Harrisonburg,ignore,Dukakis,420,1000
11/08/1988,VA,Harrisonburg,ignore,Bush,580,1000
11/08/1988,NC,Mitchell,ignore,Dukakis,420,1000
11/08/1988,NC,Mitchell,ignore,Bush,580,1000
11/08/1988,VA,York,ignore,Dukakis,420,1000
11/08/1988,VA,York,ignore,Bush,580,1000
11/08/1988,LA,Rapides,ignore,Dukakis,420,1000
11/08/1988,LA,Rapides,ignore,Bush,580,1000
11/08/1988,KS,Gove,ignore,Dukakis,420,1000
11/08/1988,KS,Gove,ignore,Bush,580,1000
11/08/1988,VA,Powhatan,ignore,Dukakis,420,1000
11/08/1988,VA,Powhatan,ignore,Bush,580,1000
11/08/1988,AR,Sharp,ignore,Dukakis,420,1000
11/08/1988,AR,Sharp,ignore,Bush,580,1000
11/08/1988,MS,Tate,ignore,Dukakis,470,1000
11/08/1988,MS,Tate,ignore,Bush,530,1000
11/08/1988,TN,Scott,ignore,Dukakis,420,1000
11/08/1988,TN,Scott,ignore,Bush,580,1000
11/08/1988,ME,Penobscot,ignore,Dukakis,490,1000
11/08/1988,ME,Penobscot,ignore,Bush,510,1000
11/08/1988,NC,Montgomery,ignore,Dukakis,420,1000
11/08/1988,NC,Montgomery,ignore,Bush,580,1000
11/08/1988,NE,Sioux,ignore,Dukakis,420,1000
11/08/1988,NE,Sioux,ignore,Bush,580,1000
11/08/1988,WA,Columbia,ignore,Dukakis,420,1000
11/08/1988,WA,Columbia,ignore,Bush,580,1000
11/08/1988,CA,San_Francisco,ignore,Dukakis,580,1000
11/08/1988,CA,San_Francisco,ignore,Bush,420,1000
11/08/1988,MO,Platte,ignore,Dukakis,470,1000
11/08/1988,MO,Platte,ignore,Bush,530,1000
11/08/1988,ND,Traill,ignore,Dukakis,420,1000
11/08/1988,ND,Traill,ignore,Bush,580,1000
11/08/1988,NJ,Atlantic,ignore,Dukakis,530,1000
11/08/1988,NJ,Atlantic,ignore,Bush,470,1000
11/08/1988,VA,Chesterfield,ignore,Dukakis,497,1000
11/08/1988,VA,Chesterfield,ignore,Bush,503,1000
11/08/1988,IN,LaGrange,ignore,Dukakis,420,1000
11/08/1988,IN,LaGrange,ignore,Bush,580,1000
11/08/1988,CO,Garfield,ignore,Dukakis,420,1000
11/08/1988,CO,Garfield,ignore,Bush,580,1000
11/08/1988,FL,Indian_River,ignore,Dukakis,420,1000
11/08/1988,FL,Indian_River,ignore,Bush,580,1000
11/08/1988,NC,Rutherford,ignore,Dukakis,420,1000
11/08/1988,NC,Rutherford,ignore,Bush,580,1000
11/08/1988,OH,Mahoning,ignore,Dukakis,580,1000
11/08/1988,OH,Mahoning,ignore,Bush,420,1000
11/08/1988,KS,Clark,ignore,Dukakis,420,1000
11/08/1988,KS,Clark,ignore,Bush,580,1000
11/08/1988,MO,Buchanan,ignore,Dukakis,420,1000
11/08/1988,MO,Buchanan,ignore,Bush,580,1000
11/08/1988,OH,Lake,ignore,Dukakis,490,1000
11/08/1988,OH,Lake,ignore,Bush,510,1000
11/08/1988,IN,Daviess,ignore,Dukakis,420,1000
11/08/1988,IN,Daviess,ignore,Bush,580,1000
11/08/1988,IA,Muscatine,ignore,Dukakis,470,1000
11/08/1988,IA,Muscatine,ignore,Bush,530,1000
11/08/1988,NJ,Hudson,ignore,Dukakis,580,1000
11/08/1988,NJ,Hudson,ignore,Bush,420,1000
11/08/1988,CA,Plumas,ignore,Dukakis,420,1000
11/08/1988,CA,Plumas,ignore,Bush,580,1000
11/08/1988,LA,Winn,ignore,Dukakis,420,1000
11/08/1988,LA,Winn,ignore,Bush,580,1000
11/08/1988,AR,Pike,ignore,Dukakis,420,1000
11/08/1988,AR,Pike,ignore,Bush,580,1000
11/08/1988,MO,St_Charles,ignore,Dukakis,420,1000
11/08/1988,MO,St_Charles,ignore,Bush,580,1000
11/08/1988,IL,Knox,ignore,Dukakis,420,1000
11/08/1988,IL,Knox,ignore,Bush,580,1000
11/08/1988,CA,San_Mateo,ignore,Dukakis,580,1000
11/08/1988,CA,San_Mateo,ignore,Bush,420,1000
11/08/1988,AL,Crenshaw,ignore,Dukakis,420,1000
11/08/1988,AL,Crenshaw,ignore,Bush,580,1000
11/08/1988,NC,Tyrrell,ignore,Dukakis,530,1000
11/08/1988,NC,Tyrrell,ignore,Bush,470,1000
11/08/1988,KS,Johnson,ignore,Dukakis,510,1000
11/08/1988,KS,Johnson,ignore,Bush,490,1000
11/08/1988,IN,Steuben,ignore,Dukakis,420,1000
11/08/1988,IN,Steuben,ignore,Bush,580,1000
11/08/1988,CO,Kit_Carson,ignore,Dukakis,420,1000
11/08/1988,CO,Kit_Carson,ignore,Bush,580,1000
11/08/1988,FL,Palm_Beach,ignore,Dukakis,580,1000
11/08/1988,FL,Palm_Beach,ignore,Bush,420,1000
11/08/1988,IL,Marion,ignore,Dukakis,420,1000
11/08/1988,IL,Marion,ignore,Bush,580,1000
11/08/1988,CO,Moffat,ignore,Dukakis,420,1000
11/08/1988,CO,Moffat,ignore,Bush,580,1000
11/08/1988,MN,Norman,ignore,Dukakis,490,1000
11/08/1988,MN,Norman,ignore,Bush,510,1000
11/08/1988,MO,Bollinger,ignore,Dukakis,420,1000
11/08/1988,MO,Bollinger,ignore,Bush,580,1000
11/08/1988,VA,Appomattox,ignore,Dukakis,420,1000
11/08/1988,VA,Appomattox,ignore,Bush,580,1000
11/08/1988,WA,Wahkiakum,ignore,Dukakis,470,1000
11/08/1988,WA,Wahkiakum,ignore,Bush,530,1000
11/08/1988,GA,Richmond,ignore,Dukakis,580,1000
11/08/1988,GA,Richmond,ignore,Bush,420,1000
11/08/1988,NC,Orange,ignore,Dukakis,580,1000
11/08/1988,NC,Orange,ignore,Bush,420,1000
11/08/1988,PA,Armstrong,ignore,Dukakis,420,1000
11/08/1988,PA,Armstrong,ignore,Bush,580,1000
11/08/1988,TX,Henderson,ignore,Dukakis,420,1000
11/08/1988,TX,Henderson,ignore,Bush,580,1000
11/08/1988,GA,Stewart,ignore,Dukakis,580,1000
11/08/1988,GA,Stewart,ignore,Bush,420,1000
11/08/1988,KY,Hardin,ignore,Dukakis,420,1000
11/08/1988,KY,Hardin,ignore,Bush,580,1000
11/08/1988,MN,Morrison,ignore,Dukakis,420,1000
11/08/1988,MN,Morrison,ignore,Bush,580,1000
11/08/1988,IL,Mason,ignore,Dukakis,420,1000
11/08/1988,IL,Mason,ignore,Bush,580,1000
11/08/1988,TX,Red_River,ignore,Dukakis,420,1000
11/08/1988,TX,Red_River,ignore,Bush,580,1000
11/08/1988,FL,Collier,ignore,Dukakis,420,1000
11/08/1988,FL,Collier,ignore,Bush,580,1000
11/08/1988,TX,Travis,ignore,Dukakis,580,1000
11/08/1988,TX,Travis,ignore,Bush,420,1000
11/08/1988,CA,Sutter,ignore,Dukakis,420,1000
11/08/1988,CA,Sutter,ignore,Bush,580,1000
11/08/1988,CA,Lassen,ignore,Dukakis,420,1000
11/08/1988,CA,Lassen,ignore,Bush,580,1000
11/08/1988,FL,Osceola,ignore,Dukakis,530,1000
11/08/1988,FL,Osceola,ignore,Bush,470,1000
11/08/1988,ID,Teton,ignore,Dukakis,490,1000
11/08/1988,ID,Teton,ignore,Bush,510,1000
11/08/1988,CO,Rio_Grande,ignore,Dukakis,420,1000
11/08/1988,CO,Rio_Grande,ignore,Bush,580,1000
11/08/1988,MI,Delta,ignore,Dukakis,420,1000
11/08/1988,MI,Delta,ignore,Bush,580,1000
11/08/1988,NY,Queens,ignore,Dukakis,580,1000
11/08/1988,NY,Queens,ignore,Bush,420,1000
11/08/1988,OR,Curry,ignore,Dukakis,420,1000
11/08/1988,OR,Curry,ignore,Bush,580,1000
11/08/1988,VA,Essex,ignore,Dukakis,470,1000
11/08/1988,VA,Essex,ignore,Bush,530,1000
11/08/1988,OK,Tillman,ignore,Dukakis,420,1000
11/08/1988,OK,Tillman,ignore,Bush,580,1000
11/08/1988,CO,Crowley,ignore,Dukakis,420,1000
11/08/1988,CO,Crowley,ignore,Bush,580,1000
11/08/1988,CO,Pueblo,ignore,Dukakis,420,1000
11/08/1988,CO,Pueblo,ignore,Bush,580,1000
11/08/1988,CO,Las_Animas,ignore,Dukakis,510,1000
11/08/1988,CO,Las_Animas,ignore,Bush,490,1000
11/08/1988,OK,Adair,ignore,Dukakis,420,1000
11/08/1988,OK,Adair,ignore,Bush,580,1000
11/08/1988,NY,Schoharie,ignore,Dukakis,420,1000
11/08/1988,NY,Schoharie,ignore,Bush,580,1000
11/08/1988,NY,Broome,ignore,Dukakis,490,1000
11/08/1988,NY,Broome,ignore,Bush,510,1000
11/08/1988,OH,Scioto,ignore,Dukakis,420,1000
11/08/1988,OH,Scioto,ignore,Bush,580,1000
11/08/1988,OH,Seneca,ignore,Dukakis,420,1000
11/08/1988,OH,Seneca,ignore,Bush,580,1000
11/08/1988,TX,Starr,ignore,Dukakis,420,1000
11/08/1988,TX,Starr,ignore,Bush,580,1000
11/08/1988,GA,Glynn,ignore,Dukakis,420,1000
11/08/1988,GA,Glynn,ignore,Bush,580,1000
11/08/1988,GA,Hall,ignore,Dukakis,420,1000
11/08/1988,GA,Hall,ignore,Bush,580,1000
11/08/1988,TX,Brazoria,ignore,Dukakis,420,1000
11/08/1988,TX,Brazoria,ignore,Bush,580,1000
11/08/1988,PA,Northumberland,ignore,Dukakis,420,1000
11/08/1988,PA,Northumberland,ignore,Bush,580,1000
11/08/1988,MI,Washtenaw,ignore,Dukakis,470,1000
11/08/1988,MI,Washtenaw,ignore,Bush,530,1000
11/08/1988,NC,Ashe,ignore,Dukakis,420,1000
11/08/1988,NC,Ashe,ignore,Bush,580,1000
11/08/1988,VA,Russell,ignore,Dukakis,420,1000
11/08/1988,VA,Russell,ignore,Bush,580,1000
11/08/1988,NC,Bladen,ignore,Dukakis,470,1000
11/08/1988,NC,Bladen,ignore,Bush,530,1000
11/08/1988,KY,Johnson,ignore,Dukakis,420,1000
11/08/1988,KY,Johnson,ignore,Bush,580,1000
11/08/1988,NC,Robeson,ignore,Dukakis,470,1000
11/08/1988,NC,Robeson,ignore,Bush,530,1000
11/08/1988,TN,Shelby,ignore,Dukakis,580,1000
11/08/1988,TN,Shelby,ignore,Bush,420,1000
11/08/1988,MI,Iosco,ignore,Dukakis,420,1000
11/08/1988,MI,Iosco,ignore,Bush,580,1000
11/08/1988,OK,Muskogee,ignore,Dukakis,420,1000
11/08/1988,OK,Muskogee,ignore,Bush,580,1000
11/08/1988,GA,Crawford,ignore,Dukakis,420,1000
11/08/1988,GA,Crawford,ignore,Bush,580,1000
11/08/1988,VA,Virginia_Beach,ignore,Dukakis,490,1000
11/08/1988,VA,Virginia_Beach,ignore,Bush,510,1000
11/08/1988,MI,Oakland,ignore,Dukakis,530,1000
11/08/1988,MI,Oakland,ignore,Bush,470,1000
11/08/1988,MI,Saginaw,ignore,Dukakis,490,1000
11/08/1988,MI,Saginaw,ignore,Bush,510,1000
11/08/1988,TN,Greene,ignore,Dukakis,420,1000
11/08/1988,TN,Greene,ignore,Bush,580,1000
11/08/1988,PA,Carbon,ignore,Dukakis,420,1000
11/08/1988,PA,Carbon,ignore,Bush,580,1000
11/08/1988,SC,Chesterfield,ignore,Dukakis,470,1000
11/08/1988,SC,Chesterfield,ignore,Bush,530,1000
11/08/1988,TN,Sullivan,ignore,Dukakis,420,1000
11/08/1988,TN,Sullivan,ignore,Bush,580,1000
11/08/1988,NM,Roosevelt,ignore,Dukakis,420,1000
11/08/1988,NM,Roosevelt,ignore,Bush,580,1000
11/08/1988,LA,Ascension,ignore,Dukakis,470,1000
11/08/1988,LA,Ascension,ignore,Bush,530,1000
11/08/1988,GA,Berrien,ignore,Dukakis,420,1000
11/08/1988,GA,Berrien,ignore,Bush,580,1000
11/08/1988,NC,Johnston,ignore,Dukakis,420,1000
11/08/1988,NC,Johnston,ignore,Bush,580,1000
11/08/1988,KY,Lawrence,ignore,Dukakis,420,1000
11/08/1988,KY,Lawrence,ignore,Bush,580,1000
11/08/1988,PA,Fayette,ignore,Dukakis,420,1000
11/08/1988,PA,Fayette,ignore,Bush,580,1000
11/08/1988,TN,Lawrence,ignore,Dukakis,420,1000
11/08/1988,TN,Lawrence,ignore,Bush,580,1000
11/08/1988,UT,Iron,ignore,Dukakis,420,1000
11/08/1988,UT,Iron,ignore,Bush,580,1000
11/08/1988,VA,Bland,ignore,Dukakis,420,1000
11/08/1988,VA,Bland,ignore,Bush,580,1000
11/08/1988,IA,Lee,ignore,Dukakis,530,1000
11/08/1988,IA,Lee,ignore,Bush,470,1000
11/08/1988,MI,Bay,ignore,Dukakis,530,1000
11/08/1988,MI,Bay,ignore,Bush,470,1000
11/08/1988,NE,Washington,ignore,Dukakis,420,1000
11/08/1988,NE,Washington,ignore,Bush,580,1000
11/08/1988,NE,Cheyenne,ignore,Dukakis,420,1000
11/08/1988,NE,Cheyenne,ignore,Bush,580,1000
11/08/1988,SC,Hampton,ignore,Dukakis,580,1000
11/08/1988,SC,Hampton,ignore,Bush,420,1000
11/08/1988,NC,Rockingham,ignore,Dukakis,420,1000
11/08/1988,NC,Rockingham,ignore,Bush,580,1000
11/08/1988,OH,Miami,ignore,Dukakis,420,1000
11/08/1988,OH,Miami,ignore,Bush,580,1000
11/08/1988,OK,Pottawatomie,ignore,Dukakis,420,1000
11/08/1988,OK,Pottawatomie,ignore,Bush,580,1000
11/08/1988,OR,Polk,ignore,Dukakis,470,1000
11/08/1988,OR,Polk,ignore,Bush,530,1000
11/08/1988,PA,McKean,ignore,Dukakis,420,1000
11/08/1988,PA,McKean,ignore,Bush,580,1000
11/08/1988,SC,Dorchester,ignore,Dukakis,420,1000
11/08/1988,SC,Dorchester,ignore,Bush,580,1000
11/08/1988,VA,Waynesboro,ignore,Dukakis,420,1000
11/08/1988,VA,Waynesboro,ignore,Bush,580,1000
11/08/1988,WV,Mercer,ignore,Dukakis,420,1000
11/08/1988,WV,Mercer,ignore,Bush,580,1000
11/08/1988,AR,Jefferson,ignore,Dukakis,580,1000
11/08/1988,AR,Jefferson,ignore,Bush,420,1000
11/08/1988,CA,Tulare,ignore,Dukakis,420,1000
11/08/1988,CA,Tulare,ignore,Bush,580,1000
11/08/1988,ID,Bingham,ignore,Dukakis,420,1000
11/08/1988,ID,Bingham,ignore,Bush,580,1000
11/08/1988,IA,Hardin,ignore,Dukakis,420,1000
11/08/1988,IA,Hardin,ignore,Bush,580,1000
11/08/1988,VA,Chesapeake,ignore,Dukakis,490,1000
11/08/1988,VA,Chesapeake,ignore,Bush,510,1000
11/08/1988,IA,Cedar,ignore,Dukakis,420,1000
11/08/1988,IA,Cedar,ignore,Bush,580,1000
11/08/1988,AR,Chicot,ignore,Dukakis,580,1000
11/08/1988,AR,Chicot,ignore,Bush,420,1000
11/08/1988,CA,Tehama,ignore,Dukakis,420,1000
11/08/1988,CA,Tehama,ignore,Bush,580,1000
11/08/1988,MS,Madison,ignore,Dukakis,420,1000
11/08/1988,MS,Madison,ignore,Bush,580,1000
11/08/1988,UT,Garfield,ignore,Dukakis,420,1000
11/08/1988,UT,Garfield,ignore,Bush,580,1000
11/08/1988,TX,Johnson,ignore,Dukakis,420,1000
11/08/1988,TX,Johnson,ignore,Bush,580,1000
11/08/1988,MT,Judith_Basin,ignore,Dukakis,420,1000
11/08/1988,MT,Judith_Basin,ignore,Bush,580,1000
11/08/1988,WA,Benton,ignore,Dukakis,420,1000
11/08/1988,WA,Benton,ignore,Bush,580,1000
11/08/1988,WI,Wood,ignore,Dukakis,420,1000
11/08/1988,WI,Wood,ignore,Bush,580,1000
11/08/1988,NC,Hyde,ignore,Dukakis,490,1000
11/08/1988,NC,Hyde,ignore,Bush,510,1000
11/08/1988,ND,Emmons,ignore,Dukakis,420,1000
11/08/1988,ND,Emmons,ignore,Bush,580,1000
11/08/1988,TX,Gaines,ignore,Dukakis,420,1000
11/08/1988,TX,Gaines,ignore,Bush,580,1000
11/08/1988,TX,Lee,ignore,Dukakis,420,1000
11/08/1988,TX,Lee,ignore,Bush,580,1000
11/08/1988,KY,Owen,ignore,Dukakis,420,1000
11/08/1988,KY,Owen,ignore,Bush,580,1000
11/08/1988,KY,Jessamine,ignore,Dukakis,420,1000
11/08/1988,KY,Jessamine,ignore,Bush,580,1000
11/08/1988,KY,Rowan,ignore,Dukakis,420,1000
11/08/1988,KY,Rowan,ignore,Bush,580,1000
11/08/1988,MO,Miller,ignore,Dukakis,420,1000
11/08/1988,MO,Miller,ignore,Bush,580,1000
11/08/1988,NH,Carroll,ignore,Dukakis,470,1000
11/08/1988,NH,Carroll,ignore,Bush,530,1000
11/08/1988,VA,Roanoke,ignore,Dukakis,580,1000
11/08/1988,VA,Roanoke,ignore,Bush,420,1000
11/08/1988,NC,Watauga,ignore,Dukakis,530,1000
11/08/1988,NC,Watauga,ignore,Bush,470,1000
11/08/1988,CA,Kings,ignore,Dukakis,420,1000
11/08/1988,CA,Kings,ignore,Bush,580,1000
11/08/1988,LA,East_Feliciana,ignore,Dukakis,420,1000
11/08/1988,LA,East_Feliciana,ignore,Bush,580,1000
11/08/1988,MO,Benton,ignore,Dukakis,420,1000
11/08/1988,MO,Benton,ignore,Bush,580,1000
11/08/1988,KS,Sumner,ignore,Dukakis,420,1000
11/08/1988,KS,Sumner,ignore,Bush,580,1000
11/08/1988,KY,Livingston,ignore,Dukakis,420,1000
11/08/1988,KY,Livingston,ignore,Bush,580,1000
11/08/1988,CA,San_Joaquin,ignore,Dukakis,497,1000
11/08/1988,CA,San_Joaquin,ignore,Bush,503,1000
11/08/1988,OK,Alfalfa,ignore,Dukakis,420,1000
11/08/1988,OK,Alfalfa,ignore,Bush,580,1000
11/08/1988,PA,Berks,ignore,Dukakis,470,1000
11/08/1988,PA,Berks,ignore,Bush,530,1000
11/08/1988,PA,Lebanon,ignore,Dukakis,420,1000
11/08/1988,PA,Lebanon,ignore,Bush,580,1000
11/08/1988,GA,Calhoun,ignore,Dukakis,530,1000
11/08/1988,GA,Calhoun,ignore,Bush,470,1000
11/08/1988,AR,Scott,ignore,Dukakis,420,1000
11/08/1988,AR,Scott,ignore,Bush,580,1000
11/08/1988,CO,Baca,ignore,Dukakis,420,1000
11/08/1988,CO,Baca,ignore,Bush,580,1000
11/08/1988,FL,Bay,ignore,Dukakis,420,1000
11/08/1988,FL,Bay,ignore,Bush,580,1000
11/08/1988,GA,Lowndes,ignore,Dukakis,420,1000
11/08/1988,GA,Lowndes,ignore,Bush,580,1000
11/08/1988,IN,Vermillion,ignore,Dukakis,420,1000
11/08/1988,IN,Vermillion,ignore,Bush,580,1000
11/08/1988,NY,Sullivan,ignore,Dukakis,470,1000
11/08/1988,NY,Sullivan,ignore,Bush,530,1000
11/08/1988,OH,Pickaway,ignore,Dukakis,420,1000
11/08/1988,OH,Pickaway,ignore,Bush,580,1000
11/08/1988,OK,Woodward,ignore,Dukakis,420,1000
11/08/1988,OK,Woodward,ignore,Bush,580,1000
11/08/1988,NE,Boyd,ignore,Dukakis,420,1000
11/08/1988,NE,Boyd,ignore,Bush,580,1000
11/08/1988,KY,Cumberland,ignore,Dukakis,420,1000
11/08/1988,KY,Cumberland,ignore,Bush,580,1000
11/08/1988,MN,Wabasha,ignore,Dukakis,420,1000
11/08/1988,MN,Wabasha,ignore,Bush,580,1000
11/08/1988,VA,Southampton,ignore,Dukakis,420,1000
11/08/1988,VA,Southampton,ignore,Bush,580,1000
11/08/1988,NY,Dutchess,ignore,Dukakis,510,1000
11/08/1988,NY,Dutchess,ignore,Bush,490,1000
11/08/1988,VA,James_City,ignore,Dukakis,510,1000
11/08/1988,VA,James_City,ignore,Bush,490,1000
11/08/1988,GA,Taylor,ignore,Dukakis,470,1000
11/08/1988,GA,Taylor,ignore,Bush,530,1000
11/08/1988,TX,Smith,ignore,Dukakis,420,1000
11/08/1988,TX,Smith,ignore,Bush,580,1000
11/08/1988,TX,Kerr,ignore,Dukakis,420,1000
11/08/1988,TX,Kerr,ignore,Bush,580,1000
11/08/1988,WV,Lewis,ignore,Dukakis,420,1000
11/08/1988,WV,Lewis,ignore,Bush,580,1000
11/08/1988,ND,Oliver,ignore,Dukakis,420,1000
11/08/1988,ND,Oliver,ignore,Bush,580,1000
11/08/1988,TN,Morgan,ignore,Dukakis,420,1000
11/08/1988,TN,Morgan,ignore,Bush,580,1000
11/08/1988,WY,Big_Horn,ignore,Dukakis,420,1000
11/08/1988,WY,Big_Horn,ignore,Bush,580,1000
11/08/1988,KY,Mason,ignore,Dukakis,420,1000
11/08/1988,KY,Mason,ignore,Bush,580,1000
11/08/1988,LA,St_Helena,ignore,Dukakis,470,1000
11/08/1988,LA,St_Helena,ignore,Bush,530,1000
11/08/1988,MD,Garrett,ignore,Dukakis,420,1000
11/08/1988,MD,Garrett,ignore,Bush,580,1000
11/08/1988,MI,Mackinac,ignore,Dukakis,420,1000
11/08/1988,MI,Mackinac,ignore,Bush,580,1000
11/08/1988,TN,Davidson,ignore,Dukakis,530,1000
11/08/1988,TN,Davidson,ignore,Bush,470,1000
11/08/1988,TX,Grimes,ignore,Dukakis,420,1000
11/08/1988,TX,Grimes,ignore,Bush,580,1000
11/08/1988,TX,Foard,ignore,Dukakis,420,1000
11/08/1988,TX,Foard,ignore,Bush,580,1000
11/08/1988,VA,Franklin_Co,ignore,Dukakis,420,1000
11/08/1988,VA,Franklin_Co,ignore,Bush,580,1000
11/08/1988,VA,Botetourt,ignore,Dukakis,420,1000
11/08/1988,VA,Botetourt,ignore,Bush,580,1000
11/08/1988,NC,Pasquotank,ignore,Dukakis,580,1000
11/08/1988,NC,Pasquotank,ignore,Bush,420,1000
11/08/1988,AR,Baxter,ignore,Dukakis,420,1000
11/08/1988,AR,Baxter,ignore,Bush,580,1000
11/08/1988,NY,Tompkins,ignore,Dukakis,580,1000
11/08/1988,NY,Tompkins,ignore,Bush,420,1000
11/08/1988,WV,Webster,ignore,Dukakis,420,1000
11/08/1988,WV,Webster,ignore,Bush,580,1000
11/08/1988,WV,Clay,ignore,Dukakis,420,1000
11/08/1988,WV,Clay,ignore,Bush,580,1000
11/08/1988,WV,Jackson,ignore,Dukakis,420,1000
11/08/1988,WV,Jackson,ignore,Bush,580,1000
11/08/1988,AL,Sumter,ignore,Dukakis,420,1000
11/08/1988,AL,Sumter,ignore,Bush,580,1000
11/08/1988,AZ,Pima,ignore,Dukakis,510,1000
11/08/1988,AZ,Pima,ignore,Bush,490,1000
11/08/1988,CO,Jackson,ignore,Dukakis,420,1000
11/08/1988,CO,Jackson,ignore,Bush,580,1000
11/08/1988,IL,Lake,ignore,Dukakis,530,1000
11/08/1988,IL,Lake,ignore,Bush,470,1000
11/08/1988,MS,Jackson,ignore,Dukakis,420,1000
11/08/1988,MS,Jackson,ignore,Bush,580,1000
11/08/1988,MT,Daniels,ignore,Dukakis,420,1000
11/08/1988,MT,Daniels,ignore,Bush,580,1000
11/08/1988,NH,Sullivan,ignore,Dukakis,470,1000
11/08/1988,NH,Sullivan,ignore,Bush,530,1000
11/08/1988,NJ,Gloucester,ignore,Dukakis,497,1000
11/08/1988,NJ,Gloucester,ignore,Bush,503,1000
11/08/1988,NC,Bertie,ignore,Dukakis,580,1000
11/08/1988,NC,Bertie,ignore,Bush,420,1000
11/08/1988,SD,Ziebach,ignore,Dukakis,420,1000
11/08/1988,SD,Ziebach,ignore,Bush,580,1000
11/08/1988,IA,Ringgold,ignore,Dukakis,420,1000
11/08/1988,IA,Ringgold,ignore,Bush,580,1000
11/08/1988,AL,Lauderdale,ignore,Dukakis,420,1000
11/08/1988,AL,Lauderdale,ignore,Bush,580,1000
11/08/1988,AZ,Santa_Cruz,ignore,Dukakis,580,1000
11/08/1988,AZ,Santa_Cruz,ignore,Bush,420,1000
11/08/1988,MS,Marion,ignore,Dukakis,420,1000
11/08/1988,MS,Marion,ignore,Bush,580,1000
11/08/1988,AL,Limestone,ignore,Dukakis,420,1000
11/08/1988,AL,Limestone,ignore,Bush,580,1000
11/08/1988,FL,Calhoun,ignore,Dukakis,420,1000
11/08/1988,FL,Calhoun,ignore,Bush,580,1000
11/08/1988,FL,Hernando,ignore,Dukakis,470,1000
11/08/1988,FL,Hernando,ignore,Bush,530,1000
11/08/1988,FL,Washington,ignore,Dukakis,420,1000
11/08/1988,FL,Washington,ignore,Bush,580,1000
11/08/1988,SD,Edmunds,ignore,Dukakis,420,1000
11/08/1988,SD,Edmunds,ignore,Bush,580,1000
11/08/1988,SD,Walworth,ignore,Dukakis,420,1000
11/08/1988,SD,Walworth,ignore,Bush,580,1000
11/08/1988,IL,Henderson,ignore,Dukakis,470,1000
11/08/1988,IL,Henderson,ignore,Bush,530,1000
11/08/1988,KY,Trimble,ignore,Dukakis,420,1000
11/08/1988,KY,Trimble,ignore,Bush,580,1000
11/08/1988,LA,St_Tammany,ignore,Dukakis,420,1000
11/08/1988,LA,St_Tammany,ignore,Bush,580,1000
11/08/1988,MD,Baltimore_City,ignore,Dukakis,580,1000
11/08/1988,MD,Baltimore_City,ignore,Bush,420,1000
11/08/1988,NC,Beaufort,ignore,Dukakis,470,1000
11/08/1988,NC,Beaufort,ignore,Bush,530,1000
11/08/1988,OH,Columbiana,ignore,Dukakis,420,1000
11/08/1988,OH,Columbiana,ignore,Bush,580,1000
11/08/1988,MT,Musselshell,ignore,Dukakis,420,1000
11/08/1988,MT,Musselshell,ignore,Bush,580,1000
11/08/1988,TX,Cameron,ignore,Dukakis,470,1000
11/08/1988,TX,Cameron,ignore,Bush,530,1000
11/08/1988,CA,Siskiyou,ignore,Dukakis,420,1000
11/08/1988,CA,Siskiyou,ignore,Bush,580,1000
11/08/1988,CO,Costilla,ignore,Dukakis,530,1000
11/08/1988,CO,Costilla,ignore,Bush,470,1000
11/08/1988,10,Sussex,ignore,Dukakis,420,1000
11/08/1988,10,Sussex,ignore,Bush,580,1000
11/08/1988,WA,Lewis,ignore,Dukakis,420,1000
11/08/1988,WA,Lewis,ignore,Bush,580,1000
11/08/1988,NJ,Sussex,ignore,Dukakis,420,1000
11/08/1988,NJ,Sussex,ignore,Bush,580,1000
11/08/1988,MA,Dukes,ignore,Dukakis,580,1000
11/08/1988,MA,Dukes,ignore,Bush,420,1000
11/08/1988,MN,Pine,ignore,Dukakis,420,1000
11/08/1988,MN,Pine,ignore,Bush,580,1000
11/08/1988,MS,Scott,ignore,Dukakis,420,1000
11/08/1988,MS,Scott,ignore,Bush,580,1000
11/08/1988,MT,Hill,ignore,Dukakis,420,1000
11/08/1988,MT,Hill,ignore,Bush,580,1000
11/08/1988,NY,Franklin,ignore,Dukakis,470,1000
11/08/1988,NY,Franklin,ignore,Bush,530,1000
11/08/1988,NJ,Essex,ignore,Dukakis,580,1000
11/08/1988,NJ,Essex,ignore,Bush,420,1000
11/08/1988,WA,Mason,ignore,Dukakis,530,1000
11/08/1988,WA,Mason,ignore,Bush,470,1000
11/08/1988,AR,Cleveland,ignore,Dukakis,420,1000
11/08/1988,AR,Cleveland,ignore,Bush,580,1000
11/08/1988,IN,Shelby,ignore,Dukakis,420,1000
11/08/1988,IN,Shelby,ignore,Bush,580,1000
11/08/1988,IN,Decatur,ignore,Dukakis,420,1000
11/08/1988,IN,Decatur,ignore,Bush,580,1000
11/08/1988,KY,Breathitt,ignore,Dukakis,420,1000
11/08/1988,KY,Breathitt,ignore,Bush,580,1000
11/08/1988,LA,St_James,ignore,Dukakis,510,1000
11/08/1988,LA,St_James,ignore,Bush,490,1000
11/08/1988,MO,Shelby,ignore,Dukakis,420,1000
11/08/1988,MO,Shelby,ignore,Bush,580,1000
11/08/1988,IN,Vigo,ignore,Dukakis,470,1000
11/08/1988,IN,Vigo,ignore,Bush,530,1000
11/08/1988,IA,Jackson,ignore,Dukakis,490,1000
11/08/1988,IA,Jackson,ignore,Bush,510,1000
11/08/1988,KS,Montgomery,ignore,Dukakis,420,1000
11/08/1988,KS,Montgomery,ignore,Bush,580,1000
11/08/1988,KY,Martin,ignore,Dukakis,420,1000
11/08/1988,KY,Martin,ignore,Bush,580,1000
11/08/1988,MI,Benzie,ignore,Dukakis,420,1000
11/08/1988,MI,Benzie,ignore,Bush,580,1000
11/08/1988,MS,Lafayette,ignore,Dukakis,470,1000
11/08/1988,MS,Lafayette,ignore,Bush,530,1000
11/08/1988,NY,Steuben,ignore,Dukakis,420,1000
11/08/1988,NY,Steuben,ignore,Bush,580,1000
11/08/1988,CO,Larimer,ignore,Dukakis,530,1000
11/08/1988,CO,Larimer,ignore,Bush,470,1000
11/08/1988,MI,Manistee,ignore,Dukakis,420,1000
11/08/1988,MI,Manistee,ignore,Bush,580,1000
11/08/1988,NC,Surry,ignore,Dukakis,420,1000
11/08/1988,NC,Surry,ignore,Bush,580,1000
11/08/1988,WA,Pend_Oreille,ignore,Dukakis,420,1000
11/08/1988,WA,Pend_Oreille,ignore,Bush,580,1000
11/08/1988,KY,Clark,ignore,Dukakis,420,1000
11/08/1988,KY,Clark,ignore,Bush,580,1000
11/08/1988,NY,Fulton,ignore,Dukakis,420,1000
11/08/1988,NY,Fulton,ignore,Bush,580,1000
11/08/1988,OH,Wayne,ignore,Dukakis,420,1000
11/08/1988,OH,Wayne,ignore,Bush,580,1000
11/08/1988,SC,York,ignore,Dukakis,420,1000
11/08/1988,SC,York,ignore,Bush,580,1000
11/08/1988,MO,Schuyler,ignore,Dukakis,420,1000
11/08/1988,MO,Schuyler,ignore,Bush,580,1000
11/08/1988,MT,Stillwater,ignore,Dukakis,420,1000
11/08/1988,MT,Stillwater,ignore,Bush,580,1000
11/08/1988,VA,Rockingham,ignore,Dukakis,420,1000
11/08/1988,VA,Rockingham,ignore,Bush,580,1000
11/08/1988,GA,Meriwether,ignore,Dukakis,420,1000
11/08/1988,GA,Meriwether,ignore,Bush,580,1000
11/08/1988,ND,McKenzie,ignore,Dukakis,420,1000
11/08/1988,ND,McKenzie,ignore,Bush,580,1000
11/08/1988,ND,Morton,ignore,Dukakis,420,1000
11/08/1988,ND,Morton,ignore,Bush,580,1000
11/08/1988,OR,Yamhill,ignore,Dukakis,470,1000
11/08/1988,OR,Yamhill,ignore,Bush,530,1000
11/08/1988,SC,Marlboro,ignore,Dukakis,510,1000
11/08/1988,SC,Marlboro,ignore,Bush,490,1000
11/08/1988,NC,Clay,ignore,Dukakis,420,1000
11/08/1988,NC,Clay,ignore,Bush,580,1000
11/08/1988,MT,Chouteau,ignore,Dukakis,420,1000
11/08/1988,MT,Chouteau,ignore,Bush,580,1000
11/08/1988,SC,Greenville,ignore,Dukakis,420,1000
11/08/1988,SC,Greenville,ignore,Bush,580,1000
11/08/1988,AL,Pickens,ignore,Dukakis,420,1000
11/08/1988,AL,Pickens,ignore,Bush,580,1000
11/08/1988,MO,Iron,ignore,Dukakis,420,1000
11/08/1988,MO,Iron,ignore,Bush,580,1000
11/08/1988,UT,Daggett,ignore,Dukakis,420,1000
11/08/1988,UT,Daggett,ignore,Bush,580,1000
11/08/1988,FL,Broward,ignore,Dukakis,580,1000
11/08/1988,FL,Broward,ignore,Bush,420,1000
11/08/1988,MS,Hinds,ignore,Dukakis,580,1000
11/08/1988,MS,Hinds,ignore,Bush,420,1000
11/08/1988,NC,Onslow,ignore,Dukakis,420,1000
11/08/1988,NC,Onslow,ignore,Bush,580,1000
11/08/1988,AL,Clarke,ignore,Dukakis,420,1000
11/08/1988,AL,Clarke,ignore,Bush,580,1000
11/08/1988,AR,Madison,ignore,Dukakis,420,1000
11/08/1988,AR,Madison,ignore,Bush,580,1000
11/08/1988,FL,Liberty,ignore,Dukakis,420,1000
11/08/1988,FL,Liberty,ignore,Bush,580,1000
11/08/1988,IN,Monroe,ignore,Dukakis,580,1000
11/08/1988,IN,Monroe,ignore,Bush,420,1000
11/08/1988,IN,Dubois,ignore,Dukakis,420,1000
11/08/1988,IN,Dubois,ignore,Bush,580,1000
11/08/1988,IA,Buena_Vista,ignore,Dukakis,420,1000
11/08/1988,IA,Buena_Vista,ignore,Bush,580,1000
11/08/1988,KS,Gray,ignore,Dukakis,420,1000
11/08/1988,KS,Gray,ignore,Bush,580,1000
11/08/1988,KY,Grant,ignore,Dukakis,420,1000
11/08/1988,KY,Grant,ignore,Bush,580,1000
11/08/1988,TN,Putnam,ignore,Dukakis,420,1000
11/08/1988,TN,Putnam,ignore,Bush,580,1000
11/08/1988,TN,Benton,ignore,Dukakis,420,1000
11/08/1988,TN,Benton,ignore,Bush,580,1000
11/08/1988,UT,Duchesne,ignore,Dukakis,420,1000
11/08/1988,UT,Duchesne,ignore,Bush,580,1000
11/08/1988,VA,Isle_of_Wight,ignore,Dukakis,470,1000
11/08/1988,VA,Isle_of_Wight,ignore,Bush,530,1000
11/08/1988,WY,Hot_Springs,ignore,Dukakis,420,1000
11/08/1988,WY,Hot_Springs,ignore,Bush,580,1000
11/08/1988,SD,Perkins,ignore,Dukakis,420,1000
11/08/1988,SD,Perkins,ignore,Bush,580,1000
11/08/1988,UT,Beaver,ignore,Dukakis,420,1000
11/08/1988,UT,Beaver,ignore,Bush,580,1000
11/08/1988,VA,Buchanan,ignore,Dukakis,420,1000
11/08/1988,VA,Buchanan,ignore,Bush,580,1000
11/08/1988,WV,Mingo,ignore,Dukakis,420,1000
11/08/1988,WV,Mingo,ignore,Bush,580,1000
11/08/1988,AL,Talladega,ignore,Dukakis,420,1000
11/08/1988,AL,Talladega,ignore,Bush,580,1000
11/08/1988,KY,Bourbon,ignore,Dukakis,420,1000
11/08/1988,KY,Bourbon,ignore,Bush,580,1000
11/08/1988,PA,Monroe,ignore,Dukakis,503,1000
11/08/1988,PA,Monroe,ignore,Bush,497,1000
11/08/1988,WA,Ferry,ignore,Dukakis,420,1000
11/08/1988,WA,Ferry,ignore,Bush,580,1000
11/08/1988,ID,Twin_Falls,ignore,Dukakis,420,1000
11/08/1988,ID,Twin_Falls,ignore,Bush,580,1000
11/08/1988,MD,Charles,ignore,Dukakis,510,1000
11/08/1988,MD,Charles,ignore,Bush,490,1000
11/08/1988,VA,Loudoun,ignore,Dukakis,510,1000
11/08/1988,VA,Loudoun,ignore,Bush,490,1000
11/08/1988,IL,Winnebago,ignore,Dukakis,497,1000
11/08/1988,IL,Winnebago,ignore,Bush,503,1000
11/08/1988,CO,Conejos,ignore,Dukakis,470,1000
11/08/1988,CO,Conejos,ignore,Bush,530,1000
11/08/1988,AL,Geneva,ignore,Dukakis,420,1000
11/08/1988,AL,Geneva,ignore,Bush,580,1000
11/08/1988,CA,Alameda,ignore,Dukakis,580,1000
11/08/1988,CA,Alameda,ignore,Bush,420,1000
11/08/1988,FL,Franklin,ignore,Dukakis,420,1000
11/08/1988,FL,Franklin,ignore,Bush,580,1000
11/08/1988,WV,Morgan,ignore,Dukakis,420,1000
11/08/1988,WV,Morgan,ignore,Bush,580,1000
11/08/1988,WV,Randolph,ignore,Dukakis,420,1000
11/08/1988,WV,Randolph,ignore,Bush,580,1000
11/08/1988,MS,Yazoo,ignore,Dukakis,470,1000
11/08/1988,MS,Yazoo,ignore,Bush,530,1000
11/08/1988,MT,McCone,ignore,Dukakis,420,1000
11/08/1988,MT,McCone,ignore,Bush,580,1000
11/08/1988,GA,Atkinson,ignore,Dukakis,420,1000
11/08/1988,GA,Atkinson,ignore,Bush,580,1000
11/08/1988,GA,Chatham,ignore,Dukakis,530,1000
11/08/1988,GA,Chatham,ignore,Bush,470,1000
11/08/1988,KY,Carlisle,ignore,Dukakis,420,1000
11/08/1988,KY,Carlisle,ignore,Bush,580,1000
11/08/1988,MO,Cass,ignore,Dukakis,420,1000
11/08/1988,MO,Cass,ignore,Bush,580,1000
11/08/1988,GA,Habersham,ignore,Dukakis,420,1000
11/08/1988,GA,Habersham,ignore,Bush,580,1000
11/08/1988,KY,Magoffin,ignore,Dukakis,420,1000
11/08/1988,KY,Magoffin,ignore,Bush,580,1000
11/08/1988,KY,Harlan,ignore,Dukakis,420,1000
11/08/1988,KY,Harlan,ignore,Bush,580,1000
11/08/1988,NC,Randolph,ignore,Dukakis,420,1000
11/08/1988,NC,Randolph,ignore,Bush,580,1000
11/08/1988,IL,Will,ignore,Dukakis,510,1000
11/08/1988,IL,Will,ignore,Bush,490,1000
11/08/1988,IN,Knox,ignore,Dukakis,420,1000
11/08/1988,IN,Knox,ignore,Bush,580,1000
11/08/1988,KY,Allen,ignore,Dukakis,420,1000
11/08/1988,KY,Allen,ignore,Bush,580,1000
11/08/1988,LA,Madison,ignore,Dukakis,530,1000
11/08/1988,LA,Madison,ignore,Bush,470,1000
11/08/1988,MN,Fillmore,ignore,Dukakis,420,1000
11/08/1988,MN,Fillmore,ignore,Bush,580,1000
11/08/1988,WA,Spokane,ignore,Dukakis,470,1000
11/08/1988,WA,Spokane,ignore,Bush,530,1000
11/08/1988,UT,Morgan,ignore,Dukakis,420,1000
11/08/1988,UT,Morgan,ignore,Bush,580,1000
11/08/1988,WI,Manitowoc,ignore,Dukakis,420,1000
11/08/1988,WI,Manitowoc,ignore,Bush,580,1000
11/08/1988,AL,Marion,ignore,Dukakis,420,1000
11/08/1988,AL,Marion,ignore,Bush,580,1000
11/08/1988,MI,Montcalm,ignore,Dukakis,420,1000
11/08/1988,MI,Montcalm,ignore,Bush,580,1000
11/08/1988,KY,Nicholas,ignore,Dukakis,420,1000
11/08/1988,KY,Nicholas,ignore,Bush,580,1000
11/08/1988,KY,Powell,ignore,Dukakis,420,1000
11/08/1988,KY,Powell,ignore,Bush,580,1000
11/08/1988,NC,Richmond,ignore,Dukakis,470,1000
11/08/1988,NC,Richmond,ignore,Bush,530,1000
11/08/1988,KY,Union,ignore,Dukakis,420,1000
11/08/1988,KY,Union,ignore,Bush,580,1000
11/08/1988,IL,Fayette,ignore,Dukakis,420,1000
11/08/1988,IL,Fayette,ignore,Bush,580,1000
11/08/1988,KY,Webster,ignore,Dukakis,420,1000
11/08/1988,KY,Webster,ignore,Bush,580,1000
11/08/1988,ID,Blaine,ignore,Dukakis,530,1000
11/08/1988,ID,Blaine,ignore,Bush,470,1000
11/08/1988,IL,Henry,ignore,Dukakis,420,1000
11/08/1988,IL,Henry,ignore,Bush,580,1000
11/08/1988,TN,Trousdale,ignore,Dukakis,420,1000
11/08/1988,TN,Trousdale,ignore,Bush,580,1000
11/08/1988,WI,Calumet,ignore,Dukakis,420,1000
11/08/1988,WI,Calumet,ignore,Bush,580,1000
11/08/1988,NM,Otero,ignore,Dukakis,420,1000
11/08/1988,NM,Otero,ignore,Bush,580,1000
11/08/1988,IN,LaPorte,ignore,Dukakis,470,1000
11/08/1988,IN,LaPorte,ignore,Bush,530,1000
11/08/1988,MA,Middlesex,ignore,Dukakis,580,1000
11/08/1988,MA,Middlesex,ignore,Bush,420,1000
11/08/1988,MS,Tunica,ignore,Dukakis,580,1000
11/08/1988,MS,Tunica,ignore,Bush,420,1000
11/08/1988,MT,Toole,ignore,Dukakis,420,1000
11/08/1988,MT,Toole,ignore,Bush,580,1000
11/08/1988,WA,Island,ignore,Dukakis,510,1000
11/08/1988,WA,Island,ignore,Bush,490,1000
11/08/1988,WV,Jefferson,ignore,Dukakis,420,1000
11/08/1988,WV,Jefferson,ignore,Bush,580,1000
11/08/1988,KY,Wolfe,ignore,Dukakis,420,1000
11/08/1988,KY,Wolfe,ignore,Bush,580,1000
11/08/1988,MA,Barnstable,ignore,Dukakis,530,1000
11/08/1988,MA,Barnstable,ignore,Bush,470,1000
11/08/1988,TN,Blount,ignore,Dukakis,420,1000
11/08/1988,TN,Blount,ignore,Bush,580,1000
11/08/1988,ND,Sioux,ignore,Dukakis,580,1000
11/08/1988,ND,Sioux,ignore,Bush,420,1000
11/08/1988,IA,Woodbury,ignore,Dukakis,420,1000
11/08/1988,IA,Woodbury,ignore,Bush,580,1000
11/08/1988,IL,Clinton,ignore,Dukakis,420,1000
11/08/1988,IL,Clinton,ignore,Bush,580,1000
11/08/1988,NV,Washoe,ignore,Dukakis,470,1000
11/08/1988,NV,Washoe,ignore,Bush,530,1000
11/08/1988,NH,Merrimack,ignore,Dukakis,497,1000
11/08/1988,NH,Merrimack,ignore,Bush,503,1000
11/08/1988,OK,McCurtain,ignore,Dukakis,420,1000
11/08/1988,OK,McCurtain,ignore,Bush,580,1000
11/08/1988,VT,Orange,ignore,Dukakis,580,1000
11/08/1988,VT,Orange,ignore,Bush,420,1000
11/08/1988,NV,Carson_City,ignore,Dukakis,420,1000
11/08/1988,NV,Carson_City,ignore,Bush,580,1000
11/08/1988,NY,Cattaraugus,ignore,Dukakis,420,1000
11/08/1988,NY,Cattaraugus,ignore,Bush,580,1000
11/08/1988,HI,Kauai,ignore,Dukakis,420,1000
11/08/1988,HI,Kauai,ignore,Bush,580,1000
11/08/1988,MA,Plymouth,ignore,Dukakis,470,1000
11/08/1988,MA,Plymouth,ignore,Bush,530,1000
11/08/1988,SC,Jasper,ignore,Dukakis,490,1000
11/08/1988,SC,Jasper,ignore,Bush,510,1000
11/08/1988,MA,Norfolk,ignore,Dukakis,580,1000
11/08/1988,MA,Norfolk,ignore,Bush,420,1000
11/08/1988,KY,Larue,ignore,Dukakis,420,1000
11/08/1988,KY,Larue,ignore,Bush,580,1000
11/08/1988,NE,Cherry,ignore,Dukakis,420,1000
11/08/1988,NE,Cherry,ignore,Bush,580,1000
11/08/1988,GA,Rockdale,ignore,Dukakis,530,1000
11/08/1988,GA,Rockdale,ignore,Bush,470,1000
11/08/1988,VA,Patrick,ignore,Dukakis,420,1000
11/08/1988,VA,Patrick,ignore,Bush,580,1000
11/08/1988,NC,McDowell,ignore,Dukakis,420,1000
11/08/1988,NC,McDowell,ignore,Bush,580,1000
11/08/1988,ND,Barnes,ignore,Dukakis,420,1000
11/08/1988,ND,Barnes,ignore,Bush,580,1000
11/08/1988,MI,Marquette,ignore,Dukakis,530,1000
11/08/1988,MI,Marquette,ignore,Bush,470,1000
11/08/1988,AR,Faulkner,ignore,Dukakis,420,1000
11/08/1988,AR,Faulkner,ignore,Bush,580,1000
11/08/1988,VA,Stafford,ignore,Dukakis,470,1000
11/08/1988,VA,Stafford,ignore,Bush,530,1000
11/08/1988,AR,Grant,ignore,Dukakis,420,1000
11/08/1988,AR,Grant,ignore,Bush,580,1000
11/08/1988,KY,Hopkins,ignore,Dukakis,420,1000
11/08/1988,KY,Hopkins,ignore,Bush,580,1000
11/08/1988,NC,Duplin,ignore,Dukakis,420,1000
11/08/1988,NC,Duplin,ignore,Bush,580,1000
11/08/1988,NC,Nash,ignore,Dukakis,530,1000
11/08/1988,NC,Nash,ignore,Bush,470,1000
11/08/1988,OH,Williams,ignore,Dukakis,420,1000
11/08/1988,OH,Williams,ignore,Bush,580,1000
11/08/1988,MN,Koochiching,ignore,Dukakis,420,1000
11/08/1988,MN,Koochiching,ignore,Bush,580,1000
11/08/1988,ND,Sargent,ignore,Dukakis,420,1000
11/08/1988,ND,Sargent,ignore,Bush,580,1000
11/08/1988,PA,Bucks,ignore,Dukakis,503,1000
11/08/1988,PA,Bucks,ignore,Bush,497,1000
11/08/1988,SC,Calhoun,ignore,Dukakis,470,1000
11/08/1988,SC,Calhoun,ignore,Bush,530,1000
11/08/1988,SD,Bon_Homme,ignore,Dukakis,420,1000
11/08/1988,SD,Bon_Homme,ignore,Bush,580,1000
11/08/1988,IN,Owen,ignore,Dukakis,420,1000
11/08/1988,IN,Owen,ignore,Bush,580,1000
11/08/1988,IN,Starke,ignore,Dukakis,420,1000
11/08/1988,IN,Starke,ignore,Bush,580,1000
11/08/1988,IN,Union,ignore,Dukakis,420,1000
11/08/1988,IN,Union,ignore,Bush,580,1000
11/08/1988,PA,Lawrence,ignore,Dukakis,420,1000
11/08/1988,PA,Lawrence,ignore,Bush,580,1000
11/08/1988,NV,Eureka,ignore,Dukakis,420,1000
11/08/1988,NV,Eureka,ignore,Bush,580,1000
11/08/1988,NH,Belknap,ignore,Dukakis,420,1000
11/08/1988,NH,Belknap,ignore,Bush,580,1000
11/08/1988,AL,Russell,ignore,Dukakis,420,1000
11/08/1988,AL,Russell,ignore,Bush,580,1000
11/08/1988,FL,Manatee,ignore,Dukakis,470,1000
11/08/1988,FL,Manatee,ignore,Bush,530,1000
11/08/1988,NC,Columbus,ignore,Dukakis,420,1000
11/08/1988,NC,Columbus,ignore,Bush,580,1000
11/08/1988,TX,Navarro,ignore,Dukakis,420,1000
11/08/1988,TX,Navarro,ignore,Bush,580,1000
11/08/1988,VA,Amherst,ignore,Dukakis,420,1000
11/08/1988,VA,Amherst,ignore,Bush,580,1000
11/08/1988,TX,Reeves,ignore,Dukakis,420,1000
11/08/1988,TX,Reeves,ignore,Bush,580,1000
11/08/1988,ID,Clark,ignore,Dukakis,420,1000
11/08/1988,ID,Clark,ignore,Bush,580,1000
11/08/1988,MS,Warren,ignore,Dukakis,470,1000
11/08/1988,MS,Warren,ignore,Bush,530,1000
11/08/1988,MO,Mississippi,ignore,Dukakis,470,1000
11/08/1988,MO,Mississippi,ignore,Bush,530,1000
11/08/1988,MI,Osceola,ignore,Dukakis,420,1000
11/08/1988,MI,Osceola,ignore,Bush,580,1000
11/08/1988,MS,Grenada,ignore,Dukakis,420,1000
11/08/1988,MS,Grenada,ignore,Bush,580,1000
11/08/1988,TX,Guadalupe,ignore,Dukakis,420,1000
11/08/1988,TX,Guadalupe,ignore,Bush,580,1000
11/08/1988,FL,Union,ignore,Dukakis,420,1000
11/08/1988,FL,Union,ignore,Bush,580,1000
11/08/1988,MT,Wibaux,ignore,Dukakis,420,1000
11/08/1988,MT,Wibaux,ignore,Bush,580,1000
11/08/1988,MI,Baraga,ignore,Dukakis,420,1000
11/08/1988,MI,Baraga,ignore,Bush,580,1000
11/08/1988,OR,Hood_River,ignore,Dukakis,530,1000
11/08/1988,OR,Hood_River,ignore,Bush,470,1000
11/08/1988,IN,Allen,ignore,Dukakis,420,1000
11/08/1988,IN,Allen,ignore,Bush,580,1000
11/08/1988,SD,Hand,ignore,Dukakis,420,1000
11/08/1988,SD,Hand,ignore,Bush,580,1000
11/08/1988,IN,St_Joseph,ignore,Dukakis,510,1000
11/08/1988,IN,St_Joseph,ignore,Bush,490,1000
11/08/1988,VA,Hopewell,ignore,Dukakis,580,1000
11/08/1988,VA,Hopewell,ignore,Bush,420,1000
11/08/1988,ND,Dunn,ignore,Dukakis,420,1000
11/08/1988,ND,Dunn,ignore,Bush,580,1000
11/08/1988,ND,Slope,ignore,Dukakis,420,1000
11/08/1988,ND,Slope,ignore,Bush,580,1000
11/08/1988,NC,Scotland,ignore,Dukakis,490,1000
11/08/1988,NC,Scotland,ignore,Bush,510,1000
11/08/1988,TN,Dyer,ignore,Dukakis,420,1000
11/08/1988,TN,Dyer,ignore,Bush,580,1000
11/08/1988,KY,Calloway,ignore,Dukakis,420,1000
11/08/1988,KY,Calloway,ignore,Bush,580,1000
11/08/1988,TX,Bandera,ignore,Dukakis,420,1000
11/08/1988,TX,Bandera,ignore,Bush,580,1000
11/08/1988,RI,Bristol,ignore,Dukakis,580,1000
11/08/1988,RI,Bristol,ignore,Bush,420,1000
11/08/1988,WY,Sublette,ignore,Dukakis,420,1000
11/08/1988,WY,Sublette,ignore,Bush,580,1000
11/08/1988,NC,Macon,ignore,Dukakis,420,1000
11/08/1988,NC,Macon,ignore,Bush,580,1000
11/08/1988,WI,Ashland,ignore,Dukakis,530,1000
11/08/1988,WI,Ashland,ignore,Bush,470,1000
11/08/1988,TX,Hidalgo,ignore,Dukakis,490,1000
11/08/1988,TX,Hidalgo,ignore,Bush,510,1000
11/08/1988,WI,La_Crosse,ignore,Dukakis,530,1000
11/08/1988,WI,La_Crosse,ignore,Bush,470,1000
11/08/1988,AL,Mobile,ignore,Dukakis,420,1000
11/08/1988,AL,Mobile,ignore,Bush,580,1000
11/08/1988,AL,Madison,ignore,Dukakis,420,1000
11/08/1988,AL,Madison,ignore,Bush,580,1000
11/08/1988,NC,Polk,ignore,Dukakis,420,1000
11/08/1988,NC,Polk,ignore,Bush,580,1000
11/08/1988,LA,Iberia,ignore,Dukakis,420,1000
11/08/1988,LA,Iberia,ignore,Bush,580,1000
11/08/1988,SC,McCormick,ignore,Dukakis,470,1000
11/08/1988,SC,McCormick,ignore,Bush,530,1000
11/08/1988,MN,Mower,ignore,Dukakis,490,1000
11/08/1988,MN,Mower,ignore,Bush,510,1000
11/08/1988,MT,Madison,ignore,Dukakis,420,1000
11/08/1988,MT,Madison,ignore,Bush,580,1000
11/08/1988,GA,Forsyth,ignore,Dukakis,420,1000
11/08/1988,GA,Forsyth,ignore,Bush,580,1000
11/08/1988,OH,Allen,ignore,Dukakis,420,1000
11/08/1988,OH,Allen,ignore,Bush,580,1000
11/08/1988,NY,St_Lawrence,ignore,Dukakis,470,1000
11/08/1988,NY,St_Lawrence,ignore,Bush,530,1000
11/08/1988,WV,Doddridge,ignore,Dukakis,420,1000
11/08/1988,WV,Doddridge,ignore,Bush,580,1000
11/08/1988,MO,Cedar,ignore,Dukakis,420,1000
11/08/1988,MO,Cedar,ignore,Bush,580,1000
11/08/1988,SC,Bamberg,ignore,Dukakis,580,1000
11/08/1988,SC,Bamberg,ignore,Bush,420,1000
11/08/1988,ND,Dickey,ignore,Dukakis,420,1000
11/08/1988,ND,Dickey,ignore,Bush,580,1000
11/08/1988,AZ,Yavapai,ignore,Dukakis,420,1000
11/08/1988,AZ,Yavapai,ignore,Bush,580,1000
11/08/1988,NY,Rockland,ignore,Dukakis,510,1000
11/08/1988,NY,Rockland,ignore,Bush,490,1000
11/08/1988,MO,Ray,ignore,Dukakis,420,1000
11/08/1988,MO,Ray,ignore,Bush,580,1000
11/08/1988,MS,Forrest,ignore,Dukakis,420,1000
11/08/1988,MS,Forrest,ignore,Bush,580,1000
11/08/1988,AL,Marengo,ignore,Dukakis,420,1000
11/08/1988,AL,Marengo,ignore,Bush,580,1000
11/08/1988,TX,Rockwall,ignore,Dukakis,420,1000
11/08/1988,TX,Rockwall,ignore,Bush,580,1000
11/08/1988,AR,Phillips,ignore,Dukakis,580,1000
11/08/1988,AR,Phillips,ignore,Bush,420,1000
11/08/1988,NC,Alexander,ignore,Dukakis,420,1000
11/08/1988,NC,Alexander,ignore,Bush,580,1000
11/08/1988,WI,Marathon,ignore,Dukakis,420,1000
11/08/1988,WI,Marathon,ignore,Bush,580,1000
11/08/1988,OH,Greene,ignore,Dukakis,420,1000
11/08/1988,OH,Greene,ignore,Bush,580,1000
11/08/1988,VA,Washington,ignore,Dukakis,420,1000
11/08/1988,VA,Washington,ignore,Bush,580,1000
11/08/1988,VA,Wythe,ignore,Dukakis,420,1000
11/08/1988,VA,Wythe,ignore,Bush,580,1000
11/08/1988,NC,Lincoln,ignore,Dukakis,420,1000
11/08/1988,NC,Lincoln,ignore,Bush,580,1000
11/08/1988,OH,Madison,ignore,Dukakis,420,1000
11/08/1988,OH,Madison,ignore,Bush,580,1000
11/08/1988,LA,Avoyelles,ignore,Dukakis,420,1000
11/08/1988,LA,Avoyelles,ignore,Bush,580,1000
11/08/1988,FL,Jackson,ignore,Dukakis,420,1000
11/08/1988,FL,Jackson,ignore,Bush,580,1000
11/08/1988,WA,Kittitas,ignore,Dukakis,420,1000
11/08/1988,WA,Kittitas,ignore,Bush,580,1000
11/08/1988,IL,Whiteside,ignore,Dukakis,470,1000
11/08/1988,IL,Whiteside,ignore,Bush,530,1000
11/08/1988,NC,Perquimans,ignore,Dukakis,580,1000
11/08/1988,NC,Perquimans,ignore,Bush,420,1000
11/08/1988,GA,Webster,ignore,Dukakis,470,1000
11/08/1988,GA,Webster,ignore,Bush,530,1000
11/08/1988,FL,Nassau,ignore,Dukakis,420,1000
11/08/1988,FL,Nassau,ignore,Bush,580,1000
11/08/1988,TX,Dallas,ignore,Dukakis,530,1000
11/08/1988,TX,Dallas,ignore,Bush,470,1000
11/08/1988,CA,Ventura,ignore,Dukakis,497,1000
11/08/1988,CA,Ventura,ignore,Bush,503,1000
11/08/1988,KY,McCreary,ignore,Dukakis,420,1000
11/08/1988,KY,McCreary,ignore,Bush,580,1000
11/08/1988,MN,Becker,ignore,Dukakis,420,1000
11/08/1988,MN,Becker,ignore,Bush,580,1000
11/08/1988,AR,Union,ignore,Dukakis,420,1000
11/08/1988,AR,Union,ignore,Bush,580,1000
11/08/1988,KS,Osage,ignore,Dukakis,420,1000
11/08/1988,KS,Osage,ignore,Bush,580,1000
11/08/1988,TX,Orange,ignore,Dukakis,420,1000
11/08/1988,TX,Orange,ignore,Bush,580,1000
11/08/1988,GA,Clay,ignore,Dukakis,530,1000
11/08/1988,GA,Clay,ignore,Bush,470,1000
11/08/1988,OH,Summit,ignore,Dukakis,530,1000
11/08/1988,OH,Summit,ignore,Bush,470,1000
11/08/1988,GA,Liberty,ignore,Dukakis,580,1000
11/08/1988,GA,Liberty,ignore,Bush,420,1000
11/08/1988,GA,Seminole,ignore,Dukakis,420,1000
11/08/1988,GA,Seminole,ignore,Bush,580,1000
11/08/1988,GA,Cherokee,ignore,Dukakis,420,1000
11/08/1988,GA,Cherokee,ignore,Bush,580,1000
11/08/1988,MO,Montgomery,ignore,Dukakis,420,1000
11/08/1988,MO,Montgomery,ignore,Bush,580,1000
11/08/1988,TN,Giles,ignore,Dukakis,420,1000
11/08/1988,TN,Giles,ignore,Bush,580,1000
11/08/1988,IN,Spencer,ignore,Dukakis,420,1000
11/08/1988,IN,Spencer,ignore,Bush,580,1000
11/08/1988,WV,Boone,ignore,Dukakis,420,1000
11/08/1988,WV,Boone,ignore,Bush,580,1000
11/08/1988,OR,Clatsop,ignore,Dukakis,530,1000
11/08/1988,OR,Clatsop,ignore,Bush,470,1000
11/08/1988,CA,Lake,ignore,Dukakis,490,1000
11/08/1988,CA,Lake,ignore,Bush,510,1000
11/08/1988,GA,Chattooga,ignore,Dukakis,420,1000
11/08/1988,GA,Chattooga,ignore,Bush,580,1000
11/08/1988,MO,Scott,ignore,Dukakis,420,1000
11/08/1988,MO,Scott,ignore,Bush,580,1000
11/08/1988,WA,San_Juan,ignore,Dukakis,580,1000
11/08/1988,WA,San_Juan,ignore,Bush,420,1000
11/08/1988,OR,Jefferson,ignore,Dukakis,420,1000
11/08/1988,OR,Jefferson,ignore,Bush,580,1000
11/08/1988,UT,Utah,ignore,Dukakis,420,1000
11/08/1988,UT,Utah,ignore,Bush,580,1000
11/08/1988,MO,Ozark,ignore,Dukakis,420,1000
11/08/1988,MO,Ozark,ignore,Bush,580,1000
11/08/1988,LA,Richland,ignore,Dukakis,420,1000
11/08/1988,LA,Richland,ignore,Bush,580,1000
11/08/1988,NY,Essex,ignore,Dukakis,490,1000
11/08/1988,NY,Essex,ignore,Bush,510,1000
11/08/1988,TX,Madison,ignore,Dukakis,420,1000
11/08/1988,TX,Madison,ignore,Bush,580,1000
11/08/1988,IL,Grundy,ignore,Dukakis,470,1000
11/08/1988,IL,Grundy,ignore,Bush,530,1000
11/08/1988,NY,Ulster,ignore,Dukakis,530,1000
11/08/1988,NY,Ulster,ignore,Bush,470,1000
11/08/1988,NC,Lee,ignore,Dukakis,420,1000
11/08/1988,NC,Lee,ignore,Bush,580,1000
11/08/1988,TN,Bedford,ignore,Dukakis,420,1000
11/08/1988,TN,Bedford,ignore,Bush,580,1000
11/08/1988,ND,Mountrail,ignore,Dukakis,420,1000
11/08/1988,ND,Mountrail,ignore,Bush,580,1000
11/08/1988,TX,Freestone,ignore,Dukakis,420,1000
11/08/1988,TX,Freestone,ignore,Bush,580,1000
11/08/1988,NC,Alleghany,ignore,Dukakis,420,1000
11/08/1988,NC,Alleghany,ignore,Bush,580,1000
11/08/1988,NY,Wyoming,ignore,Dukakis,420,1000
11/08/1988,NY,Wyoming,ignore,Bush,580,1000
11/08/1988,MN,Pope,ignore,Dukakis,420,1000
11/08/1988,MN,Pope,ignore,Bush,580,1000
11/08/1988,IL,Crawford,ignore,Dukakis,420,1000
11/08/1988,IL,Crawford,ignore,Bush,580,1000
11/08/1988,MO,Barton,ignore,Dukakis,490,1000
11/08/1988,MO,Barton,ignore,Bush,510,1000
11/08/1988,AZ,Maricopa,ignore,Dukakis,470,1000
11/08/1988,AZ,Maricopa,ignore,Bush,530,1000
11/08/1988,NY,Ontario,ignore,Dukakis,490,1000
11/08/1988,NY,Ontario,ignore,Bush,510,1000
11/08/1988,TX,Panola,ignore,Dukakis,420,1000
11/08/1988,TX,Panola,ignore,Bush,580,1000
11/08/1988,IL,White,ignore,Dukakis,420,1000
11/08/1988,IL,White,ignore,Bush,580,1000
11/08/1988,MS,Hancock,ignore,Dukakis,420,1000
11/08/1988,MS,Hancock,ignore,Bush,580,1000
11/08/1988,PA,Bradford,ignore,Dukakis,420,1000
11/08/1988,PA,Bradford,ignore,Bush,580,1000
11/08/1988,OH,Knox,ignore,Dukakis,420,1000
11/08/1988,OH,Knox,ignore,Bush,580,1000
11/08/1988,SD,Brule,ignore,Dukakis,420,1000
11/08/1988,SD,Brule,ignore,Bush,580,1000
11/08/1988,CO,Archuleta,ignore,Dukakis,420,1000
11/08/1988,CO,Archuleta,ignore,Bush,580,1000
11/08/1988,AL,Coffee,ignore,Dukakis,420,1000
11/08/1988,AL,Coffee,ignore,Bush,580,1000
11/08/1988,VA,Caroline,ignore,Dukakis,490,1000
11/08/1988,VA,Caroline,ignore,Bush,510,1000
11/08/1988,VA,Fairfax,ignore,Dukakis,580,1000
11/08/1988,VA,Fairfax,ignore,Bush,420,1000
11/08/1988,SC,Sumter,ignore,Dukakis,530,1000
11/08/1988,SC,Sumter,ignore,Bush,470,1000
11/08/1988,PA,Elk,ignore,Dukakis,420,1000
11/08/1988,PA,Elk,ignore,Bush,580,1000
11/08/1988,IA,Winnebago,ignore,Dukakis,420,1000
11/08/1988,IA,Winnebago,ignore,Bush,580,1000
11/08/1988,FL,Wakulla,ignore,Dukakis,420,1000
11/08/1988,FL,Wakulla,ignore,Bush,580,1000
11/08/1988,MS,Pearl_River,ignore,Dukakis,420,1000
11/08/1988,MS,Pearl_River,ignore,Bush,580,1000
11/08/1988,AR,Van_Buren,ignore,Dukakis,420,1000
11/08/1988,AR,Van_Buren,ignore,Bush,580,1000
11/08/1988,TX,Comanche,ignore,Dukakis,420,1000
11/08/1988,TX,Comanche,ignore,Bush,580,1000
11/08/1988,SD,Dewey,ignore,Dukakis,420,1000
11/08/1988,SD,Dewey,ignore,Bush,580,1000
11/08/1988,TN,Rhea,ignore,Dukakis,420,1000
11/08/1988,TN,Rhea,ignore,Bush,580,1000
11/08/1988,PA,Huntingdon,ignore,Dukakis,420,1000
11/08/1988,PA,Huntingdon,ignore,Bush,580,1000
11/08/1988,WI,Iowa,ignore,Dukakis,530,1000
11/08/1988,WI,Iowa,ignore,Bush,470,1000
11/08/1988,PA,Sullivan,ignore,Dukakis,420,1000
11/08/1988,PA,Sullivan,ignore,Bush,580,1000
11/08/1988,TN,Tipton,ignore,Dukakis,420,1000
11/08/1988,TN,Tipton,ignore,Bush,580,1000
11/08/1988,NH,Strafford,ignore,Dukakis,510,1000
11/08/1988,NH,Strafford,ignore,Bush,490,1000
11/08/1988,IN,Marion,ignore,Dukakis,580,1000
11/08/1988,IN,Marion,ignore,Bush,420,1000
11/08/1988,SD,Bennett,ignore,Dukakis,420,1000
11/08/1988,SD,Bennett,ignore,Bush,580,1000
11/08/1988,VA,Buckingham,ignore,Dukakis,470,1000
11/08/1988,VA,Buckingham,ignore,Bush,530,1000
11/08/1988,ID,Bannock,ignore,Dukakis,420,1000
11/08/1988,ID,Bannock,ignore,Bush,580,1000
11/08/1988,GA,Stephens,ignore,Dukakis,420,1000
11/08/1988,GA,Stephens,ignore,Bush,580,1000
11/08/1988,ID,Boise,ignore,Dukakis,420,1000
11/08/1988,ID,Boise,ignore,Bush,580,1000
11/08/1988,OK,Nowata,ignore,Dukakis,420,1000
11/08/1988,OK,Nowata,ignore,Bush,580,1000
11/08/1988,GA,Glascock,ignore,Dukakis,420,1000
11/08/1988,GA,Glascock,ignore,Bush,580,1000
11/08/1988,WI,Pepin,ignore,Dukakis,470,1000
11/08/1988,WI,Pepin,ignore,Bush,530,1000
11/08/1988,IA,Fremont,ignore,Dukakis,420,1000
11/08/1988,IA,Fremont,ignore,Bush,580,1000
11/08/1988,MO,Maries,ignore,Dukakis,420,1000
11/08/1988,MO,Maries,ignore,Bush,580,1000
11/08/1988,TX,Nacogdoches,ignore,Dukakis,420,1000
11/08/1988,TX,Nacogdoches,ignore,Bush,580,1000
11/08/1988,NC,Pamlico,ignore,Dukakis,470,1000
11/08/1988,NC,Pamlico,ignore,Bush,530,1000
11/08/1988,FL,Taylor,ignore,Dukakis,420,1000
11/08/1988,FL,Taylor,ignore,Bush,580,1000
11/08/1988,MN,Wright,ignore,Dukakis,420,1000
11/08/1988,MN,Wright,ignore,Bush,580,1000
11/08/1988,ME,Somerset,ignore,Dukakis,497,1000
11/08/1988,ME,Somerset,ignore,Bush,503,1000
11/08/1988,AR,Marion,ignore,Dukakis,420,1000
11/08/1988,AR,Marion,ignore,Bush,580,1000
11/08/1988,TX,Presidio,ignore,Dukakis,420,1000
11/08/1988,TX,Presidio,ignore,Bush,580,1000
11/08/1988,CA,Stanislaus,ignore,Dukakis,420,1000
11/08/1988,CA,Stanislaus,ignore,Bush,580,1000
11/08/1988,KY,Elliott,ignore,Dukakis,420,1000
11/08/1988,KY,Elliott,ignore,Bush,580,1000
11/08/1988,IL,Wabash,ignore,Dukakis,420,1000
11/08/1988,IL,Wabash,ignore,Bush,580,1000
11/08/1988,WI,Juneau,ignore,Dukakis,420,1000
11/08/1988,WI,Juneau,ignore,Bush,580,1000
11/08/1988,ND,Walsh,ignore,Dukakis,420,1000
11/08/1988,ND,Walsh,ignore,Bush,580,1000
11/08/1988,AL,Bullock,ignore,Dukakis,420,1000
11/08/1988,AL,Bullock,ignore,Bush,580,1000
11/08/1988,CA,Colusa,ignore,Dukakis,420,1000
11/08/1988,CA,Colusa,ignore,Bush,580,1000
11/08/1988,CO,Gunnison,ignore,Dukakis,490,1000
11/08/1988,CO,Gunnison,ignore,Bush,510,1000
11/08/1988,TX,Cass,ignore,Dukakis,420,1000
11/08/1988,TX,Cass,ignore,Bush,580,1000
11/08/1988,GA,Camden,ignore,Dukakis,420,1000
11/08/1988,GA,Camden,ignore,Bush,580,1000
11/08/1988,MS,Montgomery,ignore,Dukakis,420,1000
11/08/1988,MS,Montgomery,ignore,Bush,580,1000
11/08/1988,GA,Fulton,ignore,Dukakis,580,1000
11/08/1988,GA,Fulton,ignore,Bush,420,1000
11/08/1988,ND,Kidder,ignore,Dukakis,420,1000
11/08/1988,ND,Kidder,ignore,Bush,580,1000
11/08/1988,GA,Fannin,ignore,Dukakis,420,1000
11/08/1988,GA,Fannin,ignore,Bush,580,1000
11/08/1988,OH,Ottawa,ignore,Dukakis,420,1000
11/08/1988,OH,Ottawa,ignore,Bush,580,1000
11/08/1988,NC,Carteret,ignore,Dukakis,420,1000
11/08/1988,NC,Carteret,ignore,Bush,580,1000
11/08/1988,IN,Porter,ignore,Dukakis,470,1000
11/08/1988,IN,Porter,ignore,Bush,530,1000
11/08/1988,VA,Nottoway,ignore,Dukakis,470,1000
11/08/1988,VA,Nottoway,ignore,Bush,530,1000
11/08/1988,MO,Greene,ignore,Dukakis,420,1000
11/08/1988,MO,Greene,ignore,Bush,580,1000
11/08/1988,TX,Harris,ignore,Dukakis,530,1000
11/08/1988,TX,Harris,ignore,Bush,470,1000
11/08/1988,TX,Hill,ignore,Dukakis,420,1000
11/08/1988,TX,Hill,ignore,Bush,580,1000
11/08/1988,MO,Warren,ignore,Dukakis,420,1000
11/08/1988,MO,Warren,ignore,Bush,580,1000
11/08/1988,GA,Hancock,ignore,Dukakis,580,1000
11/08/1988,GA,Hancock,ignore,Bush,420,1000
11/08/1988,AL,Houston,ignore,Dukakis,420,1000
11/08/1988,AL,Houston,ignore,Bush,580,1000
11/08/1988,MO,Pemiscot,ignore,Dukakis,470,1000
11/08/1988,MO,Pemiscot,ignore,Bush,530,1000
11/08/1988,MI,Wayne,ignore,Dukakis,580,1000
11/08/1988,MI,Wayne,ignore,Bush,420,1000
11/08/1988,IN,Boone,ignore,Dukakis,420,1000
11/08/1988,IN,Boone,ignore,Bush,580,1000
11/08/1988,NY,New_York,ignore,Dukakis,580,1000
11/08/1988,NY,New_York,ignore,Bush,420,1000
11/08/1988,SC,Fairfield,ignore,Dukakis,580,1000
11/08/1988,SC,Fairfield,ignore,Bush,420,1000
11/08/1988,ID,Washington,ignore,Dukakis,420,1000
11/08/1988,ID,Washington,ignore,Bush,580,1000
11/08/1988,OH,Ashtabula,ignore,Dukakis,530,1000
11/08/1988,OH,Ashtabula,ignore,Bush,470,1000
11/08/1988,VA,Rockbridge,ignore,Dukakis,420,1000
11/08/1988,VA,Rockbridge,ignore,Bush,580,1000
11/08/1988,WI,Kenosha,ignore,Dukakis,490,1000
11/08/1988,WI,Kenosha,ignore,Bush,510,1000
11/08/1988,NE,Boone,ignore,Dukakis,420,1000
11/08/1988,NE,Boone,ignore,Bush,580,1000
11/08/1988,TX,Coryell,ignore,Dukakis,420,1000
11/08/1988,TX,Coryell,ignore,Bush,580,1000
11/08/1988,IL,DeKalb,ignore,Dukakis,490,1000
11/08/1988,IL,DeKalb,ignore,Bush,510,1000
11/08/1988,MI,Lake,ignore,Dukakis,420,1000
11/08/1988,MI,Lake,ignore,Bush,580,1000
11/08/1988,FL,Lee,ignore,Dukakis,420,1000
11/08/1988,FL,Lee,ignore,Bush,580,1000
11/08/1988,ID,Franklin,ignore,Dukakis,420,1000
11/08/1988,ID,Franklin,ignore,Bush,580,1000
11/08/1988,VA,Greensville,ignore,Dukakis,580,1000
11/08/1988,VA,Greensville,ignore,Bush,420,1000
11/08/1988,GA,Dodge,ignore,Dukakis,420,1000
11/08/1988,GA,Dodge,ignore,Bush,580,1000
11/08/1988,CA,Mendocino,ignore,Dukakis,580,1000
11/08/1988,CA,Mendocino,ignore,Bush,420,1000
11/08/1988,WI,Buffalo,ignore,Dukakis,420,1000
11/08/1988,WI,Buffalo,ignore,Bush,580,1000
11/08/1988,WI,Racine,ignore,Dukakis,470,1000
11/08/1988,WI,Racine,ignore,Bush,530,1000
11/08/1988,VT,Grand_Isle,ignore,Dukakis,530,1000
11/08/1988,VT,Grand_Isle,ignore,Bush,470,1000
11/08/1988,MN,Dakota,ignore,Dukakis,510,1000
11/08/1988,MN,Dakota,ignore,Bush,490,1000
11/08/1988,OR,Multnomah,ignore,Dukakis,580,1000
11/08/1988,OR,Multnomah,ignore,Bush,420,1000
11/08/1988,LA,Natchitoches,ignore,Dukakis,420,1000
11/08/1988,LA,Natchitoches,ignore,Bush,580,1000
11/08/1988,IL,Scott,ignore,Dukakis,420,1000
11/08/1988,IL,Scott,ignore,Bush,580,1000
11/08/1988,GA,Effingham,ignore,Dukakis,420,1000
11/08/1988,GA,Effingham,ignore,Bush,580,1000
11/08/1988,OK,Caddo,ignore,Dukakis,420,1000
11/08/1988,OK,Caddo,ignore,Bush,580,1000
11/08/1988,OK,Jefferson,ignore,Dukakis,420,1000
11/08/1988,OK,Jefferson,ignore,Bush,580,1000
11/08/1988,CO,Huerfano,ignore,Dukakis,510,1000
11/08/1988,CO,Huerfano,ignore,Bush,490,1000
11/08/1988,SC,Anderson,ignore,Dukakis,420,1000
11/08/1988,SC,Anderson,ignore,Bush,580,1000
11/08/1988,SC,Clarendon,ignore,Dukakis,510,1000
11/08/1988,SC,Clarendon,ignore,Bush,490,1000
11/08/1988,GA,Lee,ignore,Dukakis,420,1000
11/08/1988,GA,Lee,ignore,Bush,580,1000
11/08/1988,OH,Jefferson,ignore,Dukakis,420,1000
11/08/1988,OH,Jefferson,ignore,Bush,580,1000
11/08/1988,OK,Roger_Mills,ignore,Dukakis,420,1000
11/08/1988,OK,Roger_Mills,ignore,Bush,580,1000
11/08/1988,VA,Lexington,ignore,Dukakis,580,1000
11/08/1988,VA,Lexington,ignore,Bush,420,1000
11/08/1988,CA,Shasta,ignore,Dukakis,420,1000
11/08/1988,CA,Shasta,ignore,Bush,580,1000
11/08/1988,AR,Desha,ignore,Dukakis,530,1000
11/08/1988,AR,Desha,ignore,Bush,470,1000
11/08/1988,LA,Lafourche,ignore,Dukakis,420,1000
11/08/1988,LA,Lafourche,ignore,Bush,580,1000
11/08/1988,CA,Tuolumne,ignore,Dukakis,420,1000
11/08/1988,CA,Tuolumne,ignore,Bush,580,1000
11/08/1988,OK,Cherokee,ignore,Dukakis,420,1000
11/08/1988,OK,Cherokee,ignore,Bush,580,1000
11/08/1988,AR,Carroll,ignore,Dukakis,420,1000
11/08/1988,AR,Carroll,ignore,Bush,580,1000
11/08/1988,TX,Titus,ignore,Dukakis,420,1000
11/08/1988,TX,Titus,ignore,Bush,580,1000
11/08/1988,LA,St_Martin,ignore,Dukakis,420,1000
11/08/1988,LA,St_Martin,ignore,Bush,580,1000
11/08/1988,AL,Morgan,ignore,Dukakis,420,1000
11/08/1988,AL,Morgan,ignore,Bush,580,1000
11/08/1988,AL,Tuscaloosa,ignore,Dukakis,420,1000
11/08/1988,AL,Tuscaloosa,ignore,Bush,580,1000
11/08/1988,LA,West_Feliciana,ignore,Dukakis,420,1000
11/08/1988,LA,West_Feliciana,ignore,Bush,580,1000
11/08/1988,GA,Henry,ignore,Dukakis,470,1000
11/08/1988,GA,Henry,ignore,Bush,530,1000
11/08/1988,FL,Glades,ignore,Dukakis,420,1000
11/08/1988,FL,Glades,ignore,Bush,580,1000
11/08/1988,CO,Otero,ignore,Dukakis,420,1000
11/08/1988,CO,Otero,ignore,Bush,580,1000
11/08/1988,LA,Tensas,ignore,Dukakis,490,1000
11/08/1988,LA,Tensas,ignore,Bush,510,1000
11/08/1988,WV,Cabell,ignore,Dukakis,420,1000
11/08/1988,WV,Cabell,ignore,Bush,580,1000
11/08/1988,KY,Ohio,ignore,Dukakis,420,1000
11/08/1988,KY,Ohio,ignore,Bush,580,1000
11/08/1988,MN,Blue_Earth,ignore,Dukakis,490,1000
11/08/1988,MN,Blue_Earth,ignore,Bush,510,1000
11/08/1988,NH,Hillsborough,ignore,Dukakis,470,1000
11/08/1988,NH,Hillsborough,ignore,Bush,530,1000
11/08/1988,WY,Sweetwater,ignore,Dukakis,420,1000
11/08/1988,WY,Sweetwater,ignore,Bush,580,1000
11/08/1988,IA,Pottawattamie,ignore,Dukakis,470,1000
11/08/1988,IA,Pottawattamie,ignore,Bush,530,1000
11/08/1988,NY,Jefferson,ignore,Dukakis,420,1000
11/08/1988,NY,Jefferson,ignore,Bush,580,1000
11/08/1988,MO,Bates,ignore,Dukakis,420,1000
11/08/1988,MO,Bates,ignore,Bush,580,1000
11/08/1988,MI,Presque_Isle,ignore,Dukakis,420,1000
11/08/1988,MI,Presque_Isle,ignore,Bush,580,1000
11/08/1988,MT,Roosevelt,ignore,Dukakis,420,1000
11/08/1988,MT,Roosevelt,ignore,Bush,580,1000
11/08/1988,WA,Jefferson,ignore,Dukakis,580,1000
11/08/1988,WA,Jefferson,ignore,Bush,420,1000
11/08/1988,TX,Nueces,ignore,Dukakis,420,1000
11/08/1988,TX,Nueces,ignore,Bush,580,1000
11/08/1988,WI,Door,ignore,Dukakis,490,1000
11/08/1988,WI,Door,ignore,Bush,510,1000
11/08/1988,ID,Nez_Perce,ignore,Dukakis,420,1000
11/08/1988,ID,Nez_Perce,ignore,Bush,580,1000
11/08/1988,MI,Huron,ignore,Dukakis,420,1000
11/08/1988,MI,Huron,ignore,Bush,580,1000
11/08/1988,GA,Johnson,ignore,Dukakis,470,1000
11/08/1988,GA,Johnson,ignore,Bush,530,1000
11/08/1988,OH,Putnam,ignore,Dukakis,420,1000
11/08/1988,OH,Putnam,ignore,Bush,580,1000
11/08/1988,TX,Erath,ignore,Dukakis,420,1000
11/08/1988,TX,Erath,ignore,Bush,580,1000
11/08/1988,MO,Shannon,ignore,Dukakis,420,1000
11/08/1988,MO,Shannon,ignore,Bush,580,1000
11/08/1988,AK,Matanuska-Susitna,ignore,Dukakis,420,1000
11/08/1988,AK,Matanuska-Susitna,ignore,Bush,580,1000
11/08/1988,VA,Falls_Church,ignore,Dukakis,580,1000
11/08/1988,VA,Falls_Church,ignore,Bush,420,1000
11/08/1988,TX,Kleberg,ignore,Dukakis,420,1000
11/08/1988,TX,Kleberg,ignore,Bush,580,1000
11/08/1988,CO,Pitkin,ignore,Dukakis,580,1000
11/08/1988,CO,Pitkin,ignore,Bush,420,1000
11/08/1988,CO,La_Plata,ignore,Dukakis,530,1000
11/08/1988,CO,La_Plata,ignore,Bush,470,1000
11/08/1988,OK,Tulsa,ignore,Dukakis,420,1000
11/08/1988,OK,Tulsa,ignore,Bush,580,1000
11/08/1988,AL,St_Clair,ignore,Dukakis,420,1000
11/08/1988,AL,St_Clair,ignore,Bush,580,1000
11/08/1988,FL,Pinellas,ignore,Dukakis,530,1000
11/08/1988,FL,Pinellas,ignore,Bush,470,1000
11/08/1988,IL,Fulton,ignore,Dukakis,420,1000
11/08/1988,IL,Fulton,ignore,Bush,580,1000
11/08/1988,KS,Cherokee,ignore,Dukakis,420,1000
11/08/1988,KS,Cherokee,ignore,Bush,580,1000
11/08/1988,MN,Beltrami,ignore,Dukakis,490,1000
11/08/1988,MN,Beltrami,ignore,Bush,510,1000
11/08/1988,IN,Cass,ignore,Dukakis,420,1000
11/08/1988,IN,Cass,ignore,Bush,580,1000
11/08/1988,AR,Polk,ignore,Dukakis,420,1000
11/08/1988,AR,Polk,ignore,Bush,580,1000
11/08/1988,NV,Douglas,ignore,Dukakis,420,1000
11/08/1988,NV,Douglas,ignore,Bush,580,1000
11/08/1988,KS,Kingman,ignore,Dukakis,420,1000
11/08/1988,KS,Kingman,ignore,Bush,580,1000
11/08/1988,IA,Clayton,ignore,Dukakis,490,1000
11/08/1988,IA,Clayton,ignore,Bush,510,1000
11/08/1988,IN,Fulton,ignore,Dukakis,420,1000
11/08/1988,IN,Fulton,ignore,Bush,580,1000
11/08/1988,MO,Scotland,ignore,Dukakis,420,1000
11/08/1988,MO,Scotland,ignore,Bush,580,1000
11/08/1988,SC,Berkeley,ignore,Dukakis,420,1000
11/08/1988,SC,Berkeley,ignore,Bush,580,1000
11/08/1988,MI,Leelanau,ignore,Dukakis,470,1000
11/08/1988,MI,Leelanau,ignore,Bush,530,1000
11/08/1988,PA,Fulton,ignore,Dukakis,420,1000
11/08/1988,PA,Fulton,ignore,Bush,580,1000
11/08/1988,MI,Clinton,ignore,Dukakis,470,1000
11/08/1988,MI,Clinton,ignore,Bush,530,1000
11/08/1988,GA,Quitman,ignore,Dukakis,510,1000
11/08/1988,GA,Quitman,ignore,Bush,490,1000
11/08/1988,WA,Snohomish,ignore,Dukakis,580,1000
11/08/1988,WA,Snohomish,ignore,Bush,420,1000
11/08/1988,MO,Lewis,ignore,Dukakis,420,1000
11/08/1988,MO,Lewis,ignore,Bush,580,1000
11/08/1988,FL,Madison,ignore,Dukakis,420,1000
11/08/1988,FL,Madison,ignore,Bush,580,1000
11/08/1988,NM,Los_Alamos,ignore,Dukakis,530,1000
11/08/1988,NM,Los_Alamos,ignore,Bush,470,1000
11/08/1988,NM,Guadalupe,ignore,Dukakis,470,1000
11/08/1988,NM,Guadalupe,ignore,Bush,530,1000
11/08/1988,WV,Gilmer,ignore,Dukakis,420,1000
11/08/1988,WV,Gilmer,ignore,Bush,580,1000
11/08/1988,IN,Vanderburgh,ignore,Dukakis,470,1000
11/08/1988,IN,Vanderburgh,ignore,Bush,530,1000
11/08/1988,WV,Hampshire,ignore,Dukakis,420,1000
11/08/1988,WV,Hampshire,ignore,Bush,580,1000
11/08/1988,OR,Wallowa,ignore,Dukakis,420,1000
11/08/1988,OR,Wallowa,ignore,Bush,580,1000
11/08/1988,NC,Cherokee,ignore,Dukakis,420,1000
11/08/1988,NC,Cherokee,ignore,Bush,580,1000
11/08/1988,OK,Oklahoma,ignore,Dukakis,420,1000
11/08/1988,OK,Oklahoma,ignore,Bush,580,1000
11/08/1988,FL,Volusia,ignore,Dukakis,490,1000
11/08/1988,FL,Volusia,ignore,Bush,510,1000
11/08/1988,CA,Sierra,ignore,Dukakis,420,1000
11/08/1988,CA,Sierra,ignore,Bush,580,1000
11/08/1988,ID,Bonneville,ignore,Dukakis,420,1000
11/08/1988,ID,Bonneville,ignore,Bush,580,1000
11/08/1988,AL,Conecuh,ignore,Dukakis,420,1000
11/08/1988,AL,Conecuh,ignore,Bush,580,1000
11/08/1988,KS,Kiowa,ignore,Dukakis,420,1000
11/08/1988,KS,Kiowa,ignore,Bush,580,1000
11/08/1988,MN,Douglas,ignore,Dukakis,420,1000
11/08/1988,MN,Douglas,ignore,Bush,580,1000
11/08/1988,TN,Chester,ignore,Dukakis,420,1000
11/08/1988,TN,Chester,ignore,Bush,580,1000
11/08/1988,LA,Vermilion,ignore,Dukakis,420,1000
11/08/1988,LA,Vermilion,ignore,Bush,580,1000
11/08/1988,NM,Sandoval,ignore,Dukakis,490,1000
11/08/1988,NM,Sandoval,ignore,Bush,510,1000
11/08/1988,MN,Clay,ignore,Dukakis,503,1000
11/08/1988,MN,Clay,ignore,Bush,497,1000
