11/03/1992,GA,Polk,Clinton,democrat,420,1000
11/03/1992,GA,Polk,Bush,republican,580,1000
11/03/1992,KY,Bracken,Clinton,democrat,420,1000
11/03/1992,KY,Bracken,Bush,republican,580,1000
11/03/1992,MS,Wayne,Clinton,democrat,420,1000
11/03/1992,MS,Wayne,Bush,republican,580,1000
11/03/1992,PA,Adams,Clinton,democrat,420,1000
11/03/1992,PA,Adams,Bush,republican,580,1000
11/03/1992,AZ,Gila,Clinton,democrat,420,1000
11/03/1992,AZ,Gila,Bush,republican,580,1000
11/03/1992,AR,Poinsett,Clinton,democrat,420,1000
11/03/1992,AR,Poinsett,Bush,republican,580,1000
11/03/1992,GA,Pike,Clinton,democrat,420,1000
11/03/1992,GA,Pike,Bush,republican,580,1000
11/03/1992,IL,Kendall,Clinton,democrat,530,1000
11/03/1992,IL,Kendall,Bush,republican,470,1000
11/03/1992,IA,Jefferson,Clinton,democrat,490,1000
11/03/1992,IA,Jefferson,Bush,republican,510,1000
11/03/1992,IA,Iowa,Clinton,democrat,530,1000
11/03/1992,IA,Iowa,Bush,republican,470,1000
11/03/1992,NE,Polk,Clinton,democrat,420,1000
11/03/1992,NE,Polk,Bush,republican,580,1000
11/03/1992,NE,Phelps,Clinton,democrat,420,1000
11/03/1992,NE,Phelps,Bush,republican,580,1000
11/03/1992,ND,Wells,Clinton,democrat,420,1000
11/03/1992,ND,Wells,Bush,republican,580,1000
11/03/1992,OH,Fairfield,Clinton,democrat,420,1000
11/03/1992,OH,Fairfield,Bush,republican,580,1000
11/03/1992,IN,Orange,Clinton,democrat,420,1000
11/03/1992,IN,Orange,Bush,republican,580,1000
11/03/1992,SD,Day,Clinton,democrat,510,1000
11/03/1992,SD,Day,Bush,republican,490,1000
11/03/1992,TX,Dickens,Clinton,democrat,420,1000
11/03/1992,TX,Dickens,Bush,republican,580,1000
11/03/1992,MI,Otsego,Clinton,democrat,420,1000
11/03/1992,MI,Otsego,Bush,republican,580,1000
11/03/1992,MN,Clearwater,Clinton,democrat,470,1000
11/03/1992,MN,Clearwater,Bush,republican,530,1000
11/03/1992,OK,Major,Clinton,democrat,420,1000
11/03/1992,OK,Major,Bush,republican,580,1000
11/03/1992,TX,McMullen,Clinton,democrat,420,1000
11/03/1992,TX,McMullen,Bush,republican,580,1000
11/03/1992,CA,Modoc,Clinton,democrat,420,1000
11/03/1992,CA,Modoc,Bush,republican,580,1000
11/03/1992,IL,Cook,Clinton,democrat,580,1000
11/03/1992,IL,Cook,Bush,republican,420,1000
11/03/1992,IL,Iroquois,Clinton,democrat,420,1000
11/03/1992,IL,Iroquois,Bush,republican,580,1000
11/03/1992,MS,Tippah,Clinton,democrat,420,1000
11/03/1992,MS,Tippah,Bush,republican,580,1000
11/03/1992,MN,Wadena,Clinton,democrat,420,1000
11/03/1992,MN,Wadena,Bush,republican,580,1000
11/03/1992,MT,Liberty,Clinton,democrat,420,1000
11/03/1992,MT,Liberty,Bush,republican,580,1000
11/03/1992,MO,Putnam,Clinton,democrat,420,1000
11/03/1992,MO,Putnam,Bush,republican,580,1000
11/03/1992,TX,Bailey,Clinton,democrat,420,1000
11/03/1992,TX,Bailey,Bush,republican,580,1000
11/03/1992,CO,Washington,Clinton,democrat,420,1000
11/03/1992,CO,Washington,Bush,republican,580,1000
11/03/1992,IL,Washington,Clinton,democrat,420,1000
11/03/1992,IL,Washington,Bush,republican,580,1000
11/03/1992,IA,Pocahontas,Clinton,democrat,420,1000
11/03/1992,IA,Pocahontas,Bush,republican,580,1000
11/03/1992,IA,Lucas,Clinton,democrat,470,1000
11/03/1992,IA,Lucas,Bush,republican,530,1000
11/03/1992,KY,Green,Clinton,democrat,420,1000
11/03/1992,KY,Green,Bush,republican,580,1000
11/03/1992,MI,Midland,Clinton,democrat,490,1000
11/03/1992,MI,Midland,Bush,republican,510,1000
11/03/1992,OH,Muskingum,Clinton,democrat,420,1000
11/03/1992,OH,Muskingum,Bush,republican,580,1000
11/03/1992,PA,Wyoming,Clinton,democrat,420,1000
11/03/1992,PA,Wyoming,Bush,republican,580,1000
11/03/1992,TX,Ellis,Clinton,democrat,420,1000
11/03/1992,TX,Ellis,Bush,republican,580,1000
11/03/1992,TX,Andrews,Clinton,democrat,420,1000
11/03/1992,TX,Andrews,Bush,republican,580,1000
11/03/1992,VT,Lamoille,Clinton,democrat,580,1000
11/03/1992,VT,Lamoille,Bush,republican,420,1000
11/03/1992,SD,Clark,Clinton,democrat,420,1000
11/03/1992,SD,Clark,Bush,republican,580,1000
11/03/1992,TX,Martin,Clinton,democrat,420,1000
11/03/1992,TX,Martin,Bush,republican,580,1000
11/03/1992,KS,Osborne,Clinton,democrat,420,1000
11/03/1992,KS,Osborne,Bush,republican,580,1000
11/03/1992,GA,Heard,Clinton,democrat,420,1000
11/03/1992,GA,Heard,Bush,republican,580,1000
11/03/1992,IA,Worth,Clinton,democrat,530,1000
11/03/1992,IA,Worth,Bush,republican,470,1000
11/03/1992,KY,Simpson,Clinton,democrat,420,1000
11/03/1992,KY,Simpson,Bush,republican,580,1000
11/03/1992,MS,Tishomingo,Clinton,democrat,420,1000
11/03/1992,MS,Tishomingo,Bush,republican,580,1000
11/03/1992,MS,Stone,Clinton,democrat,420,1000
11/03/1992,MS,Stone,Bush,republican,580,1000
11/03/1992,MN,Grant,Clinton,democrat,420,1000
11/03/1992,MN,Grant,Bush,republican,580,1000
11/03/1992,NE,Jefferson,Clinton,democrat,420,1000
11/03/1992,NE,Jefferson,Bush,republican,580,1000
11/03/1992,SD,Brown,Clinton,democrat,420,1000
11/03/1992,SD,Brown,Bush,republican,580,1000
11/03/1992,AL,Pike,Clinton,democrat,420,1000
11/03/1992,AL,Pike,Bush,republican,580,1000
11/03/1992,GA,Newton,Clinton,democrat,530,1000
11/03/1992,GA,Newton,Bush,republican,470,1000
11/03/1992,IL,Brown,Clinton,democrat,420,1000
11/03/1992,IL,Brown,Bush,republican,580,1000
11/03/1992,IL,Bond,Clinton,democrat,420,1000
11/03/1992,IL,Bond,Bush,republican,580,1000
11/03/1992,IA,Clay,Clinton,democrat,420,1000
11/03/1992,IA,Clay,Bush,republican,580,1000
11/03/1992,KY,Shelby,Clinton,democrat,420,1000
11/03/1992,KY,Shelby,Bush,republican,580,1000
11/03/1992,NE,Loup,Clinton,democrat,420,1000
11/03/1992,NE,Loup,Bush,republican,580,1000
11/03/1992,NE,Webster,Clinton,democrat,420,1000
11/03/1992,NE,Webster,Bush,republican,580,1000
11/03/1992,OH,Ashland,Clinton,democrat,420,1000
11/03/1992,OH,Ashland,Bush,republican,580,1000
11/03/1992,NE,Greeley,Clinton,democrat,420,1000
11/03/1992,NE,Greeley,Bush,republican,580,1000
11/03/1992,WV,Putnam,Clinton,democrat,420,1000
11/03/1992,WV,Putnam,Bush,republican,580,1000
11/03/1992,ND,Billings,Clinton,democrat,420,1000
11/03/1992,ND,Billings,Bush,republican,580,1000
11/03/1992,TX,Fisher,Clinton,democrat,420,1000
11/03/1992,TX,Fisher,Bush,republican,580,1000
11/03/1992,TX,Lipscomb,Clinton,democrat,420,1000
11/03/1992,TX,Lipscomb,Bush,republican,580,1000
11/03/1992,KS,Norton,Clinton,democrat,420,1000
11/03/1992,KS,Norton,Bush,republican,580,1000
11/03/1992,MD,Washington,Clinton,democrat,420,1000
11/03/1992,MD,Washington,Bush,republican,580,1000
11/03/1992,MS,Clarke,Clinton,democrat,420,1000
11/03/1992,MS,Clarke,Bush,republican,580,1000
11/03/1992,MS,Lawrence,Clinton,democrat,420,1000
11/03/1992,MS,Lawrence,Bush,republican,580,1000
11/03/1992,MT,Beaverhead,Clinton,democrat,420,1000
11/03/1992,MT,Beaverhead,Bush,republican,580,1000
11/03/1992,NE,Banner,Clinton,democrat,420,1000
11/03/1992,NE,Banner,Bush,republican,580,1000
11/03/1992,ND,Cavalier,Clinton,democrat,420,1000
11/03/1992,ND,Cavalier,Bush,republican,580,1000
11/03/1992,MO,Newton,Clinton,democrat,420,1000
11/03/1992,MO,Newton,Bush,republican,580,1000
11/03/1992,AK,North_Slope,Clinton,democrat,420,1000
11/03/1992,AK,North_Slope,Bush,republican,580,1000
11/03/1992,GA,Pickens,Clinton,democrat,420,1000
11/03/1992,GA,Pickens,Bush,republican,580,1000
11/03/1992,IN,Bartholomew,Clinton,democrat,420,1000
11/03/1992,IN,Bartholomew,Bush,republican,580,1000
11/03/1992,IA,Cerro_Gordo,Clinton,democrat,490,1000
11/03/1992,IA,Cerro_Gordo,Bush,republican,510,1000
11/03/1992,KY,Lincoln,Clinton,democrat,420,1000
11/03/1992,KY,Lincoln,Bush,republican,580,1000
11/03/1992,MO,Dent,Clinton,democrat,420,1000
11/03/1992,MO,Dent,Bush,republican,580,1000
11/03/1992,GA,Schley,Clinton,democrat,420,1000
11/03/1992,GA,Schley,Bush,republican,580,1000
11/03/1992,NE,Clay,Clinton,democrat,420,1000
11/03/1992,NE,Clay,Bush,republican,580,1000
11/03/1992,IA,Guthrie,Clinton,democrat,470,1000
11/03/1992,IA,Guthrie,Bush,republican,530,1000
11/03/1992,IA,Adair,Clinton,democrat,420,1000
11/03/1992,IA,Adair,Bush,republican,580,1000
11/03/1992,TX,Hale,Clinton,democrat,420,1000
11/03/1992,TX,Hale,Bush,republican,580,1000
11/03/1992,VA,Galax,Clinton,democrat,420,1000
11/03/1992,VA,Galax,Bush,republican,580,1000
11/03/1992,WI,Sawyer,Clinton,democrat,420,1000
11/03/1992,WI,Sawyer,Bush,republican,580,1000
11/03/1992,TX,Sherman,Clinton,democrat,420,1000
11/03/1992,TX,Sherman,Bush,republican,580,1000
11/03/1992,CO,Montezuma,Clinton,democrat,420,1000
11/03/1992,CO,Montezuma,Bush,republican,580,1000
11/03/1992,KS,Phillips,Clinton,democrat,420,1000
11/03/1992,KS,Phillips,Bush,republican,580,1000
11/03/1992,KY,Clinton,Clinton,democrat,420,1000
11/03/1992,KY,Clinton,Bush,republican,580,1000
11/03/1992,MD,Allegany,Clinton,democrat,420,1000
11/03/1992,MD,Allegany,Bush,republican,580,1000
11/03/1992,MS,Panola,Clinton,democrat,470,1000
11/03/1992,MS,Panola,Bush,republican,530,1000
11/03/1992,TX,Kinney,Clinton,democrat,420,1000
11/03/1992,TX,Kinney,Bush,republican,580,1000
11/03/1992,NM,Valencia,Clinton,democrat,530,1000
11/03/1992,NM,Valencia,Bush,republican,470,1000
11/03/1992,AR,Searcy,Clinton,democrat,420,1000
11/03/1992,AR,Searcy,Bush,republican,580,1000
11/03/1992,GA,Candler,Clinton,democrat,420,1000
11/03/1992,GA,Candler,Bush,republican,580,1000
11/03/1992,IN,Henry,Clinton,democrat,420,1000
11/03/1992,IN,Henry,Bush,republican,580,1000
11/03/1992,IA,Chickasaw,Clinton,democrat,530,1000
11/03/1992,IA,Chickasaw,Bush,republican,470,1000
11/03/1992,IA,Poweshiek,Clinton,democrat,530,1000
11/03/1992,IA,Poweshiek,Bush,republican,470,1000
11/03/1992,MI,Montmorency,Clinton,democrat,420,1000
11/03/1992,MI,Montmorency,Bush,republican,580,1000
11/03/1992,MO,Linn,Clinton,democrat,420,1000
11/03/1992,MO,Linn,Bush,republican,580,1000
11/03/1992,ND,Burleigh,Clinton,democrat,420,1000
11/03/1992,ND,Burleigh,Bush,republican,580,1000
11/03/1992,NE,Cuming,Clinton,democrat,420,1000
11/03/1992,NE,Cuming,Bush,republican,580,1000
11/03/1992,OR,Grant,Clinton,democrat,420,1000
11/03/1992,OR,Grant,Bush,republican,580,1000
11/03/1992,SD,Lake,Clinton,democrat,470,1000
11/03/1992,SD,Lake,Bush,republican,530,1000
11/03/1992,TX,Scurry,Clinton,democrat,420,1000
11/03/1992,TX,Scurry,Bush,republican,580,1000
11/03/1992,TX,Castro,Clinton,democrat,420,1000
11/03/1992,TX,Castro,Bush,republican,580,1000
11/03/1992,OH,Harrison,Clinton,democrat,420,1000
11/03/1992,OH,Harrison,Bush,republican,580,1000
11/03/1992,TX,Cochran,Clinton,democrat,420,1000
11/03/1992,TX,Cochran,Bush,republican,580,1000
11/03/1992,KS,Stanton,Clinton,democrat,420,1000
11/03/1992,KS,Stanton,Bush,republican,580,1000
11/03/1992,FL,Monroe,Clinton,democrat,510,1000
11/03/1992,FL,Monroe,Bush,republican,490,1000
11/03/1992,FL,Escambia,Clinton,democrat,470,1000
11/03/1992,FL,Escambia,Bush,republican,530,1000
11/03/1992,IL,Kankakee,Clinton,democrat,470,1000
11/03/1992,IL,Kankakee,Bush,republican,530,1000
11/03/1992,KS,Meade,Clinton,democrat,420,1000
11/03/1992,KS,Meade,Bush,republican,580,1000
11/03/1992,MN,Polk,Clinton,democrat,420,1000
11/03/1992,MN,Polk,Bush,republican,580,1000
11/03/1992,MS,Pike,Clinton,democrat,470,1000
11/03/1992,MS,Pike,Bush,republican,530,1000
11/03/1992,MN,Waseca,Clinton,democrat,420,1000
11/03/1992,MN,Waseca,Bush,republican,580,1000
11/03/1992,OK,Cimarron,Clinton,democrat,420,1000
11/03/1992,OK,Cimarron,Bush,republican,580,1000
11/03/1992,MT,Flathead,Clinton,democrat,420,1000
11/03/1992,MT,Flathead,Bush,republican,580,1000
11/03/1992,UT,Cache,Clinton,democrat,420,1000
11/03/1992,UT,Cache,Bush,republican,580,1000
11/03/1992,AR,Lincoln,Clinton,democrat,420,1000
11/03/1992,AR,Lincoln,Bush,republican,580,1000
11/03/1992,GA,Turner,Clinton,democrat,420,1000
11/03/1992,GA,Turner,Bush,republican,580,1000
11/03/1992,IA,Marshall,Clinton,democrat,510,1000
11/03/1992,IA,Marshall,Bush,republican,490,1000
11/03/1992,MO,Texas,Clinton,democrat,420,1000
11/03/1992,MO,Texas,Bush,republican,580,1000
11/03/1992,GA,Bleckley,Clinton,democrat,420,1000
11/03/1992,GA,Bleckley,Bush,republican,580,1000
11/03/1992,OH,Geauga,Clinton,democrat,420,1000
11/03/1992,OH,Geauga,Bush,republican,580,1000
11/03/1992,OK,Grant,Clinton,democrat,420,1000
11/03/1992,OK,Grant,Bush,republican,580,1000
11/03/1992,MO,Crawford,Clinton,democrat,420,1000
11/03/1992,MO,Crawford,Bush,republican,580,1000
11/03/1992,TX,Tom_Green,Clinton,democrat,420,1000
11/03/1992,TX,Tom_Green,Bush,republican,580,1000
11/03/1992,TX,Roberts,Clinton,democrat,420,1000
11/03/1992,TX,Roberts,Bush,republican,580,1000
11/03/1992,TX,Childress,Clinton,democrat,420,1000
11/03/1992,TX,Childress,Bush,republican,580,1000
11/03/1992,AL,Franklin,Clinton,democrat,420,1000
11/03/1992,AL,Franklin,Bush,republican,580,1000
11/03/1992,IN,Ohio,Clinton,democrat,420,1000
11/03/1992,IN,Ohio,Bush,republican,580,1000
11/03/1992,KS,Nemaha,Clinton,democrat,420,1000
11/03/1992,KS,Nemaha,Bush,republican,580,1000
11/03/1992,MN,Rock,Clinton,democrat,420,1000
11/03/1992,MN,Rock,Bush,republican,580,1000
11/03/1992,NE,Dawes,Clinton,democrat,420,1000
11/03/1992,NE,Dawes,Bush,republican,580,1000
11/03/1992,PA,Greene,Clinton,democrat,420,1000
11/03/1992,PA,Greene,Bush,republican,580,1000
11/03/1992,MO,Phelps,Clinton,democrat,420,1000
11/03/1992,MO,Phelps,Bush,republican,580,1000
11/03/1992,AL,Clay,Clinton,democrat,420,1000
11/03/1992,AL,Clay,Bush,republican,580,1000
11/03/1992,AK,Kusilvak,Clinton,democrat,470,1000
11/03/1992,AK,Kusilvak,Bush,republican,530,1000
11/03/1992,IL,Putnam,Clinton,democrat,470,1000
11/03/1992,IL,Putnam,Bush,republican,530,1000
11/03/1992,IN,Montgomery,Clinton,democrat,420,1000
11/03/1992,IN,Montgomery,Bush,republican,580,1000
11/03/1992,KS,Wichita,Clinton,democrat,420,1000
11/03/1992,KS,Wichita,Bush,republican,580,1000
11/03/1992,MN,Mahnomen,Clinton,democrat,530,1000
11/03/1992,MN,Mahnomen,Bush,republican,470,1000
11/03/1992,MN,Murray,Clinton,democrat,470,1000
11/03/1992,MN,Murray,Bush,republican,530,1000
11/03/1992,NE,Logan,Clinton,democrat,420,1000
11/03/1992,NE,Logan,Bush,republican,580,1000
11/03/1992,ND,Hettinger,Clinton,democrat,420,1000
11/03/1992,ND,Hettinger,Bush,republican,580,1000
11/03/1992,IA,Greene,Clinton,democrat,470,1000
11/03/1992,IA,Greene,Bush,republican,530,1000
11/03/1992,KY,Lee,Clinton,democrat,420,1000
11/03/1992,KY,Lee,Bush,republican,580,1000
11/03/1992,TX,Motley,Clinton,democrat,420,1000
11/03/1992,TX,Motley,Bush,republican,580,1000
11/03/1992,LA,Jackson,Clinton,democrat,420,1000
11/03/1992,LA,Jackson,Bush,republican,580,1000
11/03/1992,VA,Radford,Clinton,democrat,530,1000
11/03/1992,VA,Radford,Bush,republican,470,1000
11/03/1992,ND,Ramsey,Clinton,democrat,470,1000
11/03/1992,ND,Ramsey,Bush,republican,530,1000
11/03/1992,ID,Lincoln,Clinton,democrat,420,1000
11/03/1992,ID,Lincoln,Bush,republican,580,1000
11/03/1992,CO,Cheyenne,Clinton,democrat,420,1000
11/03/1992,CO,Cheyenne,Bush,republican,580,1000
11/03/1992,HI,Maui,Clinton,democrat,530,1000
11/03/1992,HI,Maui,Bush,republican,470,1000
11/03/1992,KS,Comanche,Clinton,democrat,420,1000
11/03/1992,KS,Comanche,Bush,republican,580,1000
11/03/1992,ME,Aroostook,Clinton,democrat,530,1000
11/03/1992,ME,Aroostook,Bush,republican,470,1000
11/03/1992,NE,Thayer,Clinton,democrat,420,1000
11/03/1992,NE,Thayer,Bush,republican,580,1000
11/03/1992,MS,Jasper,Clinton,democrat,420,1000
11/03/1992,MS,Jasper,Bush,republican,580,1000
11/03/1992,MN,Steele,Clinton,democrat,470,1000
11/03/1992,MN,Steele,Bush,republican,530,1000
11/03/1992,SD,Lawrence,Clinton,democrat,420,1000
11/03/1992,SD,Lawrence,Bush,republican,580,1000
11/03/1992,SD,Campbell,Clinton,democrat,420,1000
11/03/1992,SD,Campbell,Bush,republican,580,1000
11/03/1992,MT,Wheatland,Clinton,democrat,420,1000
11/03/1992,MT,Wheatland,Bush,republican,580,1000
11/03/1992,AR,Jackson,Clinton,democrat,420,1000
11/03/1992,AR,Jackson,Bush,republican,580,1000
11/03/1992,FL,Lafayette,Clinton,democrat,420,1000
11/03/1992,FL,Lafayette,Bush,republican,580,1000
11/03/1992,IL,Saline,Clinton,democrat,420,1000
11/03/1992,IL,Saline,Bush,republican,580,1000
11/03/1992,IA,Wapello,Clinton,democrat,580,1000
11/03/1992,IA,Wapello,Bush,republican,420,1000
11/03/1992,MI,Calhoun,Clinton,democrat,490,1000
11/03/1992,MI,Calhoun,Bush,republican,510,1000
11/03/1992,NE,Colfax,Clinton,democrat,420,1000
11/03/1992,NE,Colfax,Bush,republican,580,1000
11/03/1992,ND,Ward,Clinton,democrat,420,1000
11/03/1992,ND,Ward,Bush,republican,580,1000
11/03/1992,NE,Fillmore,Clinton,democrat,420,1000
11/03/1992,NE,Fillmore,Bush,republican,580,1000
11/03/1992,PA,Snyder,Clinton,democrat,420,1000
11/03/1992,PA,Snyder,Bush,republican,580,1000
11/03/1992,IA,Adams,Clinton,democrat,420,1000
11/03/1992,IA,Adams,Bush,republican,580,1000
11/03/1992,VA,Covington,Clinton,democrat,420,1000
11/03/1992,VA,Covington,Bush,republican,580,1000
11/03/1992,WI,Barron,Clinton,democrat,470,1000
11/03/1992,WI,Barron,Bush,republican,530,1000
11/03/1992,TX,Archer,Clinton,democrat,420,1000
11/03/1992,TX,Archer,Bush,republican,580,1000
11/03/1992,UT,Piute,Clinton,democrat,420,1000
11/03/1992,UT,Piute,Bush,republican,580,1000
11/03/1992,KS,Kearny,Clinton,democrat,420,1000
11/03/1992,KS,Kearny,Bush,republican,580,1000
11/03/1992,NE,Johnson,Clinton,democrat,420,1000
11/03/1992,NE,Johnson,Bush,republican,580,1000
11/03/1992,TX,Sutton,Clinton,democrat,420,1000
11/03/1992,TX,Sutton,Bush,republican,580,1000
11/03/1992,IL,Piatt,Clinton,democrat,420,1000
11/03/1992,IL,Piatt,Bush,republican,580,1000
11/03/1992,IL,Schuyler,Clinton,democrat,420,1000
11/03/1992,IL,Schuyler,Bush,republican,580,1000
11/03/1992,TN,McNairy,Clinton,democrat,420,1000
11/03/1992,TN,McNairy,Bush,republican,580,1000
11/03/1992,KY,Edmonson,Clinton,democrat,420,1000
11/03/1992,KY,Edmonson,Bush,republican,580,1000
11/03/1992,IA,O_Brien,Clinton,democrat,420,1000
11/03/1992,IA,O_Brien,Bush,republican,580,1000
11/03/1992,KY,Estill,Clinton,democrat,420,1000
11/03/1992,KY,Estill,Bush,republican,580,1000
11/03/1992,IL,Christian,Clinton,democrat,420,1000
11/03/1992,IL,Christian,Bush,republican,580,1000
11/03/1992,KY,Graves,Clinton,democrat,420,1000
11/03/1992,KY,Graves,Bush,republican,580,1000
11/03/1992,IA,Union,Clinton,democrat,470,1000
11/03/1992,IA,Union,Bush,republican,530,1000
11/03/1992,IL,Marshall,Clinton,democrat,420,1000
11/03/1992,IL,Marshall,Bush,republican,580,1000
11/03/1992,MI,Branch,Clinton,democrat,420,1000
11/03/1992,MI,Branch,Bush,republican,580,1000
11/03/1992,KS,Geary,Clinton,democrat,510,1000
11/03/1992,KS,Geary,Bush,republican,490,1000
11/03/1992,NE,Brown,Clinton,democrat,420,1000
11/03/1992,NE,Brown,Bush,republican,580,1000
11/03/1992,MS,Smith,Clinton,democrat,420,1000
11/03/1992,MS,Smith,Bush,republican,580,1000
11/03/1992,ID,Benewah,Clinton,democrat,420,1000
11/03/1992,ID,Benewah,Bush,republican,580,1000
11/03/1992,IN,Fountain,Clinton,democrat,420,1000
11/03/1992,IN,Fountain,Bush,republican,580,1000
11/03/1992,TX,Moore,Clinton,democrat,420,1000
11/03/1992,TX,Moore,Bush,republican,580,1000
11/03/1992,OK,Lincoln,Clinton,democrat,420,1000
11/03/1992,OK,Lincoln,Bush,republican,580,1000
11/03/1992,UT,San_Juan,Clinton,democrat,420,1000
11/03/1992,UT,San_Juan,Bush,republican,580,1000
11/03/1992,IA,Mahaska,Clinton,democrat,470,1000
11/03/1992,IA,Mahaska,Bush,republican,530,1000
11/03/1992,IN,Pulaski,Clinton,democrat,420,1000
11/03/1992,IN,Pulaski,Bush,republican,580,1000
11/03/1992,KY,Christian,Clinton,democrat,420,1000
11/03/1992,KY,Christian,Bush,republican,580,1000
11/03/1992,ND,Richland,Clinton,democrat,530,1000
11/03/1992,ND,Richland,Bush,republican,470,1000
11/03/1992,MO,Dade,Clinton,democrat,420,1000
11/03/1992,MO,Dade,Bush,republican,580,1000
11/03/1992,MO,Dallas,Clinton,democrat,420,1000
11/03/1992,MO,Dallas,Bush,republican,580,1000
11/03/1992,IN,Clay,Clinton,democrat,420,1000
11/03/1992,IN,Clay,Bush,republican,580,1000
11/03/1992,GA,Floyd,Clinton,democrat,420,1000
11/03/1992,GA,Floyd,Bush,republican,580,1000
11/03/1992,NE,Box_Butte,Clinton,democrat,420,1000
11/03/1992,NE,Box_Butte,Bush,republican,580,1000
11/03/1992,KS,Ford,Clinton,democrat,420,1000
11/03/1992,KS,Ford,Bush,republican,580,1000
11/03/1992,IN,Madison,Clinton,democrat,420,1000
11/03/1992,IN,Madison,Bush,republican,580,1000
11/03/1992,KS,Ness,Clinton,democrat,420,1000
11/03/1992,KS,Ness,Bush,republican,580,1000
11/03/1992,NE,Hooker,Clinton,democrat,420,1000
11/03/1992,NE,Hooker,Bush,republican,580,1000
11/03/1992,IL,Clay,Clinton,democrat,420,1000
11/03/1992,IL,Clay,Bush,republican,580,1000
11/03/1992,MO,Knox,Clinton,democrat,420,1000
11/03/1992,MO,Knox,Bush,republican,580,1000
11/03/1992,MO,Osage,Clinton,democrat,420,1000
11/03/1992,MO,Osage,Bush,republican,580,1000
11/03/1992,MI,Livingston,Clinton,democrat,470,1000
11/03/1992,MI,Livingston,Bush,republican,530,1000
11/03/1992,AL,Randolph,Clinton,democrat,420,1000
11/03/1992,AL,Randolph,Bush,republican,580,1000
11/03/1992,MI,Roscommon,Clinton,democrat,420,1000
11/03/1992,MI,Roscommon,Bush,republican,580,1000
11/03/1992,OH,Carroll,Clinton,democrat,420,1000
11/03/1992,OH,Carroll,Bush,republican,580,1000
11/03/1992,ND,Cass,Clinton,democrat,490,1000
11/03/1992,ND,Cass,Bush,republican,510,1000
11/03/1992,NE,Madison,Clinton,democrat,420,1000
11/03/1992,NE,Madison,Bush,republican,580,1000
11/03/1992,NE,Perkins,Clinton,democrat,420,1000
11/03/1992,NE,Perkins,Bush,republican,580,1000
11/03/1992,NE,Pierce,Clinton,democrat,420,1000
11/03/1992,NE,Pierce,Bush,republican,580,1000
11/03/1992,AR,Cleburne,Clinton,democrat,420,1000
11/03/1992,AR,Cleburne,Bush,republican,580,1000
11/03/1992,NE,Platte,Clinton,democrat,420,1000
11/03/1992,NE,Platte,Bush,republican,580,1000
11/03/1992,NH,Coos,Clinton,democrat,580,1000
11/03/1992,NH,Coos,Bush,republican,420,1000
11/03/1992,MN,Swift,Clinton,democrat,470,1000
11/03/1992,MN,Swift,Bush,republican,530,1000
11/03/1992,WI,Langlade,Clinton,democrat,420,1000
11/03/1992,WI,Langlade,Bush,republican,580,1000
11/03/1992,MI,Isabella,Clinton,democrat,530,1000
11/03/1992,MI,Isabella,Bush,republican,470,1000
11/03/1992,MN,McLeod,Clinton,democrat,420,1000
11/03/1992,MN,McLeod,Bush,republican,580,1000
11/03/1992,NH,Grafton,Clinton,democrat,580,1000
11/03/1992,NH,Grafton,Bush,republican,420,1000
11/03/1992,AK,Petersburg,Clinton,democrat,530,1000
11/03/1992,AK,Petersburg,Bush,republican,470,1000
11/03/1992,MI,Missaukee,Clinton,democrat,420,1000
11/03/1992,MI,Missaukee,Bush,republican,580,1000
11/03/1992,MO,Oregon,Clinton,democrat,420,1000
11/03/1992,MO,Oregon,Bush,republican,580,1000
11/03/1992,ND,Griggs,Clinton,democrat,420,1000
11/03/1992,ND,Griggs,Bush,republican,580,1000
11/03/1992,TX,Goliad,Clinton,democrat,420,1000
11/03/1992,TX,Goliad,Bush,republican,580,1000
11/03/1992,NE,Chase,Clinton,democrat,420,1000
11/03/1992,NE,Chase,Bush,republican,580,1000
11/03/1992,KS,Allen,Clinton,democrat,420,1000
11/03/1992,KS,Allen,Bush,republican,580,1000
11/03/1992,KS,Chase,Clinton,democrat,470,1000
11/03/1992,KS,Chase,Bush,republican,530,1000
11/03/1992,KS,Greenwood,Clinton,democrat,420,1000
11/03/1992,KS,Greenwood,Bush,republican,580,1000
11/03/1992,TX,Cottle,Clinton,democrat,420,1000
11/03/1992,TX,Cottle,Bush,republican,580,1000
11/03/1992,NM,Eddy,Clinton,democrat,420,1000
11/03/1992,NM,Eddy,Bush,republican,580,1000
11/03/1992,IL,Coles,Clinton,democrat,420,1000
11/03/1992,IL,Coles,Bush,republican,580,1000
11/03/1992,KS,Elk,Clinton,democrat,420,1000
11/03/1992,KS,Elk,Bush,republican,580,1000
11/03/1992,KS,Woodson,Clinton,democrat,420,1000
11/03/1992,KS,Woodson,Bush,republican,580,1000
11/03/1992,MI,Gratiot,Clinton,democrat,420,1000
11/03/1992,MI,Gratiot,Bush,republican,580,1000
11/03/1992,KS,Marion,Clinton,democrat,420,1000
11/03/1992,KS,Marion,Bush,republican,580,1000
11/03/1992,KS,Neosho,Clinton,democrat,420,1000
11/03/1992,KS,Neosho,Bush,republican,580,1000
11/03/1992,MI,Ionia,Clinton,democrat,420,1000
11/03/1992,MI,Ionia,Bush,republican,580,1000
11/03/1992,MN,Cottonwood,Clinton,democrat,420,1000
11/03/1992,MN,Cottonwood,Bush,republican,580,1000
11/03/1992,KY,Montgomery,Clinton,democrat,420,1000
11/03/1992,KY,Montgomery,Bush,republican,580,1000
11/03/1992,MN,Kandiyohi,Clinton,democrat,420,1000
11/03/1992,MN,Kandiyohi,Bush,republican,580,1000
11/03/1992,MI,Mecosta,Clinton,democrat,420,1000
11/03/1992,MI,Mecosta,Bush,republican,580,1000
11/03/1992,SD,Grant,Clinton,democrat,420,1000
11/03/1992,SD,Grant,Bush,republican,580,1000
11/03/1992,MN,Faribault,Clinton,democrat,470,1000
11/03/1992,MN,Faribault,Bush,republican,530,1000
11/03/1992,KY,Robertson,Clinton,democrat,420,1000
11/03/1992,KY,Robertson,Bush,republican,580,1000
11/03/1992,IL,Effingham,Clinton,democrat,420,1000
11/03/1992,IL,Effingham,Bush,republican,580,1000
11/03/1992,MN,Benton,Clinton,democrat,420,1000
11/03/1992,MN,Benton,Bush,republican,580,1000
11/03/1992,TX,Falls,Clinton,democrat,420,1000
11/03/1992,TX,Falls,Bush,republican,580,1000
11/03/1992,SD,Aurora,Clinton,democrat,420,1000
11/03/1992,SD,Aurora,Bush,republican,580,1000
11/03/1992,MA,Nantucket,Clinton,democrat,580,1000
11/03/1992,MA,Nantucket,Bush,republican,420,1000
11/03/1992,SD,Beadle,Clinton,democrat,420,1000
11/03/1992,SD,Beadle,Bush,republican,580,1000
11/03/1992,SD,Spink,Clinton,democrat,420,1000
11/03/1992,SD,Spink,Bush,republican,580,1000
11/03/1992,SD,Yankton,Clinton,democrat,420,1000
11/03/1992,SD,Yankton,Bush,republican,580,1000
11/03/1992,SD,Hutchinson,Clinton,democrat,420,1000
11/03/1992,SD,Hutchinson,Bush,republican,580,1000
11/03/1992,PA,Cameron,Clinton,democrat,420,1000
11/03/1992,PA,Cameron,Bush,republican,580,1000
11/03/1992,AK,Hoonah_Angoon,Clinton,democrat,470,1000
11/03/1992,AK,Hoonah_Angoon,Bush,republican,530,1000
11/03/1992,TN,Hardin,Clinton,democrat,420,1000
11/03/1992,TN,Hardin,Bush,republican,580,1000
11/03/1992,SD,McCook,Clinton,democrat,420,1000
11/03/1992,SD,McCook,Bush,republican,580,1000
11/03/1992,SD,Jerauld,Clinton,democrat,420,1000
11/03/1992,SD,Jerauld,Bush,republican,580,1000
11/03/1992,WV,Barbour,Clinton,democrat,420,1000
11/03/1992,WV,Barbour,Bush,republican,580,1000
11/03/1992,VA,Goochland,Clinton,democrat,420,1000
11/03/1992,VA,Goochland,Bush,republican,580,1000
11/03/1992,MN,Le_Sueur,Clinton,democrat,470,1000
11/03/1992,MN,Le_Sueur,Bush,republican,530,1000
11/03/1992,TX,Karnes,Clinton,democrat,420,1000
11/03/1992,TX,Karnes,Bush,republican,580,1000
11/03/1992,MN,Martin,Clinton,democrat,420,1000
11/03/1992,MN,Martin,Bush,republican,580,1000
11/03/1992,MO,Adair,Clinton,democrat,420,1000
11/03/1992,MO,Adair,Bush,republican,580,1000
11/03/1992,WI,Price,Clinton,democrat,420,1000
11/03/1992,WI,Price,Bush,republican,580,1000
11/03/1992,WI,Dunn,Clinton,democrat,420,1000
11/03/1992,WI,Dunn,Bush,republican,580,1000
11/03/1992,WY,Natrona,Clinton,democrat,420,1000
11/03/1992,WY,Natrona,Bush,republican,580,1000
11/03/1992,WY,Niobrara,Clinton,democrat,420,1000
11/03/1992,WY,Niobrara,Bush,republican,580,1000
11/03/1992,WY,Park,Clinton,democrat,420,1000
11/03/1992,WY,Park,Bush,republican,580,1000
11/03/1992,SC,Saluda,Clinton,democrat,420,1000
11/03/1992,SC,Saluda,Bush,republican,580,1000
11/03/1992,OR,Wheeler,Clinton,democrat,420,1000
11/03/1992,OR,Wheeler,Bush,republican,580,1000
11/03/1992,VT,Essex,Clinton,democrat,530,1000
11/03/1992,VT,Essex,Bush,republican,470,1000
11/03/1992,WA,Skamania,Clinton,democrat,530,1000
11/03/1992,WA,Skamania,Bush,republican,470,1000
11/03/1992,MN,Cook,Clinton,democrat,580,1000
11/03/1992,MN,Cook,Bush,republican,420,1000
11/03/1992,OH,Crawford,Clinton,democrat,420,1000
11/03/1992,OH,Crawford,Bush,republican,580,1000
11/03/1992,OH,Hancock,Clinton,democrat,420,1000
11/03/1992,OH,Hancock,Bush,republican,580,1000
11/03/1992,OH,Hocking,Clinton,democrat,420,1000
11/03/1992,OH,Hocking,Bush,republican,580,1000
11/03/1992,OH,Huron,Clinton,democrat,420,1000
11/03/1992,OH,Huron,Bush,republican,580,1000
11/03/1992,TX,Yoakum,Clinton,democrat,420,1000
11/03/1992,TX,Yoakum,Bush,republican,580,1000
11/03/1992,TX,Armstrong,Clinton,democrat,420,1000
11/03/1992,TX,Armstrong,Bush,republican,580,1000
11/03/1992,TX,Jim_Wells,Clinton,democrat,420,1000
11/03/1992,TX,Jim_Wells,Bush,republican,580,1000
11/03/1992,OK,Dewey,Clinton,democrat,420,1000
11/03/1992,OK,Dewey,Bush,republican,580,1000
11/03/1992,TX,Hemphill,Clinton,democrat,420,1000
11/03/1992,TX,Hemphill,Bush,republican,580,1000
11/03/1992,ME,Kennebec,Clinton,democrat,530,1000
11/03/1992,ME,Kennebec,Bush,republican,470,1000
11/03/1992,IA,Grundy,Clinton,democrat,420,1000
11/03/1992,IA,Grundy,Bush,republican,580,1000
11/03/1992,MN,Isanti,Clinton,democrat,420,1000
11/03/1992,MN,Isanti,Bush,republican,580,1000
11/03/1992,TX,Schleicher,Clinton,democrat,420,1000
11/03/1992,TX,Schleicher,Bush,republican,580,1000
11/03/1992,OK,Okmulgee,Clinton,democrat,420,1000
11/03/1992,OK,Okmulgee,Bush,republican,580,1000
11/03/1992,MT,Garfield,Clinton,democrat,420,1000
11/03/1992,MT,Garfield,Bush,republican,580,1000
11/03/1992,TX,Stephens,Clinton,democrat,420,1000
11/03/1992,TX,Stephens,Bush,republican,580,1000
11/03/1992,NE,Arthur,Clinton,democrat,420,1000
11/03/1992,NE,Arthur,Bush,republican,580,1000
11/03/1992,TX,Swisher,Clinton,democrat,420,1000
11/03/1992,TX,Swisher,Bush,republican,580,1000
11/03/1992,MO,Pettis,Clinton,democrat,420,1000
11/03/1992,MO,Pettis,Bush,republican,580,1000
11/03/1992,TX,Lamb,Clinton,democrat,420,1000
11/03/1992,TX,Lamb,Bush,republican,580,1000
11/03/1992,TX,Palo_Pinto,Clinton,democrat,420,1000
11/03/1992,TX,Palo_Pinto,Bush,republican,580,1000
11/03/1992,GA,White,Clinton,democrat,420,1000
11/03/1992,GA,White,Bush,republican,580,1000
11/03/1992,OR,Wasco,Clinton,democrat,530,1000
11/03/1992,OR,Wasco,Bush,republican,470,1000
11/03/1992,AK,Bethel,Clinton,democrat,420,1000
11/03/1992,AK,Bethel,Bush,republican,580,1000
11/03/1992,AR,St_Francis,Clinton,democrat,530,1000
11/03/1992,AR,St_Francis,Bush,republican,470,1000
11/03/1992,AK,Aleutians_East,Clinton,democrat,420,1000
11/03/1992,AK,Aleutians_East,Bush,republican,580,1000
11/03/1992,WI,Monroe,Clinton,democrat,470,1000
11/03/1992,WI,Monroe,Bush,republican,530,1000
11/03/1992,AK,Ketchikan_Gateway,Clinton,democrat,420,1000
11/03/1992,AK,Ketchikan_Gateway,Bush,republican,580,1000
11/03/1992,AK,Lake_and_Peninsula,Clinton,democrat,420,1000
11/03/1992,AK,Lake_and_Peninsula,Bush,republican,580,1000
11/03/1992,ND,Stutsman,Clinton,democrat,420,1000
11/03/1992,ND,Stutsman,Bush,republican,580,1000
11/03/1992,OH,Paulding,Clinton,democrat,420,1000
11/03/1992,OH,Paulding,Bush,republican,580,1000
11/03/1992,MS,Choctaw,Clinton,democrat,420,1000
11/03/1992,MS,Choctaw,Bush,republican,580,1000
11/03/1992,SD,Sully,Clinton,democrat,420,1000
11/03/1992,SD,Sully,Bush,republican,580,1000
11/03/1992,MO,Stoddard,Clinton,democrat,420,1000
11/03/1992,MO,Stoddard,Bush,republican,580,1000
11/03/1992,TX,Hall,Clinton,democrat,420,1000
11/03/1992,TX,Hall,Bush,republican,580,1000
11/03/1992,MO,Stone,Clinton,democrat,420,1000
11/03/1992,MO,Stone,Bush,republican,580,1000
11/03/1992,MO,Webster,Clinton,democrat,420,1000
11/03/1992,MO,Webster,Bush,republican,580,1000
11/03/1992,NC,Forsyth,Clinton,democrat,580,1000
11/03/1992,NC,Forsyth,Bush,republican,420,1000
11/03/1992,VA,Danville,Clinton,democrat,580,1000
11/03/1992,VA,Danville,Bush,republican,420,1000
11/03/1992,VA,Franklin,Clinton,democrat,580,1000
11/03/1992,VA,Franklin,Bush,republican,420,1000
11/03/1992,KS,Brown,Clinton,democrat,420,1000
11/03/1992,KS,Brown,Bush,republican,580,1000
11/03/1992,VA,Martinsville,Clinton,democrat,580,1000
11/03/1992,VA,Martinsville,Bush,republican,420,1000
11/03/1992,KS,Butler,Clinton,democrat,470,1000
11/03/1992,KS,Butler,Bush,republican,530,1000
11/03/1992,TX,Hood,Clinton,democrat,420,1000
11/03/1992,TX,Hood,Bush,republican,580,1000
11/03/1992,VA,Staunton,Clinton,democrat,580,1000
11/03/1992,VA,Staunton,Bush,republican,420,1000
11/03/1992,FL,DeSoto,Clinton,democrat,470,1000
11/03/1992,FL,DeSoto,Bush,republican,530,1000
11/03/1992,FL,Highlands,Clinton,democrat,420,1000
11/03/1992,FL,Highlands,Bush,republican,580,1000
11/03/1992,MO,Wright,Clinton,democrat,420,1000
11/03/1992,MO,Wright,Bush,republican,580,1000
11/03/1992,KS,Anderson,Clinton,democrat,420,1000
11/03/1992,KS,Anderson,Bush,republican,580,1000
11/03/1992,VA,Amelia,Clinton,democrat,420,1000
11/03/1992,VA,Amelia,Bush,republican,580,1000
11/03/1992,IA,Crawford,Clinton,democrat,420,1000
11/03/1992,IA,Crawford,Bush,republican,580,1000
11/03/1992,IA,Davis,Clinton,democrat,490,1000
11/03/1992,IA,Davis,Bush,republican,510,1000
11/03/1992,IA,Delaware,Clinton,democrat,510,1000
11/03/1992,IA,Delaware,Bush,republican,490,1000
11/03/1992,KS,Miami,Clinton,democrat,470,1000
11/03/1992,KS,Miami,Bush,republican,530,1000
11/03/1992,TX,LaSalle,Clinton,democrat,420,1000
11/03/1992,TX,LaSalle,Bush,republican,580,1000
11/03/1992,KS,McPherson,Clinton,democrat,420,1000
11/03/1992,KS,McPherson,Bush,republican,580,1000
11/03/1992,IA,Franklin,Clinton,democrat,470,1000
11/03/1992,IA,Franklin,Bush,republican,530,1000
11/03/1992,KS,Logan,Clinton,democrat,420,1000
11/03/1992,KS,Logan,Bush,republican,580,1000
11/03/1992,IA,Hamilton,Clinton,democrat,470,1000
11/03/1992,IA,Hamilton,Bush,republican,530,1000
11/03/1992,TX,McLennan,Clinton,democrat,420,1000
11/03/1992,TX,McLennan,Bush,republican,580,1000
11/03/1992,ID,Custer,Clinton,democrat,420,1000
11/03/1992,ID,Custer,Bush,republican,580,1000
11/03/1992,KS,Sherman,Clinton,democrat,420,1000
11/03/1992,KS,Sherman,Bush,republican,580,1000
11/03/1992,IA,Ida,Clinton,democrat,420,1000
11/03/1992,IA,Ida,Bush,republican,580,1000
11/03/1992,OH,Perry,Clinton,democrat,420,1000
11/03/1992,OH,Perry,Bush,republican,580,1000
11/03/1992,CO,Morgan,Clinton,democrat,420,1000
11/03/1992,CO,Morgan,Bush,republican,580,1000
11/03/1992,TX,Real,Clinton,democrat,420,1000
11/03/1992,TX,Real,Bush,republican,580,1000
11/03/1992,GA,Crisp,Clinton,democrat,420,1000
11/03/1992,GA,Crisp,Bush,republican,580,1000
11/03/1992,OH,Ross,Clinton,democrat,420,1000
11/03/1992,OH,Ross,Bush,republican,580,1000
11/03/1992,CO,Montrose,Clinton,democrat,420,1000
11/03/1992,CO,Montrose,Bush,republican,580,1000
11/03/1992,OH,Shelby,Clinton,democrat,420,1000
11/03/1992,OH,Shelby,Bush,republican,580,1000
11/03/1992,GA,Evans,Clinton,democrat,420,1000
11/03/1992,GA,Evans,Bush,republican,580,1000
11/03/1992,IL,Cumberland,Clinton,democrat,420,1000
11/03/1992,IL,Cumberland,Bush,republican,580,1000
11/03/1992,OH,Union,Clinton,democrat,420,1000
11/03/1992,OH,Union,Bush,republican,580,1000
11/03/1992,GA,Jeff_Davis,Clinton,democrat,420,1000
11/03/1992,GA,Jeff_Davis,Bush,republican,580,1000
11/03/1992,AR,Stone,Clinton,democrat,420,1000
11/03/1992,AR,Stone,Bush,republican,580,1000
11/03/1992,MO,Henry,Clinton,democrat,420,1000
11/03/1992,MO,Henry,Bush,republican,580,1000
11/03/1992,TX,Menard,Clinton,democrat,420,1000
11/03/1992,TX,Menard,Bush,republican,580,1000
11/03/1992,TX,Midland,Clinton,democrat,420,1000
11/03/1992,TX,Midland,Bush,republican,580,1000
11/03/1992,TX,Nolan,Clinton,democrat,420,1000
11/03/1992,TX,Nolan,Bush,republican,580,1000
11/03/1992,TX,Reagan,Clinton,democrat,420,1000
11/03/1992,TX,Reagan,Bush,republican,580,1000
11/03/1992,OK,Stephens,Clinton,democrat,420,1000
11/03/1992,OK,Stephens,Bush,republican,580,1000
11/03/1992,MO,St_Francois,Clinton,democrat,420,1000
11/03/1992,MO,St_Francois,Bush,republican,580,1000
11/03/1992,CO,Kiowa,Clinton,democrat,420,1000
11/03/1992,CO,Kiowa,Bush,republican,580,1000
11/03/1992,TX,Mason,Clinton,democrat,420,1000
11/03/1992,TX,Mason,Bush,republican,580,1000
11/03/1992,TX,Glasscock,Clinton,democrat,420,1000
11/03/1992,TX,Glasscock,Bush,republican,580,1000
11/03/1992,TX,Kendall,Clinton,democrat,420,1000
11/03/1992,TX,Kendall,Bush,republican,580,1000
11/03/1992,OK,Grady,Clinton,democrat,420,1000
11/03/1992,OK,Grady,Bush,republican,580,1000
11/03/1992,OK,Cleveland,Clinton,democrat,470,1000
11/03/1992,OK,Cleveland,Bush,republican,530,1000
11/03/1992,PA,Susquehanna,Clinton,democrat,420,1000
11/03/1992,PA,Susquehanna,Bush,republican,580,1000
11/03/1992,TX,Morris,Clinton,democrat,420,1000
11/03/1992,TX,Morris,Bush,republican,580,1000
11/03/1992,TX,Hunt,Clinton,democrat,420,1000
11/03/1992,TX,Hunt,Bush,republican,580,1000
11/03/1992,NY,Schenectady,Clinton,democrat,580,1000
11/03/1992,NY,Schenectady,Bush,republican,420,1000
11/03/1992,OK,Carter,Clinton,democrat,420,1000
11/03/1992,OK,Carter,Bush,republican,580,1000
11/03/1992,OK,Coal,Clinton,democrat,420,1000
11/03/1992,OK,Coal,Bush,republican,580,1000
11/03/1992,OK,Murray,Clinton,democrat,420,1000
11/03/1992,OK,Murray,Bush,republican,580,1000
11/03/1992,OK,Haskell,Clinton,democrat,420,1000
11/03/1992,OK,Haskell,Bush,republican,580,1000
11/03/1992,OH,Athens,Clinton,democrat,580,1000
11/03/1992,OH,Athens,Bush,republican,420,1000
11/03/1992,AK,Yukon-Koyukuk,Clinton,democrat,420,1000
11/03/1992,AK,Yukon-Koyukuk,Bush,republican,580,1000
11/03/1992,AL,Monroe,Clinton,democrat,420,1000
11/03/1992,AL,Monroe,Bush,republican,580,1000
11/03/1992,MS,Humphreys,Clinton,democrat,420,1000
11/03/1992,MS,Humphreys,Bush,republican,580,1000
11/03/1992,MS,Quitman,Clinton,democrat,580,1000
11/03/1992,MS,Quitman,Bush,republican,420,1000
11/03/1992,MO,Sullivan,Clinton,democrat,420,1000
11/03/1992,MO,Sullivan,Bush,republican,580,1000
11/03/1992,TX,Lampasas,Clinton,democrat,420,1000
11/03/1992,TX,Lampasas,Bush,republican,580,1000
11/03/1992,TX,Limestone,Clinton,democrat,420,1000
11/03/1992,TX,Limestone,Bush,republican,580,1000
11/03/1992,TX,Bell,Clinton,democrat,470,1000
11/03/1992,TX,Bell,Bush,republican,530,1000
11/03/1992,WI,Brown,Clinton,democrat,530,1000
11/03/1992,WI,Brown,Bush,republican,470,1000
11/03/1992,MS,Jones,Clinton,democrat,420,1000
11/03/1992,MS,Jones,Bush,republican,580,1000
11/03/1992,MS,Kemper,Clinton,democrat,470,1000
11/03/1992,MS,Kemper,Bush,republican,530,1000
11/03/1992,NV,Mineral,Clinton,democrat,470,1000
11/03/1992,NV,Mineral,Bush,republican,530,1000
11/03/1992,NM,Bernalillo,Clinton,democrat,580,1000
11/03/1992,NM,Bernalillo,Bush,republican,420,1000
11/03/1992,FL,Hamilton,Clinton,democrat,420,1000
11/03/1992,FL,Hamilton,Bush,republican,580,1000
11/03/1992,HI,Kalawao,Clinton,democrat,580,1000
11/03/1992,HI,Kalawao,Bush,republican,420,1000
11/03/1992,FL,Clay,Clinton,democrat,420,1000
11/03/1992,FL,Clay,Bush,republican,580,1000
11/03/1992,MN,Hubbard,Clinton,democrat,420,1000
11/03/1992,MN,Hubbard,Bush,republican,580,1000
11/03/1992,TX,Carson,Clinton,democrat,420,1000
11/03/1992,TX,Carson,Bush,republican,580,1000
11/03/1992,ND,Eddy,Clinton,democrat,420,1000
11/03/1992,ND,Eddy,Bush,republican,580,1000
11/03/1992,AK,Nome,Clinton,democrat,420,1000
11/03/1992,AK,Nome,Bush,republican,580,1000
11/03/1992,KS,Pawnee,Clinton,democrat,420,1000
11/03/1992,KS,Pawnee,Bush,republican,580,1000
11/03/1992,KS,Stafford,Clinton,democrat,420,1000
11/03/1992,KS,Stafford,Bush,republican,580,1000
11/03/1992,ND,McHenry,Clinton,democrat,420,1000
11/03/1992,ND,McHenry,Bush,republican,580,1000
11/03/1992,IL,Warren,Clinton,democrat,420,1000
11/03/1992,IL,Warren,Bush,republican,580,1000
11/03/1992,NV,Clark,Clinton,democrat,530,1000
11/03/1992,NV,Clark,Bush,republican,470,1000
11/03/1992,KS,Lincoln,Clinton,democrat,420,1000
11/03/1992,KS,Lincoln,Bush,republican,580,1000
11/03/1992,AL,Barbour,Clinton,democrat,420,1000
11/03/1992,AL,Barbour,Bush,republican,580,1000
11/03/1992,TN,Fayette,Clinton,democrat,470,1000
11/03/1992,TN,Fayette,Bush,republican,530,1000
11/03/1992,KS,Rush,Clinton,democrat,420,1000
11/03/1992,KS,Rush,Bush,republican,580,1000
11/03/1992,IL,Boone,Clinton,democrat,490,1000
11/03/1992,IL,Boone,Bush,republican,510,1000
11/03/1992,ND,Bowman,Clinton,democrat,420,1000
11/03/1992,ND,Bowman,Bush,republican,580,1000
11/03/1992,IN,Huntington,Clinton,democrat,420,1000
11/03/1992,IN,Huntington,Bush,republican,580,1000
11/03/1992,KS,Ellsworth,Clinton,democrat,420,1000
11/03/1992,KS,Ellsworth,Bush,republican,580,1000
11/03/1992,IN,DeKalb,Clinton,democrat,420,1000
11/03/1992,IN,DeKalb,Bush,republican,580,1000
11/03/1992,IN,Grant,Clinton,democrat,420,1000
11/03/1992,IN,Grant,Bush,republican,580,1000
11/03/1992,IN,Miami,Clinton,democrat,420,1000
11/03/1992,IN,Miami,Bush,republican,580,1000
11/03/1992,IN,Tipton,Clinton,democrat,420,1000
11/03/1992,IN,Tipton,Bush,republican,580,1000
11/03/1992,UT,Summit,Clinton,democrat,580,1000
11/03/1992,UT,Summit,Bush,republican,420,1000
11/03/1992,MO,Polk,Clinton,democrat,420,1000
11/03/1992,MO,Polk,Bush,republican,580,1000
11/03/1992,CA,Nevada,Clinton,democrat,530,1000
11/03/1992,CA,Nevada,Bush,republican,470,1000
11/03/1992,WI,Shawano,Clinton,democrat,420,1000
11/03/1992,WI,Shawano,Bush,republican,580,1000
11/03/1992,ID,Idaho,Clinton,democrat,420,1000
11/03/1992,ID,Idaho,Bush,republican,580,1000
11/03/1992,SD,Codington,Clinton,democrat,420,1000
11/03/1992,SD,Codington,Bush,republican,580,1000
11/03/1992,ND,Rolette,Clinton,democrat,580,1000
11/03/1992,ND,Rolette,Bush,republican,420,1000
11/03/1992,KS,Mitchell,Clinton,democrat,420,1000
11/03/1992,KS,Mitchell,Bush,republican,580,1000
11/03/1992,KS,Scott,Clinton,democrat,420,1000
11/03/1992,KS,Scott,Bush,republican,580,1000
11/03/1992,KS,Washington,Clinton,democrat,420,1000
11/03/1992,KS,Washington,Bush,republican,580,1000
11/03/1992,LA,Concordia,Clinton,democrat,420,1000
11/03/1992,LA,Concordia,Bush,republican,580,1000
11/03/1992,GA,Marion,Clinton,democrat,490,1000
11/03/1992,GA,Marion,Bush,republican,510,1000
11/03/1992,LA,Iberville,Clinton,democrat,530,1000
11/03/1992,LA,Iberville,Bush,republican,470,1000
11/03/1992,TX,Blanco,Clinton,democrat,420,1000
11/03/1992,TX,Blanco,Bush,republican,580,1000
11/03/1992,VA,Norton,Clinton,democrat,420,1000
11/03/1992,VA,Norton,Bush,republican,580,1000
11/03/1992,TX,Kimble,Clinton,democrat,420,1000
11/03/1992,TX,Kimble,Bush,republican,580,1000
11/03/1992,TX,Dawson,Clinton,democrat,420,1000
11/03/1992,TX,Dawson,Bush,republican,580,1000
11/03/1992,OK,Blaine,Clinton,democrat,420,1000
11/03/1992,OK,Blaine,Bush,republican,580,1000
11/03/1992,KS,Barber,Clinton,democrat,420,1000
11/03/1992,KS,Barber,Bush,republican,580,1000
11/03/1992,TX,Wilson,Clinton,democrat,470,1000
11/03/1992,TX,Wilson,Bush,republican,530,1000
11/03/1992,WI,Rusk,Clinton,democrat,420,1000
11/03/1992,WI,Rusk,Bush,republican,580,1000
11/03/1992,VA,Colonial_Heights,Clinton,democrat,530,1000
11/03/1992,VA,Colonial_Heights,Bush,republican,470,1000
11/03/1992,TX,Baylor,Clinton,democrat,420,1000
11/03/1992,TX,Baylor,Bush,republican,580,1000
11/03/1992,KS,Wallace,Clinton,democrat,420,1000
11/03/1992,KS,Wallace,Bush,republican,580,1000
11/03/1992,KS,Seward,Clinton,democrat,420,1000
11/03/1992,KS,Seward,Bush,republican,580,1000
11/03/1992,MS,Lauderdale,Clinton,democrat,490,1000
11/03/1992,MS,Lauderdale,Bush,republican,510,1000
11/03/1992,MS,Perry,Clinton,democrat,420,1000
11/03/1992,MS,Perry,Bush,republican,580,1000
11/03/1992,AR,Saline,Clinton,democrat,420,1000
11/03/1992,AR,Saline,Bush,republican,580,1000
11/03/1992,IL,Bureau,Clinton,democrat,420,1000
11/03/1992,IL,Bureau,Bush,republican,580,1000
11/03/1992,IN,Wabash,Clinton,democrat,420,1000
11/03/1992,IN,Wabash,Bush,republican,580,1000
11/03/1992,MO,Carter,Clinton,democrat,420,1000
11/03/1992,MO,Carter,Bush,republican,580,1000
11/03/1992,NE,McPherson,Clinton,democrat,420,1000
11/03/1992,NE,McPherson,Bush,republican,580,1000
11/03/1992,MO,Macon,Clinton,democrat,420,1000
11/03/1992,MO,Macon,Bush,republican,580,1000
11/03/1992,KS,Coffey,Clinton,democrat,420,1000
11/03/1992,KS,Coffey,Bush,republican,580,1000
11/03/1992,VA,Salem,Clinton,democrat,470,1000
11/03/1992,VA,Salem,Bush,republican,530,1000
11/03/1992,WI,Lincoln,Clinton,democrat,420,1000
11/03/1992,WI,Lincoln,Bush,republican,580,1000
11/03/1992,OH,Morgan,Clinton,democrat,420,1000
11/03/1992,OH,Morgan,Bush,republican,580,1000
11/03/1992,WI,Richland,Clinton,democrat,470,1000
11/03/1992,WI,Richland,Bush,republican,530,1000
11/03/1992,ID,Lemhi,Clinton,democrat,420,1000
11/03/1992,ID,Lemhi,Bush,republican,580,1000
11/03/1992,IA,Dickinson,Clinton,democrat,420,1000
11/03/1992,IA,Dickinson,Bush,republican,580,1000
11/03/1992,MI,Sanilac,Clinton,democrat,420,1000
11/03/1992,MI,Sanilac,Bush,republican,580,1000
11/03/1992,MS,Pontotoc,Clinton,democrat,420,1000
11/03/1992,MS,Pontotoc,Bush,republican,580,1000
11/03/1992,NY,Suffolk,Clinton,democrat,510,1000
11/03/1992,NY,Suffolk,Bush,republican,490,1000
11/03/1992,VA,Grayson,Clinton,democrat,420,1000
11/03/1992,VA,Grayson,Bush,republican,580,1000
11/03/1992,CO,Elbert,Clinton,democrat,420,1000
11/03/1992,CO,Elbert,Bush,republican,580,1000
11/03/1992,IN,Franklin,Clinton,democrat,420,1000
11/03/1992,IN,Franklin,Bush,republican,580,1000
11/03/1992,IA,Linn,Clinton,democrat,530,1000
11/03/1992,IA,Linn,Bush,republican,470,1000
11/03/1992,MI,Wexford,Clinton,democrat,420,1000
11/03/1992,MI,Wexford,Bush,republican,580,1000
11/03/1992,OH,Wyandot,Clinton,democrat,420,1000
11/03/1992,OH,Wyandot,Bush,republican,580,1000
11/03/1992,NE,Franklin,Clinton,democrat,420,1000
11/03/1992,NE,Franklin,Bush,republican,580,1000
11/03/1992,WV,McDowell,Clinton,democrat,420,1000
11/03/1992,WV,McDowell,Bush,republican,580,1000
11/03/1992,WV,Wirt,Clinton,democrat,420,1000
11/03/1992,WV,Wirt,Bush,republican,580,1000
11/03/1992,WV,Upshur,Clinton,democrat,420,1000
11/03/1992,WV,Upshur,Bush,republican,580,1000
11/03/1992,MS,Covington,Clinton,democrat,470,1000
11/03/1992,MS,Covington,Bush,republican,530,1000
11/03/1992,CO,Alamosa,Clinton,democrat,497,1000
11/03/1992,CO,Alamosa,Bush,republican,503,1000
11/03/1992,FL,Holmes,Clinton,democrat,420,1000
11/03/1992,FL,Holmes,Bush,republican,580,1000
11/03/1992,GA,Dade,Clinton,democrat,420,1000
11/03/1992,GA,Dade,Bush,republican,580,1000
11/03/1992,GA,Miller,Clinton,democrat,420,1000
11/03/1992,GA,Miller,Bush,republican,580,1000
11/03/1992,GA,Pulaski,Clinton,democrat,420,1000
11/03/1992,GA,Pulaski,Bush,republican,580,1000
11/03/1992,MS,Amite,Clinton,democrat,420,1000
11/03/1992,MS,Amite,Bush,republican,580,1000
11/03/1992,SD,Faulk,Clinton,democrat,420,1000
11/03/1992,SD,Faulk,Bush,republican,580,1000
11/03/1992,AL,Bibb,Clinton,democrat,420,1000
11/03/1992,AL,Bibb,Bush,republican,580,1000
11/03/1992,KS,Cheyenne,Clinton,democrat,420,1000
11/03/1992,KS,Cheyenne,Bush,republican,580,1000
11/03/1992,ME,York,Clinton,democrat,580,1000
11/03/1992,ME,York,Bush,republican,420,1000
11/03/1992,MN,Carlton,Clinton,democrat,530,1000
11/03/1992,MN,Carlton,Bush,republican,470,1000
11/03/1992,VA,Dickenson,Clinton,democrat,420,1000
11/03/1992,VA,Dickenson,Bush,republican,580,1000
11/03/1992,AK,Northwest_Arctic,Clinton,democrat,420,1000
11/03/1992,AK,Northwest_Arctic,Bush,republican,580,1000
11/03/1992,GA,Walton,Clinton,democrat,420,1000
11/03/1992,GA,Walton,Bush,republican,580,1000
11/03/1992,IN,Greene,Clinton,democrat,420,1000
11/03/1992,IN,Greene,Bush,republican,580,1000
11/03/1992,MI,Kalkaska,Clinton,democrat,420,1000
11/03/1992,MI,Kalkaska,Bush,republican,580,1000
11/03/1992,NE,Buffalo,Clinton,democrat,420,1000
11/03/1992,NE,Buffalo,Bush,republican,580,1000
11/03/1992,ND,Foster,Clinton,democrat,420,1000
11/03/1992,ND,Foster,Bush,republican,580,1000
11/03/1992,NE,Sherman,Clinton,democrat,420,1000
11/03/1992,NE,Sherman,Bush,republican,580,1000
11/03/1992,NE,Keith,Clinton,democrat,420,1000
11/03/1992,NE,Keith,Bush,republican,580,1000
11/03/1992,OK,Beckham,Clinton,democrat,420,1000
11/03/1992,OK,Beckham,Bush,republican,580,1000
11/03/1992,TX,Throckmorton,Clinton,democrat,420,1000
11/03/1992,TX,Throckmorton,Bush,republican,580,1000
11/03/1992,CA,San_Bernardino,Clinton,democrat,530,1000
11/03/1992,CA,San_Bernardino,Bush,republican,470,1000
11/03/1992,GA,Towns,Clinton,democrat,420,1000
11/03/1992,GA,Towns,Bush,republican,580,1000
11/03/1992,MO,Andrew,Clinton,democrat,420,1000
11/03/1992,MO,Andrew,Bush,republican,580,1000
11/03/1992,MN,Aitkin,Clinton,democrat,420,1000
11/03/1992,MN,Aitkin,Bush,republican,580,1000
11/03/1992,AK,Haines,Clinton,democrat,530,1000
11/03/1992,AK,Haines,Bush,republican,470,1000
11/03/1992,AK,Skagway,Clinton,democrat,470,1000
11/03/1992,AK,Skagway,Bush,republican,530,1000
11/03/1992,IN,Washington,Clinton,democrat,420,1000
11/03/1992,IN,Washington,Bush,republican,580,1000
11/03/1992,KS,Grant,Clinton,democrat,420,1000
11/03/1992,KS,Grant,Bush,republican,580,1000
11/03/1992,KY,Marion,Clinton,democrat,420,1000
11/03/1992,KY,Marion,Bush,republican,580,1000
11/03/1992,AL,Lawrence,Clinton,democrat,420,1000
11/03/1992,AL,Lawrence,Bush,republican,580,1000
11/03/1992,IL,Stark,Clinton,democrat,420,1000
11/03/1992,IL,Stark,Bush,republican,580,1000
11/03/1992,IN,Ripley,Clinton,democrat,420,1000
11/03/1992,IN,Ripley,Bush,republican,580,1000
11/03/1992,KY,Russell,Clinton,democrat,420,1000
11/03/1992,KY,Russell,Bush,republican,580,1000
11/03/1992,NE,Grant,Clinton,democrat,420,1000
11/03/1992,NE,Grant,Bush,republican,580,1000
11/03/1992,PA,Venango,Clinton,democrat,420,1000
11/03/1992,PA,Venango,Bush,republican,580,1000
11/03/1992,KS,Hodgeman,Clinton,democrat,420,1000
11/03/1992,KS,Hodgeman,Bush,republican,580,1000
11/03/1992,TX,Crosby,Clinton,democrat,420,1000
11/03/1992,TX,Crosby,Bush,republican,580,1000
11/03/1992,WI,Taylor,Clinton,democrat,470,1000
11/03/1992,WI,Taylor,Bush,republican,530,1000
11/03/1992,TX,Rains,Clinton,democrat,420,1000
11/03/1992,TX,Rains,Bush,republican,580,1000
11/03/1992,IA,Benton,Clinton,democrat,530,1000
11/03/1992,IA,Benton,Bush,republican,470,1000
11/03/1992,AK,Valdez-Cordova,Clinton,democrat,420,1000
11/03/1992,AK,Valdez-Cordova,Bush,republican,580,1000
11/03/1992,IL,Shelby,Clinton,democrat,420,1000
11/03/1992,IL,Shelby,Bush,republican,580,1000
11/03/1992,IA,Story,Clinton,democrat,580,1000
11/03/1992,IA,Story,Bush,republican,420,1000
11/03/1992,LA,Calcasieu,Clinton,democrat,420,1000
11/03/1992,LA,Calcasieu,Bush,republican,580,1000
11/03/1992,IN,Marshall,Clinton,democrat,420,1000
11/03/1992,IN,Marshall,Bush,republican,580,1000
11/03/1992,IN,Tippecanoe,Clinton,democrat,510,1000
11/03/1992,IN,Tippecanoe,Bush,republican,490,1000
11/03/1992,NC,Alamance,Clinton,democrat,490,1000
11/03/1992,NC,Alamance,Bush,republican,510,1000
11/03/1992,TX,Dallam,Clinton,democrat,420,1000
11/03/1992,TX,Dallam,Bush,republican,580,1000
11/03/1992,MO,Moniteau,Clinton,democrat,420,1000
11/03/1992,MO,Moniteau,Bush,republican,580,1000
11/03/1992,MN,Nobles,Clinton,democrat,420,1000
11/03/1992,MN,Nobles,Bush,republican,580,1000
11/03/1992,OH,Champaign,Clinton,democrat,420,1000
11/03/1992,OH,Champaign,Bush,republican,580,1000
11/03/1992,NM,Luna,Clinton,democrat,530,1000
11/03/1992,NM,Luna,Bush,republican,470,1000
11/03/1992,AK,Wrangell,Clinton,democrat,470,1000
11/03/1992,AK,Wrangell,Bush,republican,530,1000
11/03/1992,NE,Stanton,Clinton,democrat,420,1000
11/03/1992,NE,Stanton,Bush,republican,580,1000
11/03/1992,AR,Garland,Clinton,democrat,420,1000
11/03/1992,AR,Garland,Bush,republican,580,1000
11/03/1992,ND,Ransom,Clinton,democrat,470,1000
11/03/1992,ND,Ransom,Bush,republican,530,1000
11/03/1992,IA,Decatur,Clinton,democrat,420,1000
11/03/1992,IA,Decatur,Bush,republican,580,1000
11/03/1992,MI,Kalamazoo,Clinton,democrat,580,1000
11/03/1992,MI,Kalamazoo,Bush,republican,420,1000
11/03/1992,IA,Floyd,Clinton,democrat,510,1000
11/03/1992,IA,Floyd,Bush,republican,490,1000
11/03/1992,TX,Frio,Clinton,democrat,420,1000
11/03/1992,TX,Frio,Bush,republican,580,1000
11/03/1992,TX,Coke,Clinton,democrat,420,1000
11/03/1992,TX,Coke,Bush,republican,580,1000
11/03/1992,TX,Jim_Hogg,Clinton,democrat,420,1000
11/03/1992,TX,Jim_Hogg,Bush,republican,580,1000
11/03/1992,KS,Sheridan,Clinton,democrat,420,1000
11/03/1992,KS,Sheridan,Bush,republican,580,1000
11/03/1992,AZ,Mohave,Clinton,democrat,420,1000
11/03/1992,AZ,Mohave,Bush,republican,580,1000
11/03/1992,IA,Taylor,Clinton,democrat,420,1000
11/03/1992,IA,Taylor,Bush,republican,580,1000
11/03/1992,MI,Emmet,Clinton,democrat,490,1000
11/03/1992,MI,Emmet,Bush,republican,510,1000
11/03/1992,ND,Burke,Clinton,democrat,420,1000
11/03/1992,ND,Burke,Bush,republican,580,1000
11/03/1992,MT,Sweet_Grass,Clinton,democrat,420,1000
11/03/1992,MT,Sweet_Grass,Bush,republican,580,1000
11/03/1992,ID,Minidoka,Clinton,democrat,420,1000
11/03/1992,ID,Minidoka,Bush,republican,580,1000
11/03/1992,IA,Tama,Clinton,democrat,530,1000
11/03/1992,IA,Tama,Bush,republican,470,1000
11/03/1992,MN,Olmsted,Clinton,democrat,580,1000
11/03/1992,MN,Olmsted,Bush,republican,420,1000
11/03/1992,NC,Stokes,Clinton,democrat,420,1000
11/03/1992,NC,Stokes,Bush,republican,580,1000
11/03/1992,NE,Howard,Clinton,democrat,420,1000
11/03/1992,NE,Howard,Bush,republican,580,1000
11/03/1992,TX,Ochiltree,Clinton,democrat,420,1000
11/03/1992,TX,Ochiltree,Bush,republican,580,1000
11/03/1992,TX,Hutchinson,Clinton,democrat,420,1000
11/03/1992,TX,Hutchinson,Bush,republican,580,1000
11/03/1992,NC,Jones,Clinton,democrat,420,1000
11/03/1992,NC,Jones,Bush,republican,580,1000
11/03/1992,AL,Baldwin,Clinton,democrat,420,1000
11/03/1992,AL,Baldwin,Bush,republican,580,1000
11/03/1992,CA,Los_Angeles,Clinton,democrat,580,1000
11/03/1992,CA,Los_Angeles,Bush,republican,420,1000
11/03/1992,AL,Butler,Clinton,democrat,420,1000
11/03/1992,AL,Butler,Bush,republican,580,1000
11/03/1992,IA,Emmet,Clinton,democrat,420,1000
11/03/1992,IA,Emmet,Bush,republican,580,1000
11/03/1992,MS,Neshoba,Clinton,democrat,420,1000
11/03/1992,MS,Neshoba,Bush,republican,580,1000
11/03/1992,PA,Potter,Clinton,democrat,420,1000
11/03/1992,PA,Potter,Bush,republican,580,1000
11/03/1992,AR,Yell,Clinton,democrat,420,1000
11/03/1992,AR,Yell,Bush,republican,580,1000
11/03/1992,CO,Adams,Clinton,democrat,530,1000
11/03/1992,CO,Adams,Bush,republican,470,1000
11/03/1992,KS,Edwards,Clinton,democrat,420,1000
11/03/1992,KS,Edwards,Bush,republican,580,1000
11/03/1992,MI,Newaygo,Clinton,democrat,420,1000
11/03/1992,MI,Newaygo,Bush,republican,580,1000
11/03/1992,NE,Garfield,Clinton,democrat,420,1000
11/03/1992,NE,Garfield,Bush,republican,580,1000
11/03/1992,IA,Jones,Clinton,democrat,497,1000
11/03/1992,IA,Jones,Bush,republican,503,1000
11/03/1992,IA,Audubon,Clinton,democrat,420,1000
11/03/1992,IA,Audubon,Bush,republican,580,1000
11/03/1992,TX,Medina,Clinton,democrat,420,1000
11/03/1992,TX,Medina,Bush,republican,580,1000
11/03/1992,TX,Deaf_Smith,Clinton,democrat,420,1000
11/03/1992,TX,Deaf_Smith,Bush,republican,580,1000
11/03/1992,TX,Concho,Clinton,democrat,420,1000
11/03/1992,TX,Concho,Bush,republican,580,1000
11/03/1992,ND,Renville,Clinton,democrat,420,1000
11/03/1992,ND,Renville,Bush,republican,580,1000
11/03/1992,ID,Boundary,Clinton,democrat,420,1000
11/03/1992,ID,Boundary,Bush,republican,580,1000
11/03/1992,IN,Benton,Clinton,democrat,420,1000
11/03/1992,IN,Benton,Bush,republican,580,1000
11/03/1992,MI,Alcona,Clinton,democrat,420,1000
11/03/1992,MI,Alcona,Bush,republican,580,1000
11/03/1992,NV,Humboldt,Clinton,democrat,420,1000
11/03/1992,NV,Humboldt,Bush,republican,580,1000
11/03/1992,AL,Cullman,Clinton,democrat,420,1000
11/03/1992,AL,Cullman,Bush,republican,580,1000
11/03/1992,IL,Jasper,Clinton,democrat,420,1000
11/03/1992,IL,Jasper,Bush,republican,580,1000
11/03/1992,KS,Saline,Clinton,democrat,420,1000
11/03/1992,KS,Saline,Bush,republican,580,1000
11/03/1992,MN,Lyon,Clinton,democrat,420,1000
11/03/1992,MN,Lyon,Bush,republican,580,1000
11/03/1992,NY,Cortland,Clinton,democrat,490,1000
11/03/1992,NY,Cortland,Bush,republican,510,1000
11/03/1992,TX,Lynn,Clinton,democrat,420,1000
11/03/1992,TX,Lynn,Bush,republican,580,1000
11/03/1992,TX,Atascosa,Clinton,democrat,420,1000
11/03/1992,TX,Atascosa,Bush,republican,580,1000
11/03/1992,VA,Petersburg,Clinton,democrat,580,1000
11/03/1992,VA,Petersburg,Bush,republican,420,1000
11/03/1992,ND,Towner,Clinton,democrat,420,1000
11/03/1992,ND,Towner,Bush,republican,580,1000
11/03/1992,TX,Somervell,Clinton,democrat,420,1000
11/03/1992,TX,Somervell,Bush,republican,580,1000
11/03/1992,SD,Miner,Clinton,democrat,420,1000
11/03/1992,SD,Miner,Bush,republican,580,1000
11/03/1992,CA,Riverside,Clinton,democrat,510,1000
11/03/1992,CA,Riverside,Bush,republican,490,1000
11/03/1992,GA,Franklin,Clinton,democrat,420,1000
11/03/1992,GA,Franklin,Bush,republican,580,1000
11/03/1992,KY,Wayne,Clinton,democrat,420,1000
11/03/1992,KY,Wayne,Bush,republican,580,1000
11/03/1992,ME,Hancock,Clinton,democrat,580,1000
11/03/1992,ME,Hancock,Bush,republican,420,1000
11/03/1992,MS,Jefferson_Davis,Clinton,democrat,470,1000
11/03/1992,MS,Jefferson_Davis,Bush,republican,530,1000
11/03/1992,MO,Caldwell,Clinton,democrat,420,1000
11/03/1992,MO,Caldwell,Bush,republican,580,1000
11/03/1992,MO,Mercer,Clinton,democrat,420,1000
11/03/1992,MO,Mercer,Bush,republican,580,1000
11/03/1992,GA,Tift,Clinton,democrat,420,1000
11/03/1992,GA,Tift,Bush,republican,580,1000
11/03/1992,VT,Washington,Clinton,democrat,580,1000
11/03/1992,VT,Washington,Bush,republican,420,1000
11/03/1992,GA,Pierce,Clinton,democrat,420,1000
11/03/1992,GA,Pierce,Bush,republican,580,1000
11/03/1992,AK,Sitka,Clinton,democrat,470,1000
11/03/1992,AK,Sitka,Bush,republican,530,1000
11/03/1992,GA,Morgan,Clinton,democrat,420,1000
11/03/1992,GA,Morgan,Bush,republican,580,1000
11/03/1992,KS,Rice,Clinton,democrat,420,1000
11/03/1992,KS,Rice,Bush,republican,580,1000
11/03/1992,OR,Gilliam,Clinton,democrat,470,1000
11/03/1992,OR,Gilliam,Bush,republican,530,1000
11/03/1992,MI,Lenawee,Clinton,democrat,420,1000
11/03/1992,MI,Lenawee,Bush,republican,580,1000
11/03/1992,KS,Ellis,Clinton,democrat,420,1000
11/03/1992,KS,Ellis,Bush,republican,580,1000
11/03/1992,IA,Boone,Clinton,democrat,490,1000
11/03/1992,IA,Boone,Bush,republican,510,1000
11/03/1992,SD,Lyman,Clinton,democrat,420,1000
11/03/1992,SD,Lyman,Bush,republican,580,1000
11/03/1992,KS,Clay,Clinton,democrat,420,1000
11/03/1992,KS,Clay,Bush,republican,580,1000
11/03/1992,MN,Yellow_Medicine,Clinton,democrat,420,1000
11/03/1992,MN,Yellow_Medicine,Bush,republican,580,1000
11/03/1992,NC,Gates,Clinton,democrat,580,1000
11/03/1992,NC,Gates,Bush,republican,420,1000
11/03/1992,MO,Douglas,Clinton,democrat,420,1000
11/03/1992,MO,Douglas,Bush,republican,580,1000
11/03/1992,WV,Braxton,Clinton,democrat,420,1000
11/03/1992,WV,Braxton,Bush,republican,580,1000
11/03/1992,WA,King,Clinton,democrat,580,1000
11/03/1992,WA,King,Bush,republican,420,1000
11/03/1992,MS,Calhoun,Clinton,democrat,420,1000
11/03/1992,MS,Calhoun,Bush,republican,580,1000
11/03/1992,GA,Grady,Clinton,democrat,420,1000
11/03/1992,GA,Grady,Bush,republican,580,1000
11/03/1992,MS,Itawamba,Clinton,democrat,420,1000
11/03/1992,MS,Itawamba,Bush,republican,580,1000
11/03/1992,KS,Stevens,Clinton,democrat,420,1000
11/03/1992,KS,Stevens,Bush,republican,580,1000
11/03/1992,FL,Hendry,Clinton,democrat,470,1000
11/03/1992,FL,Hendry,Bush,republican,530,1000
11/03/1992,TX,Lavaca,Clinton,democrat,420,1000
11/03/1992,TX,Lavaca,Bush,republican,580,1000
11/03/1992,KS,Chautauqua,Clinton,democrat,420,1000
11/03/1992,KS,Chautauqua,Bush,republican,580,1000
11/03/1992,IN,Howard,Clinton,democrat,420,1000
11/03/1992,IN,Howard,Bush,republican,580,1000
11/03/1992,NE,Dawson,Clinton,democrat,420,1000
11/03/1992,NE,Dawson,Bush,republican,580,1000
11/03/1992,MS,Greene,Clinton,democrat,420,1000
11/03/1992,MS,Greene,Bush,republican,580,1000
11/03/1992,MN,Freeborn,Clinton,democrat,497,1000
11/03/1992,MN,Freeborn,Bush,republican,503,1000
11/03/1992,MN,Kanabec,Clinton,democrat,420,1000
11/03/1992,MN,Kanabec,Bush,republican,580,1000
11/03/1992,IL,Hamilton,Clinton,democrat,420,1000
11/03/1992,IL,Hamilton,Bush,republican,580,1000
11/03/1992,SD,Sanborn,Clinton,democrat,420,1000
11/03/1992,SD,Sanborn,Bush,republican,580,1000
11/03/1992,TN,Grainger,Clinton,democrat,420,1000
11/03/1992,TN,Grainger,Bush,republican,580,1000
11/03/1992,MO,Hickory,Clinton,democrat,420,1000
11/03/1992,MO,Hickory,Bush,republican,580,1000
11/03/1992,WY,Albany,Clinton,democrat,530,1000
11/03/1992,WY,Albany,Bush,republican,470,1000
11/03/1992,NE,Antelope,Clinton,democrat,420,1000
11/03/1992,NE,Antelope,Bush,republican,580,1000
11/03/1992,WY,Platte,Clinton,democrat,420,1000
11/03/1992,WY,Platte,Bush,republican,580,1000
11/03/1992,UT,Rich,Clinton,democrat,420,1000
11/03/1992,UT,Rich,Bush,republican,580,1000
11/03/1992,WI,Washington,Clinton,democrat,530,1000
11/03/1992,WI,Washington,Bush,republican,470,1000
11/03/1992,OR,Crook,Clinton,democrat,420,1000
11/03/1992,OR,Crook,Bush,republican,580,1000
11/03/1992,GA,Jenkins,Clinton,democrat,420,1000
11/03/1992,GA,Jenkins,Bush,republican,580,1000
11/03/1992,TX,Jeff_Davis,Clinton,democrat,420,1000
11/03/1992,TX,Jeff_Davis,Bush,republican,580,1000
11/03/1992,GA,Spalding,Clinton,democrat,470,1000
11/03/1992,GA,Spalding,Bush,republican,530,1000
11/03/1992,IA,Cherokee,Clinton,democrat,420,1000
11/03/1992,IA,Cherokee,Bush,republican,580,1000
11/03/1992,GA,Bacon,Clinton,democrat,420,1000
11/03/1992,GA,Bacon,Bush,republican,580,1000
11/03/1992,GA,Upson,Clinton,democrat,420,1000
11/03/1992,GA,Upson,Bush,republican,580,1000
11/03/1992,OR,Sherman,Clinton,democrat,490,1000
11/03/1992,OR,Sherman,Bush,republican,510,1000
11/03/1992,AK,Kodiak_Island,Clinton,democrat,420,1000
11/03/1992,AK,Kodiak_Island,Bush,republican,580,1000
11/03/1992,MN,Red_Lake,Clinton,democrat,420,1000
11/03/1992,MN,Red_Lake,Bush,republican,580,1000
11/03/1992,MN,Saint_Louis,Clinton,democrat,580,1000
11/03/1992,MN,Saint_Louis,Bush,republican,420,1000
11/03/1992,FL,Gilchrist,Clinton,democrat,420,1000
11/03/1992,FL,Gilchrist,Bush,republican,580,1000
11/03/1992,NC,Lenoir,Clinton,democrat,420,1000
11/03/1992,NC,Lenoir,Bush,republican,580,1000
11/03/1992,MO,Randolph,Clinton,democrat,420,1000
11/03/1992,MO,Randolph,Bush,republican,580,1000
11/03/1992,ND,Steele,Clinton,democrat,470,1000
11/03/1992,ND,Steele,Bush,republican,530,1000
11/03/1992,VA,Fairfax,Clinton,democrat,580,1000
11/03/1992,VA,Fairfax,Bush,republican,420,1000
11/03/1992,VA,Manassas_Park,Clinton,democrat,580,1000
11/03/1992,VA,Manassas_Park,Bush,republican,420,1000
11/03/1992,VA,Winchester,Clinton,democrat,530,1000
11/03/1992,VA,Winchester,Bush,republican,470,1000
11/03/1992,MO,Pulaski,Clinton,democrat,420,1000
11/03/1992,MO,Pulaski,Bush,republican,580,1000
11/03/1992,IN,Newton,Clinton,democrat,420,1000
11/03/1992,IN,Newton,Bush,republican,580,1000
11/03/1992,GA,Bulloch,Clinton,democrat,420,1000
11/03/1992,GA,Bulloch,Bush,republican,580,1000
11/03/1992,KS,Rawlins,Clinton,democrat,420,1000
11/03/1992,KS,Rawlins,Bush,republican,580,1000
11/03/1992,CO,Phillips,Clinton,democrat,420,1000
11/03/1992,CO,Phillips,Bush,republican,580,1000
11/03/1992,TX,Runnels,Clinton,democrat,420,1000
11/03/1992,TX,Runnels,Bush,republican,580,1000
11/03/1992,IA,Wayne,Clinton,democrat,490,1000
11/03/1992,IA,Wayne,Bush,republican,510,1000
11/03/1992,TX,Terry,Clinton,democrat,420,1000
11/03/1992,TX,Terry,Bush,republican,580,1000
11/03/1992,OH,Vinton,Clinton,democrat,420,1000
11/03/1992,OH,Vinton,Bush,republican,580,1000
11/03/1992,CO,Arapahoe,Clinton,democrat,530,1000
11/03/1992,CO,Arapahoe,Bush,republican,470,1000
11/03/1992,TX,Upton,Clinton,democrat,420,1000
11/03/1992,TX,Upton,Bush,republican,580,1000
11/03/1992,TX,Callahan,Clinton,democrat,420,1000
11/03/1992,TX,Callahan,Bush,republican,580,1000
11/03/1992,TX,Howard,Clinton,democrat,420,1000
11/03/1992,TX,Howard,Bush,republican,580,1000
11/03/1992,TX,Upshur,Clinton,democrat,420,1000
11/03/1992,TX,Upshur,Bush,republican,580,1000
11/03/1992,TX,Camp,Clinton,democrat,420,1000
11/03/1992,TX,Camp,Bush,republican,580,1000
11/03/1992,TX,Walker,Clinton,democrat,420,1000
11/03/1992,TX,Walker,Bush,republican,580,1000
11/03/1992,AL,Wilcox,Clinton,democrat,420,1000
11/03/1992,AL,Wilcox,Bush,republican,580,1000
11/03/1992,VA,Montgomery,Clinton,democrat,530,1000
11/03/1992,VA,Montgomery,Bush,republican,470,1000
11/03/1992,MS,Noxubee,Clinton,democrat,420,1000
11/03/1992,MS,Noxubee,Bush,republican,580,1000
11/03/1992,CO,Sedgwick,Clinton,democrat,420,1000
11/03/1992,CO,Sedgwick,Bush,republican,580,1000
11/03/1992,SD,Davison,Clinton,democrat,420,1000
11/03/1992,SD,Davison,Bush,republican,580,1000
11/03/1992,KS,Hamilton,Clinton,democrat,420,1000
11/03/1992,KS,Hamilton,Bush,republican,580,1000
11/03/1992,IL,Ford,Clinton,democrat,420,1000
11/03/1992,IL,Ford,Bush,republican,580,1000
11/03/1992,SD,Fall_River,Clinton,democrat,420,1000
11/03/1992,SD,Fall_River,Bush,republican,580,1000
11/03/1992,AK,Bristol_Bay,Clinton,democrat,580,1000
11/03/1992,AK,Bristol_Bay,Bush,republican,420,1000
11/03/1992,IN,Parke,Clinton,democrat,420,1000
11/03/1992,IN,Parke,Bush,republican,580,1000
11/03/1992,TX,Taylor,Clinton,democrat,420,1000
11/03/1992,TX,Taylor,Bush,republican,580,1000
11/03/1992,IN,Fayette,Clinton,democrat,420,1000
11/03/1992,IN,Fayette,Bush,republican,580,1000
11/03/1992,NC,Caldwell,Clinton,democrat,420,1000
11/03/1992,NC,Caldwell,Bush,republican,580,1000
11/03/1992,SD,Turner,Clinton,democrat,420,1000
11/03/1992,SD,Turner,Bush,republican,580,1000
11/03/1992,WI,Ozaukee,Clinton,democrat,530,1000
11/03/1992,WI,Ozaukee,Bush,republican,470,1000
11/03/1992,ND,Logan,Clinton,democrat,420,1000
11/03/1992,ND,Logan,Bush,republican,580,1000
11/03/1992,AR,Bradley,Clinton,democrat,420,1000
11/03/1992,AR,Bradley,Bush,republican,580,1000
11/03/1992,GA,Lanier,Clinton,democrat,420,1000
11/03/1992,GA,Lanier,Bush,republican,580,1000
11/03/1992,NM,Sierra,Clinton,democrat,470,1000
11/03/1992,NM,Sierra,Bush,republican,530,1000
11/03/1992,CO,Lincoln,Clinton,democrat,420,1000
11/03/1992,CO,Lincoln,Bush,republican,580,1000
11/03/1992,IA,Butler,Clinton,democrat,530,1000
11/03/1992,IA,Butler,Bush,republican,470,1000
11/03/1992,TX,Hartley,Clinton,democrat,420,1000
11/03/1992,TX,Hartley,Bush,republican,580,1000
11/03/1992,TN,Pickett,Clinton,democrat,420,1000
11/03/1992,TN,Pickett,Bush,republican,580,1000
11/03/1992,SD,Douglas,Clinton,democrat,420,1000
11/03/1992,SD,Douglas,Bush,republican,580,1000
11/03/1992,KS,Cloud,Clinton,democrat,420,1000
11/03/1992,KS,Cloud,Bush,republican,580,1000
11/03/1992,PA,Montour,Clinton,democrat,470,1000
11/03/1992,PA,Montour,Bush,republican,530,1000
11/03/1992,NE,Morrill,Clinton,democrat,420,1000
11/03/1992,NE,Morrill,Bush,republican,580,1000
11/03/1992,MO,Monroe,Clinton,democrat,420,1000
11/03/1992,MO,Monroe,Bush,republican,580,1000
11/03/1992,ND,LaMoure,Clinton,democrat,420,1000
11/03/1992,ND,LaMoure,Bush,republican,580,1000
11/03/1992,KY,McLean,Clinton,democrat,470,1000
11/03/1992,KY,McLean,Bush,republican,530,1000
11/03/1992,SD,Marshall,Clinton,democrat,530,1000
11/03/1992,SD,Marshall,Bush,republican,470,1000
11/03/1992,OR,Baker,Clinton,democrat,420,1000
11/03/1992,OR,Baker,Bush,republican,580,1000
11/03/1992,SD,Custer,Clinton,democrat,420,1000
11/03/1992,SD,Custer,Bush,republican,580,1000
11/03/1992,TX,Live_Oak,Clinton,democrat,420,1000
11/03/1992,TX,Live_Oak,Bush,republican,580,1000
11/03/1992,MI,Schoolcraft,Clinton,democrat,420,1000
11/03/1992,MI,Schoolcraft,Bush,republican,580,1000
11/03/1992,IA,Madison,Clinton,democrat,420,1000
11/03/1992,IA,Madison,Bush,republican,580,1000
11/03/1992,NE,Wheeler,Clinton,democrat,420,1000
11/03/1992,NE,Wheeler,Bush,republican,580,1000
11/03/1992,AR,Cross,Clinton,democrat,470,1000
11/03/1992,AR,Cross,Bush,republican,530,1000
11/03/1992,IA,Black_Hawk,Clinton,democrat,580,1000
11/03/1992,IA,Black_Hawk,Bush,republican,420,1000
11/03/1992,TX,Lubbock,Clinton,democrat,420,1000
11/03/1992,TX,Lubbock,Bush,republican,580,1000
11/03/1992,MN,Watonwan,Clinton,democrat,490,1000
11/03/1992,MN,Watonwan,Bush,republican,510,1000
11/03/1992,SD,Deuel,Clinton,democrat,470,1000
11/03/1992,SD,Deuel,Bush,republican,530,1000
11/03/1992,IA,Warren,Clinton,democrat,490,1000
11/03/1992,IA,Warren,Bush,republican,510,1000
11/03/1992,AR,Nevada,Clinton,democrat,420,1000
11/03/1992,AR,Nevada,Bush,republican,580,1000
11/03/1992,KS,Haskell,Clinton,democrat,470,1000
11/03/1992,KS,Haskell,Bush,republican,530,1000
11/03/1992,MO,Gentry,Clinton,democrat,420,1000
11/03/1992,MO,Gentry,Bush,republican,580,1000
11/03/1992,AR,Columbia,Clinton,democrat,420,1000
11/03/1992,AR,Columbia,Bush,republican,580,1000
11/03/1992,AR,Drew,Clinton,democrat,420,1000
11/03/1992,AR,Drew,Bush,republican,580,1000
11/03/1992,IN,Noble,Clinton,democrat,420,1000
11/03/1992,IN,Noble,Bush,republican,580,1000
11/03/1992,TX,Gonzales,Clinton,democrat,420,1000
11/03/1992,TX,Gonzales,Bush,republican,580,1000
11/03/1992,SD,Hyde,Clinton,democrat,420,1000
11/03/1992,SD,Hyde,Bush,republican,580,1000
11/03/1992,NM,Torrance,Clinton,democrat,470,1000
11/03/1992,NM,Torrance,Bush,republican,530,1000
11/03/1992,VA,Emporia,Clinton,democrat,580,1000
11/03/1992,VA,Emporia,Bush,republican,420,1000
11/03/1992,TX,Hansford,Clinton,democrat,420,1000
11/03/1992,TX,Hansford,Bush,republican,580,1000
11/03/1992,KS,Finney,Clinton,democrat,470,1000
11/03/1992,KS,Finney,Bush,republican,530,1000
11/03/1992,MO,Lawrence,Clinton,democrat,420,1000
11/03/1992,MO,Lawrence,Bush,republican,580,1000
11/03/1992,NM,Harding,Clinton,democrat,420,1000
11/03/1992,NM,Harding,Bush,republican,580,1000
11/03/1992,TX,Collingsworth,Clinton,democrat,420,1000
11/03/1992,TX,Collingsworth,Bush,republican,580,1000
11/03/1992,IL,Douglas,Clinton,democrat,420,1000
11/03/1992,IL,Douglas,Bush,republican,580,1000
11/03/1992,UT,Sanpete,Clinton,democrat,420,1000
11/03/1992,UT,Sanpete,Bush,republican,580,1000
11/03/1992,SC,Barnwell,Clinton,democrat,503,1000
11/03/1992,SC,Barnwell,Bush,republican,497,1000
11/03/1992,SC,Lee,Clinton,democrat,580,1000
11/03/1992,SC,Lee,Bush,republican,420,1000
11/03/1992,MT,Petroleum,Clinton,democrat,420,1000
11/03/1992,MT,Petroleum,Bush,republican,580,1000
11/03/1992,OH,Guernsey,Clinton,democrat,420,1000
11/03/1992,OH,Guernsey,Bush,republican,580,1000
11/03/1992,GA,Montgomery,Clinton,democrat,420,1000
11/03/1992,GA,Montgomery,Bush,republican,580,1000
11/03/1992,WI,Oneida,Clinton,democrat,470,1000
11/03/1992,WI,Oneida,Bush,republican,530,1000
11/03/1992,NE,Garden,Clinton,democrat,420,1000
11/03/1992,NE,Garden,Bush,republican,580,1000
11/03/1992,ND,Sheridan,Clinton,democrat,420,1000
11/03/1992,ND,Sheridan,Bush,republican,580,1000
11/03/1992,IL,Johnson,Clinton,democrat,420,1000
11/03/1992,IL,Johnson,Bush,republican,580,1000
11/03/1992,TX,King,Clinton,democrat,420,1000
11/03/1992,TX,King,Bush,republican,580,1000
11/03/1992,ID,Valley,Clinton,democrat,470,1000
11/03/1992,ID,Valley,Bush,republican,530,1000
11/03/1992,KY,Warren,Clinton,democrat,420,1000
11/03/1992,KY,Warren,Bush,republican,580,1000
11/03/1992,VA,Portsmouth,Clinton,democrat,580,1000
11/03/1992,VA,Portsmouth,Bush,republican,420,1000
11/03/1992,TX,Stonewall,Clinton,democrat,420,1000
11/03/1992,TX,Stonewall,Bush,republican,580,1000
11/03/1992,OK,Latimer,Clinton,democrat,420,1000
11/03/1992,OK,Latimer,Bush,republican,580,1000
11/03/1992,NV,Storey,Clinton,democrat,420,1000
11/03/1992,NV,Storey,Bush,republican,580,1000
11/03/1992,OK,Washita,Clinton,democrat,420,1000
11/03/1992,OK,Washita,Bush,republican,580,1000
11/03/1992,IA,Van_Buren,Clinton,democrat,470,1000
11/03/1992,IA,Van_Buren,Bush,republican,530,1000
11/03/1992,WI,Eau_Claire,Clinton,democrat,580,1000
11/03/1992,WI,Eau_Claire,Bush,republican,420,1000
11/03/1992,AK,Southeast_Fairbanks,Clinton,democrat,420,1000
11/03/1992,AK,Southeast_Fairbanks,Bush,republican,580,1000
11/03/1992,KS,Lane,Clinton,democrat,420,1000
11/03/1992,KS,Lane,Bush,republican,580,1000
11/03/1992,KS,Trego,Clinton,democrat,420,1000
11/03/1992,KS,Trego,Bush,republican,580,1000
11/03/1992,VA,Williamsburg,Clinton,democrat,580,1000
11/03/1992,VA,Williamsburg,Bush,republican,420,1000
11/03/1992,OH,Defiance,Clinton,democrat,420,1000
11/03/1992,OH,Defiance,Bush,republican,580,1000
11/03/1992,SD,McPherson,Clinton,democrat,420,1000
11/03/1992,SD,McPherson,Bush,republican,580,1000
11/03/1992,NE,Dundy,Clinton,democrat,420,1000
11/03/1992,NE,Dundy,Bush,republican,580,1000
11/03/1992,AR,Johnson,Clinton,democrat,420,1000
11/03/1992,AR,Johnson,Bush,republican,580,1000
11/03/1992,IN,Scott,Clinton,democrat,420,1000
11/03/1992,IN,Scott,Bush,republican,580,1000
11/03/1992,NE,Hall,Clinton,democrat,420,1000
11/03/1992,NE,Hall,Bush,republican,580,1000
11/03/1992,MS,Alcorn,Clinton,democrat,420,1000
11/03/1992,MS,Alcorn,Bush,republican,580,1000
11/03/1992,IL,Moultrie,Clinton,democrat,420,1000
11/03/1992,IL,Moultrie,Bush,republican,580,1000
11/03/1992,IN,Martin,Clinton,democrat,420,1000
11/03/1992,IN,Martin,Bush,republican,580,1000
11/03/1992,NE,Hayes,Clinton,democrat,420,1000
11/03/1992,NE,Hayes,Bush,republican,580,1000
11/03/1992,IL,Edwards,Clinton,democrat,420,1000
11/03/1992,IL,Edwards,Bush,republican,580,1000
11/03/1992,NE,Frontier,Clinton,democrat,420,1000
11/03/1992,NE,Frontier,Bush,republican,580,1000
11/03/1992,KS,Decatur,Clinton,democrat,420,1000
11/03/1992,KS,Decatur,Bush,republican,580,1000
11/03/1992,GA,Tattnall,Clinton,democrat,420,1000
11/03/1992,GA,Tattnall,Bush,republican,580,1000
11/03/1992,KY,Boyle,Clinton,democrat,420,1000
11/03/1992,KY,Boyle,Bush,republican,580,1000
11/03/1992,TX,Dimmit,Clinton,democrat,420,1000
11/03/1992,TX,Dimmit,Bush,republican,580,1000
11/03/1992,KY,Pendleton,Clinton,democrat,420,1000
11/03/1992,KY,Pendleton,Bush,republican,580,1000
11/03/1992,NY,Yates,Clinton,democrat,470,1000
11/03/1992,NY,Yates,Bush,republican,530,1000
11/03/1992,SD,Jackson,Clinton,democrat,420,1000
11/03/1992,SD,Jackson,Bush,republican,580,1000
11/03/1992,IA,Shelby,Clinton,democrat,420,1000
11/03/1992,IA,Shelby,Bush,republican,580,1000
11/03/1992,PA,Forest,Clinton,democrat,420,1000
11/03/1992,PA,Forest,Bush,republican,580,1000
11/03/1992,MO,Laclede,Clinton,democrat,420,1000
11/03/1992,MO,Laclede,Bush,republican,580,1000
11/03/1992,MO,Ripley,Clinton,democrat,420,1000
11/03/1992,MO,Ripley,Bush,republican,580,1000
11/03/1992,KY,Logan,Clinton,democrat,420,1000
11/03/1992,KY,Logan,Bush,republican,580,1000
11/03/1992,IL,DeWitt,Clinton,democrat,420,1000
11/03/1992,IL,DeWitt,Bush,republican,580,1000
11/03/1992,KY,Butler,Clinton,democrat,420,1000
11/03/1992,KY,Butler,Bush,republican,580,1000
11/03/1992,MT,Golden_Valley,Clinton,democrat,420,1000
11/03/1992,MT,Golden_Valley,Bush,republican,580,1000
11/03/1992,OH,Fayette,Clinton,democrat,420,1000
11/03/1992,OH,Fayette,Bush,republican,580,1000
11/03/1992,GA,Twiggs,Clinton,democrat,470,1000
11/03/1992,GA,Twiggs,Bush,republican,530,1000
11/03/1992,MT,Ravalli,Clinton,democrat,420,1000
11/03/1992,MT,Ravalli,Bush,republican,580,1000
11/03/1992,MN,Mille_Lacs,Clinton,democrat,420,1000
11/03/1992,MN,Mille_Lacs,Bush,republican,580,1000
11/03/1992,CO,Delta,Clinton,democrat,420,1000
11/03/1992,CO,Delta,Bush,republican,580,1000
11/03/1992,IL,McDonough,Clinton,democrat,420,1000
11/03/1992,IL,McDonough,Bush,republican,580,1000
11/03/1992,OH,Sandusky,Clinton,democrat,470,1000
11/03/1992,OH,Sandusky,Bush,republican,530,1000
11/03/1992,TX,Borden,Clinton,democrat,420,1000
11/03/1992,TX,Borden,Bush,republican,580,1000
11/03/1992,AR,Newton,Clinton,democrat,420,1000
11/03/1992,AR,Newton,Bush,republican,580,1000
11/03/1992,VA,Charlottesville,Clinton,democrat,580,1000
11/03/1992,VA,Charlottesville,Bush,republican,420,1000
11/03/1992,MN,Pipestone,Clinton,democrat,420,1000
11/03/1992,MN,Pipestone,Bush,republican,580,1000
11/03/1992,TX,Wheeler,Clinton,democrat,420,1000
11/03/1992,TX,Wheeler,Bush,republican,580,1000
11/03/1992,NE,Adams,Clinton,democrat,420,1000
11/03/1992,NE,Adams,Bush,republican,580,1000
11/03/1992,MT,Lewis_and_Clark,Clinton,democrat,530,1000
11/03/1992,MT,Lewis_and_Clark,Bush,republican,470,1000
11/03/1992,AK,Kenai_Peninsula,Clinton,democrat,420,1000
11/03/1992,AK,Kenai_Peninsula,Bush,republican,580,1000
11/03/1992,MO,Grundy,Clinton,democrat,420,1000
11/03/1992,MO,Grundy,Bush,republican,580,1000
11/03/1992,NC,Guilford,Clinton,democrat,580,1000
11/03/1992,NC,Guilford,Bush,republican,420,1000
11/03/1992,IA,Cass,Clinton,democrat,420,1000
11/03/1992,IA,Cass,Bush,republican,580,1000
11/03/1992,AL,Dale,Clinton,democrat,420,1000
11/03/1992,AL,Dale,Bush,republican,580,1000
11/03/1992,TX,Randall,Clinton,democrat,420,1000
11/03/1992,TX,Randall,Bush,republican,580,1000
11/03/1992,OH,Van_Wert,Clinton,democrat,420,1000
11/03/1992,OH,Van_Wert,Bush,republican,580,1000
11/03/1992,TX,Kent,Clinton,democrat,420,1000
11/03/1992,TX,Kent,Bush,republican,580,1000
11/03/1992,VA,Warren,Clinton,democrat,420,1000
11/03/1992,VA,Warren,Bush,republican,580,1000
11/03/1992,MS,Winston,Clinton,democrat,420,1000
11/03/1992,MS,Winston,Bush,republican,580,1000
11/03/1992,TX,Irion,Clinton,democrat,420,1000
11/03/1992,TX,Irion,Bush,republican,580,1000
11/03/1992,GA,Irwin,Clinton,democrat,420,1000
11/03/1992,GA,Irwin,Bush,republican,580,1000
11/03/1992,IN,Whitley,Clinton,democrat,420,1000
11/03/1992,IN,Whitley,Bush,republican,580,1000
11/03/1992,SD,Moody,Clinton,democrat,530,1000
11/03/1992,SD,Moody,Bush,republican,470,1000
11/03/1992,CA,Santa_Barbara,Clinton,democrat,580,1000
11/03/1992,CA,Santa_Barbara,Bush,republican,420,1000
11/03/1992,TX,Eastland,Clinton,democrat,420,1000
11/03/1992,TX,Eastland,Bush,republican,580,1000
11/03/1992,MN,Roseau,Clinton,democrat,420,1000
11/03/1992,MN,Roseau,Bush,republican,580,1000
11/03/1992,MO,Clinton,Clinton,democrat,420,1000
11/03/1992,MO,Clinton,Bush,republican,580,1000
11/03/1992,WV,Taylor,Clinton,democrat,420,1000
11/03/1992,WV,Taylor,Bush,republican,580,1000
11/03/1992,MS,George,Clinton,democrat,470,1000
11/03/1992,MS,George,Bush,republican,530,1000
11/03/1992,MN,Otter_Tail,Clinton,democrat,420,1000
11/03/1992,MN,Otter_Tail,Bush,republican,580,1000
11/03/1992,IL,Franklin,Clinton,democrat,420,1000
11/03/1992,IL,Franklin,Bush,republican,580,1000
11/03/1992,FL,Hardee,Clinton,democrat,420,1000
11/03/1992,FL,Hardee,Bush,republican,580,1000
11/03/1992,IA,Webster,Clinton,democrat,490,1000
11/03/1992,IA,Webster,Bush,republican,510,1000
11/03/1992,VA,Fredericksburg,Clinton,democrat,580,1000
11/03/1992,VA,Fredericksburg,Bush,republican,420,1000
11/03/1992,NY,Schuyler,Clinton,democrat,470,1000
11/03/1992,NY,Schuyler,Bush,republican,530,1000
11/03/1992,IL,McLean,Clinton,democrat,530,1000
11/03/1992,IL,McLean,Bush,republican,470,1000
11/03/1992,NE,York,Clinton,democrat,420,1000
11/03/1992,NE,York,Bush,republican,580,1000
11/03/1992,TX,San_Augustine,Clinton,democrat,420,1000
11/03/1992,TX,San_Augustine,Bush,republican,580,1000
11/03/1992,TN,Franklin,Clinton,democrat,420,1000
11/03/1992,TN,Franklin,Bush,republican,580,1000
11/03/1992,WY,Campbell,Clinton,democrat,420,1000
11/03/1992,WY,Campbell,Bush,republican,580,1000
11/03/1992,OH,Pike,Clinton,democrat,420,1000
11/03/1992,OH,Pike,Bush,republican,580,1000
11/03/1992,IA,Clarke,Clinton,democrat,470,1000
11/03/1992,IA,Clarke,Bush,republican,530,1000
11/03/1992,SC,Cherokee,Clinton,democrat,420,1000
11/03/1992,SC,Cherokee,Bush,republican,580,1000
11/03/1992,MN,Stevens,Clinton,democrat,470,1000
11/03/1992,MN,Stevens,Bush,republican,530,1000
11/03/1992,MS,Franklin,Clinton,democrat,490,1000
11/03/1992,MS,Franklin,Bush,republican,510,1000
11/03/1992,AK,Prince_of_Wales-Hyder,Clinton,democrat,420,1000
11/03/1992,AK,Prince_of_Wales-Hyder,Bush,republican,580,1000
11/03/1992,CO,San_Miguel,Clinton,democrat,420,1000
11/03/1992,CO,San_Miguel,Bush,republican,580,1000
11/03/1992,KY,Lewis,Clinton,democrat,420,1000
11/03/1992,KY,Lewis,Bush,republican,580,1000
11/03/1992,MI,Chippewa,Clinton,democrat,420,1000
11/03/1992,MI,Chippewa,Bush,republican,580,1000
11/03/1992,MI,Ontonagon,Clinton,democrat,470,1000
11/03/1992,MI,Ontonagon,Bush,republican,530,1000
11/03/1992,MN,Marshall,Clinton,democrat,420,1000
11/03/1992,MN,Marshall,Bush,republican,580,1000
11/03/1992,MO,Harrison,Clinton,democrat,420,1000
11/03/1992,MO,Harrison,Bush,republican,580,1000
11/03/1992,MS,Newton,Clinton,democrat,420,1000
11/03/1992,MS,Newton,Bush,republican,580,1000
11/03/1992,MS,Webster,Clinton,democrat,420,1000
11/03/1992,MS,Webster,Bush,republican,580,1000
11/03/1992,NJ,Warren,Clinton,democrat,470,1000
11/03/1992,NJ,Warren,Bush,republican,530,1000
11/03/1992,NY,Monroe,Clinton,democrat,580,1000
11/03/1992,NY,Monroe,Bush,republican,420,1000
11/03/1992,OH,Hamilton,Clinton,democrat,580,1000
11/03/1992,OH,Hamilton,Bush,republican,420,1000
11/03/1992,OK,Pittsburg,Clinton,democrat,420,1000
11/03/1992,OK,Pittsburg,Bush,republican,580,1000
11/03/1992,GA,Ben_Hill,Clinton,democrat,420,1000
11/03/1992,GA,Ben_Hill,Bush,republican,580,1000
11/03/1992,TN,Union,Clinton,democrat,420,1000
11/03/1992,TN,Union,Bush,republican,580,1000
11/03/1992,KS,Russell,Clinton,democrat,420,1000
11/03/1992,KS,Russell,Bush,republican,580,1000
11/03/1992,WI,Dane,Clinton,democrat,580,1000
11/03/1992,WI,Dane,Bush,republican,420,1000
11/03/1992,TX,Gillespie,Clinton,democrat,420,1000
11/03/1992,TX,Gillespie,Bush,republican,580,1000
11/03/1992,AZ,La_Paz,Clinton,democrat,420,1000
11/03/1992,AZ,La_Paz,Bush,republican,580,1000
11/03/1992,KY,Spencer,Clinton,democrat,420,1000
11/03/1992,KY,Spencer,Bush,republican,580,1000
11/03/1992,ID,Ada,Clinton,democrat,510,1000
11/03/1992,ID,Ada,Bush,republican,490,1000
11/03/1992,HI,Hawaii,Clinton,democrat,580,1000
11/03/1992,HI,Hawaii,Bush,republican,420,1000
11/03/1992,AR,Howard,Clinton,democrat,420,1000
11/03/1992,AR,Howard,Bush,republican,580,1000
11/03/1992,VA,Cumberland,Clinton,democrat,470,1000
11/03/1992,VA,Cumberland,Bush,republican,530,1000
11/03/1992,KS,Harvey,Clinton,democrat,490,1000
11/03/1992,KS,Harvey,Bush,republican,510,1000
11/03/1992,TX,Donley,Clinton,democrat,420,1000
11/03/1992,TX,Donley,Bush,republican,580,1000
11/03/1992,IL,Stephenson,Clinton,democrat,420,1000
11/03/1992,IL,Stephenson,Bush,republican,580,1000
11/03/1992,VA,Lynchburg,Clinton,democrat,510,1000
11/03/1992,VA,Lynchburg,Bush,republican,490,1000
11/03/1992,KY,Metcalfe,Clinton,democrat,420,1000
11/03/1992,KY,Metcalfe,Bush,republican,580,1000
11/03/1992,OH,Hardin,Clinton,democrat,420,1000
11/03/1992,OH,Hardin,Bush,republican,580,1000
11/03/1992,IL,Jefferson,Clinton,democrat,420,1000
11/03/1992,IL,Jefferson,Bush,republican,580,1000
11/03/1992,IA,Monroe,Clinton,democrat,490,1000
11/03/1992,IA,Monroe,Bush,republican,510,1000
11/03/1992,WV,Tyler,Clinton,democrat,420,1000
11/03/1992,WV,Tyler,Bush,republican,580,1000
11/03/1992,CO,Bent,Clinton,democrat,420,1000
11/03/1992,CO,Bent,Bush,republican,580,1000
11/03/1992,WI,Waushara,Clinton,democrat,420,1000
11/03/1992,WI,Waushara,Bush,republican,580,1000
11/03/1992,WI,Waupaca,Clinton,democrat,420,1000
11/03/1992,WI,Waupaca,Bush,republican,580,1000
11/03/1992,TX,Uvalde,Clinton,democrat,420,1000
11/03/1992,TX,Uvalde,Bush,republican,580,1000
11/03/1992,MS,Walthall,Clinton,democrat,420,1000
11/03/1992,MS,Walthall,Bush,republican,580,1000
11/03/1992,MO,Daviess,Clinton,democrat,420,1000
11/03/1992,MO,Daviess,Bush,republican,580,1000
11/03/1992,TX,Winkler,Clinton,democrat,420,1000
11/03/1992,TX,Winkler,Bush,republican,580,1000
11/03/1992,OH,Delaware,Clinton,democrat,510,1000
11/03/1992,OH,Delaware,Bush,republican,490,1000
11/03/1992,SD,Hamlin,Clinton,democrat,470,1000
11/03/1992,SD,Hamlin,Bush,republican,530,1000
11/03/1992,KS,Morris,Clinton,democrat,470,1000
11/03/1992,KS,Morris,Bush,republican,530,1000
11/03/1992,AL,Lee,Clinton,democrat,420,1000
11/03/1992,AL,Lee,Bush,republican,580,1000
11/03/1992,CA,San_Diego,Clinton,democrat,580,1000
11/03/1992,CA,San_Diego,Bush,republican,420,1000
11/03/1992,FL,Levy,Clinton,democrat,420,1000
11/03/1992,FL,Levy,Bush,republican,580,1000
11/03/1992,AL,Calhoun,Clinton,democrat,420,1000
11/03/1992,AL,Calhoun,Bush,republican,580,1000
11/03/1992,IA,Scott,Clinton,democrat,580,1000
11/03/1992,IA,Scott,Bush,republican,420,1000
11/03/1992,IA,Winneshiek,Clinton,democrat,580,1000
11/03/1992,IA,Winneshiek,Bush,republican,420,1000
11/03/1992,KS,Morton,Clinton,democrat,420,1000
11/03/1992,KS,Morton,Bush,republican,580,1000
11/03/1992,KY,Campbell,Clinton,democrat,470,1000
11/03/1992,KY,Campbell,Bush,republican,530,1000
11/03/1992,KY,Whitley,Clinton,democrat,420,1000
11/03/1992,KY,Whitley,Bush,republican,580,1000
11/03/1992,OH,Morrow,Clinton,democrat,420,1000
11/03/1992,OH,Morrow,Bush,republican,580,1000
11/03/1992,OH,Darke,Clinton,democrat,420,1000
11/03/1992,OH,Darke,Bush,republican,580,1000
11/03/1992,NE,Valley,Clinton,democrat,420,1000
11/03/1992,NE,Valley,Bush,republican,580,1000
11/03/1992,NE,Cedar,Clinton,democrat,420,1000
11/03/1992,NE,Cedar,Bush,republican,580,1000
11/03/1992,NE,Pawnee,Clinton,democrat,420,1000
11/03/1992,NE,Pawnee,Bush,republican,580,1000
11/03/1992,SC,Darlington,Clinton,democrat,490,1000
11/03/1992,SC,Darlington,Bush,republican,510,1000
11/03/1992,SD,Hughes,Clinton,democrat,420,1000
11/03/1992,SD,Hughes,Bush,republican,580,1000
11/03/1992,MO,Livingston,Clinton,democrat,420,1000
11/03/1992,MO,Livingston,Bush,republican,580,1000
11/03/1992,TX,Gregg,Clinton,democrat,420,1000
11/03/1992,TX,Gregg,Bush,republican,580,1000
11/03/1992,VA,Lunenburg,Clinton,democrat,470,1000
11/03/1992,VA,Lunenburg,Bush,republican,530,1000
11/03/1992,WV,Marion,Clinton,democrat,470,1000
11/03/1992,WV,Marion,Bush,republican,530,1000
11/03/1992,WV,Grant,Clinton,democrat,420,1000
11/03/1992,WV,Grant,Bush,republican,580,1000
11/03/1992,ND,Divide,Clinton,democrat,420,1000
11/03/1992,ND,Divide,Bush,republican,580,1000
11/03/1992,TN,Moore,Clinton,democrat,420,1000
11/03/1992,TN,Moore,Bush,republican,580,1000
11/03/1992,UT,Uintah,Clinton,democrat,420,1000
11/03/1992,UT,Uintah,Bush,republican,580,1000
11/03/1992,NE,Furnas,Clinton,democrat,420,1000
11/03/1992,NE,Furnas,Bush,republican,580,1000
11/03/1992,AL,Chambers,Clinton,democrat,420,1000
11/03/1992,AL,Chambers,Bush,republican,580,1000
11/03/1992,PA,Franklin,Clinton,democrat,420,1000
11/03/1992,PA,Franklin,Bush,republican,580,1000
11/03/1992,NE,Lancaster,Clinton,democrat,530,1000
11/03/1992,NE,Lancaster,Bush,republican,470,1000
11/03/1992,VA,Frederick,Clinton,democrat,420,1000
11/03/1992,VA,Frederick,Bush,republican,580,1000
11/03/1992,WA,Klickitat,Clinton,democrat,530,1000
11/03/1992,WA,Klickitat,Bush,republican,470,1000
11/03/1992,VT,Franklin,Clinton,democrat,580,1000
11/03/1992,VT,Franklin,Bush,republican,420,1000
11/03/1992,WI,Bayfield,Clinton,democrat,580,1000
11/03/1992,WI,Bayfield,Bush,republican,420,1000
11/03/1992,AL,ALA,Clinton,democrat,420,1000
11/03/1992,AL,ALA,Bush,republican,580,1000
11/03/1992,CA,Glenn,Clinton,democrat,420,1000
11/03/1992,CA,Glenn,Bush,republican,580,1000
11/03/1992,CO,Boulder,Clinton,democrat,580,1000
11/03/1992,CO,Boulder,Bush,republican,420,1000
11/03/1992,GA,DeKalb,Clinton,democrat,580,1000
11/03/1992,GA,DeKalb,Bush,republican,420,1000
11/03/1992,IL,Kane,Clinton,democrat,530,1000
11/03/1992,IL,Kane,Bush,republican,470,1000
11/03/1992,IL,Morgan,Clinton,democrat,420,1000
11/03/1992,IL,Morgan,Bush,republican,580,1000
11/03/1992,IN,Brown,Clinton,democrat,420,1000
11/03/1992,IN,Brown,Bush,republican,580,1000
11/03/1992,IN,Rush,Clinton,democrat,420,1000
11/03/1992,IN,Rush,Bush,republican,580,1000
11/03/1992,IN,White,Clinton,democrat,420,1000
11/03/1992,IN,White,Bush,republican,580,1000
11/03/1992,IA,Johnson,Clinton,democrat,580,1000
11/03/1992,IA,Johnson,Bush,republican,420,1000
11/03/1992,KS,Lyon,Clinton,democrat,490,1000
11/03/1992,KS,Lyon,Bush,republican,510,1000
11/03/1992,KY,Adair,Clinton,democrat,420,1000
11/03/1992,KY,Adair,Bush,republican,580,1000
11/03/1992,LA,Allen,Clinton,democrat,420,1000
11/03/1992,LA,Allen,Bush,republican,580,1000
11/03/1992,ME,Oxford,Clinton,democrat,580,1000
11/03/1992,ME,Oxford,Bush,republican,420,1000
11/03/1992,MO,Camden,Clinton,democrat,420,1000
11/03/1992,MO,Camden,Bush,republican,580,1000
11/03/1992,GA,Wilcox,Clinton,democrat,420,1000
11/03/1992,GA,Wilcox,Bush,republican,580,1000
11/03/1992,NM,De_Baca,Clinton,democrat,420,1000
11/03/1992,NM,De_Baca,Bush,republican,580,1000
11/03/1992,NC,Vance,Clinton,democrat,510,1000
11/03/1992,NC,Vance,Bush,republican,490,1000
11/03/1992,NC,Franklin,Clinton,democrat,530,1000
11/03/1992,NC,Franklin,Bush,republican,470,1000
11/03/1992,MT,Teton,Clinton,democrat,420,1000
11/03/1992,MT,Teton,Bush,republican,580,1000
11/03/1992,MO,Barry,Clinton,democrat,420,1000
11/03/1992,MO,Barry,Bush,republican,580,1000
11/03/1992,WA,Clark,Clinton,democrat,530,1000
11/03/1992,WA,Clark,Bush,republican,470,1000
11/03/1992,WV,Ohio,Clinton,democrat,420,1000
11/03/1992,WV,Ohio,Bush,republican,580,1000
11/03/1992,AR,Clark,Clinton,democrat,470,1000
11/03/1992,AR,Clark,Bush,republican,530,1000
11/03/1992,AR,Lawrence,Clinton,democrat,420,1000
11/03/1992,AR,Lawrence,Bush,republican,580,1000
11/03/1992,CA,Yuba,Clinton,democrat,420,1000
11/03/1992,CA,Yuba,Bush,republican,580,1000
11/03/1992,CO,Summit,Clinton,democrat,580,1000
11/03/1992,CO,Summit,Bush,republican,420,1000
11/03/1992,GA,Cobb,Clinton,democrat,580,1000
11/03/1992,GA,Cobb,Bush,republican,420,1000
11/03/1992,GA,Douglas,Clinton,democrat,420,1000
11/03/1992,GA,Douglas,Bush,republican,580,1000
11/03/1992,GA,Wilkes,Clinton,democrat,470,1000
11/03/1992,GA,Wilkes,Bush,republican,530,1000
11/03/1992,IL,Peoria,Clinton,democrat,530,1000
11/03/1992,IL,Peoria,Bush,republican,470,1000
11/03/1992,IN,Jackson,Clinton,democrat,420,1000
11/03/1992,IN,Jackson,Bush,republican,580,1000
11/03/1992,KS,Rooks,Clinton,democrat,420,1000
11/03/1992,KS,Rooks,Bush,republican,580,1000
11/03/1992,KS,Reno,Clinton,democrat,420,1000
11/03/1992,KS,Reno,Bush,republican,580,1000
11/03/1992,KY,Barren,Clinton,democrat,420,1000
11/03/1992,KY,Barren,Bush,republican,580,1000
11/03/1992,KY,Laurel,Clinton,democrat,420,1000
11/03/1992,KY,Laurel,Bush,republican,580,1000
11/03/1992,AZ,Coconino,Clinton,democrat,420,1000
11/03/1992,AZ,Coconino,Bush,republican,580,1000
11/03/1992,CA,Marin,Clinton,democrat,580,1000
11/03/1992,CA,Marin,Bush,republican,420,1000
11/03/1992,FL,Okaloosa,Clinton,democrat,420,1000
11/03/1992,FL,Okaloosa,Bush,republican,580,1000
11/03/1992,GA,Murray,Clinton,democrat,420,1000
11/03/1992,GA,Murray,Bush,republican,580,1000
11/03/1992,IL,Randolph,Clinton,democrat,420,1000
11/03/1992,IL,Randolph,Bush,republican,580,1000
11/03/1992,IN,Switzerland,Clinton,democrat,420,1000
11/03/1992,IN,Switzerland,Bush,republican,580,1000
11/03/1992,KY,Kenton,Clinton,democrat,470,1000
11/03/1992,KY,Kenton,Bush,republican,530,1000
11/03/1992,KY,Monroe,Clinton,democrat,420,1000
11/03/1992,KY,Monroe,Bush,republican,580,1000
11/03/1992,LA,Caddo,Clinton,democrat,530,1000
11/03/1992,LA,Caddo,Bush,republican,470,1000
11/03/1992,LA,Claiborne,Clinton,democrat,420,1000
11/03/1992,LA,Claiborne,Bush,republican,580,1000
11/03/1992,MA,Berkshire,Clinton,democrat,580,1000
11/03/1992,MA,Berkshire,Bush,republican,420,1000
11/03/1992,MI,Grand_Traverse,Clinton,democrat,530,1000
11/03/1992,MI,Grand_Traverse,Bush,republican,470,1000
11/03/1992,NE,Nuckolls,Clinton,democrat,420,1000
11/03/1992,NE,Nuckolls,Bush,republican,580,1000
11/03/1992,MO,Atchison,Clinton,democrat,420,1000
11/03/1992,MO,Atchison,Bush,republican,580,1000
11/03/1992,MN,Ramsey,Clinton,democrat,580,1000
11/03/1992,MN,Ramsey,Bush,republican,420,1000
11/03/1992,NC,Avery,Clinton,democrat,420,1000
11/03/1992,NC,Avery,Bush,republican,580,1000
11/03/1992,PA,Wayne,Clinton,democrat,470,1000
11/03/1992,PA,Wayne,Bush,republican,530,1000
11/03/1992,TN,Carter,Clinton,democrat,420,1000
11/03/1992,TN,Carter,Bush,republican,580,1000
11/03/1992,TN,Hickman,Clinton,democrat,420,1000
11/03/1992,TN,Hickman,Bush,republican,580,1000
11/03/1992,SD,Potter,Clinton,democrat,420,1000
11/03/1992,SD,Potter,Bush,republican,580,1000
11/03/1992,TX,Shackelford,Clinton,democrat,420,1000
11/03/1992,TX,Shackelford,Bush,republican,580,1000
11/03/1992,WY,Converse,Clinton,democrat,420,1000
11/03/1992,WY,Converse,Bush,republican,580,1000
11/03/1992,AL,Escambia,Clinton,democrat,420,1000
11/03/1992,AL,Escambia,Bush,republican,580,1000
11/03/1992,AZ,Cochise,Clinton,democrat,420,1000
11/03/1992,AZ,Cochise,Bush,republican,580,1000
11/03/1992,AZ,Apache,Clinton,democrat,420,1000
11/03/1992,AZ,Apache,Bush,republican,580,1000
11/03/1992,CA,San_Luis_Obispo,Clinton,democrat,530,1000
11/03/1992,CA,San_Luis_Obispo,Bush,republican,470,1000
11/03/1992,ID,Oneida,Clinton,democrat,420,1000
11/03/1992,ID,Oneida,Bush,republican,580,1000
11/03/1992,IN,Perry,Clinton,democrat,470,1000
11/03/1992,IN,Perry,Bush,republican,530,1000
11/03/1992,IA,Harrison,Clinton,democrat,420,1000
11/03/1992,IA,Harrison,Bush,republican,580,1000
11/03/1992,KY,Gallatin,Clinton,democrat,420,1000
11/03/1992,KY,Gallatin,Bush,republican,580,1000
11/03/1992,MD,Kent,Clinton,democrat,503,1000
11/03/1992,MD,Kent,Bush,republican,497,1000
11/03/1992,ME,Piscataquis,Clinton,democrat,510,1000
11/03/1992,ME,Piscataquis,Bush,republican,490,1000
11/03/1992,MI,Luce,Clinton,democrat,420,1000
11/03/1992,MI,Luce,Bush,republican,580,1000
11/03/1992,MI,Clare,Clinton,democrat,470,1000
11/03/1992,MI,Clare,Bush,republican,530,1000
11/03/1992,MO,St_Clair,Clinton,democrat,420,1000
11/03/1992,MO,St_Clair,Bush,republican,580,1000
11/03/1992,NE,Merrick,Clinton,democrat,420,1000
11/03/1992,NE,Merrick,Bush,republican,580,1000
11/03/1992,NY,Greene,Clinton,democrat,420,1000
11/03/1992,NY,Greene,Bush,republican,580,1000
11/03/1992,NC,Halifax,Clinton,democrat,580,1000
11/03/1992,NC,Halifax,Bush,republican,420,1000
11/03/1992,OK,McClain,Clinton,democrat,420,1000
11/03/1992,OK,McClain,Bush,republican,580,1000
11/03/1992,OK,Beaver,Clinton,democrat,420,1000
11/03/1992,OK,Beaver,Bush,republican,580,1000
11/03/1992,OR,Deschutes,Clinton,democrat,530,1000
11/03/1992,OR,Deschutes,Bush,republican,470,1000
11/03/1992,PA,Centre,Clinton,democrat,530,1000
11/03/1992,PA,Centre,Bush,republican,470,1000
11/03/1992,SC,Kershaw,Clinton,democrat,470,1000
11/03/1992,SC,Kershaw,Bush,republican,530,1000
11/03/1992,KY,Morgan,Clinton,democrat,420,1000
11/03/1992,KY,Morgan,Bush,republican,580,1000
11/03/1992,TN,Johnson,Clinton,democrat,420,1000
11/03/1992,TN,Johnson,Bush,republican,580,1000
11/03/1992,TX,Brewster,Clinton,democrat,420,1000
11/03/1992,TX,Brewster,Bush,republican,580,1000
11/03/1992,TX,Zapata,Clinton,democrat,420,1000
11/03/1992,TX,Zapata,Bush,republican,580,1000
11/03/1992,TX,Trinity,Clinton,democrat,420,1000
11/03/1992,TX,Trinity,Bush,republican,580,1000
11/03/1992,UT,Carbon,Clinton,democrat,420,1000
11/03/1992,UT,Carbon,Bush,republican,580,1000
11/03/1992,VA,Orange,Clinton,democrat,420,1000
11/03/1992,VA,Orange,Bush,republican,580,1000
11/03/1992,WI,Adams,Clinton,democrat,470,1000
11/03/1992,WI,Adams,Bush,republican,530,1000
11/03/1992,ND,McLean,Clinton,democrat,420,1000
11/03/1992,ND,McLean,Bush,republican,580,1000
11/03/1992,MN,Kittson,Clinton,democrat,470,1000
11/03/1992,MN,Kittson,Bush,republican,530,1000
11/03/1992,MI,Cheboygan,Clinton,democrat,470,1000
11/03/1992,MI,Cheboygan,Bush,republican,530,1000
11/03/1992,MS,Washington,Clinton,democrat,580,1000
11/03/1992,MS,Washington,Bush,republican,420,1000
11/03/1992,MO,Holt,Clinton,democrat,420,1000
11/03/1992,MO,Holt,Bush,republican,580,1000
11/03/1992,MS,Sunflower,Clinton,democrat,580,1000
11/03/1992,MS,Sunflower,Bush,republican,420,1000
11/03/1992,MT,Powder_River,Clinton,democrat,420,1000
11/03/1992,MT,Powder_River,Bush,republican,580,1000
11/03/1992,MS,Marshall,Clinton,democrat,420,1000
11/03/1992,MS,Marshall,Bush,republican,580,1000
11/03/1992,MS,Issaquena,Clinton,democrat,490,1000
11/03/1992,MS,Issaquena,Bush,republican,510,1000
11/03/1992,MS,Benton,Clinton,democrat,420,1000
11/03/1992,MS,Benton,Bush,republican,580,1000
11/03/1992,OH,Cuyahoga,Clinton,democrat,580,1000
11/03/1992,OH,Cuyahoga,Bush,republican,420,1000
11/03/1992,MT,Lake,Clinton,democrat,470,1000
11/03/1992,MT,Lake,Bush,republican,530,1000
11/03/1992,RI,Newport,Clinton,democrat,580,1000
11/03/1992,RI,Newport,Bush,republican,420,1000
11/03/1992,MO,Clay,Clinton,democrat,510,1000
11/03/1992,MO,Clay,Bush,republican,490,1000
11/03/1992,MO,Worth,Clinton,democrat,420,1000
11/03/1992,MO,Worth,Bush,republican,580,1000
11/03/1992,MO,Perry,Clinton,democrat,420,1000
11/03/1992,MO,Perry,Bush,republican,580,1000
11/03/1992,MO,Morgan,Clinton,democrat,420,1000
11/03/1992,MO,Morgan,Bush,republican,580,1000
11/03/1992,VA,Lee,Clinton,democrat,420,1000
11/03/1992,VA,Lee,Bush,republican,580,1000
11/03/1992,WA,Clallam,Clinton,democrat,530,1000
11/03/1992,WA,Clallam,Bush,republican,470,1000
11/03/1992,WY,Uinta,Clinton,democrat,420,1000
11/03/1992,WY,Uinta,Bush,republican,580,1000
11/03/1992,AR,Arkansas,Clinton,democrat,470,1000
11/03/1992,AR,Arkansas,Bush,republican,530,1000
11/03/1992,AR,Dallas,Clinton,democrat,470,1000
11/03/1992,AR,Dallas,Bush,republican,530,1000
11/03/1992,GA,Butts,Clinton,democrat,420,1000
11/03/1992,GA,Butts,Bush,republican,580,1000
11/03/1992,GA,Baker,Clinton,democrat,470,1000
11/03/1992,GA,Baker,Bush,republican,530,1000
11/03/1992,IL,LaSalle,Clinton,democrat,490,1000
11/03/1992,IL,LaSalle,Bush,republican,510,1000
11/03/1992,IN,Kosciusko,Clinton,democrat,420,1000
11/03/1992,IN,Kosciusko,Bush,republican,580,1000
11/03/1992,IN,Sullivan,Clinton,democrat,420,1000
11/03/1992,IN,Sullivan,Bush,republican,580,1000
11/03/1992,KS,Riley,Clinton,democrat,580,1000
11/03/1992,KS,Riley,Bush,republican,420,1000
11/03/1992,KY,Bullitt,Clinton,democrat,420,1000
11/03/1992,KY,Bullitt,Bush,republican,580,1000
11/03/1992,KY,Madison,Clinton,democrat,420,1000
11/03/1992,KY,Madison,Bush,republican,580,1000
11/03/1992,LA,Livingston,Clinton,democrat,420,1000
11/03/1992,LA,Livingston,Bush,republican,580,1000
11/03/1992,LA,Grant,Clinton,democrat,420,1000
11/03/1992,LA,Grant,Bush,republican,580,1000
11/03/1992,LA,Bienville,Clinton,democrat,420,1000
11/03/1992,LA,Bienville,Bush,republican,580,1000
11/03/1992,MO,Callaway,Clinton,democrat,420,1000
11/03/1992,MO,Callaway,Bush,republican,580,1000
11/03/1992,GA,Wheeler,Clinton,democrat,420,1000
11/03/1992,GA,Wheeler,Bush,republican,580,1000
11/03/1992,NC,Chatham,Clinton,democrat,530,1000
11/03/1992,NC,Chatham,Bush,republican,470,1000
11/03/1992,SC,Allendale,Clinton,democrat,580,1000
11/03/1992,SC,Allendale,Bush,republican,420,1000
11/03/1992,MA,Suffolk,Clinton,democrat,580,1000
11/03/1992,MA,Suffolk,Bush,republican,420,1000
11/03/1992,TN,Henry,Clinton,democrat,420,1000
11/03/1992,TN,Henry,Bush,republican,580,1000
11/03/1992,TX,Angelina,Clinton,democrat,420,1000
11/03/1992,TX,Angelina,Bush,republican,580,1000
11/03/1992,WA,Grant,Clinton,democrat,420,1000
11/03/1992,WA,Grant,Bush,republican,580,1000
11/03/1992,VA,Louisa,Clinton,democrat,420,1000
11/03/1992,VA,Louisa,Bush,republican,580,1000
11/03/1992,MN,Goodhue,Clinton,democrat,490,1000
11/03/1992,MN,Goodhue,Bush,republican,510,1000
11/03/1992,WA,Walla_Walla,Clinton,democrat,490,1000
11/03/1992,WA,Walla_Walla,Bush,republican,510,1000
11/03/1992,MO,Christian,Clinton,democrat,420,1000
11/03/1992,MO,Christian,Bush,republican,580,1000
11/03/1992,IN,Crawford,Clinton,democrat,470,1000
11/03/1992,IN,Crawford,Bush,republican,530,1000
11/03/1992,OK,Seminole,Clinton,democrat,420,1000
11/03/1992,OK,Seminole,Bush,republican,580,1000
11/03/1992,NM,Lincoln,Clinton,democrat,420,1000
11/03/1992,NM,Lincoln,Bush,republican,580,1000
11/03/1992,TN,Campbell,Clinton,democrat,420,1000
11/03/1992,TN,Campbell,Bush,republican,580,1000
11/03/1992,NM,Socorro,Clinton,democrat,490,1000
11/03/1992,NM,Socorro,Bush,republican,510,1000
11/03/1992,NM,Taos,Clinton,democrat,580,1000
11/03/1992,NM,Taos,Bush,republican,420,1000
11/03/1992,NM,Chaves,Clinton,democrat,420,1000
11/03/1992,NM,Chaves,Bush,republican,580,1000
11/03/1992,OH,Holmes,Clinton,democrat,420,1000
11/03/1992,OH,Holmes,Bush,republican,580,1000
11/03/1992,OH,Jackson,Clinton,democrat,420,1000
11/03/1992,OH,Jackson,Bush,republican,580,1000
11/03/1992,NC,Burke,Clinton,democrat,420,1000
11/03/1992,NC,Burke,Bush,republican,580,1000
11/03/1992,SD,Pennington,Clinton,democrat,420,1000
11/03/1992,SD,Pennington,Bush,republican,580,1000
11/03/1992,TX,Aransas,Clinton,democrat,420,1000
11/03/1992,TX,Aransas,Bush,republican,580,1000
11/03/1992,WA,Whitman,Clinton,democrat,530,1000
11/03/1992,WA,Whitman,Bush,republican,470,1000
11/03/1992,MI,Berrien,Clinton,democrat,490,1000
11/03/1992,MI,Berrien,Bush,republican,510,1000
11/03/1992,GA,Lincoln,Clinton,democrat,420,1000
11/03/1992,GA,Lincoln,Bush,republican,580,1000
11/03/1992,TX,Val_Verde,Clinton,democrat,420,1000
11/03/1992,TX,Val_Verde,Bush,republican,580,1000
11/03/1992,NY,Onondaga,Clinton,democrat,580,1000
11/03/1992,NY,Onondaga,Bush,republican,420,1000
11/03/1992,ID,Gooding,Clinton,democrat,420,1000
11/03/1992,ID,Gooding,Bush,republican,580,1000
11/03/1992,KY,Clay,Clinton,democrat,420,1000
11/03/1992,KY,Clay,Bush,republican,580,1000
11/03/1992,OR,Harney,Clinton,democrat,420,1000
11/03/1992,OR,Harney,Bush,republican,580,1000
11/03/1992,MO,Cooper,Clinton,democrat,420,1000
11/03/1992,MO,Cooper,Bush,republican,580,1000
11/03/1992,MN,Todd,Clinton,democrat,420,1000
11/03/1992,MN,Todd,Bush,republican,580,1000
11/03/1992,WI,Florence,Clinton,democrat,420,1000
11/03/1992,WI,Florence,Bush,republican,580,1000
11/03/1992,NY,Nassau,Clinton,democrat,530,1000
11/03/1992,NY,Nassau,Bush,republican,470,1000
11/03/1992,NM,San_Miguel,Clinton,democrat,510,1000
11/03/1992,NM,San_Miguel,Bush,republican,490,1000
11/03/1992,NE,Wayne,Clinton,democrat,420,1000
11/03/1992,NE,Wayne,Bush,republican,580,1000
11/03/1992,OH,Lawrence,Clinton,democrat,420,1000
11/03/1992,OH,Lawrence,Bush,republican,580,1000
11/03/1992,SD,Union,Clinton,democrat,420,1000
11/03/1992,SD,Union,Bush,republican,580,1000
11/03/1992,SC,Beaufort,Clinton,democrat,490,1000
11/03/1992,SC,Beaufort,Bush,republican,510,1000
11/03/1992,OH,Auglaize,Clinton,democrat,420,1000
11/03/1992,OH,Auglaize,Bush,republican,580,1000
11/03/1992,GA,Long,Clinton,democrat,420,1000
11/03/1992,GA,Long,Bush,republican,580,1000
11/03/1992,TX,Victoria,Clinton,democrat,420,1000
11/03/1992,TX,Victoria,Bush,republican,580,1000
11/03/1992,OH,Clermont,Clinton,democrat,420,1000
11/03/1992,OH,Clermont,Bush,republican,580,1000
11/03/1992,GA,Madison,Clinton,democrat,420,1000
11/03/1992,GA,Madison,Bush,republican,580,1000
11/03/1992,GA,Muscogee,Clinton,democrat,580,1000
11/03/1992,GA,Muscogee,Bush,republican,420,1000
11/03/1992,GA,Oconee,Clinton,democrat,420,1000
11/03/1992,GA,Oconee,Bush,republican,580,1000
11/03/1992,AL,Fayette,Clinton,democrat,420,1000
11/03/1992,AL,Fayette,Bush,republican,580,1000
11/03/1992,GA,Charlton,Clinton,democrat,420,1000
11/03/1992,GA,Charlton,Bush,republican,580,1000
11/03/1992,VT,Windsor,Clinton,democrat,580,1000
11/03/1992,VT,Windsor,Bush,republican,420,1000
11/03/1992,VA,Richmond_Co,Clinton,democrat,420,1000
11/03/1992,VA,Richmond_Co,Bush,republican,580,1000
11/03/1992,TX,Galveston,Clinton,democrat,420,1000
11/03/1992,TX,Galveston,Bush,republican,580,1000
11/03/1992,MO,Ste_Genevieve,Clinton,democrat,530,1000
11/03/1992,MO,Ste_Genevieve,Bush,republican,470,1000
11/03/1992,MI,Menominee,Clinton,democrat,420,1000
11/03/1992,MI,Menominee,Bush,republican,580,1000
11/03/1992,SC,Charleston,Clinton,democrat,580,1000
11/03/1992,SC,Charleston,Bush,republican,420,1000
11/03/1992,TX,Austin,Clinton,democrat,420,1000
11/03/1992,TX,Austin,Bush,republican,580,1000
11/03/1992,TN,Decatur,Clinton,democrat,420,1000
11/03/1992,TN,Decatur,Bush,republican,580,1000
11/03/1992,SD,Butte,Clinton,democrat,420,1000
11/03/1992,SD,Butte,Bush,republican,580,1000
11/03/1992,SC,Chester,Clinton,democrat,470,1000
11/03/1992,SC,Chester,Bush,republican,530,1000
11/03/1992,WI,Pierce,Clinton,democrat,470,1000
11/03/1992,WI,Pierce,Bush,republican,530,1000
11/03/1992,TN,Lake,Clinton,democrat,420,1000
11/03/1992,TN,Lake,Bush,republican,580,1000
11/03/1992,TX,Delta,Clinton,democrat,420,1000
11/03/1992,TX,Delta,Bush,republican,580,1000
11/03/1992,MT,Lincoln,Clinton,democrat,470,1000
11/03/1992,MT,Lincoln,Bush,republican,530,1000
11/03/1992,TX,Fort_Bend,Clinton,democrat,530,1000
11/03/1992,TX,Fort_Bend,Bush,republican,470,1000
11/03/1992,ME,Lincoln,Clinton,democrat,580,1000
11/03/1992,ME,Lincoln,Bush,republican,420,1000
11/03/1992,VA,Surry,Clinton,democrat,530,1000
11/03/1992,VA,Surry,Bush,republican,470,1000
11/03/1992,MO,Saline,Clinton,democrat,420,1000
11/03/1992,MO,Saline,Bush,republican,580,1000
11/03/1992,NC,Caswell,Clinton,democrat,470,1000
11/03/1992,NC,Caswell,Bush,republican,530,1000
11/03/1992,VA,Sussex,Clinton,democrat,580,1000
11/03/1992,VA,Sussex,Bush,republican,420,1000
11/03/1992,NH,Rockingham,Clinton,democrat,530,1000
11/03/1992,NH,Rockingham,Bush,republican,470,1000
11/03/1992,TN,Hamblen,Clinton,democrat,420,1000
11/03/1992,TN,Hamblen,Bush,republican,580,1000
11/03/1992,TN,Hancock,Clinton,democrat,420,1000
11/03/1992,TN,Hancock,Bush,republican,580,1000
11/03/1992,TN,Hawkins,Clinton,democrat,420,1000
11/03/1992,TN,Hawkins,Bush,republican,580,1000
11/03/1992,SD,Hanson,Clinton,democrat,420,1000
11/03/1992,SD,Hanson,Bush,republican,580,1000
11/03/1992,SD,Kingsbury,Clinton,democrat,470,1000
11/03/1992,SD,Kingsbury,Bush,republican,530,1000
11/03/1992,PA,Chester,Clinton,democrat,580,1000
11/03/1992,PA,Chester,Bush,republican,420,1000
11/03/1992,TX,Calhoun,Clinton,democrat,420,1000
11/03/1992,TX,Calhoun,Bush,republican,580,1000
11/03/1992,VA,Northumberland,Clinton,democrat,420,1000
11/03/1992,VA,Northumberland,Bush,republican,580,1000
11/03/1992,WI,Forest,Clinton,democrat,420,1000
11/03/1992,WI,Forest,Bush,republican,580,1000
11/03/1992,WY,Crook,Clinton,democrat,420,1000
11/03/1992,WY,Crook,Bush,republican,580,1000
11/03/1992,NE,Rock,Clinton,democrat,420,1000
11/03/1992,NE,Rock,Bush,republican,580,1000
11/03/1992,TN,Anderson,Clinton,democrat,420,1000
11/03/1992,TN,Anderson,Bush,republican,580,1000
11/03/1992,KY,Garrard,Clinton,democrat,420,1000
11/03/1992,KY,Garrard,Bush,republican,580,1000
11/03/1992,VT,Windham,Clinton,democrat,580,1000
11/03/1992,VT,Windham,Bush,republican,420,1000
11/03/1992,MD,Wicomico,Clinton,democrat,470,1000
11/03/1992,MD,Wicomico,Bush,republican,530,1000
11/03/1992,ME,Sagadahoc,Clinton,democrat,580,1000
11/03/1992,ME,Sagadahoc,Bush,republican,420,1000
11/03/1992,KS,Bourbon,Clinton,democrat,420,1000
11/03/1992,KS,Bourbon,Bush,republican,580,1000
11/03/1992,KS,Crawford,Clinton,democrat,490,1000
11/03/1992,KS,Crawford,Bush,republican,510,1000
11/03/1992,TX,Collin,Clinton,democrat,490,1000
11/03/1992,TX,Collin,Bush,republican,510,1000
11/03/1992,TX,Colorado,Clinton,democrat,420,1000
11/03/1992,TX,Colorado,Bush,republican,580,1000
11/03/1992,PA,Delaware,Clinton,democrat,580,1000
11/03/1992,PA,Delaware,Bush,republican,420,1000
11/03/1992,SC,Dillon,Clinton,democrat,510,1000
11/03/1992,SC,Dillon,Bush,republican,490,1000
11/03/1992,PA,Clarion,Clinton,democrat,420,1000
11/03/1992,PA,Clarion,Bush,republican,580,1000
11/03/1992,TX,Jasper,Clinton,democrat,420,1000
11/03/1992,TX,Jasper,Bush,republican,580,1000
11/03/1992,PA,Clinton,Clinton,democrat,470,1000
11/03/1992,PA,Clinton,Bush,republican,530,1000
11/03/1992,MD,Harford,Clinton,democrat,470,1000
11/03/1992,MD,Harford,Bush,republican,530,1000
11/03/1992,IL,Richland,Clinton,democrat,420,1000
11/03/1992,IL,Richland,Bush,republican,580,1000
11/03/1992,MD,Howard,Clinton,democrat,580,1000
11/03/1992,MD,Howard,Bush,republican,420,1000
11/03/1992,TN,Loudon,Clinton,democrat,420,1000
11/03/1992,TN,Loudon,Bush,republican,580,1000
11/03/1992,IL,St_Clair,Clinton,democrat,580,1000
11/03/1992,IL,St_Clair,Bush,republican,420,1000
11/03/1992,MA,Bristol,Clinton,democrat,530,1000
11/03/1992,MA,Bristol,Bush,republican,470,1000
11/03/1992,IN,Hendricks,Clinton,democrat,420,1000
11/03/1992,IN,Hendricks,Bush,republican,580,1000
11/03/1992,MD,Anne_Arundel,Clinton,democrat,530,1000
11/03/1992,MD,Anne_Arundel,Bush,republican,470,1000
11/03/1992,TX,Comal,Clinton,democrat,420,1000
11/03/1992,TX,Comal,Bush,republican,580,1000
11/03/1992,TX,Cooke,Clinton,democrat,420,1000
11/03/1992,TX,Cooke,Bush,republican,580,1000
11/03/1992,TX,Crockett,Clinton,democrat,420,1000
11/03/1992,TX,Crockett,Bush,republican,580,1000
11/03/1992,TX,Culberson,Clinton,democrat,420,1000
11/03/1992,TX,Culberson,Bush,republican,580,1000
11/03/1992,KY,Hickman,Clinton,democrat,470,1000
11/03/1992,KY,Hickman,Bush,republican,530,1000
11/03/1992,KY,Jackson,Clinton,democrat,420,1000
11/03/1992,KY,Jackson,Bush,republican,580,1000
11/03/1992,SC,Georgetown,Clinton,democrat,470,1000
11/03/1992,SC,Georgetown,Bush,republican,530,1000
11/03/1992,WA,Adams,Clinton,democrat,420,1000
11/03/1992,WA,Adams,Bush,republican,580,1000
11/03/1992,NE,Kimball,Clinton,democrat,420,1000
11/03/1992,NE,Kimball,Bush,republican,580,1000
11/03/1992,MT,Carbon,Clinton,democrat,420,1000
11/03/1992,MT,Carbon,Bush,republican,580,1000
11/03/1992,KY,Greenup,Clinton,democrat,420,1000
11/03/1992,KY,Greenup,Bush,republican,580,1000
11/03/1992,LA,Webster,Clinton,democrat,420,1000
11/03/1992,LA,Webster,Bush,republican,580,1000
11/03/1992,TN,Macon,Clinton,democrat,420,1000
11/03/1992,TN,Macon,Bush,republican,580,1000
11/03/1992,NC,New_Hanover,Clinton,democrat,530,1000
11/03/1992,NC,New_Hanover,Bush,republican,470,1000
11/03/1992,TX,Chambers,Clinton,democrat,420,1000
11/03/1992,TX,Chambers,Bush,republican,580,1000
11/03/1992,FL,Alachua,Clinton,democrat,580,1000
11/03/1992,FL,Alachua,Bush,republican,420,1000
11/03/1992,GA,Worth,Clinton,democrat,420,1000
11/03/1992,GA,Worth,Bush,republican,580,1000
11/03/1992,OR,Marion,Clinton,democrat,530,1000
11/03/1992,OR,Marion,Bush,republican,470,1000
11/03/1992,PA,Jefferson,Clinton,democrat,420,1000
11/03/1992,PA,Jefferson,Bush,republican,580,1000
11/03/1992,MI,Dickinson,Clinton,democrat,420,1000
11/03/1992,MI,Dickinson,Bush,republican,580,1000
11/03/1992,MI,Eaton,Clinton,democrat,530,1000
11/03/1992,MI,Eaton,Bush,republican,470,1000
11/03/1992,KY,Knox,Clinton,democrat,420,1000
11/03/1992,KY,Knox,Bush,republican,580,1000
11/03/1992,MI,Hillsdale,Clinton,democrat,420,1000
11/03/1992,MI,Hillsdale,Bush,republican,580,1000
11/03/1992,TX,Denton,Clinton,democrat,470,1000
11/03/1992,TX,Denton,Bush,republican,530,1000
11/03/1992,IA,Washington,Clinton,democrat,490,1000
11/03/1992,IA,Washington,Bush,republican,510,1000
11/03/1992,TN,Smith,Clinton,democrat,420,1000
11/03/1992,TN,Smith,Bush,republican,580,1000
11/03/1992,KS,Wilson,Clinton,democrat,420,1000
11/03/1992,KS,Wilson,Bush,republican,580,1000
11/03/1992,VA,Henrico,Clinton,democrat,580,1000
11/03/1992,VA,Henrico,Bush,republican,420,1000
11/03/1992,RI,Kent,Clinton,democrat,530,1000
11/03/1992,RI,Kent,Bush,republican,470,1000
11/03/1992,PA,Columbia,Clinton,democrat,420,1000
11/03/1992,PA,Columbia,Bush,republican,580,1000
11/03/1992,TN,Lewis,Clinton,democrat,420,1000
11/03/1992,TN,Lewis,Bush,republican,580,1000
11/03/1992,MN,Lincoln,Clinton,democrat,420,1000
11/03/1992,MN,Lincoln,Bush,republican,580,1000
11/03/1992,TN,Madison,Clinton,democrat,420,1000
11/03/1992,TN,Madison,Bush,republican,580,1000
11/03/1992,MO,Ralls,Clinton,democrat,420,1000
11/03/1992,MO,Ralls,Bush,republican,580,1000
11/03/1992,NC,Anson,Clinton,democrat,530,1000
11/03/1992,NC,Anson,Bush,republican,470,1000
11/03/1992,KY,Daviess,Clinton,democrat,470,1000
11/03/1992,KY,Daviess,Bush,republican,530,1000
11/03/1992,UT,Washington,Clinton,democrat,420,1000
11/03/1992,UT,Washington,Bush,republican,580,1000
11/03/1992,IA,Appanoose,Clinton,democrat,470,1000
11/03/1992,IA,Appanoose,Bush,republican,530,1000
11/03/1992,VA,Pittsylvania,Clinton,democrat,420,1000
11/03/1992,VA,Pittsylvania,Bush,republican,580,1000
11/03/1992,PA,Lackawanna,Clinton,democrat,580,1000
11/03/1992,PA,Lackawanna,Bush,republican,420,1000
11/03/1992,PA,Lancaster,Clinton,democrat,470,1000
11/03/1992,PA,Lancaster,Bush,republican,530,1000
11/03/1992,MO,Jefferson,Clinton,democrat,510,1000
11/03/1992,MO,Jefferson,Bush,republican,490,1000
11/03/1992,MO,Washington,Clinton,democrat,420,1000
11/03/1992,MO,Washington,Bush,republican,580,1000
11/03/1992,PA,Lehigh,Clinton,democrat,580,1000
11/03/1992,PA,Lehigh,Bush,republican,420,1000
11/03/1992,KY,Letcher,Clinton,democrat,420,1000
11/03/1992,KY,Letcher,Bush,republican,580,1000
11/03/1992,MI,Jackson,Clinton,democrat,470,1000
11/03/1992,MI,Jackson,Bush,republican,530,1000
11/03/1992,KY,Lyon,Clinton,democrat,420,1000
11/03/1992,KY,Lyon,Bush,republican,580,1000
11/03/1992,MN,Chippewa,Clinton,democrat,420,1000
11/03/1992,MN,Chippewa,Bush,republican,580,1000
11/03/1992,KY,McCracken,Clinton,democrat,420,1000
11/03/1992,KY,McCracken,Bush,republican,580,1000
11/03/1992,UT,Davis,Clinton,democrat,420,1000
11/03/1992,UT,Davis,Bush,republican,580,1000
11/03/1992,VA,Albemarle,Clinton,democrat,580,1000
11/03/1992,VA,Albemarle,Bush,republican,420,1000
11/03/1992,MT,Gallatin,Clinton,democrat,530,1000
11/03/1992,MT,Gallatin,Bush,republican,470,1000
11/03/1992,WI,Marinette,Clinton,democrat,420,1000
11/03/1992,WI,Marinette,Bush,republican,580,1000
11/03/1992,MT,Big_Horn,Clinton,democrat,580,1000
11/03/1992,MT,Big_Horn,Bush,republican,420,1000
11/03/1992,CA,Amador,Clinton,democrat,420,1000
11/03/1992,CA,Amador,Bush,republican,580,1000
11/03/1992,TX,Cherokee,Clinton,democrat,420,1000
11/03/1992,TX,Cherokee,Bush,republican,580,1000
11/03/1992,MO,McDonald,Clinton,democrat,420,1000
11/03/1992,MO,McDonald,Bush,republican,580,1000
11/03/1992,PA,Mifflin,Clinton,democrat,420,1000
11/03/1992,PA,Mifflin,Bush,republican,580,1000
11/03/1992,LA,Washington,Clinton,democrat,420,1000
11/03/1992,LA,Washington,Bush,republican,580,1000
11/03/1992,ND,Williams,Clinton,democrat,420,1000
11/03/1992,ND,Williams,Bush,republican,580,1000
11/03/1992,NC,Cumberland,Clinton,democrat,580,1000
11/03/1992,NC,Cumberland,Bush,republican,420,1000
11/03/1992,KY,Marshall,Clinton,democrat,420,1000
11/03/1992,KY,Marshall,Bush,republican,580,1000
11/03/1992,MI,Kent,Clinton,democrat,530,1000
11/03/1992,MI,Kent,Bush,republican,470,1000
11/03/1992,MI,Keweenaw,Clinton,democrat,530,1000
11/03/1992,MI,Keweenaw,Bush,republican,470,1000
11/03/1992,MN,Houston,Clinton,democrat,470,1000
11/03/1992,MN,Houston,Bush,republican,530,1000
11/03/1992,SC,Horry,Clinton,democrat,420,1000
11/03/1992,SC,Horry,Bush,republican,580,1000
11/03/1992,MT,Jefferson,Clinton,democrat,420,1000
11/03/1992,MT,Jefferson,Bush,republican,580,1000
11/03/1992,TN,Sevier,Clinton,democrat,420,1000
11/03/1992,TN,Sevier,Bush,republican,580,1000
11/03/1992,LA,Bossier,Clinton,democrat,420,1000
11/03/1992,LA,Bossier,Bush,republican,580,1000
11/03/1992,NM,Catron,Clinton,democrat,420,1000
11/03/1992,NM,Catron,Bush,republican,580,1000
11/03/1992,KY,Fulton,Clinton,democrat,420,1000
11/03/1992,KY,Fulton,Bush,republican,580,1000
11/03/1992,NM,San_Juan,Clinton,democrat,420,1000
11/03/1992,NM,San_Juan,Bush,republican,580,1000
11/03/1992,MD,Caroline,Clinton,democrat,420,1000
11/03/1992,MD,Caroline,Bush,republican,580,1000
11/03/1992,MO,Marion,Clinton,democrat,420,1000
11/03/1992,MO,Marion,Bush,republican,580,1000
11/03/1992,TN,McMinn,Clinton,democrat,420,1000
11/03/1992,TN,McMinn,Bush,republican,580,1000
11/03/1992,VA,Prince_George,Clinton,democrat,470,1000
11/03/1992,VA,Prince_George,Bush,republican,530,1000
11/03/1992,LA,Lafayette,Clinton,democrat,420,1000
11/03/1992,LA,Lafayette,Bush,republican,580,1000
11/03/1992,PA,Northampton,Clinton,democrat,530,1000
11/03/1992,PA,Northampton,Bush,republican,470,1000
11/03/1992,UT,Salt_Lake,Clinton,democrat,530,1000
11/03/1992,UT,Salt_Lake,Bush,republican,470,1000
11/03/1992,MI,Mason,Clinton,democrat,420,1000
11/03/1992,MI,Mason,Bush,republican,580,1000
11/03/1992,WV,Roane,Clinton,democrat,420,1000
11/03/1992,WV,Roane,Bush,republican,580,1000
11/03/1992,WV,Summers,Clinton,democrat,420,1000
11/03/1992,WV,Summers,Bush,republican,580,1000
11/03/1992,NC,Wilkes,Clinton,democrat,420,1000
11/03/1992,NC,Wilkes,Bush,republican,580,1000
11/03/1992,WI,Dodge,Clinton,democrat,420,1000
11/03/1992,WI,Dodge,Bush,republican,580,1000
11/03/1992,TX,Tarrant,Clinton,democrat,510,1000
11/03/1992,TX,Tarrant,Bush,republican,490,1000
11/03/1992,MT,Meagher,Clinton,democrat,420,1000
11/03/1992,MT,Meagher,Bush,republican,580,1000
11/03/1992,AR,Miller,Clinton,democrat,420,1000
11/03/1992,AR,Miller,Bush,republican,580,1000
11/03/1992,TN,Washington,Clinton,democrat,420,1000
11/03/1992,TN,Washington,Bush,republican,580,1000
11/03/1992,ID,Payette,Clinton,democrat,420,1000
11/03/1992,ID,Payette,Bush,republican,580,1000
11/03/1992,IL,Macon,Clinton,democrat,470,1000
11/03/1992,IL,Macon,Bush,republican,530,1000
11/03/1992,LA,Red_River,Clinton,democrat,420,1000
11/03/1992,LA,Red_River,Bush,republican,580,1000
11/03/1992,NC,Edgecombe,Clinton,democrat,580,1000
11/03/1992,NC,Edgecombe,Bush,republican,420,1000
11/03/1992,MD,Cecil,Clinton,democrat,420,1000
11/03/1992,MD,Cecil,Bush,republican,580,1000
11/03/1992,IL,Madison,Clinton,democrat,470,1000
11/03/1992,IL,Madison,Bush,republican,530,1000
11/03/1992,LA,Union,Clinton,democrat,420,1000
11/03/1992,LA,Union,Bush,republican,580,1000
11/03/1992,NC,Yancey,Clinton,democrat,420,1000
11/03/1992,NC,Yancey,Bush,republican,580,1000
11/03/1992,NY,Bronx,Clinton,democrat,580,1000
11/03/1992,NY,Bronx,Bush,republican,420,1000
11/03/1992,ME,Washington,Clinton,democrat,510,1000
11/03/1992,ME,Washington,Bush,republican,490,1000
11/03/1992,TX,Briscoe,Clinton,democrat,420,1000
11/03/1992,TX,Briscoe,Bush,republican,580,1000
11/03/1992,WI,Green_Lake,Clinton,democrat,420,1000
11/03/1992,WI,Green_Lake,Bush,republican,580,1000
11/03/1992,MN,Dodge,Clinton,democrat,420,1000
11/03/1992,MN,Dodge,Bush,republican,580,1000
11/03/1992,MI,Muskegon,Clinton,democrat,530,1000
11/03/1992,MI,Muskegon,Bush,republican,470,1000
11/03/1992,KY,Owsley,Clinton,democrat,420,1000
11/03/1992,KY,Owsley,Bush,republican,580,1000
11/03/1992,MI,Oceana,Clinton,democrat,420,1000
11/03/1992,MI,Oceana,Bush,republican,580,1000
11/03/1992,NC,Moore,Clinton,democrat,420,1000
11/03/1992,NC,Moore,Bush,republican,580,1000
11/03/1992,TN,Sumner,Clinton,democrat,420,1000
11/03/1992,TN,Sumner,Bush,republican,580,1000
11/03/1992,KY,Todd,Clinton,democrat,420,1000
11/03/1992,KY,Todd,Bush,republican,580,1000
11/03/1992,KY,Trigg,Clinton,democrat,420,1000
11/03/1992,KY,Trigg,Bush,republican,580,1000
11/03/1992,TN,Wayne,Clinton,democrat,420,1000
11/03/1992,TN,Wayne,Bush,republican,580,1000
11/03/1992,TN,Weakley,Clinton,democrat,420,1000
11/03/1992,TN,Weakley,Bush,republican,580,1000
11/03/1992,TX,Brooks,Clinton,democrat,420,1000
11/03/1992,TX,Brooks,Bush,republican,580,1000
11/03/1992,TN,Williamson,Clinton,democrat,470,1000
11/03/1992,TN,Williamson,Bush,republican,530,1000
11/03/1992,WY,Johnson,Clinton,democrat,420,1000
11/03/1992,WY,Johnson,Bush,republican,580,1000
11/03/1992,WI,Polk,Clinton,democrat,420,1000
11/03/1992,WI,Polk,Bush,republican,580,1000
11/03/1992,TN,Meigs,Clinton,democrat,420,1000
11/03/1992,TN,Meigs,Bush,republican,580,1000
11/03/1992,IL,Massac,Clinton,democrat,420,1000
11/03/1992,IL,Massac,Bush,republican,580,1000
11/03/1992,MD,Dorchester,Clinton,democrat,510,1000
11/03/1992,MD,Dorchester,Bush,republican,490,1000
11/03/1992,CA,Santa_Clara,Clinton,democrat,580,1000
11/03/1992,CA,Santa_Clara,Bush,republican,420,1000
11/03/1992,NY,Clinton,Clinton,democrat,530,1000
11/03/1992,NY,Clinton,Bush,republican,470,1000
11/03/1992,PA,Dauphin,Clinton,democrat,530,1000
11/03/1992,PA,Dauphin,Bush,republican,470,1000
11/03/1992,MT,Granite,Clinton,democrat,420,1000
11/03/1992,MT,Granite,Bush,republican,580,1000
11/03/1992,MI,Van_Buren,Clinton,democrat,510,1000
11/03/1992,MI,Van_Buren,Bush,republican,490,1000
11/03/1992,IL,Edgar,Clinton,democrat,420,1000
11/03/1992,IL,Edgar,Bush,republican,580,1000
11/03/1992,IL,Hancock,Clinton,democrat,420,1000
11/03/1992,IL,Hancock,Bush,republican,580,1000
11/03/1992,MN,Big_Stone,Clinton,democrat,490,1000
11/03/1992,MN,Big_Stone,Bush,republican,510,1000
11/03/1992,CA,Calaveras,Clinton,democrat,420,1000
11/03/1992,CA,Calaveras,Bush,republican,580,1000
11/03/1992,SC,Orangeburg,Clinton,democrat,580,1000
11/03/1992,SC,Orangeburg,Bush,republican,420,1000
11/03/1992,WY,Teton,Clinton,democrat,420,1000
11/03/1992,WY,Teton,Bush,republican,580,1000
11/03/1992,SC,Pickens,Clinton,democrat,420,1000
11/03/1992,SC,Pickens,Bush,republican,580,1000
11/03/1992,NC,Pitt,Clinton,democrat,530,1000
11/03/1992,NC,Pitt,Bush,republican,470,1000
11/03/1992,TN,Overton,Clinton,democrat,420,1000
11/03/1992,TN,Overton,Bush,republican,580,1000
11/03/1992,MD,Talbot,Clinton,democrat,470,1000
11/03/1992,MD,Talbot,Bush,republican,530,1000
11/03/1992,TN,Polk,Clinton,democrat,420,1000
11/03/1992,TN,Polk,Bush,republican,580,1000
11/03/1992,NC,Rowan,Clinton,democrat,420,1000
11/03/1992,NC,Rowan,Bush,republican,580,1000
11/03/1992,KY,Anderson,Clinton,democrat,420,1000
11/03/1992,KY,Anderson,Bush,republican,580,1000
11/03/1992,NM,Dona_Ana,Clinton,democrat,580,1000
11/03/1992,NM,Dona_Ana,Bush,republican,420,1000
11/03/1992,NJ,Mercer,Clinton,democrat,580,1000
11/03/1992,NJ,Mercer,Bush,republican,420,1000
11/03/1992,ND,McIntosh,Clinton,democrat,420,1000
11/03/1992,ND,McIntosh,Bush,republican,580,1000
11/03/1992,NM,Grant,Clinton,democrat,580,1000
11/03/1992,NM,Grant,Bush,republican,420,1000
11/03/1992,KY,Bell,Clinton,democrat,420,1000
11/03/1992,KY,Bell,Bush,republican,580,1000
11/03/1992,NC,Davidson,Clinton,democrat,420,1000
11/03/1992,NC,Davidson,Bush,republican,580,1000
11/03/1992,ME,Cumberland,Clinton,democrat,580,1000
11/03/1992,ME,Cumberland,Bush,republican,420,1000
11/03/1992,MN,Brown,Clinton,democrat,470,1000
11/03/1992,MN,Brown,Bush,republican,530,1000
11/03/1992,SC,Richland,Clinton,democrat,580,1000
11/03/1992,SC,Richland,Bush,republican,420,1000
11/03/1992,VA,Fluvanna,Clinton,democrat,490,1000
11/03/1992,VA,Fluvanna,Bush,republican,510,1000
11/03/1992,SC,Union,Clinton,democrat,420,1000
11/03/1992,SC,Union,Bush,republican,580,1000
11/03/1992,WY,Sheridan,Clinton,democrat,420,1000
11/03/1992,WY,Sheridan,Bush,republican,580,1000
11/03/1992,VA,Henry,Clinton,democrat,420,1000
11/03/1992,VA,Henry,Bush,republican,580,1000
11/03/1992,KY,Boone,Clinton,democrat,420,1000
11/03/1992,KY,Boone,Bush,republican,580,1000
11/03/1992,MS,Lee,Clinton,democrat,420,1000
11/03/1992,MS,Lee,Bush,republican,580,1000
11/03/1992,IN,Wayne,Clinton,democrat,420,1000
11/03/1992,IN,Wayne,Bush,republican,580,1000
11/03/1992,IL,Lawrence,Clinton,democrat,420,1000
11/03/1992,IL,Lawrence,Bush,republican,580,1000
11/03/1992,LA,Vernon,Clinton,democrat,420,1000
11/03/1992,LA,Vernon,Bush,republican,580,1000
11/03/1992,NE,Lincoln,Clinton,democrat,420,1000
11/03/1992,NE,Lincoln,Bush,republican,580,1000
11/03/1992,MI,Charlevoix,Clinton,democrat,470,1000
11/03/1992,MI,Charlevoix,Bush,republican,530,1000
11/03/1992,WI,Lafayette,Clinton,democrat,470,1000
11/03/1992,WI,Lafayette,Bush,republican,530,1000
11/03/1992,NY,Kings,Clinton,democrat,580,1000
11/03/1992,NY,Kings,Bush,republican,420,1000
11/03/1992,VA,Scott,Clinton,democrat,420,1000
11/03/1992,VA,Scott,Bush,republican,580,1000
11/03/1992,OH,Henry,Clinton,democrat,470,1000
11/03/1992,OH,Henry,Bush,republican,530,1000
11/03/1992,KY,Boyd,Clinton,democrat,420,1000
11/03/1992,KY,Boyd,Bush,republican,580,1000
11/03/1992,OK,Garfield,Clinton,democrat,420,1000
11/03/1992,OK,Garfield,Bush,republican,580,1000
11/03/1992,OK,Kingfisher,Clinton,democrat,420,1000
11/03/1992,OK,Kingfisher,Bush,republican,580,1000
11/03/1992,OK,Noble,Clinton,democrat,420,1000
11/03/1992,OK,Noble,Bush,republican,580,1000
11/03/1992,KY,Breckinridge,Clinton,democrat,420,1000
11/03/1992,KY,Breckinridge,Bush,republican,580,1000
11/03/1992,OR,Morrow,Clinton,democrat,420,1000
11/03/1992,OR,Morrow,Bush,republican,580,1000
11/03/1992,PA,Blair,Clinton,democrat,420,1000
11/03/1992,PA,Blair,Bush,republican,580,1000
11/03/1992,WA,Asotin,Clinton,democrat,470,1000
11/03/1992,WA,Asotin,Bush,republican,530,1000
11/03/1992,OR,Washington,Clinton,democrat,580,1000
11/03/1992,OR,Washington,Bush,republican,420,1000
11/03/1992,WI,Waukesha,Clinton,democrat,530,1000
11/03/1992,WI,Waukesha,Bush,republican,470,1000
11/03/1992,SC,Williamsburg,Clinton,democrat,580,1000
11/03/1992,SC,Williamsburg,Bush,republican,420,1000
11/03/1992,MO,Butler,Clinton,democrat,420,1000
11/03/1992,MO,Butler,Bush,republican,580,1000
11/03/1992,ID,Bonner,Clinton,democrat,420,1000
11/03/1992,ID,Bonner,Bush,republican,580,1000
11/03/1992,IL,Alexander,Clinton,democrat,530,1000
11/03/1992,IL,Alexander,Bush,republican,470,1000
11/03/1992,IN,Gibson,Clinton,democrat,420,1000
11/03/1992,IN,Gibson,Bush,republican,580,1000
11/03/1992,OK,Texas,Clinton,democrat,420,1000
11/03/1992,OK,Texas,Bush,republican,580,1000
11/03/1992,MO,New_Madrid,Clinton,democrat,470,1000
11/03/1992,MO,New_Madrid,Bush,republican,530,1000
11/03/1992,NC,Buncombe,Clinton,democrat,580,1000
11/03/1992,NC,Buncombe,Bush,republican,420,1000
11/03/1992,TX,Fannin,Clinton,democrat,420,1000
11/03/1992,TX,Fannin,Bush,republican,580,1000
11/03/1992,SD,Lincoln,Clinton,democrat,470,1000
11/03/1992,SD,Lincoln,Bush,republican,530,1000
11/03/1992,TN,Obion,Clinton,democrat,420,1000
11/03/1992,TN,Obion,Bush,republican,580,1000
11/03/1992,KY,Ballard,Clinton,democrat,420,1000
11/03/1992,KY,Ballard,Bush,republican,580,1000
11/03/1992,TX,Burnet,Clinton,democrat,420,1000
11/03/1992,TX,Burnet,Bush,republican,580,1000
11/03/1992,OR,Lane,Clinton,democrat,580,1000
11/03/1992,OR,Lane,Bush,republican,420,1000
11/03/1992,MA,Hampden,Clinton,democrat,580,1000
11/03/1992,MA,Hampden,Bush,republican,420,1000
11/03/1992,MO,Carroll,Clinton,democrat,420,1000
11/03/1992,MO,Carroll,Bush,republican,580,1000
11/03/1992,VA,Mecklenburg,Clinton,democrat,470,1000
11/03/1992,VA,Mecklenburg,Bush,republican,530,1000
11/03/1992,WI,Kewaunee,Clinton,democrat,470,1000
11/03/1992,WI,Kewaunee,Bush,republican,530,1000
11/03/1992,TN,Coffee,Clinton,democrat,420,1000
11/03/1992,TN,Coffee,Bush,republican,580,1000
11/03/1992,IA,Jasper,Clinton,democrat,490,1000
11/03/1992,IA,Jasper,Bush,republican,510,1000
11/03/1992,ID,Camas,Clinton,democrat,420,1000
11/03/1992,ID,Camas,Bush,republican,580,1000
11/03/1992,WI,Winnebago,Clinton,democrat,530,1000
11/03/1992,WI,Winnebago,Bush,republican,470,1000
11/03/1992,IN,Warren,Clinton,democrat,420,1000
11/03/1992,IN,Warren,Bush,republican,580,1000
11/03/1992,LA,Beauregard,Clinton,democrat,420,1000
11/03/1992,LA,Beauregard,Bush,republican,580,1000
11/03/1992,MD,St_Mary_s,Clinton,democrat,420,1000
11/03/1992,MD,St_Mary_s,Bush,republican,580,1000
11/03/1992,MS,Prentiss,Clinton,democrat,420,1000
11/03/1992,MS,Prentiss,Bush,republican,580,1000
11/03/1992,MS,Tallahatchie,Clinton,democrat,510,1000
11/03/1992,MS,Tallahatchie,Bush,republican,490,1000
11/03/1992,NJ,Burlington,Clinton,democrat,580,1000
11/03/1992,NJ,Burlington,Bush,republican,420,1000
11/03/1992,MT,Phillips,Clinton,democrat,420,1000
11/03/1992,MT,Phillips,Bush,republican,580,1000
11/03/1992,VT,Addison,Clinton,democrat,580,1000
11/03/1992,VT,Addison,Bush,republican,420,1000
11/03/1992,VT,Bennington,Clinton,democrat,580,1000
11/03/1992,VT,Bennington,Bush,republican,420,1000
11/03/1992,VA,Norfolk,Clinton,democrat,580,1000
11/03/1992,VA,Norfolk,Bush,republican,420,1000
11/03/1992,NC,Northampton,Clinton,democrat,580,1000
11/03/1992,NC,Northampton,Bush,republican,420,1000
11/03/1992,OR,Tillamook,Clinton,democrat,530,1000
11/03/1992,OR,Tillamook,Bush,republican,470,1000
11/03/1992,MT,Custer,Clinton,democrat,420,1000
11/03/1992,MT,Custer,Bush,republican,580,1000
11/03/1992,MT,Silver_Bow,Clinton,democrat,580,1000
11/03/1992,MT,Silver_Bow,Bush,republican,420,1000
11/03/1992,IL,Cass,Clinton,democrat,420,1000
11/03/1992,IL,Cass,Bush,republican,580,1000
11/03/1992,IA,Calhoun,Clinton,democrat,470,1000
11/03/1992,IA,Calhoun,Bush,republican,530,1000
11/03/1992,KS,Barton,Clinton,democrat,420,1000
11/03/1992,KS,Barton,Bush,republican,580,1000
11/03/1992,KS,Wabaunsee,Clinton,democrat,420,1000
11/03/1992,KS,Wabaunsee,Bush,republican,580,1000
11/03/1992,LA,Acadia,Clinton,democrat,420,1000
11/03/1992,LA,Acadia,Bush,republican,580,1000
11/03/1992,MI,Ingham,Clinton,democrat,580,1000
11/03/1992,MI,Ingham,Bush,republican,420,1000
11/03/1992,GA,Monroe,Clinton,democrat,420,1000
11/03/1992,GA,Monroe,Bush,republican,580,1000
11/03/1992,NY,Orleans,Clinton,democrat,420,1000
11/03/1992,NY,Orleans,Bush,republican,580,1000
11/03/1992,NC,Stanly,Clinton,democrat,420,1000
11/03/1992,NC,Stanly,Bush,republican,580,1000
11/03/1992,NY,Allegany,Clinton,democrat,420,1000
11/03/1992,NY,Allegany,Bush,republican,580,1000
11/03/1992,IL,Vermilion,Clinton,democrat,420,1000
11/03/1992,IL,Vermilion,Bush,republican,580,1000
11/03/1992,IL,Jackson,Clinton,democrat,530,1000
11/03/1992,IL,Jackson,Bush,republican,470,1000
11/03/1992,KY,Meade,Clinton,democrat,420,1000
11/03/1992,KY,Meade,Bush,republican,580,1000
11/03/1992,KY,Oldham,Clinton,democrat,420,1000
11/03/1992,KY,Oldham,Bush,republican,580,1000
11/03/1992,WA,Pacific,Clinton,democrat,530,1000
11/03/1992,WA,Pacific,Bush,republican,470,1000
11/03/1992,WI,Grant,Clinton,democrat,490,1000
11/03/1992,WI,Grant,Bush,republican,510,1000
11/03/1992,AR,Conway,Clinton,democrat,420,1000
11/03/1992,AR,Conway,Bush,republican,580,1000
11/03/1992,IL,Jersey,Clinton,democrat,420,1000
11/03/1992,IL,Jersey,Bush,republican,580,1000
11/03/1992,UT,Kane,Clinton,democrat,420,1000
11/03/1992,UT,Kane,Bush,republican,580,1000
11/03/1992,VA,Wise,Clinton,democrat,420,1000
11/03/1992,VA,Wise,Bush,republican,580,1000
11/03/1992,NM,Colfax,Clinton,democrat,470,1000
11/03/1992,NM,Colfax,Bush,republican,530,1000
11/03/1992,NC,Catawba,Clinton,democrat,420,1000
11/03/1992,NC,Catawba,Bush,republican,580,1000
11/03/1992,OH,Clark,Clinton,democrat,470,1000
11/03/1992,OH,Clark,Bush,republican,530,1000
11/03/1992,NE,Custer,Clinton,democrat,420,1000
11/03/1992,NE,Custer,Bush,republican,580,1000
11/03/1992,PA,Luzerne,Clinton,democrat,490,1000
11/03/1992,PA,Luzerne,Bush,republican,510,1000
11/03/1992,PA,Juniata,Clinton,democrat,420,1000
11/03/1992,PA,Juniata,Bush,republican,580,1000
11/03/1992,PA,Schuylkill,Clinton,democrat,420,1000
11/03/1992,PA,Schuylkill,Bush,republican,580,1000
11/03/1992,TN,Roane,Clinton,democrat,420,1000
11/03/1992,TN,Roane,Bush,republican,580,1000
11/03/1992,KY,Rockcastle,Clinton,democrat,420,1000
11/03/1992,KY,Rockcastle,Bush,republican,580,1000
11/03/1992,MD,Calvert,Clinton,democrat,470,1000
11/03/1992,MD,Calvert,Bush,republican,530,1000
11/03/1992,MD,Carroll,Clinton,democrat,420,1000
11/03/1992,MD,Carroll,Bush,republican,580,1000
11/03/1992,MA,Worcester,Clinton,democrat,580,1000
11/03/1992,MA,Worcester,Bush,republican,420,1000
11/03/1992,KY,Pike,Clinton,democrat,420,1000
11/03/1992,KY,Pike,Bush,republican,580,1000
11/03/1992,LA,DeSoto,Clinton,democrat,420,1000
11/03/1992,LA,DeSoto,Bush,republican,580,1000
11/03/1992,MD,Worcester,Clinton,democrat,420,1000
11/03/1992,MD,Worcester,Bush,republican,580,1000
11/03/1992,MI,Antrim,Clinton,democrat,420,1000
11/03/1992,MI,Antrim,Bush,republican,580,1000
11/03/1992,WV,Berkeley,Clinton,democrat,420,1000
11/03/1992,WV,Berkeley,Bush,republican,580,1000
11/03/1992,AR,Hot_Spring,Clinton,democrat,420,1000
11/03/1992,AR,Hot_Spring,Bush,republican,580,1000
11/03/1992,GA,Paulding,Clinton,democrat,420,1000
11/03/1992,GA,Paulding,Bush,republican,580,1000
11/03/1992,IL,Champaign,Clinton,democrat,580,1000
11/03/1992,IL,Champaign,Bush,republican,420,1000
11/03/1992,IL,Woodford,Clinton,democrat,420,1000
11/03/1992,IL,Woodford,Bush,republican,580,1000
11/03/1992,IL,Macoupin,Clinton,democrat,420,1000
11/03/1992,IL,Macoupin,Bush,republican,580,1000
11/03/1992,IL,Perry,Clinton,democrat,420,1000
11/03/1992,IL,Perry,Bush,republican,580,1000
11/03/1992,IA,Hancock,Clinton,democrat,490,1000
11/03/1992,IA,Hancock,Bush,republican,510,1000
11/03/1992,TN,Sequatchie,Clinton,democrat,420,1000
11/03/1992,TN,Sequatchie,Bush,republican,580,1000
11/03/1992,TX,Liberty,Clinton,democrat,420,1000
11/03/1992,TX,Liberty,Bush,republican,580,1000
11/03/1992,TX,Duval,Clinton,democrat,420,1000
11/03/1992,TX,Duval,Bush,republican,580,1000
11/03/1992,TX,Garza,Clinton,democrat,420,1000
11/03/1992,TX,Garza,Bush,republican,580,1000
11/03/1992,TX,Bee,Clinton,democrat,420,1000
11/03/1992,TX,Bee,Bush,republican,580,1000
11/03/1992,UT,Weber,Clinton,democrat,420,1000
11/03/1992,UT,Weber,Bush,republican,580,1000
11/03/1992,VA,Prince_Edward,Clinton,democrat,530,1000
11/03/1992,VA,Prince_Edward,Bush,republican,470,1000
11/03/1992,WI,Outagamie,Clinton,democrat,530,1000
11/03/1992,WI,Outagamie,Bush,republican,470,1000
11/03/1992,WI,Portage,Clinton,democrat,530,1000
11/03/1992,WI,Portage,Bush,republican,470,1000
11/03/1992,MN,Wilkin,Clinton,democrat,470,1000
11/03/1992,MN,Wilkin,Bush,republican,530,1000
11/03/1992,MS,Simpson,Clinton,democrat,420,1000
11/03/1992,MS,Simpson,Bush,republican,580,1000
11/03/1992,MS,Attala,Clinton,democrat,420,1000
11/03/1992,MS,Attala,Bush,republican,580,1000
11/03/1992,MS,Leake,Clinton,democrat,420,1000
11/03/1992,MS,Leake,Bush,republican,580,1000
11/03/1992,MS,Monroe,Clinton,democrat,420,1000
11/03/1992,MS,Monroe,Bush,republican,580,1000
11/03/1992,MS,Copiah,Clinton,democrat,420,1000
11/03/1992,MS,Copiah,Bush,republican,580,1000
11/03/1992,MN,Cass,Clinton,democrat,420,1000
11/03/1992,MN,Cass,Bush,republican,580,1000
11/03/1992,NE,Cass,Clinton,democrat,420,1000
11/03/1992,NE,Cass,Bush,republican,580,1000
11/03/1992,MN,Carver,Clinton,democrat,530,1000
11/03/1992,MN,Carver,Bush,republican,470,1000
11/03/1992,NC,Union,Clinton,democrat,470,1000
11/03/1992,NC,Union,Bush,republican,530,1000
11/03/1992,KY,Grayson,Clinton,democrat,420,1000
11/03/1992,KY,Grayson,Bush,republican,580,1000
11/03/1992,KY,Fayette,Clinton,democrat,580,1000
11/03/1992,KY,Fayette,Bush,republican,420,1000
11/03/1992,MI,Lapeer,Clinton,democrat,420,1000
11/03/1992,MI,Lapeer,Bush,republican,580,1000
11/03/1992,MO,Audrain,Clinton,democrat,420,1000
11/03/1992,MO,Audrain,Bush,republican,580,1000
11/03/1992,GA,Greene,Clinton,democrat,420,1000
11/03/1992,GA,Greene,Bush,republican,580,1000
11/03/1992,NY,Seneca,Clinton,democrat,470,1000
11/03/1992,NY,Seneca,Bush,republican,530,1000
11/03/1992,NC,Wake,Clinton,democrat,530,1000
11/03/1992,NC,Wake,Bush,republican,470,1000
11/03/1992,OH,Coshocton,Clinton,democrat,420,1000
11/03/1992,OH,Coshocton,Bush,republican,580,1000
11/03/1992,CA,San_Benito,Clinton,democrat,580,1000
11/03/1992,CA,San_Benito,Bush,republican,420,1000
11/03/1992,FL,Marion,Clinton,democrat,470,1000
11/03/1992,FL,Marion,Bush,republican,530,1000
11/03/1992,GA,Gilmer,Clinton,democrat,420,1000
11/03/1992,GA,Gilmer,Bush,republican,580,1000
11/03/1992,ID,Lewis,Clinton,democrat,470,1000
11/03/1992,ID,Lewis,Bush,republican,530,1000
11/03/1992,IL,Lee,Clinton,democrat,470,1000
11/03/1992,IL,Lee,Bush,republican,530,1000
11/03/1992,IL,Clark,Clinton,democrat,420,1000
11/03/1992,IL,Clark,Bush,republican,580,1000
11/03/1992,NJ,Camden,Clinton,democrat,580,1000
11/03/1992,NJ,Camden,Bush,republican,420,1000
11/03/1992,NC,Haywood,Clinton,democrat,420,1000
11/03/1992,NC,Haywood,Bush,republican,580,1000
11/03/1992,PA,Philadelphia,Clinton,democrat,580,1000
11/03/1992,PA,Philadelphia,Bush,republican,420,1000
11/03/1992,NV,Lander,Clinton,democrat,420,1000
11/03/1992,NV,Lander,Bush,republican,580,1000
11/03/1992,OK,Choctaw,Clinton,democrat,420,1000
11/03/1992,OK,Choctaw,Bush,republican,580,1000
11/03/1992,PA,Tioga,Clinton,democrat,420,1000
11/03/1992,PA,Tioga,Bush,republican,580,1000
11/03/1992,NM,Cibola,Clinton,democrat,510,1000
11/03/1992,NM,Cibola,Bush,republican,490,1000
11/03/1992,VA,Poquoson,Clinton,democrat,470,1000
11/03/1992,VA,Poquoson,Bush,republican,530,1000
11/03/1992,OK,Payne,Clinton,democrat,420,1000
11/03/1992,OK,Payne,Bush,republican,580,1000
11/03/1992,PA,Cumberland,Clinton,democrat,510,1000
11/03/1992,PA,Cumberland,Bush,republican,490,1000
11/03/1992,PA,Cambria,Clinton,democrat,420,1000
11/03/1992,PA,Cambria,Bush,republican,580,1000
11/03/1992,TN,Carroll,Clinton,democrat,420,1000
11/03/1992,TN,Carroll,Bush,republican,580,1000
11/03/1992,TX,Bastrop,Clinton,democrat,470,1000
11/03/1992,TX,Bastrop,Bush,republican,530,1000
11/03/1992,TX,Mitchell,Clinton,democrat,420,1000
11/03/1992,TX,Mitchell,Bush,republican,580,1000
11/03/1992,TX,Anderson,Clinton,democrat,420,1000
11/03/1992,TX,Anderson,Bush,republican,580,1000
11/03/1992,VA,Manassas,Clinton,democrat,580,1000
11/03/1992,VA,Manassas,Bush,republican,420,1000
11/03/1992,IN,Pike,Clinton,democrat,420,1000
11/03/1992,IN,Pike,Bush,republican,580,1000
11/03/1992,CO,Gilpin,Clinton,democrat,510,1000
11/03/1992,CO,Gilpin,Bush,republican,490,1000
11/03/1992,KY,Taylor,Clinton,democrat,420,1000
11/03/1992,KY,Taylor,Bush,republican,580,1000
11/03/1992,KY,Hart,Clinton,democrat,420,1000
11/03/1992,KY,Hart,Bush,republican,580,1000
11/03/1992,LA,Evangeline,Clinton,democrat,420,1000
11/03/1992,LA,Evangeline,Bush,republican,580,1000
11/03/1992,LA,Jefferson_Davis,Clinton,democrat,420,1000
11/03/1992,LA,Jefferson_Davis,Bush,republican,580,1000
11/03/1992,GA,Putnam,Clinton,democrat,420,1000
11/03/1992,GA,Putnam,Bush,republican,580,1000
11/03/1992,GA,Banks,Clinton,democrat,420,1000
11/03/1992,GA,Banks,Bush,republican,580,1000
11/03/1992,MT,Yellowstone,Clinton,democrat,470,1000
11/03/1992,MT,Yellowstone,Bush,republican,530,1000
11/03/1992,MO,Dunklin,Clinton,democrat,420,1000
11/03/1992,MO,Dunklin,Bush,republican,580,1000
11/03/1992,TX,Bowie,Clinton,democrat,420,1000
11/03/1992,TX,Bowie,Bush,republican,580,1000
11/03/1992,VA,Bristol,Clinton,democrat,420,1000
11/03/1992,VA,Bristol,Bush,republican,580,1000
11/03/1992,WV,Brooke,Clinton,democrat,470,1000
11/03/1992,WV,Brooke,Bush,republican,530,1000
11/03/1992,CA,Kern,Clinton,democrat,470,1000
11/03/1992,CA,Kern,Bush,republican,530,1000
11/03/1992,CO,Clear_Creek,Clinton,democrat,510,1000
11/03/1992,CO,Clear_Creek,Bush,republican,490,1000
11/03/1992,GA,Jackson,Clinton,democrat,420,1000
11/03/1992,GA,Jackson,Bush,republican,580,1000
11/03/1992,GA,Gordon,Clinton,democrat,420,1000
11/03/1992,GA,Gordon,Bush,republican,580,1000
11/03/1992,IL,Logan,Clinton,democrat,420,1000
11/03/1992,IL,Logan,Bush,republican,580,1000
11/03/1992,IN,Jennings,Clinton,democrat,420,1000
11/03/1992,IN,Jennings,Bush,republican,580,1000
11/03/1992,VA,Shenandoah,Clinton,democrat,420,1000
11/03/1992,VA,Shenandoah,Bush,republican,580,1000
11/03/1992,WI,Fond_du_Lac,Clinton,democrat,420,1000
11/03/1992,WI,Fond_du_Lac,Bush,republican,580,1000
11/03/1992,GA,Treutlen,Clinton,democrat,420,1000
11/03/1992,GA,Treutlen,Bush,republican,580,1000
11/03/1992,NC,Wilson,Clinton,democrat,510,1000
11/03/1992,NC,Wilson,Bush,republican,490,1000
11/03/1992,OH,Butler,Clinton,democrat,420,1000
11/03/1992,OH,Butler,Bush,republican,580,1000
11/03/1992,OH,Marion,Clinton,democrat,420,1000
11/03/1992,OH,Marion,Bush,republican,580,1000
11/03/1992,NE,Nance,Clinton,democrat,420,1000
11/03/1992,NE,Nance,Bush,republican,580,1000
11/03/1992,PA,Westmoreland,Clinton,democrat,470,1000
11/03/1992,PA,Westmoreland,Bush,republican,530,1000
11/03/1992,AL,Etowah,Clinton,democrat,420,1000
11/03/1992,AL,Etowah,Bush,republican,580,1000
11/03/1992,WY,Laramie,Clinton,democrat,420,1000
11/03/1992,WY,Laramie,Bush,republican,580,1000
11/03/1992,AL,Blount,Clinton,democrat,420,1000
11/03/1992,AL,Blount,Bush,republican,580,1000
11/03/1992,AR,Montgomery,Clinton,democrat,420,1000
11/03/1992,AR,Montgomery,Bush,republican,580,1000
11/03/1992,CO,Lake,Clinton,democrat,490,1000
11/03/1992,CO,Lake,Bush,republican,510,1000
11/03/1992,IL,Mercer,Clinton,democrat,470,1000
11/03/1992,IL,Mercer,Bush,republican,530,1000
11/03/1992,IA,Palo_Alto,Clinton,democrat,470,1000
11/03/1992,IA,Palo_Alto,Bush,republican,530,1000
11/03/1992,IA,Fayette,Clinton,democrat,530,1000
11/03/1992,IA,Fayette,Bush,republican,470,1000
11/03/1992,IN,Johnson,Clinton,democrat,420,1000
11/03/1992,IN,Johnson,Bush,republican,580,1000
11/03/1992,KY,Carter,Clinton,democrat,420,1000
11/03/1992,KY,Carter,Bush,republican,580,1000
11/03/1992,KY,Casey,Clinton,democrat,420,1000
11/03/1992,KY,Casey,Bush,republican,580,1000
11/03/1992,LA,East_Baton_Rouge,Clinton,democrat,530,1000
11/03/1992,LA,East_Baton_Rouge,Bush,republican,470,1000
11/03/1992,MO,Madison,Clinton,democrat,420,1000
11/03/1992,MO,Madison,Bush,republican,580,1000
11/03/1992,GA,Dooly,Clinton,democrat,490,1000
11/03/1992,GA,Dooly,Bush,republican,510,1000
11/03/1992,MO,Gasconade,Clinton,democrat,420,1000
11/03/1992,MO,Gasconade,Bush,republican,580,1000
11/03/1992,MO,Wayne,Clinton,democrat,420,1000
11/03/1992,MO,Wayne,Bush,republican,580,1000
11/03/1992,SD,Jones,Clinton,democrat,420,1000
11/03/1992,SD,Jones,Bush,republican,580,1000
11/03/1992,TX,Hudspeth,Clinton,democrat,420,1000
11/03/1992,TX,Hudspeth,Bush,republican,580,1000
11/03/1992,TX,Edwards,Clinton,democrat,420,1000
11/03/1992,TX,Edwards,Bush,republican,580,1000
11/03/1992,TX,Floyd,Clinton,democrat,420,1000
11/03/1992,TX,Floyd,Bush,republican,580,1000
11/03/1992,TN,Maury,Clinton,democrat,420,1000
11/03/1992,TN,Maury,Bush,republican,580,1000
11/03/1992,TN,Houston,Clinton,democrat,420,1000
11/03/1992,TN,Houston,Bush,republican,580,1000
11/03/1992,TX,Parker,Clinton,democrat,420,1000
11/03/1992,TX,Parker,Bush,republican,580,1000
11/03/1992,KY,Menifee,Clinton,democrat,420,1000
11/03/1992,KY,Menifee,Bush,republican,580,1000
11/03/1992,TX,Jones,Clinton,democrat,420,1000
11/03/1992,TX,Jones,Bush,republican,580,1000
11/03/1992,UT,Wayne,Clinton,democrat,420,1000
11/03/1992,UT,Wayne,Bush,republican,580,1000
11/03/1992,IA,Keokuk,Clinton,democrat,470,1000
11/03/1992,IA,Keokuk,Bush,republican,530,1000
11/03/1992,KY,Harrison,Clinton,democrat,420,1000
11/03/1992,KY,Harrison,Bush,republican,580,1000
11/03/1992,KY,Woodford,Clinton,democrat,490,1000
11/03/1992,KY,Woodford,Bush,republican,510,1000
11/03/1992,KY,Mercer,Clinton,democrat,420,1000
11/03/1992,KY,Mercer,Bush,republican,580,1000
11/03/1992,MN,Rice,Clinton,democrat,470,1000
11/03/1992,MN,Rice,Bush,republican,530,1000
11/03/1992,NM,Quay,Clinton,democrat,420,1000
11/03/1992,NM,Quay,Bush,republican,580,1000
11/03/1992,NM,Hidalgo,Clinton,democrat,510,1000
11/03/1992,NM,Hidalgo,Bush,republican,490,1000
11/03/1992,NY,Montgomery,Clinton,democrat,470,1000
11/03/1992,NY,Montgomery,Bush,republican,530,1000
11/03/1992,NY,Genesee,Clinton,democrat,420,1000
11/03/1992,NY,Genesee,Bush,republican,580,1000
11/03/1992,ID,Power,Clinton,democrat,420,1000
11/03/1992,ID,Power,Bush,republican,580,1000
11/03/1992,OH,Licking,Clinton,democrat,470,1000
11/03/1992,OH,Licking,Bush,republican,530,1000
11/03/1992,OK,Woods,Clinton,democrat,420,1000
11/03/1992,OK,Woods,Bush,republican,580,1000
11/03/1992,OK,Pontotoc,Clinton,democrat,420,1000
11/03/1992,OK,Pontotoc,Bush,republican,580,1000
11/03/1992,PA,Union,Clinton,democrat,470,1000
11/03/1992,PA,Union,Bush,republican,530,1000
11/03/1992,SC,Lexington,Clinton,democrat,470,1000
11/03/1992,SC,Lexington,Bush,republican,530,1000
11/03/1992,TN,Warren,Clinton,democrat,420,1000
11/03/1992,TN,Warren,Bush,republican,580,1000
11/03/1992,VA,Rappahannock,Clinton,democrat,470,1000
11/03/1992,VA,Rappahannock,Bush,republican,530,1000
11/03/1992,NE,Thomas,Clinton,democrat,420,1000
11/03/1992,NE,Thomas,Bush,republican,580,1000
11/03/1992,TX,Sterling,Clinton,democrat,420,1000
11/03/1992,TX,Sterling,Bush,republican,580,1000
11/03/1992,AL,Cherokee,Clinton,democrat,420,1000
11/03/1992,AL,Cherokee,Bush,republican,580,1000
11/03/1992,AL,Washington,Clinton,democrat,420,1000
11/03/1992,AL,Washington,Bush,republican,580,1000
11/03/1992,CA,Sonoma,Clinton,democrat,580,1000
11/03/1992,CA,Sonoma,Bush,republican,420,1000
11/03/1992,WV,Greenbrier,Clinton,democrat,420,1000
11/03/1992,WV,Greenbrier,Bush,republican,580,1000
11/03/1992,OK,Kiowa,Clinton,democrat,420,1000
11/03/1992,OK,Kiowa,Bush,republican,580,1000
11/03/1992,TN,Van_Buren,Clinton,democrat,420,1000
11/03/1992,TN,Van_Buren,Bush,republican,580,1000
11/03/1992,NC,Madison,Clinton,democrat,420,1000
11/03/1992,NC,Madison,Bush,republican,580,1000
11/03/1992,OH,Logan,Clinton,democrat,420,1000
11/03/1992,OH,Logan,Bush,republican,580,1000
11/03/1992,OH,Richland,Clinton,democrat,420,1000
11/03/1992,OH,Richland,Bush,republican,580,1000
11/03/1992,OK,Canadian,Clinton,democrat,420,1000
11/03/1992,OK,Canadian,Bush,republican,580,1000
11/03/1992,TN,Jefferson,Clinton,democrat,420,1000
11/03/1992,TN,Jefferson,Bush,republican,580,1000
11/03/1992,TN,White,Clinton,democrat,420,1000
11/03/1992,TN,White,Bush,republican,580,1000
11/03/1992,TN,Marshall,Clinton,democrat,420,1000
11/03/1992,TN,Marshall,Bush,republican,580,1000
11/03/1992,TX,Kaufman,Clinton,democrat,420,1000
11/03/1992,TX,Kaufman,Bush,republican,580,1000
11/03/1992,WV,Lincoln,Clinton,democrat,420,1000
11/03/1992,WV,Lincoln,Bush,republican,580,1000
11/03/1992,WI,Vernon,Clinton,democrat,490,1000
11/03/1992,WI,Vernon,Bush,republican,510,1000
11/03/1992,CA,Monterey,Clinton,democrat,580,1000
11/03/1992,CA,Monterey,Bush,republican,420,1000
11/03/1992,FL,Duval,Clinton,democrat,530,1000
11/03/1992,FL,Duval,Bush,republican,470,1000
11/03/1992,VA,Highland,Clinton,democrat,420,1000
11/03/1992,VA,Highland,Bush,republican,580,1000
11/03/1992,NE,Keya_Paha,Clinton,democrat,420,1000
11/03/1992,NE,Keya_Paha,Bush,republican,580,1000
11/03/1992,AL,DeKalb,Clinton,democrat,420,1000
11/03/1992,AL,DeKalb,Bush,republican,580,1000
11/03/1992,AL,Jackson,Clinton,democrat,420,1000
11/03/1992,AL,Jackson,Bush,republican,580,1000
11/03/1992,AZ,Navajo,Clinton,democrat,420,1000
11/03/1992,AZ,Navajo,Bush,republican,580,1000
11/03/1992,OR,Josephine,Clinton,democrat,420,1000
11/03/1992,OR,Josephine,Bush,republican,580,1000
11/03/1992,SC,Marion,Clinton,democrat,580,1000
11/03/1992,SC,Marion,Bush,republican,420,1000
11/03/1992,TN,Stewart,Clinton,democrat,420,1000
11/03/1992,TN,Stewart,Bush,republican,580,1000
11/03/1992,TX,Wood,Clinton,democrat,420,1000
11/03/1992,TX,Wood,Bush,republican,580,1000
11/03/1992,TX,Willacy,Clinton,democrat,420,1000
11/03/1992,TX,Willacy,Bush,republican,580,1000
11/03/1992,SD,Roberts,Clinton,democrat,530,1000
11/03/1992,SD,Roberts,Bush,republican,470,1000
11/03/1992,TN,Clay,Clinton,democrat,420,1000
11/03/1992,TN,Clay,Bush,republican,580,1000
11/03/1992,TX,Sabine,Clinton,democrat,420,1000
11/03/1992,TX,Sabine,Bush,republican,580,1000
11/03/1992,VA,Halifax,Clinton,democrat,420,1000
11/03/1992,VA,Halifax,Bush,republican,580,1000
11/03/1992,GA,McIntosh,Clinton,democrat,420,1000
11/03/1992,GA,McIntosh,Bush,republican,580,1000
11/03/1992,ID,Bear_Lake,Clinton,democrat,420,1000
11/03/1992,ID,Bear_Lake,Bush,republican,580,1000
11/03/1992,IA,Clinton,Clinton,democrat,580,1000
11/03/1992,IA,Clinton,Bush,republican,420,1000
11/03/1992,IA,Page,Clinton,democrat,420,1000
11/03/1992,IA,Page,Bush,republican,580,1000
11/03/1992,KS,Linn,Clinton,democrat,420,1000
11/03/1992,KS,Linn,Bush,republican,580,1000
11/03/1992,KY,Crittenden,Clinton,democrat,420,1000
11/03/1992,KY,Crittenden,Bush,republican,580,1000
11/03/1992,FL,Jefferson,Clinton,democrat,420,1000
11/03/1992,FL,Jefferson,Bush,republican,580,1000
11/03/1992,GA,Brooks,Clinton,democrat,420,1000
11/03/1992,GA,Brooks,Bush,republican,580,1000
11/03/1992,GA,Gwinnett,Clinton,democrat,580,1000
11/03/1992,GA,Gwinnett,Bush,republican,420,1000
11/03/1992,TX,Wharton,Clinton,democrat,420,1000
11/03/1992,TX,Wharton,Bush,republican,580,1000
11/03/1992,VA,Brunswick,Clinton,democrat,580,1000
11/03/1992,VA,Brunswick,Bush,republican,420,1000
11/03/1992,WV,Logan,Clinton,democrat,420,1000
11/03/1992,WV,Logan,Bush,republican,580,1000
11/03/1992,WI,Trempealeau,Clinton,democrat,420,1000
11/03/1992,WI,Trempealeau,Bush,republican,580,1000
11/03/1992,ND,Adams,Clinton,democrat,420,1000
11/03/1992,ND,Adams,Bush,republican,580,1000
11/03/1992,TN,Henderson,Clinton,democrat,420,1000
11/03/1992,TN,Henderson,Bush,republican,580,1000
11/03/1992,VA,New_Kent,Clinton,democrat,420,1000
11/03/1992,VA,New_Kent,Bush,republican,580,1000
11/03/1992,NE,Deuel,Clinton,democrat,420,1000
11/03/1992,NE,Deuel,Bush,republican,580,1000
11/03/1992,AL,Choctaw,Clinton,democrat,420,1000
11/03/1992,AL,Choctaw,Bush,republican,580,1000
11/03/1992,AR,Boone,Clinton,democrat,420,1000
11/03/1992,AR,Boone,Bush,republican,580,1000
11/03/1992,CA,Contra_Costa,Clinton,democrat,580,1000
11/03/1992,CA,Contra_Costa,Bush,republican,420,1000
11/03/1992,LA,Morehouse,Clinton,democrat,420,1000
11/03/1992,LA,Morehouse,Bush,republican,580,1000
11/03/1992,ME,Waldo,Clinton,democrat,580,1000
11/03/1992,ME,Waldo,Bush,republican,420,1000
11/03/1992,MI,Macomb,Clinton,democrat,580,1000
11/03/1992,MI,Macomb,Bush,republican,420,1000
11/03/1992,MT,Mineral,Clinton,democrat,470,1000
11/03/1992,MT,Mineral,Bush,republican,530,1000
11/03/1992,OK,Creek,Clinton,democrat,420,1000
11/03/1992,OK,Creek,Bush,republican,580,1000
11/03/1992,OK,Custer,Clinton,democrat,420,1000
11/03/1992,OK,Custer,Bush,republican,580,1000
11/03/1992,KS,Pratt,Clinton,democrat,420,1000
11/03/1992,KS,Pratt,Bush,republican,580,1000
11/03/1992,SC,Laurens,Clinton,democrat,420,1000
11/03/1992,SC,Laurens,Bush,republican,580,1000
11/03/1992,TN,Cheatham,Clinton,democrat,470,1000
11/03/1992,TN,Cheatham,Bush,republican,530,1000
11/03/1992,TX,Clay,Clinton,democrat,420,1000
11/03/1992,TX,Clay,Bush,republican,580,1000
11/03/1992,VA,King_and_Queen,Clinton,democrat,470,1000
11/03/1992,VA,King_and_Queen,Bush,republican,530,1000
11/03/1992,NE,Harlan,Clinton,democrat,420,1000
11/03/1992,NE,Harlan,Bush,republican,580,1000
11/03/1992,NE,Blaine,Clinton,democrat,420,1000
11/03/1992,NE,Blaine,Bush,republican,580,1000
11/03/1992,AZ,Greenlee,Clinton,democrat,420,1000
11/03/1992,AZ,Greenlee,Bush,republican,580,1000
11/03/1992,CA,Imperial,Clinton,democrat,580,1000
11/03/1992,CA,Imperial,Bush,republican,420,1000
11/03/1992,FL,St_Johns,Clinton,democrat,420,1000
11/03/1992,FL,St_Johns,Bush,republican,580,1000
11/03/1992,GA,Carroll,Clinton,democrat,420,1000
11/03/1992,GA,Carroll,Bush,republican,580,1000
11/03/1992,MS,Adams,Clinton,democrat,470,1000
11/03/1992,MS,Adams,Bush,republican,530,1000
11/03/1992,MN,Scott,Clinton,democrat,530,1000
11/03/1992,MN,Scott,Bush,republican,470,1000
11/03/1992,NE,Douglas,Clinton,democrat,580,1000
11/03/1992,NE,Douglas,Bush,republican,420,1000
11/03/1992,TX,Milam,Clinton,democrat,420,1000
11/03/1992,TX,Milam,Bush,republican,580,1000
11/03/1992,LA,LaSalle,Clinton,democrat,420,1000
11/03/1992,LA,LaSalle,Bush,republican,580,1000
11/03/1992,TX,Young,Clinton,democrat,420,1000
11/03/1992,TX,Young,Bush,republican,580,1000
11/03/1992,VA,Bedford,Clinton,democrat,420,1000
11/03/1992,VA,Bedford,Bush,republican,580,1000
11/03/1992,WV,Harrison,Clinton,democrat,420,1000
11/03/1992,WV,Harrison,Bush,republican,580,1000
11/03/1992,WI,Walworth,Clinton,democrat,420,1000
11/03/1992,WI,Walworth,Bush,republican,580,1000
11/03/1992,WY,Washakie,Clinton,democrat,420,1000
11/03/1992,WY,Washakie,Bush,republican,580,1000
11/03/1992,AR,Mississippi,Clinton,democrat,470,1000
11/03/1992,AR,Mississippi,Bush,republican,530,1000
11/03/1992,AR,Clay,Clinton,democrat,420,1000
11/03/1992,AR,Clay,Bush,republican,580,1000
11/03/1992,CA,Orange,Clinton,democrat,530,1000
11/03/1992,CA,Orange,Bush,republican,470,1000
11/03/1992,IN,Posey,Clinton,democrat,420,1000
11/03/1992,IN,Posey,Bush,republican,580,1000
11/03/1992,IN,Jay,Clinton,democrat,420,1000
11/03/1992,IN,Jay,Bush,republican,580,1000
11/03/1992,IA,Mitchell,Clinton,democrat,530,1000
11/03/1992,IA,Mitchell,Bush,republican,470,1000
11/03/1992,KS,Smith,Clinton,democrat,420,1000
11/03/1992,KS,Smith,Bush,republican,580,1000
11/03/1992,NH,Cheshire,Clinton,democrat,580,1000
11/03/1992,NH,Cheshire,Bush,republican,420,1000
11/03/1992,OH,Erie,Clinton,democrat,490,1000
11/03/1992,OH,Erie,Bush,republican,510,1000
11/03/1992,OR,Columbia,Clinton,democrat,510,1000
11/03/1992,OR,Columbia,Bush,republican,490,1000
11/03/1992,PA,Washington,Clinton,democrat,470,1000
11/03/1992,PA,Washington,Bush,republican,530,1000
11/03/1992,NY,Chenango,Clinton,democrat,420,1000
11/03/1992,NY,Chenango,Bush,republican,580,1000
11/03/1992,PA,Perry,Clinton,democrat,420,1000
11/03/1992,PA,Perry,Bush,republican,580,1000
11/03/1992,SD,Tripp,Clinton,democrat,420,1000
11/03/1992,SD,Tripp,Bush,republican,580,1000
11/03/1992,VA,Charlotte,Clinton,democrat,420,1000
11/03/1992,VA,Charlotte,Bush,republican,580,1000
11/03/1992,NE,Gosper,Clinton,democrat,420,1000
11/03/1992,NE,Gosper,Bush,republican,580,1000
11/03/1992,FL,Miami-Dade,Clinton,democrat,580,1000
11/03/1992,FL,Miami-Dade,Bush,republican,420,1000
11/03/1992,FL,Gulf,Clinton,democrat,420,1000
11/03/1992,FL,Gulf,Bush,republican,580,1000
11/03/1992,FL,Dixie,Clinton,democrat,420,1000
11/03/1992,FL,Dixie,Bush,republican,580,1000
11/03/1992,MA,Essex,Clinton,democrat,580,1000
11/03/1992,MA,Essex,Bush,republican,420,1000
11/03/1992,MI,Alger,Clinton,democrat,470,1000
11/03/1992,MI,Alger,Bush,republican,530,1000
11/03/1992,PA,Bedford,Clinton,democrat,420,1000
11/03/1992,PA,Bedford,Bush,republican,580,1000
11/03/1992,SD,Clay,Clinton,democrat,580,1000
11/03/1992,SD,Clay,Bush,republican,420,1000
11/03/1992,TX,El_Paso,Clinton,democrat,580,1000
11/03/1992,TX,El_Paso,Bush,republican,420,1000
11/03/1992,VA,Hampton,Clinton,democrat,580,1000
11/03/1992,VA,Hampton,Bush,republican,420,1000
11/03/1992,AR,Benton,Clinton,democrat,470,1000
11/03/1992,AR,Benton,Bush,republican,530,1000
11/03/1992,AR,Ashley,Clinton,democrat,420,1000
11/03/1992,AR,Ashley,Bush,republican,580,1000
11/03/1992,CA,Mono,Clinton,democrat,530,1000
11/03/1992,CA,Mono,Bush,republican,470,1000
11/03/1992,CA,Madera,Clinton,democrat,470,1000
11/03/1992,CA,Madera,Bush,republican,530,1000
11/03/1992,GA,Screven,Clinton,democrat,470,1000
11/03/1992,GA,Screven,Bush,republican,530,1000
11/03/1992,GA,Burke,Clinton,democrat,503,1000
11/03/1992,GA,Burke,Bush,republican,497,1000
11/03/1992,IL,McHenry,Clinton,democrat,497,1000
11/03/1992,IL,McHenry,Bush,republican,503,1000
11/03/1992,IA,Kossuth,Clinton,democrat,470,1000
11/03/1992,IA,Kossuth,Bush,republican,530,1000
11/03/1992,MN,Lake,Clinton,democrat,530,1000
11/03/1992,MN,Lake,Bush,republican,470,1000
11/03/1992,MS,Claiborne,Clinton,democrat,580,1000
11/03/1992,MS,Claiborne,Bush,republican,420,1000
11/03/1992,MS,Lamar,Clinton,democrat,420,1000
11/03/1992,MS,Lamar,Bush,republican,580,1000
11/03/1992,NE,Otoe,Clinton,democrat,420,1000
11/03/1992,NE,Otoe,Bush,republican,580,1000
11/03/1992,VA,Westmoreland,Clinton,democrat,490,1000
11/03/1992,VA,Westmoreland,Bush,republican,510,1000
11/03/1992,VA,Prince_William,Clinton,democrat,580,1000
11/03/1992,VA,Prince_William,Bush,republican,420,1000
11/03/1992,AL,Lowndes,Clinton,democrat,503,1000
11/03/1992,AL,Lowndes,Bush,republican,497,1000
11/03/1992,AL,Marshall,Clinton,democrat,420,1000
11/03/1992,AL,Marshall,Bush,republican,580,1000
11/03/1992,AK,Anchorage,Clinton,democrat,530,1000
11/03/1992,AK,Anchorage,Bush,republican,470,1000
11/03/1992,FL,Charlotte,Clinton,democrat,470,1000
11/03/1992,FL,Charlotte,Bush,republican,530,1000
11/03/1992,ID,Kootenai,Clinton,democrat,420,1000
11/03/1992,ID,Kootenai,Bush,republican,580,1000
11/03/1992,IL,Pike,Clinton,democrat,420,1000
11/03/1992,IL,Pike,Bush,republican,580,1000
11/03/1992,IL,Union,Clinton,democrat,420,1000
11/03/1992,IL,Union,Bush,republican,580,1000
11/03/1992,IL,Gallatin,Clinton,democrat,420,1000
11/03/1992,IL,Gallatin,Bush,republican,580,1000
11/03/1992,NC,Craven,Clinton,democrat,420,1000
11/03/1992,NC,Craven,Bush,republican,580,1000
11/03/1992,OH,Trumbull,Clinton,democrat,580,1000
11/03/1992,OH,Trumbull,Bush,republican,420,1000
11/03/1992,PA,Mercer,Clinton,democrat,470,1000
11/03/1992,PA,Mercer,Bush,republican,530,1000
11/03/1992,MT,Deer_Lodge,Clinton,democrat,580,1000
11/03/1992,MT,Deer_Lodge,Bush,republican,420,1000
11/03/1992,NE,Nemaha,Clinton,democrat,420,1000
11/03/1992,NE,Nemaha,Bush,republican,580,1000
11/03/1992,MS,Chickasaw,Clinton,democrat,420,1000
11/03/1992,MS,Chickasaw,Bush,republican,580,1000
11/03/1992,NY,Niagara,Clinton,democrat,490,1000
11/03/1992,NY,Niagara,Bush,republican,510,1000
11/03/1992,NY,Delaware,Clinton,democrat,420,1000
11/03/1992,NY,Delaware,Bush,republican,580,1000
11/03/1992,NC,Mecklenburg,Clinton,democrat,580,1000
11/03/1992,NC,Mecklenburg,Bush,republican,420,1000
11/03/1992,AZ,Pinal,Clinton,democrat,470,1000
11/03/1992,AZ,Pinal,Bush,republican,530,1000
11/03/1992,AR,Lee,Clinton,democrat,580,1000
11/03/1992,AR,Lee,Bush,republican,420,1000
11/03/1992,CO,Douglas,Clinton,democrat,470,1000
11/03/1992,CO,Douglas,Bush,republican,530,1000
11/03/1992,CO,Routt,Clinton,democrat,580,1000
11/03/1992,CO,Routt,Bush,republican,420,1000
11/03/1992,IL,Ogle,Clinton,democrat,470,1000
11/03/1992,IL,Ogle,Bush,republican,530,1000
11/03/1992,IN,Harrison,Clinton,democrat,420,1000
11/03/1992,IN,Harrison,Bush,republican,580,1000
11/03/1992,KY,Jefferson,Clinton,democrat,580,1000
11/03/1992,KY,Jefferson,Bush,republican,420,1000
11/03/1992,LA,Sabine,Clinton,democrat,420,1000
11/03/1992,LA,Sabine,Bush,republican,580,1000
11/03/1992,IA,Carroll,Clinton,democrat,470,1000
11/03/1992,IA,Carroll,Bush,republican,530,1000
11/03/1992,LA,West_Carroll,Clinton,democrat,420,1000
11/03/1992,LA,West_Carroll,Bush,republican,580,1000
11/03/1992,MI,Ottawa,Clinton,democrat,470,1000
11/03/1992,MI,Ottawa,Bush,republican,530,1000
11/03/1992,MI,Alpena,Clinton,democrat,420,1000
11/03/1992,MI,Alpena,Bush,republican,580,1000
11/03/1992,MS,Sharkey,Clinton,democrat,420,1000
11/03/1992,MS,Sharkey,Bush,republican,580,1000
11/03/1992,NY,Erie,Clinton,democrat,580,1000
11/03/1992,NY,Erie,Bush,republican,420,1000
11/03/1992,VA,Dinwiddie,Clinton,democrat,420,1000
11/03/1992,VA,Dinwiddie,Bush,republican,580,1000
11/03/1992,VA,Clarke,Clinton,democrat,470,1000
11/03/1992,VA,Clarke,Bush,republican,530,1000
11/03/1992,NM,Mora,Clinton,democrat,530,1000
11/03/1992,NM,Mora,Bush,republican,470,1000
11/03/1992,MN,Sibley,Clinton,democrat,470,1000
11/03/1992,MN,Sibley,Bush,republican,530,1000
11/03/1992,TN,Grundy,Clinton,democrat,420,1000
11/03/1992,TN,Grundy,Bush,republican,580,1000
11/03/1992,TX,DeWitt,Clinton,democrat,420,1000
11/03/1992,TX,DeWitt,Bush,republican,580,1000
11/03/1992,VA,Northampton,Clinton,democrat,580,1000
11/03/1992,VA,Northampton,Bush,republican,420,1000
11/03/1992,NY,Lewis,Clinton,democrat,420,1000
11/03/1992,NY,Lewis,Bush,republican,580,1000
11/03/1992,CA,Solano,Clinton,democrat,580,1000
11/03/1992,CA,Solano,Bush,republican,420,1000
11/03/1992,NC,Camden,Clinton,democrat,580,1000
11/03/1992,NC,Camden,Bush,republican,420,1000
11/03/1992,NC,Chowan,Clinton,democrat,580,1000
11/03/1992,NC,Chowan,Bush,republican,420,1000
11/03/1992,MN,Traverse,Clinton,democrat,470,1000
11/03/1992,MN,Traverse,Bush,republican,530,1000
11/03/1992,MO,St_Louis_County,Clinton,democrat,580,1000
11/03/1992,MO,St_Louis_County,Bush,republican,420,1000
11/03/1992,MS,Union,Clinton,democrat,420,1000
11/03/1992,MS,Union,Bush,republican,580,1000
11/03/1992,NY,Livingston,Clinton,democrat,420,1000
11/03/1992,NY,Livingston,Bush,republican,580,1000
11/03/1992,OK,Washington,Clinton,democrat,420,1000
11/03/1992,OK,Washington,Bush,republican,580,1000
11/03/1992,NC,Currituck,Clinton,democrat,580,1000
11/03/1992,NC,Currituck,Bush,republican,420,1000
11/03/1992,OK,Le_Flore,Clinton,democrat,420,1000
11/03/1992,OK,Le_Flore,Bush,republican,580,1000
11/03/1992,NE,Knox,Clinton,democrat,420,1000
11/03/1992,NE,Knox,Bush,republican,580,1000
11/03/1992,TX,Zavala,Clinton,democrat,420,1000
11/03/1992,TX,Zavala,Bush,republican,580,1000
11/03/1992,VA,Craig,Clinton,democrat,420,1000
11/03/1992,VA,Craig,Bush,republican,580,1000
11/03/1992,CO,Mineral,Clinton,democrat,470,1000
11/03/1992,CO,Mineral,Bush,republican,530,1000
11/03/1992,TX,Crane,Clinton,democrat,420,1000
11/03/1992,TX,Crane,Bush,republican,580,1000
11/03/1992,TN,Haywood,Clinton,democrat,530,1000
11/03/1992,TN,Haywood,Bush,republican,470,1000
11/03/1992,WV,Preston,Clinton,democrat,420,1000
11/03/1992,WV,Preston,Bush,republican,580,1000
11/03/1992,SD,Haakon,Clinton,democrat,420,1000
11/03/1992,SD,Haakon,Bush,republican,580,1000
11/03/1992,GA,Sumter,Clinton,democrat,530,1000
11/03/1992,GA,Sumter,Bush,republican,470,1000
11/03/1992,CA,Del_Norte,Clinton,democrat,470,1000
11/03/1992,CA,Del_Norte,Bush,republican,530,1000
11/03/1992,NY,Oswego,Clinton,democrat,470,1000
11/03/1992,NY,Oswego,Bush,republican,530,1000
11/03/1992,CA,Yolo,Clinton,democrat,470,1000
11/03/1992,CA,Yolo,Bush,republican,530,1000
11/03/1992,SC,Lancaster,Clinton,democrat,470,1000
11/03/1992,SC,Lancaster,Bush,republican,530,1000
11/03/1992,SD,Harding,Clinton,democrat,420,1000
11/03/1992,SD,Harding,Bush,republican,580,1000
11/03/1992,MO,Franklin,Clinton,democrat,420,1000
11/03/1992,MO,Franklin,Bush,republican,580,1000
11/03/1992,NJ,Union,Clinton,democrat,580,1000
11/03/1992,NJ,Union,Bush,republican,420,1000
11/03/1992,NM,Union,Clinton,democrat,420,1000
11/03/1992,NM,Union,Bush,republican,580,1000
11/03/1992,VT,Caledonia,Clinton,democrat,580,1000
11/03/1992,VT,Caledonia,Bush,republican,420,1000
11/03/1992,WA,Pierce,Clinton,democrat,530,1000
11/03/1992,WA,Pierce,Bush,republican,470,1000
11/03/1992,WI,Rock,Clinton,democrat,490,1000
11/03/1992,WI,Rock,Bush,republican,510,1000
11/03/1992,MI,Allegan,Clinton,democrat,420,1000
11/03/1992,MI,Allegan,Bush,republican,580,1000
11/03/1992,KY,Hancock,Clinton,democrat,420,1000
11/03/1992,KY,Hancock,Bush,republican,580,1000
11/03/1992,ID,Gem,Clinton,democrat,420,1000
11/03/1992,ID,Gem,Bush,republican,580,1000
11/03/1992,NM,McKinley,Clinton,democrat,580,1000
11/03/1992,NM,McKinley,Bush,republican,420,1000
11/03/1992,MD,Baltimore,Clinton,democrat,580,1000
11/03/1992,MD,Baltimore,Bush,republican,420,1000
11/03/1992,LA,Jefferson,Clinton,democrat,490,1000
11/03/1992,LA,Jefferson,Bush,republican,510,1000
11/03/1992,NY,Putnam,Clinton,democrat,470,1000
11/03/1992,NY,Putnam,Bush,republican,530,1000
11/03/1992,TX,Llano,Clinton,democrat,420,1000
11/03/1992,TX,Llano,Bush,republican,580,1000
11/03/1992,VA,Newport_News,Clinton,democrat,580,1000
11/03/1992,VA,Newport_News,Bush,republican,420,1000
11/03/1992,NM,Lea,Clinton,democrat,420,1000
11/03/1992,NM,Lea,Bush,republican,580,1000
11/03/1992,NE,Saline,Clinton,democrat,470,1000
11/03/1992,NE,Saline,Bush,republican,530,1000
11/03/1992,WA,Cowlitz,Clinton,democrat,530,1000
11/03/1992,WA,Cowlitz,Bush,republican,470,1000
11/03/1992,WY,Lincoln,Clinton,democrat,420,1000
11/03/1992,WY,Lincoln,Bush,republican,580,1000
11/03/1992,AR,Hempstead,Clinton,democrat,420,1000
11/03/1992,AR,Hempstead,Bush,republican,580,1000
11/03/1992,GA,Clayton,Clinton,democrat,580,1000
11/03/1992,GA,Clayton,Bush,republican,420,1000
11/03/1992,IL,Greene,Clinton,democrat,420,1000
11/03/1992,IL,Greene,Bush,republican,580,1000
11/03/1992,IN,Morgan,Clinton,democrat,420,1000
11/03/1992,IN,Morgan,Bush,republican,580,1000
11/03/1992,AR,Franklin,Clinton,democrat,420,1000
11/03/1992,AR,Franklin,Bush,republican,580,1000
11/03/1992,ID,Canyon,Clinton,democrat,420,1000
11/03/1992,ID,Canyon,Bush,republican,580,1000
11/03/1992,IL,Williamson,Clinton,democrat,420,1000
11/03/1992,IL,Williamson,Bush,republican,580,1000
11/03/1992,IA,Wright,Clinton,democrat,470,1000
11/03/1992,IA,Wright,Bush,republican,530,1000
11/03/1992,IA,Henry,Clinton,democrat,530,1000
11/03/1992,IA,Henry,Bush,republican,470,1000
11/03/1992,CO,Saguache,Clinton,democrat,530,1000
11/03/1992,CO,Saguache,Bush,republican,470,1000
11/03/1992,KY,Henry,Clinton,democrat,420,1000
11/03/1992,KY,Henry,Bush,republican,580,1000
11/03/1992,OH,Brown,Clinton,democrat,420,1000
11/03/1992,OH,Brown,Bush,republican,580,1000
11/03/1992,GA,Ware,Clinton,democrat,420,1000
11/03/1992,GA,Ware,Bush,republican,580,1000
11/03/1992,SC,Florence,Clinton,democrat,503,1000
11/03/1992,SC,Florence,Bush,republican,497,1000
11/03/1992,NC,Brunswick,Clinton,democrat,470,1000
11/03/1992,NC,Brunswick,Bush,republican,530,1000
11/03/1992,SD,Meade,Clinton,democrat,420,1000
11/03/1992,SD,Meade,Bush,republican,580,1000
11/03/1992,NV,Lincoln,Clinton,democrat,420,1000
11/03/1992,NV,Lincoln,Bush,republican,580,1000
11/03/1992,NC,Durham,Clinton,democrat,580,1000
11/03/1992,NC,Durham,Bush,republican,420,1000
11/03/1992,OH,Tuscarawas,Clinton,democrat,470,1000
11/03/1992,OH,Tuscarawas,Bush,republican,530,1000
11/03/1992,OR,Benton,Clinton,democrat,580,1000
11/03/1992,OR,Benton,Bush,republican,420,1000
11/03/1992,PA,Somerset,Clinton,democrat,420,1000
11/03/1992,PA,Somerset,Bush,republican,580,1000
11/03/1992,KS,Pottawatomie,Clinton,democrat,420,1000
11/03/1992,KS,Pottawatomie,Bush,republican,580,1000
11/03/1992,KY,Knott,Clinton,democrat,420,1000
11/03/1992,KY,Knott,Bush,republican,580,1000
11/03/1992,GA,Wilkinson,Clinton,democrat,470,1000
11/03/1992,GA,Wilkinson,Bush,republican,530,1000
11/03/1992,NV,Pershing,Clinton,democrat,420,1000
11/03/1992,NV,Pershing,Bush,republican,580,1000
11/03/1992,NY,Oneida,Clinton,democrat,470,1000
11/03/1992,NY,Oneida,Bush,republican,530,1000
11/03/1992,OK,Comanche,Clinton,democrat,420,1000
11/03/1992,OK,Comanche,Bush,republican,580,1000
11/03/1992,MT,Sheridan,Clinton,democrat,420,1000
11/03/1992,MT,Sheridan,Bush,republican,580,1000
11/03/1992,ME,Franklin,Clinton,democrat,530,1000
11/03/1992,ME,Franklin,Bush,republican,470,1000
11/03/1992,NC,Cabarrus,Clinton,democrat,510,1000
11/03/1992,NC,Cabarrus,Bush,republican,490,1000
11/03/1992,ND,Stark,Clinton,democrat,420,1000
11/03/1992,ND,Stark,Bush,republican,580,1000
11/03/1992,OH,Warren,Clinton,democrat,420,1000
11/03/1992,OH,Warren,Bush,republican,580,1000
11/03/1992,OH,Portage,Clinton,democrat,530,1000
11/03/1992,OH,Portage,Bush,republican,470,1000
11/03/1992,PA,Indiana,Clinton,democrat,420,1000
11/03/1992,PA,Indiana,Bush,republican,580,1000
11/03/1992,FL,Baker,Clinton,democrat,420,1000
11/03/1992,FL,Baker,Bush,republican,580,1000
11/03/1992,GA,Cook,Clinton,democrat,420,1000
11/03/1992,GA,Cook,Bush,republican,580,1000
11/03/1992,MN,Crow_Wing,Clinton,democrat,420,1000
11/03/1992,MN,Crow_Wing,Bush,republican,580,1000
11/03/1992,MT,Rosebud,Clinton,democrat,510,1000
11/03/1992,MT,Rosebud,Bush,republican,490,1000
11/03/1992,MS,Carroll,Clinton,democrat,470,1000
11/03/1992,MS,Carroll,Bush,republican,530,1000
11/03/1992,ND,Benson,Clinton,democrat,420,1000
11/03/1992,ND,Benson,Bush,republican,580,1000
11/03/1992,IN,Delaware,Clinton,democrat,470,1000
11/03/1992,IN,Delaware,Bush,republican,530,1000
11/03/1992,MN,Itasca,Clinton,democrat,490,1000
11/03/1992,MN,Itasca,Bush,republican,510,1000
11/03/1992,TN,Knox,Clinton,democrat,420,1000
11/03/1992,TN,Knox,Bush,republican,580,1000
11/03/1992,TX,Potter,Clinton,democrat,420,1000
11/03/1992,TX,Potter,Bush,republican,580,1000
11/03/1992,VA,Richmond,Clinton,democrat,580,1000
11/03/1992,VA,Richmond,Bush,republican,420,1000
11/03/1992,VA,Charles_City,Clinton,democrat,580,1000
11/03/1992,VA,Charles_City,Bush,republican,420,1000
11/03/1992,ND,Pierce,Clinton,democrat,420,1000
11/03/1992,ND,Pierce,Bush,republican,580,1000
11/03/1992,ND,Golden_Valley,Clinton,democrat,420,1000
11/03/1992,ND,Golden_Valley,Bush,republican,580,1000
11/03/1992,TN,Crockett,Clinton,democrat,420,1000
11/03/1992,TN,Crockett,Bush,republican,580,1000
11/03/1992,MT,Valley,Clinton,democrat,420,1000
11/03/1992,MT,Valley,Bush,republican,580,1000
11/03/1992,VA,Augusta,Clinton,democrat,420,1000
11/03/1992,VA,Augusta,Bush,republican,580,1000
11/03/1992,NE,Kearney,Clinton,democrat,420,1000
11/03/1992,NE,Kearney,Bush,republican,580,1000
11/03/1992,WV,Wood,Clinton,democrat,420,1000
11/03/1992,WV,Wood,Bush,republican,580,1000
11/03/1992,SC,Newberry,Clinton,democrat,470,1000
11/03/1992,SC,Newberry,Bush,republican,530,1000
11/03/1992,LA,Caldwell,Clinton,democrat,420,1000
11/03/1992,LA,Caldwell,Bush,republican,580,1000
11/03/1992,TX,Brazos,Clinton,democrat,470,1000
11/03/1992,TX,Brazos,Bush,republican,530,1000
11/03/1992,WA,Yakima,Clinton,democrat,510,1000
11/03/1992,WA,Yakima,Bush,republican,490,1000
11/03/1992,WI,Jefferson,Clinton,democrat,420,1000
11/03/1992,WI,Jefferson,Bush,republican,580,1000
11/03/1992,TX,Oldham,Clinton,democrat,420,1000
11/03/1992,TX,Oldham,Bush,republican,580,1000
11/03/1992,KS,Wyandotte,Clinton,democrat,580,1000
11/03/1992,KS,Wyandotte,Bush,republican,420,1000
11/03/1992,LA,Terrebonne,Clinton,democrat,420,1000
11/03/1992,LA,Terrebonne,Bush,republican,580,1000
11/03/1992,OK,Sequoyah,Clinton,democrat,420,1000
11/03/1992,OK,Sequoyah,Bush,republican,580,1000
11/03/1992,OR,Klamath,Clinton,democrat,420,1000
11/03/1992,OR,Klamath,Bush,republican,580,1000
11/03/1992,TX,Kenedy,Clinton,democrat,420,1000
11/03/1992,TX,Kenedy,Bush,republican,580,1000
11/03/1992,CA,Alpine,Clinton,democrat,580,1000
11/03/1992,CA,Alpine,Bush,republican,420,1000
11/03/1992,GA,Walker,Clinton,democrat,420,1000
11/03/1992,GA,Walker,Bush,republican,580,1000
11/03/1992,ID,Clearwater,Clinton,democrat,470,1000
11/03/1992,ID,Clearwater,Bush,republican,530,1000
11/03/1992,WV,Hardy,Clinton,democrat,420,1000
11/03/1992,WV,Hardy,Bush,republican,580,1000
11/03/1992,FL,Bradford,Clinton,democrat,420,1000
11/03/1992,FL,Bradford,Bush,republican,580,1000
11/03/1992,WV,Wetzel,Clinton,democrat,420,1000
11/03/1992,WV,Wetzel,Bush,republican,580,1000
11/03/1992,OH,Fulton,Clinton,democrat,420,1000
11/03/1992,OH,Fulton,Bush,republican,580,1000
11/03/1992,TN,Bradley,Clinton,democrat,470,1000
11/03/1992,TN,Bradley,Bush,republican,530,1000
11/03/1992,TX,Newton,Clinton,democrat,420,1000
11/03/1992,TX,Newton,Bush,republican,580,1000
11/03/1992,TN,Bledsoe,Clinton,democrat,420,1000
11/03/1992,TN,Bledsoe,Bush,republican,580,1000
11/03/1992,WV,Tucker,Clinton,democrat,420,1000
11/03/1992,WV,Tucker,Bush,republican,580,1000
11/03/1992,AK,Yakutat,Clinton,democrat,420,1000
11/03/1992,AK,Yakutat,Bush,republican,580,1000
11/03/1992,MI,Gladwin,Clinton,democrat,470,1000
11/03/1992,MI,Gladwin,Bush,republican,530,1000
11/03/1992,NC,Person,Clinton,democrat,470,1000
11/03/1992,NC,Person,Bush,republican,530,1000
11/03/1992,NV,White_Pine,Clinton,democrat,420,1000
11/03/1992,NV,White_Pine,Bush,republican,580,1000
11/03/1992,IN,Adams,Clinton,democrat,420,1000
11/03/1992,IN,Adams,Bush,republican,580,1000
11/03/1992,TN,Cumberland,Clinton,democrat,420,1000
11/03/1992,TN,Cumberland,Bush,republican,580,1000
11/03/1992,NV,Nye,Clinton,democrat,420,1000
11/03/1992,NV,Nye,Bush,republican,580,1000
11/03/1992,KS,Leavenworth,Clinton,democrat,490,1000
11/03/1992,KS,Leavenworth,Bush,republican,510,1000
11/03/1992,IN,Warrick,Clinton,democrat,420,1000
11/03/1992,IN,Warrick,Bush,republican,580,1000
11/03/1992,MI,Iron,Clinton,democrat,420,1000
11/03/1992,MI,Iron,Bush,republican,580,1000
11/03/1992,MS,Lowndes,Clinton,democrat,420,1000
11/03/1992,MS,Lowndes,Bush,republican,580,1000
11/03/1992,MO,St_Louis_City,Clinton,democrat,580,1000
11/03/1992,MO,St_Louis_City,Bush,republican,420,1000
11/03/1992,MN,Meeker,Clinton,democrat,420,1000
11/03/1992,MN,Meeker,Bush,republican,580,1000
11/03/1992,TN,Monroe,Clinton,democrat,420,1000
11/03/1992,TN,Monroe,Bush,republican,580,1000
11/03/1992,MS,Holmes,Clinton,democrat,420,1000
11/03/1992,MS,Holmes,Bush,republican,580,1000
11/03/1992,MS,Oktibbeha,Clinton,democrat,420,1000
11/03/1992,MS,Oktibbeha,Bush,republican,580,1000
11/03/1992,VA,Giles,Clinton,democrat,420,1000
11/03/1992,VA,Giles,Bush,republican,580,1000
11/03/1992,FL,Hillsborough,Clinton,democrat,530,1000
11/03/1992,FL,Hillsborough,Bush,republican,470,1000
11/03/1992,GA,Haralson,Clinton,democrat,420,1000
11/03/1992,GA,Haralson,Bush,republican,580,1000
11/03/1992,KS,Cowley,Clinton,democrat,420,1000
11/03/1992,KS,Cowley,Bush,republican,580,1000
11/03/1992,KY,Henderson,Clinton,democrat,510,1000
11/03/1992,KY,Henderson,Bush,republican,490,1000
11/03/1992,TX,Grayson,Clinton,democrat,420,1000
11/03/1992,TX,Grayson,Bush,republican,580,1000
11/03/1992,AL,Cleburne,Clinton,democrat,420,1000
11/03/1992,AL,Cleburne,Bush,republican,580,1000
11/03/1992,NJ,Ocean,Clinton,democrat,420,1000
11/03/1992,NJ,Ocean,Bush,republican,580,1000
11/03/1992,AL,Autauga,Clinton,democrat,420,1000
11/03/1992,AL,Autauga,Bush,republican,580,1000
11/03/1992,GA,Bibb,Clinton,democrat,580,1000
11/03/1992,GA,Bibb,Bush,republican,420,1000
11/03/1992,NJ,Monmouth,Clinton,democrat,510,1000
11/03/1992,NJ,Monmouth,Bush,republican,490,1000
11/03/1992,NM,Rio_Arriba,Clinton,democrat,530,1000
11/03/1992,NM,Rio_Arriba,Bush,republican,470,1000
11/03/1992,NY,Wayne,Clinton,democrat,420,1000
11/03/1992,NY,Wayne,Bush,republican,580,1000
11/03/1992,OR,Lincoln,Clinton,democrat,580,1000
11/03/1992,OR,Lincoln,Bush,republican,420,1000
11/03/1992,VA,Bath,Clinton,democrat,420,1000
11/03/1992,VA,Bath,Bush,republican,580,1000
11/03/1992,WV,Fayette,Clinton,democrat,420,1000
11/03/1992,WV,Fayette,Bush,republican,580,1000
11/03/1992,WV,Kanawha,Clinton,democrat,490,1000
11/03/1992,WV,Kanawha,Bush,republican,510,1000
11/03/1992,KY,Carroll,Clinton,democrat,420,1000
11/03/1992,KY,Carroll,Bush,republican,580,1000
11/03/1992,MD,Montgomery,Clinton,democrat,580,1000
11/03/1992,MD,Montgomery,Bush,republican,420,1000
11/03/1992,MA,Franklin,Clinton,democrat,580,1000
11/03/1992,MA,Franklin,Bush,republican,420,1000
11/03/1992,MS,DeSoto,Clinton,democrat,470,1000
11/03/1992,MS,DeSoto,Bush,republican,530,1000
11/03/1992,TX,McCulloch,Clinton,democrat,420,1000
11/03/1992,TX,McCulloch,Bush,republican,580,1000
11/03/1992,NV,Esmeralda,Clinton,democrat,420,1000
11/03/1992,NV,Esmeralda,Bush,republican,580,1000
11/03/1992,IN,Carroll,Clinton,democrat,420,1000
11/03/1992,IN,Carroll,Bush,republican,580,1000
11/03/1992,MI,Ogemaw,Clinton,democrat,420,1000
11/03/1992,MI,Ogemaw,Bush,republican,580,1000
11/03/1992,MI,St_Clair,Clinton,democrat,470,1000
11/03/1992,MI,St_Clair,Bush,republican,530,1000
11/03/1992,RI,Providence,Clinton,democrat,580,1000
11/03/1992,RI,Providence,Bush,republican,420,1000
11/03/1992,TN,Montgomery,Clinton,democrat,510,1000
11/03/1992,TN,Montgomery,Bush,republican,490,1000
11/03/1992,TX,Parmer,Clinton,democrat,420,1000
11/03/1992,TX,Parmer,Bush,republican,580,1000
11/03/1992,VA,Accomack,Clinton,democrat,490,1000
11/03/1992,VA,Accomack,Bush,republican,510,1000
11/03/1992,MS,Yalobusha,Clinton,democrat,420,1000
11/03/1992,MS,Yalobusha,Bush,republican,580,1000
11/03/1992,OH,Lucas,Clinton,democrat,580,1000
11/03/1992,OH,Lucas,Bush,republican,420,1000
11/03/1992,AR,Crittenden,Clinton,democrat,510,1000
11/03/1992,AR,Crittenden,Bush,republican,490,1000
11/03/1992,MN,Hennepin,Clinton,democrat,580,1000
11/03/1992,MN,Hennepin,Bush,republican,420,1000
11/03/1992,NE,Richardson,Clinton,democrat,420,1000
11/03/1992,NE,Richardson,Bush,republican,580,1000
11/03/1992,OR,Lake,Clinton,democrat,420,1000
11/03/1992,OR,Lake,Bush,republican,580,1000
11/03/1992,MO,Howell,Clinton,democrat,420,1000
11/03/1992,MO,Howell,Bush,republican,580,1000
11/03/1992,ND,Bottineau,Clinton,democrat,420,1000
11/03/1992,ND,Bottineau,Bush,republican,580,1000
11/03/1992,NC,Warren,Clinton,democrat,580,1000
11/03/1992,NC,Warren,Bush,republican,420,1000
11/03/1992,MI,Monroe,Clinton,democrat,470,1000
11/03/1992,MI,Monroe,Bush,republican,530,1000
11/03/1992,MT,Blaine,Clinton,democrat,420,1000
11/03/1992,MT,Blaine,Bush,republican,580,1000
11/03/1992,WV,Wayne,Clinton,democrat,420,1000
11/03/1992,WV,Wayne,Bush,republican,580,1000
11/03/1992,WI,St_Croix,Clinton,democrat,420,1000
11/03/1992,WI,St_Croix,Bush,republican,580,1000
11/03/1992,CO,Chaffee,Clinton,democrat,470,1000
11/03/1992,CO,Chaffee,Bush,republican,530,1000
11/03/1992,WA,Chelan,Clinton,democrat,470,1000
11/03/1992,WA,Chelan,Bush,republican,530,1000
11/03/1992,FL,Flagler,Clinton,democrat,510,1000
11/03/1992,FL,Flagler,Bush,republican,490,1000
11/03/1992,FL,Gadsden,Clinton,democrat,420,1000
11/03/1992,FL,Gadsden,Bush,republican,580,1000
11/03/1992,FL,Leon,Clinton,democrat,420,1000
11/03/1992,FL,Leon,Bush,republican,580,1000
11/03/1992,FL,Putnam,Clinton,democrat,420,1000
11/03/1992,FL,Putnam,Bush,republican,580,1000
11/03/1992,VT,Rutland,Clinton,democrat,580,1000
11/03/1992,VT,Rutland,Bush,republican,420,1000
11/03/1992,AL,Montgomery,Clinton,democrat,420,1000
11/03/1992,AL,Montgomery,Bush,republican,580,1000
11/03/1992,AR,Perry,Clinton,democrat,420,1000
11/03/1992,AR,Perry,Bush,republican,580,1000
11/03/1992,MI,Tuscola,Clinton,democrat,420,1000
11/03/1992,MI,Tuscola,Bush,republican,580,1000
11/03/1992,ND,Grant,Clinton,democrat,420,1000
11/03/1992,ND,Grant,Bush,republican,580,1000
11/03/1992,WI,Chippewa,Clinton,democrat,420,1000
11/03/1992,WI,Chippewa,Bush,republican,580,1000
11/03/1992,IN,Blackford,Clinton,democrat,420,1000
11/03/1992,IN,Blackford,Bush,republican,580,1000
11/03/1992,IN,Wells,Clinton,democrat,420,1000
11/03/1992,IN,Wells,Bush,republican,580,1000
11/03/1992,KS,Douglas,Clinton,democrat,580,1000
11/03/1992,KS,Douglas,Bush,republican,420,1000
11/03/1992,KS,Jackson,Clinton,democrat,420,1000
11/03/1992,KS,Jackson,Bush,republican,580,1000
11/03/1992,GA,Barrow,Clinton,democrat,420,1000
11/03/1992,GA,Barrow,Bush,republican,580,1000
11/03/1992,GA,Telfair,Clinton,democrat,420,1000
11/03/1992,GA,Telfair,Bush,republican,580,1000
11/03/1992,IL,Montgomery,Clinton,democrat,420,1000
11/03/1992,IL,Montgomery,Bush,republican,580,1000
11/03/1992,IN,Lawrence,Clinton,democrat,420,1000
11/03/1992,IN,Lawrence,Bush,republican,580,1000
11/03/1992,IA,Montgomery,Clinton,democrat,420,1000
11/03/1992,IA,Montgomery,Bush,republican,580,1000
11/03/1992,KY,Scott,Clinton,democrat,420,1000
11/03/1992,KY,Scott,Bush,republican,580,1000
11/03/1992,KY,Muhlenberg,Clinton,democrat,420,1000
11/03/1992,KY,Muhlenberg,Bush,republican,580,1000
11/03/1992,LA,Assumption,Clinton,democrat,470,1000
11/03/1992,LA,Assumption,Bush,republican,530,1000
11/03/1992,FL,Santa_Rosa,Clinton,democrat,420,1000
11/03/1992,FL,Santa_Rosa,Bush,republican,580,1000
11/03/1992,FL,Orange,Clinton,democrat,580,1000
11/03/1992,FL,Orange,Bush,republican,420,1000
11/03/1992,FL,Seminole,Clinton,democrat,510,1000
11/03/1992,FL,Seminole,Bush,republican,490,1000
11/03/1992,FL,Walton,Clinton,democrat,420,1000
11/03/1992,FL,Walton,Bush,republican,580,1000
11/03/1992,GA,Decatur,Clinton,democrat,420,1000
11/03/1992,GA,Decatur,Bush,republican,580,1000
11/03/1992,GA,Dougherty,Clinton,democrat,580,1000
11/03/1992,GA,Dougherty,Bush,republican,420,1000
11/03/1992,CA,Fresno,Clinton,democrat,530,1000
11/03/1992,CA,Fresno,Bush,republican,470,1000
11/03/1992,GA,Washington,Clinton,democrat,530,1000
11/03/1992,GA,Washington,Bush,republican,470,1000
11/03/1992,IN,Hancock,Clinton,democrat,420,1000
11/03/1992,IN,Hancock,Bush,republican,580,1000
11/03/1992,KS,Jefferson,Clinton,democrat,470,1000
11/03/1992,KS,Jefferson,Bush,republican,530,1000
11/03/1992,NV,Elko,Clinton,democrat,420,1000
11/03/1992,NV,Elko,Bush,republican,580,1000
11/03/1992,LA,Tangipahoa,Clinton,democrat,420,1000
11/03/1992,LA,Tangipahoa,Bush,republican,580,1000
11/03/1992,LA,West_Baton_Rouge,Clinton,democrat,497,1000
11/03/1992,LA,West_Baton_Rouge,Bush,republican,503,1000
11/03/1992,AL,Greene,Clinton,democrat,420,1000
11/03/1992,AL,Greene,Bush,republican,580,1000
11/03/1992,NY,Madison,Clinton,democrat,490,1000
11/03/1992,NY,Madison,Bush,republican,510,1000
11/03/1992,NC,Sampson,Clinton,democrat,470,1000
11/03/1992,NC,Sampson,Bush,republican,530,1000
11/03/1992,OK,Rogers,Clinton,democrat,420,1000
11/03/1992,OK,Rogers,Bush,republican,580,1000
11/03/1992,OK,Hughes,Clinton,democrat,420,1000
11/03/1992,OK,Hughes,Bush,republican,580,1000
11/03/1992,TN,Humphreys,Clinton,democrat,420,1000
11/03/1992,TN,Humphreys,Bush,republican,580,1000
11/03/1992,TX,Rusk,Clinton,democrat,420,1000
11/03/1992,TX,Rusk,Bush,republican,580,1000
11/03/1992,TX,Shelby,Clinton,democrat,420,1000
11/03/1992,TX,Shelby,Bush,republican,580,1000
11/03/1992,GA,Mitchell,Clinton,democrat,470,1000
11/03/1992,GA,Mitchell,Bush,republican,530,1000
11/03/1992,GA,Thomas,Clinton,democrat,420,1000
11/03/1992,GA,Thomas,Bush,republican,580,1000
11/03/1992,MS,Wilkinson,Clinton,democrat,510,1000
11/03/1992,MS,Wilkinson,Bush,republican,490,1000
11/03/1992,MS,Bolivar,Clinton,democrat,580,1000
11/03/1992,MS,Bolivar,Bush,republican,420,1000
11/03/1992,MS,Clay,Clinton,democrat,420,1000
11/03/1992,MS,Clay,Bush,republican,580,1000
11/03/1992,MS,Lincoln,Clinton,democrat,420,1000
11/03/1992,MS,Lincoln,Bush,republican,580,1000
11/03/1992,CO,Grand,Clinton,democrat,470,1000
11/03/1992,CO,Grand,Bush,republican,530,1000
11/03/1992,KY,Nelson,Clinton,democrat,420,1000
11/03/1992,KY,Nelson,Bush,republican,580,1000
11/03/1992,MI,Shiawassee,Clinton,democrat,470,1000
11/03/1992,MI,Shiawassee,Bush,republican,530,1000
11/03/1992,MI,Crawford,Clinton,democrat,420,1000
11/03/1992,MI,Crawford,Bush,republican,580,1000
11/03/1992,MO,Lincoln,Clinton,democrat,420,1000
11/03/1992,MO,Lincoln,Bush,republican,580,1000
11/03/1992,VA,Arlington,Clinton,democrat,580,1000
11/03/1992,VA,Arlington,Bush,republican,420,1000
11/03/1992,IN,Hamilton,Clinton,democrat,490,1000
11/03/1992,IN,Hamilton,Bush,republican,510,1000
11/03/1992,MO,Boone,Clinton,democrat,530,1000
11/03/1992,MO,Boone,Bush,republican,470,1000
11/03/1992,IN,Putnam,Clinton,democrat,420,1000
11/03/1992,IN,Putnam,Bush,republican,580,1000
11/03/1992,IA,Des_Moines,Clinton,democrat,580,1000
11/03/1992,IA,Des_Moines,Bush,republican,420,1000
11/03/1992,VA,Roanoke_Co,Clinton,democrat,420,1000
11/03/1992,VA,Roanoke_Co,Bush,republican,580,1000
11/03/1992,IA,Louisa,Clinton,democrat,503,1000
11/03/1992,IA,Louisa,Bush,republican,497,1000
11/03/1992,WI,Marquette,Clinton,democrat,470,1000
11/03/1992,WI,Marquette,Bush,republican,530,1000
11/03/1992,WA,Franklin,Clinton,democrat,470,1000
11/03/1992,WA,Franklin,Bush,republican,530,1000
11/03/1992,WY,Carbon,Clinton,democrat,420,1000
11/03/1992,WY,Carbon,Bush,republican,580,1000
11/03/1992,OH,Monroe,Clinton,democrat,470,1000
11/03/1992,OH,Monroe,Bush,republican,530,1000
11/03/1992,TX,Fayette,Clinton,democrat,420,1000
11/03/1992,TX,Fayette,Bush,republican,580,1000
11/03/1992,TN,Cannon,Clinton,democrat,420,1000
11/03/1992,TN,Cannon,Bush,republican,580,1000
11/03/1992,WV,Monroe,Clinton,democrat,420,1000
11/03/1992,WV,Monroe,Bush,republican,580,1000
11/03/1992,MS,Harrison,Clinton,democrat,490,1000
11/03/1992,MS,Harrison,Bush,republican,510,1000
11/03/1992,WV,Nicholas,Clinton,democrat,420,1000
11/03/1992,WV,Nicholas,Bush,republican,580,1000
11/03/1992,WA,Kitsap,Clinton,democrat,580,1000
11/03/1992,WA,Kitsap,Bush,republican,420,1000
11/03/1992,WI,Green,Clinton,democrat,470,1000
11/03/1992,WI,Green,Bush,republican,530,1000
11/03/1992,AZ,Graham,Clinton,democrat,420,1000
11/03/1992,AZ,Graham,Bush,republican,580,1000
11/03/1992,AR,Pope,Clinton,democrat,420,1000
11/03/1992,AR,Pope,Bush,republican,580,1000
11/03/1992,OR,Clackamas,Clinton,democrat,530,1000
11/03/1992,OR,Clackamas,Bush,republican,470,1000
11/03/1992,KS,Graham,Clinton,democrat,420,1000
11/03/1992,KS,Graham,Bush,republican,580,1000
11/03/1992,KS,Jewell,Clinton,democrat,420,1000
11/03/1992,KS,Jewell,Bush,republican,580,1000
11/03/1992,MN,Lake_of_the_Woods,Clinton,democrat,470,1000
11/03/1992,MN,Lake_of_the_Woods,Bush,republican,530,1000
11/03/1992,NE,Burt,Clinton,democrat,420,1000
11/03/1992,NE,Burt,Bush,republican,580,1000
11/03/1992,AR,Sebastian,Clinton,democrat,420,1000
11/03/1992,AR,Sebastian,Bush,republican,580,1000
11/03/1992,CO,Dolores,Clinton,democrat,580,1000
11/03/1992,CO,Dolores,Bush,republican,420,1000
11/03/1992,GA,Columbia,Clinton,democrat,420,1000
11/03/1992,GA,Columbia,Bush,republican,580,1000
11/03/1992,ID,Cassia,Clinton,democrat,420,1000
11/03/1992,ID,Cassia,Bush,republican,580,1000
11/03/1992,IN,Clark,Clinton,democrat,470,1000
11/03/1992,IN,Clark,Bush,republican,530,1000
11/03/1992,WV,Pocahontas,Clinton,democrat,420,1000
11/03/1992,WV,Pocahontas,Bush,republican,580,1000
11/03/1992,IN,Randolph,Clinton,democrat,420,1000
11/03/1992,IN,Randolph,Bush,republican,580,1000
11/03/1992,WV,Raleigh,Clinton,democrat,420,1000
11/03/1992,WV,Raleigh,Bush,republican,580,1000
11/03/1992,WV,Wyoming,Clinton,democrat,420,1000
11/03/1992,WV,Wyoming,Bush,republican,580,1000
11/03/1992,CA,Mariposa,Clinton,democrat,420,1000
11/03/1992,CA,Mariposa,Bush,republican,580,1000
11/03/1992,CO,Weld,Clinton,democrat,420,1000
11/03/1992,CO,Weld,Bush,republican,580,1000
11/03/1992,IA,Humboldt,Clinton,democrat,420,1000
11/03/1992,IA,Humboldt,Bush,republican,580,1000
11/03/1992,KS,Shawnee,Clinton,democrat,530,1000
11/03/1992,KS,Shawnee,Bush,republican,470,1000
11/03/1992,KY,Washington,Clinton,democrat,420,1000
11/03/1992,KY,Washington,Bush,republican,580,1000
11/03/1992,MI,Oscoda,Clinton,democrat,420,1000
11/03/1992,MI,Oscoda,Bush,republican,580,1000
11/03/1992,NE,Hamilton,Clinton,democrat,420,1000
11/03/1992,NE,Hamilton,Bush,republican,580,1000
11/03/1992,WI,Clark,Clinton,democrat,420,1000
11/03/1992,WI,Clark,Bush,republican,580,1000
11/03/1992,MT,Carter,Clinton,democrat,420,1000
11/03/1992,MT,Carter,Bush,republican,580,1000
11/03/1992,KS,Ottawa,Clinton,democrat,420,1000
11/03/1992,KS,Ottawa,Bush,republican,580,1000
11/03/1992,KS,Republic,Clinton,democrat,420,1000
11/03/1992,KS,Republic,Bush,republican,580,1000
11/03/1992,NE,Dixon,Clinton,democrat,420,1000
11/03/1992,NE,Dixon,Bush,republican,580,1000
11/03/1992,MN,Redwood,Clinton,democrat,420,1000
11/03/1992,MN,Redwood,Bush,republican,580,1000
11/03/1992,WI,Douglas,Clinton,democrat,580,1000
11/03/1992,WI,Douglas,Bush,republican,420,1000
11/03/1992,KS,Marshall,Clinton,democrat,420,1000
11/03/1992,KS,Marshall,Bush,republican,580,1000
11/03/1992,LA,East_Carroll,Clinton,democrat,580,1000
11/03/1992,LA,East_Carroll,Bush,republican,420,1000
11/03/1992,MD,Somerset,Clinton,democrat,490,1000
11/03/1992,MD,Somerset,Bush,republican,510,1000
11/03/1992,NM,Santa_Fe,Clinton,democrat,580,1000
11/03/1992,NM,Santa_Fe,Bush,republican,420,1000
11/03/1992,AR,Craighead,Clinton,democrat,420,1000
11/03/1992,AR,Craighead,Bush,republican,580,1000
11/03/1992,FL,Pasco,Clinton,democrat,490,1000
11/03/1992,FL,Pasco,Bush,republican,510,1000
11/03/1992,GA,Echols,Clinton,democrat,420,1000
11/03/1992,GA,Echols,Bush,republican,580,1000
11/03/1992,IN,Dearborn,Clinton,democrat,420,1000
11/03/1992,IN,Dearborn,Bush,republican,580,1000
11/03/1992,IA,Allamakee,Clinton,democrat,530,1000
11/03/1992,IA,Allamakee,Bush,republican,470,1000
11/03/1992,NC,Washington,Clinton,democrat,580,1000
11/03/1992,NC,Washington,Bush,republican,420,1000
11/03/1992,OH,Stark,Clinton,democrat,490,1000
11/03/1992,OH,Stark,Bush,republican,510,1000
11/03/1992,OK,Ottawa,Clinton,democrat,420,1000
11/03/1992,OK,Ottawa,Bush,republican,580,1000
11/03/1992,PA,Clearfield,Clinton,democrat,420,1000
11/03/1992,PA,Clearfield,Bush,republican,580,1000
11/03/1992,TN,Gibson,Clinton,democrat,420,1000
11/03/1992,TN,Gibson,Bush,republican,580,1000
11/03/1992,TN,Robertson,Clinton,democrat,420,1000
11/03/1992,TN,Robertson,Bush,republican,580,1000
11/03/1992,KY,Caldwell,Clinton,democrat,420,1000
11/03/1992,KY,Caldwell,Bush,republican,580,1000
11/03/1992,AR,Fulton,Clinton,democrat,420,1000
11/03/1992,AR,Fulton,Bush,republican,580,1000
11/03/1992,LA,Catahoula,Clinton,democrat,420,1000
11/03/1992,LA,Catahoula,Bush,republican,580,1000
11/03/1992,LA,Franklin,Clinton,democrat,420,1000
11/03/1992,LA,Franklin,Bush,republican,580,1000
11/03/1992,GA,Macon,Clinton,democrat,580,1000
11/03/1992,GA,Macon,Bush,republican,420,1000
11/03/1992,MN,Winona,Clinton,democrat,530,1000
11/03/1992,MN,Winona,Bush,republican,470,1000
11/03/1992,NC,Martin,Clinton,democrat,580,1000
11/03/1992,NC,Martin,Bush,republican,420,1000
11/03/1992,OH,Adams,Clinton,democrat,420,1000
11/03/1992,OH,Adams,Bush,republican,580,1000
11/03/1992,NJ,Cape_May,Clinton,democrat,470,1000
11/03/1992,NJ,Cape_May,Bush,republican,530,1000
11/03/1992,NE,Saunders,Clinton,democrat,470,1000
11/03/1992,NE,Saunders,Bush,republican,530,1000
11/03/1992,GA,McDuffie,Clinton,democrat,470,1000
11/03/1992,GA,McDuffie,Bush,republican,530,1000
11/03/1992,GA,Laurens,Clinton,democrat,420,1000
11/03/1992,GA,Laurens,Bush,republican,580,1000
11/03/1992,OR,Umatilla,Clinton,democrat,420,1000
11/03/1992,OR,Umatilla,Bush,republican,580,1000
11/03/1992,GA,Dawson,Clinton,democrat,420,1000
11/03/1992,GA,Dawson,Bush,republican,580,1000
11/03/1992,GA,Jefferson,Clinton,democrat,530,1000
11/03/1992,GA,Jefferson,Bush,republican,470,1000
11/03/1992,AK,Juneau,Clinton,democrat,580,1000
11/03/1992,AK,Juneau,Bush,republican,420,1000
11/03/1992,OK,Kay,Clinton,democrat,420,1000
11/03/1992,OK,Kay,Bush,republican,580,1000
11/03/1992,NY,Warren,Clinton,democrat,530,1000
11/03/1992,NY,Warren,Bush,republican,470,1000
11/03/1992,NY,Saratoga,Clinton,democrat,530,1000
11/03/1992,NY,Saratoga,Bush,republican,470,1000
11/03/1992,LA,St_John_the_Baptist,Clinton,democrat,580,1000
11/03/1992,LA,St_John_the_Baptist,Bush,republican,420,1000
11/03/1992,TX,Hopkins,Clinton,democrat,420,1000
11/03/1992,TX,Hopkins,Bush,republican,580,1000
11/03/1992,NV,Churchill,Clinton,democrat,420,1000
11/03/1992,NV,Churchill,Bush,republican,580,1000
11/03/1992,TX,Williamson,Clinton,democrat,510,1000
11/03/1992,TX,Williamson,Bush,republican,490,1000
11/03/1992,WY,Weston,Clinton,democrat,420,1000
11/03/1992,WY,Weston,Bush,republican,580,1000
11/03/1992,CA,Humboldt,Clinton,democrat,580,1000
11/03/1992,CA,Humboldt,Bush,republican,420,1000
11/03/1992,NJ,Somerset,Clinton,democrat,580,1000
11/03/1992,NJ,Somerset,Bush,republican,420,1000
11/03/1992,TX,Hamilton,Clinton,democrat,420,1000
11/03/1992,TX,Hamilton,Bush,republican,580,1000
11/03/1992,TX,Hardeman,Clinton,democrat,420,1000
11/03/1992,TX,Hardeman,Bush,republican,580,1000
11/03/1992,AK,Aleutians_West,Clinton,democrat,420,1000
11/03/1992,AK,Aleutians_West,Bush,republican,580,1000
11/03/1992,IL,Tazewell,Clinton,democrat,490,1000
11/03/1992,IL,Tazewell,Bush,republican,510,1000
11/03/1992,CO,Yuma,Clinton,democrat,420,1000
11/03/1992,CO,Yuma,Bush,republican,580,1000
11/03/1992,IA,Sac,Clinton,democrat,420,1000
11/03/1992,IA,Sac,Bush,republican,580,1000
11/03/1992,IA,Sioux,Clinton,democrat,420,1000
11/03/1992,IA,Sioux,Bush,republican,580,1000
11/03/1992,TX,Coleman,Clinton,democrat,420,1000
11/03/1992,TX,Coleman,Bush,republican,580,1000
11/03/1992,GA,Bartow,Clinton,democrat,420,1000
11/03/1992,GA,Bartow,Bush,republican,580,1000
11/03/1992,OK,Osage,Clinton,democrat,420,1000
11/03/1992,OK,Osage,Bush,republican,580,1000
11/03/1992,NY,Albany,Clinton,democrat,580,1000
11/03/1992,NY,Albany,Bush,republican,420,1000
11/03/1992,MS,Jefferson,Clinton,democrat,580,1000
11/03/1992,MS,Jefferson,Bush,republican,420,1000
11/03/1992,TN,Lincoln,Clinton,democrat,420,1000
11/03/1992,TN,Lincoln,Bush,republican,580,1000
11/03/1992,VA,Madison,Clinton,democrat,420,1000
11/03/1992,VA,Madison,Bush,republican,580,1000
11/03/1992,OK,Atoka,Clinton,democrat,420,1000
11/03/1992,OK,Atoka,Bush,republican,580,1000
11/03/1992,IA,Dallas,Clinton,democrat,510,1000
11/03/1992,IA,Dallas,Bush,republican,490,1000
11/03/1992,AK,Fairbanks_North_Star,Clinton,democrat,470,1000
11/03/1992,AK,Fairbanks_North_Star,Bush,republican,530,1000
11/03/1992,ND,Pembina,Clinton,democrat,420,1000
11/03/1992,ND,Pembina,Bush,republican,580,1000
11/03/1992,AR,Izard,Clinton,democrat,420,1000
11/03/1992,AR,Izard,Bush,republican,580,1000
11/03/1992,VA,Alexandria,Clinton,democrat,580,1000
11/03/1992,VA,Alexandria,Bush,republican,420,1000
11/03/1992,VA,Buena_Vista,Clinton,democrat,420,1000
11/03/1992,VA,Buena_Vista,Bush,republican,580,1000
11/03/1992,IA,Polk,Clinton,democrat,580,1000
11/03/1992,IA,Polk,Bush,republican,420,1000
11/03/1992,FL,Polk,Clinton,democrat,490,1000
11/03/1992,FL,Polk,Bush,republican,510,1000
11/03/1992,GA,Early,Clinton,democrat,470,1000
11/03/1992,GA,Early,Bush,republican,530,1000
11/03/1992,TX,Terrell,Clinton,democrat,420,1000
11/03/1992,TX,Terrell,Bush,republican,580,1000
11/03/1992,IL,Wayne,Clinton,democrat,420,1000
11/03/1992,IL,Wayne,Bush,republican,580,1000
11/03/1992,FL,Sumter,Clinton,democrat,420,1000
11/03/1992,FL,Sumter,Bush,republican,580,1000
11/03/1992,TX,Burleson,Clinton,democrat,420,1000
11/03/1992,TX,Burleson,Bush,republican,580,1000
11/03/1992,VA,Fauquier,Clinton,democrat,470,1000
11/03/1992,VA,Fauquier,Bush,republican,530,1000
11/03/1992,NY,Washington,Clinton,democrat,470,1000
11/03/1992,NY,Washington,Bush,republican,530,1000
11/03/1992,TX,Waller,Clinton,democrat,470,1000
11/03/1992,TX,Waller,Bush,republican,530,1000
11/03/1992,MI,Cass,Clinton,democrat,470,1000
11/03/1992,MI,Cass,Bush,republican,530,1000
11/03/1992,ID,Caribou,Clinton,democrat,420,1000
11/03/1992,ID,Caribou,Bush,republican,580,1000
11/03/1992,FL,Sarasota,Clinton,democrat,530,1000
11/03/1992,FL,Sarasota,Bush,republican,470,1000
11/03/1992,GA,Emanuel,Clinton,democrat,420,1000
11/03/1992,GA,Emanuel,Bush,republican,580,1000
11/03/1992,GA,Talbot,Clinton,democrat,580,1000
11/03/1992,GA,Talbot,Bush,republican,420,1000
11/03/1992,PA,York,Clinton,democrat,420,1000
11/03/1992,PA,York,Bush,republican,580,1000
11/03/1992,NE,Dodge,Clinton,democrat,420,1000
11/03/1992,NE,Dodge,Bush,republican,580,1000
11/03/1992,NC,Granville,Clinton,democrat,470,1000
11/03/1992,NC,Granville,Bush,republican,530,1000
11/03/1992,PA,Allegheny,Clinton,democrat,580,1000
11/03/1992,PA,Allegheny,Bush,republican,420,1000
11/03/1992,CA,Trinity,Clinton,democrat,510,1000
11/03/1992,CA,Trinity,Bush,republican,490,1000
11/03/1992,IL,Hardin,Clinton,democrat,420,1000
11/03/1992,IL,Hardin,Bush,republican,580,1000
11/03/1992,GA,Lumpkin,Clinton,democrat,420,1000
11/03/1992,GA,Lumpkin,Bush,republican,580,1000
11/03/1992,OK,Johnston,Clinton,democrat,420,1000
11/03/1992,OK,Johnston,Bush,republican,580,1000
11/03/1992,TX,Montgomery,Clinton,democrat,420,1000
11/03/1992,TX,Montgomery,Bush,republican,580,1000
11/03/1992,OK,McIntosh,Clinton,democrat,420,1000
11/03/1992,OK,McIntosh,Bush,republican,580,1000
11/03/1992,OK,Marshall,Clinton,democrat,420,1000
11/03/1992,OK,Marshall,Bush,republican,580,1000
11/03/1992,TX,Robertson,Clinton,democrat,420,1000
11/03/1992,TX,Robertson,Bush,republican,580,1000
11/03/1992,WI,Sauk,Clinton,democrat,530,1000
11/03/1992,WI,Sauk,Bush,republican,470,1000
11/03/1992,AR,Prairie,Clinton,democrat,420,1000
11/03/1992,AR,Prairie,Bush,republican,580,1000
11/03/1992,WI,Milwaukee,Clinton,democrat,580,1000
11/03/1992,WI,Milwaukee,Bush,republican,420,1000
11/03/1992,WI,Jackson,Clinton,democrat,470,1000
11/03/1992,WI,Jackson,Bush,republican,530,1000
11/03/1992,WI,Oconto,Clinton,democrat,420,1000
11/03/1992,WI,Oconto,Bush,republican,580,1000
11/03/1992,AK,Denali,Clinton,democrat,420,1000
11/03/1992,AK,Denali,Bush,republican,580,1000
11/03/1992,WI,Vilas,Clinton,democrat,420,1000
11/03/1992,WI,Vilas,Bush,republican,580,1000
11/03/1992,CA,Inyo,Clinton,democrat,470,1000
11/03/1992,CA,Inyo,Bush,republican,530,1000
11/03/1992,NC,Iredell,Clinton,democrat,420,1000
11/03/1992,NC,Iredell,Bush,republican,580,1000
11/03/1992,AR,Pulaski,Clinton,democrat,580,1000
11/03/1992,AR,Pulaski,Bush,republican,420,1000
11/03/1992,MO,Vernon,Clinton,democrat,420,1000
11/03/1992,MO,Vernon,Bush,republican,580,1000
11/03/1992,IL,Carroll,Clinton,democrat,420,1000
11/03/1992,IL,Carroll,Bush,republican,580,1000
11/03/1992,GA,Hart,Clinton,democrat,420,1000
11/03/1992,GA,Hart,Bush,republican,580,1000
11/03/1992,IL,Adams,Clinton,democrat,420,1000
11/03/1992,IL,Adams,Bush,republican,580,1000
11/03/1992,TX,Tyler,Clinton,democrat,420,1000
11/03/1992,TX,Tyler,Bush,republican,580,1000
11/03/1992,GA,Lamar,Clinton,democrat,420,1000
11/03/1992,GA,Lamar,Bush,republican,580,1000
11/03/1992,TX,Polk,Clinton,democrat,420,1000
11/03/1992,TX,Polk,Bush,republican,580,1000
11/03/1992,CA,Sacramento,Clinton,democrat,580,1000
11/03/1992,CA,Sacramento,Bush,republican,420,1000
11/03/1992,OK,Pushmataha,Clinton,democrat,420,1000
11/03/1992,OK,Pushmataha,Bush,republican,580,1000
11/03/1992,VA,Greene,Clinton,democrat,420,1000
11/03/1992,VA,Greene,Bush,republican,580,1000
11/03/1992,OH,Belmont,Clinton,democrat,420,1000
11/03/1992,OH,Belmont,Bush,republican,580,1000
11/03/1992,WI,Washburn,Clinton,democrat,420,1000
11/03/1992,WI,Washburn,Bush,republican,580,1000
11/03/1992,AR,Ouachita,Clinton,democrat,470,1000
11/03/1992,AR,Ouachita,Bush,republican,530,1000
11/03/1992,SC,Colleton,Clinton,democrat,510,1000
11/03/1992,SC,Colleton,Bush,republican,490,1000
11/03/1992,PA,Butler,Clinton,democrat,420,1000
11/03/1992,PA,Butler,Bush,republican,580,1000
11/03/1992,AR,Sevier,Clinton,democrat,420,1000
11/03/1992,AR,Sevier,Bush,republican,580,1000
11/03/1992,OH,Lorain,Clinton,democrat,530,1000
11/03/1992,OH,Lorain,Bush,republican,470,1000
11/03/1992,LA,St_Mary,Clinton,democrat,420,1000
11/03/1992,LA,St_Mary,Bush,republican,580,1000
11/03/1992,MO,Pike,Clinton,democrat,420,1000
11/03/1992,MO,Pike,Bush,republican,580,1000
11/03/1992,OK,Craig,Clinton,democrat,420,1000
11/03/1992,OK,Craig,Bush,republican,580,1000
11/03/1992,KS,Sedgwick,Clinton,democrat,530,1000
11/03/1992,KS,Sedgwick,Bush,republican,470,1000
11/03/1992,IN,Jasper,Clinton,democrat,420,1000
11/03/1992,IN,Jasper,Bush,republican,580,1000
11/03/1992,CA,Napa,Clinton,democrat,580,1000
11/03/1992,CA,Napa,Bush,republican,420,1000
11/03/1992,TX,Loving,Clinton,democrat,420,1000
11/03/1992,TX,Loving,Bush,republican,580,1000
11/03/1992,MO,Johnson,Clinton,democrat,420,1000
11/03/1992,MO,Johnson,Bush,republican,580,1000
11/03/1992,CO,Broomfield,Clinton,democrat,530,1000
11/03/1992,CO,Broomfield,Bush,republican,470,1000
11/03/1992,VA,Page,Clinton,democrat,420,1000
11/03/1992,VA,Page,Bush,republican,580,1000
11/03/1992,WV,Mason,Clinton,democrat,420,1000
11/03/1992,WV,Mason,Bush,republican,580,1000
11/03/1992,AL,Winston,Clinton,democrat,420,1000
11/03/1992,AL,Winston,Bush,republican,580,1000
11/03/1992,AL,Perry,Clinton,democrat,420,1000
11/03/1992,AL,Perry,Bush,republican,580,1000
11/03/1992,OH,Meigs,Clinton,democrat,420,1000
11/03/1992,OH,Meigs,Bush,republican,580,1000
11/03/1992,SD,Buffalo,Clinton,democrat,420,1000
11/03/1992,SD,Buffalo,Bush,republican,580,1000
11/03/1992,SD,Mellette,Clinton,democrat,420,1000
11/03/1992,SD,Mellette,Bush,republican,580,1000
11/03/1992,NY,Chautauqua,Clinton,democrat,420,1000
11/03/1992,NY,Chautauqua,Bush,republican,580,1000
11/03/1992,SD,Oglala_Lakota,Clinton,democrat,580,1000
11/03/1992,SD,Oglala_Lakota,Bush,republican,420,1000
11/03/1992,DC,District_of_Columbia,Clinton,democrat,580,1000
11/03/1992,DC,District_of_Columbia,Bush,republican,420,1000
11/03/1992,DE,New_Castle,Clinton,democrat,580,1000
11/03/1992,DE,New_Castle,Bush,republican,420,1000
11/03/1992,CO,Denver,Clinton,democrat,580,1000
11/03/1992,CO,Denver,Bush,republican,420,1000
11/03/1992,NJ,Morris,Clinton,democrat,510,1000
11/03/1992,NJ,Morris,Bush,republican,490,1000
11/03/1992,AL,Hale,Clinton,democrat,420,1000
11/03/1992,AL,Hale,Bush,republican,580,1000
11/03/1992,OH,Washington,Clinton,democrat,420,1000
11/03/1992,OH,Washington,Bush,republican,580,1000
11/03/1992,WV,Calhoun,Clinton,democrat,420,1000
11/03/1992,WV,Calhoun,Bush,republican,580,1000
11/03/1992,PA,Crawford,Clinton,democrat,420,1000
11/03/1992,PA,Crawford,Bush,republican,580,1000
11/03/1992,SD,Todd,Clinton,democrat,420,1000
11/03/1992,SD,Todd,Bush,republican,580,1000
11/03/1992,MT,Dawson,Clinton,democrat,420,1000
11/03/1992,MT,Dawson,Bush,republican,580,1000
11/03/1992,TX,Montague,Clinton,democrat,420,1000
11/03/1992,TX,Montague,Bush,republican,580,1000
11/03/1992,MT,Richland,Clinton,democrat,420,1000
11/03/1992,MT,Richland,Bush,republican,580,1000
11/03/1992,TX,Gray,Clinton,democrat,420,1000
11/03/1992,TX,Gray,Bush,republican,580,1000
11/03/1992,AR,Greene,Clinton,democrat,470,1000
11/03/1992,AR,Greene,Bush,republican,530,1000
11/03/1992,GA,Appling,Clinton,democrat,420,1000
11/03/1992,GA,Appling,Bush,republican,580,1000
11/03/1992,AL,Elmore,Clinton,democrat,420,1000
11/03/1992,AL,Elmore,Bush,republican,580,1000
11/03/1992,GA,Coweta,Clinton,democrat,420,1000
11/03/1992,GA,Coweta,Bush,republican,580,1000
11/03/1992,IN,Elkhart,Clinton,democrat,420,1000
11/03/1992,IN,Elkhart,Bush,republican,580,1000
11/03/1992,NC,Yadkin,Clinton,democrat,420,1000
11/03/1992,NC,Yadkin,Bush,republican,580,1000
11/03/1992,AL,Chilton,Clinton,democrat,420,1000
11/03/1992,AL,Chilton,Bush,republican,580,1000
11/03/1992,OH,Wood,Clinton,democrat,490,1000
11/03/1992,OH,Wood,Bush,republican,510,1000
11/03/1992,NY,Westchester,Clinton,democrat,580,1000
11/03/1992,NY,Westchester,Bush,republican,420,1000
11/03/1992,LA,Orleans,Clinton,democrat,580,1000
11/03/1992,LA,Orleans,Bush,republican,420,1000
11/03/1992,WV,Mineral,Clinton,democrat,420,1000
11/03/1992,WV,Mineral,Bush,republican,580,1000
11/03/1992,AL,Walker,Clinton,democrat,420,1000
11/03/1992,AL,Walker,Bush,republican,580,1000
11/03/1992,WV,Monongalia,Clinton,democrat,530,1000
11/03/1992,WV,Monongalia,Bush,republican,470,1000
11/03/1992,WV,Pleasants,Clinton,democrat,420,1000
11/03/1992,WV,Pleasants,Bush,republican,580,1000
11/03/1992,NY,Rensselaer,Clinton,democrat,490,1000
11/03/1992,NY,Rensselaer,Bush,republican,510,1000
11/03/1992,NC,Cleveland,Clinton,democrat,420,1000
11/03/1992,NC,Cleveland,Bush,republican,580,1000
11/03/1992,NC,Gaston,Clinton,democrat,420,1000
11/03/1992,NC,Gaston,Bush,republican,580,1000
11/03/1992,NJ,Cumberland,Clinton,democrat,580,1000
11/03/1992,NJ,Cumberland,Bush,republican,420,1000
11/03/1992,CO,Eagle,Clinton,democrat,580,1000
11/03/1992,CO,Eagle,Bush,republican,420,1000
11/03/1992,TX,Jack,Clinton,democrat,420,1000
11/03/1992,TX,Jack,Bush,republican,580,1000
11/03/1992,AL,Coosa,Clinton,democrat,420,1000
11/03/1992,AL,Coosa,Bush,republican,580,1000
11/03/1992,FL,St_Lucie,Clinton,democrat,530,1000
11/03/1992,FL,St_Lucie,Bush,republican,470,1000
11/03/1992,AL,Henry,Clinton,democrat,420,1000
11/03/1992,AL,Henry,Bush,republican,580,1000
11/03/1992,CA,Santa_Cruz,Clinton,democrat,580,1000
11/03/1992,CA,Santa_Cruz,Bush,republican,420,1000
11/03/1992,KS,Labette,Clinton,democrat,470,1000
11/03/1992,KS,Labette,Bush,republican,530,1000
11/03/1992,GA,Baldwin,Clinton,democrat,510,1000
11/03/1992,GA,Baldwin,Bush,republican,490,1000
11/03/1992,LA,St_Bernard,Clinton,democrat,470,1000
11/03/1992,LA,St_Bernard,Bush,republican,530,1000
11/03/1992,VA,Suffolk,Clinton,democrat,580,1000
11/03/1992,VA,Suffolk,Bush,republican,420,1000
11/03/1992,CO,Jefferson,Clinton,democrat,510,1000
11/03/1992,CO,Jefferson,Bush,republican,490,1000
11/03/1992,WV,Pendleton,Clinton,democrat,420,1000
11/03/1992,WV,Pendleton,Bush,republican,580,1000
11/03/1992,VA,Tazewell,Clinton,democrat,420,1000
11/03/1992,VA,Tazewell,Bush,republican,580,1000
11/03/1992,MO,Clark,Clinton,democrat,420,1000
11/03/1992,MO,Clark,Bush,republican,580,1000
11/03/1992,NJ,Salem,Clinton,democrat,510,1000
11/03/1992,NJ,Salem,Bush,republican,490,1000
11/03/1992,PA,Warren,Clinton,democrat,420,1000
11/03/1992,PA,Warren,Bush,republican,580,1000
11/03/1992,ND,Grand_Forks,Clinton,democrat,470,1000
11/03/1992,ND,Grand_Forks,Bush,republican,530,1000
11/03/1992,OK,Delaware,Clinton,democrat,420,1000
11/03/1992,OK,Delaware,Bush,republican,580,1000
11/03/1992,CO,Hinsdale,Clinton,democrat,420,1000
11/03/1992,CO,Hinsdale,Bush,republican,580,1000
11/03/1992,AL,Macon,Clinton,democrat,420,1000
11/03/1992,AL,Macon,Bush,republican,580,1000
11/03/1992,VA,Carroll,Clinton,democrat,420,1000
11/03/1992,VA,Carroll,Bush,republican,580,1000
11/03/1992,CA,Placer,Clinton,democrat,470,1000
11/03/1992,CA,Placer,Bush,republican,530,1000
11/03/1992,OH,Medina,Clinton,democrat,470,1000
11/03/1992,OH,Medina,Bush,republican,530,1000
11/03/1992,OK,Cotton,Clinton,democrat,420,1000
11/03/1992,OK,Cotton,Bush,republican,580,1000
11/03/1992,OK,Jackson,Clinton,democrat,420,1000
11/03/1992,OK,Jackson,Bush,republican,580,1000
11/03/1992,LA,Ouachita,Clinton,democrat,420,1000
11/03/1992,LA,Ouachita,Bush,republican,580,1000
11/03/1992,CO,El_Paso,Clinton,democrat,420,1000
11/03/1992,CO,El_Paso,Bush,republican,580,1000
11/03/1992,WV,Ritchie,Clinton,democrat,420,1000
11/03/1992,WV,Ritchie,Bush,republican,580,1000
11/03/1992,VA,Floyd,Clinton,democrat,420,1000
11/03/1992,VA,Floyd,Bush,republican,580,1000
11/03/1992,MT,Fallon,Clinton,democrat,420,1000
11/03/1992,MT,Fallon,Bush,republican,580,1000
11/03/1992,MT,Prairie,Clinton,democrat,420,1000
11/03/1992,MT,Prairie,Bush,republican,580,1000
11/03/1992,TX,Brown,Clinton,democrat,420,1000
11/03/1992,TX,Brown,Bush,republican,580,1000
11/03/1992,TX,Ector,Clinton,democrat,420,1000
11/03/1992,TX,Ector,Bush,republican,580,1000
11/03/1992,UT,Emery,Clinton,democrat,420,1000
11/03/1992,UT,Emery,Bush,republican,580,1000
11/03/1992,NY,Richmond,Clinton,democrat,530,1000
11/03/1992,NY,Richmond,Bush,republican,470,1000
11/03/1992,NC,Dare,Clinton,democrat,580,1000
11/03/1992,NC,Dare,Bush,republican,420,1000
11/03/1992,NE,Butler,Clinton,democrat,420,1000
11/03/1992,NE,Butler,Bush,republican,580,1000
11/03/1992,TX,Lamar,Clinton,democrat,420,1000
11/03/1992,TX,Lamar,Bush,republican,580,1000
11/03/1992,KS,Dickinson,Clinton,democrat,420,1000
11/03/1992,KS,Dickinson,Bush,republican,580,1000
11/03/1992,ID,Jerome,Clinton,democrat,420,1000
11/03/1992,ID,Jerome,Bush,republican,580,1000
11/03/1992,OH,Mercer,Clinton,democrat,420,1000
11/03/1992,OH,Mercer,Bush,republican,580,1000
11/03/1992,IL,Livingston,Clinton,democrat,420,1000
11/03/1992,IL,Livingston,Bush,republican,580,1000
11/03/1992,IA,Dubuque,Clinton,democrat,530,1000
11/03/1992,IA,Dubuque,Bush,republican,470,1000
11/03/1992,ID,Madison,Clinton,democrat,420,1000
11/03/1992,ID,Madison,Bush,republican,580,1000
11/03/1992,LA,Plaquemines,Clinton,democrat,420,1000
11/03/1992,LA,Plaquemines,Bush,republican,580,1000
11/03/1992,LA,Pointe_Coupee,Clinton,democrat,490,1000
11/03/1992,LA,Pointe_Coupee,Bush,republican,510,1000
11/03/1992,MT,Missoula,Clinton,democrat,580,1000
11/03/1992,MT,Missoula,Bush,republican,420,1000
11/03/1992,UT,Grand,Clinton,democrat,420,1000
11/03/1992,UT,Grand,Bush,republican,580,1000
11/03/1992,TX,Bexar,Clinton,democrat,580,1000
11/03/1992,TX,Bexar,Bush,republican,420,1000
11/03/1992,HI,Honolulu,Clinton,democrat,580,1000
11/03/1992,HI,Honolulu,Bush,republican,420,1000
11/03/1992,GA,Oglethorpe,Clinton,democrat,420,1000
11/03/1992,GA,Oglethorpe,Bush,republican,580,1000
11/03/1992,GA,Peach,Clinton,democrat,530,1000
11/03/1992,GA,Peach,Bush,republican,470,1000
11/03/1992,OH,Clinton,Clinton,democrat,420,1000
11/03/1992,OH,Clinton,Bush,republican,580,1000
11/03/1992,GA,Randolph,Clinton,democrat,530,1000
11/03/1992,GA,Randolph,Bush,republican,470,1000
11/03/1992,GA,Jasper,Clinton,democrat,420,1000
11/03/1992,GA,Jasper,Bush,republican,580,1000
11/03/1992,TX,Jackson,Clinton,democrat,420,1000
11/03/1992,TX,Jackson,Bush,republican,580,1000
11/03/1992,GA,Troup,Clinton,democrat,420,1000
11/03/1992,GA,Troup,Bush,republican,580,1000
11/03/1992,GA,Brantley,Clinton,democrat,420,1000
11/03/1992,GA,Brantley,Bush,republican,580,1000
11/03/1992,GA,Bryan,Clinton,democrat,530,1000
11/03/1992,GA,Bryan,Bush,republican,470,1000
11/03/1992,TX,Leon,Clinton,democrat,420,1000
11/03/1992,TX,Leon,Bush,republican,580,1000
11/03/1992,CA,Merced,Clinton,democrat,530,1000
11/03/1992,CA,Merced,Bush,republican,470,1000
11/03/1992,FL,Martin,Clinton,democrat,470,1000
11/03/1992,FL,Martin,Bush,republican,530,1000
11/03/1992,TX,Ward,Clinton,democrat,420,1000
11/03/1992,TX,Ward,Bush,republican,580,1000
11/03/1992,TX,Wichita,Clinton,democrat,420,1000
11/03/1992,TX,Wichita,Bush,republican,580,1000
11/03/1992,NY,Cayuga,Clinton,democrat,470,1000
11/03/1992,NY,Cayuga,Bush,republican,530,1000
11/03/1992,NC,Hertford,Clinton,democrat,580,1000
11/03/1992,NC,Hertford,Bush,republican,420,1000
11/03/1992,CO,Park,Clinton,democrat,420,1000
11/03/1992,CO,Park,Bush,republican,580,1000
11/03/1992,CO,Teller,Clinton,democrat,420,1000
11/03/1992,CO,Teller,Bush,republican,580,1000
11/03/1992,UT,Sevier,Clinton,democrat,420,1000
11/03/1992,UT,Sevier,Bush,republican,580,1000
11/03/1992,UT,Tooele,Clinton,democrat,420,1000
11/03/1992,UT,Tooele,Bush,republican,580,1000
11/03/1992,TX,Maverick,Clinton,democrat,420,1000
11/03/1992,TX,Maverick,Bush,republican,580,1000
11/03/1992,FL,Suwannee,Clinton,democrat,420,1000
11/03/1992,FL,Suwannee,Bush,republican,580,1000
11/03/1992,UT,Wasatch,Clinton,democrat,420,1000
11/03/1992,UT,Wasatch,Bush,republican,580,1000
11/03/1992,OR,Malheur,Clinton,democrat,420,1000
11/03/1992,OR,Malheur,Bush,republican,580,1000
11/03/1992,GA,Fayette,Clinton,democrat,490,1000
11/03/1992,GA,Fayette,Bush,republican,510,1000
11/03/1992,KY,Floyd,Clinton,democrat,420,1000
11/03/1992,KY,Floyd,Bush,republican,580,1000
11/03/1992,CO,Logan,Clinton,democrat,420,1000
11/03/1992,CO,Logan,Bush,republican,580,1000
11/03/1992,OH,Montgomery,Clinton,democrat,530,1000
11/03/1992,OH,Montgomery,Bush,republican,470,1000
11/03/1992,CO,Mesa,Clinton,democrat,420,1000
11/03/1992,CO,Mesa,Bush,republican,580,1000
11/03/1992,IA,Howard,Clinton,democrat,530,1000
11/03/1992,IA,Howard,Bush,republican,470,1000
11/03/1992,IL,Menard,Clinton,democrat,420,1000
11/03/1992,IL,Menard,Bush,republican,580,1000
11/03/1992,TX,Mills,Clinton,democrat,420,1000
11/03/1992,TX,Mills,Bush,republican,580,1000
11/03/1992,IL,Monroe,Clinton,democrat,530,1000
11/03/1992,IL,Monroe,Bush,republican,470,1000
11/03/1992,OR,Douglas,Clinton,democrat,420,1000
11/03/1992,OR,Douglas,Bush,republican,580,1000
11/03/1992,WI,Crawford,Clinton,democrat,470,1000
11/03/1992,WI,Crawford,Bush,republican,530,1000
11/03/1992,TX,Haskell,Clinton,democrat,420,1000
11/03/1992,TX,Haskell,Bush,republican,580,1000
11/03/1992,OK,Logan,Clinton,democrat,420,1000
11/03/1992,OK,Logan,Bush,republican,580,1000
11/03/1992,WA,Grays_Harbor,Clinton,democrat,530,1000
11/03/1992,WA,Grays_Harbor,Bush,republican,470,1000
11/03/1992,WA,Lincoln,Clinton,democrat,420,1000
11/03/1992,WA,Lincoln,Bush,republican,580,1000
11/03/1992,WA,Okanogan,Clinton,democrat,470,1000
11/03/1992,WA,Okanogan,Bush,republican,530,1000
11/03/1992,IA,Monona,Clinton,democrat,420,1000
11/03/1992,IA,Monona,Bush,republican,580,1000
11/03/1992,GA,Taliaferro,Clinton,democrat,580,1000
11/03/1992,GA,Taliaferro,Bush,republican,420,1000
11/03/1992,OK,Greer,Clinton,democrat,420,1000
11/03/1992,OK,Greer,Bush,republican,580,1000
11/03/1992,GA,Terrell,Clinton,democrat,510,1000
11/03/1992,GA,Terrell,Bush,republican,490,1000
11/03/1992,MD,Queen_Anne_s,Clinton,democrat,470,1000
11/03/1992,MD,Queen_Anne_s,Bush,republican,530,1000
11/03/1992,OH,Noble,Clinton,democrat,420,1000
11/03/1992,OH,Noble,Bush,republican,580,1000
11/03/1992,CO,Prowers,Clinton,democrat,420,1000
11/03/1992,CO,Prowers,Bush,republican,580,1000
11/03/1992,ID,Latah,Clinton,democrat,530,1000
11/03/1992,ID,Latah,Bush,republican,470,1000
11/03/1992,VA,Gloucester,Clinton,democrat,420,1000
11/03/1992,VA,Gloucester,Bush,republican,580,1000
11/03/1992,CO,Rio_Blanco,Clinton,democrat,420,1000
11/03/1992,CO,Rio_Blanco,Bush,republican,580,1000
11/03/1992,TX,Pecos,Clinton,democrat,420,1000
11/03/1992,TX,Pecos,Bush,republican,580,1000
11/03/1992,IA,Marion,Clinton,democrat,497,1000
11/03/1992,IA,Marion,Bush,republican,503,1000
11/03/1992,OH,Preble,Clinton,democrat,420,1000
11/03/1992,OH,Preble,Bush,republican,580,1000
11/03/1992,GA,Rabun,Clinton,democrat,420,1000
11/03/1992,GA,Rabun,Bush,republican,580,1000
11/03/1992,MO,Taney,Clinton,democrat,420,1000
11/03/1992,MO,Taney,Bush,republican,580,1000
11/03/1992,TX,Marion,Clinton,democrat,420,1000
11/03/1992,TX,Marion,Bush,republican,580,1000
11/03/1992,AR,Washington,Clinton,democrat,510,1000
11/03/1992,AR,Washington,Bush,republican,490,1000
11/03/1992,WA,Skagit,Clinton,democrat,530,1000
11/03/1992,WA,Skagit,Bush,republican,470,1000
11/03/1992,WA,Stevens,Clinton,democrat,420,1000
11/03/1992,WA,Stevens,Bush,republican,580,1000
11/03/1992,TX,Matagorda,Clinton,democrat,420,1000
11/03/1992,TX,Matagorda,Bush,republican,580,1000
11/03/1992,MA,Hampshire,Clinton,democrat,580,1000
11/03/1992,MA,Hampshire,Bush,republican,420,1000
11/03/1992,OK,Mayes,Clinton,democrat,420,1000
11/03/1992,OK,Mayes,Bush,republican,580,1000
11/03/1992,FL,Lake,Clinton,democrat,470,1000
11/03/1992,FL,Lake,Bush,republican,530,1000
11/03/1992,DE,Kent,Clinton,democrat,530,1000
11/03/1992,DE,Kent,Bush,republican,470,1000
11/03/1992,OH,Highland,Clinton,democrat,420,1000
11/03/1992,OH,Highland,Bush,republican,580,1000
11/03/1992,GA,Clarke,Clinton,democrat,580,1000
11/03/1992,GA,Clarke,Bush,republican,420,1000
11/03/1992,IA,Osceola,Clinton,democrat,420,1000
11/03/1992,IA,Osceola,Bush,republican,580,1000
11/03/1992,CO,San_Juan,Clinton,democrat,580,1000
11/03/1992,CO,San_Juan,Bush,republican,420,1000
11/03/1992,IA,Plymouth,Clinton,democrat,420,1000
11/03/1992,IA,Plymouth,Bush,republican,580,1000
11/03/1992,VA,Hanover,Clinton,democrat,420,1000
11/03/1992,VA,Hanover,Bush,republican,580,1000
11/03/1992,IA,Mills,Clinton,democrat,420,1000
11/03/1992,IA,Mills,Bush,republican,580,1000
11/03/1992,SC,Oconee,Clinton,democrat,420,1000
11/03/1992,SC,Oconee,Bush,republican,580,1000
11/03/1992,AR,Crawford,Clinton,democrat,420,1000
11/03/1992,AR,Crawford,Bush,republican,580,1000
11/03/1992,TX,Harrison,Clinton,democrat,420,1000
11/03/1992,TX,Harrison,Bush,republican,580,1000
11/03/1992,NY,Herkimer,Clinton,democrat,420,1000
11/03/1992,NY,Herkimer,Bush,republican,580,1000
11/03/1992,WA,Whatcom,Clinton,democrat,580,1000
11/03/1992,WA,Whatcom,Bush,republican,420,1000
11/03/1992,GA,Whitfield,Clinton,democrat,420,1000
11/03/1992,GA,Whitfield,Bush,republican,580,1000
11/03/1992,WA,Douglas,Clinton,democrat,420,1000
11/03/1992,WA,Douglas,Bush,republican,580,1000
11/03/1992,GA,Clinch,Clinton,democrat,420,1000
11/03/1992,GA,Clinch,Bush,republican,580,1000
11/03/1992,ID,Adams,Clinton,democrat,420,1000
11/03/1992,ID,Adams,Bush,republican,580,1000
11/03/1992,TX,Hockley,Clinton,democrat,420,1000
11/03/1992,TX,Hockley,Bush,republican,580,1000
11/03/1992,IL,Pulaski,Clinton,democrat,470,1000
11/03/1992,IL,Pulaski,Bush,republican,530,1000
11/03/1992,GA,Chattahoochee,Clinton,democrat,497,1000
11/03/1992,GA,Chattahoochee,Bush,republican,503,1000
11/03/1992,AR,Randolph,Clinton,democrat,420,1000
11/03/1992,AR,Randolph,Bush,republican,580,1000
11/03/1992,AR,White,Clinton,democrat,420,1000
11/03/1992,AR,White,Bush,republican,580,1000
11/03/1992,MO,Howard,Clinton,democrat,420,1000
11/03/1992,MO,Howard,Bush,republican,580,1000
11/03/1992,TX,Knox,Clinton,democrat,420,1000
11/03/1992,TX,Knox,Bush,republican,580,1000
11/03/1992,NJ,Passaic,Clinton,democrat,580,1000
11/03/1992,NJ,Passaic,Bush,republican,420,1000
11/03/1992,MT,Broadwater,Clinton,democrat,420,1000
11/03/1992,MT,Broadwater,Bush,republican,580,1000
11/03/1992,GA,Jones,Clinton,democrat,420,1000
11/03/1992,GA,Jones,Bush,republican,580,1000
11/03/1992,NY,Otsego,Clinton,democrat,510,1000
11/03/1992,NY,Otsego,Bush,republican,490,1000
11/03/1992,TX,Franklin,Clinton,democrat,420,1000
11/03/1992,TX,Franklin,Bush,republican,580,1000
11/03/1992,OK,Garvin,Clinton,democrat,420,1000
11/03/1992,OK,Garvin,Bush,republican,580,1000
11/03/1992,NY,Hamilton,Clinton,democrat,420,1000
11/03/1992,NY,Hamilton,Bush,republican,580,1000
11/03/1992,PA,Pike,Clinton,democrat,470,1000
11/03/1992,PA,Pike,Bush,republican,530,1000
11/03/1992,VT,Orleans,Clinton,democrat,580,1000
11/03/1992,VT,Orleans,Bush,republican,420,1000
11/03/1992,GA,Colquitt,Clinton,democrat,420,1000
11/03/1992,GA,Colquitt,Bush,republican,580,1000
11/03/1992,VT,Chittenden,Clinton,democrat,580,1000
11/03/1992,VT,Chittenden,Bush,republican,420,1000
11/03/1992,MT,Pondera,Clinton,democrat,420,1000
11/03/1992,MT,Pondera,Bush,republican,580,1000
11/03/1992,WI,Columbia,Clinton,democrat,503,1000
11/03/1992,WI,Columbia,Bush,republican,497,1000
11/03/1992,NE,Thurston,Clinton,democrat,490,1000
11/03/1992,NE,Thurston,Bush,republican,510,1000
11/03/1992,AR,Woodruff,Clinton,democrat,530,1000
11/03/1992,AR,Woodruff,Bush,republican,470,1000
11/03/1992,OK,Okfuskee,Clinton,democrat,420,1000
11/03/1992,OK,Okfuskee,Bush,republican,580,1000
11/03/1992,TX,San_Patricio,Clinton,democrat,420,1000
11/03/1992,TX,San_Patricio,Bush,republican,580,1000
11/03/1992,MS,Rankin,Clinton,democrat,420,1000
11/03/1992,MS,Rankin,Bush,republican,580,1000
11/03/1992,NM,Curry,Clinton,democrat,420,1000
11/03/1992,NM,Curry,Bush,republican,580,1000
11/03/1992,MS,Leflore,Clinton,democrat,530,1000
11/03/1992,MS,Leflore,Bush,republican,470,1000
11/03/1992,TX,Hardin,Clinton,democrat,420,1000
11/03/1992,TX,Hardin,Bush,republican,580,1000
11/03/1992,VA,Nelson,Clinton,democrat,470,1000
11/03/1992,VA,Nelson,Bush,republican,530,1000
11/03/1992,TN,Jackson,Clinton,democrat,420,1000
11/03/1992,TN,Jackson,Bush,republican,580,1000
11/03/1992,TX,Refugio,Clinton,democrat,420,1000
11/03/1992,TX,Refugio,Bush,republican,580,1000
11/03/1992,FL,Columbia,Clinton,democrat,420,1000
11/03/1992,FL,Columbia,Bush,republican,580,1000
11/03/1992,KS,Atchison,Clinton,democrat,470,1000
11/03/1992,KS,Atchison,Bush,republican,530,1000
11/03/1992,AL,Jefferson,Clinton,democrat,510,1000
11/03/1992,AL,Jefferson,Bush,republican,490,1000
11/03/1992,TX,Houston,Clinton,democrat,420,1000
11/03/1992,TX,Houston,Bush,republican,580,1000
11/03/1992,WV,Marshall,Clinton,democrat,420,1000
11/03/1992,WV,Marshall,Bush,republican,580,1000
11/03/1992,VA,Pulaski,Clinton,democrat,420,1000
11/03/1992,VA,Pulaski,Bush,republican,580,1000
11/03/1992,MO,DeKalb,Clinton,democrat,420,1000
11/03/1992,MO,DeKalb,Bush,republican,580,1000
11/03/1992,GA,Harris,Clinton,democrat,420,1000
11/03/1992,GA,Harris,Bush,republican,580,1000
11/03/1992,GA,Houston,Clinton,democrat,470,1000
11/03/1992,GA,Houston,Bush,republican,530,1000
11/03/1992,CO,Custer,Clinton,democrat,470,1000
11/03/1992,CO,Custer,Bush,republican,530,1000
11/03/1992,MO,Reynolds,Clinton,democrat,420,1000
11/03/1992,MO,Reynolds,Bush,republican,580,1000
11/03/1992,TX,San_Saba,Clinton,democrat,420,1000
11/03/1992,TX,San_Saba,Bush,republican,580,1000
11/03/1992,CO,Fremont,Clinton,democrat,420,1000
11/03/1992,CO,Fremont,Bush,republican,580,1000
11/03/1992,TX,Webb,Clinton,democrat,470,1000
11/03/1992,TX,Webb,Bush,republican,530,1000
11/03/1992,KY,Pulaski,Clinton,democrat,420,1000
11/03/1992,KY,Pulaski,Bush,republican,580,1000
11/03/1992,KS,Thomas,Clinton,democrat,420,1000
11/03/1992,KS,Thomas,Bush,republican,580,1000
11/03/1992,UT,Box_Elder,Clinton,democrat,420,1000
11/03/1992,UT,Box_Elder,Bush,republican,580,1000
11/03/1992,TN,Marion,Clinton,democrat,420,1000
11/03/1992,TN,Marion,Bush,republican,580,1000
11/03/1992,MN,Chisago,Clinton,democrat,420,1000
11/03/1992,MN,Chisago,Bush,republican,580,1000
11/03/1992,NC,Transylvania,Clinton,democrat,470,1000
11/03/1992,NC,Transylvania,Bush,republican,530,1000
11/03/1992,MT,Treasure,Clinton,democrat,420,1000
11/03/1992,MT,Treasure,Bush,republican,580,1000
11/03/1992,WA,Thurston,Clinton,democrat,580,1000
11/03/1992,WA,Thurston,Bush,republican,420,1000
11/03/1992,MI,Barry,Clinton,democrat,470,1000
11/03/1992,MI,Barry,Bush,republican,530,1000
11/03/1992,UT,Juab,Clinton,democrat,420,1000
11/03/1992,UT,Juab,Bush,republican,580,1000
11/03/1992,VA,King_William,Clinton,democrat,420,1000
11/03/1992,VA,King_William,Bush,republican,580,1000
11/03/1992,GA,Catoosa,Clinton,democrat,420,1000
11/03/1992,GA,Catoosa,Bush,republican,580,1000
11/03/1992,NJ,Bergen,Clinton,democrat,580,1000
11/03/1992,NJ,Bergen,Bush,republican,420,1000
11/03/1992,TX,Wilbarger,Clinton,democrat,420,1000
11/03/1992,TX,Wilbarger,Bush,republican,580,1000
11/03/1992,OR,Coos,Clinton,democrat,490,1000
11/03/1992,OR,Coos,Bush,republican,510,1000
11/03/1992,AZ,Yuma,Clinton,democrat,470,1000
11/03/1992,AZ,Yuma,Bush,republican,530,1000
11/03/1992,IL,Rock_Island,Clinton,democrat,580,1000
11/03/1992,IL,Rock_Island,Bush,republican,420,1000
11/03/1992,KY,Fleming,Clinton,democrat,420,1000
11/03/1992,KY,Fleming,Bush,republican,580,1000
11/03/1992,WI,Menominee,Clinton,democrat,580,1000
11/03/1992,WI,Menominee,Bush,republican,420,1000
11/03/1992,OK,Ellis,Clinton,democrat,420,1000
11/03/1992,OK,Ellis,Bush,republican,580,1000
11/03/1992,VA,Alleghany,Clinton,democrat,420,1000
11/03/1992,VA,Alleghany,Bush,republican,580,1000
11/03/1992,SD,Charles_Mix,Clinton,democrat,420,1000
11/03/1992,SD,Charles_Mix,Bush,republican,580,1000
11/03/1992,TN,Hardeman,Clinton,democrat,420,1000
11/03/1992,TN,Hardeman,Bush,republican,580,1000
11/03/1992,MT,Glacier,Clinton,democrat,580,1000
11/03/1992,MT,Glacier,Bush,republican,420,1000
11/03/1992,MT,Park,Clinton,democrat,490,1000
11/03/1992,MT,Park,Bush,republican,510,1000
11/03/1992,GA,Elbert,Clinton,democrat,420,1000
11/03/1992,GA,Elbert,Bush,republican,580,1000
11/03/1992,MT,Sanders,Clinton,democrat,420,1000
11/03/1992,MT,Sanders,Bush,republican,580,1000
11/03/1992,TX,Van_Zandt,Clinton,democrat,420,1000
11/03/1992,TX,Van_Zandt,Bush,republican,580,1000
11/03/1992,NE,Gage,Clinton,democrat,420,1000
11/03/1992,NE,Gage,Bush,republican,580,1000
11/03/1992,LA,St_Landry,Clinton,democrat,470,1000
11/03/1992,LA,St_Landry,Bush,republican,530,1000
11/03/1992,ME,Knox,Clinton,democrat,580,1000
11/03/1992,ME,Knox,Bush,republican,420,1000
11/03/1992,NV,Lyon,Clinton,democrat,420,1000
11/03/1992,NV,Lyon,Bush,republican,580,1000
11/03/1992,AL,Colbert,Clinton,democrat,420,1000
11/03/1992,AL,Colbert,Bush,republican,580,1000
11/03/1992,LA,Lincoln,Clinton,democrat,420,1000
11/03/1992,LA,Lincoln,Bush,republican,580,1000
11/03/1992,CA,El_Dorado,Clinton,democrat,490,1000
11/03/1992,CA,El_Dorado,Bush,republican,510,1000
11/03/1992,ID,Shoshone,Clinton,democrat,490,1000
11/03/1992,ID,Shoshone,Bush,republican,510,1000
11/03/1992,TN,Wilson,Clinton,democrat,420,1000
11/03/1992,TN,Wilson,Bush,republican,580,1000
11/03/1992,ND,Mercer,Clinton,democrat,420,1000
11/03/1992,ND,Mercer,Bush,republican,580,1000
11/03/1992,TN,Unicoi,Clinton,democrat,420,1000
11/03/1992,TN,Unicoi,Bush,republican,580,1000
11/03/1992,WY,Goshen,Clinton,democrat,420,1000
11/03/1992,WY,Goshen,Bush,republican,580,1000
11/03/1992,MN,Nicollet,Clinton,democrat,530,1000
11/03/1992,MN,Nicollet,Bush,republican,470,1000
11/03/1992,WA,Garfield,Clinton,democrat,420,1000
11/03/1992,WA,Garfield,Bush,republican,580,1000
11/03/1992,MO,Cape_Girardeau,Clinton,democrat,420,1000
11/03/1992,MO,Cape_Girardeau,Bush,republican,580,1000
11/03/1992,OK,Pawnee,Clinton,democrat,420,1000
11/03/1992,OK,Pawnee,Bush,republican,580,1000
11/03/1992,NC,Swain,Clinton,democrat,420,1000
11/03/1992,NC,Swain,Bush,republican,580,1000
11/03/1992,VA,Culpeper,Clinton,democrat,420,1000
11/03/1992,VA,Culpeper,Bush,republican,580,1000
11/03/1992,NY,Tioga,Clinton,democrat,470,1000
11/03/1992,NY,Tioga,Bush,republican,530,1000
11/03/1992,NC,Jackson,Clinton,democrat,510,1000
11/03/1992,NC,Jackson,Bush,republican,490,1000
11/03/1992,TX,Bosque,Clinton,democrat,420,1000
11/03/1992,TX,Bosque,Bush,republican,580,1000
11/03/1992,IL,Pope,Clinton,democrat,420,1000
11/03/1992,IL,Pope,Bush,republican,580,1000
11/03/1992,IA,Buchanan,Clinton,democrat,530,1000
11/03/1992,IA,Buchanan,Bush,republican,470,1000
11/03/1992,TN,Fentress,Clinton,democrat,420,1000
11/03/1992,TN,Fentress,Bush,republican,580,1000
11/03/1992,IL,Sangamon,Clinton,democrat,510,1000
11/03/1992,IL,Sangamon,Bush,republican,490,1000
11/03/1992,KS,Franklin,Clinton,democrat,420,1000
11/03/1992,KS,Franklin,Bush,republican,580,1000
11/03/1992,OR,Jackson,Clinton,democrat,510,1000
11/03/1992,OR,Jackson,Bush,republican,490,1000
11/03/1992,ID,Fremont,Clinton,democrat,420,1000
11/03/1992,ID,Fremont,Bush,republican,580,1000
11/03/1992,NE,Holt,Clinton,democrat,420,1000
11/03/1992,NE,Holt,Bush,republican,580,1000
11/03/1992,MO,Jackson,Clinton,democrat,580,1000
11/03/1992,MO,Jackson,Bush,republican,420,1000
11/03/1992,VA,King_George,Clinton,democrat,420,1000
11/03/1992,VA,King_George,Bush,republican,580,1000
11/03/1992,TX,Caldwell,Clinton,democrat,490,1000
11/03/1992,TX,Caldwell,Bush,republican,510,1000
11/03/1992,VA,Lancaster,Clinton,democrat,490,1000
11/03/1992,VA,Lancaster,Bush,republican,510,1000
11/03/1992,MO,Chariton,Clinton,democrat,420,1000
11/03/1992,MO,Chariton,Bush,republican,580,1000
11/03/1992,MT,Cascade,Clinton,democrat,510,1000
11/03/1992,MT,Cascade,Bush,republican,490,1000
11/03/1992,VA,Mathews,Clinton,democrat,420,1000
11/03/1992,VA,Mathews,Bush,republican,580,1000
11/03/1992,OK,Bryan,Clinton,democrat,420,1000
11/03/1992,OK,Bryan,Bush,republican,580,1000
11/03/1992,TX,Washington,Clinton,democrat,420,1000
11/03/1992,TX,Washington,Bush,republican,580,1000
11/03/1992,OH,Gallia,Clinton,democrat,420,1000
11/03/1992,OH,Gallia,Bush,republican,580,1000
11/03/1992,TN,Hamilton,Clinton,democrat,490,1000
11/03/1992,TN,Hamilton,Bush,republican,510,1000
11/03/1992,NE,Sheridan,Clinton,democrat,420,1000
11/03/1992,NE,Sheridan,Bush,republican,580,1000
11/03/1992,IL,Jo_Daviess,Clinton,democrat,470,1000
11/03/1992,IL,Jo_Daviess,Bush,republican,530,1000
11/03/1992,SD,Corson,Clinton,democrat,420,1000
11/03/1992,SD,Corson,Bush,republican,580,1000
11/03/1992,MO,Lafayette,Clinton,democrat,420,1000
11/03/1992,MO,Lafayette,Bush,republican,580,1000
11/03/1992,PA,Montgomery,Clinton,democrat,580,1000
11/03/1992,PA,Montgomery,Bush,republican,420,1000
11/03/1992,MD,Prince_George_s,Clinton,democrat,580,1000
11/03/1992,MD,Prince_George_s,Bush,republican,420,1000
11/03/1992,VA,Middlesex,Clinton,democrat,420,1000
11/03/1992,VA,Middlesex,Bush,republican,580,1000
11/03/1992,ID,Owyhee,Clinton,democrat,420,1000
11/03/1992,ID,Owyhee,Bush,republican,580,1000
11/03/1992,KS,Doniphan,Clinton,democrat,420,1000
11/03/1992,KS,Doniphan,Bush,republican,580,1000
11/03/1992,NC,Graham,Clinton,democrat,420,1000
11/03/1992,NC,Graham,Bush,republican,580,1000
11/03/1992,AL,Lamar,Clinton,democrat,420,1000
11/03/1992,AL,Lamar,Bush,republican,580,1000
11/03/1992,GA,Coffee,Clinton,democrat,420,1000
11/03/1992,GA,Coffee,Bush,republican,580,1000
11/03/1992,CO,Ouray,Clinton,democrat,530,1000
11/03/1992,CO,Ouray,Bush,republican,470,1000
11/03/1992,NC,Henderson,Clinton,democrat,470,1000
11/03/1992,NC,Henderson,Bush,republican,530,1000
11/03/1992,ID,Elmore,Clinton,democrat,420,1000
11/03/1992,ID,Elmore,Bush,republican,580,1000
11/03/1992,ID,Jefferson,Clinton,democrat,420,1000
11/03/1992,ID,Jefferson,Bush,republican,580,1000
11/03/1992,IN,Lake,Clinton,democrat,580,1000
11/03/1992,IN,Lake,Bush,republican,420,1000
11/03/1992,PA,Lycoming,Clinton,democrat,420,1000
11/03/1992,PA,Lycoming,Bush,republican,580,1000
11/03/1992,NJ,Hunterdon,Clinton,democrat,510,1000
11/03/1992,NJ,Hunterdon,Bush,republican,490,1000
11/03/1992,VA,Smyth,Clinton,democrat,420,1000
11/03/1992,VA,Smyth,Bush,republican,580,1000
11/03/1992,VA,Spotsylvania,Clinton,democrat,470,1000
11/03/1992,VA,Spotsylvania,Bush,republican,530,1000
11/03/1992,NE,Sarpy,Clinton,democrat,490,1000
11/03/1992,NE,Sarpy,Bush,republican,510,1000
11/03/1992,OK,Harmon,Clinton,democrat,420,1000
11/03/1992,OK,Harmon,Bush,republican,580,1000
11/03/1992,GA,Toombs,Clinton,democrat,420,1000
11/03/1992,GA,Toombs,Bush,republican,580,1000
11/03/1992,KS,Harper,Clinton,democrat,420,1000
11/03/1992,KS,Harper,Bush,republican,580,1000
11/03/1992,AL,Shelby,Clinton,democrat,420,1000
11/03/1992,AL,Shelby,Bush,republican,580,1000
11/03/1992,AR,Calhoun,Clinton,democrat,420,1000
11/03/1992,AR,Calhoun,Bush,republican,580,1000
11/03/1992,NY,Columbia,Clinton,democrat,580,1000
11/03/1992,NY,Columbia,Bush,republican,420,1000
11/03/1992,GA,Warren,Clinton,democrat,580,1000
11/03/1992,GA,Warren,Bush,republican,420,1000
11/03/1992,OR,Linn,Clinton,democrat,470,1000
11/03/1992,OR,Linn,Bush,republican,530,1000
11/03/1992,SD,Gregory,Clinton,democrat,420,1000
11/03/1992,SD,Gregory,Bush,republican,580,1000
11/03/1992,TX,San_Jacinto,Clinton,democrat,420,1000
11/03/1992,TX,San_Jacinto,Bush,republican,580,1000
11/03/1992,IL,Calhoun,Clinton,democrat,420,1000
11/03/1992,IL,Calhoun,Bush,republican,580,1000
11/03/1992,FL,Brevard,Clinton,democrat,470,1000
11/03/1992,FL,Brevard,Bush,republican,530,1000
11/03/1992,NE,Scotts_Bluff,Clinton,democrat,420,1000
11/03/1992,NE,Scotts_Bluff,Bush,republican,580,1000
11/03/1992,ND,Nelson,Clinton,democrat,510,1000
11/03/1992,ND,Nelson,Bush,republican,490,1000
11/03/1992,ME,Androscoggin,Clinton,democrat,580,1000
11/03/1992,ME,Androscoggin,Bush,republican,420,1000
11/03/1992,TX,Wise,Clinton,democrat,420,1000
11/03/1992,TX,Wise,Bush,republican,580,1000
11/03/1992,TN,Rutherford,Clinton,democrat,420,1000
11/03/1992,TN,Rutherford,Bush,republican,580,1000
11/03/1992,MI,Houghton,Clinton,democrat,420,1000
11/03/1992,MI,Houghton,Bush,republican,580,1000
11/03/1992,KY,Leslie,Clinton,democrat,420,1000
11/03/1992,KY,Leslie,Bush,republican,580,1000
11/03/1992,NC,Harnett,Clinton,democrat,420,1000
11/03/1992,NC,Harnett,Bush,republican,580,1000
11/03/1992,KY,Perry,Clinton,democrat,420,1000
11/03/1992,KY,Perry,Bush,republican,580,1000
11/03/1992,IL,DuPage,Clinton,democrat,580,1000
11/03/1992,IL,DuPage,Bush,republican,420,1000
11/03/1992,MN,Anoka,Clinton,democrat,510,1000
11/03/1992,MN,Anoka,Bush,republican,490,1000
11/03/1992,CA,Butte,Clinton,democrat,530,1000
11/03/1992,CA,Butte,Bush,republican,470,1000
11/03/1992,MN,Stearns,Clinton,democrat,420,1000
11/03/1992,MN,Stearns,Bush,republican,580,1000
11/03/1992,MN,Sherburne,Clinton,democrat,420,1000
11/03/1992,MN,Sherburne,Bush,republican,580,1000
11/03/1992,MO,Jasper,Clinton,democrat,420,1000
11/03/1992,MO,Jasper,Bush,republican,580,1000
11/03/1992,GA,Wayne,Clinton,democrat,420,1000
11/03/1992,GA,Wayne,Bush,republican,580,1000
11/03/1992,MD,Frederick,Clinton,democrat,510,1000
11/03/1992,MD,Frederick,Bush,republican,490,1000
11/03/1992,AL,Dallas,Clinton,democrat,470,1000
11/03/1992,AL,Dallas,Bush,republican,530,1000
11/03/1992,MI,Genesee,Clinton,democrat,580,1000
11/03/1992,MI,Genesee,Bush,republican,420,1000
11/03/1992,NC,Hoke,Clinton,democrat,530,1000
11/03/1992,NC,Hoke,Bush,republican,470,1000
11/03/1992,VA,Campbell,Clinton,democrat,420,1000
11/03/1992,VA,Campbell,Bush,republican,580,1000
11/03/1992,MN,Jackson,Clinton,democrat,420,1000
11/03/1992,MN,Jackson,Bush,republican,580,1000
11/03/1992,MI,St_Joseph,Clinton,democrat,420,1000
11/03/1992,MI,St_Joseph,Bush,republican,580,1000
11/03/1992,KY,Bath,Clinton,democrat,420,1000
11/03/1992,KY,Bath,Bush,republican,580,1000
11/03/1992,SD,Brookings,Clinton,democrat,490,1000
11/03/1992,SD,Brookings,Bush,republican,510,1000
11/03/1992,TN,Cocke,Clinton,democrat,420,1000
11/03/1992,TN,Cocke,Bush,republican,580,1000
11/03/1992,SD,Minnehaha,Clinton,democrat,470,1000
11/03/1992,SD,Minnehaha,Bush,republican,530,1000
11/03/1992,SC,Abbeville,Clinton,democrat,420,1000
11/03/1992,SC,Abbeville,Bush,republican,580,1000
11/03/1992,SC,Aiken,Clinton,democrat,470,1000
11/03/1992,SC,Aiken,Bush,republican,530,1000
11/03/1992,TN,Dickson,Clinton,democrat,420,1000
11/03/1992,TN,Dickson,Bush,republican,580,1000
11/03/1992,SC,Edgefield,Clinton,democrat,420,1000
11/03/1992,SC,Edgefield,Bush,republican,580,1000
11/03/1992,MN,Lac_Qui_Parle,Clinton,democrat,470,1000
11/03/1992,MN,Lac_Qui_Parle,Bush,republican,530,1000
11/03/1992,MT,Powell,Clinton,democrat,470,1000
11/03/1992,MT,Powell,Bush,republican,530,1000
11/03/1992,OR,Union,Clinton,democrat,420,1000
11/03/1992,OR,Union,Bush,republican,580,1000
11/03/1992,AK,Dillingham,Clinton,democrat,420,1000
11/03/1992,AK,Dillingham,Bush,republican,580,1000
11/03/1992,IN,Jefferson,Clinton,democrat,420,1000
11/03/1992,IN,Jefferson,Bush,republican,580,1000
11/03/1992,MS,Coahoma,Clinton,democrat,580,1000
11/03/1992,MS,Coahoma,Bush,republican,420,1000
11/03/1992,NY,Orange,Clinton,democrat,497,1000
11/03/1992,NY,Orange,Bush,republican,503,1000
11/03/1992,WI,Iron,Clinton,democrat,470,1000
11/03/1992,WI,Iron,Bush,republican,530,1000
11/03/1992,KY,Franklin,Clinton,democrat,510,1000
11/03/1992,KY,Franklin,Bush,republican,490,1000
11/03/1992,IN,Clinton,Clinton,democrat,420,1000
11/03/1992,IN,Clinton,Bush,republican,580,1000
11/03/1992,LA,St_Charles,Clinton,democrat,530,1000
11/03/1992,LA,St_Charles,Bush,republican,470,1000
11/03/1992,NC,Greene,Clinton,democrat,490,1000
11/03/1992,NC,Greene,Bush,republican,510,1000
11/03/1992,TN,Lauderdale,Clinton,democrat,420,1000
11/03/1992,TN,Lauderdale,Bush,republican,580,1000
11/03/1992,TN,DeKalb,Clinton,democrat,420,1000
11/03/1992,TN,DeKalb,Bush,republican,580,1000
11/03/1992,FL,Citrus,Clinton,democrat,420,1000
11/03/1992,FL,Citrus,Bush,republican,580,1000
11/03/1992,SC,Greenwood,Clinton,democrat,420,1000
11/03/1992,SC,Greenwood,Bush,republican,580,1000
11/03/1992,TN,Perry,Clinton,democrat,420,1000
11/03/1992,TN,Perry,Bush,republican,580,1000
11/03/1992,WI,Sheboygan,Clinton,democrat,470,1000
11/03/1992,WI,Sheboygan,Bush,republican,530,1000
11/03/1992,SC,Spartanburg,Clinton,democrat,470,1000
11/03/1992,SC,Spartanburg,Bush,republican,530,1000
11/03/1992,MN,Renville,Clinton,democrat,420,1000
11/03/1992,MN,Renville,Bush,republican,580,1000
11/03/1992,MO,Cole,Clinton,democrat,420,1000
11/03/1992,MO,Cole,Bush,republican,580,1000
11/03/1992,WY,Fremont,Clinton,democrat,420,1000
11/03/1992,WY,Fremont,Bush,republican,580,1000
11/03/1992,TN,Claiborne,Clinton,democrat,420,1000
11/03/1992,TN,Claiborne,Bush,republican,580,1000
11/03/1992,PA,Beaver,Clinton,democrat,510,1000
11/03/1992,PA,Beaver,Bush,republican,490,1000
11/03/1992,PA,Erie,Clinton,democrat,530,1000
11/03/1992,PA,Erie,Bush,republican,470,1000
11/03/1992,NC,Wayne,Clinton,democrat,470,1000
11/03/1992,NC,Wayne,Bush,republican,530,1000
11/03/1992,TX,Hays,Clinton,democrat,530,1000
11/03/1992,TX,Hays,Bush,republican,470,1000
11/03/1992,UT,Millard,Clinton,democrat,420,1000
11/03/1992,UT,Millard,Bush,republican,580,1000
11/03/1992,AL,Tallapoosa,Clinton,democrat,420,1000
11/03/1992,AL,Tallapoosa,Bush,republican,580,1000
11/03/1992,MN,Washington,Clinton,democrat,580,1000
11/03/1992,MN,Washington,Bush,republican,420,1000
11/03/1992,IA,Lyon,Clinton,democrat,420,1000
11/03/1992,IA,Lyon,Bush,republican,580,1000
11/03/1992,NY,Chemung,Clinton,democrat,420,1000
11/03/1992,NY,Chemung,Bush,republican,580,1000
11/03/1992,NE,Red_Willow,Clinton,democrat,420,1000
11/03/1992,NE,Red_Willow,Bush,republican,580,1000
11/03/1992,WV,Hancock,Clinton,democrat,420,1000
11/03/1992,WV,Hancock,Bush,republican,580,1000
11/03/1992,FL,Okeechobee,Clinton,democrat,420,1000
11/03/1992,FL,Okeechobee,Bush,republican,580,1000
11/03/1992,NE,Hitchcock,Clinton,democrat,420,1000
11/03/1992,NE,Hitchcock,Bush,republican,580,1000
11/03/1992,LA,Cameron,Clinton,democrat,420,1000
11/03/1992,LA,Cameron,Bush,republican,580,1000
11/03/1992,OK,Love,Clinton,democrat,420,1000
11/03/1992,OK,Love,Bush,republican,580,1000
11/03/1992,IA,Bremer,Clinton,democrat,497,1000
11/03/1992,IA,Bremer,Bush,republican,503,1000
11/03/1992,ID,Butte,Clinton,democrat,420,1000
11/03/1992,ID,Butte,Bush,republican,580,1000
11/03/1992,AR,Lafayette,Clinton,democrat,420,1000
11/03/1992,AR,Lafayette,Bush,republican,580,1000
11/03/1992,SD,Stanley,Clinton,democrat,420,1000
11/03/1992,SD,Stanley,Bush,republican,580,1000
11/03/1992,OH,Franklin,Clinton,democrat,580,1000
11/03/1992,OH,Franklin,Bush,republican,420,1000
11/03/1992,MT,Fergus,Clinton,democrat,420,1000
11/03/1992,MT,Fergus,Bush,republican,580,1000
11/03/1992,NC,Davie,Clinton,democrat,420,1000
11/03/1992,NC,Davie,Bush,republican,580,1000
11/03/1992,AR,Independence,Clinton,democrat,420,1000
11/03/1992,AR,Independence,Bush,republican,580,1000
11/03/1992,NC,Pender,Clinton,democrat,420,1000
11/03/1992,NC,Pender,Bush,republican,580,1000
11/03/1992,MO,Nodaway,Clinton,democrat,420,1000
11/03/1992,MO,Nodaway,Bush,republican,580,1000
11/03/1992,NE,Seward,Clinton,democrat,420,1000
11/03/1992,NE,Seward,Bush,republican,580,1000
11/03/1992,OK,Wagoner,Clinton,democrat,420,1000
11/03/1992,OK,Wagoner,Bush,republican,580,1000
11/03/1992,OK,Harper,Clinton,democrat,420,1000
11/03/1992,OK,Harper,Bush,republican,580,1000
11/03/1992,AL,Covington,Clinton,democrat,420,1000
11/03/1992,AL,Covington,Bush,republican,580,1000
11/03/1992,KS,Greeley,Clinton,democrat,420,1000
11/03/1992,KS,Greeley,Bush,republican,580,1000
11/03/1992,MI,Arenac,Clinton,democrat,470,1000
11/03/1992,MI,Arenac,Bush,republican,530,1000
11/03/1992,TX,Jefferson,Clinton,democrat,510,1000
11/03/1992,TX,Jefferson,Bush,republican,490,1000
11/03/1992,WI,Burnett,Clinton,democrat,420,1000
11/03/1992,WI,Burnett,Bush,republican,580,1000
11/03/1992,IN,Floyd,Clinton,democrat,470,1000
11/03/1992,IN,Floyd,Bush,republican,530,1000
11/03/1992,MI,Gogebic,Clinton,democrat,490,1000
11/03/1992,MI,Gogebic,Bush,republican,510,1000
11/03/1992,GA,Union,Clinton,democrat,420,1000
11/03/1992,GA,Union,Bush,republican,580,1000
11/03/1992,NJ,Middlesex,Clinton,democrat,580,1000
11/03/1992,NJ,Middlesex,Bush,republican,420,1000
11/03/1992,AR,Monroe,Clinton,democrat,470,1000
11/03/1992,AR,Monroe,Bush,republican,530,1000
11/03/1992,MN,Pennington,Clinton,democrat,420,1000
11/03/1992,MN,Pennington,Bush,republican,580,1000
11/03/1992,RI,Washington,Clinton,democrat,580,1000
11/03/1992,RI,Washington,Bush,republican,420,1000
11/03/1992,AR,Lonoke,Clinton,democrat,420,1000
11/03/1992,AR,Lonoke,Bush,republican,580,1000
11/03/1992,NE,Dakota,Clinton,democrat,420,1000
11/03/1992,NE,Dakota,Bush,republican,580,1000
11/03/1992,AR,Little_River,Clinton,democrat,420,1000
11/03/1992,AR,Little_River,Bush,republican,580,1000
11/03/1992,AR,Logan,Clinton,democrat,420,1000
11/03/1992,AR,Logan,Bush,republican,580,1000
11/03/1992,VA,Harrisonburg,Clinton,democrat,420,1000
11/03/1992,VA,Harrisonburg,Bush,republican,580,1000
11/03/1992,NC,Mitchell,Clinton,democrat,420,1000
11/03/1992,NC,Mitchell,Bush,republican,580,1000
11/03/1992,VA,York,Clinton,democrat,470,1000
11/03/1992,VA,York,Bush,republican,530,1000
11/03/1992,LA,Rapides,Clinton,democrat,470,1000
11/03/1992,LA,Rapides,Bush,republican,530,1000
11/03/1992,KS,Gove,Clinton,democrat,420,1000
11/03/1992,KS,Gove,Bush,republican,580,1000
11/03/1992,VA,Powhatan,Clinton,democrat,420,1000
11/03/1992,VA,Powhatan,Bush,republican,580,1000
11/03/1992,AR,Sharp,Clinton,democrat,420,1000
11/03/1992,AR,Sharp,Bush,republican,580,1000
11/03/1992,MS,Tate,Clinton,democrat,490,1000
11/03/1992,MS,Tate,Bush,republican,510,1000
11/03/1992,TN,Scott,Clinton,democrat,420,1000
11/03/1992,TN,Scott,Bush,republican,580,1000
11/03/1992,ME,Penobscot,Clinton,democrat,530,1000
11/03/1992,ME,Penobscot,Bush,republican,470,1000
11/03/1992,NC,Montgomery,Clinton,democrat,420,1000
11/03/1992,NC,Montgomery,Bush,republican,580,1000
11/03/1992,NE,Sioux,Clinton,democrat,420,1000
11/03/1992,NE,Sioux,Bush,republican,580,1000
11/03/1992,WA,Columbia,Clinton,democrat,420,1000
11/03/1992,WA,Columbia,Bush,republican,580,1000
11/03/1992,CA,San_Francisco,Clinton,democrat,580,1000
11/03/1992,CA,San_Francisco,Bush,republican,420,1000
11/03/1992,MO,Platte,Clinton,democrat,530,1000
11/03/1992,MO,Platte,Bush,republican,470,1000
11/03/1992,ND,Traill,Clinton,democrat,470,1000
11/03/1992,ND,Traill,Bush,republican,530,1000
11/03/1992,NJ,Atlantic,Clinton,democrat,580,1000
11/03/1992,NJ,Atlantic,Bush,republican,420,1000
11/03/1992,VA,Chesterfield,Clinton,democrat,530,1000
11/03/1992,VA,Chesterfield,Bush,republican,470,1000
11/03/1992,IN,LaGrange,Clinton,democrat,420,1000
11/03/1992,IN,LaGrange,Bush,republican,580,1000
11/03/1992,CO,Garfield,Clinton,democrat,497,1000
11/03/1992,CO,Garfield,Bush,republican,503,1000
11/03/1992,FL,Indian_River,Clinton,democrat,470,1000
11/03/1992,FL,Indian_River,Bush,republican,530,1000
11/03/1992,NC,Rutherford,Clinton,democrat,420,1000
11/03/1992,NC,Rutherford,Bush,republican,580,1000
11/03/1992,OH,Mahoning,Clinton,democrat,580,1000
11/03/1992,OH,Mahoning,Bush,republican,420,1000
11/03/1992,KS,Clark,Clinton,democrat,420,1000
11/03/1992,KS,Clark,Bush,republican,580,1000
11/03/1992,MO,Buchanan,Clinton,democrat,470,1000
11/03/1992,MO,Buchanan,Bush,republican,530,1000
11/03/1992,OH,Lake,Clinton,democrat,503,1000
11/03/1992,OH,Lake,Bush,republican,497,1000
11/03/1992,IN,Daviess,Clinton,democrat,420,1000
11/03/1992,IN,Daviess,Bush,republican,580,1000
11/03/1992,IA,Muscatine,Clinton,democrat,530,1000
11/03/1992,IA,Muscatine,Bush,republican,470,1000
11/03/1992,NJ,Hudson,Clinton,democrat,580,1000
11/03/1992,NJ,Hudson,Bush,republican,420,1000
11/03/1992,CA,Plumas,Clinton,democrat,420,1000
11/03/1992,CA,Plumas,Bush,republican,580,1000
11/03/1992,LA,Winn,Clinton,democrat,420,1000
11/03/1992,LA,Winn,Bush,republican,580,1000
11/03/1992,AR,Pike,Clinton,democrat,420,1000
11/03/1992,AR,Pike,Bush,republican,580,1000
11/03/1992,MO,St_Charles,Clinton,democrat,470,1000
11/03/1992,MO,St_Charles,Bush,republican,530,1000
11/03/1992,IL,Knox,Clinton,democrat,420,1000
11/03/1992,IL,Knox,Bush,republican,580,1000
11/03/1992,CA,San_Mateo,Clinton,democrat,580,1000
11/03/1992,CA,San_Mateo,Bush,republican,420,1000
11/03/1992,AL,Crenshaw,Clinton,democrat,420,1000
11/03/1992,AL,Crenshaw,Bush,republican,580,1000
11/03/1992,NC,Tyrrell,Clinton,democrat,580,1000
11/03/1992,NC,Tyrrell,Bush,republican,420,1000
11/03/1992,KS,Johnson,Clinton,democrat,580,1000
11/03/1992,KS,Johnson,Bush,republican,420,1000
11/03/1992,IN,Steuben,Clinton,democrat,420,1000
11/03/1992,IN,Steuben,Bush,republican,580,1000
11/03/1992,CO,Kit_Carson,Clinton,democrat,420,1000
11/03/1992,CO,Kit_Carson,Bush,republican,580,1000
11/03/1992,FL,Palm_Beach,Clinton,democrat,580,1000
11/03/1992,FL,Palm_Beach,Bush,republican,420,1000
11/03/1992,IL,Marion,Clinton,democrat,420,1000
11/03/1992,IL,Marion,Bush,republican,580,1000
11/03/1992,CO,Moffat,Clinton,democrat,420,1000
11/03/1992,CO,Moffat,Bush,republican,580,1000
11/03/1992,MN,Norman,Clinton,democrat,510,1000
11/03/1992,MN,Norman,Bush,republican,490,1000
11/03/1992,MO,Bollinger,Clinton,democrat,420,1000
11/03/1992,MO,Bollinger,Bush,republican,580,1000
11/03/1992,VA,Appomattox,Clinton,democrat,420,1000
11/03/1992,VA,Appomattox,Bush,republican,580,1000
11/03/1992,WA,Wahkiakum,Clinton,democrat,510,1000
11/03/1992,WA,Wahkiakum,Bush,republican,490,1000
11/03/1992,GA,Richmond,Clinton,democrat,580,1000
11/03/1992,GA,Richmond,Bush,republican,420,1000
11/03/1992,NC,Orange,Clinton,democrat,580,1000
11/03/1992,NC,Orange,Bush,republican,420,1000
11/03/1992,PA,Armstrong,Clinton,democrat,420,1000
11/03/1992,PA,Armstrong,Bush,republican,580,1000
11/03/1992,TX,Henderson,Clinton,democrat,420,1000
11/03/1992,TX,Henderson,Bush,republican,580,1000
11/03/1992,GA,Stewart,Clinton,democrat,580,1000
11/03/1992,GA,Stewart,Bush,republican,420,1000
11/03/1992,KY,Hardin,Clinton,democrat,420,1000
11/03/1992,KY,Hardin,Bush,republican,580,1000
11/03/1992,MN,Morrison,Clinton,democrat,420,1000
11/03/1992,MN,Morrison,Bush,republican,580,1000
11/03/1992,IL,Mason,Clinton,democrat,420,1000
11/03/1992,IL,Mason,Bush,republican,580,1000
11/03/1992,TX,Red_River,Clinton,democrat,420,1000
11/03/1992,TX,Red_River,Bush,republican,580,1000
11/03/1992,FL,Collier,Clinton,democrat,420,1000
11/03/1992,FL,Collier,Bush,republican,580,1000
11/03/1992,TX,Travis,Clinton,democrat,580,1000
11/03/1992,TX,Travis,Bush,republican,420,1000
11/03/1992,CA,Sutter,Clinton,democrat,420,1000
11/03/1992,CA,Sutter,Bush,republican,580,1000
11/03/1992,CA,Lassen,Clinton,democrat,420,1000
11/03/1992,CA,Lassen,Bush,republican,580,1000
11/03/1992,FL,Osceola,Clinton,democrat,580,1000
11/03/1992,FL,Osceola,Bush,republican,420,1000
11/03/1992,ID,Teton,Clinton,democrat,530,1000
11/03/1992,ID,Teton,Bush,republican,470,1000
11/03/1992,CO,Rio_Grande,Clinton,democrat,470,1000
11/03/1992,CO,Rio_Grande,Bush,republican,530,1000
11/03/1992,MI,Delta,Clinton,democrat,420,1000
11/03/1992,MI,Delta,Bush,republican,580,1000
11/03/1992,NY,Queens,Clinton,democrat,580,1000
11/03/1992,NY,Queens,Bush,republican,420,1000
11/03/1992,OR,Curry,Clinton,democrat,470,1000
11/03/1992,OR,Curry,Bush,republican,530,1000
11/03/1992,VA,Essex,Clinton,democrat,470,1000
11/03/1992,VA,Essex,Bush,republican,530,1000
11/03/1992,OK,Tillman,Clinton,democrat,420,1000
11/03/1992,OK,Tillman,Bush,republican,580,1000
11/03/1992,CO,Crowley,Clinton,democrat,420,1000
11/03/1992,CO,Crowley,Bush,republican,580,1000
11/03/1992,CO,Pueblo,Clinton,democrat,470,1000
11/03/1992,CO,Pueblo,Bush,republican,530,1000
11/03/1992,CO,Las_Animas,Clinton,democrat,530,1000
11/03/1992,CO,Las_Animas,Bush,republican,470,1000
11/03/1992,OK,Adair,Clinton,democrat,420,1000
11/03/1992,OK,Adair,Bush,republican,580,1000
11/03/1992,NY,Schoharie,Clinton,democrat,420,1000
11/03/1992,NY,Schoharie,Bush,republican,580,1000
11/03/1992,NY,Broome,Clinton,democrat,530,1000
11/03/1992,NY,Broome,Bush,republican,470,1000
11/03/1992,OH,Scioto,Clinton,democrat,420,1000
11/03/1992,OH,Scioto,Bush,republican,580,1000
11/03/1992,OH,Seneca,Clinton,democrat,420,1000
11/03/1992,OH,Seneca,Bush,republican,580,1000
11/03/1992,TX,Starr,Clinton,democrat,420,1000
11/03/1992,TX,Starr,Bush,republican,580,1000
11/03/1992,GA,Glynn,Clinton,democrat,420,1000
11/03/1992,GA,Glynn,Bush,republican,580,1000
11/03/1992,GA,Hall,Clinton,democrat,420,1000
11/03/1992,GA,Hall,Bush,republican,580,1000
11/03/1992,TX,Brazoria,Clinton,democrat,470,1000
11/03/1992,TX,Brazoria,Bush,republican,530,1000
11/03/1992,PA,Northumberland,Clinton,democrat,420,1000
11/03/1992,PA,Northumberland,Bush,republican,580,1000
11/03/1992,MI,Washtenaw,Clinton,democrat,530,1000
11/03/1992,MI,Washtenaw,Bush,republican,470,1000
11/03/1992,NC,Ashe,Clinton,democrat,420,1000
11/03/1992,NC,Ashe,Bush,republican,580,1000
11/03/1992,VA,Russell,Clinton,democrat,420,1000
11/03/1992,VA,Russell,Bush,republican,580,1000
11/03/1992,NC,Bladen,Clinton,democrat,490,1000
11/03/1992,NC,Bladen,Bush,republican,510,1000
11/03/1992,KY,Johnson,Clinton,democrat,420,1000
11/03/1992,KY,Johnson,Bush,republican,580,1000
11/03/1992,NC,Robeson,Clinton,democrat,470,1000
11/03/1992,NC,Robeson,Bush,republican,530,1000
11/03/1992,TN,Shelby,Clinton,democrat,580,1000
11/03/1992,TN,Shelby,Bush,republican,420,1000
11/03/1992,MI,Iosco,Clinton,democrat,470,1000
11/03/1992,MI,Iosco,Bush,republican,530,1000
11/03/1992,OK,Muskogee,Clinton,democrat,470,1000
11/03/1992,OK,Muskogee,Bush,republican,530,1000
11/03/1992,GA,Crawford,Clinton,democrat,420,1000
11/03/1992,GA,Crawford,Bush,republican,580,1000
11/03/1992,VA,Virginia_Beach,Clinton,democrat,530,1000
11/03/1992,VA,Virginia_Beach,Bush,republican,470,1000
11/03/1992,MI,Oakland,Clinton,democrat,580,1000
11/03/1992,MI,Oakland,Bush,republican,420,1000
11/03/1992,MI,Saginaw,Clinton,democrat,530,1000
11/03/1992,MI,Saginaw,Bush,republican,470,1000
11/03/1992,TN,Greene,Clinton,democrat,420,1000
11/03/1992,TN,Greene,Bush,republican,580,1000
11/03/1992,PA,Carbon,Clinton,democrat,470,1000
11/03/1992,PA,Carbon,Bush,republican,530,1000
11/03/1992,SC,Chesterfield,Clinton,democrat,497,1000
11/03/1992,SC,Chesterfield,Bush,republican,503,1000
11/03/1992,TN,Sullivan,Clinton,democrat,420,1000
11/03/1992,TN,Sullivan,Bush,republican,580,1000
11/03/1992,NM,Roosevelt,Clinton,democrat,420,1000
11/03/1992,NM,Roosevelt,Bush,republican,580,1000
11/03/1992,LA,Ascension,Clinton,democrat,470,1000
11/03/1992,LA,Ascension,Bush,republican,530,1000
11/03/1992,GA,Berrien,Clinton,democrat,420,1000
11/03/1992,GA,Berrien,Bush,republican,580,1000
11/03/1992,NC,Johnston,Clinton,democrat,470,1000
11/03/1992,NC,Johnston,Bush,republican,530,1000
11/03/1992,KY,Lawrence,Clinton,democrat,420,1000
11/03/1992,KY,Lawrence,Bush,republican,580,1000
11/03/1992,PA,Fayette,Clinton,democrat,470,1000
11/03/1992,PA,Fayette,Bush,republican,530,1000
11/03/1992,TN,Lawrence,Clinton,democrat,420,1000
11/03/1992,TN,Lawrence,Bush,republican,580,1000
11/03/1992,UT,Iron,Clinton,democrat,420,1000
11/03/1992,UT,Iron,Bush,republican,580,1000
11/03/1992,VA,Bland,Clinton,democrat,420,1000
11/03/1992,VA,Bland,Bush,republican,580,1000
11/03/1992,IA,Lee,Clinton,democrat,580,1000
11/03/1992,IA,Lee,Bush,republican,420,1000
11/03/1992,MI,Bay,Clinton,democrat,530,1000
11/03/1992,MI,Bay,Bush,republican,470,1000
11/03/1992,NE,Washington,Clinton,democrat,420,1000
11/03/1992,NE,Washington,Bush,republican,580,1000
11/03/1992,NE,Cheyenne,Clinton,democrat,420,1000
11/03/1992,NE,Cheyenne,Bush,republican,580,1000
11/03/1992,SC,Hampton,Clinton,democrat,580,1000
11/03/1992,SC,Hampton,Bush,republican,420,1000
11/03/1992,NC,Rockingham,Clinton,democrat,420,1000
11/03/1992,NC,Rockingham,Bush,republican,580,1000
11/03/1992,OH,Miami,Clinton,democrat,420,1000
11/03/1992,OH,Miami,Bush,republican,580,1000
11/03/1992,OK,Pottawatomie,Clinton,democrat,420,1000
11/03/1992,OK,Pottawatomie,Bush,republican,580,1000
11/03/1992,OR,Polk,Clinton,democrat,497,1000
11/03/1992,OR,Polk,Bush,republican,503,1000
11/03/1992,PA,McKean,Clinton,democrat,420,1000
11/03/1992,PA,McKean,Bush,republican,580,1000
11/03/1992,SC,Dorchester,Clinton,democrat,497,1000
11/03/1992,SC,Dorchester,Bush,republican,503,1000
11/03/1992,VA,Waynesboro,Clinton,democrat,420,1000
11/03/1992,VA,Waynesboro,Bush,republican,580,1000
11/03/1992,WV,Mercer,Clinton,democrat,420,1000
11/03/1992,WV,Mercer,Bush,republican,580,1000
11/03/1992,AR,Jefferson,Clinton,democrat,580,1000
11/03/1992,AR,Jefferson,Bush,republican,420,1000
11/03/1992,CA,Tulare,Clinton,democrat,470,1000
11/03/1992,CA,Tulare,Bush,republican,530,1000
11/03/1992,ID,Bingham,Clinton,democrat,420,1000
11/03/1992,ID,Bingham,Bush,republican,580,1000
11/03/1992,IA,Hardin,Clinton,democrat,470,1000
11/03/1992,IA,Hardin,Bush,republican,530,1000
11/03/1992,VA,Chesapeake,Clinton,democrat,530,1000
11/03/1992,VA,Chesapeake,Bush,republican,470,1000
11/03/1992,IA,Cedar,Clinton,democrat,510,1000
11/03/1992,IA,Cedar,Bush,republican,490,1000
11/03/1992,AR,Chicot,Clinton,democrat,580,1000
11/03/1992,AR,Chicot,Bush,republican,420,1000
11/03/1992,CA,Tehama,Clinton,democrat,420,1000
11/03/1992,CA,Tehama,Bush,republican,580,1000
11/03/1992,MS,Madison,Clinton,democrat,490,1000
11/03/1992,MS,Madison,Bush,republican,510,1000
11/03/1992,UT,Garfield,Clinton,democrat,420,1000
11/03/1992,UT,Garfield,Bush,republican,580,1000
11/03/1992,TX,Johnson,Clinton,democrat,420,1000
11/03/1992,TX,Johnson,Bush,republican,580,1000
11/03/1992,MT,Judith_Basin,Clinton,democrat,470,1000
11/03/1992,MT,Judith_Basin,Bush,republican,530,1000
11/03/1992,WA,Benton,Clinton,democrat,470,1000
11/03/1992,WA,Benton,Bush,republican,530,1000
11/03/1992,WI,Wood,Clinton,democrat,420,1000
11/03/1992,WI,Wood,Bush,republican,580,1000
11/03/1992,NC,Hyde,Clinton,democrat,510,1000
11/03/1992,NC,Hyde,Bush,republican,490,1000
11/03/1992,ND,Emmons,Clinton,democrat,420,1000
11/03/1992,ND,Emmons,Bush,republican,580,1000
11/03/1992,TX,Gaines,Clinton,democrat,420,1000
11/03/1992,TX,Gaines,Bush,republican,580,1000
11/03/1992,TX,Lee,Clinton,democrat,420,1000
11/03/1992,TX,Lee,Bush,republican,580,1000
11/03/1992,KY,Owen,Clinton,democrat,420,1000
11/03/1992,KY,Owen,Bush,republican,580,1000
11/03/1992,KY,Jessamine,Clinton,democrat,420,1000
11/03/1992,KY,Jessamine,Bush,republican,580,1000
11/03/1992,KY,Rowan,Clinton,democrat,420,1000
11/03/1992,KY,Rowan,Bush,republican,580,1000
11/03/1992,MO,Miller,Clinton,democrat,420,1000
11/03/1992,MO,Miller,Bush,republican,580,1000
11/03/1992,NH,Carroll,Clinton,democrat,530,1000
11/03/1992,NH,Carroll,Bush,republican,470,1000
11/03/1992,VA,Roanoke,Clinton,democrat,580,1000
11/03/1992,VA,Roanoke,Bush,republican,420,1000
11/03/1992,NC,Watauga,Clinton,democrat,580,1000
11/03/1992,NC,Watauga,Bush,republican,420,1000
11/03/1992,CA,Kings,Clinton,democrat,470,1000
11/03/1992,CA,Kings,Bush,republican,530,1000
11/03/1992,LA,East_Feliciana,Clinton,democrat,470,1000
11/03/1992,LA,East_Feliciana,Bush,republican,530,1000
11/03/1992,MO,Benton,Clinton,democrat,420,1000
11/03/1992,MO,Benton,Bush,republican,580,1000
11/03/1992,KS,Sumner,Clinton,democrat,420,1000
11/03/1992,KS,Sumner,Bush,republican,580,1000
11/03/1992,KY,Livingston,Clinton,democrat,420,1000
11/03/1992,KY,Livingston,Bush,republican,580,1000
11/03/1992,CA,San_Joaquin,Clinton,democrat,530,1000
11/03/1992,CA,San_Joaquin,Bush,republican,470,1000
11/03/1992,OK,Alfalfa,Clinton,democrat,420,1000
11/03/1992,OK,Alfalfa,Bush,republican,580,1000
11/03/1992,PA,Berks,Clinton,democrat,530,1000
11/03/1992,PA,Berks,Bush,republican,470,1000
11/03/1992,PA,Lebanon,Clinton,democrat,420,1000
11/03/1992,PA,Lebanon,Bush,republican,580,1000
11/03/1992,GA,Calhoun,Clinton,democrat,580,1000
11/03/1992,GA,Calhoun,Bush,republican,420,1000
11/03/1992,AR,Scott,Clinton,democrat,420,1000
11/03/1992,AR,Scott,Bush,republican,580,1000
11/03/1992,CO,Baca,Clinton,democrat,420,1000
11/03/1992,CO,Baca,Bush,republican,580,1000
11/03/1992,FL,Bay,Clinton,democrat,420,1000
11/03/1992,FL,Bay,Bush,republican,580,1000
11/03/1992,GA,Lowndes,Clinton,democrat,470,1000
11/03/1992,GA,Lowndes,Bush,republican,530,1000
11/03/1992,IN,Vermillion,Clinton,democrat,420,1000
11/03/1992,IN,Vermillion,Bush,republican,580,1000
11/03/1992,NY,Sullivan,Clinton,democrat,470,1000
11/03/1992,NY,Sullivan,Bush,republican,530,1000
11/03/1992,OH,Pickaway,Clinton,democrat,420,1000
11/03/1992,OH,Pickaway,Bush,republican,580,1000
11/03/1992,OK,Woodward,Clinton,democrat,420,1000
11/03/1992,OK,Woodward,Bush,republican,580,1000
11/03/1992,NE,Boyd,Clinton,democrat,420,1000
11/03/1992,NE,Boyd,Bush,republican,580,1000
11/03/1992,KY,Cumberland,Clinton,democrat,420,1000
11/03/1992,KY,Cumberland,Bush,republican,580,1000
11/03/1992,MN,Wabasha,Clinton,democrat,470,1000
11/03/1992,MN,Wabasha,Bush,republican,530,1000
11/03/1992,VA,Southampton,Clinton,democrat,420,1000
11/03/1992,VA,Southampton,Bush,republican,580,1000
11/03/1992,NY,Dutchess,Clinton,democrat,530,1000
11/03/1992,NY,Dutchess,Bush,republican,470,1000
11/03/1992,VA,James_City,Clinton,democrat,530,1000
11/03/1992,VA,James_City,Bush,republican,470,1000
11/03/1992,GA,Taylor,Clinton,democrat,470,1000
11/03/1992,GA,Taylor,Bush,republican,530,1000
11/03/1992,TX,Smith,Clinton,democrat,420,1000
11/03/1992,TX,Smith,Bush,republican,580,1000
11/03/1992,TX,Kerr,Clinton,democrat,420,1000
11/03/1992,TX,Kerr,Bush,republican,580,1000
11/03/1992,WV,Lewis,Clinton,democrat,420,1000
11/03/1992,WV,Lewis,Bush,republican,580,1000
11/03/1992,ND,Oliver,Clinton,democrat,420,1000
11/03/1992,ND,Oliver,Bush,republican,580,1000
11/03/1992,TN,Morgan,Clinton,democrat,420,1000
11/03/1992,TN,Morgan,Bush,republican,580,1000
11/03/1992,WY,Big_Horn,Clinton,democrat,420,1000
11/03/1992,WY,Big_Horn,Bush,republican,580,1000
11/03/1992,KY,Mason,Clinton,democrat,420,1000
11/03/1992,KY,Mason,Bush,republican,580,1000
11/03/1992,LA,St_Helena,Clinton,democrat,530,1000
11/03/1992,LA,St_Helena,Bush,republican,470,1000
11/03/1992,MD,Garrett,Clinton,democrat,420,1000
11/03/1992,MD,Garrett,Bush,republican,580,1000
11/03/1992,MI,Mackinac,Clinton,democrat,420,1000
11/03/1992,MI,Mackinac,Bush,republican,580,1000
11/03/1992,TN,Davidson,Clinton,democrat,580,1000
11/03/1992,TN,Davidson,Bush,republican,420,1000
11/03/1992,TX,Grimes,Clinton,democrat,420,1000
11/03/1992,TX,Grimes,Bush,republican,580,1000
11/03/1992,TX,Foard,Clinton,democrat,420,1000
11/03/1992,TX,Foard,Bush,republican,580,1000
11/03/1992,VA,Franklin_Co,Clinton,democrat,420,1000
11/03/1992,VA,Franklin_Co,Bush,republican,580,1000
11/03/1992,VA,Botetourt,Clinton,democrat,420,1000
11/03/1992,VA,Botetourt,Bush,republican,580,1000
11/03/1992,NC,Pasquotank,Clinton,democrat,580,1000
11/03/1992,NC,Pasquotank,Bush,republican,420,1000
11/03/1992,AR,Baxter,Clinton,democrat,420,1000
11/03/1992,AR,Baxter,Bush,republican,580,1000
11/03/1992,NY,Tompkins,Clinton,democrat,580,1000
11/03/1992,NY,Tompkins,Bush,republican,420,1000
11/03/1992,WV,Webster,Clinton,democrat,420,1000
11/03/1992,WV,Webster,Bush,republican,580,1000
11/03/1992,WV,Clay,Clinton,democrat,420,1000
11/03/1992,WV,Clay,Bush,republican,580,1000
11/03/1992,WV,Jackson,Clinton,democrat,420,1000
11/03/1992,WV,Jackson,Bush,republican,580,1000
11/03/1992,AL,Sumter,Clinton,democrat,420,1000
11/03/1992,AL,Sumter,Bush,republican,580,1000
11/03/1992,AZ,Pima,Clinton,democrat,580,1000
11/03/1992,AZ,Pima,Bush,republican,420,1000
11/03/1992,CO,Jackson,Clinton,democrat,420,1000
11/03/1992,CO,Jackson,Bush,republican,580,1000
11/03/1992,IL,Lake,Clinton,democrat,580,1000
11/03/1992,IL,Lake,Bush,republican,420,1000
11/03/1992,MS,Jackson,Clinton,democrat,420,1000
11/03/1992,MS,Jackson,Bush,republican,580,1000
11/03/1992,MT,Daniels,Clinton,democrat,420,1000
11/03/1992,MT,Daniels,Bush,republican,580,1000
11/03/1992,NH,Sullivan,Clinton,democrat,530,1000
11/03/1992,NH,Sullivan,Bush,republican,470,1000
11/03/1992,NJ,Gloucester,Clinton,democrat,530,1000
11/03/1992,NJ,Gloucester,Bush,republican,470,1000
11/03/1992,NC,Bertie,Clinton,democrat,580,1000
11/03/1992,NC,Bertie,Bush,republican,420,1000
11/03/1992,SD,Ziebach,Clinton,democrat,420,1000
11/03/1992,SD,Ziebach,Bush,republican,580,1000
11/03/1992,IA,Ringgold,Clinton,democrat,470,1000
11/03/1992,IA,Ringgold,Bush,republican,530,1000
11/03/1992,AL,Lauderdale,Clinton,democrat,420,1000
11/03/1992,AL,Lauderdale,Bush,republican,580,1000
11/03/1992,AZ,Santa_Cruz,Clinton,democrat,580,1000
11/03/1992,AZ,Santa_Cruz,Bush,republican,420,1000
11/03/1992,MS,Marion,Clinton,democrat,420,1000
11/03/1992,MS,Marion,Bush,republican,580,1000
11/03/1992,AL,Limestone,Clinton,democrat,420,1000
11/03/1992,AL,Limestone,Bush,republican,580,1000
11/03/1992,FL,Calhoun,Clinton,democrat,420,1000
11/03/1992,FL,Calhoun,Bush,republican,580,1000
11/03/1992,FL,Hernando,Clinton,democrat,490,1000
11/03/1992,FL,Hernando,Bush,republican,510,1000
11/03/1992,FL,Washington,Clinton,democrat,420,1000
11/03/1992,FL,Washington,Bush,republican,580,1000
11/03/1992,SD,Edmunds,Clinton,democrat,420,1000
11/03/1992,SD,Edmunds,Bush,republican,580,1000
11/03/1992,SD,Walworth,Clinton,democrat,420,1000
11/03/1992,SD,Walworth,Bush,republican,580,1000
11/03/1992,IL,Henderson,Clinton,democrat,470,1000
11/03/1992,IL,Henderson,Bush,republican,530,1000
11/03/1992,KY,Trimble,Clinton,democrat,420,1000
11/03/1992,KY,Trimble,Bush,republican,580,1000
11/03/1992,LA,St_Tammany,Clinton,democrat,420,1000
11/03/1992,LA,St_Tammany,Bush,republican,580,1000
11/03/1992,MD,Baltimore_City,Clinton,democrat,580,1000
11/03/1992,MD,Baltimore_City,Bush,republican,420,1000
11/03/1992,NC,Beaufort,Clinton,democrat,497,1000
11/03/1992,NC,Beaufort,Bush,republican,503,1000
11/03/1992,OH,Columbiana,Clinton,democrat,420,1000
11/03/1992,OH,Columbiana,Bush,republican,580,1000
11/03/1992,MT,Musselshell,Clinton,democrat,420,1000
11/03/1992,MT,Musselshell,Bush,republican,580,1000
11/03/1992,TX,Cameron,Clinton,democrat,510,1000
11/03/1992,TX,Cameron,Bush,republican,490,1000
11/03/1992,CA,Siskiyou,Clinton,democrat,470,1000
11/03/1992,CA,Siskiyou,Bush,republican,530,1000
11/03/1992,CO,Costilla,Clinton,democrat,580,1000
11/03/1992,CO,Costilla,Bush,republican,420,1000
11/03/1992,DE,Sussex,Clinton,democrat,470,1000
11/03/1992,DE,Sussex,Bush,republican,530,1000
11/03/1992,WA,Lewis,Clinton,democrat,420,1000
11/03/1992,WA,Lewis,Bush,republican,580,1000
11/03/1992,NJ,Sussex,Clinton,democrat,470,1000
11/03/1992,NJ,Sussex,Bush,republican,530,1000
11/03/1992,MA,Dukes,Clinton,democrat,580,1000
11/03/1992,MA,Dukes,Bush,republican,420,1000
11/03/1992,MN,Pine,Clinton,democrat,470,1000
11/03/1992,MN,Pine,Bush,republican,530,1000
11/03/1992,MS,Scott,Clinton,democrat,420,1000
11/03/1992,MS,Scott,Bush,republican,580,1000
11/03/1992,MT,Hill,Clinton,democrat,420,1000
11/03/1992,MT,Hill,Bush,republican,580,1000
11/03/1992,NY,Franklin,Clinton,democrat,510,1000
11/03/1992,NY,Franklin,Bush,republican,490,1000
11/03/1992,NJ,Essex,Clinton,democrat,580,1000
11/03/1992,NJ,Essex,Bush,republican,420,1000
11/03/1992,WA,Mason,Clinton,democrat,530,1000
11/03/1992,WA,Mason,Bush,republican,470,1000
11/03/1992,AR,Cleveland,Clinton,democrat,420,1000
11/03/1992,AR,Cleveland,Bush,republican,580,1000
11/03/1992,IN,Shelby,Clinton,democrat,420,1000
11/03/1992,IN,Shelby,Bush,republican,580,1000
11/03/1992,IN,Decatur,Clinton,democrat,420,1000
11/03/1992,IN,Decatur,Bush,republican,580,1000
11/03/1992,KY,Breathitt,Clinton,democrat,420,1000
11/03/1992,KY,Breathitt,Bush,republican,580,1000
11/03/1992,LA,St_James,Clinton,democrat,530,1000
11/03/1992,LA,St_James,Bush,republican,470,1000
11/03/1992,MO,Shelby,Clinton,democrat,420,1000
11/03/1992,MO,Shelby,Bush,republican,580,1000
11/03/1992,IN,Vigo,Clinton,democrat,510,1000
11/03/1992,IN,Vigo,Bush,republican,490,1000
11/03/1992,IA,Jackson,Clinton,democrat,530,1000
11/03/1992,IA,Jackson,Bush,republican,470,1000
11/03/1992,KS,Montgomery,Clinton,democrat,420,1000
11/03/1992,KS,Montgomery,Bush,republican,580,1000
11/03/1992,KY,Martin,Clinton,democrat,420,1000
11/03/1992,KY,Martin,Bush,republican,580,1000
11/03/1992,MI,Benzie,Clinton,democrat,510,1000
11/03/1992,MI,Benzie,Bush,republican,490,1000
11/03/1992,MS,Lafayette,Clinton,democrat,497,1000
11/03/1992,MS,Lafayette,Bush,republican,503,1000
11/03/1992,NY,Steuben,Clinton,democrat,420,1000
11/03/1992,NY,Steuben,Bush,republican,580,1000
11/03/1992,CO,Larimer,Clinton,democrat,530,1000
11/03/1992,CO,Larimer,Bush,republican,470,1000
11/03/1992,MI,Manistee,Clinton,democrat,470,1000
11/03/1992,MI,Manistee,Bush,republican,530,1000
11/03/1992,NC,Surry,Clinton,democrat,420,1000
11/03/1992,NC,Surry,Bush,republican,580,1000
11/03/1992,WA,Pend_Oreille,Clinton,democrat,420,1000
11/03/1992,WA,Pend_Oreille,Bush,republican,580,1000
11/03/1992,KY,Clark,Clinton,democrat,420,1000
11/03/1992,KY,Clark,Bush,republican,580,1000
11/03/1992,NY,Fulton,Clinton,democrat,420,1000
11/03/1992,NY,Fulton,Bush,republican,580,1000
11/03/1992,OH,Wayne,Clinton,democrat,420,1000
11/03/1992,OH,Wayne,Bush,republican,580,1000
11/03/1992,SC,York,Clinton,democrat,490,1000
11/03/1992,SC,York,Bush,republican,510,1000
11/03/1992,MO,Schuyler,Clinton,democrat,420,1000
11/03/1992,MO,Schuyler,Bush,republican,580,1000
11/03/1992,MT,Stillwater,Clinton,democrat,420,1000
11/03/1992,MT,Stillwater,Bush,republican,580,1000
11/03/1992,VA,Rockingham,Clinton,democrat,420,1000
11/03/1992,VA,Rockingham,Bush,republican,580,1000
11/03/1992,GA,Meriwether,Clinton,democrat,470,1000
11/03/1992,GA,Meriwether,Bush,republican,530,1000
11/03/1992,ND,McKenzie,Clinton,democrat,420,1000
11/03/1992,ND,McKenzie,Bush,republican,580,1000
11/03/1992,ND,Morton,Clinton,democrat,420,1000
11/03/1992,ND,Morton,Bush,republican,580,1000
11/03/1992,OR,Yamhill,Clinton,democrat,490,1000
11/03/1992,OR,Yamhill,Bush,republican,510,1000
11/03/1992,SC,Marlboro,Clinton,democrat,530,1000
11/03/1992,SC,Marlboro,Bush,republican,470,1000
11/03/1992,NC,Clay,Clinton,democrat,420,1000
11/03/1992,NC,Clay,Bush,republican,580,1000
11/03/1992,MT,Chouteau,Clinton,democrat,420,1000
11/03/1992,MT,Chouteau,Bush,republican,580,1000
11/03/1992,SC,Greenville,Clinton,democrat,490,1000
11/03/1992,SC,Greenville,Bush,republican,510,1000
11/03/1992,AL,Pickens,Clinton,democrat,420,1000
11/03/1992,AL,Pickens,Bush,republican,580,1000
11/03/1992,MO,Iron,Clinton,democrat,420,1000
11/03/1992,MO,Iron,Bush,republican,580,1000
11/03/1992,UT,Daggett,Clinton,democrat,420,1000
11/03/1992,UT,Daggett,Bush,republican,580,1000
11/03/1992,FL,Broward,Clinton,democrat,580,1000
11/03/1992,FL,Broward,Bush,republican,420,1000
11/03/1992,MS,Hinds,Clinton,democrat,580,1000
11/03/1992,MS,Hinds,Bush,republican,420,1000
11/03/1992,NC,Onslow,Clinton,democrat,420,1000
11/03/1992,NC,Onslow,Bush,republican,580,1000
11/03/1992,AL,Clarke,Clinton,democrat,420,1000
11/03/1992,AL,Clarke,Bush,republican,580,1000
11/03/1992,AR,Madison,Clinton,democrat,420,1000
11/03/1992,AR,Madison,Bush,republican,580,1000
11/03/1992,FL,Liberty,Clinton,democrat,420,1000
11/03/1992,FL,Liberty,Bush,republican,580,1000
11/03/1992,IN,Monroe,Clinton,democrat,580,1000
11/03/1992,IN,Monroe,Bush,republican,420,1000
11/03/1992,IN,Dubois,Clinton,democrat,420,1000
11/03/1992,IN,Dubois,Bush,republican,580,1000
11/03/1992,IA,Buena_Vista,Clinton,democrat,470,1000
11/03/1992,IA,Buena_Vista,Bush,republican,530,1000
11/03/1992,KS,Gray,Clinton,democrat,420,1000
11/03/1992,KS,Gray,Bush,republican,580,1000
11/03/1992,KY,Grant,Clinton,democrat,420,1000
11/03/1992,KY,Grant,Bush,republican,580,1000
11/03/1992,TN,Putnam,Clinton,democrat,420,1000
11/03/1992,TN,Putnam,Bush,republican,580,1000
11/03/1992,TN,Benton,Clinton,democrat,420,1000
11/03/1992,TN,Benton,Bush,republican,580,1000
11/03/1992,UT,Duchesne,Clinton,democrat,420,1000
11/03/1992,UT,Duchesne,Bush,republican,580,1000
11/03/1992,VA,Isle_of_Wight,Clinton,democrat,470,1000
11/03/1992,VA,Isle_of_Wight,Bush,republican,530,1000
11/03/1992,WY,Hot_Springs,Clinton,democrat,420,1000
11/03/1992,WY,Hot_Springs,Bush,republican,580,1000
11/03/1992,SD,Perkins,Clinton,democrat,420,1000
11/03/1992,SD,Perkins,Bush,republican,580,1000
11/03/1992,UT,Beaver,Clinton,democrat,420,1000
11/03/1992,UT,Beaver,Bush,republican,580,1000
11/03/1992,VA,Buchanan,Clinton,democrat,420,1000
11/03/1992,VA,Buchanan,Bush,republican,580,1000
11/03/1992,WV,Mingo,Clinton,democrat,420,1000
11/03/1992,WV,Mingo,Bush,republican,580,1000
11/03/1992,AL,Talladega,Clinton,democrat,420,1000
11/03/1992,AL,Talladega,Bush,republican,580,1000
11/03/1992,KY,Bourbon,Clinton,democrat,420,1000
11/03/1992,KY,Bourbon,Bush,republican,580,1000
11/03/1992,PA,Monroe,Clinton,democrat,530,1000
11/03/1992,PA,Monroe,Bush,republican,470,1000
11/03/1992,WA,Ferry,Clinton,democrat,470,1000
11/03/1992,WA,Ferry,Bush,republican,530,1000
11/03/1992,ID,Twin_Falls,Clinton,democrat,420,1000
11/03/1992,ID,Twin_Falls,Bush,republican,580,1000
11/03/1992,MD,Charles,Clinton,democrat,580,1000
11/03/1992,MD,Charles,Bush,republican,420,1000
11/03/1992,VA,Loudoun,Clinton,democrat,580,1000
11/03/1992,VA,Loudoun,Bush,republican,420,1000
11/03/1992,IL,Winnebago,Clinton,democrat,530,1000
11/03/1992,IL,Winnebago,Bush,republican,470,1000
11/03/1992,CO,Conejos,Clinton,democrat,490,1000
11/03/1992,CO,Conejos,Bush,republican,510,1000
11/03/1992,AL,Geneva,Clinton,democrat,420,1000
11/03/1992,AL,Geneva,Bush,republican,580,1000
11/03/1992,CA,Alameda,Clinton,democrat,580,1000
11/03/1992,CA,Alameda,Bush,republican,420,1000
11/03/1992,FL,Franklin,Clinton,democrat,420,1000
11/03/1992,FL,Franklin,Bush,republican,580,1000
11/03/1992,WV,Morgan,Clinton,democrat,420,1000
11/03/1992,WV,Morgan,Bush,republican,580,1000
11/03/1992,WV,Randolph,Clinton,democrat,420,1000
11/03/1992,WV,Randolph,Bush,republican,580,1000
11/03/1992,MS,Yazoo,Clinton,democrat,470,1000
11/03/1992,MS,Yazoo,Bush,republican,530,1000
11/03/1992,MT,McCone,Clinton,democrat,420,1000
11/03/1992,MT,McCone,Bush,republican,580,1000
11/03/1992,GA,Atkinson,Clinton,democrat,420,1000
11/03/1992,GA,Atkinson,Bush,republican,580,1000
11/03/1992,GA,Chatham,Clinton,democrat,580,1000
11/03/1992,GA,Chatham,Bush,republican,420,1000
11/03/1992,KY,Carlisle,Clinton,democrat,420,1000
11/03/1992,KY,Carlisle,Bush,republican,580,1000
11/03/1992,MO,Cass,Clinton,democrat,420,1000
11/03/1992,MO,Cass,Bush,republican,580,1000
11/03/1992,GA,Habersham,Clinton,democrat,420,1000
11/03/1992,GA,Habersham,Bush,republican,580,1000
11/03/1992,KY,Magoffin,Clinton,democrat,420,1000
11/03/1992,KY,Magoffin,Bush,republican,580,1000
11/03/1992,KY,Harlan,Clinton,democrat,420,1000
11/03/1992,KY,Harlan,Bush,republican,580,1000
11/03/1992,NC,Randolph,Clinton,democrat,420,1000
11/03/1992,NC,Randolph,Bush,republican,580,1000
11/03/1992,IL,Will,Clinton,democrat,580,1000
11/03/1992,IL,Will,Bush,republican,420,1000
11/03/1992,IN,Knox,Clinton,democrat,420,1000
11/03/1992,IN,Knox,Bush,republican,580,1000
11/03/1992,KY,Allen,Clinton,democrat,420,1000
11/03/1992,KY,Allen,Bush,republican,580,1000
11/03/1992,LA,Madison,Clinton,democrat,580,1000
11/03/1992,LA,Madison,Bush,republican,420,1000
11/03/1992,MN,Fillmore,Clinton,democrat,490,1000
11/03/1992,MN,Fillmore,Bush,republican,510,1000
11/03/1992,WA,Spokane,Clinton,democrat,530,1000
11/03/1992,WA,Spokane,Bush,republican,470,1000
11/03/1992,UT,Morgan,Clinton,democrat,420,1000
11/03/1992,UT,Morgan,Bush,republican,580,1000
11/03/1992,WI,Manitowoc,Clinton,democrat,420,1000
11/03/1992,WI,Manitowoc,Bush,republican,580,1000
11/03/1992,AL,Marion,Clinton,democrat,420,1000
11/03/1992,AL,Marion,Bush,republican,580,1000
11/03/1992,MI,Montcalm,Clinton,democrat,420,1000
11/03/1992,MI,Montcalm,Bush,republican,580,1000
11/03/1992,KY,Nicholas,Clinton,democrat,420,1000
11/03/1992,KY,Nicholas,Bush,republican,580,1000
11/03/1992,KY,Powell,Clinton,democrat,420,1000
11/03/1992,KY,Powell,Bush,republican,580,1000
11/03/1992,NC,Richmond,Clinton,democrat,470,1000
11/03/1992,NC,Richmond,Bush,republican,530,1000
11/03/1992,KY,Union,Clinton,democrat,420,1000
11/03/1992,KY,Union,Bush,republican,580,1000
11/03/1992,IL,Fayette,Clinton,democrat,420,1000
11/03/1992,IL,Fayette,Bush,republican,580,1000
11/03/1992,KY,Webster,Clinton,democrat,420,1000
11/03/1992,KY,Webster,Bush,republican,580,1000
11/03/1992,ID,Blaine,Clinton,democrat,580,1000
11/03/1992,ID,Blaine,Bush,republican,420,1000
11/03/1992,IL,Henry,Clinton,democrat,470,1000
11/03/1992,IL,Henry,Bush,republican,530,1000
11/03/1992,TN,Trousdale,Clinton,democrat,420,1000
11/03/1992,TN,Trousdale,Bush,republican,580,1000
11/03/1992,WI,Calumet,Clinton,democrat,420,1000
11/03/1992,WI,Calumet,Bush,republican,580,1000
11/03/1992,NM,Otero,Clinton,democrat,420,1000
11/03/1992,NM,Otero,Bush,republican,580,1000
11/03/1992,IN,LaPorte,Clinton,democrat,510,1000
11/03/1992,IN,LaPorte,Bush,republican,490,1000
11/03/1992,MA,Middlesex,Clinton,democrat,580,1000
11/03/1992,MA,Middlesex,Bush,republican,420,1000
11/03/1992,MS,Tunica,Clinton,democrat,580,1000
11/03/1992,MS,Tunica,Bush,republican,420,1000
11/03/1992,MT,Toole,Clinton,democrat,470,1000
11/03/1992,MT,Toole,Bush,republican,530,1000
11/03/1992,WA,Island,Clinton,democrat,580,1000
11/03/1992,WA,Island,Bush,republican,420,1000
11/03/1992,WV,Jefferson,Clinton,democrat,470,1000
11/03/1992,WV,Jefferson,Bush,republican,530,1000
11/03/1992,KY,Wolfe,Clinton,democrat,420,1000
11/03/1992,KY,Wolfe,Bush,republican,580,1000
11/03/1992,MA,Barnstable,Clinton,democrat,580,1000
11/03/1992,MA,Barnstable,Bush,republican,420,1000
11/03/1992,TN,Blount,Clinton,democrat,420,1000
11/03/1992,TN,Blount,Bush,republican,580,1000
11/03/1992,ND,Sioux,Clinton,democrat,580,1000
11/03/1992,ND,Sioux,Bush,republican,420,1000
11/03/1992,IA,Woodbury,Clinton,democrat,470,1000
11/03/1992,IA,Woodbury,Bush,republican,530,1000
11/03/1992,IL,Clinton,Clinton,democrat,420,1000
11/03/1992,IL,Clinton,Bush,republican,580,1000
11/03/1992,NV,Washoe,Clinton,democrat,510,1000
11/03/1992,NV,Washoe,Bush,republican,490,1000
11/03/1992,NH,Merrimack,Clinton,democrat,580,1000
11/03/1992,NH,Merrimack,Bush,republican,420,1000
11/03/1992,OK,McCurtain,Clinton,democrat,420,1000
11/03/1992,OK,McCurtain,Bush,republican,580,1000
11/03/1992,VT,Orange,Clinton,democrat,580,1000
11/03/1992,VT,Orange,Bush,republican,420,1000
11/03/1992,NV,Carson_City,Clinton,democrat,470,1000
11/03/1992,NV,Carson_City,Bush,republican,530,1000
11/03/1992,NY,Cattaraugus,Clinton,democrat,420,1000
11/03/1992,NY,Cattaraugus,Bush,republican,580,1000
11/03/1992,HI,Kauai,Clinton,democrat,530,1000
11/03/1992,HI,Kauai,Bush,republican,470,1000
11/03/1992,MA,Plymouth,Clinton,democrat,530,1000
11/03/1992,MA,Plymouth,Bush,republican,470,1000
11/03/1992,SC,Jasper,Clinton,democrat,530,1000
11/03/1992,SC,Jasper,Bush,republican,470,1000
11/03/1992,MA,Norfolk,Clinton,democrat,580,1000
11/03/1992,MA,Norfolk,Bush,republican,420,1000
11/03/1992,KY,Larue,Clinton,democrat,420,1000
11/03/1992,KY,Larue,Bush,republican,580,1000
11/03/1992,NE,Cherry,Clinton,democrat,420,1000
11/03/1992,NE,Cherry,Bush,republican,580,1000
11/03/1992,GA,Rockdale,Clinton,democrat,580,1000
11/03/1992,GA,Rockdale,Bush,republican,420,1000
11/03/1992,VA,Patrick,Clinton,democrat,420,1000
11/03/1992,VA,Patrick,Bush,republican,580,1000
11/03/1992,NC,McDowell,Clinton,democrat,420,1000
11/03/1992,NC,McDowell,Bush,republican,580,1000
11/03/1992,ND,Barnes,Clinton,democrat,470,1000
11/03/1992,ND,Barnes,Bush,republican,530,1000
11/03/1992,MI,Marquette,Clinton,democrat,530,1000
11/03/1992,MI,Marquette,Bush,republican,470,1000
11/03/1992,AR,Faulkner,Clinton,democrat,420,1000
11/03/1992,AR,Faulkner,Bush,republican,580,1000
11/03/1992,VA,Stafford,Clinton,democrat,510,1000
11/03/1992,VA,Stafford,Bush,republican,490,1000
11/03/1992,AR,Grant,Clinton,democrat,420,1000
11/03/1992,AR,Grant,Bush,republican,580,1000
11/03/1992,KY,Hopkins,Clinton,democrat,420,1000
11/03/1992,KY,Hopkins,Bush,republican,580,1000
11/03/1992,NC,Duplin,Clinton,democrat,420,1000
11/03/1992,NC,Duplin,Bush,republican,580,1000
11/03/1992,NC,Nash,Clinton,democrat,580,1000
11/03/1992,NC,Nash,Bush,republican,420,1000
11/03/1992,OH,Williams,Clinton,democrat,420,1000
11/03/1992,OH,Williams,Bush,republican,580,1000
11/03/1992,MN,Koochiching,Clinton,democrat,470,1000
11/03/1992,MN,Koochiching,Bush,republican,530,1000
11/03/1992,ND,Sargent,Clinton,democrat,420,1000
11/03/1992,ND,Sargent,Bush,republican,580,1000
11/03/1992,PA,Bucks,Clinton,democrat,530,1000
11/03/1992,PA,Bucks,Bush,republican,470,1000
11/03/1992,SC,Calhoun,Clinton,democrat,510,1000
11/03/1992,SC,Calhoun,Bush,republican,490,1000
11/03/1992,SD,Bon_Homme,Clinton,democrat,420,1000
11/03/1992,SD,Bon_Homme,Bush,republican,580,1000
11/03/1992,IN,Owen,Clinton,democrat,420,1000
11/03/1992,IN,Owen,Bush,republican,580,1000
11/03/1992,IN,Starke,Clinton,democrat,470,1000
11/03/1992,IN,Starke,Bush,republican,530,1000
11/03/1992,IN,Union,Clinton,democrat,420,1000
11/03/1992,IN,Union,Bush,republican,580,1000
11/03/1992,PA,Lawrence,Clinton,democrat,420,1000
11/03/1992,PA,Lawrence,Bush,republican,580,1000
11/03/1992,NV,Eureka,Clinton,democrat,420,1000
11/03/1992,NV,Eureka,Bush,republican,580,1000
11/03/1992,NH,Belknap,Clinton,democrat,510,1000
11/03/1992,NH,Belknap,Bush,republican,490,1000
11/03/1992,AL,Russell,Clinton,democrat,470,1000
11/03/1992,AL,Russell,Bush,republican,530,1000
11/03/1992,FL,Manatee,Clinton,democrat,470,1000
11/03/1992,FL,Manatee,Bush,republican,530,1000
11/03/1992,NC,Columbus,Clinton,democrat,420,1000
11/03/1992,NC,Columbus,Bush,republican,580,1000
11/03/1992,TX,Navarro,Clinton,democrat,420,1000
11/03/1992,TX,Navarro,Bush,republican,580,1000
11/03/1992,VA,Amherst,Clinton,democrat,420,1000
11/03/1992,VA,Amherst,Bush,republican,580,1000
11/03/1992,TX,Reeves,Clinton,democrat,420,1000
11/03/1992,TX,Reeves,Bush,republican,580,1000
11/03/1992,ID,Clark,Clinton,democrat,420,1000
11/03/1992,ID,Clark,Bush,republican,580,1000
11/03/1992,MS,Warren,Clinton,democrat,510,1000
11/03/1992,MS,Warren,Bush,republican,490,1000
11/03/1992,MO,Mississippi,Clinton,democrat,420,1000
11/03/1992,MO,Mississippi,Bush,republican,580,1000
11/03/1992,MI,Osceola,Clinton,democrat,420,1000
11/03/1992,MI,Osceola,Bush,republican,580,1000
11/03/1992,MS,Grenada,Clinton,democrat,490,1000
11/03/1992,MS,Grenada,Bush,republican,510,1000
11/03/1992,TX,Guadalupe,Clinton,democrat,420,1000
11/03/1992,TX,Guadalupe,Bush,republican,580,1000
11/03/1992,FL,Union,Clinton,democrat,420,1000
11/03/1992,FL,Union,Bush,republican,580,1000
11/03/1992,MT,Wibaux,Clinton,democrat,420,1000
11/03/1992,MT,Wibaux,Bush,republican,580,1000
11/03/1992,MI,Baraga,Clinton,democrat,470,1000
11/03/1992,MI,Baraga,Bush,republican,530,1000
11/03/1992,OR,Hood_River,Clinton,democrat,580,1000
11/03/1992,OR,Hood_River,Bush,republican,420,1000
11/03/1992,IN,Allen,Clinton,democrat,470,1000
11/03/1992,IN,Allen,Bush,republican,530,1000
11/03/1992,SD,Hand,Clinton,democrat,420,1000
11/03/1992,SD,Hand,Bush,republican,580,1000
11/03/1992,IN,St_Joseph,Clinton,democrat,530,1000
11/03/1992,IN,St_Joseph,Bush,republican,470,1000
11/03/1992,VA,Hopewell,Clinton,democrat,580,1000
11/03/1992,VA,Hopewell,Bush,republican,420,1000
11/03/1992,ND,Dunn,Clinton,democrat,420,1000
11/03/1992,ND,Dunn,Bush,republican,580,1000
11/03/1992,ND,Slope,Clinton,democrat,420,1000
11/03/1992,ND,Slope,Bush,republican,580,1000
11/03/1992,NC,Scotland,Clinton,democrat,510,1000
11/03/1992,NC,Scotland,Bush,republican,490,1000
11/03/1992,TN,Dyer,Clinton,democrat,420,1000
11/03/1992,TN,Dyer,Bush,republican,580,1000
11/03/1992,KY,Calloway,Clinton,democrat,420,1000
11/03/1992,KY,Calloway,Bush,republican,580,1000
11/03/1992,TX,Bandera,Clinton,democrat,420,1000
11/03/1992,TX,Bandera,Bush,republican,580,1000
11/03/1992,RI,Bristol,Clinton,democrat,580,1000
11/03/1992,RI,Bristol,Bush,republican,420,1000
11/03/1992,WY,Sublette,Clinton,democrat,420,1000
11/03/1992,WY,Sublette,Bush,republican,580,1000
11/03/1992,NC,Macon,Clinton,democrat,420,1000
11/03/1992,NC,Macon,Bush,republican,580,1000
11/03/1992,WI,Ashland,Clinton,democrat,580,1000
11/03/1992,WI,Ashland,Bush,republican,420,1000
11/03/1992,TX,Hidalgo,Clinton,democrat,530,1000
11/03/1992,TX,Hidalgo,Bush,republican,470,1000
11/03/1992,WI,La_Crosse,Clinton,democrat,580,1000
11/03/1992,WI,La_Crosse,Bush,republican,420,1000
11/03/1992,AL,Mobile,Clinton,democrat,470,1000
11/03/1992,AL,Mobile,Bush,republican,530,1000
11/03/1992,AL,Madison,Clinton,democrat,470,1000
11/03/1992,AL,Madison,Bush,republican,530,1000
11/03/1992,NC,Polk,Clinton,democrat,420,1000
11/03/1992,NC,Polk,Bush,republican,580,1000
11/03/1992,LA,Iberia,Clinton,democrat,420,1000
11/03/1992,LA,Iberia,Bush,republican,580,1000
11/03/1992,SC,McCormick,Clinton,democrat,510,1000
11/03/1992,SC,McCormick,Bush,republican,490,1000
11/03/1992,MN,Mower,Clinton,democrat,530,1000
11/03/1992,MN,Mower,Bush,republican,470,1000
11/03/1992,MT,Madison,Clinton,democrat,420,1000
11/03/1992,MT,Madison,Bush,republican,580,1000
11/03/1992,GA,Forsyth,Clinton,democrat,420,1000
11/03/1992,GA,Forsyth,Bush,republican,580,1000
11/03/1992,OH,Allen,Clinton,democrat,420,1000
11/03/1992,OH,Allen,Bush,republican,580,1000
11/03/1992,NY,St_Lawrence,Clinton,democrat,470,1000
11/03/1992,NY,St_Lawrence,Bush,republican,530,1000
11/03/1992,WV,Doddridge,Clinton,democrat,420,1000
11/03/1992,WV,Doddridge,Bush,republican,580,1000
11/03/1992,MO,Cedar,Clinton,democrat,420,1000
11/03/1992,MO,Cedar,Bush,republican,580,1000
11/03/1992,SC,Bamberg,Clinton,democrat,580,1000
11/03/1992,SC,Bamberg,Bush,republican,420,1000
11/03/1992,ND,Dickey,Clinton,democrat,420,1000
11/03/1992,ND,Dickey,Bush,republican,580,1000
11/03/1992,AZ,Yavapai,Clinton,democrat,420,1000
11/03/1992,AZ,Yavapai,Bush,republican,580,1000
11/03/1992,NY,Rockland,Clinton,democrat,530,1000
11/03/1992,NY,Rockland,Bush,republican,470,1000
11/03/1992,MO,Ray,Clinton,democrat,470,1000
11/03/1992,MO,Ray,Bush,republican,530,1000
11/03/1992,MS,Forrest,Clinton,democrat,420,1000
11/03/1992,MS,Forrest,Bush,republican,580,1000
11/03/1992,AL,Marengo,Clinton,democrat,420,1000
11/03/1992,AL,Marengo,Bush,republican,580,1000
11/03/1992,TX,Rockwall,Clinton,democrat,420,1000
11/03/1992,TX,Rockwall,Bush,republican,580,1000
11/03/1992,AR,Phillips,Clinton,democrat,580,1000
11/03/1992,AR,Phillips,Bush,republican,420,1000
11/03/1992,NC,Alexander,Clinton,democrat,420,1000
11/03/1992,NC,Alexander,Bush,republican,580,1000
11/03/1992,WI,Marathon,Clinton,democrat,420,1000
11/03/1992,WI,Marathon,Bush,republican,580,1000
11/03/1992,OH,Greene,Clinton,democrat,490,1000
11/03/1992,OH,Greene,Bush,republican,510,1000
11/03/1992,VA,Washington,Clinton,democrat,420,1000
11/03/1992,VA,Washington,Bush,republican,580,1000
11/03/1992,VA,Wythe,Clinton,democrat,420,1000
11/03/1992,VA,Wythe,Bush,republican,580,1000
11/03/1992,NC,Lincoln,Clinton,democrat,420,1000
11/03/1992,NC,Lincoln,Bush,republican,580,1000
11/03/1992,OH,Madison,Clinton,democrat,420,1000
11/03/1992,OH,Madison,Bush,republican,580,1000
11/03/1992,LA,Avoyelles,Clinton,democrat,420,1000
11/03/1992,LA,Avoyelles,Bush,republican,580,1000
11/03/1992,FL,Jackson,Clinton,democrat,420,1000
11/03/1992,FL,Jackson,Bush,republican,580,1000
11/03/1992,WA,Kittitas,Clinton,democrat,490,1000
11/03/1992,WA,Kittitas,Bush,republican,510,1000
11/03/1992,IL,Whiteside,Clinton,democrat,490,1000
11/03/1992,IL,Whiteside,Bush,republican,510,1000
11/03/1992,NC,Perquimans,Clinton,democrat,580,1000
11/03/1992,NC,Perquimans,Bush,republican,420,1000
11/03/1992,GA,Webster,Clinton,democrat,470,1000
11/03/1992,GA,Webster,Bush,republican,530,1000
11/03/1992,FL,Nassau,Clinton,democrat,420,1000
11/03/1992,FL,Nassau,Bush,republican,580,1000
11/03/1992,TX,Dallas,Clinton,democrat,580,1000
11/03/1992,TX,Dallas,Bush,republican,420,1000
11/03/1992,CA,Ventura,Clinton,democrat,580,1000
11/03/1992,CA,Ventura,Bush,republican,420,1000
11/03/1992,KY,McCreary,Clinton,democrat,420,1000
11/03/1992,KY,McCreary,Bush,republican,580,1000
11/03/1992,MN,Becker,Clinton,democrat,420,1000
11/03/1992,MN,Becker,Bush,republican,580,1000
11/03/1992,AR,Union,Clinton,democrat,420,1000
11/03/1992,AR,Union,Bush,republican,580,1000
11/03/1992,KS,Osage,Clinton,democrat,420,1000
11/03/1992,KS,Osage,Bush,republican,580,1000
11/03/1992,TX,Orange,Clinton,democrat,420,1000
11/03/1992,TX,Orange,Bush,republican,580,1000
11/03/1992,GA,Clay,Clinton,democrat,530,1000
11/03/1992,GA,Clay,Bush,republican,470,1000
11/03/1992,OH,Summit,Clinton,democrat,580,1000
11/03/1992,OH,Summit,Bush,republican,420,1000
11/03/1992,GA,Liberty,Clinton,democrat,580,1000
11/03/1992,GA,Liberty,Bush,republican,420,1000
11/03/1992,GA,Seminole,Clinton,democrat,420,1000
11/03/1992,GA,Seminole,Bush,republican,580,1000
11/03/1992,GA,Cherokee,Clinton,democrat,420,1000
11/03/1992,GA,Cherokee,Bush,republican,580,1000
11/03/1992,MO,Montgomery,Clinton,democrat,420,1000
11/03/1992,MO,Montgomery,Bush,republican,580,1000
11/03/1992,TN,Giles,Clinton,democrat,420,1000
11/03/1992,TN,Giles,Bush,republican,580,1000
11/03/1992,IN,Spencer,Clinton,democrat,420,1000
11/03/1992,IN,Spencer,Bush,republican,580,1000
11/03/1992,WV,Boone,Clinton,democrat,420,1000
11/03/1992,WV,Boone,Bush,republican,580,1000
11/03/1992,OR,Clatsop,Clinton,democrat,580,1000
11/03/1992,OR,Clatsop,Bush,republican,420,1000
11/03/1992,CA,Lake,Clinton,democrat,530,1000
11/03/1992,CA,Lake,Bush,republican,470,1000
11/03/1992,GA,Chattooga,Clinton,democrat,420,1000
11/03/1992,GA,Chattooga,Bush,republican,580,1000
11/03/1992,MO,Scott,Clinton,democrat,420,1000
11/03/1992,MO,Scott,Bush,republican,580,1000
11/03/1992,WA,San_Juan,Clinton,democrat,580,1000
11/03/1992,WA,San_Juan,Bush,republican,420,1000
11/03/1992,OR,Jefferson,Clinton,democrat,470,1000
11/03/1992,OR,Jefferson,Bush,republican,530,1000
11/03/1992,UT,Utah,Clinton,democrat,420,1000
11/03/1992,UT,Utah,Bush,republican,580,1000
11/03/1992,MO,Ozark,Clinton,democrat,420,1000
11/03/1992,MO,Ozark,Bush,republican,580,1000
11/03/1992,LA,Richland,Clinton,democrat,420,1000
11/03/1992,LA,Richland,Bush,republican,580,1000
11/03/1992,NY,Essex,Clinton,democrat,530,1000
11/03/1992,NY,Essex,Bush,republican,470,1000
11/03/1992,TX,Madison,Clinton,democrat,420,1000
11/03/1992,TX,Madison,Bush,republican,580,1000
11/03/1992,IL,Grundy,Clinton,democrat,470,1000
11/03/1992,IL,Grundy,Bush,republican,530,1000
11/03/1992,NY,Ulster,Clinton,democrat,580,1000
11/03/1992,NY,Ulster,Bush,republican,420,1000
11/03/1992,NC,Lee,Clinton,democrat,420,1000
11/03/1992,NC,Lee,Bush,republican,580,1000
11/03/1992,TN,Bedford,Clinton,democrat,420,1000
11/03/1992,TN,Bedford,Bush,republican,580,1000
11/03/1992,ND,Mountrail,Clinton,democrat,420,1000
11/03/1992,ND,Mountrail,Bush,republican,580,1000
11/03/1992,TX,Freestone,Clinton,democrat,420,1000
11/03/1992,TX,Freestone,Bush,republican,580,1000
11/03/1992,NC,Alleghany,Clinton,democrat,420,1000
11/03/1992,NC,Alleghany,Bush,republican,580,1000
11/03/1992,NY,Wyoming,Clinton,democrat,420,1000
11/03/1992,NY,Wyoming,Bush,republican,580,1000
11/03/1992,MN,Pope,Clinton,democrat,420,1000
11/03/1992,MN,Pope,Bush,republican,580,1000
11/03/1992,IL,Crawford,Clinton,democrat,420,1000
11/03/1992,IL,Crawford,Bush,republican,580,1000
11/03/1992,MO,Barton,Clinton,democrat,470,1000
11/03/1992,MO,Barton,Bush,republican,530,1000
11/03/1992,AZ,Maricopa,Clinton,democrat,530,1000
11/03/1992,AZ,Maricopa,Bush,republican,470,1000
11/03/1992,NY,Ontario,Clinton,democrat,530,1000
11/03/1992,NY,Ontario,Bush,republican,470,1000
11/03/1992,TX,Panola,Clinton,democrat,420,1000
11/03/1992,TX,Panola,Bush,republican,580,1000
11/03/1992,IL,White,Clinton,democrat,420,1000
11/03/1992,IL,White,Bush,republican,580,1000
11/03/1992,MS,Hancock,Clinton,democrat,420,1000
11/03/1992,MS,Hancock,Bush,republican,580,1000
11/03/1992,PA,Bradford,Clinton,democrat,420,1000
11/03/1992,PA,Bradford,Bush,republican,580,1000
11/03/1992,OH,Knox,Clinton,democrat,420,1000
11/03/1992,OH,Knox,Bush,republican,580,1000
11/03/1992,SD,Brule,Clinton,democrat,420,1000
11/03/1992,SD,Brule,Bush,republican,580,1000
11/03/1992,CO,Archuleta,Clinton,democrat,420,1000
11/03/1992,CO,Archuleta,Bush,republican,580,1000
11/03/1992,AL,Coffee,Clinton,democrat,420,1000
11/03/1992,AL,Coffee,Bush,republican,580,1000
11/03/1992,VA,Caroline,Clinton,democrat,497,1000
11/03/1992,VA,Caroline,Bush,republican,503,1000
11/03/1992,VA,Fairfax_Co,Clinton,democrat,580,1000
11/03/1992,VA,Fairfax_Co,Bush,republican,420,1000
11/03/1992,SC,Sumter,Clinton,democrat,530,1000
11/03/1992,SC,Sumter,Bush,republican,470,1000
11/03/1992,PA,Elk,Clinton,democrat,420,1000
11/03/1992,PA,Elk,Bush,republican,580,1000
11/03/1992,IA,Winnebago,Clinton,democrat,497,1000
11/03/1992,IA,Winnebago,Bush,republican,503,1000
11/03/1992,FL,Wakulla,Clinton,democrat,420,1000
11/03/1992,FL,Wakulla,Bush,republican,580,1000
11/03/1992,MS,Pearl_River,Clinton,democrat,420,1000
11/03/1992,MS,Pearl_River,Bush,republican,580,1000
11/03/1992,AR,Van_Buren,Clinton,democrat,420,1000
11/03/1992,AR,Van_Buren,Bush,republican,580,1000
11/03/1992,TX,Comanche,Clinton,democrat,420,1000
11/03/1992,TX,Comanche,Bush,republican,580,1000
11/03/1992,SD,Dewey,Clinton,democrat,420,1000
11/03/1992,SD,Dewey,Bush,republican,580,1000
11/03/1992,TN,Rhea,Clinton,democrat,420,1000
11/03/1992,TN,Rhea,Bush,republican,580,1000
11/03/1992,PA,Huntingdon,Clinton,democrat,420,1000
11/03/1992,PA,Huntingdon,Bush,republican,580,1000
11/03/1992,WI,Iowa,Clinton,democrat,530,1000
11/03/1992,WI,Iowa,Bush,republican,470,1000
11/03/1992,PA,Sullivan,Clinton,democrat,420,1000
11/03/1992,PA,Sullivan,Bush,republican,580,1000
11/03/1992,TN,Tipton,Clinton,democrat,420,1000
11/03/1992,TN,Tipton,Bush,republican,580,1000
11/03/1992,NH,Strafford,Clinton,democrat,530,1000
11/03/1992,NH,Strafford,Bush,republican,470,1000
11/03/1992,IN,Marion,Clinton,democrat,580,1000
11/03/1992,IN,Marion,Bush,republican,420,1000
11/03/1992,SD,Bennett,Clinton,democrat,420,1000
11/03/1992,SD,Bennett,Bush,republican,580,1000
11/03/1992,VA,Buckingham,Clinton,democrat,470,1000
11/03/1992,VA,Buckingham,Bush,republican,530,1000
11/03/1992,ID,Bannock,Clinton,democrat,420,1000
11/03/1992,ID,Bannock,Bush,republican,580,1000
11/03/1992,GA,Stephens,Clinton,democrat,420,1000
11/03/1992,GA,Stephens,Bush,republican,580,1000
11/03/1992,ID,Boise,Clinton,democrat,420,1000
11/03/1992,ID,Boise,Bush,republican,580,1000
11/03/1992,OK,Nowata,Clinton,democrat,420,1000
11/03/1992,OK,Nowata,Bush,republican,580,1000
11/03/1992,GA,Glascock,Clinton,democrat,420,1000
11/03/1992,GA,Glascock,Bush,republican,580,1000
11/03/1992,WI,Pepin,Clinton,democrat,490,1000
11/03/1992,WI,Pepin,Bush,republican,510,1000
11/03/1992,IA,Fremont,Clinton,democrat,420,1000
11/03/1992,IA,Fremont,Bush,republican,580,1000
11/03/1992,MO,Maries,Clinton,democrat,420,1000
11/03/1992,MO,Maries,Bush,republican,580,1000
11/03/1992,TX,Nacogdoches,Clinton,democrat,420,1000
11/03/1992,TX,Nacogdoches,Bush,republican,580,1000
11/03/1992,NC,Pamlico,Clinton,democrat,470,1000
11/03/1992,NC,Pamlico,Bush,republican,530,1000
11/03/1992,FL,Taylor,Clinton,democrat,420,1000
11/03/1992,FL,Taylor,Bush,republican,580,1000
11/03/1992,MN,Wright,Clinton,democrat,470,1000
11/03/1992,MN,Wright,Bush,republican,530,1000
11/03/1992,ME,Somerset,Clinton,democrat,530,1000
11/03/1992,ME,Somerset,Bush,republican,470,1000
11/03/1992,AR,Marion,Clinton,democrat,420,1000
11/03/1992,AR,Marion,Bush,republican,580,1000
11/03/1992,TX,Presidio,Clinton,democrat,420,1000
11/03/1992,TX,Presidio,Bush,republican,580,1000
11/03/1992,CA,Stanislaus,Clinton,democrat,510,1000
11/03/1992,CA,Stanislaus,Bush,republican,490,1000
11/03/1992,KY,Elliott,Clinton,democrat,420,1000
11/03/1992,KY,Elliott,Bush,republican,580,1000
11/03/1992,IL,Wabash,Clinton,democrat,420,1000
11/03/1992,IL,Wabash,Bush,republican,580,1000
11/03/1992,WI,Juneau,Clinton,democrat,420,1000
11/03/1992,WI,Juneau,Bush,republican,580,1000
11/03/1992,ND,Walsh,Clinton,democrat,420,1000
11/03/1992,ND,Walsh,Bush,republican,580,1000
11/03/1992,AL,Bullock,Clinton,democrat,420,1000
11/03/1992,AL,Bullock,Bush,republican,580,1000
11/03/1992,CA,Colusa,Clinton,democrat,420,1000
11/03/1992,CA,Colusa,Bush,republican,580,1000
11/03/1992,CO,Gunnison,Clinton,democrat,530,1000
11/03/1992,CO,Gunnison,Bush,republican,470,1000
11/03/1992,TX,Cass,Clinton,democrat,420,1000
11/03/1992,TX,Cass,Bush,republican,580,1000
11/03/1992,GA,Camden,Clinton,democrat,420,1000
11/03/1992,GA,Camden,Bush,republican,580,1000
11/03/1992,MS,Montgomery,Clinton,democrat,420,1000
11/03/1992,MS,Montgomery,Bush,republican,580,1000
11/03/1992,GA,Fulton,Clinton,democrat,580,1000
11/03/1992,GA,Fulton,Bush,republican,420,1000
11/03/1992,ND,Kidder,Clinton,democrat,420,1000
11/03/1992,ND,Kidder,Bush,republican,580,1000
11/03/1992,GA,Fannin,Clinton,democrat,420,1000
11/03/1992,GA,Fannin,Bush,republican,580,1000
11/03/1992,OH,Ottawa,Clinton,democrat,470,1000
11/03/1992,OH,Ottawa,Bush,republican,530,1000
11/03/1992,NC,Carteret,Clinton,democrat,420,1000
11/03/1992,NC,Carteret,Bush,republican,580,1000
11/03/1992,IN,Porter,Clinton,democrat,510,1000
11/03/1992,IN,Porter,Bush,republican,490,1000
11/03/1992,VA,Nottoway,Clinton,democrat,470,1000
11/03/1992,VA,Nottoway,Bush,republican,530,1000
11/03/1992,MO,Greene,Clinton,democrat,470,1000
11/03/1992,MO,Greene,Bush,republican,530,1000
11/03/1992,TX,Harris,Clinton,democrat,530,1000
11/03/1992,TX,Harris,Bush,republican,470,1000
11/03/1992,TX,Hill,Clinton,democrat,420,1000
11/03/1992,TX,Hill,Bush,republican,580,1000
11/03/1992,MO,Warren,Clinton,democrat,420,1000
11/03/1992,MO,Warren,Bush,republican,580,1000
11/03/1992,GA,Hancock,Clinton,democrat,580,1000
11/03/1992,GA,Hancock,Bush,republican,420,1000
11/03/1992,AL,Houston,Clinton,democrat,420,1000
11/03/1992,AL,Houston,Bush,republican,580,1000
11/03/1992,MO,Pemiscot,Clinton,democrat,470,1000
11/03/1992,MO,Pemiscot,Bush,republican,530,1000
11/03/1992,MI,Wayne,Clinton,democrat,580,1000
11/03/1992,MI,Wayne,Bush,republican,420,1000
11/03/1992,IN,Boone,Clinton,democrat,470,1000
11/03/1992,IN,Boone,Bush,republican,530,1000
11/03/1992,NY,New_York,Clinton,democrat,580,1000
11/03/1992,NY,New_York,Bush,republican,420,1000
11/03/1992,SC,Fairfield,Clinton,democrat,580,1000
11/03/1992,SC,Fairfield,Bush,republican,420,1000
11/03/1992,ID,Washington,Clinton,democrat,420,1000
11/03/1992,ID,Washington,Bush,republican,580,1000
11/03/1992,OH,Ashtabula,Clinton,democrat,530,1000
11/03/1992,OH,Ashtabula,Bush,republican,470,1000
11/03/1992,VA,Rockbridge,Clinton,democrat,420,1000
11/03/1992,VA,Rockbridge,Bush,republican,580,1000
11/03/1992,WI,Kenosha,Clinton,democrat,530,1000
11/03/1992,WI,Kenosha,Bush,republican,470,1000
11/03/1992,NE,Boone,Clinton,democrat,420,1000
11/03/1992,NE,Boone,Bush,republican,580,1000
11/03/1992,TX,Coryell,Clinton,democrat,420,1000
11/03/1992,TX,Coryell,Bush,republican,580,1000
11/03/1992,IL,DeKalb,Clinton,democrat,530,1000
11/03/1992,IL,DeKalb,Bush,republican,470,1000
11/03/1992,MI,Lake,Clinton,democrat,470,1000
11/03/1992,MI,Lake,Bush,republican,530,1000
11/03/1992,FL,Lee,Clinton,democrat,470,1000
11/03/1992,FL,Lee,Bush,republican,530,1000
11/03/1992,ID,Franklin,Clinton,democrat,420,1000
11/03/1992,ID,Franklin,Bush,republican,580,1000
11/03/1992,VA,Greensville,Clinton,democrat,580,1000
11/03/1992,VA,Greensville,Bush,republican,420,1000
11/03/1992,GA,Dodge,Clinton,democrat,420,1000
11/03/1992,GA,Dodge,Bush,republican,580,1000
11/03/1992,CA,Mendocino,Clinton,democrat,580,1000
11/03/1992,CA,Mendocino,Bush,republican,420,1000
11/03/1992,WI,Buffalo,Clinton,democrat,470,1000
11/03/1992,WI,Buffalo,Bush,republican,530,1000
11/03/1992,WI,Racine,Clinton,democrat,530,1000
11/03/1992,WI,Racine,Bush,republican,470,1000
11/03/1992,VT,Grand_Isle,Clinton,democrat,580,1000
11/03/1992,VT,Grand_Isle,Bush,republican,420,1000
11/03/1992,MN,Dakota,Clinton,democrat,580,1000
11/03/1992,MN,Dakota,Bush,republican,420,1000
11/03/1992,OR,Multnomah,Clinton,democrat,580,1000
11/03/1992,OR,Multnomah,Bush,republican,420,1000
11/03/1992,LA,Natchitoches,Clinton,democrat,420,1000
11/03/1992,LA,Natchitoches,Bush,republican,580,1000
11/03/1992,IL,Scott,Clinton,democrat,420,1000
11/03/1992,IL,Scott,Bush,republican,580,1000
11/03/1992,GA,Effingham,Clinton,democrat,420,1000
11/03/1992,GA,Effingham,Bush,republican,580,1000
11/03/1992,OK,Caddo,Clinton,democrat,420,1000
11/03/1992,OK,Caddo,Bush,republican,580,1000
11/03/1992,OK,Jefferson,Clinton,democrat,420,1000
11/03/1992,OK,Jefferson,Bush,republican,580,1000
11/03/1992,CO,Huerfano,Clinton,democrat,530,1000
11/03/1992,CO,Huerfano,Bush,republican,470,1000
11/03/1992,SC,Anderson,Clinton,democrat,420,1000
11/03/1992,SC,Anderson,Bush,republican,580,1000
11/03/1992,SC,Clarendon,Clinton,democrat,530,1000
11/03/1992,SC,Clarendon,Bush,republican,470,1000
11/03/1992,GA,Lee,Clinton,democrat,420,1000
11/03/1992,GA,Lee,Bush,republican,580,1000
11/03/1992,OH,Jefferson,Clinton,democrat,420,1000
11/03/1992,OH,Jefferson,Bush,republican,580,1000
11/03/1992,OK,Roger_Mills,Clinton,democrat,420,1000
11/03/1992,OK,Roger_Mills,Bush,republican,580,1000
11/03/1992,VA,Lexington,Clinton,democrat,580,1000
11/03/1992,VA,Lexington,Bush,republican,420,1000
11/03/1992,CA,Shasta,Clinton,democrat,420,1000
11/03/1992,CA,Shasta,Bush,republican,580,1000
11/03/1992,AR,Desha,Clinton,democrat,530,1000
11/03/1992,AR,Desha,Bush,republican,470,1000
11/03/1992,LA,Lafourche,Clinton,democrat,470,1000
11/03/1992,LA,Lafourche,Bush,republican,530,1000
11/03/1992,CA,Tuolumne,Clinton,democrat,420,1000
11/03/1992,CA,Tuolumne,Bush,republican,580,1000
11/03/1992,OK,Cherokee,Clinton,democrat,420,1000
11/03/1992,OK,Cherokee,Bush,republican,580,1000
11/03/1992,AR,Carroll,Clinton,democrat,420,1000
11/03/1992,AR,Carroll,Bush,republican,580,1000
11/03/1992,TX,Titus,Clinton,democrat,420,1000
11/03/1992,TX,Titus,Bush,republican,580,1000
11/03/1992,LA,St_Martin,Clinton,democrat,420,1000
11/03/1992,LA,St_Martin,Bush,republican,580,1000
11/03/1992,AL,Morgan,Clinton,democrat,420,1000
11/03/1992,AL,Morgan,Bush,republican,580,1000
11/03/1992,AL,Tuscaloosa,Clinton,democrat,420,1000
11/03/1992,AL,Tuscaloosa,Bush,republican,580,1000
11/03/1992,LA,West_Feliciana,Clinton,democrat,420,1000
11/03/1992,LA,West_Feliciana,Bush,republican,580,1000
11/03/1992,GA,Henry,Clinton,democrat,580,1000
11/03/1992,GA,Henry,Bush,republican,420,1000
11/03/1992,FL,Glades,Clinton,democrat,420,1000
11/03/1992,FL,Glades,Bush,republican,580,1000
11/03/1992,CO,Otero,Clinton,democrat,420,1000
11/03/1992,CO,Otero,Bush,republican,580,1000
11/03/1992,LA,Tensas,Clinton,democrat,510,1000
11/03/1992,LA,Tensas,Bush,republican,490,1000
11/03/1992,WV,Cabell,Clinton,democrat,470,1000
11/03/1992,WV,Cabell,Bush,republican,530,1000
11/03/1992,KY,Ohio,Clinton,democrat,420,1000
11/03/1992,KY,Ohio,Bush,republican,580,1000
11/03/1992,MN,Blue_Earth,Clinton,democrat,530,1000
11/03/1992,MN,Blue_Earth,Bush,republican,470,1000
11/03/1992,NH,Hillsborough,Clinton,democrat,510,1000
11/03/1992,NH,Hillsborough,Bush,republican,490,1000
11/03/1992,WY,Sweetwater,Clinton,democrat,420,1000
11/03/1992,WY,Sweetwater,Bush,republican,580,1000
11/03/1992,IA,Pottawattamie,Clinton,democrat,510,1000
11/03/1992,IA,Pottawattamie,Bush,republican,490,1000
11/03/1992,NY,Jefferson,Clinton,democrat,420,1000
11/03/1992,NY,Jefferson,Bush,republican,580,1000
11/03/1992,MO,Bates,Clinton,democrat,420,1000
11/03/1992,MO,Bates,Bush,republican,580,1000
11/03/1992,MI,Presque_Isle,Clinton,democrat,420,1000
11/03/1992,MI,Presque_Isle,Bush,republican,580,1000
11/03/1992,MT,Roosevelt,Clinton,democrat,420,1000
11/03/1992,MT,Roosevelt,Bush,republican,580,1000
11/03/1992,WA,Jefferson,Clinton,democrat,580,1000
11/03/1992,WA,Jefferson,Bush,republican,420,1000
11/03/1992,TX,Nueces,Clinton,democrat,490,1000
11/03/1992,TX,Nueces,Bush,republican,510,1000
11/03/1992,WI,Door,Clinton,democrat,530,1000
11/03/1992,WI,Door,Bush,republican,470,1000
11/03/1992,ID,Nez_Perce,Clinton,democrat,420,1000
11/03/1992,ID,Nez_Perce,Bush,republican,580,1000
11/03/1992,MI,Huron,Clinton,democrat,420,1000
11/03/1992,MI,Huron,Bush,republican,580,1000
11/03/1992,GA,Johnson,Clinton,democrat,470,1000
11/03/1992,GA,Johnson,Bush,republican,530,1000
11/03/1992,OH,Putnam,Clinton,democrat,420,1000
11/03/1992,OH,Putnam,Bush,republican,580,1000
11/03/1992,TX,Erath,Clinton,democrat,420,1000
11/03/1992,TX,Erath,Bush,republican,580,1000
11/03/1992,MO,Shannon,Clinton,democrat,420,1000
11/03/1992,MO,Shannon,Bush,republican,580,1000
11/03/1992,AK,Matanuska-Susitna,Clinton,democrat,420,1000
11/03/1992,AK,Matanuska-Susitna,Bush,republican,580,1000
11/03/1992,VA,Falls_Church,Clinton,democrat,580,1000
11/03/1992,VA,Falls_Church,Bush,republican,420,1000
11/03/1992,TX,Kleberg,Clinton,democrat,470,1000
11/03/1992,TX,Kleberg,Bush,republican,530,1000
11/03/1992,CO,Pitkin,Clinton,democrat,580,1000
11/03/1992,CO,Pitkin,Bush,republican,420,1000
11/03/1992,CO,La_Plata,Clinton,democrat,530,1000
11/03/1992,CO,La_Plata,Bush,republican,470,1000
11/03/1992,OK,Tulsa,Clinton,democrat,470,1000
11/03/1992,OK,Tulsa,Bush,republican,530,1000
11/03/1992,AL,St_Clair,Clinton,democrat,420,1000
11/03/1992,AL,St_Clair,Bush,republican,580,1000
11/03/1992,FL,Pinellas,Clinton,democrat,530,1000
11/03/1992,FL,Pinellas,Bush,republican,470,1000
11/03/1992,IL,Fulton,Clinton,democrat,420,1000
11/03/1992,IL,Fulton,Bush,republican,580,1000
11/03/1992,KS,Cherokee,Clinton,democrat,420,1000
11/03/1992,KS,Cherokee,Bush,republican,580,1000
11/03/1992,MN,Beltrami,Clinton,democrat,530,1000
11/03/1992,MN,Beltrami,Bush,republican,470,1000
11/03/1992,IN,Cass,Clinton,democrat,420,1000
11/03/1992,IN,Cass,Bush,republican,580,1000
11/03/1992,AR,Polk,Clinton,democrat,420,1000
11/03/1992,AR,Polk,Bush,republican,580,1000
11/03/1992,NV,Douglas,Clinton,democrat,420,1000
11/03/1992,NV,Douglas,Bush,republican,580,1000
11/03/1992,KS,Kingman,Clinton,democrat,470,1000
11/03/1992,KS,Kingman,Bush,republican,530,1000
11/03/1992,IA,Clayton,Clinton,democrat,580,1000
11/03/1992,IA,Clayton,Bush,republican,420,1000
11/03/1992,IN,Fulton,Clinton,democrat,420,1000
11/03/1992,IN,Fulton,Bush,republican,580,1000
11/03/1992,MO,Scotland,Clinton,democrat,420,1000
11/03/1992,MO,Scotland,Bush,republican,580,1000
11/03/1992,SC,Berkeley,Clinton,democrat,490,1000
11/03/1992,SC,Berkeley,Bush,republican,510,1000
11/03/1992,MI,Leelanau,Clinton,democrat,530,1000
11/03/1992,MI,Leelanau,Bush,republican,470,1000
11/03/1992,PA,Fulton,Clinton,democrat,420,1000
11/03/1992,PA,Fulton,Bush,republican,580,1000
11/03/1992,MI,Clinton,Clinton,democrat,510,1000
11/03/1992,MI,Clinton,Bush,republican,490,1000
11/03/1992,GA,Quitman,Clinton,democrat,510,1000
11/03/1992,GA,Quitman,Bush,republican,490,1000
11/03/1992,WA,Snohomish,Clinton,democrat,580,1000
11/03/1992,WA,Snohomish,Bush,republican,420,1000
11/03/1992,MO,Lewis,Clinton,democrat,420,1000
11/03/1992,MO,Lewis,Bush,republican,580,1000
11/03/1992,FL,Madison,Clinton,democrat,420,1000
11/03/1992,FL,Madison,Bush,republican,580,1000
11/03/1992,NM,Los_Alamos,Clinton,democrat,530,1000
11/03/1992,NM,Los_Alamos,Bush,republican,470,1000
11/03/1992,NM,Guadalupe,Clinton,democrat,470,1000
11/03/1992,NM,Guadalupe,Bush,republican,530,1000
11/03/1992,WV,Gilmer,Clinton,democrat,420,1000
11/03/1992,WV,Gilmer,Bush,republican,580,1000
11/03/1992,IN,Vanderburgh,Clinton,democrat,530,1000
11/03/1992,IN,Vanderburgh,Bush,republican,470,1000
11/03/1992,WV,Hampshire,Clinton,democrat,420,1000
11/03/1992,WV,Hampshire,Bush,republican,580,1000
11/03/1992,OR,Wallowa,Clinton,democrat,420,1000
11/03/1992,OR,Wallowa,Bush,republican,580,1000
11/03/1992,NC,Cherokee,Clinton,democrat,420,1000
11/03/1992,NC,Cherokee,Bush,republican,580,1000
11/03/1992,OK,Oklahoma,Clinton,democrat,530,1000
11/03/1992,OK,Oklahoma,Bush,republican,470,1000
11/03/1992,FL,Volusia,Clinton,democrat,530,1000
11/03/1992,FL,Volusia,Bush,republican,470,1000
11/03/1992,CA,Sierra,Clinton,democrat,420,1000
11/03/1992,CA,Sierra,Bush,republican,580,1000
11/03/1992,ID,Bonneville,Clinton,democrat,420,1000
11/03/1992,ID,Bonneville,Bush,republican,580,1000
11/03/1992,AL,Conecuh,Clinton,democrat,420,1000
11/03/1992,AL,Conecuh,Bush,republican,580,1000
11/03/1992,KS,Kiowa,Clinton,democrat,420,1000
11/03/1992,KS,Kiowa,Bush,republican,580,1000
11/03/1992,MN,Douglas,Clinton,democrat,420,1000
11/03/1992,MN,Douglas,Bush,republican,580,1000
11/03/1992,TN,Chester,Clinton,democrat,420,1000
11/03/1992,TN,Chester,Bush,republican,580,1000
11/03/1992,LA,Vermilion,Clinton,democrat,420,1000
11/03/1992,LA,Vermilion,Bush,republican,580,1000
11/03/1992,NM,Sandoval,Clinton,democrat,530,1000
11/03/1992,NM,Sandoval,Bush,republican,470,1000
11/03/1992,MN,Clay,Clinton,democrat,530,1000
11/03/1992,MN,Clay,Bush,republican,470,1000
