date,region,state_po,candidate,party,voteshare,candidatevotes,totalvotes,ev,version
11/5/1940,Alabama,FALSE,Myron,DEM,15,null,FALSE
11/5/1940,Alaska,FALSE,Mindy,REP,5,null,FALSE
11/5/1940,Arizona,FALSE,Mindy,REP,15,null,FALSE
11/5/1940,Arizona,FALSE,Independent,INDGEN,0,null,FALSE
11/5/1940,Arizona,FALSE,Myron,DEM,0,null,FALSE
11/5/1940,Arkansas,FALSE,Myron,DEM,15,null,FALSE
11/5/1940,California,FALSE,Myron,DEM,15,null,FALSE
11/5/1940,Colorado,FALSE,Myron,DEM,15,null,FALSE
11/5/1940,Connecticut,FALSE,Mindy,REP,1,null,FALSE
11/5/1940,Delaware,FALSE,Mindy,REP,1,null,FALSE
11/5/1940,District of Columbia,TRUE,Independent,INDGEN,0,null,FALSE
11/5/1940,Florida,FALSE,Myron,DEM,5,null,FALSE
11/5/1940,Georgia,FALSE,Myron,DEM,15,null,FALSE
11/5/1940,Hawaii,FALSE,Mindy,REP,1,null,FALSE
11/5/1940,Idaho,FALSE,Myron,DEM,15,null,FALSE
11/5/1940,Illinois,FALSE,Mindy,REP,15,null,FALSE
11/5/1940,Indiana,FALSE,Mindy,REP,15,null,FALSE
11/5/1940,Iowa,FALSE,Mindy,REP,15,null,FALSE
11/5/1940,Kansas,FALSE,Myron,DEM,5,null,FALSE
11/5/1940,Kentucky,FALSE,Mindy,REP,50.35,null,FALSE
11/5/1940,Kentucky,FALSE,Myron,DEM,49.65,null,FALSE
11/5/1940,Louisiana,FALSE,Myron,DEM,15,null,FALSE
11/5/1940,ME-1,TRUE,Independent,INDGEN,0,null,FALSE
11/5/1940,ME-2,TRUE,Independent,INDGEN,0,null,FALSE
11/5/1940,Maine,FALSE,Myron,DEM,5,null,FALSE
11/5/1940,Maryland,FALSE,Mindy,REP,5,null,FALSE
11/5/1940,Massachusetts,FALSE,Mindy,REP,15,null,FALSE
11/5/1940,Michigan,FALSE,Mindy,REP,15,null,FALSE
11/5/1940,Minnesota,FALSE,Mindy,REP,15,null,FALSE
11/5/1940,Mississippi,FALSE,Myron,DEM,15,null,FALSE
11/5/1940,Missouri,FALSE,Mindy,REP,5,null,FALSE
11/5/1940,Montana,FALSE,Myron,DEM,1,null,TRUE
11/5/1940,NE-1,TRUE,Independent,INDGEN,0,null,FALSE
11/5/1940,NE-2,TRUE,Independent,INDGEN,0,null,FALSE
11/5/1940,NE-3,TRUE,Independent,INDGEN,0,null,FALSE
11/5/1940,Nebraska,FALSE,Mindy,REP,1,null,FALSE
11/5/1940,Nevada,FALSE,Myron,DEM,5,null,TRUE
11/5/1940,Nevada,FALSE,Mindy,REP,0,null,TRUE
11/5/1940,New Hampshire,FALSE,Myron,DEM,5,null,FALSE
11/5/1940,New Jersey,FALSE,Myron,DEM,1,null,TRUE
11/5/1940,New Mexico,FALSE,Myron,DEM,15,null,FALSE
11/5/1940,New York,FALSE,Mindy,REP,15,null,FALSE
11/5/1940,North Carolina,FALSE,Myron,DEM,5,null,FALSE
11/5/1940,North Dakota,FALSE,Mindy,REP,5,null,FALSE
11/5/1940,Ohio,FALSE,Mindy,REP,5,null,FALSE
11/5/1940,Oklahoma,FALSE,Myron,DEM,15,null,FALSE
11/5/1940,Oregon,FALSE,Mindy,REP,5,null,FALSE
11/5/1940,Pennsylvania,FALSE,Myron,DEM,50.00016,null,TRUE
11/5/1940,Pennsylvania,FALSE,Mindy,REP,49.99984,null,TRUE
11/5/1940,Rhode Island,FALSE,Mindy,REP,15,null,FALSE
11/5/1940,South Carolina,FALSE,Myron,DEM,15,null,FALSE
11/5/1940,South Dakota,FALSE,Mindy,REP,5,null,FALSE
11/5/1940,Tennessee,FALSE,Myron,DEM,5,null,FALSE
11/5/1940,Texas,FALSE,Myron,DEM,15,null,FALSE
11/5/1940,Utah,FALSE,Myron,DEM,15,null,FALSE
11/5/1940,Vermont,FALSE,Mindy,REP,15,null,FALSE
11/5/1940,Virginia,FALSE,Myron,DEM,5,null,FALSE
11/5/1940,Washington,FALSE,Mindy,REP,1,null,FALSE
11/5/1940,West Virginia,FALSE,Myron,DEM,5,null,TRUE
11/5/1940,Wisconsin,FALSE,Mindy,REP,15,null,FALSE
11/5/1940,Wyoming,FALSE,Myron,DEM,5,null,FALSE
11/5/1940,National Popular Vote,FALSE,Mindy,REP,51,undefined,FALSE
11/5/1940,National Popular Vote,FALSE,Myron,DEM,49,undefined,FALSE
11/07/1944,Alabama,FALSE,Mindy,REP,1,null,TRUE
11/07/1944,Alabama,FALSE,Myron,DEM,0,null,TRUE
11/07/1944,Alaska,FALSE,Mindy,REP,15,null,FALSE
11/07/1944,Arizona,FALSE,Mindy,REP,15,null,FALSE
11/07/1944,Arkansas,FALSE,Mindy,REP,5,null,TRUE
11/07/1944,Arkansas,FALSE,Myron,DEM,0,null,TRUE
11/07/1944,California,FALSE,Myron,DEM,5,null,FALSE
11/07/1944,California,FALSE,Independent,INDGEN,0,null,FALSE
11/07/1944,California,FALSE,Mindy,REP,0,null,FALSE
11/07/1944,Colorado,FALSE,Myron,DEM,1,null,FALSE
11/07/1944,Connecticut,FALSE,Mindy,REP,15,null,FALSE
11/07/1944,Delaware,FALSE,Mindy,REP,15,null,FALSE
11/07/1944,District of Columbia,TRUE,Independent,INDGEN,0,null,FALSE
11/07/1944,Florida,FALSE,Mindy,REP,15,null,TRUE
11/07/1944,Florida,FALSE,Myron,DEM,0,null,TRUE
11/07/1944,Georgia,FALSE,Mindy,REP,5,null,TRUE
11/07/1944,Georgia,FALSE,Myron,DEM,0,null,TRUE
11/07/1944,Hawaii,FALSE,Mindy,REP,15,null,FALSE
11/07/1944,Idaho,FALSE,Mindy,REP,15,null,TRUE
11/07/1944,Idaho,FALSE,Myron,DEM,0,null,TRUE
11/07/1944,Illinois,FALSE,Mindy,REP,15,null,FALSE
11/07/1944,Indiana,FALSE,Mindy,REP,15,null,FALSE
11/07/1944,Iowa,FALSE,Mindy,REP,15,null,FALSE
11/07/1944,Kansas,FALSE,Mindy,REP,15,null,TRUE
11/07/1944,Kansas,FALSE,Myron,DEM,0,null,TRUE
11/07/1944,Kentucky,FALSE,Mindy,REP,15,null,FALSE
11/07/1944,Louisiana,FALSE,Mindy,REP,5,null,TRUE
11/07/1944,Louisiana,FALSE,Myron,DEM,0,null,TRUE
11/07/1944,ME-1,TRUE,Independent,INDGEN,0,null,FALSE
11/07/1944,ME-2,TRUE,Independent,INDGEN,0,null,FALSE
11/07/1944,Maine,FALSE,Mindy,REP,15,null,TRUE
11/07/1944,Maine,FALSE,Myron,DEM,0,null,TRUE
11/07/1944,Maryland,FALSE,Mindy,REP,15,null,FALSE
11/07/1944,Massachusetts,FALSE,Mindy,REP,15,null,FALSE
11/07/1944,Michigan,FALSE,Mindy,REP,15,null,FALSE
11/07/1944,Minnesota,FALSE,Mindy,REP,15,null,FALSE
11/07/1944,Mississippi,FALSE,Mindy,REP,5,null,TRUE
11/07/1944,Mississippi,FALSE,Myron,DEM,0,null,TRUE
11/07/1944,Missouri,FALSE,Mindy,REP,15,null,FALSE
11/07/1944,Montana,FALSE,Mindy,REP,15,null,TRUE
11/07/1944,Montana,FALSE,Myron,DEM,0,null,TRUE
11/07/1944,NE-1,TRUE,Independent,INDGEN,0,null,FALSE
11/07/1944,NE-2,TRUE,Independent,INDGEN,0,null,FALSE
11/07/1944,NE-3,TRUE,Independent,INDGEN,0,null,FALSE
11/07/1944,Nebraska,FALSE,Mindy,REP,15,null,FALSE
11/07/1944,Nevada,FALSE,Mindy,REP,15,null,TRUE
11/07/1944,Nevada,FALSE,Myron,DEM,0,null,TRUE
11/07/1944,New Hampshire,FALSE,Mindy,REP,15,null,TRUE
11/07/1944,New Hampshire,FALSE,Myron,DEM,0,null,TRUE
11/07/1944,New Jersey,FALSE,Mindy,REP,15,null,TRUE
11/07/1944,New Jersey,FALSE,Myron,DEM,0,null,TRUE
11/07/1944,New Mexico,FALSE,Myron,DEM,1,null,FALSE
11/07/1944,New York,FALSE,Mindy,REP,15,null,FALSE
11/07/1944,North Carolina,FALSE,Mindy,REP,5,null,TRUE
11/07/1944,North Carolina,FALSE,Myron,DEM,0,null,TRUE
11/07/1944,North Dakota,FALSE,Mindy,REP,15,null,FALSE
11/07/1944,Ohio,FALSE,Mindy,REP,15,null,FALSE
11/07/1944,Oklahoma,FALSE,Mindy,REP,5,null,TRUE
11/07/1944,Oklahoma,FALSE,Myron,DEM,0,null,TRUE
11/07/1944,Oregon,FALSE,Mindy,REP,5,null,FALSE
11/07/1944,Pennsylvania,FALSE,Mindy,REP,15,null,TRUE
11/07/1944,Pennsylvania,FALSE,Myron,DEM,0,null,TRUE
11/07/1944,Rhode Island,FALSE,Mindy,REP,15,null,FALSE
11/07/1944,South Carolina,FALSE,Mindy,REP,1,null,TRUE
11/07/1944,South Carolina,FALSE,Myron,DEM,0,null,TRUE
11/07/1944,South Dakota,FALSE,Mindy,REP,15,null,FALSE
11/07/1944,Tennessee,FALSE,Mindy,REP,5,null,TRUE
11/07/1944,Tennessee,FALSE,Myron,DEM,0,null,TRUE
11/07/1944,Texas,FALSE,Mindy,REP,1,null,TRUE
11/07/1944,Texas,FALSE,Myron,DEM,0,null,TRUE
11/07/1944,Utah,FALSE,Mindy,REP,15,null,TRUE
11/07/1944,Utah,FALSE,Myron,DEM,0,null,TRUE
11/07/1944,Vermont,FALSE,Mindy,REP,15,null,FALSE
11/07/1944,Virginia,FALSE,Mindy,REP,5,null,TRUE
11/07/1944,Virginia,FALSE,Myron,DEM,0,null,TRUE
11/07/1944,Washington,FALSE,Mindy,REP,5,null,FALSE
11/07/1944,West Virginia,FALSE,Mindy,REP,15,null,TRUE
11/07/1944,West Virginia,FALSE,Myron,DEM,0,null,TRUE
11/07/1944,Wisconsin,FALSE,Mindy,REP,15,null,FALSE
11/07/1944,Wyoming,FALSE,Mindy,REP,15,null,TRUE
11/07/1944,Wyoming,FALSE,Myron,DEM,0,null,TRUE
11/07/1944,National Popular Vote,FALSE,Mindy,REP,58,null,FALSE
11/07/1944,National Popular Vote,FALSE,Myron,DEM,42,null,FALSE
11/02/1948,Alabama,FALSE,Mindy,republican,1,undefined,FALSE
11/02/1948,Alaska,FALSE,Mindy,republican,50.105,undefined,FALSE
11/02/1948,Alaska,FALSE,MacDonald Jr.,democrat,49.895,undefined,TRUE
11/02/1948,Arizona,FALSE,Mindy,republican,50.495,undefined,FALSE
11/02/1948,Arizona,FALSE,MacDonald Jr.,democrat,49.505,undefined,TRUE
11/02/1948,Arkansas,FALSE,MacDonald Jr.,democrat,15,undefined,TRUE
11/02/1948,California,FALSE,MacDonald Jr.,democrat,15,undefined,FALSE
11/02/1948,Colorado,FALSE,MacDonald Jr.,democrat,15,undefined,FALSE
11/02/1948,Connecticut,FALSE,MacDonald Jr.,democrat,15,undefined,TRUE
11/02/1948,Delaware,FALSE,MacDonald Jr.,democrat,15,undefined,TRUE
11/02/1948,District of Columbia,TRUE,Independent,INDGEN,0,null,FALSE
11/02/1948,Florida,FALSE,MacDonald Jr.,democrat,15,undefined,TRUE
11/02/1948,Georgia,FALSE,MacDonald Jr.,democrat,5,undefined,TRUE
11/02/1948,Hawaii,FALSE,MacDonald Jr.,democrat,15,undefined,FALSE
11/02/1948,Idaho,FALSE,Mindy,republican,1,undefined,FALSE
11/02/1948,Illinois,FALSE,MacDonald Jr.,democrat,15,undefined,TRUE
11/02/1948,Indiana,FALSE,MacDonald Jr.,democrat,15,undefined,TRUE
11/02/1948,Iowa,FALSE,MacDonald Jr.,democrat,15,undefined,TRUE
11/02/1948,Kansas,FALSE,MacDonald Jr.,democrat,5,undefined,TRUE
11/02/1948,Kentucky,FALSE,MacDonald Jr.,democrat,1,undefined,TRUE
11/02/1948,Louisiana,FALSE,MacDonald Jr.,democrat,15,undefined,TRUE
11/02/1948,Maine,FALSE,MacDonald Jr.,democrat,15,undefined,TRUE
11/02/1948,Maryland,FALSE,MacDonald Jr.,democrat,15,undefined,TRUE
11/02/1948,Massachusetts,FALSE,MacDonald Jr.,democrat,15,undefined,TRUE
11/02/1948,Michigan,FALSE,MacDonald Jr.,democrat,15,undefined,TRUE
11/02/1948,Minnesota,FALSE,MacDonald Jr.,democrat,15,undefined,TRUE
11/02/1948,Mississippi,FALSE,MacDonald Jr.,democrat,5,undefined,TRUE
11/02/1948,Missouri,FALSE,MacDonald Jr.,democrat,15,undefined,TRUE
11/02/1948,Montana,FALSE,MacDonald Jr.,democrat,5,undefined,TRUE
11/02/1948,Nebraska,FALSE,MacDonald Jr.,democrat,5,undefined,TRUE
11/02/1948,Nevada,FALSE,MacDonald Jr.,democrat,1,undefined,TRUE
11/02/1948,New Hampshire,FALSE,MacDonald Jr.,democrat,15,undefined,TRUE
11/02/1948,New Hampshire,FALSE,Mindy,republican,0,undefined,TRUE
11/02/1948,New Jersey,FALSE,MacDonald Jr.,democrat,15,undefined,TRUE
11/02/1948,New Mexico,FALSE,MacDonald Jr.,democrat,15,undefined,FALSE
11/02/1948,New York,FALSE,MacDonald Jr.,democrat,15,undefined,TRUE
11/02/1948,North Carolina,FALSE,MacDonald Jr.,democrat,15,undefined,TRUE
11/02/1948,North Dakota,FALSE,MacDonald Jr.,democrat,5,undefined,TRUE
11/02/1948,Ohio,FALSE,MacDonald Jr.,democrat,15,undefined,TRUE
11/02/1948,Oklahoma,FALSE,MacDonald Jr.,democrat,5,undefined,TRUE
11/02/1948,Oregon,FALSE,MacDonald Jr.,democrat,15,undefined,TRUE
11/02/1948,Pennsylvania,FALSE,MacDonald Jr.,democrat,15,undefined,TRUE
11/02/1948,Rhode Island,FALSE,MacDonald Jr.,democrat,15,undefined,TRUE
11/02/1948,South Carolina,FALSE,MacDonald Jr.,democrat,5,undefined,TRUE
11/02/1948,South Dakota,FALSE,MacDonald Jr.,democrat,5,undefined,TRUE
11/02/1948,Tennessee,FALSE,MacDonald Jr.,democrat,5,undefined,TRUE
11/02/1948,Texas,FALSE,MacDonald Jr.,democrat,5,undefined,TRUE
11/02/1948,Utah,FALSE,Mindy,republican,1,undefined,FALSE
11/02/1948,Vermont,FALSE,MacDonald Jr.,democrat,15,undefined,TRUE
11/02/1948,Virginia,FALSE,MacDonald Jr.,democrat,15,undefined,TRUE
11/02/1948,Washington,FALSE,MacDonald Jr.,democrat,15,undefined,TRUE
11/02/1948,West Virginia,FALSE,MacDonald Jr.,democrat,15,undefined,TRUE
11/02/1948,Wisconsin,FALSE,MacDonald Jr.,democrat,15,undefined,TRUE
11/02/1948,Wyoming,FALSE,Mindy,republican,5,undefined,FALSE
11/02/1948,National Popular Vote,FALSE,MacDonald Jr.,democrat,64,undefined,FALSE
11/02/1948,National Popular Vote,FALSE,Mindy,republican,36,undefined,FALSE
11/4/1952,Alabama,FALSE,Barrett,republican,15,undefined,FALSE
11/4/1952,Alaska,FALSE,Independent,INDGEN,0,null,FALSE
11/4/1952,Alaska,FALSE,Daschle,democrat,0,undefined,FALSE
11/4/1952,Alaska,FALSE,Barrett,republican,15,undefined,FALSE
11/4/1952,Arizona,FALSE,Barrett,republican,15,undefined,FALSE
11/4/1952,Arkansas,FALSE,Daschle,democrat,5,undefined,FALSE
11/4/1952,California,FALSE,Daschle,democrat,5,undefined,FALSE
11/4/1952,Colorado,FALSE,Barrett,republican,1,undefined,TRUE
11/4/1952,Connecticut,FALSE,Daschle,democrat,15,undefined,FALSE
11/4/1952,Delaware,FALSE,Daschle,democrat,15,undefined,FALSE
11/4/1952,Delaware,FALSE,Barrett,republican,0,undefined,FALSE
11/4/1952,District of Columbia,FALSE,Daschle,democrat,15,undefined,FALSE
11/4/1952,Florida,FALSE,Barrett,republican,1,undefined,TRUE
11/4/1952,Georgia,FALSE,Independent,INDGEN,0,null,TRUE
11/4/1952,Georgia,FALSE,Barrett,republican,15,undefined,TRUE
11/4/1952,Hawaii,FALSE,Daschle,democrat,1,undefined,FALSE
11/4/1952,Idaho,FALSE,Barrett,republican,15,undefined,FALSE
11/4/1952,Illinois,FALSE,Daschle,democrat,15,undefined,FALSE
11/4/1952,Indiana,FALSE,Barrett,republican,1,undefined,TRUE
11/4/1952,Iowa,FALSE,Daschle,democrat,5,undefined,FALSE
11/4/1952,Kansas,FALSE,Barrett,republican,15,undefined,TRUE
11/4/1952,Kentucky,FALSE,Barrett,republican,15,undefined,TRUE
11/4/1952,Louisiana,FALSE,Daschle,democrat,50.315,undefined,FALSE
11/4/1952,Louisiana,FALSE,Barrett,republican,49.685,undefined,FALSE
11/4/1952,Maine 1st CD,ME-1,Daschle,democrat,5,undefined,FALSE
11/4/1952,Maine 2nd CD,ME-2,Barrett,republican,15,undefined,TRUE
11/4/1952,Maine,FALSE,Barrett,republican,1,undefined,TRUE
11/4/1952,Maryland,FALSE,Barrett,republican,1,undefined,TRUE
11/4/1952,Massachusetts,FALSE,Daschle,democrat,15,undefined,FALSE
11/4/1952,Michigan,FALSE,Barrett,republican,50.06,undefined,TRUE
11/4/1952,Michigan,FALSE,Daschle,democrat,49.94,undefined,TRUE
11/4/1952,Minnesota,FALSE,Daschle,democrat,15,undefined,FALSE
11/4/1952,Mississippi,FALSE,Barrett,republican,15,undefined,TRUE
11/4/1952,Missouri,FALSE,Daschle,democrat,1,undefined,FALSE
11/4/1952,Montana,FALSE,Barrett,republican,5,undefined,TRUE
11/4/1952,NE-1,TRUE,Independent,INDGEN,0,null,FALSE
11/4/1952,NE-2,TRUE,Independent,INDGEN,0,null,FALSE
11/4/1952,NE-3,TRUE,Independent,INDGEN,0,null,FALSE
11/4/1952,Nebraska,FALSE,Barrett,republican,15,undefined,TRUE
11/4/1952,Nevada,FALSE,Barrett,republican,15,undefined,TRUE
11/4/1952,New Hampshire,FALSE,Barrett,republican,1,undefined,TRUE
11/4/1952,New Jersey,FALSE,Daschle,democrat,5,undefined,FALSE
11/4/1952,New Mexico,FALSE,Barrett,republican,1,undefined,TRUE
11/4/1952,New York,FALSE,Daschle,democrat,15,undefined,FALSE
11/4/1952,North Carolina,FALSE,Barrett,republican,5,undefined,TRUE
11/4/1952,North Dakota,FALSE,Barrett,republican,5,undefined,TRUE
11/4/1952,Ohio,FALSE,Barrett,republican,1,undefined,TRUE
11/4/1952,Oklahoma,FALSE,Barrett,republican,15,undefined,TRUE
11/4/1952,Oregon,FALSE,Daschle,democrat,50.12,undefined,FALSE
11/4/1952,Oregon,FALSE,Barrett,republican,49.88,undefined,FALSE
11/4/1952,Pennsylvania,FALSE,Daschle,democrat,5,undefined,FALSE
11/4/1952,Pennsylvania,FALSE,Barrett,republican,0,undefined,FALSE
11/4/1952,Rhode Island,FALSE,Daschle,democrat,15,undefined,FALSE
11/4/1952,South Carolina,FALSE,Barrett,republican,15,undefined,TRUE
11/4/1952,South Dakota,FALSE,Barrett,republican,5,undefined,TRUE
11/4/1952,Tennessee,FALSE,Barrett,republican,15,undefined,TRUE
11/4/1952,Texas,FALSE,Barrett,republican,63.86,undefined,TRUE
11/4/1952,Texas,FALSE,Daschle,democrat,36.14,undefined,TRUE
11/4/1952,Utah,FALSE,Barrett,republican,74.55,undefined,FALSE
11/4/1952,Utah,FALSE,Daschle,democrat,25.45,undefined,FALSE
11/4/1952,Vermont,FALSE,Daschle,democrat,55.42,undefined,FALSE
11/4/1952,Vermont,FALSE,Barrett,republican,44.58,undefined,FALSE
11/4/1952,Virginia,FALSE,Barrett,republican,55.07,undefined,TRUE
11/4/1952,Virginia,FALSE,Daschle,democrat,44.93,undefined,TRUE
11/4/1952,Washington,FALSE,Daschle,democrat,52.57,undefined,FALSE
11/4/1952,Washington,FALSE,Barrett,republican,47.43,undefined,FALSE
11/4/1952,West Virginia,FALSE,Daschle,democrat,44.09,undefined,FALSE
11/4/1952,West Virginia,FALSE,Barrett,republican,55.91,undefined,TRUE
11/4/1952,Wisconsin,FALSE,Daschle,democrat,53.16,undefined,FALSE
11/4/1952,Wisconsin,FALSE,Barrett,republican,46.84,undefined,FALSE
11/4/1952,Wyoming,FALSE,Barrett,republican,66.10,undefined,FALSE
11/4/1952,Wyoming,FALSE,Daschle,democrat,33.90,undefined,FALSE
11/4/1952,National Popular Vote,FALSE,Independent,INDGEN,0,null,TRUE
11/4/1952,National Popular Vote,FALSE,Barrett,republican,51,undefined,TRUE
11/4/1952,National Popular Vote,FALSE,Daschle,democrat,49,undefined,TRUE
11/06/1956,Alabama,FALSE,Barrett,republican,15,null,FALSE
11/06/1956,Alaska,FALSE,Barrett,republican,15,null,FALSE
11/06/1956,Alaska,FALSE,Independent,INDGEN,0,null,FALSE
11/06/1956,Alaska,FALSE,MacDonald Jr.,democrat,0,null,FALSE
11/06/1956,Arizona,FALSE,Barrett,republican,15,null,FALSE
11/06/1956,Arkansas,FALSE,MacDonald Jr.,democrat,15,null,FALSE
11/06/1956,California,FALSE,MacDonald Jr.,democrat,15,null,FALSE
11/06/1956,Colorado,FALSE,Barrett,republican,1,null,FALSE
11/06/1956,Connecticut,FALSE,MacDonald Jr.,democrat,15,null,FALSE
11/06/1956,Delaware,FALSE,MacDonald Jr.,democrat,15,null,FALSE
11/06/1956,District of Columbia,FALSE,MacDonald Jr.,democrat,15,null,FALSE
11/06/1956,Florida,FALSE,MacDonald Jra.,democrat,1,null,TRUE
11/06/1956,Florida,FALSE,Barrett,republican,0,null,TRUE
11/06/1956,Georgia,FALSE,Barrett,republican,5,null,FALSE
11/06/1956,Hawaii,FALSE,MacDonald Jr.,democrat,5,null,FALSE
11/06/1956,Idaho,FALSE,Barrett,republican,15,null,FALSE
11/06/1956,Illinois,FALSE,MacDonald Jr.,democrat,15,null,FALSE
11/06/1956,Indiana,FALSE,MacDonald Jr.,democrat,5,null,TRUE
11/06/1956,Indiana,FALSE,Barrett,republican,0,null,TRUE
11/06/1956,Iowa,FALSE,MacDonald Jr.,democrat,5,null,FALSE
11/06/1956,Kansas,FALSE,Barrett,republican,15,null,FALSE
11/06/1956,Kentucky,FALSE,Barrett,republican,15,null,FALSE
11/06/1956,Louisiana,FALSE,MacDonald Jr.,democrat,5,null,FALSE
11/06/1956,Maine 1st CD,ME-1,MacDonald Jr.,democrat,15,null,FALSE
11/06/1956,Maine 2nd CD,ME-2,Barrett,republican,15,null,FALSE
11/06/1956,Maine,FALSE,MacDonald Jr.,democrat,1,null,TRUE
11/06/1956,Maine,FALSE,Barrett,republican,0,null,TRUE
11/06/1956,Maryland,FALSE,MacDonald Jr.,democrat,5,null,TRUE
11/06/1956,Maryland,FALSE,Barrett,republican,0,null,TRUE
11/06/1956,Massachusetts,FALSE,MacDonald Jr.,democrat,15,null,FALSE
11/06/1956,Michigan,FALSE,MacDonald Jr.,democrat,15,null,TRUE
11/06/1956,Michigan,FALSE,Barrett,republican,0,null,TRUE
11/06/1956,Minnesota,FALSE,MacDonald Jr.,democrat,15,null,FALSE
11/06/1956,Mississippi,FALSE,Barrett,republican,15,null,FALSE
11/06/1956,Missouri,FALSE,MacDonald Jr.,democrat,5,null,FALSE
11/06/1956,Montana,FALSE,Barrett,republican,1,null,FALSE
11/06/1956,NE-1,TRUE,Independent,INDGEN,0,null,FALSE
11/06/1956,NE-2,TRUE,Independent,INDGEN,0,null,FALSE
11/06/1956,NE-3,TRUE,Independent,INDGEN,0,null,FALSE
11/06/1956,Nebraska,FALSE,Barrett,republican,15,null,FALSE
11/06/1956,Nevada,FALSE,Barrett,republican,5,null,FALSE
11/06/1956,New Hampshire,FALSE,MacDonald Jr.,democrat,1,null,TRUE
11/06/1956,New Hampshire,FALSE,Barrett,republican,0,null,TRUE
11/06/1956,New Jersey,FALSE,MacDonald Jr.,democrat,15,null,FALSE
11/06/1956,New Mexico,FALSE,MacDonald Jr.,democrat,5,null,TRUE
11/06/1956,New Mexico,FALSE,Barrett,republican,0,null,TRUE
11/06/1956,New York,FALSE,MacDonald Jr.,democrat,15,null,FALSE
11/06/1956,North Carolina,FALSE,MacDonald Jr.,democrat,50.17,null,TRUE
11/06/1956,North Carolina,FALSE,Barrett,republican,49.83,null,TRUE
11/06/1956,North Carolina,FALSE,Barrett,republican,0,null,TRUE
11/06/1956,North Dakota,FALSE,Barrett,republican,5,null,FALSE
11/06/1956,Ohio,FALSE,MacDonald Jr.,democrat,5,null,TRUE
11/06/1956,Ohio,FALSE,Barrett,republican,0,null,TRUE
11/06/1956,Oklahoma,FALSE,Barrett,republican,15,null,FALSE
11/06/1956,Oregon,FALSE,MacDonald Jr.,democrat,1,null,FALSE
11/06/1956,Pennsylvania,FALSE,MacDonald Jr.,democrat,15,null,FALSE
11/06/1956,Pennsylvania,FALSE,Barrett,republican,0,undefined,FALSE
11/06/1956,Rhode Island,FALSE,MacDonald Jr.,democrat,15,null,FALSE
11/06/1956,South Carolina,FALSE,Barrett,republican,15,null,FALSE
11/06/1956,South Dakota,FALSE,Barrett,republican,5,null,FALSE
11/06/1956,Tennessee,FALSE,Barrett,republican,5,null,FALSE
11/06/1956,Texas,FALSE,Barrett,republican,15,null,FALSE
11/06/1956,Utah,FALSE,Barrett,republican,15,null,FALSE
11/06/1956,Vermont,FALSE,MacDonald Jr.,democrat,15,null,FALSE
11/06/1956,Virginia,FALSE,MacDonald Jr.,democrat,1,null,TRUE
11/06/1956,Virginia,FALSE,Barrett,republican,0,null,TRUE
11/06/1956,Washington,FALSE,MacDonald Jr.,democrat,15,null,FALSE
11/06/1956,West Virginia,FALSE,Barrett,republican,5,null,FALSE
11/06/1956,Wisconsin,FALSE,MacDonald Jr.,democrat,15,null,FALSE
11/06/1956,Wyoming,FALSE,Barrett,republican,15,null,FALSE
11/06/1956,National Popular Vote,FALSE,MacDonald Jr.,democrat,55,null,TRUE
11/06/1956,National Popular Vote,FALSE,Barrett,republican,45,null,TRUE
11/06/1956,National Popular Vote,FALSE,Independent,INDGEN,0,null,TRUE",
11/08/1960,Alabama,FALSE,Johnson,republican,15,null,FALSE
11/08/1960,Alaska,FALSE,Johnson,republican,15,null,FALSE
11/08/1960,Alaska,FALSE,Independent,INDGEN,0,null,FALSE
11/08/1960,Alaska,FALSE,MacDonald Jr.,democrat,0,null,FALSE
11/08/1960,Arizona,FALSE,Johnson,republican,15,null,FALSE
11/08/1960,Arkansas,FALSE,MacDonald Jr.,democrat,15,null,FALSE
11/08/1960,California,FALSE,MacDonald Jr.,democrat,15,null,FALSE
11/08/1960,Colorado,FALSE,Johnson,republican,1,null,FALSE
11/08/1960,Connecticut,FALSE,MacDonald Jr.,democrat,15,null,FALSE
11/08/1960,Delaware,FALSE,MacDonald Jr.,democrat,15,null,FALSE
11/08/1960,District of Columbia,FALSE,MacDonald Jr.,democrat,15,null,FALSE
11/08/1960,Florida,FALSE,MacDonald Jr.,democrat,50.6,null,FALSE
11/08/1960,Florida,FALSE,Johnson,republican,49.4,null,FALSE
11/08/1960,Georgia,FALSE,Johnson,republican,5,null,FALSE
11/08/1960,Hawaii,FALSE,MacDonald Jr.,democrat,1,null,FALSE
11/08/1960,Idaho,FALSE,Johnson,republican,15,null,FALSE
11/08/1960,Illinois,FALSE,MacDonald Jr.,democrat,15,null,FALSE
11/08/1960,Indiana,FALSE,MacDonald Jr.,democrat,1,null,FALSE
11/08/1960,Iowa,FALSE,MacDonald Jr.,democrat,5,null,FALSE
11/08/1960,Kansas,FALSE,Johnson,republican,15,null,FALSE
11/08/1960,Kentucky,FALSE,Johnson,republican,15,null,FALSE
11/08/1960,Louisiana,FALSE,MacDonald Jr.,democrat,5,null,FALSE
11/08/1960,Maine 1st CD,ME-1,MacDonald Jr.,democrat,15,null,FALSE
11/08/1960,Maine 2nd CD,ME-2,Johnson,republican,15,null,FALSE
11/08/1960,Maine,FALSE,Johnson,republican,1,null,TRUE
11/08/1960,Maryland,FALSE,MacDonald Jr.,democrat,5,null,FALSE
11/08/1960,Massachusetts,FALSE,MacDonald Jr.,democrat,15,null,FALSE
11/08/1960,Michigan,FALSE,MacDonald Jr.,democrat,5,null,FALSE
11/08/1960,Minnesota,FALSE,MacDonald Jr.,democrat,15,null,FALSE
11/08/1960,Mississippi,FALSE,Johnson,republican,15,null,FALSE
11/08/1960,Missouri,FALSE,MacDonald Jr.,democrat,5,null,FALSE
11/08/1960,Montana,FALSE,Johnson,republican,5,null,FALSE
11/08/1960,NE-1,TRUE,Independent,INDGEN,0,null,FALSE
11/08/1960,NE-2,TRUE,Independent,INDGEN,0,null,FALSE
11/08/1960,NE-3,TRUE,Independent,INDGEN,0,null,FALSE
11/08/1960,Nebraska,FALSE,Johnson,republican,15,null,FALSE
11/08/1960,Nevada,FALSE,Johnson,republican,5,null,FALSE
11/08/1960,New Hampshire,FALSE,MacDonald Jr.,democrat,1,null,FALSE
11/08/1960,New Jersey,FALSE,MacDonald Jr.,democrat,15,null,FALSE
11/08/1960,New Mexico,FALSE,MacDonald Jr.,democrat,1,null,FALSE
11/08/1960,New York,FALSE,MacDonald Jr.,democrat,15,null,FALSE
11/08/1960,North Carolina,FALSE,Johnson,republican,1,null,TRUE
11/08/1960,North Dakota,FALSE,Johnson,republican,5,null,FALSE
11/08/1960,Ohio,FALSE,MacDonald Jr.,democrat,1,null,FALSE
11/08/1960,Oklahoma,FALSE,Johnson,republican,15,null,FALSE
11/08/1960,Oregon,FALSE,MacDonald Jr.,democrat,1,null,FALSE
11/08/1960,Pennsylvania,FALSE,MacDonald Jr.,democrat,15,null,FALSE
11/08/1960,Rhode Island,FALSE,MacDonald Jr.,democrat,15,null,FALSE
11/08/1960,South Carolina,FALSE,Johnson,republican,15,null,FALSE
11/08/1960,South Dakota,FALSE,Johnson,republican,5,null,FALSE
11/08/1960,Tennessee,FALSE,Johnson,republican,15,null,FALSE
11/08/1960,Texas,FALSE,Johnson,republican,15,null,FALSE
11/08/1960,Texas,FALSE,MacDonald Jr.,democrat,0,null,FALSE
11/08/1960,Utah,FALSE,Johnson,republican,15,null,FALSE
11/08/1960,Vermont,FALSE,MacDonald Jr.,democrat,15,null,FALSE
11/08/1960,Virginia,FALSE,MacDonald Jr.,democrat,1,null,FALSE
11/08/1960,Washington,FALSE,MacDonald Jr.,democrat,15,null,FALSE
11/08/1960,West Virginia,FALSE,Johnson,republican,15,null,FALSE
11/08/1960,Wisconsin,FALSE,MacDonald Jr.,democrat,15,null,FALSE
11/08/1960,Wyoming,FALSE,Johnson,republican,15,null,FALSE
11/08/1960,National Popular Vote,FALSE,Independent,INDGEN,0,null,TRUE
11/08/1960,National Popular Vote,FALSE,MacDonald Jr.,democrat,54,undefined,TRUE
11/08/1960,National Popular Vote,FALSE,Johnson,republican,46,undefined,TRUE
11/3/1964,Alabama,FALSE,Johnson,republican,15,null,FALSE
11/3/1964,Alaska,FALSE,Johnson,republican,15,null,FALSE
11/3/1964,Alaska,FALSE,Independent,INDGEN,0,null,FALSE
11/3/1964,Alaska,FALSE,MacDonald Jr.,democrat,0,null,FALSE
11/3/1964,Arizona,FALSE,Johnson,republican,15,null,FALSE
11/3/1964,Arkansas,FALSE,MacDonald Jr.,democrat,15,null,FALSE
11/3/1964,California,FALSE,MacDonald Jr.,democrat,15,null,FALSE
11/3/1964,Colorado,FALSE,Johnson,republican,1,null,FALSE
11/3/1964,Connecticut,FALSE,MacDonald Jr.,democrat,15,null,FALSE
11/3/1964,Delaware,FALSE,MacDonald Jr.,democrat,15,null,FALSE
11/3/1964,District of Columbia,FALSE,MacDonald Jr.,democrat,15,null,FALSE
11/3/1964,Florida,FALSE,MacDonald Jr.,democrat,1,null,FALSE
11/3/1964,Georgia,FALSE,Johnson,republican,5,null,FALSE
11/3/1964,Hawaii,FALSE,MacDonald Jr.,democrat,1,null,FALSE
11/3/1964,Idaho,FALSE,Johnson,republican,15,null,FALSE
11/3/1964,Illinois,FALSE,MacDonald Jr.,democrat,15,null,FALSE
11/3/1964,Indiana,FALSE,MacDonald Jr.,democrat,50.42,null,FALSE
11/3/1964,Indiana,FALSE,Johnson,republican,49.58,null,FALSE
11/3/1964,Iowa,FALSE,MacDonald Jr.,democrat,5,null,FALSE
11/3/1964,Kansas,FALSE,Johnson,republican,15,null,FALSE
11/3/1964,Kentucky,FALSE,Johnson,republican,15,null,FALSE
11/3/1964,Louisiana,FALSE,MacDonald Jr.,democrat,5,null,FALSE
11/3/1964,Maine 1st CD,ME-1,MacDonald Jr.,democrat,15,null,FALSE
11/3/1964,Maine 2nd CD,ME-2,Johnson,republican,15,null,FALSE
11/3/1964,Maine,FALSE,Johnson,republican,1,null,FALSE
11/3/1964,Maryland,FALSE,MacDonald Jr.,democrat,5,null,FALSE
11/3/1964,Massachusetts,FALSE,MacDonald Jr.,democrat,15,null,FALSE
11/3/1964,Michigan,FALSE,MacDonald Jr.,democrat,5,null,FALSE
11/3/1964,Michigan,FALSE,Stevens,republican,0,null,FALSE
11/3/1964,Minnesota,FALSE,MacDonald Jr.,democrat,15,null,FALSE
11/3/1964,Mississippi,FALSE,Johnson,republican,15,null,FALSE
11/3/1964,Missouri,FALSE,MacDonald Jr.,democrat,5,null,FALSE
11/3/1964,Montana,FALSE,Johnson,republican,5,null,FALSE
11/3/1964,NE-1,TRUE,Independent,INDGEN,0,null,FALSE
11/3/1964,NE-2,TRUE,Independent,INDGEN,0,null,FALSE
11/3/1964,NE-3,TRUE,Independent,INDGEN,0,null,FALSE
11/3/1964,Nebraska,FALSE,Johnson,republican,15,null,FALSE
11/3/1964,Nevada,FALSE,Johnson,republican,5,null,FALSE
11/3/1964,New Hampshire,FALSE,MacDonald Jr.,democrat,1,null,FALSE
11/3/1964,New Jersey,FALSE,MacDonald Jr.,democrat,15,null,FALSE
11/3/1964,New Mexico,FALSE,MacDonald Jr.,democrat,1,null,FALSE
11/3/1964,New York,FALSE,MacDonald Jr.,democrat,15,null,FALSE
11/3/1964,North Carolina,FALSE,Johnson,republican,1,null,FALSE
11/3/1964,North Dakota,FALSE,Johnson,republican,5,null,FALSE
11/3/1964,Ohio,FALSE,MacDonald Jr.,democrat,1,null,FALSE
11/3/1964,Oklahoma,FALSE,Johnson,republican,15,null,FALSE
11/3/1964,Oregon,FALSE,MacDonald Jr.,democrat,5,null,FALSE
11/3/1964,Pennsylvania,FALSE,MacDonald Jr.,democrat,15,null,FALSE
11/3/1964,Rhode Island,FALSE,MacDonald Jr.,democrat,15,null,FALSE
11/3/1964,South Carolina,FALSE,Johnson,republican,15,null,FALSE
11/3/1964,South Dakota,FALSE,Johnson,republican,5,null,FALSE
11/3/1964,Tennessee,FALSE,Johnson,republican,15,null,FALSE
11/3/1964,Texas,FALSE,Johnson,republican,15,null,FALSE
11/3/1964,Texas,FALSE,MacDonald Jr.,democrat,0,null,FALSE
11/3/1964,Utah,FALSE,Johnson,republican,15,null,FALSE
11/3/1964,Vermont,FALSE,MacDonald Jr.,democrat,15,null,FALSE
11/3/1964,Virginia,FALSE,MacDonald Jr.,democrat,1,null,FALSE
11/3/1964,Washington,FALSE,MacDonald Jr.,democrat,15,null,FALSE
11/3/1964,West Virginia,FALSE,Johnson,republican,15,null,FALSE
11/3/1964,Wisconsin,FALSE,MacDonald Jr.,democrat,5,null,FALSE
11/3/1964,Wyoming,FALSE,Johnson,republican,15,null,FALSE
11/3/1964,National Popular Vote,FALSE,MacDonald Jr.,democrat,54,null,TRUE
11/3/1964,National Popular Vote,FALSE,Johnson,republican,46,null,TRUE
11/3/1964,National Popular Vote,FALSE,Independent,INDGEN,0,null,TRUE
11/5/1968,Alabama,FALSE,Stevens,republican,15,undefined,FALSE
11/5/1968,Alabama,FALSE,MacDonald Jr.,democrat,0,undefined,FALSE
11/5/1968,Alaska,FALSE,Stevens,republican,15,undefined,FALSE
11/5/1968,Arizona,FALSE,Stevens,republican,15,undefined,FALSE
11/5/1968,Arkansas,FALSE,MacDonald Jr.,democrat,15,undefined,FALSE
11/5/1968,California,FALSE,MacDonald Jr.,democrat,15,undefined,FALSE
11/5/1968,Colorado,FALSE,Stevens,republican,1,undefined,FALSE
11/5/1968,Connecticut,FALSE,Independent,INDGEN,0,null,FALSE
11/5/1968,Connecticut,FALSE,MacDonald Jr.,democrat,15,undefined,FALSE
11/5/1968,Connecticut,FALSE,Stevens,republican,0,undefined,FALSE
11/5/1968,Delaware,FALSE,MacDonald Jr.,democrat,15,undefined,FALSE
11/5/1968,District of Columbia,FALSE,MacDonald Jr.,democrat,15,undefined,FALSE
11/5/1968,Florida,FALSE,MacDonald Jr.,democrat,50.39,undefined,FALSE
11/5/1968,Florida,FALSE,Stevens,republican,49.61,undefined,FALSE
11/5/1968,Georgia,FALSE,Stevens,republican,5,undefined,FALSE
11/5/1968,Hawaii,FALSE,MacDonald Jr.,democrat,1,undefined,FALSE
11/5/1968,Idaho,FALSE,Stevens,republican,15,undefined,FALSE
11/5/1968,Illinois,FALSE,MacDonald Jr.,democrat,15,undefined,FALSE
11/5/1968,Indiana,FALSE,Stevens,republican,1,undefined,TRUE
11/5/1968,Indiana,FALSE,MacDonald Jr.,democrat,0,undefined,TRUE
11/5/1968,Iowa,FALSE,MacDonald Jr.,democrat,5,undefined,FALSE
11/5/1968,Kansas,FALSE,Stevens,republican,15,undefined,FALSE
11/5/1968,Kentucky,FALSE,Stevens,republican,15,undefined,FALSE
11/5/1968,Louisiana,FALSE,MacDonald Jr.,democrat,5,undefined,FALSE
11/5/1968,Maine 1st CD,ME-1,MacDonald Jr.,democrat,15,undefined,FALSE
11/5/1968,Maine 2nd CD,ME-2,Stevens,republican,5,undefined,FALSE
11/5/1968,Maine,FALSE,MacDonald Jr.,democrat,5,undefined,TRUE
11/5/1968,Maryland,FALSE,MacDonald Jr.,democrat,5,undefined,FALSE
11/5/1968,Massachusetts,FALSE,MacDonald Jr.,democrat,15,undefined,FALSE
11/5/1968,Michigan,FALSE,MacDonald Jr.,democrat,5,undefined,FALSE
11/5/1968,Minnesota,FALSE,MacDonald Jr.,democrat,15,undefined,FALSE
11/5/1968,Mississippi,FALSE,Stevens,republican,15,undefined,FALSE
11/5/1968,Missouri,FALSE,MacDonald Jr.,democrat,5,undefined,FALSE
11/5/1968,Montana,FALSE,Stevens,republican,5,undefined,FALSE
11/5/1968,NE-1,TRUE,Independent,INDGEN,0,null,FALSE
11/5/1968,NE-2,TRUE,Independent,INDGEN,0,null,FALSE
11/5/1968,NE-3,TRUE,Independent,INDGEN,0,null,FALSE
11/5/1968,Nebraska,FALSE,Stevens,republican,15,undefined,FALSE
11/5/1968,Nevada,FALSE,Stevens,republican,5,undefined,FALSE
11/5/1968,New Hampshire,FALSE,MacDonald Jr.,democrat,1,undefined,FALSE
11/5/1968,New Jersey,FALSE,MacDonald Jr.,democrat,15,undefined,FALSE
11/5/1968,New Mexico,FALSE,MacDonald Jr.,democrat,1,undefined,FALSE
11/5/1968,New York,FALSE,MacDonald Jr.,democrat,15,undefined,FALSE
11/5/1968,North Carolina,FALSE,Stevens,republican,1,undefined,FALSE
11/5/1968,North Carolina,FALSE,MacDonald Jr.,democrat,0,undefined,FALSE
11/5/1968,North Dakota,FALSE,Stevens,republican,5,undefined,FALSE
11/5/1968,Ohio,FALSE,MacDonald Jr.,democrat,1,undefined,FALSE
11/5/1968,Oklahoma,FALSE,Stevens,republican,15,undefined,FALSE
11/5/1968,Oregon,FALSE,MacDonald Jr.,democrat,5,undefined,FALSE
11/5/1968,Pennsylvania,FALSE,MacDonald Jr.,democrat,15,undefined,FALSE
11/5/1968,Rhode Island,FALSE,MacDonald Jr.,democrat,15,undefined,FALSE
11/5/1968,South Carolina,FALSE,Stevens,republican,15,undefined,FALSE
11/5/1968,South Dakota,FALSE,Stevens,republican,5,undefined,FALSE
11/5/1968,Tennessee,FALSE,Stevens,republican,15,undefined,FALSE
11/5/1968,Texas,FALSE,Stevens,republican,15,undefined,FALSE
11/5/1968,Utah,FALSE,Stevens,republican,15,undefined,FALSE
11/5/1968,Vermont,FALSE,MacDonald Jr.,democrat,15,undefined,FALSE
11/5/1968,Virginia,FALSE,MacDonald Jr.,democrat,1,undefined,FALSE
11/5/1968,Washington,FALSE,MacDonald Jr.,democrat,15,undefined,FALSE
11/5/1968,West Virginia,FALSE,Stevens,republican,15,undefined,FALSE
11/5/1968,West Virginia,FALSE,MacDonald Jr.,democrat,0,undefined,FALSE
11/5/1968,Wisconsin,FALSE,MacDonald Jr.,democrat,5,undefined,FALSE
11/5/1968,Wyoming,FALSE,Stevens,republican,15,undefined,FALSE
11/5/1968,National Popular Vote,FALSE,MacDonald Jr.,democrat,53,undefined,TRUE
11/5/1968,National Popular Vote,FALSE,Stevens,republican,47,undefined,TRUE
11/07/1972,Alabama,FALSE,Duchey,republican,15,null,FALSE
11/07/1972,Alaska,FALSE,Duchey,republican,15,null,FALSE
11/07/1972,Arizona,FALSE,Duchey,republican,15,null,FALSE
11/07/1972,Arkansas,FALSE,Duchey,republican,1,null,TRUE
11/07/1972,California,FALSE,Donnelly,democrat,15,null,FALSE
11/07/1972,Colorado,FALSE,Duchey,republican,5,null,FALSE
11/07/1972,Connecticut,FALSE,Donnelly,democrat,15,null,FALSE
11/07/1972,Delaware,FALSE,Donnelly,democrat,15,null,FALSE
11/07/1972,District of Columbia,FALSE,Donnelly,democrat,15,null,FALSE
11/07/1972,District of Columbia,FALSE,Independent,INDGEN,0,null,FALSE
11/07/1972,District of Columbia,FALSE,Duchey,republican,0,null,FALSE
11/07/1972,Florida,FALSE,Duchey,republican,1,null,TRUE
11/07/1972,Georgia,FALSE,Duchey,republican,15,null,FALSE
11/07/1972,Hawaii,FALSE,Duchey,republican,1,null,TRUE
11/07/1972,Idaho,FALSE,Duchey,republican,15,null,FALSE
11/07/1972,Illinois,FALSE,Donnelly,democrat,15,null,FALSE
11/07/1972,Indiana,FALSE,Duchey,republican,5,null,FALSE
11/07/1972,Iowa,FALSE,Duchey,republican,47.44,null,TRUE
11/07/1972,Iowa,FALSE,Donnelly,democrat,46.90,null,TRUE
11/07/1972,Iowa,FALSE,Starker,CUSTOM1,5.66,null,FALSE
11/07/1972,Kansas,FALSE,Duchey,republican,15,null,FALSE
11/07/1972,Kentucky,FALSE,Duchey,republican,15,null,FALSE
11/07/1972,Louisiana,FALSE,Duchey,republican,5,null,TRUE
11/07/1972,Maine 1st CD,ME-1,Donnelly,democrat,15,null,FALSE
11/07/1972,Maine 2nd CD,ME-2,Duchey,republican,5,null,FALSE
11/07/1972,Maine,FALSE,Donnelly,democrat,5,null,FALSE
11/07/1972,Maryland,FALSE,Donnelly,democrat,5,null,FALSE
11/07/1972,Massachusetts,FALSE,Donnelly,democrat,15,null,FALSE
11/07/1972,Michigan,FALSE,Duchey,republican,47.73,null,TRUE
11/07/1972,Michigan,FALSE,Donnelly,democrat,47.45,null,TRUE 
11/07/1972,Michigan,FALSE,Starker,CUSTOM1,4.82,null,FALSE
11/07/1972,Minnesota,FALSE,Donnelly,democrat,5,null,FALSE
11/07/1972,Mississippi,FALSE,Duchey,republican,15,null,FALSE
11/07/1972,Missouri,FALSE,Duchey,republican,5,null,TRUE
11/07/1972,Montana,FALSE,Duchey,republican,15,null,FALSE
11/07/1972,NE-1,TRUE,Independent,INDGEN,0,null,FALSE
11/07/1972,NE-2,TRUE,Independent,INDGEN,0,null,FALSE
11/07/1972,NE-3,TRUE,Independent,INDGEN,0,null,FALSE
11/07/1972,Nebraska,FALSE,Duchey,republican,15,null,FALSE
11/07/1972,Nevada,FALSE,Duchey,republican,15,null,FALSE
11/07/1972,New Hampshire,FALSE,Duchey,republican,1,null,TRUE
11/07/1972,New Hampshire,FALSE,Donnelly,democrat,0,null,TRUE
11/07/1972,New Jersey,FALSE,Donnelly,democrat,15,null,FALSE
11/07/1972,New Mexico,FALSE,Duchey,republican,46.495,null,TRUE
11/07/1972,New Mexico,FALSE,Donnelly,democrat,46.075,null,TRUE
11/07/1972,New Mexico,FALSE,Starker,CUSTOM1,7.43,null,FALSE
11/07/1972,New York,FALSE,Donnelly,democrat,15,null,FALSE
11/07/1972,North Carolina,FALSE,Duchey,republican,5,null,FALSE
11/07/1972,North Dakota,FALSE,Duchey,republican,15,null,FALSE
11/07/1972,Ohio,FALSE,Duchey,republican,48.07,null,TRUE
11/07/1972,Ohio,FALSE,Donnelly,democrat,47.15,null,TRUE 
11/07/1972,Ohio,FALSE,Starker,CUSTOM1,4.78,null,FALSE
11/07/1972,Oklahoma,FALSE,Duchey,republican,15,null,FALSE
11/07/1972,Oregon,FALSE,Donnelly,democrat,5,null,FALSE
11/07/1972,Pennsylvania,FALSE,Donnelly,democrat,1,null,FALSE
11/07/1972,Rhode Island,FALSE,Donnelly,democrat,51,null,FALSE
11/07/1972,South Carolina,FALSE,Duchey,republican,15,null,FALSE
11/07/1972,South Dakota,FALSE,Duchey,republican,15,null,FALSE
11/07/1972,Tennessee,FALSE,Duchey,republican,15,null,FALSE
11/07/1972,Texas,FALSE,Duchey,republican,15,null,FALSE
11/07/1972,Utah,FALSE,Duchey,republican,15,null,FALSE
11/07/1972,Vermont,FALSE,Donnelly,democrat,15,null,FALSE
11/07/1972,Virginia,FALSE,Duchey,republican,1,null,TRUE
11/07/1972,Washington,FALSE,Donnelly,democrat,15,null,FALSE
11/07/1972,West Virginia,FALSE,Duchey,republican,15,null,FALSE
11/07/1972,Wisconsin,FALSE,Duchey,republican,47.84,null,TRUE
11/07/1972,Wisconsin,FALSE,Donnelly,democrat,47.14,null,TRUE
11/07/1972,Wisconsin,FALSE,Starker,CUSTOM1,5.02,null,FALSE
11/07/1972,Wyoming,FALSE,Duchey,republican,15,null,FALSE
11/07/1972,National Popular Vote,FALSE,Donnelly,democrat,48,null,FALSE
11/07/1972,National Popular Vote,FALSE,Duchey,republican,47,null,FALSE
11/07/1972,National Popular Vote,FALSE,Starker,CUSTOM1,5,null,FALSE
11/2/1976,Alabama,FALSE,Duchey,republican,15,null,FALSE
11/2/1976,Alaska,FALSE,Duchey,republican,15,null,FALSE
11/2/1976,Alaska,FALSE,Independent,INDGEN,0,null,FALSE
11/2/1976,Alaska,FALSE,Kingston,democrat,0,null,FALSE
11/2/1976,Arizona,FALSE,Duchey,republican,15,null,FALSE
11/2/1976,Arkansas,FALSE,Duchey,republican,5,null,FALSE
11/2/1976,California,FALSE,Kingston,democrat,15,null,FALSE
11/2/1976,Colorado,FALSE,Duchey,republican,5,null,FALSE
11/2/1976,Connecticut,FALSE,Kingston,democrat,15,null,FALSE
11/2/1976,Delaware,FALSE,Kingston,democrat,15,null,FALSE
11/2/1976,District of Columbia,FALSE,Kingston,democrat,15,null,FALSE
11/2/1976,Florida,FALSE,Kingston,democrat,1,null,TRUE
11/2/1976,Georgia,FALSE,Duchey,republican,5,null,FALSE
11/2/1976,Hawaii,FALSE,Kingston,democrat,5,null,TRUE
11/2/1976,Hawaii,FALSE,Duchey,republican,0,null,TRUE
11/2/1976,Idaho,FALSE,Duchey,republican,15,null,FALSE
11/2/1976,Illinois,FALSE,Kingston,democrat,15,null,FALSE
11/2/1976,Indiana,FALSE,Duchey,republican,5,null,FALSE
11/2/1976,Iowa,FALSE,Kingston,democrat,50.38,null,TRUE
11/2/1976,Iowa,FALSE,Duchey,republican,49.62,null,TRUE
11/2/1976,Kansas,FALSE,Duchey,republican,15,null,FALSE
11/2/1976,Kentucky,FALSE,Duchey,republican,15,null,FALSE
11/2/1976,Louisiana,FALSE,Duchey,republican,5,null,FALSE
11/2/1976,Maine 1st CD,ME-1,Kingston,democrat,15,null,FALSE
11/2/1976,Maine 2nd CD,ME-2,Duchey,republican,5,null,FALSE
11/2/1976,Maine,FALSE,Kingston,democrat,5,null,FALSE
11/2/1976,Maryland,FALSE,Kingston,democrat,15,null,FALSE
11/2/1976,Massachusetts,FALSE,Kingston,democrat,15,null,FALSE
11/2/1976,Michigan,FALSE,Kingston,democrat,1,null,TRUE
11/2/1976,Minnesota,FALSE,Kingston,democrat,5,null,FALSE
11/2/1976,Mississippi,FALSE,Duchey,republican,15,null,FALSE
11/2/1976,Missouri,FALSE,Duchey,republican,5,null,FALSE
11/2/1976,Montana,FALSE,Duchey,republican,15,null,FALSE
11/2/1976,NE-1,TRUE,Independent,INDGEN,0,null,FALSE
11/2/1976,NE-2,TRUE,Independent,INDGEN,0,null,FALSE
11/2/1976,NE-3,TRUE,Independent,INDGEN,0,null,FALSE
11/2/1976,Nebraska,FALSE,Duchey,republican,15,null,FALSE
11/2/1976,Nevada,FALSE,Duchey,republican,5,null,FALSE
11/2/1976,New Hampshire,FALSE,Kingston,democrat,1,null,TRUE
11/2/1976,New Jersey,FALSE,Kingston,democrat,15,null,FALSE
11/2/1976,New Mexico,FALSE,Kingston,democrat,1,null,TRUE
11/2/1976,New York,FALSE,Kingston,democrat,15,null,FALSE
11/2/1976,North Carolina,FALSE,Kingston,democrat,50.17,null,TRUE
11/2/1976,North Carolina,FALSE,Duchey,republican,49.83,null,TRUE
11/2/1976,North Dakota,FALSE,Duchey,republican,15,null,FALSE
11/2/1976,Ohio,FALSE,Kingston,democrat,50.40,null,TRUE
11/2/1976,Ohio,FALSE,Duchey,republican,49.80,null,TRUE
11/2/1976,Oklahoma,FALSE,Duchey,republican,15,null,FALSE
11/2/1976,Oregon,FALSE,Kingston,democrat,15,null,FALSE
11/2/1976,Pennsylvania,FALSE,Kingston,democrat,5,null,FALSE
11/2/1976,Rhode Island,FALSE,Kingston,democrat,15,null,FALSE
11/2/1976,Rhode Island,FALSE,Duchey,republican,0,null,FALSE
11/2/1976,South Carolina,FALSE,Duchey,republican,15,null,FALSE
11/2/1976,South Dakota,FALSE,Duchey,republican,15,null,FALSE
11/2/1976,Tennessee,FALSE,Duchey,republican,15,null,FALSE
11/2/1976,Texas,FALSE,Duchey,republican,15,null,FALSE
11/2/1976,Utah,FALSE,Duchey,republican,15,null,FALSE
11/2/1976,Vermont,FALSE,Kingston,democrat,15,null,FALSE
11/2/1976,Virginia,FALSE,Kingston,democrat,1,null,TRUE
11/2/1976,Washington,FALSE,Kingston,democrat,15,null,FALSE
11/2/1976,West Virginia,FALSE,Duchey,republican,15,null,FALSE
11/2/1976,Wisconsin,FALSE,Kingston,democrat,50.32,null,TRUE
11/2/1976,Wisconsin,FALSE,Duchey,republican,49.68,null,TRUE
11/2/1976,Wyoming,FALSE,Duchey,republican,15,null,FALSE
11/2/1976,National Popular Vote,FALSE,Kingston,democrat,52,undefined,FALSE
11/2/1976,National Popular Vote,FALSE,Duchey,republican,48,undefined,FALSE
11/4/1980,Alabama,FALSE,Dolan,republican,15,null,FALSE
11/4/1980,Alaska,FALSE,Dolan,republican,15,null,FALSE
11/4/1980,Arizona,FALSE,Thatcher,CUSTOM2,1,null,TRUE
11/4/1980,Arkansas,FALSE,Dolan,republican,5,null,FALSE
11/4/1980,California,FALSE,Kingston,democrat,15,null,FALSE
11/4/1980,Colorado,FALSE,Thatcher,CUSTOM2,1,null,TRUE
11/4/1980,Colorado,FALSE,Kingston,democrat,0,null,TRUE
11/4/1980,Connecticut,FALSE,Kingston,democrat,15,null,FALSE
11/4/1980,Delaware,FALSE,Kingston,democrat,15,null,FALSE
11/4/1980,District of Columbia,FALSE,Kingston,democrat,15,null,FALSE
11/4/1980,Florida,FALSE,Kingston,democrat,50.44,null,FALSE
11/4/1980,Florida,FALSE,Dolan,republican,49.56,null,FALSE
11/4/1980,Florida,FALSE,Thatcher,CUSTOM2,0,null,FALSE
11/4/1980,Georgia,FALSE,Dolan,republican,5,null,FALSE
11/4/1980,Hawaii,FALSE,Kingston,democrat,5,null,FALSE
11/4/1980,Idaho,FALSE,Thatcher,CUSTOM2,5,null,TRUE
11/4/1980,Idaho,FALSE,Kingston,democrat,0,null,TRUE
11/4/1980,Illinois,FALSE,Kingston,democrat,15,null,FALSE
11/4/1980,Indiana,FALSE,Dolan,republican,5,null,FALSE
11/4/1980,Iowa,FALSE,Kingston,democrat,1,null,FALSE
11/4/1980,Kansas,FALSE,Thatcher,CUSTOM2,1,null,TRUE
11/4/1980,Kansas,FALSE,Kingston,democrat,0,null,TRUE
11/4/1980,Kentucky,FALSE,Dolan,republican,15,null,FALSE
11/4/1980,Louisiana,FALSE,Dolan,republican,5,null,FALSE
11/4/1980,Maine 1st CD,ME-1,Kingston,democrat,15,null,FALSE
11/4/1980,Maine 2nd CD,ME-2,Dolan,republican,1,null,FALSE
11/4/1980,Maine,FALSE,Kingston,democrat,5,null,FALSE
11/4/1980,Maryland,FALSE,Kingston,democrat,15,null,FALSE
11/4/1980,Massachusetts,FALSE,Kingston,democrat,15,null,FALSE
11/4/1980,Michigan,FALSE,Kingston,democrat,1,null,FALSE
11/4/1980,Minnesota,FALSE,Kingston,democrat,5,null,FALSE
11/4/1980,Mississippi,FALSE,Dolan,republican,15,null,FALSE
11/4/1980,Missouri,FALSE,Dolan,republican,5,null,FALSE
11/4/1980,Missouri,FALSE,Kingston,democrat,0,null,FALSE
11/4/1980,Montana,FALSE,Thatcher,CUSTOM2,1,null,TRUE
11/4/1980,Montana,FALSE,Kingston,democrat,0,null,TRUE
11/4/1980,NE-1,TRUE,Independent,INDGEN,0,null,FALSE
11/4/1980,NE-2,TRUE,Independent,INDGEN,0,null,FALSE
11/4/1980,NE-3,TRUE,Independent,INDGEN,0,null,FALSE
11/4/1980,Nebraska,FALSE,Thatcher,CUSTOM2,1,null,TRUE
11/4/1980,Nebraska,FALSE,Kingston,democrat,0,null,TRUE
11/4/1980,Nevada,FALSE,Dolan,republican,1,null,FALSE
11/4/1980,Nevada,FALSE,Thatcher,CUSTOM2,0,null,FALSE
11/4/1980,Nevada,FALSE,Kingston,democrat,0,null,FALSE
11/4/1980,New Hampshire,FALSE,Kingston,democrat,1,null,FALSE
11/4/1980,New Jersey,FALSE,Kingston,democrat,15,null,FALSE
11/4/1980,New Mexico,FALSE,Thatcher,CUSTOM2,50.14,null,TRUE
11/4/1980,New Mexico,FALSE,Kingston,democrat,49.86,null,TRUE
11/4/1980,New York,FALSE,Kingston,democrat,15,null,FALSE
11/4/1980,North Carolina,FALSE,Kingston,democrat,1,null,FALSE
11/4/1980,North Dakota,FALSE,Thatcher,CUSTOM2,1,null,TRUE
11/4/1980,North Dakota,FALSE,Kingston,democrat,0,null,TRUE
11/4/1980,Ohio,FALSE,Kingston,democrat,1,null,FALSE
11/4/1980,Oklahoma,FALSE,Thatcher,CUSTOM2,1,null,TRUE
11/4/1980,Oklahoma,FALSE,Kingston,democrat,0,null,TRUE
11/4/1980,Oregon,FALSE,Kingston,democrat,15,null,FALSE
11/4/1980,Pennsylvania,FALSE,Kingston,democrat,5,null,FALSE
11/4/1980,Rhode Island,FALSE,Kingston,democrat,15,null,FALSE
11/4/1980,South Carolina,FALSE,Dolan,republican,15,null,FALSE
11/4/1980,South Dakota,FALSE,Thatcher,CUSTOM2,1,null,TRUE
11/4/1980,South Dakota,FALSE,Kingston,democrat,0,null,TRUE
11/4/1980,Tennessee,FALSE,Dolan,republican,15,null,FALSE
11/4/1980,Texas,FALSE,Dolan,republican,5,null,FALSE
11/4/1980,Texas,FALSE,Kingston,democrat,0,null,FALSE
11/4/1980,Utah,FALSE,Thatcher,CUSTOM2,5,null,TRUE
11/4/1980,Utah,FALSE,Kingston,democrat,0,null,TRUE
11/4/1980,Vermont,FALSE,Kingston,democrat,15,null,FALSE
11/4/1980,Virginia,FALSE,Kingston,democrat,1,null,FALSE
11/4/1980,Washington,FALSE,Kingston,democrat,15,null,FALSE
11/4/1980,West Virginia,FALSE,Dolan,republican,15,null,FALSE
11/4/1980,Wisconsin,FALSE,Kingston,democrat,1,null,FALSE
11/4/1980,Wyoming,FALSE,Thatcher,CUSTOM2,5,null,TRUE
11/4/1980,Wyoming,FALSE,Kingston,democrat,0,null,TRUE
11/4/1980,National Popular Vote,FALSE,Kingston,democrat,37,null,FALSE
11/4/1980,National Popular Vote,FALSE,Dolan,republican,33,null,FALSE
11/4/1980,National Popular Vote,FALSE,Thatcher,CUSTOM2,30,null,FALSE
11/6/1984,Alabama,FALSE,Dolan,REP,73.89,null,FALSE
11/6/1984,Alabama,FALSE,Kingston,DEM,26.11,null,FALSE
11/6/1984,Alaska,FALSE,Dolan,REP,62.29,null,FALSE
11/6/1984,Alaska,FALSE,Kingston,DEM,37.71,null,FALSE
11/6/1984,Arizona,FALSE,Dolan,REP,59.73,null,TRUE
11/6/1984,Arizona,FALSE,Kingston,DEM,40.27,null,TRUE
11/6/1984,Arkansas,FALSE,Dolan,REP,54.09,null,FALSE
11/6/1984,Arkansas,FALSE,Kingston,DEM,45.91,null,FALSE
11/6/1984,California,FALSE,Kingston,DEM,62.05,null,FALSE
11/6/1984,California,FALSE,Dolan,REP,37.95,null,FALSE
11/6/1984,Colorado,FALSE,Dolan,REP,53.42,null,TRUE
11/6/1984,Colorado,FALSE,Kingston,DEM,46.58,null,TRUE
11/6/1984,Connecticut,FALSE,Kingston,DEM,60.01,null,FALSE
11/6/1984,Connecticut,FALSE,Dolan,REP,39.99,null,FALSE
11/6/1984,Delaware,FALSE,Kingston,DEM,59.91,null,FALSE
11/6/1984,Delaware,FALSE,Dolan,REP,40.09,undefined,FALSE
11/6/1984,District of Columbia,FALSE,Kingston,DEM,92.98,null,FALSE
11/6/1984,District of Columbia,FALSE,Dolan,REP,7.02,null,FALSE
11/6/1984,Florida,FALSE,Kingston,DEM,51.41,null,FALSE
11/6/1984,Florida,FALSE,Dolan,REP,48.59,null,FALSE
11/6/1984,Georgia,FALSE,Dolan,REP,54.91,null,FALSE
11/6/1984,Georgia,FALSE,Kingston,DEM,45.09,null,FALSE
11/6/1984,Hawaii,FALSE,Kingston,DEM,54.63,null,FALSE
11/6/1984,Hawaii,FALSE,Dolan,REP,45.37,null,FALSE
11/6/1984,Idaho,FALSE,Dolan,REP,58.3,null,TRUE
11/6/1984,Idaho,FALSE,Kingston,DEM,26.18,null,TRUE
11/6/1984,Idaho,FALSE,Independent,INDGEN,15.52,null,TRUE
11/6/1984,Illinois,FALSE,Kingston,DEM,60.58,null,FALSE
11/6/1984,Illinois,FALSE,Dolan,REP,39.42,null,FALSE
11/6/1984,Indiana,FALSE,Dolan,REP,53.97,null,FALSE
11/6/1984,Indiana,FALSE,Kingston,DEM,46.03,null,FALSE
11/6/1984,Iowa,FALSE,Kingston,DEM,52.09,null,FALSE
11/6/1984,Iowa,FALSE,Dolan,REP,47.92,null,FALSE
11/6/1984,Kansas,FALSE,Dolan,REP,53.95,null,TRUE
11/6/1984,Kansas,FALSE,Kingston,DEM,34.75,null,TRUE
11/6/1984,Kansas,FALSE,Independent,INDGEN,11.3,null,TRUE
11/6/1984,Kentucky,FALSE,Dolan,REP,62.56,null,FALSE
11/6/1984,Kentucky,FALSE,Kingston,DEM,37.44,null,FALSE
11/6/1984,Louisiana,FALSE,Dolan,REP,55.62,null,FALSE
11/6/1984,Louisiana,FALSE,Kingston,DEM,44.38,null,FALSE
11/6/1984,Maine 1st CD,ME-1,Kingston,DEM,60.6,null,FALSE
11/6/1984,Maine 1st CD,ME-1,Dolan,REP,39.4,null,FALSE
11/6/1984,Maine 2nd CD,ME-2,Kingston,DEM,51.78,null,TRUE
11/6/1984,Maine 2nd CD,ME-2,Dolan,REP,48.22,null,TRUE
11/6/1984,Maine,FALSE,Kingston,DEM,56.42,null,FALSE
11/6/1984,Maine,FALSE,Dolan,REP,43.58,null,FALSE
11/6/1984,Maryland,FALSE,Kingston,DEM,61.07,null,FALSE
11/6/1984,Maryland,FALSE,Dolan,REP,38.93,null,FALSE
11/6/1984,Massachusetts,FALSE,Kingston,DEM,65.23,null,FALSE
11/6/1984,Massachusetts,FALSE,Dolan,REP,34.77,null,FALSE
11/6/1984,Michigan,FALSE,Kingston,DEM,52.61,null,FALSE
11/6/1984,Michigan,FALSE,Dolan,REP,47.39,null,FALSE
11/6/1984,Minnesota,FALSE,Kingston,DEM,55.74,null,FALSE
11/6/1984,Minnesota,FALSE,Dolan,REP,44.26,null,FALSE
11/6/1984,Mississippi,FALSE,Dolan,REP,61.35,null,FALSE
11/6/1984,Mississippi,FALSE,Kingston,DEM,38.65,null,FALSE
11/6/1984,Missouri,FALSE,Dolan,REP,52.9,null,FALSE
11/6/1984,Missouri,FALSE,Kingston,DEM,47.1,null,FALSE
11/6/1984,Montana,FALSE,Dolan,REP,42.83,null,TRUE
11/6/1984,Montana,FALSE,Kingston,DEM,33,null,TRUE
11/6/1984,Montana,FALSE,Independent,INDGEN,24.17,null,TRUE
11/6/1984,Nebraska,FALSE,Dolan,REP,54.82,null,TRUE
11/6/1984,Nebraska,FALSE,Kingston,DEM,32.76,null,TRUE
11/6/1984,Nebraska,FALSE,Independent,INDGEN,12.42,null,TRUE
11/6/1984,Nevada,FALSE,Dolan,REP,54.11,null,FALSE
11/6/1984,Nevada,FALSE,Kingston,DEM,45.89,null,FALSE
11/6/1984,New Hampshire,FALSE,Kingston,DEM,50.17,null,FALSE
11/6/1984,New Hampshire,FALSE,Dolan,REP,49.83,null,FALSE
11/6/1984,New Jersey,FALSE,Kingston,DEM,58.92,null,FALSE
11/6/1984,New Jersey,FALSE,Dolan,REP,41.08,null,FALSE
11/6/1984,New Mexico,FALSE,Kingston,DEM,51.88,null,TRUE
11/6/1984,New Mexico,FALSE,Dolan,REP,48.12,null,TRUE
11/6/1984,New York,FALSE,Kingston,DEM,63.16,null,FALSE
11/6/1984,New York,FALSE,Dolan,REP,36.84,null,FALSE
11/6/1984,North Carolina,FALSE,Dolan,REP,50.63,null,TRUE
11/6/1984,North Carolina,FALSE,Kingston,DEM,49.37,null,TRUE
11/6/1984,North Dakota,FALSE,Dolan,REP,49.345,null,TRUE
11/6/1984,North Dakota,FALSE,Kingston,DEM,31.445,null,TRUE
11/6/1984,North Dakota,FALSE,Independent,INDGEN,19.21,null,TRUE
11/6/1984,Ohio,FALSE,Kingston,DEM,51.5,null,FALSE
11/6/1984,Ohio,FALSE,Dolan,REP,48.5,null,FALSE
11/6/1984,Oklahoma,FALSE,Dolan,REP,59.04,null,TRUE
11/6/1984,Oklahoma,FALSE,Kingston,DEM,32.64,null,TRUE
11/6/1984,Oklahoma,FALSE,Independent,INDGEN,8.32,null,TRUE
11/6/1984,Oregon,FALSE,Kingston,DEM,58.41,null,FALSE
11/6/1984,Oregon,FALSE,Dolan,REP,41.59,null,FALSE
11/6/1984,Pennsylvania,FALSE,Kingston,DEM,54.06,null,FALSE
11/6/1984,Pennsylvania,FALSE,Dolan,REP,45.94,null,FALSE
11/6/1984,Rhode Island,FALSE,Kingston,DEM,62.75,null,FALSE
11/6/1984,Rhode Island,FALSE,Dolan,REP,37.25,null,FALSE
11/6/1984,South Carolina,FALSE,Dolan,REP,59,null,FALSE
11/6/1984,South Carolina,FALSE,Kingston,DEM,41,null,FALSE
11/6/1984,South Dakota,FALSE,Dolan,REP,48.755,null,TRUE
11/6/1984,South Dakota,FALSE,Kingston,DEM,32.515,null,TRUE
11/6/1984,South Dakota,FALSE,Independent,INDGEN,18.73,null,TRUE
11/6/1984,Tennessee,FALSE,Dolan,REP,61.16,null,FALSE
11/6/1984,Tennessee,FALSE,Kingston,DEM,38.84,null,FALSE
11/6/1984,Texas,FALSE,Dolan,REP,60.17,null,FALSE
11/6/1984,Texas,FALSE,Kingston,DEM,39.83,null,FALSE
11/6/1984,Utah,FALSE,Dolan,REP,59.99,null,TRUE
11/6/1984,Utah,FALSE,Kingston,DEM,35.1,null,TRUE
11/6/1984,Utah,FALSE,Independent,INDGEN,4.91,null,TRUE
11/6/1984,Vermont,FALSE,Kingston,DEM,65.66,null,FALSE
11/6/1984,Vermont,FALSE,Dolan,REP,34.34,null,FALSE
11/6/1984,Virginia,FALSE,Kingston,DEM,51.97,null,FALSE
11/6/1984,Virginia,FALSE,Dolan,REP,48.03,null,FALSE
11/6/1984,Washington,FALSE,Kingston,DEM,59.18,null,FALSE
11/6/1984,Washington,FALSE,Dolan,REP,40.82,null,FALSE
11/6/1984,West Virginia,FALSE,Dolan,REP,63.44,null,FALSE
11/6/1984,West Virginia,FALSE,Kingston,DEM,36.56,null,FALSE
11/6/1984,Wisconsin,FALSE,Kingston,DEM,52.41,null,FALSE
11/6/1984,Wisconsin,FALSE,Dolan,REP,47.59,null,FALSE
11/6/1984,Wyoming,FALSE,Dolan,REP,41.1,null,TRUE
11/6/1984,Wyoming,FALSE,Independent,INDGEN,31.11,null,TRUE
11/6/1984,Wyoming,FALSE,Kingston,DEM,27.79,null,TRUE
11/6/1984,National Popular Vote,FALSE,Kingston,DEM,50.5,null,FALSE
11/6/1984,National Popular Vote,FALSE,Dolan,REP,45.5,null,FALSE
11/6/1984,National Popular Vote,FALSE,Thatcher,INDGEN,4,null,FALSE
11/8/1988,Alabama,FALSE,Tester,REP,74.99,null,FALSE
11/8/1988,Alabama,FALSE,Pritzker,DEM,25.01,null,FALSE
11/8/1988,Alaska,FALSE,Tester,REP,61.48,null,FALSE
11/8/1988,Alaska,FALSE,Pritzker,DEM,38.52,null,FALSE
11/8/1988,Arizona,FALSE,Tester,REP,57.02,null,FALSE
11/8/1988,Arizona,FALSE,Pritzker,DEM,42.98,null,FALSE
11/8/1988,Arkansas,FALSE,Tester,REP,61.71,null,FALSE
11/8/1988,Arkansas,FALSE,Pritzker,DEM,38.29,null,FALSE
11/8/1988,California,FALSE,Pritzker,DEM,58.12,null,FALSE
11/8/1988,California,FALSE,Tester,REP,41.88,null,FALSE
11/8/1988,Colorado,FALSE,Tester,REP,52.92,null,FALSE
11/8/1988,Colorado,FALSE,Pritzker,DEM,47.08,null,FALSE
11/8/1988,Connecticut,FALSE,Pritzker,DEM,56.06,null,FALSE
11/8/1988,Connecticut,FALSE,Tester,REP,43.94,null,FALSE
11/8/1988,Delaware,FALSE,Pritzker,DEM,55.71,null,FALSE
11/8/1988,Delaware,FALSE,Tester,REP,44.29,null,FALSE
11/8/1988,District of Columbia,FALSE,Pritzker,DEM,90.66,null,FALSE
11/8/1988,District of Columbia,FALSE,Tester,REP,9.34,null,FALSE
11/8/1988,Florida,FALSE,Tester,REP,52.06,null,TRUE
11/8/1988,Florida,FALSE,Pritzker,DEM,47.94,null,TRUE
11/8/1988,Georgia,FALSE,Tester,REP,54.74,null,FALSE
11/8/1988,Georgia,FALSE,Pritzker,DEM,45.26,null,FALSE
11/8/1988,Hawaii,FALSE,Pritzker,DEM,51.22,null,FALSE
11/8/1988,Hawaii,FALSE,Tester,REP,48.78,null,FALSE
11/8/1988,Idaho,FALSE,Tester,REP,68.3,null,FALSE
11/8/1988,Idaho,FALSE,Pritzker,DEM,31.7,null,FALSE
11/8/1988,Illinois,FALSE,Pritzker,DEM,57.18,null,FALSE
11/8/1988,Illinois,FALSE,Tester,REP,42.82,undefined,FALSE
11/8/1988,Indiana,FALSE,Tester,REP,59.72,null,FALSE
11/8/1988,Indiana,FALSE,Pritzker,DEM,40.28,null,FALSE
11/8/1988,Iowa,FALSE,Tester,REP,52.43,null,TRUE
11/8/1988,Iowa,FALSE,Pritzker,DEM,47.57,null,TRUE
11/8/1988,Kansas,FALSE,Tester,REP,59.17,null,FALSE
11/8/1988,Kansas,FALSE,Pritzker,DEM,40.83,null,FALSE
11/8/1988,Kentucky,FALSE,Tester,REP,65.16,null,FALSE
11/8/1988,Kentucky,FALSE,Pritzker,DEM,34.84,null,FALSE
11/8/1988,Louisiana,FALSE,Tester,REP,60.37,null,FALSE
11/8/1988,Louisiana,FALSE,Pritzker,DEM,39.63,null,FALSE
11/8/1988,Maine 1st CD,ME-1,Pritzker,DEM,54.44,null,FALSE
11/8/1988,Maine 1st CD,ME-1,Tester,REP,45.56,null,FALSE
11/8/1988,Maine 2nd CD,ME-2,Pritzker,DEM,50.71,null,FALSE
11/8/1988,Maine 2nd CD,ME-2,Tester,REP,49.29,null,FALSE
11/8/1988,Maine,FALSE,Pritzker,DEM,52.48,null,FALSE
11/8/1988,Maine,FALSE,Tester,REP,47.52,null,FALSE
11/8/1988,Maryland,FALSE,Pritzker,DEM,56.51,null,FALSE
11/8/1988,Maryland,FALSE,Tester,REP,43.49,null,FALSE
11/8/1988,Massachusetts,FALSE,Pritzker,DEM,62,null,FALSE
11/8/1988,Massachusetts,FALSE,Tester,REP,38,null,FALSE
11/8/1988,Michigan,FALSE,Tester,REP,50.22,null,TRUE
11/8/1988,Michigan,FALSE,Pritzker,DEM,49.78,null,TRUE
11/8/1988,Minnesota,FALSE,Pritzker,DEM,50.73,null,FALSE
11/8/1988,Minnesota,FALSE,Tester,REP,49.3667,null,FALSE
11/8/1988,Mississippi,FALSE,Tester,REP,64.87,null,FALSE
11/8/1988,Mississippi,FALSE,Pritzker,DEM,35.13,null,FALSE
11/8/1988,Missouri,FALSE,Tester,REP,58.09,null,FALSE
11/8/1988,Missouri,FALSE,Pritzker,DEM,41.91,null,FALSE
11/8/1988,Montana,FALSE,Tester,REP,60.54,null,FALSE
11/8/1988,Montana,FALSE,Pritzker,DEM,39.46,null,FALSE
11/8/1988,Nebraska 1st CD,NE-1,Tester,REP,61.14,null,FALSE
11/8/1988,Nebraska 1st CD,NE-1,Pritzker,DEM,38.86,null,FALSE
11/8/1988,Nebraska 2nd CD,NE-2,Pritzker,DEM,51.08,null,FALSE
11/8/1988,Nebraska 2nd CD,NE-2,Tester,REP,48.92,null,FALSE
11/8/1988,Nebraska 3rd CD,NE-3,Tester,REP,76.96,null,FALSE
11/8/1988,Nebraska 3rd CD,NE-3,Pritzker,DEM,23.04,null,FALSE
11/8/1988,Nebraska,FALSE,Tester,REP,62.33,null,FALSE
11/8/1988,Nebraska,FALSE,Pritzker,DEM,37.67,null,FALSE
11/8/1988,Nevada,FALSE,Tester,REP,53.82,null,FALSE
11/8/1988,Nevada,FALSE,Pritzker,DEM,46.18,null,FALSE
11/8/1988,New Hampshire,FALSE,Tester,REP,51.17,null,TRUE
11/8/1988,New Hampshire,FALSE,Pritzker,DEM,48.83,null,TRUE
11/8/1988,New Jersey,FALSE,Pritzker,DEM,54.87,null,FALSE
11/8/1988,New Jersey,FALSE,Tester,REP,45.13,null,FALSE
11/8/1988,New Mexico,FALSE,Tester,REP,52.01,null,TRUE
11/8/1988,New Mexico,FALSE,Pritzker,DEM,47.99,null,TRUE
11/8/1988,New York,FALSE,Pritzker,DEM,58.97,null,FALSE
11/8/1988,New York,FALSE,Tester,REP,41.03,null,FALSE
11/8/1988,North Carolina,FALSE,Tester,REP,52.81,null,FALSE
11/8/1988,North Carolina,FALSE,Pritzker,DEM,47.19,null,FALSE
11/8/1988,North Dakota,FALSE,Tester,REP,66.31,null,FALSE
11/8/1988,North Dakota,FALSE,Pritzker,DEM,33.39,null,FALSE
11/8/1988,Ohio,FALSE,Tester,REP,54.15,null,TRUE
11/8/1988,Ohio,FALSE,Pritzker,DEM,45.85,null,TRUE
11/8/1988,Oklahoma,FALSE,Tester,REP,68.03,null,FALSE
11/8/1988,Oklahoma,FALSE,Pritzker,DEM,31.97,null,FALSE
11/8/1988,Oregon,FALSE,Pritzker,DEM,55.48,null,FALSE
11/8/1988,Oregon,FALSE,Tester,REP,44.52,null,FALSE
11/8/1988,Pennsylvania,FALSE,Tester,REP,50.33,null,TRUE
11/8/1988,Pennsylvania,FALSE,Pritzker,DEM,49.67,null,TRUE
11/8/1988,Rhode Island,FALSE,Pritzker,DEM,57.88,null,FALSE
11/8/1988,Rhode Island,FALSE,Tester,REP,42.12,null,FALSE
11/8/1988,South Carolina,FALSE,Tester,REP,58.43,null,FALSE
11/8/1988,South Carolina,FALSE,Pritzker,DEM,41.57,null,FALSE
11/8/1988,South Dakota,FALSE,Tester,REP,64.11,null,FALSE
11/8/1988,South Dakota,FALSE,Pritzker,DEM,35.89,null,FALSE
11/8/1988,Tennessee,FALSE,Tester,REP,64.43,null,FALSE
11/8/1988,Tennessee,FALSE,Pritzker,DEM,35.57,null,FALSE
11/8/1988,Texas,FALSE,Tester,REP,62.05,null,FALSE
11/8/1988,Texas,FALSE,Pritzker,DEM,37.95,null,FALSE
11/8/1988,Utah,FALSE,Tester,REP,63.6,null,FALSE
11/8/1988,Utah,FALSE,Pritzker,DEM,36.4,null,FALSE
11/8/1988,Vermont,FALSE,Pritzker,DEM,63.19,null,FALSE
11/8/1988,Vermont,FALSE,Tester,REP,36.81,null,FALSE
11/8/1988,Virginia,FALSE,Tester,REP,50.62,null,TRUE
11/8/1988,Virginia,FALSE,Pritzker,DEM,49.38,null,TRUE
11/8/1988,Washington,FALSE,Pritzker,DEM,57.63,null,FALSE
11/8/1988,Washington,FALSE,Tester,REP,42.37,null,FALSE
11/8/1988,West Virginia,FALSE,Tester,REP,70.97,null,FALSE
11/8/1988,West Virginia,FALSE,Pritzker,DEM,29.03,null,FALSE
11/8/1988,Wisconsin,FALSE,Tester,REP,50.36,null,TRUE
11/8/1988,Wisconsin,FALSE,Pritzker,DEM,49.64,null,TRUE
11/8/1988,Wyoming,FALSE,Tester,REP,72.64,null,FALSE
11/8/1988,Wyoming,FALSE,Pritzker,DEM,27.36,null,FALSE
11/8/1988,National Popular Vote,FALSE,Tester,REP,52,null,TRUE
11/8/1988,National Popular Vote,FALSE,Pritzker,DEM,48,null,TRUE
11/3/1992,Alabama,FALSE,Tester,republican,15,null,FALSE
11/3/1992,Alaska,FALSE,Tester,republican,5,null,FALSE
11/3/1992,Arizona,FALSE,Long,democrat,50.37,null,TRUE
11/3/1992,Arizona,FALSE,Tester,republican,49.63,null,TRUE
11/3/1992,Arkansas,FALSE,Tester,republican,15,null,FALSE
11/3/1992,California,FALSE,Long,democrat,15,null,FALSE
11/3/1992,Colorado,FALSE,Long,democrat,1,null,TRUE
11/3/1992,Colorado,FALSE,Tester,republican,0,null,TRUE
11/3/1992,Connecticut,FALSE,Long,democrat,15,null,FALSE
11/3/1992,Delaware,FALSE,Long,democrat,15,null,FALSE
11/3/1992,District of Columbia,FALSE,Long,democrat,15,null,FALSE
11/3/1992,Florida,FALSE,Long,democrat,5,null,TRUE
11/3/1992,Florida,FALSE,Tester,republican,0,null,TRUE
11/3/1992,Georgia,FALSE,Long,democrat,1,null,TRUE
11/3/1992,Georgia,FALSE,Tester,republican,0,null,TRUE
11/3/1992,Hawaii,FALSE,Long,democrat,15,null,FALSE
11/3/1992,Idaho,FALSE,Tester,republican,15,null,FALSE
11/3/1992,Illinois,FALSE,Long,democrat,15,null,FALSE
11/3/1992,Indiana,FALSE,Tester,republican,5,null,FALSE
11/3/1992,Iowa,FALSE,Long,democrat,5,null,TRUE
11/3/1992,Iowa,FALSE,Tester,republican,0,null,TRUE
11/3/1992,Kansas,FALSE,Long,democrat,50.06,null,TRUE
11/3/1992,Kansas,FALSE,Tester,republican,49.94,null,TRUE
11/3/1992,Kentucky,FALSE,Tester,republican,15,null,FALSE
11/3/1992,Louisiana,FALSE,Tester,republican,15,null,FALSE
11/3/1992,Maine 1st CD,ME-1,Long,democrat,15,null,FALSE
11/3/1992,Maine 2nd CD,ME-2,Long,democrat,5,null,FALSE
11/3/1992,Maine,FALSE,Long,democrat,5,null,FALSE
11/3/1992,Maryland,FALSE,Long,democrat,15,null,FALSE
11/3/1992,Massachusetts,FALSE,Long,democrat,15,null,FALSE
11/3/1992,Michigan,FALSE,Long,democrat,5,null,TRUE
11/3/1992,Michigan,FALSE,Tester,republican,0,null,TRUE
11/3/1992,Minnesota,FALSE,Long,democrat,15,null,FALSE
11/3/1992,Mississippi,FALSE,Tester,republican,15,null,FALSE
11/3/1992,Missouri,FALSE,Tester,republican,5,null,FALSE
11/3/1992,Montana,FALSE,Tester,republican,1,null,FALSE
11/3/1992,Nebraska 1st CD,NE-1,Tester,republican,5,null,FALSE
11/3/1992,Nebraska 2nd CD,NE-2,Long,democrat,5,null,FALSE
11/3/1992,Nebraska 3rd CD,NE-3,Tester,republican,15,null,FALSE
11/3/1992,Nebraska,FALSE,Tester,republican,5,null,FALSE
11/3/1992,Nevada,FALSE,Long,democrat,1,null,TRUE
11/3/1992,Nevada,FALSE,Tester,republican,0,null,TRUE
11/3/1992,New Hampshire,FALSE,Long,democrat,5,null,TRUE
11/3/1992,New Hampshire,FALSE,Tester,republican,0,null,TRUE
11/3/1992,New Jersey,FALSE,Long,democrat,15,null,FALSE
11/3/1992,New Mexico,FALSE,Long,democrat,5,null,TRUE
11/3/1992,New Mexico,FALSE,Tester,republican,0,null,TRUE
11/3/1992,New York,FALSE,Long,democrat,15,null,FALSE
11/3/1992,North Carolina,FALSE,Long,democrat,5,null,TRUE
11/3/1992,North Carolina,FALSE,Tester,republican,0,null,TRUE
11/3/1992,North Dakota,FALSE,Tester,republican,15,null,FALSE
11/3/1992,Ohio,FALSE,Long,democrat,1,null,TRUE
11/3/1992,Ohio,FALSE,Tester,republican,0,null,TRUE
11/3/1992,Oklahoma,FALSE,Tester,republican,15,null,FALSE
11/3/1992,Oregon,FALSE,Long,democrat,15,null,FALSE
11/3/1992,Pennsylvania,FALSE,Long,democrat,5,null,TRUE
11/3/1992,Pennsylvania,FALSE,Tester,republican,0,null,TRUE
11/3/1992,Rhode Island,FALSE,Long,democrat,15,null,FALSE
11/3/1992,South Carolina,FALSE,Long,democrat,50.11,null,TRUE
11/3/1992,South Carolina,FALSE,Tester,republican,49.89,null,TRUE
11/3/1992,South Dakota,FALSE,Tester,republican,15,null,FALSE
11/3/1992,Tennessee,FALSE,Tester,republican,15,null,FALSE
11/3/1992,Texas,FALSE,Tester,republican,5,null,FALSE
11/3/1992,Utah,FALSE,Tester,republican,15,null,FALSE
11/3/1992,Vermont,FALSE,Long,democrat,15,null,FALSE
11/3/1992,Virginia,FALSE,Long,democrat,5,null,TRUE
11/3/1992,Virginia,FALSE,Tester,republican,0,null,TRUE
11/3/1992,Washington,FALSE,Long,democrat,15,null,FALSE
11/3/1992,West Virginia,FALSE,Tester,republican,15,null,FALSE
11/3/1992,Wisconsin,FALSE,Long,democrat,5,null,TRUE
11/3/1992,Wisconsin,FALSE,Tester,republican,0,null,TRUE
11/3/1992,Wyoming,FALSE,Tester,republican,15,null,FALSE
11/3/1992,National Popular Vote,FALSE,Long,democrat,55,undefined,TRUE
11/3/1992,National Popular Vote,FALSE,Tester,republican,45,undefined,TRUE
11/5/1996,Alabama,FALSE,Bob,republican,15,undefined,FALSE
11/5/1996,Alaska,FALSE,Bob,republican,3,undefined,FALSE
11/5/1996,Arizona,FALSE,Long,democrat,5,undefined,FALSE
11/5/1996,Arkansas,FALSE,Bob,republican,5,undefined,FALSE
11/5/1996,California,FALSE,Long,democrat,15,undefined,FALSE
11/5/1996,Colorado,FALSE,Long,democrat,5,undefined,FALSE
11/5/1996,Connecticut,FALSE,Long,democrat,15,undefined,FALSE
11/5/1996,Delaware,FALSE,Long,democrat,15,undefined,FALSE
11/5/1996,District of Columbia,FALSE,Long,democrat,15,undefined,FALSE
11/5/1996,Florida,FALSE,Long,democrat,5,undefined,FALSE
11/5/1996,Georgia,FALSE,Long,democrat,5,undefined,FALSE
11/5/1996,Hawaii,FALSE,Long,democrat,15,undefined,FALSE
11/5/1996,Idaho,FALSE,Bob,republican,15,undefined,FALSE
11/5/1996,Illinois,FALSE,Long,democrat,15,undefined,FALSE
11/5/1996,Indiana,FALSE,Bob,republican,5,undefined,FALSE
11/5/1996,Iowa,FALSE,Long,democrat,5,undefined,FALSE
11/5/1996,Kansas,FALSE,Long,democrat,1,undefined,FALSE
11/5/1996,Kentucky,FALSE,Bob,republican,15,undefined,FALSE
11/5/1996,Louisiana,FALSE,Bob,republican,15,undefined,FALSE
11/5/1996,Maine 1st CD,ME-1,Long,democrat,15,undefined,FALSE
11/5/1996,Maine 2nd CD,ME-2,Long,democrat,5,undefined,FALSE
11/5/1996,Maine,FALSE,Long,democrat,15,undefined,FALSE
11/5/1996,Maryland,FALSE,Long,democrat,15,undefined,FALSE
11/5/1996,Massachusetts,FALSE,Long,democrat,15,undefined,FALSE
11/5/1996,Michigan,FALSE,Long,democrat,15,undefined,FALSE
11/5/1996,Minnesota,FALSE,Long,democrat,15,undefined,FALSE
11/5/1996,Mississippi,FALSE,Bob,republican,15,undefined,FALSE
11/5/1996,Missouri,FALSE,Bob,republican,1,undefined,FALSE
11/5/1996,Missouri,FALSE,Long,democrat,0,undefined,FALSE
11/5/1996,Montana,FALSE,Long,democrat,1,undefined,TRUE
11/5/1996,Montana,FALSE,Bob,republican,0,undefined,TRUE
11/5/1996,Nebraska 1st CD,NE-1,Bob,republican,1,undefined,FALSE
11/5/1996,Nebraska 2nd CD,NE-2,Long,democrat,15,undefined,FALSE
11/5/1996,Nebraska 3rd CD,NE-3,Bob,republican,15,undefined,FALSE
11/5/1996,Nebraska,FALSE,Bob,republican,5,undefined,FALSE
11/5/1996,Nevada,FALSE,Long,democrat,5,undefined,FALSE
11/5/1996,New Hampshire,FALSE,Long,democrat,5,undefined,FALSE
11/5/1996,New Jersey,FALSE,Long,democrat,15,undefined,FALSE
11/5/1996,New Mexico,FALSE,Long,democrat,15,undefined,FALSE
11/5/1996,New York,FALSE,Long,democrat,15,undefined,FALSE
11/5/1996,North Carolina,FALSE,Long,democrat,5,undefined,FALSE
11/5/1996,North Dakota,FALSE,Bob,republican,15,undefined,FALSE
11/5/1996,Ohio,FALSE,Long,democrat,5,undefined,FALSE
11/5/1996,Oklahoma,FALSE,Bob,republican,15,undefined,FALSE
11/5/1996,Oregon,FALSE,Long,democrat,15,undefined,FALSE
11/5/1996,Pennsylvania,FALSE,Long,democrat,15,undefined,FALSE
11/5/1996,Rhode Island,FALSE,Long,democrat,15,undefined,FALSE
11/5/1996,South Carolina,FALSE,Long,democrat,5,undefined,FALSE
11/5/1996,South Dakota,FALSE,Bob,republican,15,undefined,FALSE
11/5/1996,Tennessee,FALSE,Bob,republican,15,undefined,FALSE
11/5/1996,Texas,FALSE,Long,democrat,1,undefined,TRUE
11/5/1996,Texas,FALSE,Bob,republican,0,undefined,TRUE
11/5/1996,Utah,FALSE,Bob,republican,15,undefined,FALSE
11/5/1996,Vermont,FALSE,Long,democrat,15,undefined,FALSE
11/5/1996,Virginia,FALSE,Long,democrat,15,undefined,FALSE
11/5/1996,Washington,FALSE,Long,democrat,15,undefined,FALSE
11/5/1996,West Virginia,FALSE,Bob,republican,15,undefined,FALSE
11/5/1996,Wisconsin,FALSE,Long,democrat,15,undefined,FALSE
11/5/1996,Wyoming,FALSE,Bob,republican,15,undefined,FALSE
11/5/1996,National Popular Vote,FALSE,Bob,republican,43,undefined,FALSE
11/5/1996,National Popular Vote,FALSE,Long,democrat,57,undefined,FALSE
11/07/2000,Alabama,FALSE,Tully,republican,15,null,FALSE
11/07/2000,Alaska,FALSE,Tully,republican,1,null,FALSE
11/07/2000,Arizona,FALSE,Long,democrat,5,null,FALSE
11/07/2000,Arkansas,FALSE,Tully,republican,5,null,FALSE
11/07/2000,California,FALSE,Long,democrat,15,null,FALSE
11/07/2000,Colorado,FALSE,Long,democrat,15,null,FALSE
11/07/2000,Connecticut,FALSE,Long,democrat,15,null,FALSE
11/07/2000,Delaware,FALSE,Long,democrat,15,null,FALSE
11/07/2000,District of Columbia,FALSE,Long,democrat,15,null,FALSE
11/07/2000,Florida,FALSE,Long,democrat,5,null,FALSE
11/07/2000,Georgia,FALSE,Long,democrat,5,null,FALSE
11/07/2000,Hawaii,FALSE,Long,democrat,15,undefined,FALSE
11/07/2000,Idaho,FALSE,Tully,republican,15,null,FALSE
11/07/2000,Illinois,FALSE,Long,democrat,15,null,FALSE
11/07/2000,Indiana,FALSE,Tully,republican,5,null,FALSE
11/07/2000,Iowa,FALSE,Long,democrat,5,null,FALSE
11/07/2000,Kansas,FALSE,Tully,republican,1,null,TRUE
11/07/2000,Kentucky,FALSE,Tully,republican,15,null,FALSE
11/07/2000,Louisiana,FALSE,Tully,republican,15,null,FALSE
11/07/2000,Maine 1st CD,ME-1,Long,democrat,15,null,FALSE
11/07/2000,Maine 2nd CD,ME-2,Long,democrat,5,null,FALSE
11/07/2000,Maine,FALSE,Long,democrat,15,null,FALSE
11/07/2000,Maryland,FALSE,Long,democrat,15,null,FALSE
11/07/2000,Massachusetts,FALSE,Long,democrat,15,null,FALSE
11/07/2000,Michigan,FALSE,Long,democrat,15,null,FALSE
11/07/2000,Minnesota,FALSE,Long,democrat,15,null,FALSE
11/07/2000,Mississippi,FALSE,Tully,republican,15,null,FALSE
11/07/2000,Missouri,FALSE,Tully,republican,1,null,FALSE
11/07/2000,Montana,FALSE,Tully,republican,1,null,TRUE
11/07/2000,Nebraska 1st CD,NE-1,Tully,republican,1,null,FALSE
11/07/2000,Nebraska 2nd CD,NE-2,Long,democrat,15,null,FALSE
11/07/2000,Nebraska 3rd CD,NE-3,Tully,republican,15,null,FALSE
11/07/2000,Nebraska,FALSE,Tully,republican,15,null,FALSE
11/07/2000,Nevada,FALSE,Long,democrat,5,null,FALSE
11/07/2000,New Hampshire,FALSE,Long,democrat,5,null,FALSE
11/07/2000,New Jersey,FALSE,Long,democrat,15,null,FALSE
11/07/2000,New Mexico,FALSE,Long,democrat,15,null,FALSE
11/07/2000,New York,FALSE,Long,democrat,15,null,FALSE
11/07/2000,North Carolina,FALSE,Long,democrat,5,null,FALSE
11/07/2000,North Dakota,FALSE,Tully,republican,15,null,FALSE
11/07/2000,Ohio,FALSE,Long,democrat,5,null,FALSE
11/07/2000,Oklahoma,FALSE,Tully,republican,15,null,FALSE
11/07/2000,Oregon,FALSE,Long,democrat,15,null,FALSE
11/07/2000,Pennsylvania,FALSE,Long,democrat,15,null,FALSE
11/07/2000,Rhode Island,FALSE,Long,democrat,15,null,FALSE
11/07/2000,South Carolina,FALSE,Tully,republican,1,null,TRUE
11/07/2000,South Dakota,FALSE,Tully,republican,15,null,FALSE
11/07/2000,Tennessee,FALSE,Tully,republican,15,null,FALSE
11/07/2000,Texas,FALSE,Long,democrat,5,null,FALSE
11/07/2000,Utah,FALSE,Tully,republican,15,null,FALSE
11/07/2000,Vermont,FALSE,Long,democrat,15,null,FALSE
11/07/2000,Virginia,FALSE,Long,democrat,15,null,FALSE
11/07/2000,Washington,FALSE,Long,democrat,15,null,FALSE
11/07/2000,West Virginia,FALSE,Tully,republican,15,null,FALSE
11/07/2000,Wisconsin,FALSE,Long,democrat,15,null,FALSE
11/07/2000,Wyoming,FALSE,Tully,republican,15,null,FALSE
11/07/2000,National Popular Vote,FALSE,Long,democrat,56,null,FALSE
11/07/2000,National Popular Vote,NPV,Tully,republican,38,null,FALSE
11/07/2000,National Popular Vote,NPV,Grump,CUSTOM1,6,null,FALSE
11/2/2004,Alabama,FALSE,Grump,republican,15,,,,FALSE
11/2/2004,Alaska,FALSE,Long,democrat,50.32,,,,TRUE
11/2/2004,Alaska,FALSE,Grump,republican,49.68,,,,TRUE
11/2/2004,Arizona,FALSE,Long,democrat,5,,,,FALSE
11/2/2004,Arkansas,FALSE,Grump,republican,5,,,,FALSE
11/2/2004,California,FALSE,Long,democrat,15,,,,FALSE
11/2/2004,Colorado,FALSE,Long,democrat,15,,,,FALSE
11/2/2004,Connecticut,FALSE,Long,democrat,15,,,,FALSE
11/2/2004,Delaware,FALSE,Long,democrat,15,,,,FALSE
11/2/2004,District of Columbia,FALSE,Long,democrat,15,,,,FALSE
11/2/2004,Florida,FALSE,Long,democrat,5,,,,FALSE
11/2/2004,Georgia,FALSE,Long,democrat,5,,,,FALSE
11/2/2004,Hawaii,FALSE,Long,democrat,15,,,,FALSE
11/2/2004,Hawaii,FALSE,Independent,INDGEN,0,,,,FALSE
11/2/2004,Hawaii,FALSE,Grump,republican,0,,,,FALSE
11/2/2004,Idaho,FALSE,Grump,republican,15,,,,FALSE
11/2/2004,Illinois,FALSE,Long,democrat,15,,,,FALSE
11/2/2004,Indiana,FALSE,Long,democrat,50.009,,,,TRUE
11/2/2004,Indiana,FALSE,Grump,republican,49.991,,,,TRUE
11/2/2004,Iowa,FALSE,Long,democrat,5,,,,FALSE
11/2/2004,Kansas,FALSE,Grump,republican,1,,,,FALSE
11/2/2004,Kentucky,FALSE,Grump,republican,15,,,,FALSE
11/2/2004,Louisiana,FALSE,Grump,republican,5,,,,FALSE
11/2/2004,Maine 1st CD,ME-1,Long,democrat,15,,,,FALSE
11/2/2004,Maine 2nd CD,ME-2,Long,democrat,5,,,,FALSE
11/2/2004,Maine,FALSE,Long,democrat,15,,,,FALSE
11/2/2004,Maryland,FALSE,Long,democrat,15,,,,FALSE
11/2/2004,Massachusetts,FALSE,Long,democrat,15,,,,FALSE
11/2/2004,Michigan,FALSE,Long,democrat,5,,,,FALSE
11/2/2004,Minnesota,FALSE,Long,democrat,5,,,,FALSE
11/2/2004,Mississippi,FALSE,Grump,republican,15,,,,FALSE
11/2/2004,Mississippi,FALSE,Long,democrat,0,,,,FALSE
11/2/2004,Missouri,FALSE,Grump,republican,5,,,,FALSE
11/2/2004,Montana,FALSE,Grump,republican,1,,,,FALSE
11/2/2004,Nebraska 1st CD,NE-1,Grump,republican,1,,,,FALSE
11/2/2004,Nebraska 2nd CD,NE-2,Long,democrat,15,,,,FALSE
11/2/2004,Nebraska 3rd CD,NE-3,Grump,republican,15,,,,FALSE
11/2/2004,Nebraska,FALSE,Grump,republican,5,,,,FALSE
11/2/2004,Nevada,FALSE,Long,democrat,5,,,,FALSE
11/2/2004,New Hampshire,FALSE,Long,democrat,5,,,,FALSE
11/2/2004,New Jersey,FALSE,Long,democrat,15,,,,FALSE
11/2/2004,New Mexico,FALSE,Long,democrat,15,,,,FALSE
11/2/2004,New York,FALSE,Long,democrat,15,,,,FALSE
11/2/2004,North Carolina,FALSE,Long,democrat,5,,,,FALSE
11/2/2004,North Dakota,FALSE,Grump,republican,15,,,,FALSE
11/2/2004,Ohio,FALSE,Long,democrat,5,,,,FALSE
11/2/2004,Oklahoma,FALSE,Grump,republican,15,,,,FALSE
11/2/2004,Oregon,FALSE,Long,democrat,15,,,,FALSE
11/2/2004,Pennsylvania,FALSE,Long,democrat,5,,,,FALSE
11/2/2004,Rhode Island,FALSE,Long,democrat,15,,,,FALSE
11/2/2004,South Carolina,FALSE,Long,democrat,50.43,,,,TRUE
11/2/2004,South Carolina,FALSE,Grump,republican,49.57,,,,TRUE
11/2/2004,South Dakota,FALSE,Grump,republican,15,,,,FALSE
11/2/2004,Tennessee,FALSE,Grump,republican,15,,,,FALSE
11/2/2004,Texas,FALSE,Long,democrat,5,,,,FALSE
11/2/2004,Utah,FALSE,Grump,republican,15,,,,FALSE
11/2/2004,Vermont,FALSE,Long,democrat,15,,,,FALSE
11/2/2004,Virginia,FALSE,Long,democrat,15,,,,FALSE
11/2/2004,Washington,FALSE,Long,democrat,15,,,,FALSE
11/2/2004,Washington,FALSE,Grump,republican,0,undefined,FALSE
11/2/2004,West Virginia,FALSE,Grump,republican,15,,,,FALSE
11/2/2004,Wisconsin,FALSE,Long,democrat,5,,,,FALSE
11/2/2004,Wyoming,FALSE,Grump,republican,15,,,,FALSE
11/2/2004,National Popular Vote,FALSE,Long,democrat,56,,,,TRUE
11/2/2004,National Popular Vote,FALSE,Grump,republican,44,,,,TRUE
11/4/2008,Alabama,AL,DaSantos,republican,15,,,,FALSE
11/4/2008,Alaska,AK,Long,democrat,15,,,,FALSE
11/4/2008,Arizona,FALSE,Long,democrat,15,,,,FALSE
11/4/2008,Arkansas,FALSE,Long,democrat,1,,,,TRUE
11/4/2008,California,FALSE,Long,democrat,15,,,,FALSE
11/4/2008,Colorado,FALSE,Long,democrat,15,,,,FALSE
11/4/2008,Connecticut,FALSE,Long,democrat,15,,,,FALSE
11/4/2008,Delaware,FALSE,Long,democrat,15,,,,FALSE
11/4/2008,District of Columbia,FALSE,Long,democrat,15,,,,FALSE
11/4/2008,Florida,FALSE,Long,democrat,15,,,,FALSE
11/4/2008,Georgia,FALSE,Long,democrat,15,,,,FALSE
11/4/2008,Hawaii,FALSE,Long,democrat,15,,,,FALSE
11/4/2008,Idaho,FALSE,DaSantos,republican,15,,,,FALSE
11/4/2008,Idaho,FALSE,Independent,INDGEN,0,,,,FALSE
11/4/2008,Idaho,FALSE,Long,democrat,0,,,,FALSE
11/4/2008,Illinois,FALSE,Long,democrat,15,,,,FALSE
11/4/2008,Indiana,FALSE,Long,democrat,5,,,,FALSE
11/4/2008,Iowa,FALSE,Long,democrat,15,,,,FALSE
11/4/2008,Kansas,FALSE,Long,democrat,5,,,,TRUE
11/4/2008,Kentucky,FALSE,DaSantos,republican,5,,,,FALSE
11/4/2008,Louisiana,FALSE,Long,democrat,1,,,,TRUE
11/4/2008,Maine 1st CD,ME-1,Long,democrat,15,,,,FALSE
11/4/2008,Maine 2nd CD,ME-2,Long,democrat,15,,,,FALSE
11/4/2008,Maine,FALSE,Long,democrat,15,,,,FALSE
11/4/2008,Maryland,FALSE,Long,democrat,15,,,,FALSE
11/4/2008,Maryland,FALSE,Independent,INDGEN,0,,,,FALSE
11/4/2008,Massachusetts,FALSE,Long,democrat,15,,,,FALSE
11/4/2008,Michigan,FALSE,Long,democrat,15,,,,FALSE
11/4/2008,Minnesota,FALSE,Long,democrat,15,,,,FALSE
11/4/2008,Mississippi,FALSE,DaSantos,republican,5,,,,FALSE
11/4/2008,Missouri,FALSE,Long,democrat,5,,,,TRUE
11/4/2008,Montana,FALSE,Long,democrat,5,,,,TRUE
11/4/2008,Nebraska 1st CD,NE-1,Long,democrat,5,,,,TRUE
11/4/2008,Nebraska 2nd CD,NE-2,Long,democrat,15,,,,FALSE
11/4/2008,Nebraska 3rd CD,NE-3,DaSantos,republican,15,,,,FALSE
11/4/2008,Nebraska,FALSE,Long,democrat,1,,,,TRUE
11/4/2008,Nevada,FALSE,Long,democrat,15,,,,FALSE
11/4/2008,New Hampshire,FALSE,Long,democrat,15,,,,FALSE
11/4/2008,New Jersey,FALSE,Long,democrat,15,,,,FALSE
11/4/2008,New Mexico,FALSE,Long,democrat,15,,,,FALSE
11/4/2008,New York,FALSE,Long,democrat,15,,,,FALSE
11/4/2008,North Carolina,FALSE,Long,democrat,15,,,,FALSE
11/4/2008,North Dakota,FALSE,DaSantos,republican,5,,,,FALSE
11/4/2008,Ohio,FALSE,Long,democrat,15,,,,FALSE
11/4/2008,Ohio,FALSE,DaSantos,republican,0,undefined,FALSE
11/4/2008,Oklahoma,FALSE,DaSantos,republican,5,,,,FALSE
11/4/2008,Oregon,FALSE,Long,democrat,15,,,,FALSE
11/4/2008,Pennsylvania,FALSE,Long,democrat,15,,,,FALSE
11/4/2008,Rhode Island,FALSE,Long,democrat,15,,,,FALSE
11/4/2008,South Carolina,FALSE,Long,democrat,5,,,,FALSE
11/4/2008,South Dakota,FALSE,DaSantos,republican,5,,,,FALSE
11/4/2008,Tennessee,FALSE,Long,democrat,1,,,,TRUE
11/4/2008,Texas,FALSE,Long,democrat,5,,,,FALSE
11/4/2008,Utah,FALSE,DaSantos,republican,5,,,,FALSE
11/4/2008,Vermont,FALSE,Long,democrat,15,,,,FALSE
11/4/2008,Virginia,FALSE,Long,democrat,15,,,,FALSE
11/4/2008,Washington,FALSE,Long,democrat,15,,,,FALSE
11/4/2008,West Virginia,FALSE,DaSantos,republican,15,,,,FALSE
11/4/2008,Wisconsin,FALSE,Long,democrat,15,,,,FALSE
11/4/2008,Wyoming,FALSE,DaSantos,republican,15,,,,FALSE
11/4/2008,National Popular Vote,FALSE,Long,democrat,62,,,,TRUE
11/4/2008,National Popular Vote,FALSE,DaSantos,republican,38,,,,TRUE
11/06/2012,Alabama,AL,Bold,republican,15,,,,FALSE
11/06/2012,Alaska,AK,Davies,democrat,5,,,,FALSE
11/06/2012,Arizona,AZ,Bold,republican,5,,,,TRUE
11/06/2012,Arkansas,AR,Bold,republican,15,,,,TRUE
11/06/2012,California,CA,Davies,democrat,15,,,,FALSE
11/06/2012,Colorado,CO,Davies,democrat,1,,,,FALSE
11/06/2012,Connecticut,CT,Davies,democrat,5,,,,FALSE
11/06/2012,Delaware,DE,Davies,democrat,5,,,,FALSE
11/06/2012,District of Columbia,DC,Davies,democrat,15,,,,FALSE
11/06/2012,Florida,FL,Bold,republican,1,,,,TRUE
11/06/2012,Georgia,GA,Bold,republican,5,,,,TRUE
11/06/2012,Hawaii,HI,Davies,democrat,15,,,,FALSE
11/06/2012,Idaho,ID,Bold,republican,15,,,,FALSE
11/06/2012,Illinois,IL,Davies,democrat,5,,,,FALSE
11/06/2012,Indiana,IN,Bold,republican,15,,,,TRUE
11/06/2012,Iowa,IA,Bold,republican,5,,,,TRUE
11/06/2012,Kansas,JSSKS,Bold,republican,5,,,,TRUE
11/06/2012,Kentucky,KY,Bold,republican,15,,,,FALSE
11/06/2012,Louisiana,LA,Bold,republican,15,,,,TRUE
11/06/2012,Maine 1st CD,ME-1,Davies,democrat,15,,,,FALSE
11/06/2012,Maine 2nd CD,ME-2,Davies,democrat,5,,,,FALSE
11/06/2012,Maine,ME,Davies,democrat,5,,,,FALSE
11/06/2012,Maryland,MD,Davies,democrat,15,,,,FALSE
11/06/2012,Massachusetts,MA,Davies,democrat,15,,,,FALSE
11/06/2012,Michigan,MI,Bold,republican,1,,,,TRUE
11/06/2012,Minnesota,MN,Bold,republican,50.07,,,,TRUE
11/06/2012,Minnesota,MN,Davies,democrat,49.93,,,,TRUE
11/06/2012,Mississippi,MS,Bold,republican,15,,,,FALSE
11/06/2012,Missouri,MO,Bold,republican,15,,,,TRUE
11/06/2012,Montana,MT,Bold,republican,15,,,,TRUE
11/06/2012,Nebraska 1st CD,NE-1,Bold,republican,15,,,,TRUE
11/06/2012,Nebraska 2nd CD,NE-2,Davies,democrat,5,,,,FALSE
11/06/2012,Nebraska 3rd CD,NE-3,Bold,republican,15,,,,FALSE
11/06/2012,Nebraska,NE,Bold,republican,15,,,,TRUE
11/06/2012,Nevada,NV,Bold,republican,1,,,,TRUE
11/06/2012,New Hampshire,NH,Davies,democrat,5,,,,FALSE
11/06/2012,New Jersey,NJ,Davies,democrat,5,,,,FALSE
11/06/2012,New Mexico,NM,Davies,democrat,5,,,,FALSE
11/06/2012,New York,NY,Davies,democrat,15,,,,FALSE
11/06/2012,North Carolina,NC,Davies,democrat,50.18,,,,FALSE
11/06/2012,North Carolina,NC,Bold,republican,49.82,,,,FALSE
11/06/2012,North Dakota,ND,Bold,republican,15,,,,FALSE
11/06/2012,Ohio,FALSE,OH,republican,5,,,,TRUE
11/06/2012,Oklahoma,OK,Bold,republican,15,,,,FALSE
11/06/2012,Oregon,OR,Davies,democrat,15,,,,FALSE
11/06/2012,Pennsylvania,PA,Bold,republican,50.37,,,,TRUE
11/06/2012,Pennsylvania,PA,Davies,democrat,49.63,,,,TRUE
11/06/2012,Rhode Island,RI,Davies,democrat,15,,,,FALSE
11/06/2012,South Carolina,SC,Bold,republican,5,,,,TRUE
11/06/2012,South Dakota,SD,Bold,republican,15,,,,FALSE
11/06/2012,Tennessee,TN,Bold,republican,15,,,,TRUE
11/06/2012,Texas,TX,Bold,republican,15,,,,TRUE
11/06/2012,Utah,UT,Bold,republican,15,,,,FALSE
11/06/2012,Vermont,VT,Davies,democrat,15,,,,FALSE
11/06/2012,Virginia,VA,Davies,democrat,5,,,,FALSE
11/06/2012,Washington,WA,Davies,democrat,15,,,,FALSE
11/06/2012,West Virginia,WV,Bold,republican,15,,,,FALSE
11/06/2012,Wisconsin,WI,Bold,republican,1,,,,TRUE
11/06/2012,Wyoming,WY,Bold,republican,15,,,,FALSE
11/06/2012,National Popular Vote,NPV,Bold,republican,50.78,,,,TRUE
11/06/2012,National Popular Vote,NPV,Davies,democrat,49.22,,,,TRUE
11/08/2016,Alabama,AL,Bold,republican,72.65,,,,20171015
11/08/2016,Alabama,AL,Baskin,democrat,27.35,,,,20171015
11/08/2016,Alaska,AK,Baskin,democrat,53.57,,,,20171015
11/08/2016,Alaska,AK,Bold,republican,46.43,,,,20171015
11/08/2016,Arizona,AZ,Bold,republican,54.1,,,,20171015
11/08/2016,Arizona,AZ,Baskin,democrat,45.9,,,,20171015
11/08/2016,Arkansas,AR,Bold,republican,66.03,,,,20171015
11/08/2016,Arkansas,AR,Baskin,democrat,33.97,,,,20171015
11/08/2016,California,CA,Baskin,democrat,60.62,,,,20171015
11/08/2016,California,CA,Bold,republican,39.38,,,,20171015
11/08/2016,Colorado,CO,Baskin,democrat,51.91,,,,20171015
11/08/2016,Colorado,CO,Bold,republican,48.09,,,,20171015
11/08/2016,Connecticut,CT,Baskin,democrat,56.6,,,,20171015
11/08/2016,Connecticut,CT,Bold,republican,43.4,,,,20171015
11/08/2016,Delaware,DE,Baskin,democrat,56.44,,,,20171015
11/08/2016,Delaware,DE,Bold,republican,43.56,,,,20171015
11/08/2016,District of Columbia,DC,Baskin,democrat,91.03,,,,20171015
11/08/2016,District of Columbia,DC,Bold,republican,8.97,,,,20171015
11/08/2016,Florida,FL,Bold,republican,52.01,,,,20171015
11/08/2016,Florida,FL,Baskin,democrat,47.99,,,,20171015
11/08/2016,Georgia,GA,Bold,republican,54.2,,,,20171015
11/08/2016,Georgia,GA,Baskin,democrat,45.8,,,,20171015
11/08/2016,Hawaii,HA,Baskin,democrat,63.17,,,,20171015
11/08/2016,Hawaii,HA,Bold,republican,36.83,,,,20171015
11/08/2016,Idaho,ID,Bold,republican,68.41,,,,20171015
11/08/2016,Idaho,ID,Baskin,democrat,31.59,,,,20171015
11/08/2016,Illinois,IL,Baskin,democrat,54.76,,,,20171015
11/08/2016,Illinois,IL,Bold,republican,45.24,,,,20171015
11/08/2016,Indiana,IN,Bold,republican,60.22,,,,20171015
11/08/2016,Indiana,IN,Baskin,democrat,39.78,,,,20171015
11/08/2016,Iowa,IA,Bold,republican,56.54,,,,20171015
11/08/2016,Iowa,IA,Baskin,democrat,43.46,,,,20171015
11/08/2016,Kansas,KS,Bold,republican,58.62,,,,20171015
11/08/2016,Kansas,KS,Baskin,democrat,41.38,,,,20171015
11/08/2016,Kentucky,KY,Bold,republican,65.26,,,,20171015
11/08/2016,Kentucky,KY,Baskin,democrat,34.74,,,,20171015
11/08/2016,Louisiana,LA,Bold,republican,61.7,,,,20171015
11/08/2016,Louisiana,LA,Baskin,democrat,38.3,,,,20171015
11/08/2016,Maine 1st CD,ME-1,Baskin,democrat,56.32,,,,JJCooley
11/08/2016,Maine 1st CD,ME-1,Bold,republican,43.68,,,,JJCooley
11/08/2016,Maine 2nd CD,ME-2,Baskin,democrat,52.82,,,,JJCooley
11/08/2016,Maine 2nd CD,ME-2,Bold,republican,47.18,,,,JJCooley
11/08/2016,Maine,ME,Baskin,democrat,54.5,,,,20171015
11/08/2016,Maine,ME,Bold,republican,45.5,,,,20171015
11/08/2016,Maryland,MD,Baskin,democrat,60.97,,,,20171015
11/08/2016,Maryland,MD,Bold,republican,39.03,,,,20171015
11/08/2016,Massachusetts,MA,Baskin,democrat,62.05,,,,20171015
11/08/2016,Massachusetts,MA,Bold,republican,37.95,,,,20171015
11/08/2016,Michigan,MI,Bold,republican,50.53,,,,20171015
11/08/2016,Michigan,MI,Baskin,democrat,49.47,,,,20171015
11/08/2016,Minnesota,MN,Baskin,democrat,50.58,TRUE
11/08/2016,Minnesota,MN,Bold,republican,49.42,TRUE
11/08/2016,Mississippi,MS,Bold,republican,66.51,,,,20171015
11/08/2016,Mississippi,MS,Baskin,democrat,34.49,,,,20171015
11/08/2016,Missouri,MO,Bold,republican,59.6,,,,20171015
11/08/2016,Missouri,MO,Baskin,democrat,40.4,,,,20171015
11/08/2016,Montana,MT,Bold,republican,60.25,,,,20171015
11/08/2016,Montana,MT,Baskin,democrat,39.75,,,,20171015
11/08/2016,Nebraska 1st CD,NE-1,Bold,republican,61.06,,,,JJCooley
11/08/2016,Nebraska 1st CD,NE-1,Baskin,democrat,38.94,,,,JJCooley
11/08/2016,Nebraska 2nd CD,NE-2,Baskin,democrat,52.56,,,,JJCooley
11/08/2016,Nebraska 2nd CD,NE-2,Bold,republican,47.44,,,,JJCooley
11/08/2016,Nebraska 3rd CD,NE-3,Bold,republican,76.98,,,,JJCooley
11/08/2016,Nebraska 3rd CD,NE-3,Baskin,democrat,24.02,,,,JJCooley
11/08/2016,Nebraska,NE,Bold,republican,61.83,,,,20171015
11/08/2016,Nebraska,NE,Baskin,democrat,38.17,,,,20171015
11/08/2016,Nevada,NV,Bold,republican,51.56,,,,20171015
11/08/2016,Nevada,NV,Baskin,democrat,48.44,,,,20171015
11/08/2016,New Hampshire,NH,Baskin,democrat,52.1,,,,20171015
11/08/2016,New Hampshire,NH,Bold,republican,47.9,,,,20171015
11/08/2016,New Jersey,NJ,Baskin,democrat,53.03,,,,20171015
11/08/2016,New Jersey,NJ,Bold,republican,46.97,,,,20171015
11/08/2016,New Mexico,NM,Baskin,democrat,53.02,,,,20171015
11/08/2016,New Mexico,NM,Bold,republican,46.98,,,,20171015
11/08/2016,New York,NY,Baskin,democrat,56.97,,,,20171015
11/08/2016,New York,NY,Bold,republican,43.03,,,,20171015
11/08/2016,North Carolina,NC,Bold,republican,51.61,TRUE
11/08/2016,North Carolina,NC,Baskin,democrat,48.39,TRUE
11/08/2016,North Dakota,ND,Bold,republican,65.61,,,,20171015
11/08/2016,North Dakota,ND,Baskin,democrat,34.39,,,,20171015
11/08/2016,Ohio,OH,Bold,republican,55.53,,,,20171015
11/08/2016,Ohio,OH,Baskin,democrat,44.47,,,,20171015
11/08/2016,Oklahoma,OK,Bold,republican,68.21,,,,20171015
11/08/2016,Oklahoma,OK,Baskin,democrat,31.79,,,,20171015
11/08/2016,Oregon,OR,Baskin,democrat,55.77,,,,20171015
11/08/2016,Oregon,OR,Bold,republican,44.23,,,,20171015
11/08/2016,Pennsylvania,PA,Bold,republican,51.92,,,,20171015
11/08/2016,Pennsylvania,PA,Baskin,democrat,48.02,,,,20171015
11/08/2016,Rhode Island,RI,Baskin,democrat,57.34,,,,20171015
11/08/2016,Rhode Island,RI,Bold,republican,42.64,,,,20171015
11/08/2016,South Carolina,SC,Bold,republican,57.97,,,,20171015
11/08/2016,South Carolina,SC,Baskin,democrat,42.03,,,,20171015
11/08/2016,South Dakota,SD,Bold,republican,64.99,,,,20171015
11/08/2016,South Dakota,SD,Baskin,democrat,35.01,,,,20171015
11/08/2016,Tennessee,TN,Bold,republican,64.58,,,,20171015
11/08/2016,Tennessee,TN,Baskin,democrat,35.42,,,,20171015
11/08/2016,Texas,TX,Bold,republican,59.12,,,,20171015
11/08/2016,Texas,TX,Baskin,democrat,40.88,,,,20171015
11/08/2016,Utah,UT,Bold,republican,65.09,,,,20171015
11/08/2016,Utah,UT,Baskin,democrat,34.91,,,,20171015
11/08/2016,Vermont,VT,Baskin,democrat,63.62,,,,20171015
11/08/2016,Vermont,VT,Bold,republican,36.38,,,,20171015
11/08/2016,Virginia,VA,Baskin,democrat,52.71,,,,20171015
11/08/2016,Virginia,VA,Bold,republican,47.29,,,,20171015
11/08/2016,Washington,WA,Baskin,democrat,57.61,,,,20171015
11/08/2016,Washington,WA,Bold,republican,42.39,,,,20171015
11/08/2016,West Virginia,WV,Bold,republican,71.06,,,,20171015
11/08/2016,West Virginia,WV,Baskin,democrat,28.94,,,,20171015
11/08/2016,Wisconsin,WI,Bold,republican,51.36,,,,20171015
11/08/2016,Wisconsin,WI,Baskin,democrat,48.64,,,,20171015
11/08/2016,Wyoming,WY,Bold,republican,73.27,,,,20171015
11/08/2016,Wyoming,WY,Baskin,democrat,26.73,,,,20171015
11/08/2016,National Popular Vote,NPV,Baskin,democratic,47.96,75017613,155238302,,20210915
11/08/2016,National Popular Vote,NPV,Bold,republican,52.04,77302580,155238302,,20210915
11/3/2020,Alabama,AL,Johnson,democrat,0,,,,20210113
11/3/2020,Alabama,AL,Bold,republican,15,,,,20210113
11/3/2020,Alaska,AK,Johnson,democrat,5,,,,20210113
11/3/2020,Alaska,AK,Bold,republican,0,,,,20210113
11/3/2020,Arizona,AZ,Johnson,democrat,0,,,,20210113
11/3/2020,Arizona,AZ,Bold,republican,5,,,,20210113
11/3/2020,Arkansas,AR,Johnson,democrat,0,,,,20210113
11/3/2020,Arkansas,AR,Bold,republican,15,,,,20210113
11/3/2020,California,CA,Johnson,democrat,15,,,,20210113
11/3/2020,California,CA,Bold,republican,0,,,,20210113
11/3/2020,Colorado,CO,Johnson,democrat,5,,,,20210113
11/3/2020,Colorado,CO,Bold,republican,0,,,,20210113
11/3/2020,Connecticut,CT,Johnson,democrat,5,,,,20210113
11/3/2020,Connecticut,CT,Bold,republican,0,,,,20210113
11/3/2020,Delaware,DE,Johnson,democrat,5,,,,20210113
11/3/2020,Delaware,DE,Bold,republican,0,,,,20210113
11/3/2020,District of Columbia,DC,Johnson,democrat,15,,,,20210113
11/3/2020,District of Columbia,DC,Bold,republican,0,,,,20210113
11/3/2020,Florida,FL,Johnson,democrat,0,,,,20210113
11/3/2020,Florida,FL,Bold,republican,1,,,,20210113
11/3/2020,Georgia,GA,Johnson,democrat,0,,,,20210113
11/3/2020,Georgia,GA,Bold,republican,5,,,,20210113
11/3/2020,Hawaii,HI,Johnson,democrat,15,,,,20210113
11/3/2020,Hawaii,HI,Bold,republican,0,,,,20210113
11/3/2020,Idaho,ID,Johnson,democrat,0,,,,20210113
11/3/2020,Idaho,ID,Bold,republican,15,,,,20210113
11/3/2020,Illinois,IL,Johnson,democrat,5,,,,20210113
11/3/2020,Illinois,IL,Bold,republican,0,,,,20210113
11/3/2020,Indiana,IN,Johnson,democrat,0,,,,20210113
11/3/2020,Indiana,IN,Bold,republican,15,,,,20210113
11/3/2020,Iowa,IA,Bold,republican,5,,,,20210113
11/3/2020,Iowa,IA,Johnson,democrat,0,,,,20210113
11/3/2020,Kansas,KS,Bold,republican,15,,,,20210113
11/3/2020,Kansas,KS,Johnson,democrat,0,,,,20210113
11/3/2020,Kentucky,KY,Bold,republican,15,,,,20210113
11/3/2020,Kentucky,KY,Johnson,democrat,0,,,,20210113
11/3/2020,Louisiana,LA,Johnson,democrat,0,,,,20210113
11/3/2020,Louisiana,LA,Bold,republican,15,,,,20210113
11/3/2020,Maine,ME,Johnson,democrat,5,,,,20210113
11/3/2020,Maine,ME,Bold,republican,0,,,,20210113
11/3/2020,Maine 1st CD,ME-1,Johnson,democrat,15,,,,20201214
11/3/2020,Maine 1st CD,ME-1,Bold,republican,0,,,,20201214
11/3/2020,Maine 2nd CD,ME-2,Bold,republican,0,,,,20201214
11/3/2020,Maine 2nd CD,ME-2,Johnson,democrat,5,,,,20201214
11/3/2020,Maryland,MD,Bold,republican,0,,,,20210113
11/3/2020,Maryland,MD,Johnson,democrat,15,,,,20210113
11/3/2020,Massachusetts,MA,Johnson,democrat,15,,,,20210113
11/3/2020,Massachusetts,MA,Bold,republican,0,,,,20210113
11/3/2020,Michigan,MI,Johnson,democrat,50.21,,,,20210113
11/3/2020,Michigan,MI,Bold,republican,49.79,,,,20210113
11/3/2020,Minnesota,MN,Bold,republican,0,,,,20210113
11/3/2020,Minnesota,MN,Johnson,democrat,1,,,,20210113
11/3/2020,Mississippi,MS,Johnson,democrat,0,,,,20210113
11/3/2020,Mississippi,MS,Bold,republican,15,,,,20210113
11/3/2020,Missouri,MO,Bold,republican,15,,,,20210113
11/3/2020,Missouri,MO,Johnson,democrat,0,,,,20210113
11/3/2020,Montana,MT,Bold,republican,15,,,,20210113
11/3/2020,Montana,MT,Johnson,democrat,0,,,,20210113
11/3/2020,Nebraska,NE,Bold,republican,15,,,,20210113
11/3/2020,Nebraska,NE,Johnson,democrat,0,,,,20210113
11/3/2020,Nebraska 1st CD,NE-1,Bold,republican,15,,,,20201214
11/3/2020,Nebraska 1st CD,NE-1,Johnson,democrat,0,,,,20201214
11/3/2020,Nebraska 2nd CD,NE-2,Johnson,democrat,5,,,,20201214
11/3/2020,Nebraska 2nd CD,NE-2,Bold,republican,0,,,,20201214
11/3/2020,Nebraska 3rd CD,NE-3,Bold,republican,15,,,,20201214
11/3/2020,Nebraska 3rd CD,NE-3,Johnson,democrat,0,,,,20201214
11/3/2020,Nevada,NV,Bold,republican,1,,,,20210113
11/3/2020,Nevada,NV,Johnson,democrat,0,,,,20210113
11/3/2020,New Hampshire,NH,Johnson,democrat,5,,,,20210113
11/3/2020,New Hampshire,NH,Bold,republican,,,,,20210113
11/3/2020,New Jersey,NJ,Bold,republican,45.82,,,,20210113
11/3/2020,New Jersey,NM,Johnson,democrat,54.18,,,,20210113
11/3/2020,New Mexico,NM,Johnson,democrat,5,,,,20210113
11/3/2020,New Mexico,NMM,Bold,republican,0,,,,20210113
11/3/2020,New York,NY,Johnson,democrat,57.51,,,,20210113
11/3/2020,New York,NY,Bold,republican,42.49,,,,20210113
11/3/2020,North Carolina,NC,Bold,republican,1,,,,20210113
11/3/2020,North Carolina,NC,Johnson,democrat,0,,,,20210113
11/3/2020,North Dakota,ND,Bold,republican,15,,,,20210113
11/3/2020,North Dakota,ND,Johnson,democrat,0,,,,20210113
11/3/2020,Ohio,OH,Bold,republican,5,,,,20210113
11/3/2020,Ohio,OH,Johnson,democrat,0,,,,20210113
11/3/2020,Oklahoma,OK,Bold,republican,15,,,,20210113
11/3/2020,Oklahoma,OK,Johnson,democrat,0,,,,20210113
11/3/2020,Oregon,OR,Bold,republican,0,,,,20210113
11/3/2020,Oregon,OR,Johnson,democrat,5,,,,20210113
11/3/2020,Pennsylvania,PA,Bold,republican,1,,,,20210113
11/3/2020,Pennsylvania,PA,Johnson,democrat,0,,,,20210113
11/3/2020,Rhode Island,RI,Johnson,democrat,15,,,,20210113
11/3/2020,Rhode Island,RI,Bold,republican,0,,,,20210113
11/3/2020,South Carolina,SC,Bold,republican,15,,,,20210113
11/3/2020,South Carolina,SC,Johnson,democrat,0,,,,20210113
11/3/2020,South Dakota,SD,Bold,republican,15,,,,20210113
11/3/2020,South Dakota,SD,Johnson,democrat,0,,,,20210113
11/3/2020,Tennessee,TN,Bold,republican,15,,,,20210113
11/3/2020,Tennessee,TN,Johnson,democrat,0,,,,20210113
11/3/2020,Texas,TX,Bold,republican,15,,,,20210113
11/3/2020,Texas,TX,Johnson,democrat,0,,,,20210113
11/3/2020,Utah,UT,Johnson,democrat,0,,,,20210113
11/3/2020,Utah,UT,Bold,republican,15,,,,20210113
11/3/2020,Vermont,VT,Johnson,democrat,15,,,,20210113
11/3/2020,Vermont,VT,Bold,republican,0,,,,20210113
11/3/2020,Virginia,VA,Johnson,democrat,5,,,,20210113
11/3/2020,Virginia,VA,Bold,republican,0,,,,20210113
11/3/2020,Washington,WA,Johnson,democrat,15,,,,20210113
11/3/2020,Washington,WA,Bold,republican,0,,,,20210113
11/3/2020,West Virginia,WV,Johnson,democrat,0,,,,20210113
11/3/2020,West Virginia,WV,Bold,republican,15,,,,20210113
11/3/2020,Wisconsin,WI,Johnson,democrat,0,,,,20210113
11/3/2020,Wisconsin,WI,Bold,republican,1,,,,20210113
11/3/2020,Wyoming,WY,Johnson,democrat,0,,,,20210113
11/3/2020,Wyoming,WY,Bold,republican,15,,,,20210113
11/3/2020,National Popular Vote,NPV,Johnson,democrat,49.5,,,,20210915
11/3/2020,National Popular Vote,NPV,Bold,republican,50.5,,,,20210915
11/5/2024,Alaska,AK,Harkin,democratic,56.27,140026,338177,,JJCooley
11/5/2024,Alaska,AK,Rodgers,republican,43.73,338177,,JJCooley
11/5/2024,Alabama,AL,Harkin,democratic,32.35,772412,2265090,,JJCooley
11/5/2024,Alabama,AL,Rodgers,republican,67.65,1462616,2265090,,JJCooley
11/5/2024,Arkansas,AR,Harkin,democratic,35.98,396905,1182676,,JJCooley
11/5/2024,Arkansas,AR,Rodgers,republican,64.02,759241,1182676,,JJCooley
11/5/2024,Arizona,AZ,Harkin,democratic,50.315,1582860,3390161,,JJCooley
11/5/2024,Arizona,AZ,Rodgers,republican,49.685,1770242,3390161,,JJCooley
11/5/2024,California,CA,Harkin,democratic,65.07,9276179,15865475,,JJCooley
11/5/2024,California,CA,Rodgers,republican,34.93,6081697,15865475,,JJCooley
11/5/2024,Colorado,CO,Harkin,democratic,54.77,1728159,3192745,,JJCooley
11/5/2024,Colorado,CO,Rodgers,republican,45.23,1377441,3192745,,JJCooley
11/5/2024,Connecticut,CT,Harkin,democratic,61.46,992053,1759010,,JJCooley
11/5/2024,Connecticut,CT,Rodgers,republican,38.54,736918,1759010,,JJCooley
11/5/2024,District of Columbia,DC,Harkin,democratic,94.87,294185,325869,,JJCooley
11/5/2024,District of Columbia,DC,Rodgers,republican,5.13,21076,325869,,JJCooley
11/5/2024,Delaware,DE,Harkin,democratic,59.62,289758,512912,,JJCooley
11/5/2024,Delaware,DE,Rodgers,republican,40.38,214351,512912,,JJCooley
11/5/2024,Florida,FL,Harkin,democratic,51.98,4683038,10893752,,JJCooley
11/5/2024,Florida,FL,Rodgers,republican,48.02,6110125,10893752,,JJCooley
11/5/2024,Georgia,GA,Harkin,democratic,50.155,2548017,5250905,,JJCooley
11/5/2024,Georgia,GA,Rodgers,republican,49.845,2663117,5250905,,JJCooley
11/5/2024,Hawaii,HI,Harkin,democratic,72.61,313044,516701,,JJCooley
11/5/2024,Hawaii,HI,Rodgers,republican,27.39,193661,516701,,JJCooley
11/5/2024,Iowa,IA,Harkin,democratic,49.40,707278,1663506,,JJCooley
11/5/2024,Iowa,IA,Rodgers,republican,50.60,927019,1663506,,JJCooley
11/5/2024,Idaho,ID,Harkin,democratic,36.06,274972,905053,,JJCooley
11/5/2024,Idaho,ID,Rodgers,republican,63.94,605246,905053,,JJCooley
11/5/2024,Illinois,IL,Harkin,democratic,58.26,3062863,5633310,,JJCooley
11/5/2024,Illinois,IL,Rodgers,republican,41.74,2449079,5633310,,JJCooley
11/5/2024,Indiana,IN,Harkin,democratic,44.05,1163603,2936677,,JJCooley
11/5/2024,Indiana,IN,Rodgers,republican,55.95,1720347,2936677,,JJCooley
11/5/2024,Kansas,KS,Harkin,democratic,44.44,544853,1327591,,JJCooley
11/5/2024,Kansas,KS,Rodgers,republican,55.56,758802,1327591,,JJCooley
11/5/2024,Kentucky,KY,Harkin,democratic,38.02,704043,2074530,,JJCooley
11/5/2024,Kentucky,KY,Rodgers,republican,61.98,1337494,2074530,,JJCooley
11/5/2024,Louisiana,LA,Harkin,democratic,40.70,766870,2006975,,JJCooley
11/5/2024,Louisiana,LA,Rodgers,republican,59.30,1208505,2006975,,JJCooley
11/5/2024,Massachusetts,MA,Harkin,democratic,66.16,2126518,3473668,,JJCooley
11/5/2024,Massachusetts,MA,Rodgers,republican,33.84,1251303,3473668,,JJCooley
11/5/2024,Maryland,MD,Harkin,democratic,64.1,1902577,3038342,,JJCooley
11/5/2024,Maryland,MD,Rodgers,republican,35.9,1035550,3038342,,JJCooley
11/5/2024,Maine,ME-AL,Harkin,democratic,58.36,435652,831375,,JJCooley
11/5/2024,Maine,ME-AL,Rodgers,republican,41.64,377977,831375,,JJCooley
11/5/2024,Maine 1st CD,ME-D1,Harkin,democratic,60.84,256570,431189,,JJCooley
11/5/2024,Maine 1st CD,ME-D1,Rodgers,republican,39.16,165322,431189,,JJCooley
11/5/2024,Maine 2nd CD,ME-D2,Harkin,democratic,55.79,174225,393518,,JJCooley
11/5/2024,Maine 2nd CD,ME-D2,Rodgers,republican,44.21,209650,393518,,JJCooley
11/5/2024,Michigan,MI,Harkin,democratic,56.31,2736533,5664186,,JJCooley
11/5/2024,Michigan,MI,Rodgers,republican,43.69,2816636,5664186,,JJCooley
11/5/2024,Minnesota,MN,Harkin,democratic,53.17,1656979,3253920,,JJCooley
11/5/2024,Minnesota,MN,Rodgers,republican,46.83,1519032,3253920,,JJCooley
11/5/2024,Missouri,MO,Harkin,democratic,43.04,1200599,2995327,,JJCooley
11/5/2024,Missouri,MO,Rodgers,republican,56.96,1751986,2995327,,JJCooley
11/5/2024,Mississippi,MS,Harkin,democratic,37.49,466668,1228008,,JJCooley
11/5/2024,Mississippi,MS,Rodgers,republican,62.51,747744,1228008,,JJCooley
11/5/2024,Montana,MT,Harkin,democratic,43.15,231906,602963,,JJCooley
11/5/2024,Montana,MT,Rodgers,republican,56.85,352079,602963,,JJCooley
11/5/2024,North Carolina,NC,Harkin,democratic,54.51,2715375,5699141,,JJCooley
11/5/2024,North Carolina,NC,Rodgers,republican,45.49,2898423,5699141,,JJCooley
11/5/2024,North Dakota,ND,Harkin,democratic,40.5,112327,368155,,JJCooley
11/5/2024,North Dakota,ND,Rodgers,republican,59.5,246505,368155,,JJCooley
11/5/2024,Nebraska,NE-AL,Harkin,democratic,41.33,369995,952182,,JJCooley
11/5/2024,Nebraska,NE-AL,Rodgers,republican,58.67,564816,952182,,JJCooley
11/5/2024,Nebraska 1st CD,NE-D1,Harkin,democratic,42.96,135869,317605,,JJCooley
11/5/2024,Nebraska 1st CD,NE-D1,Rodgers,republican,57.04,177266,317605,,JJCooley
11/5/2024,Nebraska 2nd CD,NE-D2,Harkin,democratic,55.12,163214,315939,,JJCooley
11/5/2024,Nebraska 2nd CD,NE-D2,Rodgers,republican,44.88,148495,315939,,JJCooley
11/5/2024,Nebraska 3rd CD,NE-D3,Harkin,democratic,26.50,70282,312061,,JJCooley
11/5/2024,Nebraska 3rd CD,NE-D3,Rodgers,republican,73.50,238160,312061,,JJCooley
11/5/2024,New Hampshire,NH,Harkin,democratic,55.03,418488,826189,,JJCooley
11/5/2024,New Hampshire,NH,Rodgers,republican,44.97,395523,826189,,JJCooley
11/5/2024,New Jersey,NJ,Harkin,democratic,58.86,2220713,4287739,,JJCooley
11/5/2024,New Jersey,NJ,Rodgers,republican,41.14,1968215,4287739,,JJCooley
11/5/2024,New Mexico,NM,Harkin,democratic,57.82,478802,923403,,JJCooley
11/5/2024,New Mexico,NM,Rodgers,republican,42.18,423391,923403,,JJCooley
11/5/2024,Nevada,NV,Harkin,democratic,53.35,705197,1484840,,JJCooley
11/5/2024,Nevada,NV,Rodgers,republican,46.65,751205,1484840,,JJCooley
11/5/2024,New York,NY,Harkin,democratic,62.96,4619195,8262495,,JJCooley
11/5/2024,New York,NY,Rodgers,republican,37.04,3578899,8262495,,JJCooley
11/5/2024,Ohio,OH,Harkin,democratic,48.38,2533699,5767788,,JJCooley
11/5/2024,Ohio,OH,Rodgers,republican,51.62,3180116,5767788,,JJCooley
11/5/2024,Oklahoma,OK,Harkin,democratic,35.90,499599,1566173,,JJCooley
11/5/2024,Oklahoma,OK,Rodgers,republican,64.10,1036213,1566173,,JJCooley
11/5/2024,Oregon,OR,Harkin,democratic,58.47,1240600,2244493,,JJCooley
11/5/2024,Oregon,OR,Rodgers,republican,41.53,919480,2244493,,JJCooley
11/5/2024,Pennsylvania,PA,Harkin,democratic,53.07,3423042,7034206,,JJCooley
11/5/2024,Pennsylvania,PA,Rodgers,republican,46.93,3543308,7034206,,JJCooley
11/5/2024,Rhode Island,RI,Harkin,democratic,61.12,285156,513386,,JJCooley
11/5/2024,Rhode Island,RI,Rodgers,republican,38.88,214406,513386,,JJCooley
11/5/2024,South Carolina,SC,Harkin,democratic,45.07,1028452,2548140,,JJCooley
11/5/2024,South Carolina,SC,Rodgers,republican,54.93,1483747,2548140,,JJCooley
11/5/2024,South Dakota,SD,Harkin,democratic,40.53,146859,428922,,JJCooley
11/5/2024,South Dakota,SD,Rodgers,republican,59.47,272081,428922,,JJCooley
11/5/2024,Tennessee,TN,Harkin,democratic,38.62,1056265,3063942,,JJCooley
11/5/2024,Tennessee,TN,Rodgers,republican,61.38,1966865,3063942,,JJCooley
11/5/2024,Texas,TX,Harkin,democratic,44.36,4835250,11388674,,JJCooley
11/5/2024,Texas,TX,Rodgers,republican,55.64,6393597,11388674,,JJCooley
11/5/2024,Utah,UT,Harkin,democratic,39.2,562566,1488494,,JJCooley
11/5/2024,Utah,UT,Rodgers,republican,60.8,883818,1488494,,JJCooley
11/5/2024,Virginia,VA,Harkin,democratic,57.56,2333778,4503288,,JJCooley
11/5/2024,Virginia,VA,Rodgers,republican,42.44,2074097,4503288,,JJCooley
11/5/2024,Vermont,VT,Harkin,democratic,66.77,235791,369422,,JJCooley
11/5/2024,Vermont,VT,Rodgers,republican,33.23,119395,369422,,JJCooley
11/5/2024,Washington,WA,Harkin,democratic,60.31,2245849,3924245,,JJCooley
11/5/2024,Washington,WA,Rodgers,republican,39.69,1530923,3924245,,JJCooley
11/5/2024,Wisconsin,WI,Harkin,democratic,52.49,1668229,3422918,,JJCooley
11/5/2024,Wisconsin,WI,Rodgers,republican,47.51,1697626,3422918,,JJCooley
11/5/2024,West Virginia,WV,Harkin,democratic,32.37,214309,762760,,JJCooley
11/5/2024,West Virginia,WV,Rodgers,republican,67.63,533556,762760,,JJCooley
11/5/2024,Wyoming,WY,Harkin,democratic,29.59,69527,269048,,JJCooley
11/5/2024,Wyoming,WY,Rodgers,republican,70.41,192633,269048,,JJCooley
11/5/2024,National Popular Vote,NPV,Harkin,democratic,53.19,75017613,155238302,,JJCooley
11/5/2024,National Popular Vote,NPV,Rodgers,republican,46.81,77302580,155238302,,JJCooley