11/05/1940,GA,Polk,Roosevelt,democrat,580,1000
11/05/1940,GA,Polk,Dewey,republican,420,1000
11/05/1940,KY,Bracken,Roosevelt,democrat,580,1000
11/05/1940,KY,Bracken,Dewey,republican,420,1000
11/05/1940,MS,Wayne,Roosevelt,democrat,580,1000
11/05/1940,MS,Wayne,Dewey,republican,420,1000
11/05/1940,PA,Adams,Roosevelt,democrat,497,1000
11/05/1940,PA,Adams,Dewey,republican,503,1000
11/05/1940,AZ,Gila,Roosevelt,democrat,420,1000
11/05/1940,AZ,Gila,Dewey,republican,580,1000
11/05/1940,AR,Poinsett,Roosevelt,democrat,580,1000
11/05/1940,AR,Poinsett,Dewey,republican,420,1000
11/05/1940,GA,Pike,Roosevelt,democrat,580,1000
11/05/1940,GA,Pike,Dewey,republican,420,1000
11/05/1940,IL,Kendall,Roosevelt,democrat,420,1000
11/05/1940,IL,Kendall,Dewey,republican,580,1000
11/05/1940,IA,Jefferson,Roosevelt,democrat,497,1000
11/05/1940,IA,Jefferson,Dewey,republican,503,1000
11/05/1940,IA,Iowa,Roosevelt,democrat,580,1000
11/05/1940,IA,Iowa,Dewey,republican,420,1000
11/05/1940,NE,Polk,Roosevelt,democrat,420,1000
11/05/1940,NE,Polk,Dewey,republican,580,1000
11/05/1940,NE,Phelps,Roosevelt,democrat,420,1000
11/05/1940,NE,Phelps,Dewey,republican,580,1000
11/05/1940,ND,Wells,Roosevelt,democrat,470,1000
11/05/1940,ND,Wells,Dewey,republican,530,1000
11/05/1940,OH,Fairfield,Roosevelt,democrat,470,1000
11/05/1940,OH,Fairfield,Dewey,republican,530,1000
11/05/1940,IN,Orange,Roosevelt,democrat,530,1000
11/05/1940,IN,Orange,Dewey,republican,470,1000
11/05/1940,SD,Day,Roosevelt,democrat,580,1000
11/05/1940,SD,Day,Dewey,republican,420,1000
11/05/1940,TX,Dickens,Roosevelt,democrat,470,1000
11/05/1940,TX,Dickens,Dewey,republican,530,1000
11/05/1940,MI,Otsego,Roosevelt,democrat,510,1000
11/05/1940,MI,Otsego,Dewey,republican,490,1000
11/05/1940,MN,Clearwater,Roosevelt,democrat,530,1000
11/05/1940,MN,Clearwater,Dewey,republican,470,1000
11/05/1940,OK,Major,Roosevelt,democrat,530,1000
11/05/1940,OK,Major,Dewey,republican,470,1000
11/05/1940,TX,McMullen,Roosevelt,democrat,580,1000
11/05/1940,TX,McMullen,Dewey,republican,420,1000
11/05/1940,CA,Modoc,Roosevelt,democrat,503,1000
11/05/1940,CA,Modoc,Dewey,republican,497,1000
11/05/1940,IL,Cook,Roosevelt,democrat,470,1000
11/05/1940,IL,Cook,Dewey,republican,530,1000
11/05/1940,IL,Iroquois,Roosevelt,democrat,420,1000
11/05/1940,IL,Iroquois,Dewey,republican,580,1000
11/05/1940,MS,Tippah,Roosevelt,democrat,580,1000
11/05/1940,MS,Tippah,Dewey,republican,420,1000
11/05/1940,MN,Wadena,Roosevelt,democrat,420,1000
11/05/1940,MN,Wadena,Dewey,republican,580,1000
11/05/1940,MT,Liberty,Roosevelt,democrat,470,1000
11/05/1940,MT,Liberty,Dewey,republican,530,1000
11/05/1940,MO,Putnam,Roosevelt,democrat,470,1000
11/05/1940,MO,Putnam,Dewey,republican,530,1000
11/05/1940,TX,Bailey,Roosevelt,democrat,530,1000
11/05/1940,TX,Bailey,Dewey,republican,470,1000
11/05/1940,CO,Washington,Roosevelt,democrat,580,1000
11/05/1940,CO,Washington,Dewey,republican,420,1000
11/05/1940,IL,Washington,Roosevelt,democrat,530,1000
11/05/1940,IL,Washington,Dewey,republican,470,1000
11/05/1940,IA,Pocahontas,Roosevelt,democrat,420,1000
11/05/1940,IA,Pocahontas,Dewey,republican,580,1000
11/05/1940,IA,Lucas,Roosevelt,democrat,470,1000
11/05/1940,IA,Lucas,Dewey,republican,530,1000
11/05/1940,KY,Green,Roosevelt,democrat,510,1000
11/05/1940,KY,Green,Dewey,republican,490,1000
11/05/1940,MI,Midland,Roosevelt,democrat,490,1000
11/05/1940,MI,Midland,Dewey,republican,510,1000
11/05/1940,OH,Muskingum,Roosevelt,democrat,490,1000
11/05/1940,OH,Muskingum,Dewey,republican,510,1000
11/05/1940,PA,Wyoming,Roosevelt,democrat,420,1000
11/05/1940,PA,Wyoming,Dewey,republican,580,1000
11/05/1940,TX,Ellis,Roosevelt,democrat,580,1000
11/05/1940,TX,Ellis,Dewey,republican,420,1000
11/05/1940,TX,Andrews,Roosevelt,democrat,420,1000
11/05/1940,TX,Andrews,Dewey,republican,580,1000
11/05/1940,VT,Lamoille,Roosevelt,democrat,420,1000
11/05/1940,VT,Lamoille,Dewey,republican,580,1000
11/05/1940,SD,Clark,Roosevelt,democrat,470,1000
11/05/1940,SD,Clark,Dewey,republican,530,1000
11/05/1940,TX,Martin,Roosevelt,democrat,580,1000
11/05/1940,TX,Martin,Dewey,republican,420,1000
11/05/1940,KS,Osborne,Roosevelt,democrat,510,1000
11/05/1940,KS,Osborne,Dewey,republican,490,1000
11/05/1940,GA,Heard,Roosevelt,democrat,580,1000
11/05/1940,GA,Heard,Dewey,republican,420,1000
11/05/1940,IA,Worth,Roosevelt,democrat,420,1000
11/05/1940,IA,Worth,Dewey,republican,580,1000
11/05/1940,KY,Simpson,Roosevelt,democrat,470,1000
11/05/1940,KY,Simpson,Dewey,republican,530,1000
11/05/1940,MS,Tishomingo,Roosevelt,democrat,580,1000
11/05/1940,MS,Tishomingo,Dewey,republican,420,1000
11/05/1940,MS,Stone,Roosevelt,democrat,580,1000
11/05/1940,MS,Stone,Dewey,republican,420,1000
11/05/1940,MN,Grant,Roosevelt,democrat,470,1000
11/05/1940,MN,Grant,Dewey,republican,530,1000
11/05/1940,NE,Jefferson,Roosevelt,democrat,420,1000
11/05/1940,NE,Jefferson,Dewey,republican,580,1000
11/05/1940,SD,Brown,Roosevelt,democrat,530,1000
11/05/1940,SD,Brown,Dewey,republican,470,1000
11/05/1940,AL,Pike,Roosevelt,democrat,580,1000
11/05/1940,AL,Pike,Dewey,republican,420,1000
11/05/1940,GA,Newton,Roosevelt,democrat,470,1000
11/05/1940,GA,Newton,Dewey,republican,530,1000
11/05/1940,IL,Brown,Roosevelt,democrat,490,1000
11/05/1940,IL,Brown,Dewey,republican,510,1000
11/05/1940,IL,Bond,Roosevelt,democrat,530,1000
11/05/1940,IL,Bond,Dewey,republican,470,1000
11/05/1940,IA,Clay,Roosevelt,democrat,420,1000
11/05/1940,IA,Clay,Dewey,republican,580,1000
11/05/1940,KY,Shelby,Roosevelt,democrat,580,1000
11/05/1940,KY,Shelby,Dewey,republican,420,1000
11/05/1940,NE,Loup,Roosevelt,democrat,530,1000
11/05/1940,NE,Loup,Dewey,republican,470,1000
11/05/1940,NE,Webster,Roosevelt,democrat,420,1000
11/05/1940,NE,Webster,Dewey,republican,580,1000
11/05/1940,OH,Ashland,Roosevelt,democrat,420,1000
11/05/1940,OH,Ashland,Dewey,republican,580,1000
11/05/1940,NE,Greeley,Roosevelt,democrat,470,1000
11/05/1940,NE,Greeley,Dewey,republican,530,1000
11/05/1940,WV,Putnam,Roosevelt,democrat,580,1000
11/05/1940,WV,Putnam,Dewey,republican,420,1000
11/05/1940,ND,Billings,Roosevelt,democrat,420,1000
11/05/1940,ND,Billings,Dewey,republican,580,1000
11/05/1940,TX,Fisher,Roosevelt,democrat,490,1000
11/05/1940,TX,Fisher,Dewey,republican,510,1000
11/05/1940,TX,Lipscomb,Roosevelt,democrat,530,1000
11/05/1940,TX,Lipscomb,Dewey,republican,470,1000
11/05/1940,KS,Norton,Roosevelt,democrat,490,1000
11/05/1940,KS,Norton,Dewey,republican,510,1000
11/05/1940,MD,Washington,Roosevelt,democrat,420,1000
11/05/1940,MD,Washington,Dewey,republican,580,1000
11/05/1940,MS,Clarke,Roosevelt,democrat,580,1000
11/05/1940,MS,Clarke,Dewey,republican,420,1000
11/05/1940,MS,Lawrence,Roosevelt,democrat,580,1000
11/05/1940,MS,Lawrence,Dewey,republican,420,1000
11/05/1940,MT,Beaverhead,Roosevelt,democrat,530,1000
11/05/1940,MT,Beaverhead,Dewey,republican,470,1000
11/05/1940,NE,Banner,Roosevelt,democrat,580,1000
11/05/1940,NE,Banner,Dewey,republican,420,1000
11/05/1940,ND,Cavalier,Roosevelt,democrat,470,1000
11/05/1940,ND,Cavalier,Dewey,republican,530,1000
11/05/1940,MO,Newton,Roosevelt,democrat,420,1000
11/05/1940,MO,Newton,Dewey,republican,580,1000
11/05/1940,AK,North_Slope,Roosevelt,democrat,420,1000
11/05/1940,AK,North_Slope,Dewey,republican,580,1000
11/05/1940,GA,Pickens,Roosevelt,democrat,530,1000
11/05/1940,GA,Pickens,Dewey,republican,470,1000
11/05/1940,IN,Bartholomew,Roosevelt,democrat,420,1000
11/05/1940,IN,Bartholomew,Dewey,republican,580,1000
11/05/1940,IA,Cerro_Gordo,Roosevelt,democrat,470,1000
11/05/1940,IA,Cerro_Gordo,Dewey,republican,530,1000
11/05/1940,KY,Lincoln,Roosevelt,democrat,420,1000
11/05/1940,KY,Lincoln,Dewey,republican,580,1000
11/05/1940,MO,Dent,Roosevelt,democrat,420,1000
11/05/1940,MO,Dent,Dewey,republican,580,1000
11/05/1940,GA,Schley,Roosevelt,democrat,580,1000
11/05/1940,GA,Schley,Dewey,republican,420,1000
11/05/1940,NE,Clay,Roosevelt,democrat,420,1000
11/05/1940,NE,Clay,Dewey,republican,580,1000
11/05/1940,IA,Guthrie,Roosevelt,democrat,470,1000
11/05/1940,IA,Guthrie,Dewey,republican,530,1000
11/05/1940,IA,Adair,Roosevelt,democrat,510,1000
11/05/1940,IA,Adair,Dewey,republican,490,1000
11/05/1940,TX,Hale,Roosevelt,democrat,470,1000
11/05/1940,TX,Hale,Dewey,republican,530,1000
11/05/1940,VA,Galax,Roosevelt,democrat,580,1000
11/05/1940,VA,Galax,Dewey,republican,420,1000
11/05/1940,WI,Sawyer,Roosevelt,democrat,580,1000
11/05/1940,WI,Sawyer,Dewey,republican,420,1000
11/05/1940,TX,Sherman,Roosevelt,democrat,470,1000
11/05/1940,TX,Sherman,Dewey,republican,530,1000
11/05/1940,CO,Montezuma,Roosevelt,democrat,530,1000
11/05/1940,CO,Montezuma,Dewey,republican,470,1000
11/05/1940,KS,Phillips,Roosevelt,democrat,530,1000
11/05/1940,KS,Phillips,Dewey,republican,470,1000
11/05/1940,KY,Clinton,Roosevelt,democrat,420,1000
11/05/1940,KY,Clinton,Dewey,republican,580,1000
11/05/1940,MD,Allegany,Roosevelt,democrat,420,1000
11/05/1940,MD,Allegany,Dewey,republican,580,1000
11/05/1940,MS,Panola,Roosevelt,democrat,580,1000
11/05/1940,MS,Panola,Dewey,republican,420,1000
11/05/1940,TX,Kinney,Roosevelt,democrat,580,1000
11/05/1940,TX,Kinney,Dewey,republican,420,1000
11/05/1940,NM,Valencia,Roosevelt,democrat,530,1000
11/05/1940,NM,Valencia,Dewey,republican,470,1000
11/05/1940,AR,Searcy,Roosevelt,democrat,420,1000
11/05/1940,AR,Searcy,Dewey,republican,580,1000
11/05/1940,GA,Candler,Roosevelt,democrat,580,1000
11/05/1940,GA,Candler,Dewey,republican,420,1000
11/05/1940,IN,Henry,Roosevelt,democrat,470,1000
11/05/1940,IN,Henry,Dewey,republican,530,1000
11/05/1940,IA,Chickasaw,Roosevelt,democrat,580,1000
11/05/1940,IA,Chickasaw,Dewey,republican,420,1000
11/05/1940,IA,Poweshiek,Roosevelt,democrat,470,1000
11/05/1940,IA,Poweshiek,Dewey,republican,530,1000
11/05/1940,MI,Montmorency,Roosevelt,democrat,530,1000
11/05/1940,MI,Montmorency,Dewey,republican,470,1000
11/05/1940,MO,Linn,Roosevelt,democrat,580,1000
11/05/1940,MO,Linn,Dewey,republican,420,1000
11/05/1940,ND,Burleigh,Roosevelt,democrat,490,1000
11/05/1940,ND,Burleigh,Dewey,republican,510,1000
11/05/1940,NE,Cuming,Roosevelt,democrat,420,1000
11/05/1940,NE,Cuming,Dewey,republican,580,1000
11/05/1940,OR,Grant,Roosevelt,democrat,420,1000
11/05/1940,OR,Grant,Dewey,republican,580,1000
11/05/1940,SD,Lake,Roosevelt,democrat,530,1000
11/05/1940,SD,Lake,Dewey,republican,470,1000
11/05/1940,TX,Scurry,Roosevelt,democrat,420,1000
11/05/1940,TX,Scurry,Dewey,republican,580,1000
11/05/1940,TX,Castro,Roosevelt,democrat,530,1000
11/05/1940,TX,Castro,Dewey,republican,470,1000
11/05/1940,OH,Harrison,Roosevelt,democrat,510,1000
11/05/1940,OH,Harrison,Dewey,republican,490,1000
11/05/1940,TX,Cochran,Roosevelt,democrat,530,1000
11/05/1940,TX,Cochran,Dewey,republican,470,1000
11/05/1940,KS,Stanton,Roosevelt,democrat,580,1000
11/05/1940,KS,Stanton,Dewey,republican,420,1000
11/05/1940,FL,Monroe,Roosevelt,democrat,470,1000
11/05/1940,FL,Monroe,Dewey,republican,530,1000
11/05/1940,FL,Escambia,Roosevelt,democrat,580,1000
11/05/1940,FL,Escambia,Dewey,republican,420,1000
11/05/1940,IL,Kankakee,Roosevelt,democrat,420,1000
11/05/1940,IL,Kankakee,Dewey,republican,580,1000
11/05/1940,KS,Meade,Roosevelt,democrat,580,1000
11/05/1940,KS,Meade,Dewey,republican,420,1000
11/05/1940,MN,Polk,Roosevelt,democrat,503,1000
11/05/1940,MN,Polk,Dewey,republican,497,1000
11/05/1940,MS,Pike,Roosevelt,democrat,580,1000
11/05/1940,MS,Pike,Dewey,republican,420,1000
11/05/1940,MN,Waseca,Roosevelt,democrat,510,1000
11/05/1940,MN,Waseca,Dewey,republican,490,1000
11/05/1940,OK,Cimarron,Roosevelt,democrat,420,1000
11/05/1940,OK,Cimarron,Dewey,republican,580,1000
11/05/1940,MT,Flathead,Roosevelt,democrat,510,1000
11/05/1940,MT,Flathead,Dewey,republican,490,1000
11/05/1940,UT,Cache,Roosevelt,democrat,420,1000
11/05/1940,UT,Cache,Dewey,republican,580,1000
11/05/1940,AR,Lincoln,Roosevelt,democrat,580,1000
11/05/1940,AR,Lincoln,Dewey,republican,420,1000
11/05/1940,GA,Turner,Roosevelt,democrat,580,1000
11/05/1940,GA,Turner,Dewey,republican,420,1000
11/05/1940,IA,Marshall,Roosevelt,democrat,510,1000
11/05/1940,IA,Marshall,Dewey,republican,490,1000
11/05/1940,MO,Texas,Roosevelt,democrat,420,1000
11/05/1940,MO,Texas,Dewey,republican,580,1000
11/05/1940,GA,Bleckley,Roosevelt,democrat,580,1000
11/05/1940,GA,Bleckley,Dewey,republican,420,1000
11/05/1940,OH,Geauga,Roosevelt,democrat,580,1000
11/05/1940,OH,Geauga,Dewey,republican,420,1000
11/05/1940,OK,Grant,Roosevelt,democrat,530,1000
11/05/1940,OK,Grant,Dewey,republican,470,1000
11/05/1940,MO,Crawford,Roosevelt,democrat,470,1000
11/05/1940,MO,Crawford,Dewey,republican,530,1000
11/05/1940,TX,Tom_Green,Roosevelt,democrat,420,1000
11/05/1940,TX,Tom_Green,Dewey,republican,580,1000
11/05/1940,TX,Roberts,Roosevelt,democrat,420,1000
11/05/1940,TX,Roberts,Dewey,republican,580,1000
11/05/1940,TX,Childress,Roosevelt,democrat,530,1000
11/05/1940,TX,Childress,Dewey,republican,470,1000
11/05/1940,AL,Franklin,Roosevelt,democrat,580,1000
11/05/1940,AL,Franklin,Dewey,republican,420,1000
11/05/1940,IN,Ohio,Roosevelt,democrat,510,1000
11/05/1940,IN,Ohio,Dewey,republican,490,1000
11/05/1940,KS,Nemaha,Roosevelt,democrat,420,1000
11/05/1940,KS,Nemaha,Dewey,republican,580,1000
11/05/1940,MN,Rock,Roosevelt,democrat,420,1000
11/05/1940,MN,Rock,Dewey,republican,580,1000
11/05/1940,NE,Dawes,Roosevelt,democrat,580,1000
11/05/1940,NE,Dawes,Dewey,republican,420,1000
11/05/1940,PA,Greene,Roosevelt,democrat,580,1000
11/05/1940,PA,Greene,Dewey,republican,420,1000
11/05/1940,MO,Phelps,Roosevelt,democrat,420,1000
11/05/1940,MO,Phelps,Dewey,republican,580,1000
11/05/1940,AL,Clay,Roosevelt,democrat,580,1000
11/05/1940,AL,Clay,Dewey,republican,420,1000
11/05/1940,AK,Kusilvak,Roosevelt,democrat,530,1000
11/05/1940,AK,Kusilvak,Dewey,republican,470,1000
11/05/1940,IL,Putnam,Roosevelt,democrat,580,1000
11/05/1940,IL,Putnam,Dewey,republican,420,1000
11/05/1940,IN,Montgomery,Roosevelt,democrat,470,1000
11/05/1940,IN,Montgomery,Dewey,republican,530,1000
11/05/1940,KS,Wichita,Roosevelt,democrat,580,1000
11/05/1940,KS,Wichita,Dewey,republican,420,1000
11/05/1940,MN,Mahnomen,Roosevelt,democrat,580,1000
11/05/1940,MN,Mahnomen,Dewey,republican,420,1000
11/05/1940,MN,Murray,Roosevelt,democrat,420,1000
11/05/1940,MN,Murray,Dewey,republican,580,1000
11/05/1940,NE,Logan,Roosevelt,democrat,497,1000
11/05/1940,NE,Logan,Dewey,republican,503,1000
11/05/1940,ND,Hettinger,Roosevelt,democrat,470,1000
11/05/1940,ND,Hettinger,Dewey,republican,530,1000
11/05/1940,IA,Greene,Roosevelt,democrat,420,1000
11/05/1940,IA,Greene,Dewey,republican,580,1000
11/05/1940,KY,Lee,Roosevelt,democrat,530,1000
11/05/1940,KY,Lee,Dewey,republican,470,1000
11/05/1940,TX,Motley,Roosevelt,democrat,470,1000
11/05/1940,TX,Motley,Dewey,republican,530,1000
11/05/1940,LA,Jackson,Roosevelt,democrat,580,1000
11/05/1940,LA,Jackson,Dewey,republican,420,1000
11/05/1940,VA,Radford,Roosevelt,democrat,530,1000
11/05/1940,VA,Radford,Dewey,republican,470,1000
11/05/1940,ND,Ramsey,Roosevelt,democrat,580,1000
11/05/1940,ND,Ramsey,Dewey,republican,420,1000
11/05/1940,ID,Lincoln,Roosevelt,democrat,580,1000
11/05/1940,ID,Lincoln,Dewey,republican,420,1000
11/05/1940,CO,Cheyenne,Roosevelt,democrat,580,1000
11/05/1940,CO,Cheyenne,Dewey,republican,420,1000
11/05/1940,HI,Maui,Roosevelt,democrat,497,1000
11/05/1940,HI,Maui,Dewey,republican,503,1000
11/05/1940,KS,Comanche,Roosevelt,democrat,530,1000
11/05/1940,KS,Comanche,Dewey,republican,470,1000
11/05/1940,ME,Aroostook,Roosevelt,democrat,530,1000
11/05/1940,ME,Aroostook,Dewey,republican,470,1000
11/05/1940,NE,Thayer,Roosevelt,democrat,420,1000
11/05/1940,NE,Thayer,Dewey,republican,580,1000
11/05/1940,MS,Jasper,Roosevelt,democrat,580,1000
11/05/1940,MS,Jasper,Dewey,republican,420,1000
11/05/1940,MN,Steele,Roosevelt,democrat,490,1000
11/05/1940,MN,Steele,Dewey,republican,510,1000
11/05/1940,SD,Lawrence,Roosevelt,democrat,470,1000
11/05/1940,SD,Lawrence,Dewey,republican,530,1000
11/05/1940,SD,Campbell,Roosevelt,democrat,420,1000
11/05/1940,SD,Campbell,Dewey,republican,580,1000
11/05/1940,MT,Wheatland,Roosevelt,democrat,420,1000
11/05/1940,MT,Wheatland,Dewey,republican,580,1000
11/05/1940,AR,Jackson,Roosevelt,democrat,580,1000
11/05/1940,AR,Jackson,Dewey,republican,420,1000
11/05/1940,FL,Lafayette,Roosevelt,democrat,580,1000
11/05/1940,FL,Lafayette,Dewey,republican,420,1000
11/05/1940,IL,Saline,Roosevelt,democrat,530,1000
11/05/1940,IL,Saline,Dewey,republican,470,1000
11/05/1940,IA,Wapello,Roosevelt,democrat,490,1000
11/05/1940,IA,Wapello,Dewey,republican,510,1000
11/05/1940,MI,Calhoun,Roosevelt,democrat,420,1000
11/05/1940,MI,Calhoun,Dewey,republican,580,1000
11/05/1940,NE,Colfax,Roosevelt,democrat,420,1000
11/05/1940,NE,Colfax,Dewey,republican,580,1000
11/05/1940,ND,Ward,Roosevelt,democrat,490,1000
11/05/1940,ND,Ward,Dewey,republican,510,1000
11/05/1940,NE,Fillmore,Roosevelt,democrat,420,1000
11/05/1940,NE,Fillmore,Dewey,republican,580,1000
11/05/1940,PA,Snyder,Roosevelt,democrat,420,1000
11/05/1940,PA,Snyder,Dewey,republican,580,1000
11/05/1940,IA,Adams,Roosevelt,democrat,530,1000
11/05/1940,IA,Adams,Dewey,republican,470,1000
11/05/1940,VA,Covington,Roosevelt,democrat,580,1000
11/05/1940,VA,Covington,Dewey,republican,420,1000
11/05/1940,WI,Barron,Roosevelt,democrat,490,1000
11/05/1940,WI,Barron,Dewey,republican,510,1000
11/05/1940,TX,Archer,Roosevelt,democrat,580,1000
11/05/1940,TX,Archer,Dewey,republican,420,1000
11/05/1940,UT,Piute,Roosevelt,democrat,497,1000
11/05/1940,UT,Piute,Dewey,republican,503,1000
11/05/1940,KS,Kearny,Roosevelt,democrat,580,1000
11/05/1940,KS,Kearny,Dewey,republican,420,1000
11/05/1940,NE,Johnson,Roosevelt,democrat,420,1000
11/05/1940,NE,Johnson,Dewey,republican,580,1000
11/05/1940,TX,Sutton,Roosevelt,democrat,580,1000
11/05/1940,TX,Sutton,Dewey,republican,420,1000
11/05/1940,IL,Piatt,Roosevelt,democrat,530,1000
11/05/1940,IL,Piatt,Dewey,republican,470,1000
11/05/1940,IL,Schuyler,Roosevelt,democrat,420,1000
11/05/1940,IL,Schuyler,Dewey,republican,580,1000
11/05/1940,TN,McNairy,Roosevelt,democrat,510,1000
11/05/1940,TN,McNairy,Dewey,republican,490,1000
11/05/1940,KY,Edmonson,Roosevelt,democrat,470,1000
11/05/1940,KY,Edmonson,Dewey,republican,530,1000
11/05/1940,IA,O_Brien,Roosevelt,democrat,420,1000
11/05/1940,IA,O_Brien,Dewey,republican,580,1000
11/05/1940,KY,Estill,Roosevelt,democrat,420,1000
11/05/1940,KY,Estill,Dewey,republican,580,1000
11/05/1940,IL,Christian,Roosevelt,democrat,510,1000
11/05/1940,IL,Christian,Dewey,republican,490,1000
11/05/1940,KY,Graves,Roosevelt,democrat,510,1000
11/05/1940,KY,Graves,Dewey,republican,490,1000
11/05/1940,IA,Union,Roosevelt,democrat,470,1000
11/05/1940,IA,Union,Dewey,republican,530,1000
11/05/1940,IL,Marshall,Roosevelt,democrat,530,1000
11/05/1940,IL,Marshall,Dewey,republican,470,1000
11/05/1940,MI,Branch,Roosevelt,democrat,420,1000
11/05/1940,MI,Branch,Dewey,republican,580,1000
11/05/1940,KS,Geary,Roosevelt,democrat,470,1000
11/05/1940,KS,Geary,Dewey,republican,530,1000
11/05/1940,NE,Brown,Roosevelt,democrat,510,1000
11/05/1940,NE,Brown,Dewey,republican,490,1000
11/05/1940,MS,Smith,Roosevelt,democrat,580,1000
11/05/1940,MS,Smith,Dewey,republican,420,1000
11/05/1940,ID,Benewah,Roosevelt,democrat,470,1000
11/05/1940,ID,Benewah,Dewey,republican,530,1000
11/05/1940,IN,Fountain,Roosevelt,democrat,420,1000
11/05/1940,IN,Fountain,Dewey,republican,580,1000
11/05/1940,TX,Moore,Roosevelt,democrat,420,1000
11/05/1940,TX,Moore,Dewey,republican,580,1000
11/05/1940,OK,Lincoln,Roosevelt,democrat,580,1000
11/05/1940,OK,Lincoln,Dewey,republican,420,1000
11/05/1940,UT,San_Juan,Roosevelt,democrat,580,1000
11/05/1940,UT,San_Juan,Dewey,republican,420,1000
11/05/1940,IA,Mahaska,Roosevelt,democrat,530,1000
11/05/1940,IA,Mahaska,Dewey,republican,470,1000
11/05/1940,IN,Pulaski,Roosevelt,democrat,470,1000
11/05/1940,IN,Pulaski,Dewey,republican,530,1000
11/05/1940,KY,Christian,Roosevelt,democrat,503,1000
11/05/1940,KY,Christian,Dewey,republican,497,1000
11/05/1940,ND,Richland,Roosevelt,democrat,580,1000
11/05/1940,ND,Richland,Dewey,republican,420,1000
11/05/1940,MO,Dade,Roosevelt,democrat,470,1000
11/05/1940,MO,Dade,Dewey,republican,530,1000
11/05/1940,MO,Dallas,Roosevelt,democrat,420,1000
11/05/1940,MO,Dallas,Dewey,republican,580,1000
11/05/1940,IN,Clay,Roosevelt,democrat,510,1000
11/05/1940,IN,Clay,Dewey,republican,490,1000
11/05/1940,GA,Floyd,Roosevelt,democrat,580,1000
11/05/1940,GA,Floyd,Dewey,republican,420,1000
11/05/1940,NE,Box_Butte,Roosevelt,democrat,580,1000
11/05/1940,NE,Box_Butte,Dewey,republican,420,1000
11/05/1940,KS,Ford,Roosevelt,democrat,580,1000
11/05/1940,KS,Ford,Dewey,republican,420,1000
11/05/1940,IN,Madison,Roosevelt,democrat,470,1000
11/05/1940,IN,Madison,Dewey,republican,530,1000
11/05/1940,KS,Ness,Roosevelt,democrat,530,1000
11/05/1940,KS,Ness,Dewey,republican,470,1000
11/05/1940,NE,Hooker,Roosevelt,democrat,530,1000
11/05/1940,NE,Hooker,Dewey,republican,470,1000
11/05/1940,IL,Clay,Roosevelt,democrat,497,1000
11/05/1940,IL,Clay,Dewey,republican,503,1000
11/05/1940,MO,Knox,Roosevelt,democrat,580,1000
11/05/1940,MO,Knox,Dewey,republican,420,1000
11/05/1940,MO,Osage,Roosevelt,democrat,490,1000
11/05/1940,MO,Osage,Dewey,republican,510,1000
11/05/1940,MI,Livingston,Roosevelt,democrat,420,1000
11/05/1940,MI,Livingston,Dewey,republican,580,1000
11/05/1940,AL,Randolph,Roosevelt,democrat,580,1000
11/05/1940,AL,Randolph,Dewey,republican,420,1000
11/05/1940,MI,Roscommon,Roosevelt,democrat,497,1000
11/05/1940,MI,Roscommon,Dewey,republican,503,1000
11/05/1940,OH,Carroll,Roosevelt,democrat,530,1000
11/05/1940,OH,Carroll,Dewey,republican,470,1000
11/05/1940,ND,Cass,Roosevelt,democrat,530,1000
11/05/1940,ND,Cass,Dewey,republican,470,1000
11/05/1940,NE,Madison,Roosevelt,democrat,420,1000
11/05/1940,NE,Madison,Dewey,republican,580,1000
11/05/1940,NE,Perkins,Roosevelt,democrat,580,1000
11/05/1940,NE,Perkins,Dewey,republican,420,1000
11/05/1940,NE,Pierce,Roosevelt,democrat,420,1000
11/05/1940,NE,Pierce,Dewey,republican,580,1000
11/05/1940,AR,Cleburne,Roosevelt,democrat,580,1000
11/05/1940,AR,Cleburne,Dewey,republican,420,1000
11/05/1940,NE,Platte,Roosevelt,democrat,420,1000
11/05/1940,NE,Platte,Dewey,republican,580,1000
11/05/1940,NH,Coos,Roosevelt,democrat,530,1000
11/05/1940,NH,Coos,Dewey,republican,470,1000
11/05/1940,MN,Swift,Roosevelt,democrat,510,1000
11/05/1940,MN,Swift,Dewey,republican,490,1000
11/05/1940,WI,Langlade,Roosevelt,democrat,420,1000
11/05/1940,WI,Langlade,Dewey,republican,580,1000
11/05/1940,MI,Isabella,Roosevelt,democrat,420,1000
11/05/1940,MI,Isabella,Dewey,republican,580,1000
11/05/1940,MN,McLeod,Roosevelt,democrat,470,1000
11/05/1940,MN,McLeod,Dewey,republican,530,1000
11/05/1940,NH,Grafton,Roosevelt,democrat,420,1000
11/05/1940,NH,Grafton,Dewey,republican,580,1000
11/05/1940,AK,Petersburg,Roosevelt,democrat,470,1000
11/05/1940,AK,Petersburg,Dewey,republican,530,1000
11/05/1940,MI,Missaukee,Roosevelt,democrat,420,1000
11/05/1940,MI,Missaukee,Dewey,republican,580,1000
11/05/1940,MO,Oregon,Roosevelt,democrat,490,1000
11/05/1940,MO,Oregon,Dewey,republican,510,1000
11/05/1940,ND,Griggs,Roosevelt,democrat,490,1000
11/05/1940,ND,Griggs,Dewey,republican,510,1000
11/05/1940,TX,Goliad,Roosevelt,democrat,580,1000
11/05/1940,TX,Goliad,Dewey,republican,420,1000
11/05/1940,NE,Chase,Roosevelt,democrat,580,1000
11/05/1940,NE,Chase,Dewey,republican,420,1000
11/05/1940,KS,Allen,Roosevelt,democrat,580,1000
11/05/1940,KS,Allen,Dewey,republican,420,1000
11/05/1940,KS,Chase,Roosevelt,democrat,420,1000
11/05/1940,KS,Chase,Dewey,republican,580,1000
11/05/1940,KS,Greenwood,Roosevelt,democrat,510,1000
11/05/1940,KS,Greenwood,Dewey,republican,490,1000
11/05/1940,TX,Cottle,Roosevelt,democrat,580,1000
11/05/1940,TX,Cottle,Dewey,republican,420,1000
11/05/1940,NM,Eddy,Roosevelt,democrat,580,1000
11/05/1940,NM,Eddy,Dewey,republican,420,1000
11/05/1940,IL,Coles,Roosevelt,democrat,510,1000
11/05/1940,IL,Coles,Dewey,republican,490,1000
11/05/1940,KS,Elk,Roosevelt,democrat,510,1000
11/05/1940,KS,Elk,Dewey,republican,490,1000
11/05/1940,KS,Woodson,Roosevelt,democrat,530,1000
11/05/1940,KS,Woodson,Dewey,republican,470,1000
11/05/1940,MI,Gratiot,Roosevelt,democrat,420,1000
11/05/1940,MI,Gratiot,Dewey,republican,580,1000
11/05/1940,KS,Marion,Roosevelt,democrat,420,1000
11/05/1940,KS,Marion,Dewey,republican,580,1000
11/05/1940,KS,Neosho,Roosevelt,democrat,580,1000
11/05/1940,KS,Neosho,Dewey,republican,420,1000
11/05/1940,MI,Ionia,Roosevelt,democrat,420,1000
11/05/1940,MI,Ionia,Dewey,republican,580,1000
11/05/1940,MN,Cottonwood,Roosevelt,democrat,470,1000
11/05/1940,MN,Cottonwood,Dewey,republican,530,1000
11/05/1940,KY,Montgomery,Roosevelt,democrat,490,1000
11/05/1940,KY,Montgomery,Dewey,republican,510,1000
11/05/1940,MN,Kandiyohi,Roosevelt,democrat,490,1000
11/05/1940,MN,Kandiyohi,Dewey,republican,510,1000
11/05/1940,MI,Mecosta,Roosevelt,democrat,470,1000
11/05/1940,MI,Mecosta,Dewey,republican,530,1000
11/05/1940,SD,Grant,Roosevelt,democrat,510,1000
11/05/1940,SD,Grant,Dewey,republican,490,1000
11/05/1940,MN,Faribault,Roosevelt,democrat,503,1000
11/05/1940,MN,Faribault,Dewey,republican,497,1000
11/05/1940,KY,Robertson,Roosevelt,democrat,580,1000
11/05/1940,KY,Robertson,Dewey,republican,420,1000
11/05/1940,IL,Effingham,Roosevelt,democrat,420,1000
11/05/1940,IL,Effingham,Dewey,republican,580,1000
11/05/1940,MN,Benton,Roosevelt,democrat,420,1000
11/05/1940,MN,Benton,Dewey,republican,580,1000
11/05/1940,TX,Falls,Roosevelt,democrat,530,1000
11/05/1940,TX,Falls,Dewey,republican,470,1000
11/05/1940,SD,Aurora,Roosevelt,democrat,420,1000
11/05/1940,SD,Aurora,Dewey,republican,580,1000
11/05/1940,MA,Nantucket,Roosevelt,democrat,420,1000
11/05/1940,MA,Nantucket,Dewey,republican,580,1000
11/05/1940,SD,Beadle,Roosevelt,democrat,490,1000
11/05/1940,SD,Beadle,Dewey,republican,510,1000
11/05/1940,SD,Spink,Roosevelt,democrat,510,1000
11/05/1940,SD,Spink,Dewey,republican,490,1000
11/05/1940,SD,Yankton,Roosevelt,democrat,470,1000
11/05/1940,SD,Yankton,Dewey,republican,530,1000
11/05/1940,SD,Hutchinson,Roosevelt,democrat,490,1000
11/05/1940,SD,Hutchinson,Dewey,republican,510,1000
11/05/1940,PA,Cameron,Roosevelt,democrat,470,1000
11/05/1940,PA,Cameron,Dewey,republican,530,1000
11/05/1940,AK,Hoonah_Angoon,Roosevelt,democrat,490,1000
11/05/1940,AK,Hoonah_Angoon,Dewey,republican,510,1000
11/05/1940,TN,Hardin,Roosevelt,democrat,580,1000
11/05/1940,TN,Hardin,Dewey,republican,420,1000
11/05/1940,SD,McCook,Roosevelt,democrat,497,1000
11/05/1940,SD,McCook,Dewey,republican,503,1000
11/05/1940,SD,Jerauld,Roosevelt,democrat,470,1000
11/05/1940,SD,Jerauld,Dewey,republican,530,1000
11/05/1940,WV,Barbour,Roosevelt,democrat,490,1000
11/05/1940,WV,Barbour,Dewey,republican,510,1000
11/05/1940,VA,Goochland,Roosevelt,democrat,470,1000
11/05/1940,VA,Goochland,Dewey,republican,530,1000
11/05/1940,MN,Le_Sueur,Roosevelt,democrat,420,1000
11/05/1940,MN,Le_Sueur,Dewey,republican,580,1000
11/05/1940,TX,Karnes,Roosevelt,democrat,580,1000
11/05/1940,TX,Karnes,Dewey,republican,420,1000
11/05/1940,MN,Martin,Roosevelt,democrat,420,1000
11/05/1940,MN,Martin,Dewey,republican,580,1000
11/05/1940,MO,Adair,Roosevelt,democrat,530,1000
11/05/1940,MO,Adair,Dewey,republican,470,1000
11/05/1940,WI,Price,Roosevelt,democrat,470,1000
11/05/1940,WI,Price,Dewey,republican,530,1000
11/05/1940,WI,Dunn,Roosevelt,democrat,510,1000
11/05/1940,WI,Dunn,Dewey,republican,490,1000
11/05/1940,WY,Natrona,Roosevelt,democrat,580,1000
11/05/1940,WY,Natrona,Dewey,republican,420,1000
11/05/1940,WY,Niobrara,Roosevelt,democrat,530,1000
11/05/1940,WY,Niobrara,Dewey,republican,470,1000
11/05/1940,WY,Park,Roosevelt,democrat,470,1000
11/05/1940,WY,Park,Dewey,republican,530,1000
11/05/1940,SC,Saluda,Roosevelt,democrat,580,1000
11/05/1940,SC,Saluda,Dewey,republican,420,1000
11/05/1940,OR,Wheeler,Roosevelt,democrat,420,1000
11/05/1940,OR,Wheeler,Dewey,republican,580,1000
11/05/1940,VT,Essex,Roosevelt,democrat,420,1000
11/05/1940,VT,Essex,Dewey,republican,580,1000
11/05/1940,WA,Skamania,Roosevelt,democrat,470,1000
11/05/1940,WA,Skamania,Dewey,republican,530,1000
11/05/1940,MN,Cook,Roosevelt,democrat,490,1000
11/05/1940,MN,Cook,Dewey,republican,510,1000
11/05/1940,OH,Crawford,Roosevelt,democrat,510,1000
11/05/1940,OH,Crawford,Dewey,republican,490,1000
11/05/1940,OH,Hancock,Roosevelt,democrat,420,1000
11/05/1940,OH,Hancock,Dewey,republican,580,1000
11/05/1940,OH,Hocking,Roosevelt,democrat,530,1000
11/05/1940,OH,Hocking,Dewey,republican,470,1000
11/05/1940,OH,Huron,Roosevelt,democrat,420,1000
11/05/1940,OH,Huron,Dewey,republican,580,1000
11/05/1940,TX,Yoakum,Roosevelt,democrat,503,1000
11/05/1940,TX,Yoakum,Dewey,republican,497,1000
11/05/1940,TX,Armstrong,Roosevelt,democrat,470,1000
11/05/1940,TX,Armstrong,Dewey,republican,530,1000
11/05/1940,TX,Jim_Wells,Roosevelt,democrat,580,1000
11/05/1940,TX,Jim_Wells,Dewey,republican,420,1000
11/05/1940,OK,Dewey,Roosevelt,democrat,530,1000
11/05/1940,OK,Dewey,Dewey,republican,470,1000
11/05/1940,TX,Hemphill,Roosevelt,democrat,503,1000
11/05/1940,TX,Hemphill,Dewey,republican,497,1000
11/05/1940,ME,Kennebec,Roosevelt,democrat,470,1000
11/05/1940,ME,Kennebec,Dewey,republican,530,1000
11/05/1940,IA,Grundy,Roosevelt,democrat,420,1000
11/05/1940,IA,Grundy,Dewey,republican,580,1000
11/05/1940,MN,Isanti,Roosevelt,democrat,420,1000
11/05/1940,MN,Isanti,Dewey,republican,580,1000
11/05/1940,TX,Schleicher,Roosevelt,democrat,530,1000
11/05/1940,TX,Schleicher,Dewey,republican,470,1000
11/05/1940,OK,Okmulgee,Roosevelt,democrat,580,1000
11/05/1940,OK,Okmulgee,Dewey,republican,420,1000
11/05/1940,MT,Garfield,Roosevelt,democrat,420,1000
11/05/1940,MT,Garfield,Dewey,republican,580,1000
11/05/1940,TX,Stephens,Roosevelt,democrat,580,1000
11/05/1940,TX,Stephens,Dewey,republican,420,1000
11/05/1940,NE,Arthur,Roosevelt,democrat,580,1000
11/05/1940,NE,Arthur,Dewey,republican,420,1000
11/05/1940,TX,Swisher,Roosevelt,democrat,470,1000
11/05/1940,TX,Swisher,Dewey,republican,530,1000
11/05/1940,MO,Pettis,Roosevelt,democrat,420,1000
11/05/1940,MO,Pettis,Dewey,republican,580,1000
11/05/1940,TX,Lamb,Roosevelt,democrat,490,1000
11/05/1940,TX,Lamb,Dewey,republican,510,1000
11/05/1940,TX,Palo_Pinto,Roosevelt,democrat,510,1000
11/05/1940,TX,Palo_Pinto,Dewey,republican,490,1000
11/05/1940,GA,White,Roosevelt,democrat,510,1000
11/05/1940,GA,White,Dewey,republican,490,1000
11/05/1940,OR,Wasco,Roosevelt,democrat,530,1000
11/05/1940,OR,Wasco,Dewey,republican,470,1000
11/05/1940,AK,Bethel,Roosevelt,democrat,510,1000
11/05/1940,AK,Bethel,Dewey,republican,490,1000
11/05/1940,AR,St_Francis,Roosevelt,democrat,580,1000
11/05/1940,AR,St_Francis,Dewey,republican,420,1000
11/05/1940,AK,Aleutians_East,Roosevelt,democrat,470,1000
11/05/1940,AK,Aleutians_East,Dewey,republican,530,1000
11/05/1940,WI,Monroe,Roosevelt,democrat,503,1000
11/05/1940,WI,Monroe,Dewey,republican,497,1000
11/05/1940,AK,Ketchikan_Gateway,Roosevelt,democrat,510,1000
11/05/1940,AK,Ketchikan_Gateway,Dewey,republican,490,1000
11/05/1940,AK,Lake_and_Peninsula,Roosevelt,democrat,420,1000
11/05/1940,AK,Lake_and_Peninsula,Dewey,republican,580,1000
11/05/1940,ND,Stutsman,Roosevelt,democrat,470,1000
11/05/1940,ND,Stutsman,Dewey,republican,530,1000
11/05/1940,OH,Paulding,Roosevelt,democrat,420,1000
11/05/1940,OH,Paulding,Dewey,republican,580,1000
11/05/1940,MS,Choctaw,Roosevelt,democrat,580,1000
11/05/1940,MS,Choctaw,Dewey,republican,420,1000
11/05/1940,SD,Sully,Roosevelt,democrat,420,1000
11/05/1940,SD,Sully,Dewey,republican,580,1000
11/05/1940,MO,Stoddard,Roosevelt,democrat,530,1000
11/05/1940,MO,Stoddard,Dewey,republican,470,1000
11/05/1940,TX,Hall,Roosevelt,democrat,580,1000
11/05/1940,TX,Hall,Dewey,republican,420,1000
11/05/1940,MO,Stone,Roosevelt,democrat,420,1000
11/05/1940,MO,Stone,Dewey,republican,580,1000
11/05/1940,MO,Webster,Roosevelt,democrat,420,1000
11/05/1940,MO,Webster,Dewey,republican,580,1000
11/05/1940,NC,Forsyth,Roosevelt,democrat,470,1000
11/05/1940,NC,Forsyth,Dewey,republican,530,1000
11/05/1940,VA,Danville,Roosevelt,democrat,580,1000
11/05/1940,VA,Danville,Dewey,republican,420,1000
11/05/1940,VA,Franklin,Roosevelt,democrat,580,1000
11/05/1940,VA,Franklin,Dewey,republican,420,1000
11/05/1940,KS,Brown,Roosevelt,democrat,470,1000
11/05/1940,KS,Brown,Dewey,republican,530,1000
11/05/1940,VA,Martinsville,Roosevelt,democrat,580,1000
11/05/1940,VA,Martinsville,Dewey,republican,420,1000
11/05/1940,KS,Butler,Roosevelt,democrat,510,1000
11/05/1940,KS,Butler,Dewey,republican,490,1000
11/05/1940,TX,Hood,Roosevelt,democrat,580,1000
11/05/1940,TX,Hood,Dewey,republican,420,1000
11/05/1940,VA,Staunton,Roosevelt,democrat,470,1000
11/05/1940,VA,Staunton,Dewey,republican,530,1000
11/05/1940,FL,DeSoto,Roosevelt,democrat,530,1000
11/05/1940,FL,DeSoto,Dewey,republican,470,1000
11/05/1940,FL,Highlands,Roosevelt,democrat,580,1000
11/05/1940,FL,Highlands,Dewey,republican,420,1000
11/05/1940,MO,Wright,Roosevelt,democrat,420,1000
11/05/1940,MO,Wright,Dewey,republican,580,1000
11/05/1940,KS,Anderson,Roosevelt,democrat,530,1000
11/05/1940,KS,Anderson,Dewey,republican,470,1000
11/05/1940,VA,Amelia,Roosevelt,democrat,420,1000
11/05/1940,VA,Amelia,Dewey,republican,580,1000
11/05/1940,IA,Crawford,Roosevelt,democrat,420,1000
11/05/1940,IA,Crawford,Dewey,republican,580,1000
11/05/1940,IA,Davis,Roosevelt,democrat,580,1000
11/05/1940,IA,Davis,Dewey,republican,420,1000
11/05/1940,IA,Delaware,Roosevelt,democrat,580,1000
11/05/1940,IA,Delaware,Dewey,republican,420,1000
11/05/1940,KS,Miami,Roosevelt,democrat,580,1000
11/05/1940,KS,Miami,Dewey,republican,420,1000
11/05/1940,TX,LaSalle,Roosevelt,democrat,580,1000
11/05/1940,TX,LaSalle,Dewey,republican,420,1000
11/05/1940,KS,McPherson,Roosevelt,democrat,470,1000
11/05/1940,KS,McPherson,Dewey,republican,530,1000
11/05/1940,IA,Franklin,Roosevelt,democrat,530,1000
11/05/1940,IA,Franklin,Dewey,republican,470,1000
11/05/1940,KS,Logan,Roosevelt,democrat,530,1000
11/05/1940,KS,Logan,Dewey,republican,470,1000
11/05/1940,IA,Hamilton,Roosevelt,democrat,420,1000
11/05/1940,IA,Hamilton,Dewey,republican,580,1000
11/05/1940,TX,McLennan,Roosevelt,democrat,580,1000
11/05/1940,TX,McLennan,Dewey,republican,420,1000
11/05/1940,ID,Custer,Roosevelt,democrat,580,1000
11/05/1940,ID,Custer,Dewey,republican,420,1000
11/05/1940,KS,Sherman,Roosevelt,democrat,580,1000
11/05/1940,KS,Sherman,Dewey,republican,420,1000
11/05/1940,IA,Ida,Roosevelt,democrat,420,1000
11/05/1940,IA,Ida,Dewey,republican,580,1000
11/05/1940,OH,Perry,Roosevelt,democrat,510,1000
11/05/1940,OH,Perry,Dewey,republican,490,1000
11/05/1940,CO,Morgan,Roosevelt,democrat,580,1000
11/05/1940,CO,Morgan,Dewey,republican,420,1000
11/05/1940,TX,Real,Roosevelt,democrat,580,1000
11/05/1940,TX,Real,Dewey,republican,420,1000
11/05/1940,GA,Crisp,Roosevelt,democrat,580,1000
11/05/1940,GA,Crisp,Dewey,republican,420,1000
11/05/1940,OH,Ross,Roosevelt,democrat,470,1000
11/05/1940,OH,Ross,Dewey,republican,530,1000
11/05/1940,CO,Montrose,Roosevelt,democrat,580,1000
11/05/1940,CO,Montrose,Dewey,republican,420,1000
11/05/1940,OH,Shelby,Roosevelt,democrat,420,1000
11/05/1940,OH,Shelby,Dewey,republican,580,1000
11/05/1940,GA,Evans,Roosevelt,democrat,580,1000
11/05/1940,GA,Evans,Dewey,republican,420,1000
11/05/1940,IL,Cumberland,Roosevelt,democrat,420,1000
11/05/1940,IL,Cumberland,Dewey,republican,580,1000
11/05/1940,OH,Union,Roosevelt,democrat,420,1000
11/05/1940,OH,Union,Dewey,republican,580,1000
11/05/1940,GA,Jeff_Davis,Roosevelt,democrat,580,1000
11/05/1940,GA,Jeff_Davis,Dewey,republican,420,1000
11/05/1940,AR,Stone,Roosevelt,democrat,530,1000
11/05/1940,AR,Stone,Dewey,republican,470,1000
11/05/1940,MO,Henry,Roosevelt,democrat,470,1000
11/05/1940,MO,Henry,Dewey,republican,530,1000
11/05/1940,TX,Menard,Roosevelt,democrat,580,1000
11/05/1940,TX,Menard,Dewey,republican,420,1000
11/05/1940,TX,Midland,Roosevelt,democrat,490,1000
11/05/1940,TX,Midland,Dewey,republican,510,1000
11/05/1940,TX,Nolan,Roosevelt,democrat,530,1000
11/05/1940,TX,Nolan,Dewey,republican,470,1000
11/05/1940,TX,Reagan,Roosevelt,democrat,580,1000
11/05/1940,TX,Reagan,Dewey,republican,420,1000
11/05/1940,OK,Stephens,Roosevelt,democrat,580,1000
11/05/1940,OK,Stephens,Dewey,republican,420,1000
11/05/1940,MO,St_Francois,Roosevelt,democrat,580,1000
11/05/1940,MO,St_Francois,Dewey,republican,420,1000
11/05/1940,CO,Kiowa,Roosevelt,democrat,580,1000
11/05/1940,CO,Kiowa,Dewey,republican,420,1000
11/05/1940,TX,Mason,Roosevelt,democrat,580,1000
11/05/1940,TX,Mason,Dewey,republican,420,1000
11/05/1940,TX,Glasscock,Roosevelt,democrat,580,1000
11/05/1940,TX,Glasscock,Dewey,republican,420,1000
11/05/1940,TX,Kendall,Roosevelt,democrat,420,1000
11/05/1940,TX,Kendall,Dewey,republican,580,1000
11/05/1940,OK,Grady,Roosevelt,democrat,580,1000
11/05/1940,OK,Grady,Dewey,republican,420,1000
11/05/1940,OK,Cleveland,Roosevelt,democrat,497,1000
11/05/1940,OK,Cleveland,Dewey,republican,503,1000
11/05/1940,PA,Susquehanna,Roosevelt,democrat,420,1000
11/05/1940,PA,Susquehanna,Dewey,republican,580,1000
11/05/1940,TX,Morris,Roosevelt,democrat,580,1000
11/05/1940,TX,Morris,Dewey,republican,420,1000
11/05/1940,TX,Hunt,Roosevelt,democrat,530,1000
11/05/1940,TX,Hunt,Dewey,republican,470,1000
11/05/1940,NY,Schenectady,Roosevelt,democrat,420,1000
11/05/1940,NY,Schenectady,Dewey,republican,580,1000
11/05/1940,OK,Carter,Roosevelt,democrat,580,1000
11/05/1940,OK,Carter,Dewey,republican,420,1000
11/05/1940,OK,Coal,Roosevelt,democrat,580,1000
11/05/1940,OK,Coal,Dewey,republican,420,1000
11/05/1940,OK,Murray,Roosevelt,democrat,580,1000
11/05/1940,OK,Murray,Dewey,republican,420,1000
11/05/1940,OK,Haskell,Roosevelt,democrat,580,1000
11/05/1940,OK,Haskell,Dewey,republican,420,1000
11/05/1940,OH,Athens,Roosevelt,democrat,580,1000
11/05/1940,OH,Athens,Dewey,republican,420,1000
11/05/1940,AK,Yukon-Koyukuk,Roosevelt,democrat,530,1000
11/05/1940,AK,Yukon-Koyukuk,Dewey,republican,470,1000
11/05/1940,AL,Monroe,Roosevelt,democrat,580,1000
11/05/1940,AL,Monroe,Dewey,republican,420,1000
11/05/1940,MS,Humphreys,Roosevelt,democrat,580,1000
11/05/1940,MS,Humphreys,Dewey,republican,420,1000
11/05/1940,MS,Quitman,Roosevelt,democrat,580,1000
11/05/1940,MS,Quitman,Dewey,republican,420,1000
11/05/1940,MO,Sullivan,Roosevelt,democrat,530,1000
11/05/1940,MO,Sullivan,Dewey,republican,470,1000
11/05/1940,TX,Lampasas,Roosevelt,democrat,530,1000
11/05/1940,TX,Lampasas,Dewey,republican,470,1000
11/05/1940,TX,Limestone,Roosevelt,democrat,510,1000
11/05/1940,TX,Limestone,Dewey,republican,490,1000
11/05/1940,TX,Bell,Roosevelt,democrat,580,1000
11/05/1940,TX,Bell,Dewey,republican,420,1000
11/05/1940,WI,Brown,Roosevelt,democrat,420,1000
11/05/1940,WI,Brown,Dewey,republican,580,1000
11/05/1940,MS,Jones,Roosevelt,democrat,580,1000
11/05/1940,MS,Jones,Dewey,republican,420,1000
11/05/1940,MS,Kemper,Roosevelt,democrat,580,1000
11/05/1940,MS,Kemper,Dewey,republican,420,1000
11/05/1940,NV,Mineral,Roosevelt,democrat,580,1000
11/05/1940,NV,Mineral,Dewey,republican,420,1000
11/05/1940,NM,Bernalillo,Roosevelt,democrat,580,1000
11/05/1940,NM,Bernalillo,Dewey,republican,420,1000
11/05/1940,FL,Hamilton,Roosevelt,democrat,580,1000
11/05/1940,FL,Hamilton,Dewey,republican,420,1000
11/05/1940,HI,Kalawao,Roosevelt,democrat,420,1000
11/05/1940,HI,Kalawao,Dewey,republican,580,1000
11/05/1940,FL,Clay,Roosevelt,democrat,420,1000
11/05/1940,FL,Clay,Dewey,republican,580,1000
11/05/1940,MN,Hubbard,Roosevelt,democrat,490,1000
11/05/1940,MN,Hubbard,Dewey,republican,510,1000
11/05/1940,TX,Carson,Roosevelt,democrat,497,1000
11/05/1940,TX,Carson,Dewey,republican,503,1000
11/05/1940,ND,Eddy,Roosevelt,democrat,470,1000
11/05/1940,ND,Eddy,Dewey,republican,530,1000
11/05/1940,AK,Nome,Roosevelt,democrat,470,1000
11/05/1940,AK,Nome,Dewey,republican,530,1000
11/05/1940,KS,Pawnee,Roosevelt,democrat,490,1000
11/05/1940,KS,Pawnee,Dewey,republican,510,1000
11/05/1940,KS,Stafford,Roosevelt,democrat,420,1000
11/05/1940,KS,Stafford,Dewey,republican,580,1000
11/05/1940,ND,McHenry,Roosevelt,democrat,470,1000
11/05/1940,ND,McHenry,Dewey,republican,530,1000
11/05/1940,IL,Warren,Roosevelt,democrat,580,1000
11/05/1940,IL,Warren,Dewey,republican,420,1000
11/05/1940,NV,Clark,Roosevelt,democrat,470,1000
11/05/1940,NV,Clark,Dewey,republican,530,1000
11/05/1940,KS,Lincoln,Roosevelt,democrat,470,1000
11/05/1940,KS,Lincoln,Dewey,republican,530,1000
11/05/1940,AL,Barbour,Roosevelt,democrat,580,1000
11/05/1940,AL,Barbour,Dewey,republican,420,1000
11/05/1940,TN,Fayette,Roosevelt,democrat,580,1000
11/05/1940,TN,Fayette,Dewey,republican,420,1000
11/05/1940,KS,Rush,Roosevelt,democrat,470,1000
11/05/1940,KS,Rush,Dewey,republican,530,1000
11/05/1940,IL,Boone,Roosevelt,democrat,470,1000
11/05/1940,IL,Boone,Dewey,republican,530,1000
11/05/1940,ND,Bowman,Roosevelt,democrat,420,1000
11/05/1940,ND,Bowman,Dewey,republican,580,1000
11/05/1940,IN,Huntington,Roosevelt,democrat,470,1000
11/05/1940,IN,Huntington,Dewey,republican,530,1000
11/05/1940,KS,Ellsworth,Roosevelt,democrat,497,1000
11/05/1940,KS,Ellsworth,Dewey,republican,503,1000
11/05/1940,IN,DeKalb,Roosevelt,democrat,580,1000
11/05/1940,IN,DeKalb,Dewey,republican,420,1000
11/05/1940,IN,Grant,Roosevelt,democrat,420,1000
11/05/1940,IN,Grant,Dewey,republican,580,1000
11/05/1940,IN,Miami,Roosevelt,democrat,490,1000
11/05/1940,IN,Miami,Dewey,republican,510,1000
11/05/1940,IN,Tipton,Roosevelt,democrat,420,1000
11/05/1940,IN,Tipton,Dewey,republican,580,1000
11/05/1940,UT,Summit,Roosevelt,democrat,580,1000
11/05/1940,UT,Summit,Dewey,republican,420,1000
11/05/1940,MO,Polk,Roosevelt,democrat,420,1000
11/05/1940,MO,Polk,Dewey,republican,580,1000
11/05/1940,CA,Nevada,Roosevelt,democrat,530,1000
11/05/1940,CA,Nevada,Dewey,republican,470,1000
11/05/1940,WI,Shawano,Roosevelt,democrat,490,1000
11/05/1940,WI,Shawano,Dewey,republican,510,1000
11/05/1940,ID,Idaho,Roosevelt,democrat,580,1000
11/05/1940,ID,Idaho,Dewey,republican,420,1000
11/05/1940,SD,Codington,Roosevelt,democrat,490,1000
11/05/1940,SD,Codington,Dewey,republican,510,1000
11/05/1940,ND,Rolette,Roosevelt,democrat,470,1000
11/05/1940,ND,Rolette,Dewey,republican,530,1000
11/05/1940,KS,Mitchell,Roosevelt,democrat,530,1000
11/05/1940,KS,Mitchell,Dewey,republican,470,1000
11/05/1940,KS,Scott,Roosevelt,democrat,580,1000
11/05/1940,KS,Scott,Dewey,republican,420,1000
11/05/1940,KS,Washington,Roosevelt,democrat,420,1000
11/05/1940,KS,Washington,Dewey,republican,580,1000
11/05/1940,LA,Concordia,Roosevelt,democrat,580,1000
11/05/1940,LA,Concordia,Dewey,republican,420,1000
11/05/1940,GA,Marion,Roosevelt,democrat,580,1000
11/05/1940,GA,Marion,Dewey,republican,420,1000
11/05/1940,LA,Iberville,Roosevelt,democrat,580,1000
11/05/1940,LA,Iberville,Dewey,republican,420,1000
11/05/1940,TX,Blanco,Roosevelt,democrat,580,1000
11/05/1940,TX,Blanco,Dewey,republican,420,1000
11/05/1940,VA,Norton,Roosevelt,democrat,580,1000
11/05/1940,VA,Norton,Dewey,republican,420,1000
11/05/1940,TX,Kimble,Roosevelt,democrat,580,1000
11/05/1940,TX,Kimble,Dewey,republican,420,1000
11/05/1940,TX,Dawson,Roosevelt,democrat,420,1000
11/05/1940,TX,Dawson,Dewey,republican,580,1000
11/05/1940,OK,Blaine,Roosevelt,democrat,580,1000
11/05/1940,OK,Blaine,Dewey,republican,420,1000
11/05/1940,KS,Barber,Roosevelt,democrat,530,1000
11/05/1940,KS,Barber,Dewey,republican,470,1000
11/05/1940,TX,Wilson,Roosevelt,democrat,580,1000
11/05/1940,TX,Wilson,Dewey,republican,420,1000
11/05/1940,WI,Rusk,Roosevelt,democrat,530,1000
11/05/1940,WI,Rusk,Dewey,republican,470,1000
11/05/1940,VA,Colonial_Heights,Roosevelt,democrat,580,1000
11/05/1940,VA,Colonial_Heights,Dewey,republican,420,1000
11/05/1940,TX,Baylor,Roosevelt,democrat,580,1000
11/05/1940,TX,Baylor,Dewey,republican,420,1000
11/05/1940,KS,Wallace,Roosevelt,democrat,580,1000
11/05/1940,KS,Wallace,Dewey,republican,420,1000
11/05/1940,KS,Seward,Roosevelt,democrat,580,1000
11/05/1940,KS,Seward,Dewey,republican,420,1000
11/05/1940,MS,Lauderdale,Roosevelt,democrat,580,1000
11/05/1940,MS,Lauderdale,Dewey,republican,420,1000
11/05/1940,MS,Perry,Roosevelt,democrat,580,1000
11/05/1940,MS,Perry,Dewey,republican,420,1000
11/05/1940,AR,Saline,Roosevelt,democrat,530,1000
11/05/1940,AR,Saline,Dewey,republican,470,1000
11/05/1940,IL,Bureau,Roosevelt,democrat,530,1000
11/05/1940,IL,Bureau,Dewey,republican,470,1000
11/05/1940,IN,Wabash,Roosevelt,democrat,530,1000
11/05/1940,IN,Wabash,Dewey,republican,470,1000
11/05/1940,MO,Carter,Roosevelt,democrat,580,1000
11/05/1940,MO,Carter,Dewey,republican,420,1000
11/05/1940,NE,McPherson,Roosevelt,democrat,580,1000
11/05/1940,NE,McPherson,Dewey,republican,420,1000
11/05/1940,MO,Macon,Roosevelt,democrat,530,1000
11/05/1940,MO,Macon,Dewey,republican,470,1000
11/05/1940,KS,Coffey,Roosevelt,democrat,530,1000
11/05/1940,KS,Coffey,Dewey,republican,470,1000
11/05/1940,VA,Salem,Roosevelt,democrat,530,1000
11/05/1940,VA,Salem,Dewey,republican,470,1000
11/05/1940,WI,Lincoln,Roosevelt,democrat,580,1000
11/05/1940,WI,Lincoln,Dewey,republican,420,1000
11/05/1940,OH,Morgan,Roosevelt,democrat,580,1000
11/05/1940,OH,Morgan,Dewey,republican,420,1000
11/05/1940,WI,Richland,Roosevelt,democrat,530,1000
11/05/1940,WI,Richland,Dewey,republican,470,1000
11/05/1940,ID,Lemhi,Roosevelt,democrat,580,1000
11/05/1940,ID,Lemhi,Dewey,republican,420,1000
11/05/1940,IA,Dickinson,Roosevelt,democrat,420,1000
11/05/1940,IA,Dickinson,Dewey,republican,580,1000
11/05/1940,MI,Sanilac,Roosevelt,democrat,420,1000
11/05/1940,MI,Sanilac,Dewey,republican,580,1000
11/05/1940,MS,Pontotoc,Roosevelt,democrat,580,1000
11/05/1940,MS,Pontotoc,Dewey,republican,420,1000
11/05/1940,NY,Suffolk,Roosevelt,democrat,420,1000
11/05/1940,NY,Suffolk,Dewey,republican,580,1000
11/05/1940,VA,Grayson,Roosevelt,democrat,580,1000
11/05/1940,VA,Grayson,Dewey,republican,420,1000
11/05/1940,CO,Elbert,Roosevelt,democrat,580,1000
11/05/1940,CO,Elbert,Dewey,republican,420,1000
11/05/1940,IN,Franklin,Roosevelt,democrat,470,1000
11/05/1940,IN,Franklin,Dewey,republican,530,1000
11/05/1940,IA,Linn,Roosevelt,democrat,470,1000
11/05/1940,IA,Linn,Dewey,republican,530,1000
11/05/1940,MI,Wexford,Roosevelt,democrat,420,1000
11/05/1940,MI,Wexford,Dewey,republican,580,1000
11/05/1940,OH,Wyandot,Roosevelt,democrat,420,1000
11/05/1940,OH,Wyandot,Dewey,republican,580,1000
11/05/1940,NE,Franklin,Roosevelt,democrat,470,1000
11/05/1940,NE,Franklin,Dewey,republican,530,1000
11/05/1940,WV,McDowell,Roosevelt,democrat,580,1000
11/05/1940,WV,McDowell,Dewey,republican,420,1000
11/05/1940,WV,Wirt,Roosevelt,democrat,470,1000
11/05/1940,WV,Wirt,Dewey,republican,530,1000
11/05/1940,WV,Upshur,Roosevelt,democrat,580,1000
11/05/1940,WV,Upshur,Dewey,republican,420,1000
11/05/1940,MS,Covington,Roosevelt,democrat,580,1000
11/05/1940,MS,Covington,Dewey,republican,420,1000
11/05/1940,CO,Alamosa,Roosevelt,democrat,580,1000
11/05/1940,CO,Alamosa,Dewey,republican,420,1000
11/05/1940,FL,Holmes,Roosevelt,democrat,580,1000
11/05/1940,FL,Holmes,Dewey,republican,420,1000
11/05/1940,GA,Dade,Roosevelt,democrat,580,1000
11/05/1940,GA,Dade,Dewey,republican,420,1000
11/05/1940,GA,Miller,Roosevelt,democrat,580,1000
11/05/1940,GA,Miller,Dewey,republican,420,1000
11/05/1940,GA,Pulaski,Roosevelt,democrat,580,1000
11/05/1940,GA,Pulaski,Dewey,republican,420,1000
11/05/1940,MS,Amite,Roosevelt,democrat,580,1000
11/05/1940,MS,Amite,Dewey,republican,420,1000
11/05/1940,SD,Faulk,Roosevelt,democrat,420,1000
11/05/1940,SD,Faulk,Dewey,republican,580,1000
11/05/1940,AL,Bibb,Roosevelt,democrat,580,1000
11/05/1940,AL,Bibb,Dewey,republican,420,1000
11/05/1940,KS,Cheyenne,Roosevelt,democrat,580,1000
11/05/1940,KS,Cheyenne,Dewey,republican,420,1000
11/05/1940,ME,York,Roosevelt,democrat,530,1000
11/05/1940,ME,York,Dewey,republican,470,1000
11/05/1940,MN,Carlton,Roosevelt,democrat,530,1000
11/05/1940,MN,Carlton,Dewey,republican,470,1000
11/05/1940,VA,Dickenson,Roosevelt,democrat,580,1000
11/05/1940,VA,Dickenson,Dewey,republican,420,1000
11/05/1940,AK,Northwest_Arctic,Roosevelt,democrat,420,1000
11/05/1940,AK,Northwest_Arctic,Dewey,republican,580,1000
11/05/1940,GA,Walton,Roosevelt,democrat,510,1000
11/05/1940,GA,Walton,Dewey,republican,490,1000
11/05/1940,IN,Greene,Roosevelt,democrat,530,1000
11/05/1940,IN,Greene,Dewey,republican,470,1000
11/05/1940,MI,Kalkaska,Roosevelt,democrat,420,1000
11/05/1940,MI,Kalkaska,Dewey,republican,580,1000
11/05/1940,NE,Buffalo,Roosevelt,democrat,420,1000
11/05/1940,NE,Buffalo,Dewey,republican,580,1000
11/05/1940,ND,Foster,Roosevelt,democrat,470,1000
11/05/1940,ND,Foster,Dewey,republican,530,1000
11/05/1940,NE,Sherman,Roosevelt,democrat,420,1000
11/05/1940,NE,Sherman,Dewey,republican,580,1000
11/05/1940,NE,Keith,Roosevelt,democrat,580,1000
11/05/1940,NE,Keith,Dewey,republican,420,1000
11/05/1940,OK,Beckham,Roosevelt,democrat,530,1000
11/05/1940,OK,Beckham,Dewey,republican,470,1000
11/05/1940,TX,Throckmorton,Roosevelt,democrat,580,1000
11/05/1940,TX,Throckmorton,Dewey,republican,420,1000
11/05/1940,CA,San_Bernardino,Roosevelt,democrat,420,1000
11/05/1940,CA,San_Bernardino,Dewey,republican,580,1000
11/05/1940,GA,Towns,Roosevelt,democrat,420,1000
11/05/1940,GA,Towns,Dewey,republican,580,1000
11/05/1940,MO,Andrew,Roosevelt,democrat,420,1000
11/05/1940,MO,Andrew,Dewey,republican,580,1000
11/05/1940,MN,Aitkin,Roosevelt,democrat,497,1000
11/05/1940,MN,Aitkin,Dewey,republican,503,1000
11/05/1940,AK,Haines,Roosevelt,democrat,420,1000
11/05/1940,AK,Haines,Dewey,republican,580,1000
11/05/1940,AK,Skagway,Roosevelt,democrat,497,1000
11/05/1940,AK,Skagway,Dewey,republican,503,1000
11/05/1940,IN,Washington,Roosevelt,democrat,530,1000
11/05/1940,IN,Washington,Dewey,republican,470,1000
11/05/1940,KS,Grant,Roosevelt,democrat,530,1000
11/05/1940,KS,Grant,Dewey,republican,470,1000
11/05/1940,KY,Marion,Roosevelt,democrat,490,1000
11/05/1940,KY,Marion,Dewey,republican,510,1000
11/05/1940,AL,Lawrence,Roosevelt,democrat,580,1000
11/05/1940,AL,Lawrence,Dewey,republican,420,1000
11/05/1940,IL,Stark,Roosevelt,democrat,503,1000
11/05/1940,IL,Stark,Dewey,republican,497,1000
11/05/1940,IN,Ripley,Roosevelt,democrat,530,1000
11/05/1940,IN,Ripley,Dewey,republican,470,1000
11/05/1940,KY,Russell,Roosevelt,democrat,420,1000
11/05/1940,KY,Russell,Dewey,republican,580,1000
11/05/1940,NE,Grant,Roosevelt,democrat,580,1000
11/05/1940,NE,Grant,Dewey,republican,420,1000
11/05/1940,PA,Venango,Roosevelt,democrat,470,1000
11/05/1940,PA,Venango,Dewey,republican,530,1000
11/05/1940,KS,Hodgeman,Roosevelt,democrat,580,1000
11/05/1940,KS,Hodgeman,Dewey,republican,420,1000
11/05/1940,TX,Crosby,Roosevelt,democrat,420,1000
11/05/1940,TX,Crosby,Dewey,republican,580,1000
11/05/1940,WI,Taylor,Roosevelt,democrat,470,1000
11/05/1940,WI,Taylor,Dewey,republican,530,1000
11/05/1940,TX,Rains,Roosevelt,democrat,530,1000
11/05/1940,TX,Rains,Dewey,republican,470,1000
11/05/1940,IA,Benton,Roosevelt,democrat,530,1000
11/05/1940,IA,Benton,Dewey,republican,470,1000
11/05/1940,AK,ALA,Roosevelt,democrat,420,1000
11/05/1940,AK,ALA,Dewey,republican,580,1000
11/05/1940,IL,Shelby,Roosevelt,democrat,420,1000
11/05/1940,IL,Shelby,Dewey,republican,580,1000
11/05/1940,IA,Story,Roosevelt,democrat,420,1000
11/05/1940,IA,Story,Dewey,republican,580,1000
11/05/1940,LA,Calcasieu,Roosevelt,democrat,580,1000
11/05/1940,LA,Calcasieu,Dewey,republican,420,1000
11/05/1940,IN,Marshall,Roosevelt,democrat,470,1000
11/05/1940,IN,Marshall,Dewey,republican,530,1000
11/05/1940,IN,Tippecanoe,Roosevelt,democrat,420,1000
11/05/1940,IN,Tippecanoe,Dewey,republican,580,1000
11/05/1940,NC,Alamance,Roosevelt,democrat,580,1000
11/05/1940,NC,Alamance,Dewey,republican,420,1000
11/05/1940,TX,Dallam,Roosevelt,democrat,420,1000
11/05/1940,TX,Dallam,Dewey,republican,580,1000
11/05/1940,MO,Moniteau,Roosevelt,democrat,530,1000
11/05/1940,MO,Moniteau,Dewey,republican,470,1000
11/05/1940,MN,Nobles,Roosevelt,democrat,470,1000
11/05/1940,MN,Nobles,Dewey,republican,530,1000
11/05/1940,OH,Champaign,Roosevelt,democrat,420,1000
11/05/1940,OH,Champaign,Dewey,republican,580,1000
11/05/1940,NM,Luna,Roosevelt,democrat,580,1000
11/05/1940,NM,Luna,Dewey,republican,420,1000
11/05/1940,AK,Wrangell,Roosevelt,democrat,420,1000
11/05/1940,AK,Wrangell,Dewey,republican,580,1000
11/05/1940,NE,Stanton,Roosevelt,democrat,420,1000
11/05/1940,NE,Stanton,Dewey,republican,580,1000
11/05/1940,AR,Garland,Roosevelt,democrat,580,1000
11/05/1940,AR,Garland,Dewey,republican,420,1000
11/05/1940,ND,Ransom,Roosevelt,democrat,530,1000
11/05/1940,ND,Ransom,Dewey,republican,470,1000
11/05/1940,IA,Decatur,Roosevelt,democrat,490,1000
11/05/1940,IA,Decatur,Dewey,republican,510,1000
11/05/1940,MI,Kalamazoo,Roosevelt,democrat,420,1000
11/05/1940,MI,Kalamazoo,Dewey,republican,580,1000
11/05/1940,IA,Floyd,Roosevelt,democrat,530,1000
11/05/1940,IA,Floyd,Dewey,republican,470,1000
11/05/1940,TX,Frio,Roosevelt,democrat,580,1000
11/05/1940,TX,Frio,Dewey,republican,420,1000
11/05/1940,TX,Coke,Roosevelt,democrat,580,1000
11/05/1940,TX,Coke,Dewey,republican,420,1000
11/05/1940,TX,Jim_Hogg,Roosevelt,democrat,580,1000
11/05/1940,TX,Jim_Hogg,Dewey,republican,420,1000
11/05/1940,KS,Sheridan,Roosevelt,democrat,580,1000
11/05/1940,KS,Sheridan,Dewey,republican,420,1000
11/05/1940,AZ,Mohave,Roosevelt,democrat,420,1000
11/05/1940,AZ,Mohave,Dewey,republican,580,1000
11/05/1940,IA,Taylor,Roosevelt,democrat,470,1000
11/05/1940,IA,Taylor,Dewey,republican,530,1000
11/05/1940,MI,Emmet,Roosevelt,democrat,580,1000
11/05/1940,MI,Emmet,Dewey,republican,420,1000
11/05/1940,ND,Burke,Roosevelt,democrat,420,1000
11/05/1940,ND,Burke,Dewey,republican,580,1000
11/05/1940,MT,Sweet_Grass,Roosevelt,democrat,420,1000
11/05/1940,MT,Sweet_Grass,Dewey,republican,580,1000
11/05/1940,ID,Minidoka,Roosevelt,democrat,530,1000
11/05/1940,ID,Minidoka,Dewey,republican,470,1000
11/05/1940,IA,Tama,Roosevelt,democrat,490,1000
11/05/1940,IA,Tama,Dewey,republican,510,1000
11/05/1940,MN,Olmsted,Roosevelt,democrat,420,1000
11/05/1940,MN,Olmsted,Dewey,republican,580,1000
11/05/1940,NC,Stokes,Roosevelt,democrat,490,1000
11/05/1940,NC,Stokes,Dewey,republican,510,1000
11/05/1940,NE,Howard,Roosevelt,democrat,420,1000
11/05/1940,NE,Howard,Dewey,republican,580,1000
11/05/1940,TX,Ochiltree,Roosevelt,democrat,490,1000
11/05/1940,TX,Ochiltree,Dewey,republican,510,1000
11/05/1940,TX,Hutchinson,Roosevelt,democrat,420,1000
11/05/1940,TX,Hutchinson,Dewey,republican,580,1000
11/05/1940,NC,Jones,Roosevelt,democrat,580,1000
11/05/1940,NC,Jones,Dewey,republican,420,1000
11/05/1940,AL,Baldwin,Roosevelt,democrat,580,1000
11/05/1940,AL,Baldwin,Dewey,republican,420,1000
11/05/1940,CA,Los_Angeles,Roosevelt,democrat,530,1000
11/05/1940,CA,Los_Angeles,Dewey,republican,470,1000
11/05/1940,AL,Butler,Roosevelt,democrat,580,1000
11/05/1940,AL,Butler,Dewey,republican,420,1000
11/05/1940,IA,Emmet,Roosevelt,democrat,510,1000
11/05/1940,IA,Emmet,Dewey,republican,490,1000
11/05/1940,MS,Neshoba,Roosevelt,democrat,580,1000
11/05/1940,MS,Neshoba,Dewey,republican,420,1000
11/05/1940,PA,Potter,Roosevelt,democrat,420,1000
11/05/1940,PA,Potter,Dewey,republican,580,1000
11/05/1940,AR,Yell,Roosevelt,democrat,530,1000
11/05/1940,AR,Yell,Dewey,republican,470,1000
11/05/1940,CO,Adams,Roosevelt,democrat,510,1000
11/05/1940,CO,Adams,Dewey,republican,490,1000
11/05/1940,KS,Edwards,Roosevelt,democrat,420,1000
11/05/1940,KS,Edwards,Dewey,republican,580,1000
11/05/1940,MI,Newaygo,Roosevelt,democrat,420,1000
11/05/1940,MI,Newaygo,Dewey,republican,580,1000
11/05/1940,NE,Garfield,Roosevelt,democrat,470,1000
11/05/1940,NE,Garfield,Dewey,republican,530,1000
11/05/1940,IA,Jones,Roosevelt,democrat,530,1000
11/05/1940,IA,Jones,Dewey,republican,470,1000
11/05/1940,IA,Audubon,Roosevelt,democrat,420,1000
11/05/1940,IA,Audubon,Dewey,republican,580,1000
11/05/1940,TX,Medina,Roosevelt,democrat,580,1000
11/05/1940,TX,Medina,Dewey,republican,420,1000
11/05/1940,TX,Deaf_Smith,Roosevelt,democrat,510,1000
11/05/1940,TX,Deaf_Smith,Dewey,republican,490,1000
11/05/1940,TX,Concho,Roosevelt,democrat,470,1000
11/05/1940,TX,Concho,Dewey,republican,530,1000
11/05/1940,ND,Renville,Roosevelt,democrat,470,1000
11/05/1940,ND,Renville,Dewey,republican,530,1000
11/05/1940,ID,Boundary,Roosevelt,democrat,510,1000
11/05/1940,ID,Boundary,Dewey,republican,490,1000
11/05/1940,IN,Benton,Roosevelt,democrat,530,1000
11/05/1940,IN,Benton,Dewey,republican,470,1000
11/05/1940,MI,Alcona,Roosevelt,democrat,503,1000
11/05/1940,MI,Alcona,Dewey,republican,497,1000
11/05/1940,NV,Humboldt,Roosevelt,democrat,470,1000
11/05/1940,NV,Humboldt,Dewey,republican,530,1000
11/05/1940,AL,Cullman,Roosevelt,democrat,580,1000
11/05/1940,AL,Cullman,Dewey,republican,420,1000
11/05/1940,IL,Jasper,Roosevelt,democrat,420,1000
11/05/1940,IL,Jasper,Dewey,republican,580,1000
11/05/1940,KS,Saline,Roosevelt,democrat,490,1000
11/05/1940,KS,Saline,Dewey,republican,510,1000
11/05/1940,MN,Lyon,Roosevelt,democrat,470,1000
11/05/1940,MN,Lyon,Dewey,republican,530,1000
11/05/1940,NY,Cortland,Roosevelt,democrat,420,1000
11/05/1940,NY,Cortland,Dewey,republican,580,1000
11/05/1940,TX,Lynn,Roosevelt,democrat,530,1000
11/05/1940,TX,Lynn,Dewey,republican,470,1000
11/05/1940,TX,Atascosa,Roosevelt,democrat,580,1000
11/05/1940,TX,Atascosa,Dewey,republican,420,1000
11/05/1940,VA,Petersburg,Roosevelt,democrat,580,1000
11/05/1940,VA,Petersburg,Dewey,republican,420,1000
11/05/1940,ND,Towner,Roosevelt,democrat,510,1000
11/05/1940,ND,Towner,Dewey,republican,490,1000
11/05/1940,TX,Somervell,Roosevelt,democrat,580,1000
11/05/1940,TX,Somervell,Dewey,republican,420,1000
11/05/1940,SD,Miner,Roosevelt,democrat,510,1000
11/05/1940,SD,Miner,Dewey,republican,490,1000
11/05/1940,CA,Riverside,Roosevelt,democrat,420,1000
11/05/1940,CA,Riverside,Dewey,republican,580,1000
11/05/1940,GA,Franklin,Roosevelt,democrat,580,1000
11/05/1940,GA,Franklin,Dewey,republican,420,1000
11/05/1940,KY,Wayne,Roosevelt,democrat,420,1000
11/05/1940,KY,Wayne,Dewey,republican,580,1000
11/05/1940,ME,Hancock,Roosevelt,democrat,420,1000
11/05/1940,ME,Hancock,Dewey,republican,580,1000
11/05/1940,MS,Jefferson_Davis,Roosevelt,democrat,580,1000
11/05/1940,MS,Jefferson_Davis,Dewey,republican,420,1000
11/05/1940,MO,Caldwell,Roosevelt,democrat,420,1000
11/05/1940,MO,Caldwell,Dewey,republican,580,1000
11/05/1940,MO,Mercer,Roosevelt,democrat,470,1000
11/05/1940,MO,Mercer,Dewey,republican,530,1000
11/05/1940,GA,Tift,Roosevelt,democrat,530,1000
11/05/1940,GA,Tift,Dewey,republican,470,1000
11/05/1940,VT,Washington,Roosevelt,democrat,420,1000
11/05/1940,VT,Washington,Dewey,republican,580,1000
11/05/1940,GA,Pierce,Roosevelt,democrat,497,1000
11/05/1940,GA,Pierce,Dewey,republican,503,1000
11/05/1940,AK,Sitka,Roosevelt,democrat,470,1000
11/05/1940,AK,Sitka,Dewey,republican,530,1000
11/05/1940,GA,Morgan,Roosevelt,democrat,580,1000
11/05/1940,GA,Morgan,Dewey,republican,420,1000
11/05/1940,KS,Rice,Roosevelt,democrat,490,1000
11/05/1940,KS,Rice,Dewey,republican,510,1000
11/05/1940,OR,Gilliam,Roosevelt,democrat,470,1000
11/05/1940,OR,Gilliam,Dewey,republican,530,1000
11/05/1940,MI,Lenawee,Roosevelt,democrat,420,1000
11/05/1940,MI,Lenawee,Dewey,republican,580,1000
11/05/1940,KS,Ellis,Roosevelt,democrat,420,1000
11/05/1940,KS,Ellis,Dewey,republican,580,1000
11/05/1940,IA,Boone,Roosevelt,democrat,420,1000
11/05/1940,IA,Boone,Dewey,republican,580,1000
11/05/1940,SD,Lyman,Roosevelt,democrat,420,1000
11/05/1940,SD,Lyman,Dewey,republican,580,1000
11/05/1940,KS,Clay,Roosevelt,democrat,420,1000
11/05/1940,KS,Clay,Dewey,republican,580,1000
11/05/1940,MN,Yellow_Medicine,Roosevelt,democrat,497,1000
11/05/1940,MN,Yellow_Medicine,Dewey,republican,503,1000
11/05/1940,NC,Gates,Roosevelt,democrat,580,1000
11/05/1940,NC,Gates,Dewey,republican,420,1000
11/05/1940,MO,Douglas,Roosevelt,democrat,420,1000
11/05/1940,MO,Douglas,Dewey,republican,580,1000
11/05/1940,WV,Braxton,Roosevelt,democrat,580,1000
11/05/1940,WV,Braxton,Dewey,republican,420,1000
11/05/1940,WA,King,Roosevelt,democrat,530,1000
11/05/1940,WA,King,Dewey,republican,470,1000
11/05/1940,MS,Calhoun,Roosevelt,democrat,580,1000
11/05/1940,MS,Calhoun,Dewey,republican,420,1000
11/05/1940,GA,Grady,Roosevelt,democrat,580,1000
11/05/1940,GA,Grady,Dewey,republican,420,1000
11/05/1940,MS,Itawamba,Roosevelt,democrat,580,1000
11/05/1940,MS,Itawamba,Dewey,republican,420,1000
11/05/1940,KS,Stevens,Roosevelt,democrat,580,1000
11/05/1940,KS,Stevens,Dewey,republican,420,1000
11/05/1940,FL,Hendry,Roosevelt,democrat,470,1000
11/05/1940,FL,Hendry,Dewey,republican,530,1000
11/05/1940,TX,Lavaca,Roosevelt,democrat,580,1000
11/05/1940,TX,Lavaca,Dewey,republican,420,1000
11/05/1940,KS,Chautauqua,Roosevelt,democrat,530,1000
11/05/1940,KS,Chautauqua,Dewey,republican,470,1000
11/05/1940,IN,Howard,Roosevelt,democrat,420,1000
11/05/1940,IN,Howard,Dewey,republican,580,1000
11/05/1940,NE,Dawson,Roosevelt,democrat,530,1000
11/05/1940,NE,Dawson,Dewey,republican,470,1000
11/05/1940,MS,Greene,Roosevelt,democrat,580,1000
11/05/1940,MS,Greene,Dewey,republican,420,1000
11/05/1940,MN,Freeborn,Roosevelt,democrat,530,1000
11/05/1940,MN,Freeborn,Dewey,republican,470,1000
11/05/1940,MN,Kanabec,Roosevelt,democrat,420,1000
11/05/1940,MN,Kanabec,Dewey,republican,580,1000
11/05/1940,IL,Hamilton,Roosevelt,democrat,580,1000
11/05/1940,IL,Hamilton,Dewey,republican,420,1000
11/05/1940,SD,Sanborn,Roosevelt,democrat,510,1000
11/05/1940,SD,Sanborn,Dewey,republican,490,1000
11/05/1940,TN,Grainger,Roosevelt,democrat,420,1000
11/05/1940,TN,Grainger,Dewey,republican,580,1000
11/05/1940,MO,Hickory,Roosevelt,democrat,420,1000
11/05/1940,MO,Hickory,Dewey,republican,580,1000
11/05/1940,WY,Albany,Roosevelt,democrat,580,1000
11/05/1940,WY,Albany,Dewey,republican,420,1000
11/05/1940,NE,Antelope,Roosevelt,democrat,420,1000
11/05/1940,NE,Antelope,Dewey,republican,580,1000
11/05/1940,WY,Platte,Roosevelt,democrat,580,1000
11/05/1940,WY,Platte,Dewey,republican,420,1000
11/05/1940,UT,Rich,Roosevelt,democrat,470,1000
11/05/1940,UT,Rich,Dewey,republican,530,1000
11/05/1940,WI,Washington,Roosevelt,democrat,420,1000
11/05/1940,WI,Washington,Dewey,republican,580,1000
11/05/1940,OR,Crook,Roosevelt,democrat,420,1000
11/05/1940,OR,Crook,Dewey,republican,580,1000
11/05/1940,GA,Jenkins,Roosevelt,democrat,580,1000
11/05/1940,GA,Jenkins,Dewey,republican,420,1000
11/05/1940,TX,Jeff_Davis,Roosevelt,democrat,580,1000
11/05/1940,TX,Jeff_Davis,Dewey,republican,420,1000
11/05/1940,GA,Spalding,Roosevelt,democrat,530,1000
11/05/1940,GA,Spalding,Dewey,republican,470,1000
11/05/1940,IA,Cherokee,Roosevelt,democrat,420,1000
11/05/1940,IA,Cherokee,Dewey,republican,580,1000
11/05/1940,GA,Bacon,Roosevelt,democrat,503,1000
11/05/1940,GA,Bacon,Dewey,republican,497,1000
11/05/1940,GA,Upson,Roosevelt,democrat,580,1000
11/05/1940,GA,Upson,Dewey,republican,420,1000
11/05/1940,OR,Sherman,Roosevelt,democrat,510,1000
11/05/1940,OR,Sherman,Dewey,republican,490,1000
11/05/1940,AK,Kodiak_Island,Roosevelt,democrat,420,1000
11/05/1940,AK,Kodiak_Island,Dewey,republican,580,1000
11/05/1940,MN,Red_Lake,Roosevelt,democrat,580,1000
11/05/1940,MN,Red_Lake,Dewey,republican,420,1000
11/05/1940,MN,Saint_Louis,Roosevelt,democrat,580,1000
11/05/1940,MN,Saint_Louis,Dewey,republican,420,1000
11/05/1940,FL,Gilchrist,Roosevelt,democrat,580,1000
11/05/1940,FL,Gilchrist,Dewey,republican,420,1000
11/05/1940,NC,Lenoir,Roosevelt,democrat,580,1000
11/05/1940,NC,Lenoir,Dewey,republican,420,1000
11/05/1940,MO,Randolph,Roosevelt,democrat,470,1000
11/05/1940,MO,Randolph,Dewey,republican,530,1000
11/05/1940,ND,Steele,Roosevelt,democrat,510,1000
11/05/1940,ND,Steele,Dewey,republican,490,1000
11/05/1940,VA,Fairfax,Roosevelt,democrat,580,1000
11/05/1940,VA,Fairfax,Dewey,republican,420,1000
11/05/1940,VA,Manassas_Park,Roosevelt,democrat,530,1000
11/05/1940,VA,Manassas_Park,Dewey,republican,470,1000
11/05/1940,VA,Winchester,Roosevelt,democrat,580,1000
11/05/1940,VA,Winchester,Dewey,republican,420,1000
11/05/1940,MO,Pulaski,Roosevelt,democrat,497,1000
11/05/1940,MO,Pulaski,Dewey,republican,503,1000
11/05/1940,IN,Newton,Roosevelt,democrat,510,1000
11/05/1940,IN,Newton,Dewey,republican,490,1000
11/05/1940,GA,Bulloch,Roosevelt,democrat,580,1000
11/05/1940,GA,Bulloch,Dewey,republican,420,1000
11/05/1940,KS,Rawlins,Roosevelt,democrat,580,1000
11/05/1940,KS,Rawlins,Dewey,republican,420,1000
11/05/1940,CO,Phillips,Roosevelt,democrat,580,1000
11/05/1940,CO,Phillips,Dewey,republican,420,1000
11/05/1940,TX,Runnels,Roosevelt,democrat,490,1000
11/05/1940,TX,Runnels,Dewey,republican,510,1000
11/05/1940,IA,Wayne,Roosevelt,democrat,510,1000
11/05/1940,IA,Wayne,Dewey,republican,490,1000
11/05/1940,TX,Terry,Roosevelt,democrat,470,1000
11/05/1940,TX,Terry,Dewey,republican,530,1000
11/05/1940,OH,Vinton,Roosevelt,democrat,580,1000
11/05/1940,OH,Vinton,Dewey,republican,420,1000
11/05/1940,CO,Arapahoe,Roosevelt,democrat,497,1000
11/05/1940,CO,Arapahoe,Dewey,republican,503,1000
11/05/1940,TX,Upton,Roosevelt,democrat,580,1000
11/05/1940,TX,Upton,Dewey,republican,420,1000
11/05/1940,TX,Callahan,Roosevelt,democrat,580,1000
11/05/1940,TX,Callahan,Dewey,republican,420,1000
11/05/1940,TX,Howard,Roosevelt,democrat,470,1000
11/05/1940,TX,Howard,Dewey,republican,530,1000
11/05/1940,TX,Upshur,Roosevelt,democrat,580,1000
11/05/1940,TX,Upshur,Dewey,republican,420,1000
11/05/1940,TX,Camp,Roosevelt,democrat,580,1000
11/05/1940,TX,Camp,Dewey,republican,420,1000
11/05/1940,TX,Walker,Roosevelt,democrat,420,1000
11/05/1940,TX,Walker,Dewey,republican,580,1000
11/05/1940,AL,Wilcox,Roosevelt,democrat,580,1000
11/05/1940,AL,Wilcox,Dewey,republican,420,1000
11/05/1940,VA,Montgomery,Roosevelt,democrat,580,1000
11/05/1940,VA,Montgomery,Dewey,republican,420,1000
11/05/1940,MS,Noxubee,Roosevelt,democrat,580,1000
11/05/1940,MS,Noxubee,Dewey,republican,420,1000
11/05/1940,CO,Sedgwick,Roosevelt,democrat,580,1000
11/05/1940,CO,Sedgwick,Dewey,republican,420,1000
11/05/1940,SD,Davison,Roosevelt,democrat,420,1000
11/05/1940,SD,Davison,Dewey,republican,580,1000
11/05/1940,KS,Hamilton,Roosevelt,democrat,580,1000
11/05/1940,KS,Hamilton,Dewey,republican,420,1000
11/05/1940,IL,Ford,Roosevelt,democrat,420,1000
11/05/1940,IL,Ford,Dewey,republican,580,1000
11/05/1940,SD,Fall_River,Roosevelt,democrat,510,1000
11/05/1940,SD,Fall_River,Dewey,republican,490,1000
11/05/1940,AK,Bristol_Bay,Roosevelt,democrat,420,1000
11/05/1940,AK,Bristol_Bay,Dewey,republican,580,1000
11/05/1940,IN,Parke,Roosevelt,democrat,470,1000
11/05/1940,IN,Parke,Dewey,republican,530,1000
11/05/1940,TX,Taylor,Roosevelt,democrat,530,1000
11/05/1940,TX,Taylor,Dewey,republican,470,1000
11/05/1940,IN,Fayette,Roosevelt,democrat,420,1000
11/05/1940,IN,Fayette,Dewey,republican,580,1000
11/05/1940,NC,Caldwell,Roosevelt,democrat,420,1000
11/05/1940,NC,Caldwell,Dewey,republican,580,1000
11/05/1940,SD,Turner,Roosevelt,democrat,470,1000
11/05/1940,SD,Turner,Dewey,republican,530,1000
11/05/1940,WI,Ozaukee,Roosevelt,democrat,420,1000
11/05/1940,WI,Ozaukee,Dewey,republican,580,1000
11/05/1940,ND,Logan,Roosevelt,democrat,420,1000
11/05/1940,ND,Logan,Dewey,republican,580,1000
11/05/1940,AR,Bradley,Roosevelt,democrat,580,1000
11/05/1940,AR,Bradley,Dewey,republican,420,1000
11/05/1940,GA,Lanier,Roosevelt,democrat,530,1000
11/05/1940,GA,Lanier,Dewey,republican,470,1000
11/05/1940,NM,Sierra,Roosevelt,democrat,580,1000
11/05/1940,NM,Sierra,Dewey,republican,420,1000
11/05/1940,CO,Lincoln,Roosevelt,democrat,580,1000
11/05/1940,CO,Lincoln,Dewey,republican,420,1000
11/05/1940,IA,Butler,Roosevelt,democrat,530,1000
11/05/1940,IA,Butler,Dewey,republican,470,1000
11/05/1940,TX,Hartley,Roosevelt,democrat,420,1000
11/05/1940,TX,Hartley,Dewey,republican,580,1000
11/05/1940,TN,Pickett,Roosevelt,democrat,530,1000
11/05/1940,TN,Pickett,Dewey,republican,470,1000
11/05/1940,SD,Douglas,Roosevelt,democrat,470,1000
11/05/1940,SD,Douglas,Dewey,republican,530,1000
11/05/1940,KS,Cloud,Roosevelt,democrat,490,1000
11/05/1940,KS,Cloud,Dewey,republican,510,1000
11/05/1940,PA,Montour,Roosevelt,democrat,420,1000
11/05/1940,PA,Montour,Dewey,republican,580,1000
11/05/1940,NE,Morrill,Roosevelt,democrat,580,1000
11/05/1940,NE,Morrill,Dewey,republican,420,1000
11/05/1940,MO,Monroe,Roosevelt,democrat,510,1000
11/05/1940,MO,Monroe,Dewey,republican,490,1000
11/05/1940,ND,LaMoure,Roosevelt,democrat,470,1000
11/05/1940,ND,LaMoure,Dewey,republican,530,1000
11/05/1940,KY,McLean,Roosevelt,democrat,530,1000
11/05/1940,KY,McLean,Dewey,republican,470,1000
11/05/1940,SD,Marshall,Roosevelt,democrat,580,1000
11/05/1940,SD,Marshall,Dewey,republican,420,1000
11/05/1940,OR,Baker,Roosevelt,democrat,490,1000
11/05/1940,OR,Baker,Dewey,republican,510,1000
11/05/1940,SD,Custer,Roosevelt,democrat,490,1000
11/05/1940,SD,Custer,Dewey,republican,510,1000
11/05/1940,TX,Live_Oak,Roosevelt,democrat,580,1000
11/05/1940,TX,Live_Oak,Dewey,republican,420,1000
11/05/1940,MI,Schoolcraft,Roosevelt,democrat,530,1000
11/05/1940,MI,Schoolcraft,Dewey,republican,470,1000
11/05/1940,IA,Madison,Roosevelt,democrat,470,1000
11/05/1940,IA,Madison,Dewey,republican,530,1000
11/05/1940,NE,Wheeler,Roosevelt,democrat,420,1000
11/05/1940,NE,Wheeler,Dewey,republican,580,1000
11/05/1940,AR,Cross,Roosevelt,democrat,580,1000
11/05/1940,AR,Cross,Dewey,republican,420,1000
11/05/1940,IA,Black_Hawk,Roosevelt,democrat,470,1000
11/05/1940,IA,Black_Hawk,Dewey,republican,530,1000
11/05/1940,TX,Lubbock,Roosevelt,democrat,470,1000
11/05/1940,TX,Lubbock,Dewey,republican,530,1000
11/05/1940,MN,Watonwan,Roosevelt,democrat,530,1000
11/05/1940,MN,Watonwan,Dewey,republican,470,1000
11/05/1940,SD,Deuel,Roosevelt,democrat,510,1000
11/05/1940,SD,Deuel,Dewey,republican,490,1000
11/05/1940,IA,Warren,Roosevelt,democrat,530,1000
11/05/1940,IA,Warren,Dewey,republican,470,1000
11/05/1940,AR,Nevada,Roosevelt,democrat,580,1000
11/05/1940,AR,Nevada,Dewey,republican,420,1000
11/05/1940,KS,Haskell,Roosevelt,democrat,580,1000
11/05/1940,KS,Haskell,Dewey,republican,420,1000
11/05/1940,MO,Gentry,Roosevelt,democrat,420,1000
11/05/1940,MO,Gentry,Dewey,republican,580,1000
11/05/1940,AR,Columbia,Roosevelt,democrat,530,1000
11/05/1940,AR,Columbia,Dewey,republican,470,1000
11/05/1940,AR,Drew,Roosevelt,democrat,580,1000
11/05/1940,AR,Drew,Dewey,republican,420,1000
11/05/1940,IN,Noble,Roosevelt,democrat,420,1000
11/05/1940,IN,Noble,Dewey,republican,580,1000
11/05/1940,TX,Gonzales,Roosevelt,democrat,580,1000
11/05/1940,TX,Gonzales,Dewey,republican,420,1000
11/05/1940,SD,Hyde,Roosevelt,democrat,420,1000
11/05/1940,SD,Hyde,Dewey,republican,580,1000
11/05/1940,NM,Torrance,Roosevelt,democrat,580,1000
11/05/1940,NM,Torrance,Dewey,republican,420,1000
11/05/1940,VA,Emporia,Roosevelt,democrat,580,1000
11/05/1940,VA,Emporia,Dewey,republican,420,1000
11/05/1940,TX,Hansford,Roosevelt,democrat,470,1000
11/05/1940,TX,Hansford,Dewey,republican,530,1000
11/05/1940,KS,Finney,Roosevelt,democrat,580,1000
11/05/1940,KS,Finney,Dewey,republican,420,1000
11/05/1940,MO,Lawrence,Roosevelt,democrat,420,1000
11/05/1940,MO,Lawrence,Dewey,republican,580,1000
11/05/1940,NM,Harding,Roosevelt,democrat,530,1000
11/05/1940,NM,Harding,Dewey,republican,470,1000
11/05/1940,TX,Collingsworth,Roosevelt,democrat,510,1000
11/05/1940,TX,Collingsworth,Dewey,republican,490,1000
11/05/1940,IL,Douglas,Roosevelt,democrat,420,1000
11/05/1940,IL,Douglas,Dewey,republican,580,1000
11/05/1940,UT,Sanpete,Roosevelt,democrat,510,1000
11/05/1940,UT,Sanpete,Dewey,republican,490,1000
11/05/1940,SC,Barnwell,Roosevelt,democrat,580,1000
11/05/1940,SC,Barnwell,Dewey,republican,420,1000
11/05/1940,SC,Lee,Roosevelt,democrat,580,1000
11/05/1940,SC,Lee,Dewey,republican,420,1000
11/05/1940,MT,Petroleum,Roosevelt,democrat,470,1000
11/05/1940,MT,Petroleum,Dewey,republican,530,1000
11/05/1940,OH,Guernsey,Roosevelt,democrat,530,1000
11/05/1940,OH,Guernsey,Dewey,republican,470,1000
11/05/1940,GA,Montgomery,Roosevelt,democrat,580,1000
11/05/1940,GA,Montgomery,Dewey,republican,420,1000
11/05/1940,WI,Oneida,Roosevelt,democrat,420,1000
11/05/1940,WI,Oneida,Dewey,republican,580,1000
11/05/1940,NE,Garden,Roosevelt,democrat,580,1000
11/05/1940,NE,Garden,Dewey,republican,420,1000
11/05/1940,ND,Sheridan,Roosevelt,democrat,420,1000
11/05/1940,ND,Sheridan,Dewey,republican,580,1000
11/05/1940,IL,Johnson,Roosevelt,democrat,580,1000
11/05/1940,IL,Johnson,Dewey,republican,420,1000
11/05/1940,TX,King,Roosevelt,democrat,580,1000
11/05/1940,TX,King,Dewey,republican,420,1000
11/05/1940,ID,Valley,Roosevelt,democrat,580,1000
11/05/1940,ID,Valley,Dewey,republican,420,1000
11/05/1940,KY,Warren,Roosevelt,democrat,580,1000
11/05/1940,KY,Warren,Dewey,republican,420,1000
11/05/1940,VA,Portsmouth,Roosevelt,democrat,580,1000
11/05/1940,VA,Portsmouth,Dewey,republican,420,1000
11/05/1940,TX,Stonewall,Roosevelt,democrat,530,1000
11/05/1940,TX,Stonewall,Dewey,republican,470,1000
11/05/1940,OK,Latimer,Roosevelt,democrat,580,1000
11/05/1940,OK,Latimer,Dewey,republican,420,1000
11/05/1940,NV,Storey,Roosevelt,democrat,580,1000
11/05/1940,NV,Storey,Dewey,republican,420,1000
11/05/1940,OK,Washita,Roosevelt,democrat,580,1000
11/05/1940,OK,Washita,Dewey,republican,420,1000
11/05/1940,IA,Van_Buren,Roosevelt,democrat,580,1000
11/05/1940,IA,Van_Buren,Dewey,republican,420,1000
11/05/1940,WI,Eau_Claire,Roosevelt,democrat,420,1000
11/05/1940,WI,Eau_Claire,Dewey,republican,580,1000
11/05/1940,AK,Southeast_Fairbanks,Roosevelt,democrat,420,1000
11/05/1940,AK,Southeast_Fairbanks,Dewey,republican,580,1000
11/05/1940,KS,Lane,Roosevelt,democrat,530,1000
11/05/1940,KS,Lane,Dewey,republican,470,1000
11/05/1940,KS,Trego,Roosevelt,democrat,510,1000
11/05/1940,KS,Trego,Dewey,republican,490,1000
11/05/1940,VA,Williamsburg,Roosevelt,democrat,580,1000
11/05/1940,VA,Williamsburg,Dewey,republican,420,1000
11/05/1940,OH,Defiance,Roosevelt,democrat,420,1000
11/05/1940,OH,Defiance,Dewey,republican,580,1000
11/05/1940,SD,McPherson,Roosevelt,democrat,470,1000
11/05/1940,SD,McPherson,Dewey,republican,530,1000
11/05/1940,NE,Dundy,Roosevelt,democrat,580,1000
11/05/1940,NE,Dundy,Dewey,republican,420,1000
11/05/1940,AR,Johnson,Roosevelt,democrat,530,1000
11/05/1940,AR,Johnson,Dewey,republican,470,1000
11/05/1940,IN,Scott,Roosevelt,democrat,530,1000
11/05/1940,IN,Scott,Dewey,republican,470,1000
11/05/1940,NE,Hall,Roosevelt,democrat,470,1000
11/05/1940,NE,Hall,Dewey,republican,530,1000
11/05/1940,MS,Alcorn,Roosevelt,democrat,580,1000
11/05/1940,MS,Alcorn,Dewey,republican,420,1000
11/05/1940,IL,Moultrie,Roosevelt,democrat,420,1000
11/05/1940,IL,Moultrie,Dewey,republican,580,1000
11/05/1940,IN,Martin,Roosevelt,democrat,470,1000
11/05/1940,IN,Martin,Dewey,republican,530,1000
11/05/1940,NE,Hayes,Roosevelt,democrat,580,1000
11/05/1940,NE,Hayes,Dewey,republican,420,1000
11/05/1940,IL,Edwards,Roosevelt,democrat,530,1000
11/05/1940,IL,Edwards,Dewey,republican,470,1000
11/05/1940,NE,Frontier,Roosevelt,democrat,580,1000
11/05/1940,NE,Frontier,Dewey,republican,420,1000
11/05/1940,KS,Decatur,Roosevelt,democrat,580,1000
11/05/1940,KS,Decatur,Dewey,republican,420,1000
11/05/1940,GA,Tattnall,Roosevelt,democrat,510,1000
11/05/1940,GA,Tattnall,Dewey,republican,490,1000
11/05/1940,KY,Boyle,Roosevelt,democrat,420,1000
11/05/1940,KY,Boyle,Dewey,republican,580,1000
11/05/1940,TX,Dimmit,Roosevelt,democrat,580,1000
11/05/1940,TX,Dimmit,Dewey,republican,420,1000
11/05/1940,KY,Pendleton,Roosevelt,democrat,530,1000
11/05/1940,KY,Pendleton,Dewey,republican,470,1000
11/05/1940,NY,Yates,Roosevelt,democrat,420,1000
11/05/1940,NY,Yates,Dewey,republican,580,1000
11/05/1940,SD,Jackson,Roosevelt,democrat,420,1000
11/05/1940,SD,Jackson,Dewey,republican,580,1000
11/05/1940,IA,Shelby,Roosevelt,democrat,420,1000
11/05/1940,IA,Shelby,Dewey,republican,580,1000
11/05/1940,PA,Forest,Roosevelt,democrat,497,1000
11/05/1940,PA,Forest,Dewey,republican,503,1000
11/05/1940,MO,Laclede,Roosevelt,democrat,420,1000
11/05/1940,MO,Laclede,Dewey,republican,580,1000
11/05/1940,MO,Ripley,Roosevelt,democrat,580,1000
11/05/1940,MO,Ripley,Dewey,republican,420,1000
11/05/1940,KY,Logan,Roosevelt,democrat,497,1000
11/05/1940,KY,Logan,Dewey,republican,503,1000
11/05/1940,IL,DeWitt,Roosevelt,democrat,530,1000
11/05/1940,IL,DeWitt,Dewey,republican,470,1000
11/05/1940,KY,Butler,Roosevelt,democrat,530,1000
11/05/1940,KY,Butler,Dewey,republican,470,1000
11/05/1940,MT,Golden_Valley,Roosevelt,democrat,420,1000
11/05/1940,MT,Golden_Valley,Dewey,republican,580,1000
11/05/1940,OH,Fayette,Roosevelt,democrat,470,1000
11/05/1940,OH,Fayette,Dewey,republican,530,1000
11/05/1940,GA,Twiggs,Roosevelt,democrat,580,1000
11/05/1940,GA,Twiggs,Dewey,republican,420,1000
11/05/1940,MT,Ravalli,Roosevelt,democrat,580,1000
11/05/1940,MT,Ravalli,Dewey,republican,420,1000
11/05/1940,MN,Mille_Lacs,Roosevelt,democrat,420,1000
11/05/1940,MN,Mille_Lacs,Dewey,republican,580,1000
11/05/1940,CO,Delta,Roosevelt,democrat,580,1000
11/05/1940,CO,Delta,Dewey,republican,420,1000
11/05/1940,IL,McDonough,Roosevelt,democrat,490,1000
11/05/1940,IL,McDonough,Dewey,republican,510,1000
11/05/1940,OH,Sandusky,Roosevelt,democrat,420,1000
11/05/1940,OH,Sandusky,Dewey,republican,580,1000
11/05/1940,TX,Borden,Roosevelt,democrat,580,1000
11/05/1940,TX,Borden,Dewey,republican,420,1000
11/05/1940,AR,Newton,Roosevelt,democrat,470,1000
11/05/1940,AR,Newton,Dewey,republican,530,1000
11/05/1940,VA,Charlottesville,Roosevelt,democrat,580,1000
11/05/1940,VA,Charlottesville,Dewey,republican,420,1000
11/05/1940,MN,Pipestone,Roosevelt,democrat,490,1000
11/05/1940,MN,Pipestone,Dewey,republican,510,1000
11/05/1940,TX,Wheeler,Roosevelt,democrat,530,1000
11/05/1940,TX,Wheeler,Dewey,republican,470,1000
11/05/1940,NE,Adams,Roosevelt,democrat,580,1000
11/05/1940,NE,Adams,Dewey,republican,420,1000
11/05/1940,MT,Lewis_and_Clark,Roosevelt,democrat,580,1000
11/05/1940,MT,Lewis_and_Clark,Dewey,republican,420,1000
11/05/1940,AK,Kenai_Peninsula,Roosevelt,democrat,420,1000
11/05/1940,AK,Kenai_Peninsula,Dewey,republican,580,1000
11/05/1940,MO,Grundy,Roosevelt,democrat,497,1000
11/05/1940,MO,Grundy,Dewey,republican,503,1000
11/05/1940,NC,Guilford,Roosevelt,democrat,530,1000
11/05/1940,NC,Guilford,Dewey,republican,470,1000
11/05/1940,IA,Cass,Roosevelt,democrat,470,1000
11/05/1940,IA,Cass,Dewey,republican,530,1000
11/05/1940,AL,Dale,Roosevelt,democrat,580,1000
11/05/1940,AL,Dale,Dewey,republican,420,1000
11/05/1940,TX,Randall,Roosevelt,democrat,490,1000
11/05/1940,TX,Randall,Dewey,republican,510,1000
11/05/1940,OH,Van_Wert,Roosevelt,democrat,420,1000
11/05/1940,OH,Van_Wert,Dewey,republican,580,1000
11/05/1940,TX,Kent,Roosevelt,democrat,530,1000
11/05/1940,TX,Kent,Dewey,republican,470,1000
11/05/1940,VA,Warren,Roosevelt,democrat,470,1000
11/05/1940,VA,Warren,Dewey,republican,530,1000
11/05/1940,MS,Winston,Roosevelt,democrat,580,1000
11/05/1940,MS,Winston,Dewey,republican,420,1000
11/05/1940,TX,Irion,Roosevelt,democrat,503,1000
11/05/1940,TX,Irion,Dewey,republican,497,1000
11/05/1940,GA,Irwin,Roosevelt,democrat,490,1000
11/05/1940,GA,Irwin,Dewey,republican,510,1000
11/05/1940,IN,Whitley,Roosevelt,democrat,510,1000
11/05/1940,IN,Whitley,Dewey,republican,490,1000
11/05/1940,SD,Moody,Roosevelt,democrat,530,1000
11/05/1940,SD,Moody,Dewey,republican,470,1000
11/05/1940,CA,Santa_Barbara,Roosevelt,democrat,530,1000
11/05/1940,CA,Santa_Barbara,Dewey,republican,470,1000
11/05/1940,TX,Eastland,Roosevelt,democrat,470,1000
11/05/1940,TX,Eastland,Dewey,republican,530,1000
11/05/1940,MN,Roseau,Roosevelt,democrat,530,1000
11/05/1940,MN,Roseau,Dewey,republican,470,1000
11/05/1940,MO,Clinton,Roosevelt,democrat,420,1000
11/05/1940,MO,Clinton,Dewey,republican,580,1000
11/05/1940,WV,Taylor,Roosevelt,democrat,580,1000
11/05/1940,WV,Taylor,Dewey,republican,420,1000
11/05/1940,MS,George,Roosevelt,democrat,580,1000
11/05/1940,MS,George,Dewey,republican,420,1000
11/05/1940,MN,Otter_Tail,Roosevelt,democrat,420,1000
11/05/1940,MN,Otter_Tail,Dewey,republican,580,1000
11/05/1940,IL,Franklin,Roosevelt,democrat,530,1000
11/05/1940,IL,Franklin,Dewey,republican,470,1000
11/05/1940,FL,Hardee,Roosevelt,democrat,530,1000
11/05/1940,FL,Hardee,Dewey,republican,470,1000
11/05/1940,IA,Webster,Roosevelt,democrat,420,1000
11/05/1940,IA,Webster,Dewey,republican,580,1000
11/05/1940,VA,Fredericksburg,Roosevelt,democrat,580,1000
11/05/1940,VA,Fredericksburg,Dewey,republican,420,1000
11/05/1940,NY,Schuyler,Roosevelt,democrat,420,1000
11/05/1940,NY,Schuyler,Dewey,republican,580,1000
11/05/1940,IL,McLean,Roosevelt,democrat,420,1000
11/05/1940,IL,McLean,Dewey,republican,580,1000
11/05/1940,NE,York,Roosevelt,democrat,420,1000
11/05/1940,NE,York,Dewey,republican,580,1000
11/05/1940,TX,San_Augustine,Roosevelt,democrat,580,1000
11/05/1940,TX,San_Augustine,Dewey,republican,420,1000
11/05/1940,TN,Franklin,Roosevelt,democrat,580,1000
11/05/1940,TN,Franklin,Dewey,republican,420,1000
11/05/1940,WY,Campbell,Roosevelt,democrat,510,1000
11/05/1940,WY,Campbell,Dewey,republican,490,1000
11/05/1940,OH,Pike,Roosevelt,democrat,530,1000
11/05/1940,OH,Pike,Dewey,republican,470,1000
11/05/1940,IA,Clarke,Roosevelt,democrat,470,1000
11/05/1940,IA,Clarke,Dewey,republican,530,1000
11/05/1940,SC,Cherokee,Roosevelt,democrat,580,1000
11/05/1940,SC,Cherokee,Dewey,republican,420,1000
11/05/1940,MN,Stevens,Roosevelt,democrat,490,1000
11/05/1940,MN,Stevens,Dewey,republican,510,1000
11/05/1940,MS,Franklin,Roosevelt,democrat,580,1000
11/05/1940,MS,Franklin,Dewey,republican,420,1000
11/05/1940,AK,Prince_of_Wales-Hyder,Roosevelt,democrat,580,1000
11/05/1940,AK,Prince_of_Wales-Hyder,Dewey,republican,420,1000
11/05/1940,CO,San_Miguel,Roosevelt,democrat,580,1000
11/05/1940,CO,San_Miguel,Dewey,republican,420,1000
11/05/1940,KY,Lewis,Roosevelt,democrat,510,1000
11/05/1940,KY,Lewis,Dewey,republican,490,1000
11/05/1940,MI,Chippewa,Roosevelt,democrat,580,1000
11/05/1940,MI,Chippewa,Dewey,republican,420,1000
11/05/1940,MI,Ontonagon,Roosevelt,democrat,530,1000
11/05/1940,MI,Ontonagon,Dewey,republican,470,1000
11/05/1940,MN,Marshall,Roosevelt,democrat,530,1000
11/05/1940,MN,Marshall,Dewey,republican,470,1000
11/05/1940,MO,Harrison,Roosevelt,democrat,420,1000
11/05/1940,MO,Harrison,Dewey,republican,580,1000
11/05/1940,MS,Newton,Roosevelt,democrat,580,1000
11/05/1940,MS,Newton,Dewey,republican,420,1000
11/05/1940,MS,Webster,Roosevelt,democrat,580,1000
11/05/1940,MS,Webster,Dewey,republican,420,1000
11/05/1940,NJ,Warren,Roosevelt,democrat,420,1000
11/05/1940,NJ,Warren,Dewey,republican,580,1000
11/05/1940,NY,Monroe,Roosevelt,democrat,420,1000
11/05/1940,NY,Monroe,Dewey,republican,580,1000
11/05/1940,OH,Hamilton,Roosevelt,democrat,420,1000
11/05/1940,OH,Hamilton,Dewey,republican,580,1000
11/05/1940,OK,Pittsburg,Roosevelt,democrat,580,1000
11/05/1940,OK,Pittsburg,Dewey,republican,420,1000
11/05/1940,GA,Ben_Hill,Roosevelt,democrat,530,1000
11/05/1940,GA,Ben_Hill,Dewey,republican,470,1000
11/05/1940,TN,Union,Roosevelt,democrat,470,1000
11/05/1940,TN,Union,Dewey,republican,530,1000
11/05/1940,KS,Russell,Roosevelt,democrat,420,1000
11/05/1940,KS,Russell,Dewey,republican,580,1000
11/05/1940,WI,Dane,Roosevelt,democrat,490,1000
11/05/1940,WI,Dane,Dewey,republican,510,1000
11/05/1940,TX,Gillespie,Roosevelt,democrat,580,1000
11/05/1940,TX,Gillespie,Dewey,republican,420,1000
11/05/1940,AZ,La_Paz,Roosevelt,democrat,420,1000
11/05/1940,AZ,La_Paz,Dewey,republican,580,1000
11/05/1940,KY,Spencer,Roosevelt,democrat,510,1000
11/05/1940,KY,Spencer,Dewey,republican,490,1000
11/05/1940,ID,Ada,Roosevelt,democrat,580,1000
11/05/1940,ID,Ada,Dewey,republican,420,1000
11/05/1940,HI,Hawaii,Roosevelt,democrat,420,1000
11/05/1940,HI,Hawaii,Dewey,republican,580,1000
11/05/1940,AR,Howard,Roosevelt,democrat,580,1000
11/05/1940,AR,Howard,Dewey,republican,420,1000
11/05/1940,VA,Cumberland,Roosevelt,democrat,420,1000
11/05/1940,VA,Cumberland,Dewey,republican,580,1000
11/05/1940,KS,Harvey,Roosevelt,democrat,420,1000
11/05/1940,KS,Harvey,Dewey,republican,580,1000
11/05/1940,TX,Donley,Roosevelt,democrat,510,1000
11/05/1940,TX,Donley,Dewey,republican,490,1000
11/05/1940,IL,Stephenson,Roosevelt,democrat,580,1000
11/05/1940,IL,Stephenson,Dewey,republican,420,1000
11/05/1940,VA,Lynchburg,Roosevelt,democrat,580,1000
11/05/1940,VA,Lynchburg,Dewey,republican,420,1000
11/05/1940,KY,Metcalfe,Roosevelt,democrat,420,1000
11/05/1940,KY,Metcalfe,Dewey,republican,580,1000
11/05/1940,OH,Hardin,Roosevelt,democrat,470,1000
11/05/1940,OH,Hardin,Dewey,republican,530,1000
11/05/1940,IL,Jefferson,Roosevelt,democrat,530,1000
11/05/1940,IL,Jefferson,Dewey,republican,470,1000
11/05/1940,IA,Monroe,Roosevelt,democrat,497,1000
11/05/1940,IA,Monroe,Dewey,republican,503,1000
11/05/1940,WV,Tyler,Roosevelt,democrat,420,1000
11/05/1940,WV,Tyler,Dewey,republican,580,1000
11/05/1940,CO,Bent,Roosevelt,democrat,580,1000
11/05/1940,CO,Bent,Dewey,republican,420,1000
11/05/1940,WI,Waushara,Roosevelt,democrat,470,1000
11/05/1940,WI,Waushara,Dewey,republican,530,1000
11/05/1940,WI,Waupaca,Roosevelt,democrat,510,1000
11/05/1940,WI,Waupaca,Dewey,republican,490,1000
11/05/1940,TX,Uvalde,Roosevelt,democrat,580,1000
11/05/1940,TX,Uvalde,Dewey,republican,420,1000
11/05/1940,MS,Walthall,Roosevelt,democrat,580,1000
11/05/1940,MS,Walthall,Dewey,republican,420,1000
11/05/1940,MO,Daviess,Roosevelt,democrat,470,1000
11/05/1940,MO,Daviess,Dewey,republican,530,1000
11/05/1940,TX,Winkler,Roosevelt,democrat,510,1000
11/05/1940,TX,Winkler,Dewey,republican,490,1000
11/05/1940,OH,Delaware,Roosevelt,democrat,420,1000
11/05/1940,OH,Delaware,Dewey,republican,580,1000
11/05/1940,SD,Hamlin,Roosevelt,democrat,503,1000
11/05/1940,SD,Hamlin,Dewey,republican,497,1000
11/05/1940,KS,Morris,Roosevelt,democrat,420,1000
11/05/1940,KS,Morris,Dewey,republican,580,1000
11/05/1940,AL,Lee,Roosevelt,democrat,580,1000
11/05/1940,AL,Lee,Dewey,republican,420,1000
11/05/1940,CA,San_Diego,Roosevelt,democrat,530,1000
11/05/1940,CA,San_Diego,Dewey,republican,470,1000
11/05/1940,FL,Levy,Roosevelt,democrat,580,1000
11/05/1940,FL,Levy,Dewey,republican,420,1000
11/05/1940,AL,Calhoun,Roosevelt,democrat,580,1000
11/05/1940,AL,Calhoun,Dewey,republican,420,1000
11/05/1940,IA,Scott,Roosevelt,democrat,580,1000
11/05/1940,IA,Scott,Dewey,republican,420,1000
11/05/1940,IA,Winneshiek,Roosevelt,democrat,580,1000
11/05/1940,IA,Winneshiek,Dewey,republican,420,1000
11/05/1940,KS,Morton,Roosevelt,democrat,580,1000
11/05/1940,KS,Morton,Dewey,republican,420,1000
11/05/1940,KY,Campbell,Roosevelt,democrat,470,1000
11/05/1940,KY,Campbell,Dewey,republican,530,1000
11/05/1940,KY,Whitley,Roosevelt,democrat,420,1000
11/05/1940,KY,Whitley,Dewey,republican,580,1000
11/05/1940,OH,Morrow,Roosevelt,democrat,530,1000
11/05/1940,OH,Morrow,Dewey,republican,470,1000
11/05/1940,OH,Darke,Roosevelt,democrat,420,1000
11/05/1940,OH,Darke,Dewey,republican,580,1000
11/05/1940,NE,Valley,Roosevelt,democrat,530,1000
11/05/1940,NE,Valley,Dewey,republican,470,1000
11/05/1940,NE,Cedar,Roosevelt,democrat,420,1000
11/05/1940,NE,Cedar,Dewey,republican,580,1000
11/05/1940,NE,Pawnee,Roosevelt,democrat,470,1000
11/05/1940,NE,Pawnee,Dewey,republican,530,1000
11/05/1940,SC,Darlington,Roosevelt,democrat,580,1000
11/05/1940,SC,Darlington,Dewey,republican,420,1000
11/05/1940,SD,Hughes,Roosevelt,democrat,420,1000
11/05/1940,SD,Hughes,Dewey,republican,580,1000
11/05/1940,MO,Livingston,Roosevelt,democrat,470,1000
11/05/1940,MO,Livingston,Dewey,republican,530,1000
11/05/1940,TX,Gregg,Roosevelt,democrat,580,1000
11/05/1940,TX,Gregg,Dewey,republican,420,1000
11/05/1940,VA,Lunenburg,Roosevelt,democrat,580,1000
11/05/1940,VA,Lunenburg,Dewey,republican,420,1000
11/05/1940,WV,Marion,Roosevelt,democrat,530,1000
11/05/1940,WV,Marion,Dewey,republican,470,1000
11/05/1940,WV,Grant,Roosevelt,democrat,497,1000
11/05/1940,WV,Grant,Dewey,republican,503,1000
11/05/1940,ND,Divide,Roosevelt,democrat,490,1000
11/05/1940,ND,Divide,Dewey,republican,510,1000
11/05/1940,TN,Moore,Roosevelt,democrat,580,1000
11/05/1940,TN,Moore,Dewey,republican,420,1000
11/05/1940,UT,Uintah,Roosevelt,democrat,510,1000
11/05/1940,UT,Uintah,Dewey,republican,490,1000
11/05/1940,NE,Furnas,Roosevelt,democrat,530,1000
11/05/1940,NE,Furnas,Dewey,republican,470,1000
11/05/1940,AL,Chambers,Roosevelt,democrat,580,1000
11/05/1940,AL,Chambers,Dewey,republican,420,1000
11/05/1940,PA,Franklin,Roosevelt,democrat,580,1000
11/05/1940,PA,Franklin,Dewey,republican,420,1000
11/05/1940,NE,Lancaster,Roosevelt,democrat,420,1000
11/05/1940,NE,Lancaster,Dewey,republican,580,1000
11/05/1940,VA,Frederick,Roosevelt,democrat,580,1000
11/05/1940,VA,Frederick,Dewey,republican,420,1000
11/05/1940,WA,Klickitat,Roosevelt,democrat,490,1000
11/05/1940,WA,Klickitat,Dewey,republican,510,1000
11/05/1940,VT,Franklin,Roosevelt,democrat,420,1000
11/05/1940,VT,Franklin,Dewey,republican,580,1000
11/05/1940,WI,Bayfield,Roosevelt,democrat,580,1000
11/05/1940,WI,Bayfield,Dewey,republican,420,1000
11/05/1940,AL,Valdez-Cordova,Roosevelt,democrat,420,1000
11/05/1940,AL,Valdez-Cordova,Dewey,republican,580,1000
11/05/1940,CA,Glenn,Roosevelt,democrat,490,1000
11/05/1940,CA,Glenn,Dewey,republican,510,1000
11/05/1940,CO,Boulder,Roosevelt,democrat,530,1000
11/05/1940,CO,Boulder,Dewey,republican,470,1000
11/05/1940,GA,DeKalb,Roosevelt,democrat,580,1000
11/05/1940,GA,DeKalb,Dewey,republican,420,1000
11/05/1940,IL,Kane,Roosevelt,democrat,420,1000
11/05/1940,IL,Kane,Dewey,republican,580,1000
11/05/1940,IL,Morgan,Roosevelt,democrat,420,1000
11/05/1940,IL,Morgan,Dewey,republican,580,1000
11/05/1940,IN,Brown,Roosevelt,democrat,470,1000
11/05/1940,IN,Brown,Dewey,republican,530,1000
11/05/1940,IN,Rush,Roosevelt,democrat,530,1000
11/05/1940,IN,Rush,Dewey,republican,470,1000
11/05/1940,IN,White,Roosevelt,democrat,510,1000
11/05/1940,IN,White,Dewey,republican,490,1000
11/05/1940,IA,Johnson,Roosevelt,democrat,470,1000
11/05/1940,IA,Johnson,Dewey,republican,530,1000
11/05/1940,KS,Lyon,Roosevelt,democrat,420,1000
11/05/1940,KS,Lyon,Dewey,republican,580,1000
11/05/1940,KY,Adair,Roosevelt,democrat,420,1000
11/05/1940,KY,Adair,Dewey,republican,580,1000
11/05/1940,LA,Allen,Roosevelt,democrat,580,1000
11/05/1940,LA,Allen,Dewey,republican,420,1000
11/05/1940,ME,Oxford,Roosevelt,democrat,510,1000
11/05/1940,ME,Oxford,Dewey,republican,490,1000
11/05/1940,MO,Camden,Roosevelt,democrat,470,1000
11/05/1940,MO,Camden,Dewey,republican,530,1000
11/05/1940,GA,Wilcox,Roosevelt,democrat,580,1000
11/05/1940,GA,Wilcox,Dewey,republican,420,1000
11/05/1940,NM,De_Baca,Roosevelt,democrat,580,1000
11/05/1940,NM,De_Baca,Dewey,republican,420,1000
11/05/1940,NC,Vance,Roosevelt,democrat,580,1000
11/05/1940,NC,Vance,Dewey,republican,420,1000
11/05/1940,NC,Franklin,Roosevelt,democrat,530,1000
11/05/1940,NC,Franklin,Dewey,republican,470,1000
11/05/1940,MT,Teton,Roosevelt,democrat,530,1000
11/05/1940,MT,Teton,Dewey,republican,470,1000
11/05/1940,MO,Barry,Roosevelt,democrat,420,1000
11/05/1940,MO,Barry,Dewey,republican,580,1000
11/05/1940,WA,Clark,Roosevelt,democrat,530,1000
11/05/1940,WA,Clark,Dewey,republican,470,1000
11/05/1940,WV,Ohio,Roosevelt,democrat,580,1000
11/05/1940,WV,Ohio,Dewey,republican,420,1000
11/05/1940,AR,Clark,Roosevelt,democrat,580,1000
11/05/1940,AR,Clark,Dewey,republican,420,1000
11/05/1940,AR,Lawrence,Roosevelt,democrat,580,1000
11/05/1940,AR,Lawrence,Dewey,republican,420,1000
11/05/1940,CA,Yuba,Roosevelt,democrat,503,1000
11/05/1940,CA,Yuba,Dewey,republican,497,1000
11/05/1940,CO,Summit,Roosevelt,democrat,530,1000
11/05/1940,CO,Summit,Dewey,republican,470,1000
11/05/1940,GA,Cobb,Roosevelt,democrat,530,1000
11/05/1940,GA,Cobb,Dewey,republican,470,1000
11/05/1940,GA,Douglas,Roosevelt,democrat,510,1000
11/05/1940,GA,Douglas,Dewey,republican,490,1000
11/05/1940,GA,Wilkes,Roosevelt,democrat,530,1000
11/05/1940,GA,Wilkes,Dewey,republican,470,1000
11/05/1940,IL,Peoria,Roosevelt,democrat,420,1000
11/05/1940,IL,Peoria,Dewey,republican,580,1000
11/05/1940,IN,Jackson,Roosevelt,democrat,510,1000
11/05/1940,IN,Jackson,Dewey,republican,490,1000
11/05/1940,KS,Rooks,Roosevelt,democrat,497,1000
11/05/1940,KS,Rooks,Dewey,republican,503,1000
11/05/1940,KS,Reno,Roosevelt,democrat,470,1000
11/05/1940,KS,Reno,Dewey,republican,530,1000
11/05/1940,KY,Barren,Roosevelt,democrat,490,1000
11/05/1940,KY,Barren,Dewey,republican,510,1000
11/05/1940,KY,Laurel,Roosevelt,democrat,420,1000
11/05/1940,KY,Laurel,Dewey,republican,580,1000
11/05/1940,AZ,Coconino,Roosevelt,democrat,420,1000
11/05/1940,AZ,Coconino,Dewey,republican,580,1000
11/05/1940,CA,Marin,Roosevelt,democrat,580,1000
11/05/1940,CA,Marin,Dewey,republican,420,1000
11/05/1940,FL,Okaloosa,Roosevelt,democrat,580,1000
11/05/1940,FL,Okaloosa,Dewey,republican,420,1000
11/05/1940,GA,Murray,Roosevelt,democrat,530,1000
11/05/1940,GA,Murray,Dewey,republican,470,1000
11/05/1940,IL,Randolph,Roosevelt,democrat,580,1000
11/05/1940,IL,Randolph,Dewey,republican,420,1000
11/05/1940,IN,Switzerland,Roosevelt,democrat,530,1000
11/05/1940,IN,Switzerland,Dewey,republican,470,1000
11/05/1940,KY,Kenton,Roosevelt,democrat,420,1000
11/05/1940,KY,Kenton,Dewey,republican,580,1000
11/05/1940,KY,Monroe,Roosevelt,democrat,420,1000
11/05/1940,KY,Monroe,Dewey,republican,580,1000
11/05/1940,LA,Caddo,Roosevelt,democrat,580,1000
11/05/1940,LA,Caddo,Dewey,republican,420,1000
11/05/1940,LA,Claiborne,Roosevelt,democrat,530,1000
11/05/1940,LA,Claiborne,Dewey,republican,470,1000
11/05/1940,MA,Berkshire,Roosevelt,democrat,420,1000
11/05/1940,MA,Berkshire,Dewey,republican,580,1000
11/05/1940,MI,Grand_Traverse,Roosevelt,democrat,420,1000
11/05/1940,MI,Grand_Traverse,Dewey,republican,580,1000
11/05/1940,NE,Nuckolls,Roosevelt,democrat,503,1000
11/05/1940,NE,Nuckolls,Dewey,republican,497,1000
11/05/1940,MO,Atchison,Roosevelt,democrat,420,1000
11/05/1940,MO,Atchison,Dewey,republican,580,1000
11/05/1940,MN,Ramsey,Roosevelt,democrat,420,1000
11/05/1940,MN,Ramsey,Dewey,republican,580,1000
11/05/1940,NC,Avery,Roosevelt,democrat,420,1000
11/05/1940,NC,Avery,Dewey,republican,580,1000
11/05/1940,PA,Wayne,Roosevelt,democrat,470,1000
11/05/1940,PA,Wayne,Dewey,republican,530,1000
11/05/1940,TN,Carter,Roosevelt,democrat,420,1000
11/05/1940,TN,Carter,Dewey,republican,580,1000
11/05/1940,TN,Hickman,Roosevelt,democrat,580,1000
11/05/1940,TN,Hickman,Dewey,republican,420,1000
11/05/1940,SD,Potter,Roosevelt,democrat,420,1000
11/05/1940,SD,Potter,Dewey,republican,580,1000
11/05/1940,TX,Shackelford,Roosevelt,democrat,580,1000
11/05/1940,TX,Shackelford,Dewey,republican,420,1000
11/05/1940,WY,Converse,Roosevelt,democrat,580,1000
11/05/1940,WY,Converse,Dewey,republican,420,1000
11/05/1940,AL,Escambia,Roosevelt,democrat,580,1000
11/05/1940,AL,Escambia,Dewey,republican,420,1000
11/05/1940,AZ,Cochise,Roosevelt,democrat,420,1000
11/05/1940,AZ,Cochise,Dewey,republican,580,1000
11/05/1940,AZ,Apache,Roosevelt,democrat,420,1000
11/05/1940,AZ,Apache,Dewey,republican,580,1000
11/05/1940,CA,San_Luis_Obispo,Roosevelt,democrat,510,1000
11/05/1940,CA,San_Luis_Obispo,Dewey,republican,490,1000
11/05/1940,ID,Oneida,Roosevelt,democrat,510,1000
11/05/1940,ID,Oneida,Dewey,republican,490,1000
11/05/1940,IN,Perry,Roosevelt,democrat,580,1000
11/05/1940,IN,Perry,Dewey,republican,420,1000
11/05/1940,IA,Harrison,Roosevelt,democrat,420,1000
11/05/1940,IA,Harrison,Dewey,republican,580,1000
11/05/1940,KY,Gallatin,Roosevelt,democrat,580,1000
11/05/1940,KY,Gallatin,Dewey,republican,420,1000
11/05/1940,MD,Kent,Roosevelt,democrat,580,1000
11/05/1940,MD,Kent,Dewey,republican,420,1000
11/05/1940,ME,Piscataquis,Roosevelt,democrat,510,1000
11/05/1940,ME,Piscataquis,Dewey,republican,490,1000
11/05/1940,MI,Luce,Roosevelt,democrat,580,1000
11/05/1940,MI,Luce,Dewey,republican,420,1000
11/05/1940,MI,Clare,Roosevelt,democrat,420,1000
11/05/1940,MI,Clare,Dewey,republican,580,1000
11/05/1940,MO,St_Clair,Roosevelt,democrat,420,1000
11/05/1940,MO,St_Clair,Dewey,republican,580,1000
11/05/1940,NE,Merrick,Roosevelt,democrat,420,1000
11/05/1940,NE,Merrick,Dewey,republican,580,1000
11/05/1940,NY,Greene,Roosevelt,democrat,420,1000
11/05/1940,NY,Greene,Dewey,republican,580,1000
11/05/1940,NC,Halifax,Roosevelt,democrat,580,1000
11/05/1940,NC,Halifax,Dewey,republican,420,1000
11/05/1940,OK,McClain,Roosevelt,democrat,580,1000
11/05/1940,OK,McClain,Dewey,republican,420,1000
11/05/1940,OK,Beaver,Roosevelt,democrat,420,1000
11/05/1940,OK,Beaver,Dewey,republican,580,1000
11/05/1940,OR,Deschutes,Roosevelt,democrat,420,1000
11/05/1940,OR,Deschutes,Dewey,republican,580,1000
11/05/1940,PA,Centre,Roosevelt,democrat,470,1000
11/05/1940,PA,Centre,Dewey,republican,530,1000
11/05/1940,SC,Kershaw,Roosevelt,democrat,580,1000
11/05/1940,SC,Kershaw,Dewey,republican,420,1000
11/05/1940,KY,Morgan,Roosevelt,democrat,580,1000
11/05/1940,KY,Morgan,Dewey,republican,420,1000
11/05/1940,TN,Johnson,Roosevelt,democrat,420,1000
11/05/1940,TN,Johnson,Dewey,republican,580,1000
11/05/1940,TX,Brewster,Roosevelt,democrat,580,1000
11/05/1940,TX,Brewster,Dewey,republican,420,1000
11/05/1940,TX,Zapata,Roosevelt,democrat,580,1000
11/05/1940,TX,Zapata,Dewey,republican,420,1000
11/05/1940,TX,Trinity,Roosevelt,democrat,530,1000
11/05/1940,TX,Trinity,Dewey,republican,470,1000
11/05/1940,UT,Carbon,Roosevelt,democrat,580,1000
11/05/1940,UT,Carbon,Dewey,republican,420,1000
11/05/1940,VA,Orange,Roosevelt,democrat,490,1000
11/05/1940,VA,Orange,Dewey,republican,510,1000
11/05/1940,WI,Adams,Roosevelt,democrat,510,1000
11/05/1940,WI,Adams,Dewey,republican,490,1000
11/05/1940,ND,McLean,Roosevelt,democrat,470,1000
11/05/1940,ND,McLean,Dewey,republican,530,1000
11/05/1940,MN,Kittson,Roosevelt,democrat,580,1000
11/05/1940,MN,Kittson,Dewey,republican,420,1000
11/05/1940,MI,Cheboygan,Roosevelt,democrat,530,1000
11/05/1940,MI,Cheboygan,Dewey,republican,470,1000
11/05/1940,MS,Washington,Roosevelt,democrat,580,1000
11/05/1940,MS,Washington,Dewey,republican,420,1000
11/05/1940,MO,Holt,Roosevelt,democrat,420,1000
11/05/1940,MO,Holt,Dewey,republican,580,1000
11/05/1940,MS,Sunflower,Roosevelt,democrat,580,1000
11/05/1940,MS,Sunflower,Dewey,republican,420,1000
11/05/1940,MT,Powder_River,Roosevelt,democrat,470,1000
11/05/1940,MT,Powder_River,Dewey,republican,530,1000
11/05/1940,MS,Marshall,Roosevelt,democrat,580,1000
11/05/1940,MS,Marshall,Dewey,republican,420,1000
11/05/1940,MS,Issaquena,Roosevelt,democrat,580,1000
11/05/1940,MS,Issaquena,Dewey,republican,420,1000
11/05/1940,MS,Benton,Roosevelt,democrat,580,1000
11/05/1940,MS,Benton,Dewey,republican,420,1000
11/05/1940,OH,Cuyahoga,Roosevelt,democrat,490,1000
11/05/1940,OH,Cuyahoga,Dewey,republican,510,1000
11/05/1940,MT,Lake,Roosevelt,democrat,470,1000
11/05/1940,MT,Lake,Dewey,republican,530,1000
11/05/1940,RI,Newport,Roosevelt,democrat,420,1000
11/05/1940,RI,Newport,Dewey,republican,580,1000
11/05/1940,MO,Clay,Roosevelt,democrat,490,1000
11/05/1940,MO,Clay,Dewey,republican,510,1000
11/05/1940,MO,Worth,Roosevelt,democrat,530,1000
11/05/1940,MO,Worth,Dewey,republican,470,1000
11/05/1940,MO,Perry,Roosevelt,democrat,580,1000
11/05/1940,MO,Perry,Dewey,republican,420,1000
11/05/1940,MO,Morgan,Roosevelt,democrat,420,1000
11/05/1940,MO,Morgan,Dewey,republican,580,1000
11/05/1940,VA,Lee,Roosevelt,democrat,580,1000
11/05/1940,VA,Lee,Dewey,republican,420,1000
11/05/1940,WA,Clallam,Roosevelt,democrat,470,1000
11/05/1940,WA,Clallam,Dewey,republican,530,1000
11/05/1940,WY,Uinta,Roosevelt,democrat,580,1000
11/05/1940,WY,Uinta,Dewey,republican,420,1000
11/05/1940,AR,Arkansas,Roosevelt,democrat,580,1000
11/05/1940,AR,Arkansas,Dewey,republican,420,1000
11/05/1940,AR,Dallas,Roosevelt,democrat,530,1000
11/05/1940,AR,Dallas,Dewey,republican,470,1000
11/05/1940,GA,Butts,Roosevelt,democrat,503,1000
11/05/1940,GA,Butts,Dewey,republican,497,1000
11/05/1940,GA,Baker,Roosevelt,democrat,580,1000
11/05/1940,GA,Baker,Dewey,republican,420,1000
11/05/1940,IL,LaSalle,Roosevelt,democrat,420,1000
11/05/1940,IL,LaSalle,Dewey,republican,580,1000
11/05/1940,IN,Kosciusko,Roosevelt,democrat,420,1000
11/05/1940,IN,Kosciusko,Dewey,republican,580,1000
11/05/1940,IN,Sullivan,Roosevelt,democrat,580,1000
11/05/1940,IN,Sullivan,Dewey,republican,420,1000
11/05/1940,KS,Riley,Roosevelt,democrat,490,1000
11/05/1940,KS,Riley,Dewey,republican,510,1000
11/05/1940,KY,Bullitt,Roosevelt,democrat,420,1000
11/05/1940,KY,Bullitt,Dewey,republican,580,1000
11/05/1940,KY,Madison,Roosevelt,democrat,420,1000
11/05/1940,KY,Madison,Dewey,republican,580,1000
11/05/1940,LA,Livingston,Roosevelt,democrat,530,1000
11/05/1940,LA,Livingston,Dewey,republican,470,1000
11/05/1940,LA,Grant,Roosevelt,democrat,580,1000
11/05/1940,LA,Grant,Dewey,republican,420,1000
11/05/1940,LA,Bienville,Roosevelt,democrat,470,1000
11/05/1940,LA,Bienville,Dewey,republican,530,1000
11/05/1940,MO,Callaway,Roosevelt,democrat,470,1000
11/05/1940,MO,Callaway,Dewey,republican,530,1000
11/05/1940,GA,Wheeler,Roosevelt,democrat,530,1000
11/05/1940,GA,Wheeler,Dewey,republican,470,1000
11/05/1940,NC,Chatham,Roosevelt,democrat,470,1000
11/05/1940,NC,Chatham,Dewey,republican,530,1000
11/05/1940,SC,Allendale,Roosevelt,democrat,580,1000
11/05/1940,SC,Allendale,Dewey,republican,420,1000
11/05/1940,MA,Suffolk,Roosevelt,democrat,490,1000
11/05/1940,MA,Suffolk,Dewey,republican,510,1000
11/05/1940,TN,Henry,Roosevelt,democrat,497,1000
11/05/1940,TN,Henry,Dewey,republican,503,1000
11/05/1940,TX,Angelina,Roosevelt,democrat,580,1000
11/05/1940,TX,Angelina,Dewey,republican,420,1000
11/05/1940,WA,Grant,Roosevelt,democrat,420,1000
11/05/1940,WA,Grant,Dewey,republican,580,1000
11/05/1940,VA,Louisa,Roosevelt,democrat,470,1000
11/05/1940,VA,Louisa,Dewey,republican,530,1000
11/05/1940,MN,Goodhue,Roosevelt,democrat,530,1000
11/05/1940,MN,Goodhue,Dewey,republican,470,1000
11/05/1940,WA,Walla_Walla,Roosevelt,democrat,420,1000
11/05/1940,WA,Walla_Walla,Dewey,republican,580,1000
11/05/1940,MO,Christian,Roosevelt,democrat,420,1000
11/05/1940,MO,Christian,Dewey,republican,580,1000
11/05/1940,IN,Crawford,Roosevelt,democrat,530,1000
11/05/1940,IN,Crawford,Dewey,republican,470,1000
11/05/1940,OK,Seminole,Roosevelt,democrat,580,1000
11/05/1940,OK,Seminole,Dewey,republican,420,1000
11/05/1940,NM,Lincoln,Roosevelt,democrat,580,1000
11/05/1940,NM,Lincoln,Dewey,republican,420,1000
11/05/1940,TN,Campbell,Roosevelt,democrat,420,1000
11/05/1940,TN,Campbell,Dewey,republican,580,1000
11/05/1940,NM,Socorro,Roosevelt,democrat,510,1000
11/05/1940,NM,Socorro,Dewey,republican,490,1000
11/05/1940,NM,Taos,Roosevelt,democrat,530,1000
11/05/1940,NM,Taos,Dewey,republican,470,1000
11/05/1940,NM,Chaves,Roosevelt,democrat,470,1000
11/05/1940,NM,Chaves,Dewey,republican,530,1000
11/05/1940,OH,Holmes,Roosevelt,democrat,530,1000
11/05/1940,OH,Holmes,Dewey,republican,470,1000
11/05/1940,OH,Jackson,Roosevelt,democrat,580,1000
11/05/1940,OH,Jackson,Dewey,republican,420,1000
11/05/1940,NC,Burke,Roosevelt,democrat,420,1000
11/05/1940,NC,Burke,Dewey,republican,580,1000
11/05/1940,SD,Pennington,Roosevelt,democrat,470,1000
11/05/1940,SD,Pennington,Dewey,republican,530,1000
11/05/1940,TX,Aransas,Roosevelt,democrat,580,1000
11/05/1940,TX,Aransas,Dewey,republican,420,1000
11/05/1940,WA,Whitman,Roosevelt,democrat,470,1000
11/05/1940,WA,Whitman,Dewey,republican,530,1000
11/05/1940,MI,Berrien,Roosevelt,democrat,420,1000
11/05/1940,MI,Berrien,Dewey,republican,580,1000
11/05/1940,GA,Lincoln,Roosevelt,democrat,530,1000
11/05/1940,GA,Lincoln,Dewey,republican,470,1000
11/05/1940,TX,Val_Verde,Roosevelt,democrat,580,1000
11/05/1940,TX,Val_Verde,Dewey,republican,420,1000
11/05/1940,NY,Onondaga,Roosevelt,democrat,420,1000
11/05/1940,NY,Onondaga,Dewey,republican,580,1000
11/05/1940,ID,Gooding,Roosevelt,democrat,580,1000
11/05/1940,ID,Gooding,Dewey,republican,420,1000
11/05/1940,KY,Clay,Roosevelt,democrat,470,1000
11/05/1940,KY,Clay,Dewey,republican,530,1000
11/05/1940,OR,Harney,Roosevelt,democrat,420,1000
11/05/1940,OR,Harney,Dewey,republican,580,1000
11/05/1940,MO,Cooper,Roosevelt,democrat,470,1000
11/05/1940,MO,Cooper,Dewey,republican,530,1000
11/05/1940,MN,Todd,Roosevelt,democrat,420,1000
11/05/1940,MN,Todd,Dewey,republican,580,1000
11/05/1940,WI,Florence,Roosevelt,democrat,420,1000
11/05/1940,WI,Florence,Dewey,republican,580,1000
11/05/1940,NY,Nassau,Roosevelt,democrat,420,1000
11/05/1940,NY,Nassau,Dewey,republican,580,1000
11/05/1940,NM,San_Miguel,Roosevelt,democrat,470,1000
11/05/1940,NM,San_Miguel,Dewey,republican,530,1000
11/05/1940,NE,Wayne,Roosevelt,democrat,420,1000
11/05/1940,NE,Wayne,Dewey,republican,580,1000
11/05/1940,OH,Lawrence,Roosevelt,democrat,530,1000
11/05/1940,OH,Lawrence,Dewey,republican,470,1000
11/05/1940,SD,Union,Roosevelt,democrat,510,1000
11/05/1940,SD,Union,Dewey,republican,490,1000
11/05/1940,SC,Beaufort,Roosevelt,democrat,580,1000
11/05/1940,SC,Beaufort,Dewey,republican,420,1000
11/05/1940,OH,Auglaize,Roosevelt,democrat,420,1000
11/05/1940,OH,Auglaize,Dewey,republican,580,1000
11/05/1940,GA,Long,Roosevelt,democrat,580,1000
11/05/1940,GA,Long,Dewey,republican,420,1000
11/05/1940,TX,Victoria,Roosevelt,democrat,580,1000
11/05/1940,TX,Victoria,Dewey,republican,420,1000
11/05/1940,OH,Clermont,Roosevelt,democrat,420,1000
11/05/1940,OH,Clermont,Dewey,republican,580,1000
11/05/1940,GA,Madison,Roosevelt,democrat,530,1000
11/05/1940,GA,Madison,Dewey,republican,470,1000
11/05/1940,GA,Muscogee,Roosevelt,democrat,580,1000
11/05/1940,GA,Muscogee,Dewey,republican,420,1000
11/05/1940,GA,Oconee,Roosevelt,democrat,530,1000
11/05/1940,GA,Oconee,Dewey,republican,470,1000
11/05/1940,AL,Fayette,Roosevelt,democrat,580,1000
11/05/1940,AL,Fayette,Dewey,republican,420,1000
11/05/1940,GA,Charlton,Roosevelt,democrat,420,1000
11/05/1940,GA,Charlton,Dewey,republican,580,1000
11/05/1940,VT,Windsor,Roosevelt,democrat,420,1000
11/05/1940,VT,Windsor,Dewey,republican,580,1000
11/05/1940,VA,Richmond_Co,Roosevelt,democrat,530,1000
11/05/1940,VA,Richmond_Co,Dewey,republican,470,1000
11/05/1940,TX,Galveston,Roosevelt,democrat,580,1000
11/05/1940,TX,Galveston,Dewey,republican,420,1000
11/05/1940,MO,Ste_Genevieve,Roosevelt,democrat,580,1000
11/05/1940,MO,Ste_Genevieve,Dewey,republican,420,1000
11/05/1940,MI,Menominee,Roosevelt,democrat,580,1000
11/05/1940,MI,Menominee,Dewey,republican,420,1000
11/05/1940,SC,Charleston,Roosevelt,democrat,580,1000
11/05/1940,SC,Charleston,Dewey,republican,420,1000
11/05/1940,TX,Austin,Roosevelt,democrat,497,1000
11/05/1940,TX,Austin,Dewey,republican,503,1000
11/05/1940,TN,Decatur,Roosevelt,democrat,580,1000
11/05/1940,TN,Decatur,Dewey,republican,420,1000
11/05/1940,SD,Butte,Roosevelt,democrat,420,1000
11/05/1940,SD,Butte,Dewey,republican,580,1000
11/05/1940,SC,Chester,Roosevelt,democrat,580,1000
11/05/1940,SC,Chester,Dewey,republican,420,1000
11/05/1940,WI,Pierce,Roosevelt,democrat,420,1000
11/05/1940,WI,Pierce,Dewey,republican,580,1000
11/05/1940,TN,Lake,Roosevelt,democrat,580,1000
11/05/1940,TN,Lake,Dewey,republican,420,1000
11/05/1940,TX,Delta,Roosevelt,democrat,580,1000
11/05/1940,TX,Delta,Dewey,republican,420,1000
11/05/1940,MT,Lincoln,Roosevelt,democrat,580,1000
11/05/1940,MT,Lincoln,Dewey,republican,420,1000
11/05/1940,TX,Fort_Bend,Roosevelt,democrat,470,1000
11/05/1940,TX,Fort_Bend,Dewey,republican,530,1000
11/05/1940,ME,Lincoln,Roosevelt,democrat,420,1000
11/05/1940,ME,Lincoln,Dewey,republican,580,1000
11/05/1940,VA,Surry,Roosevelt,democrat,580,1000
11/05/1940,VA,Surry,Dewey,republican,420,1000
11/05/1940,MO,Saline,Roosevelt,democrat,470,1000
11/05/1940,MO,Saline,Dewey,republican,530,1000
11/05/1940,NC,Caswell,Roosevelt,democrat,580,1000
11/05/1940,NC,Caswell,Dewey,republican,420,1000
11/05/1940,VA,Sussex,Roosevelt,democrat,580,1000
11/05/1940,VA,Sussex,Dewey,republican,420,1000
11/05/1940,NH,Rockingham,Roosevelt,democrat,580,1000
11/05/1940,NH,Rockingham,Dewey,republican,420,1000
11/05/1940,TN,Hamblen,Roosevelt,democrat,420,1000
11/05/1940,TN,Hamblen,Dewey,republican,580,1000
11/05/1940,TN,Hancock,Roosevelt,democrat,420,1000
11/05/1940,TN,Hancock,Dewey,republican,580,1000
11/05/1940,TN,Hawkins,Roosevelt,democrat,420,1000
11/05/1940,TN,Hawkins,Dewey,republican,580,1000
11/05/1940,SD,Hanson,Roosevelt,democrat,470,1000
11/05/1940,SD,Hanson,Dewey,republican,530,1000
11/05/1940,SD,Kingsbury,Roosevelt,democrat,503,1000
11/05/1940,SD,Kingsbury,Dewey,republican,497,1000
11/05/1940,PA,Chester,Roosevelt,democrat,420,1000
11/05/1940,PA,Chester,Dewey,republican,580,1000
11/05/1940,TX,Calhoun,Roosevelt,democrat,580,1000
11/05/1940,TX,Calhoun,Dewey,republican,420,1000
11/05/1940,VA,Northumberland,Roosevelt,democrat,530,1000
11/05/1940,VA,Northumberland,Dewey,republican,470,1000
11/05/1940,WI,Forest,Roosevelt,democrat,420,1000
11/05/1940,WI,Forest,Dewey,republican,580,1000
11/05/1940,WY,Crook,Roosevelt,democrat,490,1000
11/05/1940,WY,Crook,Dewey,republican,510,1000
11/05/1940,NE,Rock,Roosevelt,democrat,530,1000
11/05/1940,NE,Rock,Dewey,republican,470,1000
11/05/1940,TN,Anderson,Roosevelt,democrat,497,1000
11/05/1940,TN,Anderson,Dewey,republican,503,1000
11/05/1940,KY,Garrard,Roosevelt,democrat,490,1000
11/05/1940,KY,Garrard,Dewey,republican,510,1000
11/05/1940,VT,Windham,Roosevelt,democrat,420,1000
11/05/1940,VT,Windham,Dewey,republican,580,1000
11/05/1940,MD,Wicomico,Roosevelt,democrat,530,1000
11/05/1940,MD,Wicomico,Dewey,republican,470,1000
11/05/1940,ME,Sagadahoc,Roosevelt,democrat,510,1000
11/05/1940,ME,Sagadahoc,Dewey,republican,490,1000
11/05/1940,KS,Bourbon,Roosevelt,democrat,580,1000
11/05/1940,KS,Bourbon,Dewey,republican,420,1000
11/05/1940,KS,Crawford,Roosevelt,democrat,580,1000
11/05/1940,KS,Crawford,Dewey,republican,420,1000
11/05/1940,TX,Collin,Roosevelt,democrat,420,1000
11/05/1940,TX,Collin,Dewey,republican,580,1000
11/05/1940,TX,Colorado,Roosevelt,democrat,580,1000
11/05/1940,TX,Colorado,Dewey,republican,420,1000
11/05/1940,PA,Delaware,Roosevelt,democrat,470,1000
11/05/1940,PA,Delaware,Dewey,republican,530,1000
11/05/1940,SC,Dillon,Roosevelt,democrat,580,1000
11/05/1940,SC,Dillon,Dewey,republican,420,1000
11/05/1940,PA,Clarion,Roosevelt,democrat,490,1000
11/05/1940,PA,Clarion,Dewey,republican,510,1000
11/05/1940,TX,Jasper,Roosevelt,democrat,580,1000
11/05/1940,TX,Jasper,Dewey,republican,420,1000
11/05/1940,PA,Clinton,Roosevelt,democrat,420,1000
11/05/1940,PA,Clinton,Dewey,republican,580,1000
11/05/1940,MD,Harford,Roosevelt,democrat,420,1000
11/05/1940,MD,Harford,Dewey,republican,580,1000
11/05/1940,IL,Richland,Roosevelt,democrat,420,1000
11/05/1940,IL,Richland,Dewey,republican,580,1000
11/05/1940,MD,Howard,Roosevelt,democrat,530,1000
11/05/1940,MD,Howard,Dewey,republican,470,1000
11/05/1940,TN,Loudon,Roosevelt,democrat,470,1000
11/05/1940,TN,Loudon,Dewey,republican,530,1000
11/05/1940,IL,St_Clair,Roosevelt,democrat,580,1000
11/05/1940,IL,St_Clair,Dewey,republican,420,1000
11/05/1940,MA,Bristol,Roosevelt,democrat,420,1000
11/05/1940,MA,Bristol,Dewey,republican,580,1000
11/05/1940,IN,Hendricks,Roosevelt,democrat,420,1000
11/05/1940,IN,Hendricks,Dewey,republican,580,1000
11/05/1940,MD,Anne_Arundel,Roosevelt,democrat,420,1000
11/05/1940,MD,Anne_Arundel,Dewey,republican,580,1000
11/05/1940,TX,Comal,Roosevelt,democrat,580,1000
11/05/1940,TX,Comal,Dewey,republican,420,1000
11/05/1940,TX,Cooke,Roosevelt,democrat,580,1000
11/05/1940,TX,Cooke,Dewey,republican,420,1000
11/05/1940,TX,Crockett,Roosevelt,democrat,580,1000
11/05/1940,TX,Crockett,Dewey,republican,420,1000
11/05/1940,TX,Culberson,Roosevelt,democrat,580,1000
11/05/1940,TX,Culberson,Dewey,republican,420,1000
11/05/1940,KY,Hickman,Roosevelt,democrat,580,1000
11/05/1940,KY,Hickman,Dewey,republican,420,1000
11/05/1940,KY,Jackson,Roosevelt,democrat,420,1000
11/05/1940,KY,Jackson,Dewey,republican,580,1000
11/05/1940,SC,Georgetown,Roosevelt,democrat,580,1000
11/05/1940,SC,Georgetown,Dewey,republican,420,1000
11/05/1940,WA,Adams,Roosevelt,democrat,420,1000
11/05/1940,WA,Adams,Dewey,republican,580,1000
11/05/1940,NE,Kimball,Roosevelt,democrat,580,1000
11/05/1940,NE,Kimball,Dewey,republican,420,1000
11/05/1940,MT,Carbon,Roosevelt,democrat,490,1000
11/05/1940,MT,Carbon,Dewey,republican,510,1000
11/05/1940,KY,Greenup,Roosevelt,democrat,580,1000
11/05/1940,KY,Greenup,Dewey,republican,420,1000
11/05/1940,LA,Webster,Roosevelt,democrat,580,1000
11/05/1940,LA,Webster,Dewey,republican,420,1000
11/05/1940,TN,Macon,Roosevelt,democrat,580,1000
11/05/1940,TN,Macon,Dewey,republican,420,1000
11/05/1940,NC,New_Hanover,Roosevelt,democrat,530,1000
11/05/1940,NC,New_Hanover,Dewey,republican,470,1000
11/05/1940,TX,Chambers,Roosevelt,democrat,580,1000
11/05/1940,TX,Chambers,Dewey,republican,420,1000
11/05/1940,FL,Alachua,Roosevelt,democrat,580,1000
11/05/1940,FL,Alachua,Dewey,republican,420,1000
11/05/1940,GA,Worth,Roosevelt,democrat,580,1000
11/05/1940,GA,Worth,Dewey,republican,420,1000
11/05/1940,OR,Marion,Roosevelt,democrat,470,1000
11/05/1940,OR,Marion,Dewey,republican,530,1000
11/05/1940,PA,Jefferson,Roosevelt,democrat,420,1000
11/05/1940,PA,Jefferson,Dewey,republican,580,1000
11/05/1940,MI,Dickinson,Roosevelt,democrat,580,1000
11/05/1940,MI,Dickinson,Dewey,republican,420,1000
11/05/1940,MI,Eaton,Roosevelt,democrat,420,1000
11/05/1940,MI,Eaton,Dewey,republican,580,1000
11/05/1940,KY,Knox,Roosevelt,democrat,420,1000
11/05/1940,KY,Knox,Dewey,republican,580,1000
11/05/1940,MI,Hillsdale,Roosevelt,democrat,420,1000
11/05/1940,MI,Hillsdale,Dewey,republican,580,1000
11/05/1940,TX,Denton,Roosevelt,democrat,420,1000
11/05/1940,TX,Denton,Dewey,republican,580,1000
11/05/1940,IA,Washington,Roosevelt,democrat,530,1000
11/05/1940,IA,Washington,Dewey,republican,470,1000
11/05/1940,TN,Smith,Roosevelt,democrat,580,1000
11/05/1940,TN,Smith,Dewey,republican,420,1000
11/05/1940,KS,Wilson,Roosevelt,democrat,580,1000
11/05/1940,KS,Wilson,Dewey,republican,420,1000
11/05/1940,VA,Henrico,Roosevelt,democrat,490,1000
11/05/1940,VA,Henrico,Dewey,republican,510,1000
11/05/1940,RI,Kent,Roosevelt,democrat,420,1000
11/05/1940,RI,Kent,Dewey,republican,580,1000
11/05/1940,PA,Columbia,Roosevelt,democrat,420,1000
11/05/1940,PA,Columbia,Dewey,republican,580,1000
11/05/1940,TN,Lewis,Roosevelt,democrat,580,1000
11/05/1940,TN,Lewis,Dewey,republican,420,1000
11/05/1940,MN,Lincoln,Roosevelt,democrat,470,1000
11/05/1940,MN,Lincoln,Dewey,republican,530,1000
11/05/1940,TN,Madison,Roosevelt,democrat,470,1000
11/05/1940,TN,Madison,Dewey,republican,530,1000
11/05/1940,MO,Ralls,Roosevelt,democrat,470,1000
11/05/1940,MO,Ralls,Dewey,republican,530,1000
11/05/1940,NC,Anson,Roosevelt,democrat,530,1000
11/05/1940,NC,Anson,Dewey,republican,470,1000
11/05/1940,KY,Daviess,Roosevelt,democrat,530,1000
11/05/1940,KY,Daviess,Dewey,republican,470,1000
11/05/1940,UT,Washington,Roosevelt,democrat,580,1000
11/05/1940,UT,Washington,Dewey,republican,420,1000
11/05/1940,IA,Appanoose,Roosevelt,democrat,530,1000
11/05/1940,IA,Appanoose,Dewey,republican,470,1000
11/05/1940,VA,Pittsylvania,Roosevelt,democrat,580,1000
11/05/1940,VA,Pittsylvania,Dewey,republican,420,1000
11/05/1940,PA,Lackawanna,Roosevelt,democrat,510,1000
11/05/1940,PA,Lackawanna,Dewey,republican,490,1000
11/05/1940,PA,Lancaster,Roosevelt,democrat,420,1000
11/05/1940,PA,Lancaster,Dewey,republican,580,1000
11/05/1940,MO,Jefferson,Roosevelt,democrat,530,1000
11/05/1940,MO,Jefferson,Dewey,republican,470,1000
11/05/1940,MO,Washington,Roosevelt,democrat,580,1000
11/05/1940,MO,Washington,Dewey,republican,420,1000
11/05/1940,PA,Lehigh,Roosevelt,democrat,470,1000
11/05/1940,PA,Lehigh,Dewey,republican,530,1000
11/05/1940,KY,Letcher,Roosevelt,democrat,510,1000
11/05/1940,KY,Letcher,Dewey,republican,490,1000
11/05/1940,MI,Jackson,Roosevelt,democrat,420,1000
11/05/1940,MI,Jackson,Dewey,republican,580,1000
11/05/1940,KY,Lyon,Roosevelt,democrat,530,1000
11/05/1940,KY,Lyon,Dewey,republican,470,1000
11/05/1940,MN,Chippewa,Roosevelt,democrat,530,1000
11/05/1940,MN,Chippewa,Dewey,republican,470,1000
11/05/1940,KY,McCracken,Roosevelt,democrat,530,1000
11/05/1940,KY,McCracken,Dewey,republican,470,1000
11/05/1940,UT,Davis,Roosevelt,democrat,530,1000
11/05/1940,UT,Davis,Dewey,republican,470,1000
11/05/1940,VA,Albemarle,Roosevelt,democrat,510,1000
11/05/1940,VA,Albemarle,Dewey,republican,490,1000
11/05/1940,MT,Gallatin,Roosevelt,democrat,470,1000
11/05/1940,MT,Gallatin,Dewey,republican,530,1000
11/05/1940,WI,Marinette,Roosevelt,democrat,420,1000
11/05/1940,WI,Marinette,Dewey,republican,580,1000
11/05/1940,MT,Big_Horn,Roosevelt,democrat,580,1000
11/05/1940,MT,Big_Horn,Dewey,republican,420,1000
11/05/1940,CA,Amador,Roosevelt,democrat,530,1000
11/05/1940,CA,Amador,Dewey,republican,470,1000
11/05/1940,TX,Cherokee,Roosevelt,democrat,580,1000
11/05/1940,TX,Cherokee,Dewey,republican,420,1000
11/05/1940,MO,McDonald,Roosevelt,democrat,420,1000
11/05/1940,MO,McDonald,Dewey,republican,580,1000
11/05/1940,PA,Mifflin,Roosevelt,democrat,580,1000
11/05/1940,PA,Mifflin,Dewey,republican,420,1000
11/05/1940,LA,Washington,Roosevelt,democrat,510,1000
11/05/1940,LA,Washington,Dewey,republican,490,1000
11/05/1940,ND,Williams,Roosevelt,democrat,420,1000
11/05/1940,ND,Williams,Dewey,republican,580,1000
11/05/1940,NC,Cumberland,Roosevelt,democrat,580,1000
11/05/1940,NC,Cumberland,Dewey,republican,420,1000
11/05/1940,KY,Marshall,Roosevelt,democrat,530,1000
11/05/1940,KY,Marshall,Dewey,republican,470,1000
11/05/1940,MI,Kent,Roosevelt,democrat,420,1000
11/05/1940,MI,Kent,Dewey,republican,580,1000
11/05/1940,MI,Keweenaw,Roosevelt,democrat,580,1000
11/05/1940,MI,Keweenaw,Dewey,republican,420,1000
11/05/1940,MN,Houston,Roosevelt,democrat,580,1000
11/05/1940,MN,Houston,Dewey,republican,420,1000
11/05/1940,SC,Horry,Roosevelt,democrat,580,1000
11/05/1940,SC,Horry,Dewey,republican,420,1000
11/05/1940,MT,Jefferson,Roosevelt,democrat,530,1000
11/05/1940,MT,Jefferson,Dewey,republican,470,1000
11/05/1940,TN,Sevier,Roosevelt,democrat,420,1000
11/05/1940,TN,Sevier,Dewey,republican,580,1000
11/05/1940,LA,Bossier,Roosevelt,democrat,580,1000
11/05/1940,LA,Bossier,Dewey,republican,420,1000
11/05/1940,NM,Catron,Roosevelt,democrat,420,1000
11/05/1940,NM,Catron,Dewey,republican,580,1000
11/05/1940,KY,Fulton,Roosevelt,democrat,580,1000
11/05/1940,KY,Fulton,Dewey,republican,420,1000
11/05/1940,NM,San_Juan,Roosevelt,democrat,530,1000
11/05/1940,NM,San_Juan,Dewey,republican,470,1000
11/05/1940,MD,Caroline,Roosevelt,democrat,530,1000
11/05/1940,MD,Caroline,Dewey,republican,470,1000
11/05/1940,MO,Marion,Roosevelt,democrat,530,1000
11/05/1940,MO,Marion,Dewey,republican,470,1000
11/05/1940,TN,McMinn,Roosevelt,democrat,470,1000
11/05/1940,TN,McMinn,Dewey,republican,530,1000
11/05/1940,VA,Prince_George,Roosevelt,democrat,580,1000
11/05/1940,VA,Prince_George,Dewey,republican,420,1000
11/05/1940,LA,Lafayette,Roosevelt,democrat,580,1000
11/05/1940,LA,Lafayette,Dewey,republican,420,1000
11/05/1940,PA,Northampton,Roosevelt,democrat,420,1000
11/05/1940,PA,Northampton,Dewey,republican,580,1000
11/05/1940,UT,Salt_Lake,Roosevelt,democrat,580,1000
11/05/1940,UT,Salt_Lake,Dewey,republican,420,1000
11/05/1940,MI,Mason,Roosevelt,democrat,470,1000
11/05/1940,MI,Mason,Dewey,republican,530,1000
11/05/1940,WV,Roane,Roosevelt,democrat,530,1000
11/05/1940,WV,Roane,Dewey,republican,470,1000
11/05/1940,WV,Summers,Roosevelt,democrat,580,1000
11/05/1940,WV,Summers,Dewey,republican,420,1000
11/05/1940,NC,Wilkes,Roosevelt,democrat,420,1000
11/05/1940,NC,Wilkes,Dewey,republican,580,1000
11/05/1940,WI,Dodge,Roosevelt,democrat,420,1000
11/05/1940,WI,Dodge,Dewey,republican,580,1000
11/05/1940,TX,Tarrant,Roosevelt,democrat,470,1000
11/05/1940,TX,Tarrant,Dewey,republican,530,1000
11/05/1940,MT,Meagher,Roosevelt,democrat,470,1000
11/05/1940,MT,Meagher,Dewey,republican,530,1000
11/05/1940,AR,Miller,Roosevelt,democrat,580,1000
11/05/1940,AR,Miller,Dewey,republican,420,1000
11/05/1940,TN,Washington,Roosevelt,democrat,420,1000
11/05/1940,TN,Washington,Dewey,republican,580,1000
11/05/1940,ID,Payette,Roosevelt,democrat,530,1000
11/05/1940,ID,Payette,Dewey,republican,470,1000
11/05/1940,IL,Macon,Roosevelt,democrat,580,1000
11/05/1940,IL,Macon,Dewey,republican,420,1000
11/05/1940,LA,Red_River,Roosevelt,democrat,580,1000
11/05/1940,LA,Red_River,Dewey,republican,420,1000
11/05/1940,NC,Edgecombe,Roosevelt,democrat,580,1000
11/05/1940,NC,Edgecombe,Dewey,republican,420,1000
11/05/1940,MD,Cecil,Roosevelt,democrat,580,1000
11/05/1940,MD,Cecil,Dewey,republican,420,1000
11/05/1940,IL,Madison,Roosevelt,democrat,580,1000
11/05/1940,IL,Madison,Dewey,republican,420,1000
11/05/1940,LA,Union,Roosevelt,democrat,580,1000
11/05/1940,LA,Union,Dewey,republican,420,1000
11/05/1940,NC,Yancey,Roosevelt,democrat,420,1000
11/05/1940,NC,Yancey,Dewey,republican,580,1000
11/05/1940,NY,Bronx,Roosevelt,democrat,420,1000
11/05/1940,NY,Bronx,Dewey,republican,580,1000
11/05/1940,ME,Washington,Roosevelt,democrat,420,1000
11/05/1940,ME,Washington,Dewey,republican,580,1000
11/05/1940,TX,Briscoe,Roosevelt,democrat,420,1000
11/05/1940,TX,Briscoe,Dewey,republican,580,1000
11/05/1940,WI,Green_Lake,Roosevelt,democrat,420,1000
11/05/1940,WI,Green_Lake,Dewey,republican,580,1000
11/05/1940,MN,Dodge,Roosevelt,democrat,530,1000
11/05/1940,MN,Dodge,Dewey,republican,470,1000
11/05/1940,MI,Muskegon,Roosevelt,democrat,420,1000
11/05/1940,MI,Muskegon,Dewey,republican,580,1000
11/05/1940,KY,Owsley,Roosevelt,democrat,530,1000
11/05/1940,KY,Owsley,Dewey,republican,470,1000
11/05/1940,MI,Oceana,Roosevelt,democrat,420,1000
11/05/1940,MI,Oceana,Dewey,republican,580,1000
11/05/1940,NC,Moore,Roosevelt,democrat,530,1000
11/05/1940,NC,Moore,Dewey,republican,470,1000
11/05/1940,TN,Sumner,Roosevelt,democrat,580,1000
11/05/1940,TN,Sumner,Dewey,republican,420,1000
11/05/1940,KY,Todd,Roosevelt,democrat,470,1000
11/05/1940,KY,Todd,Dewey,republican,530,1000
11/05/1940,KY,Trigg,Roosevelt,democrat,530,1000
11/05/1940,KY,Trigg,Dewey,republican,470,1000
11/05/1940,TN,Wayne,Roosevelt,democrat,580,1000
11/05/1940,TN,Wayne,Dewey,republican,420,1000
11/05/1940,TN,Weakley,Roosevelt,democrat,580,1000
11/05/1940,TN,Weakley,Dewey,republican,420,1000
11/05/1940,TX,Brooks,Roosevelt,democrat,580,1000
11/05/1940,TX,Brooks,Dewey,republican,420,1000
11/05/1940,TN,Williamson,Roosevelt,democrat,420,1000
11/05/1940,TN,Williamson,Dewey,republican,580,1000
11/05/1940,WY,Johnson,Roosevelt,democrat,470,1000
11/05/1940,WY,Johnson,Dewey,republican,530,1000
11/05/1940,WI,Polk,Roosevelt,democrat,580,1000
11/05/1940,WI,Polk,Dewey,republican,420,1000
11/05/1940,TN,Meigs,Roosevelt,democrat,490,1000
11/05/1940,TN,Meigs,Dewey,republican,510,1000
11/05/1940,IL,Massac,Roosevelt,democrat,580,1000
11/05/1940,IL,Massac,Dewey,republican,420,1000
11/05/1940,MD,Dorchester,Roosevelt,democrat,580,1000
11/05/1940,MD,Dorchester,Dewey,republican,420,1000
11/05/1940,CA,Santa_Clara,Roosevelt,democrat,580,1000
11/05/1940,CA,Santa_Clara,Dewey,republican,420,1000
11/05/1940,NY,Clinton,Roosevelt,democrat,510,1000
11/05/1940,NY,Clinton,Dewey,republican,490,1000
11/05/1940,PA,Dauphin,Roosevelt,democrat,420,1000
11/05/1940,PA,Dauphin,Dewey,republican,580,1000
11/05/1940,MT,Granite,Roosevelt,democrat,470,1000
11/05/1940,MT,Granite,Dewey,republican,530,1000
11/05/1940,MI,Van_Buren,Roosevelt,democrat,420,1000
11/05/1940,MI,Van_Buren,Dewey,republican,580,1000
11/05/1940,IL,Edgar,Roosevelt,democrat,420,1000
11/05/1940,IL,Edgar,Dewey,republican,580,1000
11/05/1940,IL,Hancock,Roosevelt,democrat,510,1000
11/05/1940,IL,Hancock,Dewey,republican,490,1000
11/05/1940,MN,Big_Stone,Roosevelt,democrat,530,1000
11/05/1940,MN,Big_Stone,Dewey,republican,470,1000
11/05/1940,CA,Calaveras,Roosevelt,democrat,510,1000
11/05/1940,CA,Calaveras,Dewey,republican,490,1000
11/05/1940,SC,Orangeburg,Roosevelt,democrat,580,1000
11/05/1940,SC,Orangeburg,Dewey,republican,420,1000
11/05/1940,WY,Teton,Roosevelt,democrat,530,1000
11/05/1940,WY,Teton,Dewey,republican,470,1000
11/05/1940,SC,Pickens,Roosevelt,democrat,530,1000
11/05/1940,SC,Pickens,Dewey,republican,470,1000
11/05/1940,NC,Pitt,Roosevelt,democrat,580,1000
11/05/1940,NC,Pitt,Dewey,republican,420,1000
11/05/1940,TN,Overton,Roosevelt,democrat,580,1000
11/05/1940,TN,Overton,Dewey,republican,420,1000
11/05/1940,MD,Talbot,Roosevelt,democrat,580,1000
11/05/1940,MD,Talbot,Dewey,republican,420,1000
11/05/1940,TN,Polk,Roosevelt,democrat,470,1000
11/05/1940,TN,Polk,Dewey,republican,530,1000
11/05/1940,NC,Rowan,Roosevelt,democrat,497,1000
11/05/1940,NC,Rowan,Dewey,republican,503,1000
11/05/1940,KY,Anderson,Roosevelt,democrat,497,1000
11/05/1940,KY,Anderson,Dewey,republican,503,1000
11/05/1940,NM,Dona_Ana,Roosevelt,democrat,580,1000
11/05/1940,NM,Dona_Ana,Dewey,republican,420,1000
11/05/1940,NJ,Mercer,Roosevelt,democrat,470,1000
11/05/1940,NJ,Mercer,Dewey,republican,530,1000
11/05/1940,ND,McIntosh,Roosevelt,democrat,420,1000
11/05/1940,ND,McIntosh,Dewey,republican,580,1000
11/05/1940,NM,Grant,Roosevelt,democrat,580,1000
11/05/1940,NM,Grant,Dewey,republican,420,1000
11/05/1940,KY,Bell,Roosevelt,democrat,490,1000
11/05/1940,KY,Bell,Dewey,republican,510,1000
11/05/1940,NC,Davidson,Roosevelt,democrat,510,1000
11/05/1940,NC,Davidson,Dewey,republican,490,1000
11/05/1940,ME,Cumberland,Roosevelt,democrat,530,1000
11/05/1940,ME,Cumberland,Dewey,republican,470,1000
11/05/1940,MN,Brown,Roosevelt,democrat,420,1000
11/05/1940,MN,Brown,Dewey,republican,580,1000
11/05/1940,SC,Richland,Roosevelt,democrat,580,1000
11/05/1940,SC,Richland,Dewey,republican,420,1000
11/05/1940,VA,Fluvanna,Roosevelt,democrat,510,1000
11/05/1940,VA,Fluvanna,Dewey,republican,490,1000
11/05/1940,SC,Union,Roosevelt,democrat,530,1000
11/05/1940,SC,Union,Dewey,republican,470,1000
11/05/1940,WY,Sheridan,Roosevelt,democrat,530,1000
11/05/1940,WY,Sheridan,Dewey,republican,470,1000
11/05/1940,VA,Henry,Roosevelt,democrat,497,1000
11/05/1940,VA,Henry,Dewey,republican,503,1000
11/05/1940,KY,Boone,Roosevelt,democrat,420,1000
11/05/1940,KY,Boone,Dewey,republican,580,1000
11/05/1940,MS,Lee,Roosevelt,democrat,580,1000
11/05/1940,MS,Lee,Dewey,republican,420,1000
11/05/1940,IN,Wayne,Roosevelt,democrat,470,1000
11/05/1940,IN,Wayne,Dewey,republican,530,1000
11/05/1940,IL,Lawrence,Roosevelt,democrat,530,1000
11/05/1940,IL,Lawrence,Dewey,republican,470,1000
11/05/1940,LA,Vernon,Roosevelt,democrat,510,1000
11/05/1940,LA,Vernon,Dewey,republican,490,1000
11/05/1940,NE,Lincoln,Roosevelt,democrat,580,1000
11/05/1940,NE,Lincoln,Dewey,republican,420,1000
11/05/1940,MI,Charlevoix,Roosevelt,democrat,580,1000
11/05/1940,MI,Charlevoix,Dewey,republican,420,1000
11/05/1940,WI,Lafayette,Roosevelt,democrat,420,1000
11/05/1940,WI,Lafayette,Dewey,republican,580,1000
11/05/1940,NY,Kings,Roosevelt,democrat,580,1000
11/05/1940,NY,Kings,Dewey,republican,420,1000
11/05/1940,VA,Scott,Roosevelt,democrat,580,1000
11/05/1940,VA,Scott,Dewey,republican,420,1000
11/05/1940,OH,Henry,Roosevelt,democrat,420,1000
11/05/1940,OH,Henry,Dewey,republican,580,1000
11/05/1940,KY,Boyd,Roosevelt,democrat,580,1000
11/05/1940,KY,Boyd,Dewey,republican,420,1000
11/05/1940,OK,Garfield,Roosevelt,democrat,470,1000
11/05/1940,OK,Garfield,Dewey,republican,530,1000
11/05/1940,OK,Kingfisher,Roosevelt,democrat,510,1000
11/05/1940,OK,Kingfisher,Dewey,republican,490,1000
11/05/1940,OK,Noble,Roosevelt,democrat,470,1000
11/05/1940,OK,Noble,Dewey,republican,530,1000
11/05/1940,KY,Breckinridge,Roosevelt,democrat,470,1000
11/05/1940,KY,Breckinridge,Dewey,republican,530,1000
11/05/1940,OR,Morrow,Roosevelt,democrat,420,1000
11/05/1940,OR,Morrow,Dewey,republican,580,1000
11/05/1940,PA,Blair,Roosevelt,democrat,580,1000
11/05/1940,PA,Blair,Dewey,republican,420,1000
11/05/1940,WA,Asotin,Roosevelt,democrat,420,1000
11/05/1940,WA,Asotin,Dewey,republican,580,1000
11/05/1940,OR,Washington,Roosevelt,democrat,420,1000
11/05/1940,OR,Washington,Dewey,republican,580,1000
11/05/1940,WI,Waukesha,Roosevelt,democrat,420,1000
11/05/1940,WI,Waukesha,Dewey,republican,580,1000
11/05/1940,SC,Williamsburg,Roosevelt,democrat,580,1000
11/05/1940,SC,Williamsburg,Dewey,republican,420,1000
11/05/1940,MO,Butler,Roosevelt,democrat,510,1000
11/05/1940,MO,Butler,Dewey,republican,490,1000
11/05/1940,ID,Bonner,Roosevelt,democrat,580,1000
11/05/1940,ID,Bonner,Dewey,republican,420,1000
11/05/1940,IL,Alexander,Roosevelt,democrat,580,1000
11/05/1940,IL,Alexander,Dewey,republican,420,1000
11/05/1940,IN,Gibson,Roosevelt,democrat,580,1000
11/05/1940,IN,Gibson,Dewey,republican,420,1000
11/05/1940,OK,Texas,Roosevelt,democrat,420,1000
11/05/1940,OK,Texas,Dewey,republican,580,1000
11/05/1940,MO,New_Madrid,Roosevelt,democrat,580,1000
11/05/1940,MO,New_Madrid,Dewey,republican,420,1000
11/05/1940,NC,Buncombe,Roosevelt,democrat,470,1000
11/05/1940,NC,Buncombe,Dewey,republican,530,1000
11/05/1940,TX,Fannin,Roosevelt,democrat,580,1000
11/05/1940,TX,Fannin,Dewey,republican,420,1000
11/05/1940,SD,Lincoln,Roosevelt,democrat,510,1000
11/05/1940,SD,Lincoln,Dewey,republican,490,1000
11/05/1940,TN,Obion,Roosevelt,democrat,580,1000
11/05/1940,TN,Obion,Dewey,republican,420,1000
11/05/1940,KY,Ballard,Roosevelt,democrat,580,1000
11/05/1940,KY,Ballard,Dewey,republican,420,1000
11/05/1940,TX,Burnet,Roosevelt,democrat,580,1000
11/05/1940,TX,Burnet,Dewey,republican,420,1000
11/05/1940,OR,Lane,Roosevelt,democrat,490,1000
11/05/1940,OR,Lane,Dewey,republican,510,1000
11/05/1940,MA,Hampden,Roosevelt,democrat,420,1000
11/05/1940,MA,Hampden,Dewey,republican,580,1000
11/05/1940,MO,Carroll,Roosevelt,democrat,420,1000
11/05/1940,MO,Carroll,Dewey,republican,580,1000
11/05/1940,VA,Mecklenburg,Roosevelt,democrat,580,1000
11/05/1940,VA,Mecklenburg,Dewey,republican,420,1000
11/05/1940,WI,Kewaunee,Roosevelt,democrat,420,1000
11/05/1940,WI,Kewaunee,Dewey,republican,580,1000
11/05/1940,TN,Coffee,Roosevelt,democrat,580,1000
11/05/1940,TN,Coffee,Dewey,republican,420,1000
11/05/1940,IA,Jasper,Roosevelt,democrat,420,1000
11/05/1940,IA,Jasper,Dewey,republican,580,1000
11/05/1940,ID,Camas,Roosevelt,democrat,580,1000
11/05/1940,ID,Camas,Dewey,republican,420,1000
11/05/1940,WI,Winnebago,Roosevelt,democrat,420,1000
11/05/1940,WI,Winnebago,Dewey,republican,580,1000
11/05/1940,IN,Warren,Roosevelt,democrat,470,1000
11/05/1940,IN,Warren,Dewey,republican,530,1000
11/05/1940,LA,Beauregard,Roosevelt,democrat,580,1000
11/05/1940,LA,Beauregard,Dewey,republican,420,1000
11/05/1940,MD,St_Mary_s,Roosevelt,democrat,470,1000
11/05/1940,MD,St_Mary_s,Dewey,republican,530,1000
11/05/1940,MS,Prentiss,Roosevelt,democrat,580,1000
11/05/1940,MS,Prentiss,Dewey,republican,420,1000
11/05/1940,MS,Tallahatchie,Roosevelt,democrat,580,1000
11/05/1940,MS,Tallahatchie,Dewey,republican,420,1000
11/05/1940,NJ,Burlington,Roosevelt,democrat,530,1000
11/05/1940,NJ,Burlington,Dewey,republican,470,1000
11/05/1940,MT,Phillips,Roosevelt,democrat,580,1000
11/05/1940,MT,Phillips,Dewey,republican,420,1000
11/05/1940,VT,Addison,Roosevelt,democrat,420,1000
11/05/1940,VT,Addison,Dewey,republican,580,1000
11/05/1940,VT,Bennington,Roosevelt,democrat,420,1000
11/05/1940,VT,Bennington,Dewey,republican,580,1000
11/05/1940,VA,Norfolk,Roosevelt,democrat,580,1000
11/05/1940,VA,Norfolk,Dewey,republican,420,1000
11/05/1940,NC,Northampton,Roosevelt,democrat,580,1000
11/05/1940,NC,Northampton,Dewey,republican,420,1000
11/05/1940,OR,Tillamook,Roosevelt,democrat,470,1000
11/05/1940,OR,Tillamook,Dewey,republican,530,1000
11/05/1940,MT,Custer,Roosevelt,democrat,490,1000
11/05/1940,MT,Custer,Dewey,republican,510,1000
11/05/1940,MT,Silver_Bow,Roosevelt,democrat,580,1000
11/05/1940,MT,Silver_Bow,Dewey,republican,420,1000
11/05/1940,IL,Cass,Roosevelt,democrat,420,1000
11/05/1940,IL,Cass,Dewey,republican,580,1000
11/05/1940,IA,Calhoun,Roosevelt,democrat,420,1000
11/05/1940,IA,Calhoun,Dewey,republican,580,1000
11/05/1940,KS,Barton,Roosevelt,democrat,470,1000
11/05/1940,KS,Barton,Dewey,republican,530,1000
11/05/1940,KS,Wabaunsee,Roosevelt,democrat,420,1000
11/05/1940,KS,Wabaunsee,Dewey,republican,580,1000
11/05/1940,LA,Acadia,Roosevelt,democrat,580,1000
11/05/1940,LA,Acadia,Dewey,republican,420,1000
11/05/1940,MI,Ingham,Roosevelt,democrat,420,1000
11/05/1940,MI,Ingham,Dewey,republican,580,1000
11/05/1940,GA,Monroe,Roosevelt,democrat,580,1000
11/05/1940,GA,Monroe,Dewey,republican,420,1000
11/05/1940,NY,Orleans,Roosevelt,democrat,420,1000
11/05/1940,NY,Orleans,Dewey,republican,580,1000
11/05/1940,NC,Stanly,Roosevelt,democrat,490,1000
11/05/1940,NC,Stanly,Dewey,republican,510,1000
11/05/1940,NY,Allegany,Roosevelt,democrat,420,1000
11/05/1940,NY,Allegany,Dewey,republican,580,1000
11/05/1940,IL,Vermilion,Roosevelt,democrat,503,1000
11/05/1940,IL,Vermilion,Dewey,republican,497,1000
11/05/1940,IL,Jackson,Roosevelt,democrat,580,1000
11/05/1940,IL,Jackson,Dewey,republican,420,1000
11/05/1940,KY,Meade,Roosevelt,democrat,490,1000
11/05/1940,KY,Meade,Dewey,republican,510,1000
11/05/1940,KY,Oldham,Roosevelt,democrat,510,1000
11/05/1940,KY,Oldham,Dewey,republican,490,1000
11/05/1940,WA,Pacific,Roosevelt,democrat,510,1000
11/05/1940,WA,Pacific,Dewey,republican,490,1000
11/05/1940,WI,Grant,Roosevelt,democrat,580,1000
11/05/1940,WI,Grant,Dewey,republican,420,1000
11/05/1940,AR,Conway,Roosevelt,democrat,503,1000
11/05/1940,AR,Conway,Dewey,republican,497,1000
11/05/1940,IL,Jersey,Roosevelt,democrat,530,1000
11/05/1940,IL,Jersey,Dewey,republican,470,1000
11/05/1940,UT,Kane,Roosevelt,democrat,510,1000
11/05/1940,UT,Kane,Dewey,republican,490,1000
11/05/1940,VA,Wise,Roosevelt,democrat,580,1000
11/05/1940,VA,Wise,Dewey,republican,420,1000
11/05/1940,NM,Colfax,Roosevelt,democrat,510,1000
11/05/1940,NM,Colfax,Dewey,republican,490,1000
11/05/1940,NC,Catawba,Roosevelt,democrat,420,1000
11/05/1940,NC,Catawba,Dewey,republican,580,1000
11/05/1940,OH,Clark,Roosevelt,democrat,490,1000
11/05/1940,OH,Clark,Dewey,republican,510,1000
11/05/1940,NE,Custer,Roosevelt,democrat,510,1000
11/05/1940,NE,Custer,Dewey,republican,490,1000
11/05/1940,PA,Luzerne,Roosevelt,democrat,580,1000
11/05/1940,PA,Luzerne,Dewey,republican,420,1000
11/05/1940,PA,Juniata,Roosevelt,democrat,580,1000
11/05/1940,PA,Juniata,Dewey,republican,420,1000
11/05/1940,PA,Schuylkill,Roosevelt,democrat,420,1000
11/05/1940,PA,Schuylkill,Dewey,republican,580,1000
11/05/1940,TN,Roane,Roosevelt,democrat,510,1000
11/05/1940,TN,Roane,Dewey,republican,490,1000
11/05/1940,KY,Rockcastle,Roosevelt,democrat,420,1000
11/05/1940,KY,Rockcastle,Dewey,republican,580,1000
11/05/1940,MD,Calvert,Roosevelt,democrat,470,1000
11/05/1940,MD,Calvert,Dewey,republican,530,1000
11/05/1940,MD,Carroll,Roosevelt,democrat,420,1000
11/05/1940,MD,Carroll,Dewey,republican,580,1000
11/05/1940,MA,Worcester,Roosevelt,democrat,420,1000
11/05/1940,MA,Worcester,Dewey,republican,580,1000
11/05/1940,KY,Pike,Roosevelt,democrat,580,1000
11/05/1940,KY,Pike,Dewey,republican,420,1000
11/05/1940,LA,DeSoto,Roosevelt,democrat,580,1000
11/05/1940,LA,DeSoto,Dewey,republican,420,1000
11/05/1940,MD,Worcester,Roosevelt,democrat,510,1000
11/05/1940,MD,Worcester,Dewey,republican,490,1000
11/05/1940,MI,Antrim,Roosevelt,democrat,470,1000
11/05/1940,MI,Antrim,Dewey,republican,530,1000
11/05/1940,WV,Berkeley,Roosevelt,democrat,580,1000
11/05/1940,WV,Berkeley,Dewey,republican,420,1000
11/05/1940,AR,Hot_Spring,Roosevelt,democrat,580,1000
11/05/1940,AR,Hot_Spring,Dewey,republican,420,1000
11/05/1940,GA,Paulding,Roosevelt,democrat,580,1000
11/05/1940,GA,Paulding,Dewey,republican,420,1000
11/05/1940,IL,Champaign,Roosevelt,democrat,470,1000
11/05/1940,IL,Champaign,Dewey,republican,530,1000
11/05/1940,IL,Woodford,Roosevelt,democrat,497,1000
11/05/1940,IL,Woodford,Dewey,republican,503,1000
11/05/1940,IL,Macoupin,Roosevelt,democrat,530,1000
11/05/1940,IL,Macoupin,Dewey,republican,470,1000
11/05/1940,IL,Perry,Roosevelt,democrat,530,1000
11/05/1940,IL,Perry,Dewey,republican,470,1000
11/05/1940,IA,Hancock,Roosevelt,democrat,530,1000
11/05/1940,IA,Hancock,Dewey,republican,470,1000
11/05/1940,TN,Sequatchie,Roosevelt,democrat,580,1000
11/05/1940,TN,Sequatchie,Dewey,republican,420,1000
11/05/1940,TX,Liberty,Roosevelt,democrat,580,1000
11/05/1940,TX,Liberty,Dewey,republican,420,1000
11/05/1940,TX,Duval,Roosevelt,democrat,580,1000
11/05/1940,TX,Duval,Dewey,republican,420,1000
11/05/1940,TX,Garza,Roosevelt,democrat,490,1000
11/05/1940,TX,Garza,Dewey,republican,510,1000
11/05/1940,TX,Bee,Roosevelt,democrat,580,1000
11/05/1940,TX,Bee,Dewey,republican,420,1000
11/05/1940,UT,Weber,Roosevelt,democrat,510,1000
11/05/1940,UT,Weber,Dewey,republican,490,1000
11/05/1940,VA,Prince_Edward,Roosevelt,democrat,580,1000
11/05/1940,VA,Prince_Edward,Dewey,republican,420,1000
11/05/1940,WI,Outagamie,Roosevelt,democrat,420,1000
11/05/1940,WI,Outagamie,Dewey,republican,580,1000
11/05/1940,WI,Portage,Roosevelt,democrat,470,1000
11/05/1940,WI,Portage,Dewey,republican,530,1000
11/05/1940,MN,Wilkin,Roosevelt,democrat,503,1000
11/05/1940,MN,Wilkin,Dewey,republican,497,1000
11/05/1940,MS,Simpson,Roosevelt,democrat,580,1000
11/05/1940,MS,Simpson,Dewey,republican,420,1000
11/05/1940,MS,Attala,Roosevelt,democrat,580,1000
11/05/1940,MS,Attala,Dewey,republican,420,1000
11/05/1940,MS,Leake,Roosevelt,democrat,580,1000
11/05/1940,MS,Leake,Dewey,republican,420,1000
11/05/1940,MS,Monroe,Roosevelt,democrat,580,1000
11/05/1940,MS,Monroe,Dewey,republican,420,1000
11/05/1940,MS,Copiah,Roosevelt,democrat,580,1000
11/05/1940,MS,Copiah,Dewey,republican,420,1000
11/05/1940,MN,Cass,Roosevelt,democrat,470,1000
11/05/1940,MN,Cass,Dewey,republican,530,1000
11/05/1940,NE,Cass,Roosevelt,democrat,420,1000
11/05/1940,NE,Cass,Dewey,republican,580,1000
11/05/1940,MN,Carver,Roosevelt,democrat,420,1000
11/05/1940,MN,Carver,Dewey,republican,580,1000
11/05/1940,NC,Union,Roosevelt,democrat,470,1000
11/05/1940,NC,Union,Dewey,republican,530,1000
11/05/1940,KY,Grayson,Roosevelt,democrat,470,1000
11/05/1940,KY,Grayson,Dewey,republican,530,1000
11/05/1940,KY,Fayette,Roosevelt,democrat,470,1000
11/05/1940,KY,Fayette,Dewey,republican,530,1000
11/05/1940,MI,Lapeer,Roosevelt,democrat,420,1000
11/05/1940,MI,Lapeer,Dewey,republican,580,1000
11/05/1940,MO,Audrain,Roosevelt,democrat,530,1000
11/05/1940,MO,Audrain,Dewey,republican,470,1000
11/05/1940,GA,Greene,Roosevelt,democrat,580,1000
11/05/1940,GA,Greene,Dewey,republican,420,1000
11/05/1940,NY,Seneca,Roosevelt,democrat,420,1000
11/05/1940,NY,Seneca,Dewey,republican,580,1000
11/05/1940,NC,Wake,Roosevelt,democrat,530,1000
11/05/1940,NC,Wake,Dewey,republican,470,1000
11/05/1940,OH,Coshocton,Roosevelt,democrat,580,1000
11/05/1940,OH,Coshocton,Dewey,republican,420,1000
11/05/1940,CA,San_Benito,Roosevelt,democrat,503,1000
11/05/1940,CA,San_Benito,Dewey,republican,497,1000
11/05/1940,FL,Marion,Roosevelt,democrat,580,1000
11/05/1940,FL,Marion,Dewey,republican,420,1000
11/05/1940,GA,Gilmer,Roosevelt,democrat,530,1000
11/05/1940,GA,Gilmer,Dewey,republican,470,1000
11/05/1940,ID,Lewis,Roosevelt,democrat,580,1000
11/05/1940,ID,Lewis,Dewey,republican,420,1000
11/05/1940,IL,Lee,Roosevelt,democrat,510,1000
11/05/1940,IL,Lee,Dewey,republican,490,1000
11/05/1940,IL,Clark,Roosevelt,democrat,420,1000
11/05/1940,IL,Clark,Dewey,republican,580,1000
11/05/1940,NJ,Camden,Roosevelt,democrat,530,1000
11/05/1940,NJ,Camden,Dewey,republican,470,1000
11/05/1940,NC,Haywood,Roosevelt,democrat,420,1000
11/05/1940,NC,Haywood,Dewey,republican,580,1000
11/05/1940,PA,Philadelphia,Roosevelt,democrat,580,1000
11/05/1940,PA,Philadelphia,Dewey,republican,420,1000
11/05/1940,NV,Lander,Roosevelt,democrat,530,1000
11/05/1940,NV,Lander,Dewey,republican,470,1000
11/05/1940,OK,Choctaw,Roosevelt,democrat,580,1000
11/05/1940,OK,Choctaw,Dewey,republican,420,1000
11/05/1940,PA,Tioga,Roosevelt,democrat,420,1000
11/05/1940,PA,Tioga,Dewey,republican,580,1000
11/05/1940,NM,Cibola,Roosevelt,democrat,470,1000
11/05/1940,NM,Cibola,Dewey,republican,530,1000
11/05/1940,VA,Poquoson,Roosevelt,democrat,530,1000
11/05/1940,VA,Poquoson,Dewey,republican,470,1000
11/05/1940,OK,Payne,Roosevelt,democrat,580,1000
11/05/1940,OK,Payne,Dewey,republican,420,1000
11/05/1940,PA,Cumberland,Roosevelt,democrat,580,1000
11/05/1940,PA,Cumberland,Dewey,republican,420,1000
11/05/1940,PA,Cambria,Roosevelt,democrat,580,1000
11/05/1940,PA,Cambria,Dewey,republican,420,1000
11/05/1940,TN,Carroll,Roosevelt,democrat,503,1000
11/05/1940,TN,Carroll,Dewey,republican,497,1000
11/05/1940,TX,Bastrop,Roosevelt,democrat,580,1000
11/05/1940,TX,Bastrop,Dewey,republican,420,1000
11/05/1940,TX,Mitchell,Roosevelt,democrat,470,1000
11/05/1940,TX,Mitchell,Dewey,republican,530,1000
11/05/1940,TX,Anderson,Roosevelt,democrat,580,1000
11/05/1940,TX,Anderson,Dewey,republican,420,1000
11/05/1940,VA,Manassas,Roosevelt,democrat,510,1000
11/05/1940,VA,Manassas,Dewey,republican,490,1000
11/05/1940,IN,Pike,Roosevelt,democrat,530,1000
11/05/1940,IN,Pike,Dewey,republican,470,1000
11/05/1940,CO,Gilpin,Roosevelt,democrat,490,1000
11/05/1940,CO,Gilpin,Dewey,republican,510,1000
11/05/1940,KY,Taylor,Roosevelt,democrat,420,1000
11/05/1940,KY,Taylor,Dewey,republican,580,1000
11/05/1940,KY,Hart,Roosevelt,democrat,420,1000
11/05/1940,KY,Hart,Dewey,republican,580,1000
11/05/1940,LA,Evangeline,Roosevelt,democrat,530,1000
11/05/1940,LA,Evangeline,Dewey,republican,470,1000
11/05/1940,LA,Jefferson_Davis,Roosevelt,democrat,580,1000
11/05/1940,LA,Jefferson_Davis,Dewey,republican,420,1000
11/05/1940,GA,Putnam,Roosevelt,democrat,580,1000
11/05/1940,GA,Putnam,Dewey,republican,420,1000
11/05/1940,GA,Banks,Roosevelt,democrat,530,1000
11/05/1940,GA,Banks,Dewey,republican,470,1000
11/05/1940,MT,Yellowstone,Roosevelt,democrat,420,1000
11/05/1940,MT,Yellowstone,Dewey,republican,580,1000
11/05/1940,MO,Dunklin,Roosevelt,democrat,530,1000
11/05/1940,MO,Dunklin,Dewey,republican,470,1000
11/05/1940,TX,Bowie,Roosevelt,democrat,580,1000
11/05/1940,TX,Bowie,Dewey,republican,420,1000
11/05/1940,VA,Bristol,Roosevelt,democrat,580,1000
11/05/1940,VA,Bristol,Dewey,republican,420,1000
11/05/1940,WV,Brooke,Roosevelt,democrat,580,1000
11/05/1940,WV,Brooke,Dewey,republican,420,1000
11/05/1940,CA,Kern,Roosevelt,democrat,470,1000
11/05/1940,CA,Kern,Dewey,republican,530,1000
11/05/1940,CO,Clear_Creek,Roosevelt,democrat,510,1000
11/05/1940,CO,Clear_Creek,Dewey,republican,490,1000
11/05/1940,GA,Jackson,Roosevelt,democrat,580,1000
11/05/1940,GA,Jackson,Dewey,republican,420,1000
11/05/1940,GA,Gordon,Roosevelt,democrat,420,1000
11/05/1940,GA,Gordon,Dewey,republican,580,1000
11/05/1940,IL,Logan,Roosevelt,democrat,420,1000
11/05/1940,IL,Logan,Dewey,republican,580,1000
11/05/1940,IN,Jennings,Roosevelt,democrat,580,1000
11/05/1940,IN,Jennings,Dewey,republican,420,1000
11/05/1940,VA,Shenandoah,Roosevelt,democrat,420,1000
11/05/1940,VA,Shenandoah,Dewey,republican,580,1000
11/05/1940,WI,Fond_du_Lac,Roosevelt,democrat,420,1000
11/05/1940,WI,Fond_du_Lac,Dewey,republican,580,1000
11/05/1940,GA,Treutlen,Roosevelt,democrat,580,1000
11/05/1940,GA,Treutlen,Dewey,republican,420,1000
11/05/1940,NC,Wilson,Roosevelt,democrat,580,1000
11/05/1940,NC,Wilson,Dewey,republican,420,1000
11/05/1940,OH,Butler,Roosevelt,democrat,420,1000
11/05/1940,OH,Butler,Dewey,republican,580,1000
11/05/1940,OH,Marion,Roosevelt,democrat,420,1000
11/05/1940,OH,Marion,Dewey,republican,580,1000
11/05/1940,NE,Nance,Roosevelt,democrat,420,1000
11/05/1940,NE,Nance,Dewey,republican,580,1000
11/05/1940,PA,Westmoreland,Roosevelt,democrat,580,1000
11/05/1940,PA,Westmoreland,Dewey,republican,420,1000
11/05/1940,AL,Etowah,Roosevelt,democrat,580,1000
11/05/1940,AL,Etowah,Dewey,republican,420,1000
11/05/1940,WY,Laramie,Roosevelt,democrat,580,1000
11/05/1940,WY,Laramie,Dewey,republican,420,1000
11/05/1940,AL,Blount,Roosevelt,democrat,580,1000
11/05/1940,AL,Blount,Dewey,republican,420,1000
11/05/1940,AR,Montgomery,Roosevelt,democrat,530,1000
11/05/1940,AR,Montgomery,Dewey,republican,470,1000
11/05/1940,CO,Lake,Roosevelt,democrat,470,1000
11/05/1940,CO,Lake,Dewey,republican,530,1000
11/05/1940,IL,Mercer,Roosevelt,democrat,580,1000
11/05/1940,IL,Mercer,Dewey,republican,420,1000
11/05/1940,IA,Palo_Alto,Roosevelt,democrat,420,1000
11/05/1940,IA,Palo_Alto,Dewey,republican,580,1000
11/05/1940,IA,Fayette,Roosevelt,democrat,510,1000
11/05/1940,IA,Fayette,Dewey,republican,490,1000
11/05/1940,IN,Johnson,Roosevelt,democrat,420,1000
11/05/1940,IN,Johnson,Dewey,republican,580,1000
11/05/1940,KY,Carter,Roosevelt,democrat,580,1000
11/05/1940,KY,Carter,Dewey,republican,420,1000
11/05/1940,KY,Casey,Roosevelt,democrat,420,1000
11/05/1940,KY,Casey,Dewey,republican,580,1000
11/05/1940,LA,East_Baton_Rouge,Roosevelt,democrat,470,1000
11/05/1940,LA,East_Baton_Rouge,Dewey,republican,530,1000
11/05/1940,MO,Madison,Roosevelt,democrat,580,1000
11/05/1940,MO,Madison,Dewey,republican,420,1000
11/05/1940,GA,Dooly,Roosevelt,democrat,580,1000
11/05/1940,GA,Dooly,Dewey,republican,420,1000
11/05/1940,MO,Gasconade,Roosevelt,democrat,580,1000
11/05/1940,MO,Gasconade,Dewey,republican,420,1000
11/05/1940,MO,Wayne,Roosevelt,democrat,530,1000
11/05/1940,MO,Wayne,Dewey,republican,470,1000
11/05/1940,SD,Jones,Roosevelt,democrat,420,1000
11/05/1940,SD,Jones,Dewey,republican,580,1000
11/05/1940,TX,Hudspeth,Roosevelt,democrat,580,1000
11/05/1940,TX,Hudspeth,Dewey,republican,420,1000
11/05/1940,TX,Edwards,Roosevelt,democrat,580,1000
11/05/1940,TX,Edwards,Dewey,republican,420,1000
11/05/1940,TX,Floyd,Roosevelt,democrat,510,1000
11/05/1940,TX,Floyd,Dewey,republican,490,1000
11/05/1940,TN,Maury,Roosevelt,democrat,580,1000
11/05/1940,TN,Maury,Dewey,republican,420,1000
11/05/1940,TN,Houston,Roosevelt,democrat,580,1000
11/05/1940,TN,Houston,Dewey,republican,420,1000
11/05/1940,TX,Parker,Roosevelt,democrat,530,1000
11/05/1940,TX,Parker,Dewey,republican,470,1000
11/05/1940,KY,Menifee,Roosevelt,democrat,497,1000
11/05/1940,KY,Menifee,Dewey,republican,503,1000
11/05/1940,TX,Jones,Roosevelt,democrat,580,1000
11/05/1940,TX,Jones,Dewey,republican,420,1000
11/05/1940,UT,Wayne,Roosevelt,democrat,580,1000
11/05/1940,UT,Wayne,Dewey,republican,420,1000
11/05/1940,IA,Keokuk,Roosevelt,democrat,470,1000
11/05/1940,IA,Keokuk,Dewey,republican,530,1000
11/05/1940,KY,Harrison,Roosevelt,democrat,530,1000
11/05/1940,KY,Harrison,Dewey,republican,470,1000
11/05/1940,KY,Woodford,Roosevelt,democrat,420,1000
11/05/1940,KY,Woodford,Dewey,republican,580,1000
11/05/1940,KY,Mercer,Roosevelt,democrat,470,1000
11/05/1940,KY,Mercer,Dewey,republican,530,1000
11/05/1940,MN,Rice,Roosevelt,democrat,420,1000
11/05/1940,MN,Rice,Dewey,republican,580,1000
11/05/1940,NM,Quay,Roosevelt,democrat,580,1000
11/05/1940,NM,Quay,Dewey,republican,420,1000
11/05/1940,NM,Hidalgo,Roosevelt,democrat,580,1000
11/05/1940,NM,Hidalgo,Dewey,republican,420,1000
11/05/1940,NY,Montgomery,Roosevelt,democrat,420,1000
11/05/1940,NY,Montgomery,Dewey,republican,580,1000
11/05/1940,NY,Genesee,Roosevelt,democrat,420,1000
11/05/1940,NY,Genesee,Dewey,republican,580,1000
11/05/1940,ID,Power,Roosevelt,democrat,530,1000
11/05/1940,ID,Power,Dewey,republican,470,1000
11/05/1940,OH,Licking,Roosevelt,democrat,420,1000
11/05/1940,OH,Licking,Dewey,republican,580,1000
11/05/1940,OK,Woods,Roosevelt,democrat,530,1000
11/05/1940,OK,Woods,Dewey,republican,470,1000
11/05/1940,OK,Pontotoc,Roosevelt,democrat,580,1000
11/05/1940,OK,Pontotoc,Dewey,republican,420,1000
11/05/1940,PA,Union,Roosevelt,democrat,420,1000
11/05/1940,PA,Union,Dewey,republican,580,1000
11/05/1940,SC,Lexington,Roosevelt,democrat,580,1000
11/05/1940,SC,Lexington,Dewey,republican,420,1000
11/05/1940,TN,Warren,Roosevelt,democrat,580,1000
11/05/1940,TN,Warren,Dewey,republican,420,1000
11/05/1940,VA,Rappahannock,Roosevelt,democrat,497,1000
11/05/1940,VA,Rappahannock,Dewey,republican,503,1000
11/05/1940,NE,Thomas,Roosevelt,democrat,530,1000
11/05/1940,NE,Thomas,Dewey,republican,470,1000
11/05/1940,TX,Sterling,Roosevelt,democrat,580,1000
11/05/1940,TX,Sterling,Dewey,republican,420,1000
11/05/1940,AL,Cherokee,Roosevelt,democrat,580,1000
11/05/1940,AL,Cherokee,Dewey,republican,420,1000
11/05/1940,AL,Washington,Roosevelt,democrat,580,1000
11/05/1940,AL,Washington,Dewey,republican,420,1000
11/05/1940,CA,Sonoma,Roosevelt,democrat,580,1000
11/05/1940,CA,Sonoma,Dewey,republican,420,1000
11/05/1940,WV,Greenbrier,Roosevelt,democrat,580,1000
11/05/1940,WV,Greenbrier,Dewey,republican,420,1000
11/05/1940,OK,Kiowa,Roosevelt,democrat,580,1000
11/05/1940,OK,Kiowa,Dewey,republican,420,1000
11/05/1940,TN,Van_Buren,Roosevelt,democrat,580,1000
11/05/1940,TN,Van_Buren,Dewey,republican,420,1000
11/05/1940,NC,Madison,Roosevelt,democrat,420,1000
11/05/1940,NC,Madison,Dewey,republican,580,1000
11/05/1940,OH,Logan,Roosevelt,democrat,420,1000
11/05/1940,OH,Logan,Dewey,republican,580,1000
11/05/1940,OH,Richland,Roosevelt,democrat,420,1000
11/05/1940,OH,Richland,Dewey,republican,580,1000
11/05/1940,OK,Canadian,Roosevelt,democrat,580,1000
11/05/1940,OK,Canadian,Dewey,republican,420,1000
11/05/1940,TN,Jefferson,Roosevelt,democrat,420,1000
11/05/1940,TN,Jefferson,Dewey,republican,580,1000
11/05/1940,TN,White,Roosevelt,democrat,580,1000
11/05/1940,TN,White,Dewey,republican,420,1000
11/05/1940,TN,Marshall,Roosevelt,democrat,580,1000
11/05/1940,TN,Marshall,Dewey,republican,420,1000
11/05/1940,TX,Kaufman,Roosevelt,democrat,530,1000
11/05/1940,TX,Kaufman,Dewey,republican,470,1000
11/05/1940,WV,Lincoln,Roosevelt,democrat,580,1000
11/05/1940,WV,Lincoln,Dewey,republican,420,1000
11/05/1940,WI,Vernon,Roosevelt,democrat,580,1000
11/05/1940,WI,Vernon,Dewey,republican,420,1000
11/05/1940,CA,Monterey,Roosevelt,democrat,580,1000
11/05/1940,CA,Monterey,Dewey,republican,420,1000
11/05/1940,FL,Duval,Roosevelt,democrat,420,1000
11/05/1940,FL,Duval,Dewey,republican,580,1000
11/05/1940,VA,Highland,Roosevelt,democrat,580,1000
11/05/1940,VA,Highland,Dewey,republican,420,1000
11/05/1940,NE,Keya_Paha,Roosevelt,democrat,580,1000
11/05/1940,NE,Keya_Paha,Dewey,republican,420,1000
11/05/1940,AL,DeKalb,Roosevelt,democrat,580,1000
11/05/1940,AL,DeKalb,Dewey,republican,420,1000
11/05/1940,AL,Jackson,Roosevelt,democrat,580,1000
11/05/1940,AL,Jackson,Dewey,republican,420,1000
11/05/1940,AZ,Navajo,Roosevelt,democrat,420,1000
11/05/1940,AZ,Navajo,Dewey,republican,580,1000
11/05/1940,OR,Josephine,Roosevelt,democrat,490,1000
11/05/1940,OR,Josephine,Dewey,republican,510,1000
11/05/1940,SC,Marion,Roosevelt,democrat,580,1000
11/05/1940,SC,Marion,Dewey,republican,420,1000
11/05/1940,TN,Stewart,Roosevelt,democrat,580,1000
11/05/1940,TN,Stewart,Dewey,republican,420,1000
11/05/1940,TX,Wood,Roosevelt,democrat,580,1000
11/05/1940,TX,Wood,Dewey,republican,420,1000
11/05/1940,TX,Willacy,Roosevelt,democrat,580,1000
11/05/1940,TX,Willacy,Dewey,republican,420,1000
11/05/1940,SD,Roberts,Roosevelt,democrat,580,1000
11/05/1940,SD,Roberts,Dewey,republican,420,1000
11/05/1940,TN,Clay,Roosevelt,democrat,580,1000
11/05/1940,TN,Clay,Dewey,republican,420,1000
11/05/1940,TX,Sabine,Roosevelt,democrat,580,1000
11/05/1940,TX,Sabine,Dewey,republican,420,1000
11/05/1940,VA,Halifax,Roosevelt,democrat,580,1000
11/05/1940,VA,Halifax,Dewey,republican,420,1000
11/05/1940,GA,McIntosh,Roosevelt,democrat,580,1000
11/05/1940,GA,McIntosh,Dewey,republican,420,1000
11/05/1940,ID,Bear_Lake,Roosevelt,democrat,530,1000
11/05/1940,ID,Bear_Lake,Dewey,republican,470,1000
11/05/1940,IA,Clinton,Roosevelt,democrat,580,1000
11/05/1940,IA,Clinton,Dewey,republican,420,1000
11/05/1940,IA,Page,Roosevelt,democrat,420,1000
11/05/1940,IA,Page,Dewey,republican,580,1000
11/05/1940,KS,Linn,Roosevelt,democrat,580,1000
11/05/1940,KS,Linn,Dewey,republican,420,1000
11/05/1940,KY,Crittenden,Roosevelt,democrat,510,1000
11/05/1940,KY,Crittenden,Dewey,republican,490,1000
11/05/1940,FL,Jefferson,Roosevelt,democrat,580,1000
11/05/1940,FL,Jefferson,Dewey,republican,420,1000
11/05/1940,GA,Brooks,Roosevelt,democrat,580,1000
11/05/1940,GA,Brooks,Dewey,republican,420,1000
11/05/1940,GA,Gwinnett,Roosevelt,democrat,530,1000
11/05/1940,GA,Gwinnett,Dewey,republican,470,1000
11/05/1940,TX,Wharton,Roosevelt,democrat,420,1000
11/05/1940,TX,Wharton,Dewey,republican,580,1000
11/05/1940,VA,Brunswick,Roosevelt,democrat,580,1000
11/05/1940,VA,Brunswick,Dewey,republican,420,1000
11/05/1940,WV,Logan,Roosevelt,democrat,580,1000
11/05/1940,WV,Logan,Dewey,republican,420,1000
11/05/1940,WI,Trempealeau,Roosevelt,democrat,530,1000
11/05/1940,WI,Trempealeau,Dewey,republican,470,1000
11/05/1940,ND,Adams,Roosevelt,democrat,420,1000
11/05/1940,ND,Adams,Dewey,republican,580,1000
11/05/1940,TN,Henderson,Roosevelt,democrat,490,1000
11/05/1940,TN,Henderson,Dewey,republican,510,1000
11/05/1940,VA,New_Kent,Roosevelt,democrat,420,1000
11/05/1940,VA,New_Kent,Dewey,republican,580,1000
11/05/1940,NE,Deuel,Roosevelt,democrat,580,1000
11/05/1940,NE,Deuel,Dewey,republican,420,1000
11/05/1940,AL,Choctaw,Roosevelt,democrat,580,1000
11/05/1940,AL,Choctaw,Dewey,republican,420,1000
11/05/1940,AR,Boone,Roosevelt,democrat,497,1000
11/05/1940,AR,Boone,Dewey,republican,503,1000
11/05/1940,CA,Contra_Costa,Roosevelt,democrat,580,1000
11/05/1940,CA,Contra_Costa,Dewey,republican,420,1000
11/05/1940,LA,Morehouse,Roosevelt,democrat,510,1000
11/05/1940,LA,Morehouse,Dewey,republican,490,1000
11/05/1940,ME,Waldo,Roosevelt,democrat,420,1000
11/05/1940,ME,Waldo,Dewey,republican,580,1000
11/05/1940,MI,Macomb,Roosevelt,democrat,420,1000
11/05/1940,MI,Macomb,Dewey,republican,580,1000
11/05/1940,MT,Mineral,Roosevelt,democrat,420,1000
11/05/1940,MT,Mineral,Dewey,republican,580,1000
11/05/1940,OK,Creek,Roosevelt,democrat,530,1000
11/05/1940,OK,Creek,Dewey,republican,470,1000
11/05/1940,OK,Custer,Roosevelt,democrat,580,1000
11/05/1940,OK,Custer,Dewey,republican,420,1000
11/05/1940,KS,Pratt,Roosevelt,democrat,510,1000
11/05/1940,KS,Pratt,Dewey,republican,490,1000
11/05/1940,SC,Laurens,Roosevelt,democrat,580,1000
11/05/1940,SC,Laurens,Dewey,republican,420,1000
11/05/1940,TN,Cheatham,Roosevelt,democrat,490,1000
11/05/1940,TN,Cheatham,Dewey,republican,510,1000
11/05/1940,TX,Clay,Roosevelt,democrat,580,1000
11/05/1940,TX,Clay,Dewey,republican,420,1000
11/05/1940,VA,King_and_Queen,Roosevelt,democrat,580,1000
11/05/1940,VA,King_and_Queen,Dewey,republican,420,1000
11/05/1940,NE,Harlan,Roosevelt,democrat,530,1000
11/05/1940,NE,Harlan,Dewey,republican,470,1000
11/05/1940,NE,Blaine,Roosevelt,democrat,470,1000
11/05/1940,NE,Blaine,Dewey,republican,530,1000
11/05/1940,AZ,Greenlee,Roosevelt,democrat,420,1000
11/05/1940,AZ,Greenlee,Dewey,republican,580,1000
11/05/1940,CA,Imperial,Roosevelt,democrat,470,1000
11/05/1940,CA,Imperial,Dewey,republican,530,1000
11/05/1940,FL,St_Johns,Roosevelt,democrat,510,1000
11/05/1940,FL,St_Johns,Dewey,republican,490,1000
11/05/1940,GA,Carroll,Roosevelt,democrat,580,1000
11/05/1940,GA,Carroll,Dewey,republican,420,1000
11/05/1940,MS,Adams,Roosevelt,democrat,580,1000
11/05/1940,MS,Adams,Dewey,republican,420,1000
11/05/1940,MN,Scott,Roosevelt,democrat,420,1000
11/05/1940,MN,Scott,Dewey,republican,580,1000
11/05/1940,NE,Douglas,Roosevelt,democrat,530,1000
11/05/1940,NE,Douglas,Dewey,republican,470,1000
11/05/1940,TX,Milam,Roosevelt,democrat,580,1000
11/05/1940,TX,Milam,Dewey,republican,420,1000
11/05/1940,LA,LaSalle,Roosevelt,democrat,490,1000
11/05/1940,LA,LaSalle,Dewey,republican,510,1000
11/05/1940,TX,Young,Roosevelt,democrat,580,1000
11/05/1940,TX,Young,Dewey,republican,420,1000
11/05/1940,VA,Bedford,Roosevelt,democrat,530,1000
11/05/1940,VA,Bedford,Dewey,republican,470,1000
11/05/1940,WV,Harrison,Roosevelt,democrat,580,1000
11/05/1940,WV,Harrison,Dewey,republican,420,1000
11/05/1940,WI,Walworth,Roosevelt,democrat,420,1000
11/05/1940,WI,Walworth,Dewey,republican,580,1000
11/05/1940,WY,Washakie,Roosevelt,democrat,530,1000
11/05/1940,WY,Washakie,Dewey,republican,470,1000
11/05/1940,AR,Mississippi,Roosevelt,democrat,580,1000
11/05/1940,AR,Mississippi,Dewey,republican,420,1000
11/05/1940,AR,Clay,Roosevelt,democrat,580,1000
11/05/1940,AR,Clay,Dewey,republican,420,1000
11/05/1940,CA,Orange,Roosevelt,democrat,420,1000
11/05/1940,CA,Orange,Dewey,republican,580,1000
11/05/1940,IN,Posey,Roosevelt,democrat,580,1000
11/05/1940,IN,Posey,Dewey,republican,420,1000
11/05/1940,IN,Jay,Roosevelt,democrat,420,1000
11/05/1940,IN,Jay,Dewey,republican,580,1000
11/05/1940,IA,Mitchell,Roosevelt,democrat,490,1000
11/05/1940,IA,Mitchell,Dewey,republican,510,1000
11/05/1940,KS,Smith,Roosevelt,democrat,530,1000
11/05/1940,KS,Smith,Dewey,republican,470,1000
11/05/1940,NH,Cheshire,Roosevelt,democrat,420,1000
11/05/1940,NH,Cheshire,Dewey,republican,580,1000
11/05/1940,OH,Erie,Roosevelt,democrat,420,1000
11/05/1940,OH,Erie,Dewey,republican,580,1000
11/05/1940,OR,Columbia,Roosevelt,democrat,470,1000
11/05/1940,OR,Columbia,Dewey,republican,530,1000
11/05/1940,PA,Washington,Roosevelt,democrat,580,1000
11/05/1940,PA,Washington,Dewey,republican,420,1000
11/05/1940,NY,Chenango,Roosevelt,democrat,420,1000
11/05/1940,NY,Chenango,Dewey,republican,580,1000
11/05/1940,PA,Perry,Roosevelt,democrat,580,1000
11/05/1940,PA,Perry,Dewey,republican,420,1000
11/05/1940,SD,Tripp,Roosevelt,democrat,420,1000
11/05/1940,SD,Tripp,Dewey,republican,580,1000
11/05/1940,VA,Charlotte,Roosevelt,democrat,580,1000
11/05/1940,VA,Charlotte,Dewey,republican,420,1000
11/05/1940,NE,Gosper,Roosevelt,democrat,530,1000
11/05/1940,NE,Gosper,Dewey,republican,470,1000
11/05/1940,FL,Miami-Dade,Roosevelt,democrat,470,1000
11/05/1940,FL,Miami-Dade,Dewey,republican,530,1000
11/05/1940,FL,Gulf,Roosevelt,democrat,580,1000
11/05/1940,FL,Gulf,Dewey,republican,420,1000
11/05/1940,FL,Dixie,Roosevelt,democrat,580,1000
11/05/1940,FL,Dixie,Dewey,republican,420,1000
11/05/1940,MA,Essex,Roosevelt,democrat,420,1000
11/05/1940,MA,Essex,Dewey,republican,580,1000
11/05/1940,MI,Alger,Roosevelt,democrat,580,1000
11/05/1940,MI,Alger,Dewey,republican,420,1000
11/05/1940,PA,Bedford,Roosevelt,democrat,580,1000
11/05/1940,PA,Bedford,Dewey,republican,420,1000
11/05/1940,SD,Clay,Roosevelt,democrat,530,1000
11/05/1940,SD,Clay,Dewey,republican,470,1000
11/05/1940,TX,El_Paso,Roosevelt,democrat,580,1000
11/05/1940,TX,El_Paso,Dewey,republican,420,1000
11/05/1940,VA,Hampton,Roosevelt,democrat,580,1000
11/05/1940,VA,Hampton,Dewey,republican,420,1000
11/05/1940,AR,Benton,Roosevelt,democrat,420,1000
11/05/1940,AR,Benton,Dewey,republican,580,1000
11/05/1940,AR,Ashley,Roosevelt,democrat,580,1000
11/05/1940,AR,Ashley,Dewey,republican,420,1000
11/05/1940,CA,Mono,Roosevelt,democrat,490,1000
11/05/1940,CA,Mono,Dewey,republican,510,1000
11/05/1940,CA,Madera,Roosevelt,democrat,530,1000
11/05/1940,CA,Madera,Dewey,republican,470,1000
11/05/1940,GA,Screven,Roosevelt,democrat,580,1000
11/05/1940,GA,Screven,Dewey,republican,420,1000
11/05/1940,GA,Burke,Roosevelt,democrat,580,1000
11/05/1940,GA,Burke,Dewey,republican,420,1000
11/05/1940,IL,McHenry,Roosevelt,democrat,420,1000
11/05/1940,IL,McHenry,Dewey,republican,580,1000
11/05/1940,IA,Kossuth,Roosevelt,democrat,580,1000
11/05/1940,IA,Kossuth,Dewey,republican,420,1000
11/05/1940,MN,Lake,Roosevelt,democrat,530,1000
11/05/1940,MN,Lake,Dewey,republican,470,1000
11/05/1940,MS,Claiborne,Roosevelt,democrat,580,1000
11/05/1940,MS,Claiborne,Dewey,republican,420,1000
11/05/1940,MS,Lamar,Roosevelt,democrat,580,1000
11/05/1940,MS,Lamar,Dewey,republican,420,1000
11/05/1940,NE,Otoe,Roosevelt,democrat,420,1000
11/05/1940,NE,Otoe,Dewey,republican,580,1000
11/05/1940,VA,Westmoreland,Roosevelt,democrat,530,1000
11/05/1940,VA,Westmoreland,Dewey,republican,470,1000
11/05/1940,VA,Prince_William,Roosevelt,democrat,470,1000
11/05/1940,VA,Prince_William,Dewey,republican,530,1000
11/05/1940,AL,Lowndes,Roosevelt,democrat,580,1000
11/05/1940,AL,Lowndes,Dewey,republican,420,1000
11/05/1940,AL,Marshall,Roosevelt,democrat,580,1000
11/05/1940,AL,Marshall,Dewey,republican,420,1000
11/05/1940,AK,Anchorage,Roosevelt,democrat,470,1000
11/05/1940,AK,Anchorage,Dewey,republican,530,1000
11/05/1940,FL,Charlotte,Roosevelt,democrat,530,1000
11/05/1940,FL,Charlotte,Dewey,republican,470,1000
11/05/1940,ID,Kootenai,Roosevelt,democrat,420,1000
11/05/1940,ID,Kootenai,Dewey,republican,580,1000
11/05/1940,IL,Pike,Roosevelt,democrat,530,1000
11/05/1940,IL,Pike,Dewey,republican,470,1000
11/05/1940,IL,Union,Roosevelt,democrat,580,1000
11/05/1940,IL,Union,Dewey,republican,420,1000
11/05/1940,IL,Gallatin,Roosevelt,democrat,530,1000
11/05/1940,IL,Gallatin,Dewey,republican,470,1000
11/05/1940,NC,Craven,Roosevelt,democrat,580,1000
11/05/1940,NC,Craven,Dewey,republican,420,1000
11/05/1940,OH,Trumbull,Roosevelt,democrat,580,1000
11/05/1940,OH,Trumbull,Dewey,republican,420,1000
11/05/1940,PA,Mercer,Roosevelt,democrat,580,1000
11/05/1940,PA,Mercer,Dewey,republican,420,1000
11/05/1940,MT,Deer_Lodge,Roosevelt,democrat,580,1000
11/05/1940,MT,Deer_Lodge,Dewey,republican,420,1000
11/05/1940,NE,Nemaha,Roosevelt,democrat,420,1000
11/05/1940,NE,Nemaha,Dewey,republican,580,1000
11/05/1940,MS,Chickasaw,Roosevelt,democrat,580,1000
11/05/1940,MS,Chickasaw,Dewey,republican,420,1000
11/05/1940,NY,Niagara,Roosevelt,democrat,420,1000
11/05/1940,NY,Niagara,Dewey,republican,580,1000
11/05/1940,NY,Delaware,Roosevelt,democrat,420,1000
11/05/1940,NY,Delaware,Dewey,republican,580,1000
11/05/1940,NC,Mecklenburg,Roosevelt,democrat,580,1000
11/05/1940,NC,Mecklenburg,Dewey,republican,420,1000
11/05/1940,AZ,Pinal,Roosevelt,democrat,420,1000
11/05/1940,AZ,Pinal,Dewey,republican,580,1000
11/05/1940,AR,Lee,Roosevelt,democrat,580,1000
11/05/1940,AR,Lee,Dewey,republican,420,1000
11/05/1940,CO,Douglas,Roosevelt,democrat,530,1000
11/05/1940,CO,Douglas,Dewey,republican,470,1000
11/05/1940,CO,Routt,Roosevelt,democrat,580,1000
11/05/1940,CO,Routt,Dewey,republican,420,1000
11/05/1940,IL,Ogle,Roosevelt,democrat,530,1000
11/05/1940,IL,Ogle,Dewey,republican,470,1000
11/05/1940,IN,Harrison,Roosevelt,democrat,580,1000
11/05/1940,IN,Harrison,Dewey,republican,420,1000
11/05/1940,KY,Jefferson,Roosevelt,democrat,490,1000
11/05/1940,KY,Jefferson,Dewey,republican,510,1000
11/05/1940,LA,Sabine,Roosevelt,democrat,510,1000
11/05/1940,LA,Sabine,Dewey,republican,490,1000
11/05/1940,IA,Carroll,Roosevelt,democrat,420,1000
11/05/1940,IA,Carroll,Dewey,republican,580,1000
11/05/1940,LA,West_Carroll,Roosevelt,democrat,580,1000
11/05/1940,LA,West_Carroll,Dewey,republican,420,1000
11/05/1940,MI,Ottawa,Roosevelt,democrat,420,1000
11/05/1940,MI,Ottawa,Dewey,republican,580,1000
11/05/1940,MI,Alpena,Roosevelt,democrat,530,1000
11/05/1940,MI,Alpena,Dewey,republican,470,1000
11/05/1940,MS,Sharkey,Roosevelt,democrat,580,1000
11/05/1940,MS,Sharkey,Dewey,republican,420,1000
11/05/1940,NY,Erie,Roosevelt,democrat,503,1000
11/05/1940,NY,Erie,Dewey,republican,497,1000
11/05/1940,VA,Dinwiddie,Roosevelt,democrat,580,1000
11/05/1940,VA,Dinwiddie,Dewey,republican,420,1000
11/05/1940,VA,Clarke,Roosevelt,democrat,503,1000
11/05/1940,VA,Clarke,Dewey,republican,497,1000
11/05/1940,NM,Mora,Roosevelt,democrat,530,1000
11/05/1940,NM,Mora,Dewey,republican,470,1000
11/05/1940,MN,Sibley,Roosevelt,democrat,470,1000
11/05/1940,MN,Sibley,Dewey,republican,530,1000
11/05/1940,TN,Grundy,Roosevelt,democrat,580,1000
11/05/1940,TN,Grundy,Dewey,republican,420,1000
11/05/1940,TX,DeWitt,Roosevelt,democrat,580,1000
11/05/1940,TX,DeWitt,Dewey,republican,420,1000
11/05/1940,VA,Northampton,Roosevelt,democrat,580,1000
11/05/1940,VA,Northampton,Dewey,republican,420,1000
11/05/1940,NY,Lewis,Roosevelt,democrat,420,1000
11/05/1940,NY,Lewis,Dewey,republican,580,1000
11/05/1940,CA,Solano,Roosevelt,democrat,580,1000
11/05/1940,CA,Solano,Dewey,republican,420,1000
11/05/1940,NC,Camden,Roosevelt,democrat,580,1000
11/05/1940,NC,Camden,Dewey,republican,420,1000
11/05/1940,NC,Chowan,Roosevelt,democrat,580,1000
11/05/1940,NC,Chowan,Dewey,republican,420,1000
11/05/1940,MN,Traverse,Roosevelt,democrat,530,1000
11/05/1940,MN,Traverse,Dewey,republican,470,1000
11/05/1940,MO,St_Louis_County,Roosevelt,democrat,420,1000
11/05/1940,MO,St_Louis_County,Dewey,republican,580,1000
11/05/1940,MS,Union,Roosevelt,democrat,580,1000
11/05/1940,MS,Union,Dewey,republican,420,1000
11/05/1940,NY,Livingston,Roosevelt,democrat,420,1000
11/05/1940,NY,Livingston,Dewey,republican,580,1000
11/05/1940,OK,Washington,Roosevelt,democrat,470,1000
11/05/1940,OK,Washington,Dewey,republican,530,1000
11/05/1940,NC,Currituck,Roosevelt,democrat,580,1000
11/05/1940,NC,Currituck,Dewey,republican,420,1000
11/05/1940,OK,Le_Flore,Roosevelt,democrat,580,1000
11/05/1940,OK,Le_Flore,Dewey,republican,420,1000
11/05/1940,NE,Knox,Roosevelt,democrat,470,1000
11/05/1940,NE,Knox,Dewey,republican,530,1000
11/05/1940,TX,Zavala,Roosevelt,democrat,580,1000
11/05/1940,TX,Zavala,Dewey,republican,420,1000
11/05/1940,VA,Craig,Roosevelt,democrat,580,1000
11/05/1940,VA,Craig,Dewey,republican,420,1000
11/05/1940,CO,Mineral,Roosevelt,democrat,580,1000
11/05/1940,CO,Mineral,Dewey,republican,420,1000
11/05/1940,TX,Crane,Roosevelt,democrat,580,1000
11/05/1940,TX,Crane,Dewey,republican,420,1000
11/05/1940,TN,Haywood,Roosevelt,democrat,580,1000
11/05/1940,TN,Haywood,Dewey,republican,420,1000
11/05/1940,WV,Preston,Roosevelt,democrat,470,1000
11/05/1940,WV,Preston,Dewey,republican,530,1000
11/05/1940,SD,Haakon,Roosevelt,democrat,420,1000
11/05/1940,SD,Haakon,Dewey,republican,580,1000
11/05/1940,GA,Sumter,Roosevelt,democrat,580,1000
11/05/1940,GA,Sumter,Dewey,republican,420,1000
11/05/1940,CA,Del_Norte,Roosevelt,democrat,497,1000
11/05/1940,CA,Del_Norte,Dewey,republican,503,1000
11/05/1940,NY,Oswego,Roosevelt,democrat,420,1000
11/05/1940,NY,Oswego,Dewey,republican,580,1000
11/05/1940,CA,Yolo,Roosevelt,democrat,530,1000
11/05/1940,CA,Yolo,Dewey,republican,470,1000
11/05/1940,SC,Lancaster,Roosevelt,democrat,580,1000
11/05/1940,SC,Lancaster,Dewey,republican,420,1000
11/05/1940,SD,Harding,Roosevelt,democrat,420,1000
11/05/1940,SD,Harding,Dewey,republican,580,1000
11/05/1940,MO,Franklin,Roosevelt,democrat,510,1000
11/05/1940,MO,Franklin,Dewey,republican,490,1000
11/05/1940,NJ,Union,Roosevelt,democrat,580,1000
11/05/1940,NJ,Union,Dewey,republican,420,1000
11/05/1940,NM,Union,Roosevelt,democrat,580,1000
11/05/1940,NM,Union,Dewey,republican,420,1000
11/05/1940,VT,Caledonia,Roosevelt,democrat,420,1000
11/05/1940,VT,Caledonia,Dewey,republican,580,1000
11/05/1940,WA,Pierce,Roosevelt,democrat,470,1000
11/05/1940,WA,Pierce,Dewey,republican,530,1000
11/05/1940,WI,Rock,Roosevelt,democrat,420,1000
11/05/1940,WI,Rock,Dewey,republican,580,1000
11/05/1940,MI,Allegan,Roosevelt,democrat,420,1000
11/05/1940,MI,Allegan,Dewey,republican,580,1000
11/05/1940,KY,Hancock,Roosevelt,democrat,530,1000
11/05/1940,KY,Hancock,Dewey,republican,470,1000
11/05/1940,ID,Gem,Roosevelt,democrat,530,1000
11/05/1940,ID,Gem,Dewey,republican,470,1000
11/05/1940,NM,McKinley,Roosevelt,democrat,490,1000
11/05/1940,NM,McKinley,Dewey,republican,510,1000
11/05/1940,MD,Baltimore,Roosevelt,democrat,420,1000
11/05/1940,MD,Baltimore,Dewey,republican,580,1000
11/05/1940,LA,Jefferson,Roosevelt,democrat,580,1000
11/05/1940,LA,Jefferson,Dewey,republican,420,1000
11/05/1940,NY,Putnam,Roosevelt,democrat,420,1000
11/05/1940,NY,Putnam,Dewey,republican,580,1000
11/05/1940,TX,Llano,Roosevelt,democrat,530,1000
11/05/1940,TX,Llano,Dewey,republican,470,1000
11/05/1940,VA,Newport_News,Roosevelt,democrat,580,1000
11/05/1940,VA,Newport_News,Dewey,republican,420,1000
11/05/1940,NM,Lea,Roosevelt,democrat,530,1000
11/05/1940,NM,Lea,Dewey,republican,470,1000
11/05/1940,NE,Saline,Roosevelt,democrat,420,1000
11/05/1940,NE,Saline,Dewey,republican,580,1000
11/05/1940,WA,Cowlitz,Roosevelt,democrat,470,1000
11/05/1940,WA,Cowlitz,Dewey,republican,530,1000
11/05/1940,WY,Lincoln,Roosevelt,democrat,580,1000
11/05/1940,WY,Lincoln,Dewey,republican,420,1000
11/05/1940,AR,Hempstead,Roosevelt,democrat,580,1000
11/05/1940,AR,Hempstead,Dewey,republican,420,1000
11/05/1940,GA,Clayton,Roosevelt,democrat,530,1000
11/05/1940,GA,Clayton,Dewey,republican,470,1000
11/05/1940,IL,Greene,Roosevelt,democrat,420,1000
11/05/1940,IL,Greene,Dewey,republican,580,1000
11/05/1940,IN,Morgan,Roosevelt,democrat,420,1000
11/05/1940,IN,Morgan,Dewey,republican,580,1000
11/05/1940,AR,Franklin,Roosevelt,democrat,470,1000
11/05/1940,AR,Franklin,Dewey,republican,530,1000
11/05/1940,ID,Canyon,Roosevelt,democrat,530,1000
11/05/1940,ID,Canyon,Dewey,republican,470,1000
11/05/1940,IL,Williamson,Roosevelt,democrat,530,1000
11/05/1940,IL,Williamson,Dewey,republican,470,1000
11/05/1940,IA,Wright,Roosevelt,democrat,420,1000
11/05/1940,IA,Wright,Dewey,republican,580,1000
11/05/1940,IA,Henry,Roosevelt,democrat,580,1000
11/05/1940,IA,Henry,Dewey,republican,420,1000
11/05/1940,CO,Saguache,Roosevelt,democrat,580,1000
11/05/1940,CO,Saguache,Dewey,republican,420,1000
11/05/1940,KY,Henry,Roosevelt,democrat,580,1000
11/05/1940,KY,Henry,Dewey,republican,420,1000
11/05/1940,OH,Brown,Roosevelt,democrat,530,1000
11/05/1940,OH,Brown,Dewey,republican,470,1000
11/05/1940,GA,Ware,Roosevelt,democrat,420,1000
11/05/1940,GA,Ware,Dewey,republican,580,1000
11/05/1940,SC,Florence,Roosevelt,democrat,580,1000
11/05/1940,SC,Florence,Dewey,republican,420,1000
11/05/1940,NC,Brunswick,Roosevelt,democrat,580,1000
11/05/1940,NC,Brunswick,Dewey,republican,420,1000
11/05/1940,SD,Meade,Roosevelt,democrat,420,1000
11/05/1940,SD,Meade,Dewey,republican,580,1000
11/05/1940,NV,Lincoln,Roosevelt,democrat,580,1000
11/05/1940,NV,Lincoln,Dewey,republican,420,1000
11/05/1940,NC,Durham,Roosevelt,democrat,580,1000
11/05/1940,NC,Durham,Dewey,republican,420,1000
11/05/1940,OH,Tuscarawas,Roosevelt,democrat,580,1000
11/05/1940,OH,Tuscarawas,Dewey,republican,420,1000
11/05/1940,OR,Benton,Roosevelt,democrat,420,1000
11/05/1940,OR,Benton,Dewey,republican,580,1000
11/05/1940,PA,Somerset,Roosevelt,democrat,580,1000
11/05/1940,PA,Somerset,Dewey,republican,420,1000
11/05/1940,KS,Pottawatomie,Roosevelt,democrat,420,1000
11/05/1940,KS,Pottawatomie,Dewey,republican,580,1000
11/05/1940,KY,Knott,Roosevelt,democrat,580,1000
11/05/1940,KY,Knott,Dewey,republican,420,1000
11/05/1940,GA,Wilkinson,Roosevelt,democrat,580,1000
11/05/1940,GA,Wilkinson,Dewey,republican,420,1000
11/05/1940,NV,Pershing,Roosevelt,democrat,490,1000
11/05/1940,NV,Pershing,Dewey,republican,510,1000
11/05/1940,NY,Oneida,Roosevelt,democrat,420,1000
11/05/1940,NY,Oneida,Dewey,republican,580,1000
11/05/1940,OK,Comanche,Roosevelt,democrat,580,1000
11/05/1940,OK,Comanche,Dewey,republican,420,1000
11/05/1940,MT,Sheridan,Roosevelt,democrat,503,1000
11/05/1940,MT,Sheridan,Dewey,republican,497,1000
11/05/1940,ME,Franklin,Roosevelt,democrat,530,1000
11/05/1940,ME,Franklin,Dewey,republican,470,1000
11/05/1940,NC,Cabarrus,Roosevelt,democrat,420,1000
11/05/1940,NC,Cabarrus,Dewey,republican,580,1000
11/05/1940,ND,Stark,Roosevelt,democrat,420,1000
11/05/1940,ND,Stark,Dewey,republican,580,1000
11/05/1940,OH,Warren,Roosevelt,democrat,420,1000
11/05/1940,OH,Warren,Dewey,republican,580,1000
11/05/1940,OH,Portage,Roosevelt,democrat,580,1000
11/05/1940,OH,Portage,Dewey,republican,420,1000
11/05/1940,PA,Indiana,Roosevelt,democrat,470,1000
11/05/1940,PA,Indiana,Dewey,republican,530,1000
11/05/1940,FL,Baker,Roosevelt,democrat,580,1000
11/05/1940,FL,Baker,Dewey,republican,420,1000
11/05/1940,GA,Cook,Roosevelt,democrat,510,1000
11/05/1940,GA,Cook,Dewey,republican,490,1000
11/05/1940,MN,Crow_Wing,Roosevelt,democrat,470,1000
11/05/1940,MN,Crow_Wing,Dewey,republican,530,1000
11/05/1940,MT,Rosebud,Roosevelt,democrat,580,1000
11/05/1940,MT,Rosebud,Dewey,republican,420,1000
11/05/1940,MS,Carroll,Roosevelt,democrat,580,1000
11/05/1940,MS,Carroll,Dewey,republican,420,1000
11/05/1940,ND,Benson,Roosevelt,democrat,420,1000
11/05/1940,ND,Benson,Dewey,republican,580,1000
11/05/1940,IN,Delaware,Roosevelt,democrat,490,1000
11/05/1940,IN,Delaware,Dewey,republican,510,1000
11/05/1940,MN,Itasca,Roosevelt,democrat,530,1000
11/05/1940,MN,Itasca,Dewey,republican,470,1000
11/05/1940,TN,Knox,Roosevelt,democrat,420,1000
11/05/1940,TN,Knox,Dewey,republican,580,1000
11/05/1940,TX,Potter,Roosevelt,democrat,580,1000
11/05/1940,TX,Potter,Dewey,republican,420,1000
11/05/1940,VA,Richmond,Roosevelt,democrat,580,1000
11/05/1940,VA,Richmond,Dewey,republican,420,1000
11/05/1940,VA,Charles_City,Roosevelt,democrat,420,1000
11/05/1940,VA,Charles_City,Dewey,republican,580,1000
11/05/1940,ND,Pierce,Roosevelt,democrat,420,1000
11/05/1940,ND,Pierce,Dewey,republican,580,1000
11/05/1940,ND,Golden_Valley,Roosevelt,democrat,420,1000
11/05/1940,ND,Golden_Valley,Dewey,republican,580,1000
11/05/1940,TN,Crockett,Roosevelt,democrat,580,1000
11/05/1940,TN,Crockett,Dewey,republican,420,1000
11/05/1940,MT,Valley,Roosevelt,democrat,530,1000
11/05/1940,MT,Valley,Dewey,republican,470,1000
11/05/1940,VA,Augusta,Roosevelt,democrat,530,1000
11/05/1940,VA,Augusta,Dewey,republican,470,1000
11/05/1940,NE,Kearney,Roosevelt,democrat,530,1000
11/05/1940,NE,Kearney,Dewey,republican,470,1000
11/05/1940,WV,Wood,Roosevelt,democrat,420,1000
11/05/1940,WV,Wood,Dewey,republican,580,1000
11/05/1940,SC,Newberry,Roosevelt,democrat,580,1000
11/05/1940,SC,Newberry,Dewey,republican,420,1000
11/05/1940,LA,Caldwell,Roosevelt,democrat,580,1000
11/05/1940,LA,Caldwell,Dewey,republican,420,1000
11/05/1940,TX,Brazos,Roosevelt,democrat,510,1000
11/05/1940,TX,Brazos,Dewey,republican,490,1000
11/05/1940,WA,Yakima,Roosevelt,democrat,420,1000
11/05/1940,WA,Yakima,Dewey,republican,580,1000
11/05/1940,WI,Jefferson,Roosevelt,democrat,420,1000
11/05/1940,WI,Jefferson,Dewey,republican,580,1000
11/05/1940,TX,Oldham,Roosevelt,democrat,470,1000
11/05/1940,TX,Oldham,Dewey,republican,530,1000
11/05/1940,KS,Wyandotte,Roosevelt,democrat,580,1000
11/05/1940,KS,Wyandotte,Dewey,republican,420,1000
11/05/1940,LA,Terrebonne,Roosevelt,democrat,580,1000
11/05/1940,LA,Terrebonne,Dewey,republican,420,1000
11/05/1940,OK,Sequoyah,Roosevelt,democrat,580,1000
11/05/1940,OK,Sequoyah,Dewey,republican,420,1000
11/05/1940,OR,Klamath,Roosevelt,democrat,420,1000
11/05/1940,OR,Klamath,Dewey,republican,580,1000
11/05/1940,TX,Kenedy,Roosevelt,democrat,580,1000
11/05/1940,TX,Kenedy,Dewey,republican,420,1000
11/05/1940,CA,Alpine,Roosevelt,democrat,530,1000
11/05/1940,CA,Alpine,Dewey,republican,470,1000
11/05/1940,GA,Walker,Roosevelt,democrat,580,1000
11/05/1940,GA,Walker,Dewey,republican,420,1000
11/05/1940,ID,Clearwater,Roosevelt,democrat,580,1000
11/05/1940,ID,Clearwater,Dewey,republican,420,1000
11/05/1940,WV,Hardy,Roosevelt,democrat,580,1000
11/05/1940,WV,Hardy,Dewey,republican,420,1000
11/05/1940,FL,Bradford,Roosevelt,democrat,580,1000
11/05/1940,FL,Bradford,Dewey,republican,420,1000
11/05/1940,WV,Wetzel,Roosevelt,democrat,530,1000
11/05/1940,WV,Wetzel,Dewey,republican,470,1000
11/05/1940,OH,Fulton,Roosevelt,democrat,420,1000
11/05/1940,OH,Fulton,Dewey,republican,580,1000
11/05/1940,TN,Bradley,Roosevelt,democrat,420,1000
11/05/1940,TN,Bradley,Dewey,republican,580,1000
11/05/1940,TX,Newton,Roosevelt,democrat,580,1000
11/05/1940,TX,Newton,Dewey,republican,420,1000
11/05/1940,TN,Bledsoe,Roosevelt,democrat,530,1000
11/05/1940,TN,Bledsoe,Dewey,republican,470,1000
11/05/1940,WV,Tucker,Roosevelt,democrat,420,1000
11/05/1940,WV,Tucker,Dewey,republican,580,1000
11/05/1940,AK,Yakutat,Roosevelt,democrat,420,1000
11/05/1940,AK,Yakutat,Dewey,republican,580,1000
11/05/1940,MI,Gladwin,Roosevelt,democrat,420,1000
11/05/1940,MI,Gladwin,Dewey,republican,580,1000
11/05/1940,NC,Person,Roosevelt,democrat,470,1000
11/05/1940,NC,Person,Dewey,republican,530,1000
11/05/1940,NV,White_Pine,Roosevelt,democrat,580,1000
11/05/1940,NV,White_Pine,Dewey,republican,420,1000
11/05/1940,IN,Adams,Roosevelt,democrat,420,1000
11/05/1940,IN,Adams,Dewey,republican,580,1000
11/05/1940,TN,Cumberland,Roosevelt,democrat,580,1000
11/05/1940,TN,Cumberland,Dewey,republican,420,1000
11/05/1940,NV,Nye,Roosevelt,democrat,580,1000
11/05/1940,NV,Nye,Dewey,republican,420,1000
11/05/1940,KS,Leavenworth,Roosevelt,democrat,510,1000
11/05/1940,KS,Leavenworth,Dewey,republican,490,1000
11/05/1940,IN,Warrick,Roosevelt,democrat,580,1000
11/05/1940,IN,Warrick,Dewey,republican,420,1000
11/05/1940,MI,Iron,Roosevelt,democrat,530,1000
11/05/1940,MI,Iron,Dewey,republican,470,1000
11/05/1940,MS,Lowndes,Roosevelt,democrat,580,1000
11/05/1940,MS,Lowndes,Dewey,republican,420,1000
11/05/1940,MO,St_Louis_City,Roosevelt,democrat,580,1000
11/05/1940,MO,St_Louis_City,Dewey,republican,420,1000
11/05/1940,MN,Meeker,Roosevelt,democrat,420,1000
11/05/1940,MN,Meeker,Dewey,republican,580,1000
11/05/1940,TN,Monroe,Roosevelt,democrat,420,1000
11/05/1940,TN,Monroe,Dewey,republican,580,1000
11/05/1940,MS,Holmes,Roosevelt,democrat,580,1000
11/05/1940,MS,Holmes,Dewey,republican,420,1000
11/05/1940,MS,Oktibbeha,Roosevelt,democrat,580,1000
11/05/1940,MS,Oktibbeha,Dewey,republican,420,1000
11/05/1940,VA,Giles,Roosevelt,democrat,580,1000
11/05/1940,VA,Giles,Dewey,republican,420,1000
11/05/1940,FL,Hillsborough,Roosevelt,democrat,530,1000
11/05/1940,FL,Hillsborough,Dewey,republican,470,1000
11/05/1940,GA,Haralson,Roosevelt,democrat,580,1000
11/05/1940,GA,Haralson,Dewey,republican,420,1000
11/05/1940,KS,Cowley,Roosevelt,democrat,530,1000
11/05/1940,KS,Cowley,Dewey,republican,470,1000
11/05/1940,KY,Henderson,Roosevelt,democrat,580,1000
11/05/1940,KY,Henderson,Dewey,republican,420,1000
11/05/1940,TX,Grayson,Roosevelt,democrat,580,1000
11/05/1940,TX,Grayson,Dewey,republican,420,1000
11/05/1940,AL,Cleburne,Roosevelt,democrat,580,1000
11/05/1940,AL,Cleburne,Dewey,republican,420,1000
11/05/1940,NJ,Ocean,Roosevelt,democrat,580,1000
11/05/1940,NJ,Ocean,Dewey,republican,420,1000
11/05/1940,AL,Autauga,Roosevelt,democrat,580,1000
11/05/1940,AL,Autauga,Dewey,republican,420,1000
11/05/1940,GA,Bibb,Roosevelt,democrat,580,1000
11/05/1940,GA,Bibb,Dewey,republican,420,1000
11/05/1940,NJ,Monmouth,Roosevelt,democrat,530,1000
11/05/1940,NJ,Monmouth,Dewey,republican,470,1000
11/05/1940,NM,Rio_Arriba,Roosevelt,democrat,497,1000
11/05/1940,NM,Rio_Arriba,Dewey,republican,503,1000
11/05/1940,NY,Wayne,Roosevelt,democrat,420,1000
11/05/1940,NY,Wayne,Dewey,republican,580,1000
11/05/1940,OR,Lincoln,Roosevelt,democrat,510,1000
11/05/1940,OR,Lincoln,Dewey,republican,490,1000
11/05/1940,VA,Bath,Roosevelt,democrat,580,1000
11/05/1940,VA,Bath,Dewey,republican,420,1000
11/05/1940,WV,Fayette,Roosevelt,democrat,580,1000
11/05/1940,WV,Fayette,Dewey,republican,420,1000
11/05/1940,WV,Kanawha,Roosevelt,democrat,530,1000
11/05/1940,WV,Kanawha,Dewey,republican,470,1000
11/05/1940,KY,Carroll,Roosevelt,democrat,580,1000
11/05/1940,KY,Carroll,Dewey,republican,420,1000
11/05/1940,MD,Montgomery,Roosevelt,democrat,420,1000
11/05/1940,MD,Montgomery,Dewey,republican,580,1000
11/05/1940,MA,Franklin,Roosevelt,democrat,420,1000
11/05/1940,MA,Franklin,Dewey,republican,580,1000
11/05/1940,MS,DeSoto,Roosevelt,democrat,580,1000
11/05/1940,MS,DeSoto,Dewey,republican,420,1000
11/05/1940,TX,McCulloch,Roosevelt,democrat,470,1000
11/05/1940,TX,McCulloch,Dewey,republican,530,1000
11/05/1940,NV,Esmeralda,Roosevelt,democrat,510,1000
11/05/1940,NV,Esmeralda,Dewey,republican,490,1000
11/05/1940,IN,Carroll,Roosevelt,democrat,530,1000
11/05/1940,IN,Carroll,Dewey,republican,470,1000
11/05/1940,MI,Ogemaw,Roosevelt,democrat,470,1000
11/05/1940,MI,Ogemaw,Dewey,republican,530,1000
11/05/1940,MI,St_Clair,Roosevelt,democrat,420,1000
11/05/1940,MI,St_Clair,Dewey,republican,580,1000
11/05/1940,RI,Providence,Roosevelt,democrat,420,1000
11/05/1940,RI,Providence,Dewey,republican,580,1000
11/05/1940,TN,Montgomery,Roosevelt,democrat,580,1000
11/05/1940,TN,Montgomery,Dewey,republican,420,1000
11/05/1940,TX,Parmer,Roosevelt,democrat,510,1000
11/05/1940,TX,Parmer,Dewey,republican,490,1000
11/05/1940,VA,Accomack,Roosevelt,democrat,580,1000
11/05/1940,VA,Accomack,Dewey,republican,420,1000
11/05/1940,MS,Yalobusha,Roosevelt,democrat,580,1000
11/05/1940,MS,Yalobusha,Dewey,republican,420,1000
11/05/1940,OH,Lucas,Roosevelt,democrat,580,1000
11/05/1940,OH,Lucas,Dewey,republican,420,1000
11/05/1940,AR,Crittenden,Roosevelt,democrat,580,1000
11/05/1940,AR,Crittenden,Dewey,republican,420,1000
11/05/1940,MN,Hennepin,Roosevelt,democrat,420,1000
11/05/1940,MN,Hennepin,Dewey,republican,580,1000
11/05/1940,NE,Richardson,Roosevelt,democrat,420,1000
11/05/1940,NE,Richardson,Dewey,republican,580,1000
11/05/1940,OR,Lake,Roosevelt,democrat,530,1000
11/05/1940,OR,Lake,Dewey,republican,470,1000
11/05/1940,MO,Howell,Roosevelt,democrat,420,1000
11/05/1940,MO,Howell,Dewey,republican,580,1000
11/05/1940,ND,Bottineau,Roosevelt,democrat,420,1000
11/05/1940,ND,Bottineau,Dewey,republican,580,1000
11/05/1940,NC,Warren,Roosevelt,democrat,580,1000
11/05/1940,NC,Warren,Dewey,republican,420,1000
11/05/1940,MI,Monroe,Roosevelt,democrat,420,1000
11/05/1940,MI,Monroe,Dewey,republican,580,1000
11/05/1940,MT,Blaine,Roosevelt,democrat,580,1000
11/05/1940,MT,Blaine,Dewey,republican,420,1000
11/05/1940,WV,Wayne,Roosevelt,democrat,580,1000
11/05/1940,WV,Wayne,Dewey,republican,420,1000
11/05/1940,WI,St_Croix,Roosevelt,democrat,490,1000
11/05/1940,WI,St_Croix,Dewey,republican,510,1000
11/05/1940,CO,Chaffee,Roosevelt,democrat,580,1000
11/05/1940,CO,Chaffee,Dewey,republican,420,1000
11/05/1940,WA,Chelan,Roosevelt,democrat,470,1000
11/05/1940,WA,Chelan,Dewey,republican,530,1000
11/05/1940,FL,Flagler,Roosevelt,democrat,530,1000
11/05/1940,FL,Flagler,Dewey,republican,470,1000
11/05/1940,FL,Gadsden,Roosevelt,democrat,580,1000
11/05/1940,FL,Gadsden,Dewey,republican,420,1000
11/05/1940,FL,Leon,Roosevelt,democrat,580,1000
11/05/1940,FL,Leon,Dewey,republican,420,1000
11/05/1940,FL,Putnam,Roosevelt,democrat,580,1000
11/05/1940,FL,Putnam,Dewey,republican,420,1000
11/05/1940,VT,Rutland,Roosevelt,democrat,420,1000
11/05/1940,VT,Rutland,Dewey,republican,580,1000
11/05/1940,AL,Montgomery,Roosevelt,democrat,580,1000
11/05/1940,AL,Montgomery,Dewey,republican,420,1000
11/05/1940,AR,Perry,Roosevelt,democrat,580,1000
11/05/1940,AR,Perry,Dewey,republican,420,1000
11/05/1940,MI,Tuscola,Roosevelt,democrat,420,1000
11/05/1940,MI,Tuscola,Dewey,republican,580,1000
11/05/1940,ND,Grant,Roosevelt,democrat,420,1000
11/05/1940,ND,Grant,Dewey,republican,580,1000
11/05/1940,WI,Chippewa,Roosevelt,democrat,420,1000
11/05/1940,WI,Chippewa,Dewey,republican,580,1000
11/05/1940,IN,Blackford,Roosevelt,democrat,497,1000
11/05/1940,IN,Blackford,Dewey,republican,503,1000
11/05/1940,IN,Wells,Roosevelt,democrat,420,1000
11/05/1940,IN,Wells,Dewey,republican,580,1000
11/05/1940,KS,Douglas,Roosevelt,democrat,580,1000
11/05/1940,KS,Douglas,Dewey,republican,420,1000
11/05/1940,KS,Jackson,Roosevelt,democrat,420,1000
11/05/1940,KS,Jackson,Dewey,republican,580,1000
11/05/1940,GA,Barrow,Roosevelt,democrat,530,1000
11/05/1940,GA,Barrow,Dewey,republican,470,1000
11/05/1940,GA,Telfair,Roosevelt,democrat,580,1000
11/05/1940,GA,Telfair,Dewey,republican,420,1000
11/05/1940,IL,Montgomery,Roosevelt,democrat,580,1000
11/05/1940,IL,Montgomery,Dewey,republican,420,1000
11/05/1940,IN,Lawrence,Roosevelt,democrat,530,1000
11/05/1940,IN,Lawrence,Dewey,republican,470,1000
11/05/1940,IA,Montgomery,Roosevelt,democrat,420,1000
11/05/1940,IA,Montgomery,Dewey,republican,580,1000
11/05/1940,KY,Scott,Roosevelt,democrat,510,1000
11/05/1940,KY,Scott,Dewey,republican,490,1000
11/05/1940,KY,Muhlenberg,Roosevelt,democrat,470,1000
11/05/1940,KY,Muhlenberg,Dewey,republican,530,1000
11/05/1940,LA,Assumption,Roosevelt,democrat,580,1000
11/05/1940,LA,Assumption,Dewey,republican,420,1000
11/05/1940,FL,Santa_Rosa,Roosevelt,democrat,580,1000
11/05/1940,FL,Santa_Rosa,Dewey,republican,420,1000
11/05/1940,FL,Orange,Roosevelt,democrat,580,1000
11/05/1940,FL,Orange,Dewey,republican,420,1000
11/05/1940,FL,Seminole,Roosevelt,democrat,420,1000
11/05/1940,FL,Seminole,Dewey,republican,580,1000
11/05/1940,FL,Walton,Roosevelt,democrat,580,1000
11/05/1940,FL,Walton,Dewey,republican,420,1000
11/05/1940,GA,Decatur,Roosevelt,democrat,580,1000
11/05/1940,GA,Decatur,Dewey,republican,420,1000
11/05/1940,GA,Dougherty,Roosevelt,democrat,580,1000
11/05/1940,GA,Dougherty,Dewey,republican,420,1000
11/05/1940,CA,Fresno,Roosevelt,democrat,530,1000
11/05/1940,CA,Fresno,Dewey,republican,470,1000
11/05/1940,GA,Washington,Roosevelt,democrat,580,1000
11/05/1940,GA,Washington,Dewey,republican,420,1000
11/05/1940,IN,Hancock,Roosevelt,democrat,490,1000
11/05/1940,IN,Hancock,Dewey,republican,510,1000
11/05/1940,KS,Jefferson,Roosevelt,democrat,530,1000
11/05/1940,KS,Jefferson,Dewey,republican,470,1000
11/05/1940,NV,Elko,Roosevelt,democrat,580,1000
11/05/1940,NV,Elko,Dewey,republican,420,1000
11/05/1940,LA,Tangipahoa,Roosevelt,democrat,580,1000
11/05/1940,LA,Tangipahoa,Dewey,republican,420,1000
11/05/1940,LA,West_Baton_Rouge,Roosevelt,democrat,470,1000
11/05/1940,LA,West_Baton_Rouge,Dewey,republican,530,1000
11/05/1940,AL,Greene,Roosevelt,democrat,580,1000
11/05/1940,AL,Greene,Dewey,republican,420,1000
11/05/1940,NY,Madison,Roosevelt,democrat,420,1000
11/05/1940,NY,Madison,Dewey,republican,580,1000
11/05/1940,NC,Sampson,Roosevelt,democrat,580,1000
11/05/1940,NC,Sampson,Dewey,republican,420,1000
11/05/1940,OK,Rogers,Roosevelt,democrat,580,1000
11/05/1940,OK,Rogers,Dewey,republican,420,1000
11/05/1940,OK,Hughes,Roosevelt,democrat,580,1000
11/05/1940,OK,Hughes,Dewey,republican,420,1000
11/05/1940,TN,Humphreys,Roosevelt,democrat,580,1000
11/05/1940,TN,Humphreys,Dewey,republican,420,1000
11/05/1940,TX,Rusk,Roosevelt,democrat,580,1000
11/05/1940,TX,Rusk,Dewey,republican,420,1000
11/05/1940,TX,Shelby,Roosevelt,democrat,580,1000
11/05/1940,TX,Shelby,Dewey,republican,420,1000
11/05/1940,GA,Mitchell,Roosevelt,democrat,580,1000
11/05/1940,GA,Mitchell,Dewey,republican,420,1000
11/05/1940,GA,Thomas,Roosevelt,democrat,580,1000
11/05/1940,GA,Thomas,Dewey,republican,420,1000
11/05/1940,MS,Wilkinson,Roosevelt,democrat,580,1000
11/05/1940,MS,Wilkinson,Dewey,republican,420,1000
11/05/1940,MS,Bolivar,Roosevelt,democrat,580,1000
11/05/1940,MS,Bolivar,Dewey,republican,420,1000
11/05/1940,MS,Clay,Roosevelt,democrat,580,1000
11/05/1940,MS,Clay,Dewey,republican,420,1000
11/05/1940,MS,Lincoln,Roosevelt,democrat,580,1000
11/05/1940,MS,Lincoln,Dewey,republican,420,1000
11/05/1940,CO,Grand,Roosevelt,democrat,470,1000
11/05/1940,CO,Grand,Dewey,republican,530,1000
11/05/1940,KY,Nelson,Roosevelt,democrat,470,1000
11/05/1940,KY,Nelson,Dewey,republican,530,1000
11/05/1940,MI,Shiawassee,Roosevelt,democrat,420,1000
11/05/1940,MI,Shiawassee,Dewey,republican,580,1000
11/05/1940,MI,Crawford,Roosevelt,democrat,420,1000
11/05/1940,MI,Crawford,Dewey,republican,580,1000
11/05/1940,MO,Lincoln,Roosevelt,democrat,420,1000
11/05/1940,MO,Lincoln,Dewey,republican,580,1000
11/05/1940,VA,Arlington,Roosevelt,democrat,580,1000
11/05/1940,VA,Arlington,Dewey,republican,420,1000
11/05/1940,IN,Hamilton,Roosevelt,democrat,420,1000
11/05/1940,IN,Hamilton,Dewey,republican,580,1000
11/05/1940,MO,Boone,Roosevelt,democrat,490,1000
11/05/1940,MO,Boone,Dewey,republican,510,1000
11/05/1940,IN,Putnam,Roosevelt,democrat,420,1000
11/05/1940,IN,Putnam,Dewey,republican,580,1000
11/05/1940,IA,Des_Moines,Roosevelt,democrat,580,1000
11/05/1940,IA,Des_Moines,Dewey,republican,420,1000
11/05/1940,VA,Roanoke_Co,Roosevelt,democrat,470,1000
11/05/1940,VA,Roanoke_Co,Dewey,republican,530,1000
11/05/1940,IA,Louisa,Roosevelt,democrat,580,1000
11/05/1940,IA,Louisa,Dewey,republican,420,1000
11/05/1940,WI,Marquette,Roosevelt,democrat,420,1000
11/05/1940,WI,Marquette,Dewey,republican,580,1000
11/05/1940,WA,Franklin,Roosevelt,democrat,420,1000
11/05/1940,WA,Franklin,Dewey,republican,580,1000
11/05/1940,WY,Carbon,Roosevelt,democrat,580,1000
11/05/1940,WY,Carbon,Dewey,republican,420,1000
11/05/1940,OH,Monroe,Roosevelt,democrat,580,1000
11/05/1940,OH,Monroe,Dewey,republican,420,1000
11/05/1940,TX,Fayette,Roosevelt,democrat,580,1000
11/05/1940,TX,Fayette,Dewey,republican,420,1000
11/05/1940,TN,Cannon,Roosevelt,democrat,580,1000
11/05/1940,TN,Cannon,Dewey,republican,420,1000
11/05/1940,WV,Monroe,Roosevelt,democrat,580,1000
11/05/1940,WV,Monroe,Dewey,republican,420,1000
11/05/1940,MS,Harrison,Roosevelt,democrat,580,1000
11/05/1940,MS,Harrison,Dewey,republican,420,1000
11/05/1940,WV,Nicholas,Roosevelt,democrat,580,1000
11/05/1940,WV,Nicholas,Dewey,republican,420,1000
11/05/1940,WA,Kitsap,Roosevelt,democrat,530,1000
11/05/1940,WA,Kitsap,Dewey,republican,470,1000
11/05/1940,WI,Green,Roosevelt,democrat,580,1000
11/05/1940,WI,Green,Dewey,republican,420,1000
11/05/1940,AZ,Graham,Roosevelt,democrat,420,1000
11/05/1940,AZ,Graham,Dewey,republican,580,1000
11/05/1940,AR,Pope,Roosevelt,democrat,490,1000
11/05/1940,AR,Pope,Dewey,republican,510,1000
11/05/1940,OR,Clackamas,Roosevelt,democrat,490,1000
11/05/1940,OR,Clackamas,Dewey,republican,510,1000
11/05/1940,KS,Graham,Roosevelt,democrat,580,1000
11/05/1940,KS,Graham,Dewey,republican,420,1000
11/05/1940,KS,Jewell,Roosevelt,democrat,510,1000
11/05/1940,KS,Jewell,Dewey,republican,490,1000
11/05/1940,MN,Lake_of_the_Woods,Roosevelt,democrat,510,1000
11/05/1940,MN,Lake_of_the_Woods,Dewey,republican,490,1000
11/05/1940,NE,Burt,Roosevelt,democrat,420,1000
11/05/1940,NE,Burt,Dewey,republican,580,1000
11/05/1940,AR,Sebastian,Roosevelt,democrat,420,1000
11/05/1940,AR,Sebastian,Dewey,republican,580,1000
11/05/1940,CO,Dolores,Roosevelt,democrat,580,1000
11/05/1940,CO,Dolores,Dewey,republican,420,1000
11/05/1940,GA,Columbia,Roosevelt,democrat,420,1000
11/05/1940,GA,Columbia,Dewey,republican,580,1000
11/05/1940,ID,Cassia,Roosevelt,democrat,530,1000
11/05/1940,ID,Cassia,Dewey,republican,470,1000
11/05/1940,IN,Clark,Roosevelt,democrat,580,1000
11/05/1940,IN,Clark,Dewey,republican,420,1000
11/05/1940,WV,Pocahontas,Roosevelt,democrat,580,1000
11/05/1940,WV,Pocahontas,Dewey,republican,420,1000
11/05/1940,IN,Randolph,Roosevelt,democrat,420,1000
11/05/1940,IN,Randolph,Dewey,republican,580,1000
11/05/1940,WV,Raleigh,Roosevelt,democrat,580,1000
11/05/1940,WV,Raleigh,Dewey,republican,420,1000
11/05/1940,WV,Wyoming,Roosevelt,democrat,580,1000
11/05/1940,WV,Wyoming,Dewey,republican,420,1000
11/05/1940,CA,Mariposa,Roosevelt,democrat,510,1000
11/05/1940,CA,Mariposa,Dewey,republican,490,1000
11/05/1940,CO,Weld,Roosevelt,democrat,530,1000
11/05/1940,CO,Weld,Dewey,republican,470,1000
11/05/1940,IA,Humboldt,Roosevelt,democrat,470,1000
11/05/1940,IA,Humboldt,Dewey,republican,530,1000
11/05/1940,KS,Shawnee,Roosevelt,democrat,420,1000
11/05/1940,KS,Shawnee,Dewey,republican,580,1000
11/05/1940,KY,Washington,Roosevelt,democrat,420,1000
11/05/1940,KY,Washington,Dewey,republican,580,1000
11/05/1940,MI,Oscoda,Roosevelt,democrat,470,1000
11/05/1940,MI,Oscoda,Dewey,republican,530,1000
11/05/1940,NE,Hamilton,Roosevelt,democrat,420,1000
11/05/1940,NE,Hamilton,Dewey,republican,580,1000
11/05/1940,WI,Clark,Roosevelt,democrat,580,1000
11/05/1940,WI,Clark,Dewey,republican,420,1000
11/05/1940,MT,Carter,Roosevelt,democrat,420,1000
11/05/1940,MT,Carter,Dewey,republican,580,1000
11/05/1940,KS,Ottawa,Roosevelt,democrat,470,1000
11/05/1940,KS,Ottawa,Dewey,republican,530,1000
11/05/1940,KS,Republic,Roosevelt,democrat,490,1000
11/05/1940,KS,Republic,Dewey,republican,510,1000
11/05/1940,NE,Dixon,Roosevelt,democrat,470,1000
11/05/1940,NE,Dixon,Dewey,republican,530,1000
11/05/1940,MN,Redwood,Roosevelt,democrat,470,1000
11/05/1940,MN,Redwood,Dewey,republican,530,1000
11/05/1940,WI,Douglas,Roosevelt,democrat,580,1000
11/05/1940,WI,Douglas,Dewey,republican,420,1000
11/05/1940,KS,Marshall,Roosevelt,democrat,420,1000
11/05/1940,KS,Marshall,Dewey,republican,580,1000
11/05/1940,LA,East_Carroll,Roosevelt,democrat,580,1000
11/05/1940,LA,East_Carroll,Dewey,republican,420,1000
11/05/1940,MD,Somerset,Roosevelt,democrat,580,1000
11/05/1940,MD,Somerset,Dewey,republican,420,1000
11/05/1940,NM,Santa_Fe,Roosevelt,democrat,580,1000
11/05/1940,NM,Santa_Fe,Dewey,republican,420,1000
11/05/1940,AR,Craighead,Roosevelt,democrat,580,1000
11/05/1940,AR,Craighead,Dewey,republican,420,1000
11/05/1940,FL,Pasco,Roosevelt,democrat,580,1000
11/05/1940,FL,Pasco,Dewey,republican,420,1000
11/05/1940,GA,Echols,Roosevelt,democrat,420,1000
11/05/1940,GA,Echols,Dewey,republican,580,1000
11/05/1940,IN,Dearborn,Roosevelt,democrat,420,1000
11/05/1940,IN,Dearborn,Dewey,republican,580,1000
11/05/1940,IA,Allamakee,Roosevelt,democrat,580,1000
11/05/1940,IA,Allamakee,Dewey,republican,420,1000
11/05/1940,NC,Washington,Roosevelt,democrat,580,1000
11/05/1940,NC,Washington,Dewey,republican,420,1000
11/05/1940,OH,Stark,Roosevelt,democrat,580,1000
11/05/1940,OH,Stark,Dewey,republican,420,1000
11/05/1940,OK,Ottawa,Roosevelt,democrat,580,1000
11/05/1940,OK,Ottawa,Dewey,republican,420,1000
11/05/1940,PA,Clearfield,Roosevelt,democrat,490,1000
11/05/1940,PA,Clearfield,Dewey,republican,510,1000
11/05/1940,TN,Gibson,Roosevelt,democrat,530,1000
11/05/1940,TN,Gibson,Dewey,republican,470,1000
11/05/1940,TN,Robertson,Roosevelt,democrat,510,1000
11/05/1940,TN,Robertson,Dewey,republican,490,1000
11/05/1940,KY,Caldwell,Roosevelt,democrat,530,1000
11/05/1940,KY,Caldwell,Dewey,republican,470,1000
11/05/1940,AR,Fulton,Roosevelt,democrat,470,1000
11/05/1940,AR,Fulton,Dewey,republican,530,1000
11/05/1940,LA,Catahoula,Roosevelt,democrat,530,1000
11/05/1940,LA,Catahoula,Dewey,republican,470,1000
11/05/1940,LA,Franklin,Roosevelt,democrat,510,1000
11/05/1940,LA,Franklin,Dewey,republican,490,1000
11/05/1940,GA,Macon,Roosevelt,democrat,580,1000
11/05/1940,GA,Macon,Dewey,republican,420,1000
11/05/1940,MN,Winona,Roosevelt,democrat,470,1000
11/05/1940,MN,Winona,Dewey,republican,530,1000
11/05/1940,NC,Martin,Roosevelt,democrat,580,1000
11/05/1940,NC,Martin,Dewey,republican,420,1000
11/05/1940,OH,Adams,Roosevelt,democrat,503,1000
11/05/1940,OH,Adams,Dewey,republican,497,1000
11/05/1940,NJ,Cape_May,Roosevelt,democrat,580,1000
11/05/1940,NJ,Cape_May,Dewey,republican,420,1000
11/05/1940,NE,Saunders,Roosevelt,democrat,420,1000
11/05/1940,NE,Saunders,Dewey,republican,580,1000
11/05/1940,GA,McDuffie,Roosevelt,democrat,580,1000
11/05/1940,GA,McDuffie,Dewey,republican,420,1000
11/05/1940,GA,Laurens,Roosevelt,democrat,580,1000
11/05/1940,GA,Laurens,Dewey,republican,420,1000
11/05/1940,OR,Umatilla,Roosevelt,democrat,420,1000
11/05/1940,OR,Umatilla,Dewey,republican,580,1000
11/05/1940,GA,Dawson,Roosevelt,democrat,470,1000
11/05/1940,GA,Dawson,Dewey,republican,530,1000
11/05/1940,GA,Jefferson,Roosevelt,democrat,580,1000
11/05/1940,GA,Jefferson,Dewey,republican,420,1000
11/05/1940,AK,Juneau,Roosevelt,democrat,530,1000
11/05/1940,AK,Juneau,Dewey,republican,470,1000
11/05/1940,OK,Kay,Roosevelt,democrat,470,1000
11/05/1940,OK,Kay,Dewey,republican,530,1000
11/05/1940,NY,Warren,Roosevelt,democrat,530,1000
11/05/1940,NY,Warren,Dewey,republican,470,1000
11/05/1940,NY,Saratoga,Roosevelt,democrat,420,1000
11/05/1940,NY,Saratoga,Dewey,republican,580,1000
11/05/1940,LA,St_John_the_Baptist,Roosevelt,democrat,580,1000
11/05/1940,LA,St_John_the_Baptist,Dewey,republican,420,1000
11/05/1940,TX,Hopkins,Roosevelt,democrat,580,1000
11/05/1940,TX,Hopkins,Dewey,republican,420,1000
11/05/1940,NV,Churchill,Roosevelt,democrat,530,1000
11/05/1940,NV,Churchill,Dewey,republican,470,1000
11/05/1940,TX,Williamson,Roosevelt,democrat,530,1000
11/05/1940,TX,Williamson,Dewey,republican,470,1000
11/05/1940,WY,Weston,Roosevelt,democrat,530,1000
11/05/1940,WY,Weston,Dewey,republican,470,1000
11/05/1940,CA,Humboldt,Roosevelt,democrat,530,1000
11/05/1940,CA,Humboldt,Dewey,republican,470,1000
11/05/1940,NJ,Somerset,Roosevelt,democrat,420,1000
11/05/1940,NJ,Somerset,Dewey,republican,580,1000
11/05/1940,TX,Hamilton,Roosevelt,democrat,580,1000
11/05/1940,TX,Hamilton,Dewey,republican,420,1000
11/05/1940,TX,Hardeman,Roosevelt,democrat,580,1000
11/05/1940,TX,Hardeman,Dewey,republican,420,1000
11/05/1940,AK,Aleutians_West,Roosevelt,democrat,490,1000
11/05/1940,AK,Aleutians_West,Dewey,republican,510,1000
11/05/1940,IL,Tazewell,Roosevelt,democrat,420,1000
11/05/1940,IL,Tazewell,Dewey,republican,580,1000
11/05/1940,CO,Yuma,Roosevelt,democrat,580,1000
11/05/1940,CO,Yuma,Dewey,republican,420,1000
11/05/1940,IA,Sac,Roosevelt,democrat,420,1000
11/05/1940,IA,Sac,Dewey,republican,580,1000
11/05/1940,IA,Sioux,Roosevelt,democrat,420,1000
11/05/1940,IA,Sioux,Dewey,republican,580,1000
11/05/1940,TX,Coleman,Roosevelt,democrat,530,1000
11/05/1940,TX,Coleman,Dewey,republican,470,1000
11/05/1940,GA,Bartow,Roosevelt,democrat,580,1000
11/05/1940,GA,Bartow,Dewey,republican,420,1000
11/05/1940,OK,Osage,Roosevelt,democrat,580,1000
11/05/1940,OK,Osage,Dewey,republican,420,1000
11/05/1940,NY,Albany,Roosevelt,democrat,490,1000
11/05/1940,NY,Albany,Dewey,republican,510,1000
11/05/1940,MS,Jefferson,Roosevelt,democrat,580,1000
11/05/1940,MS,Jefferson,Dewey,republican,420,1000
11/05/1940,TN,Lincoln,Roosevelt,democrat,580,1000
11/05/1940,TN,Lincoln,Dewey,republican,420,1000
11/05/1940,VA,Madison,Roosevelt,democrat,470,1000
11/05/1940,VA,Madison,Dewey,republican,530,1000
11/05/1940,OK,Atoka,Roosevelt,democrat,580,1000
11/05/1940,OK,Atoka,Dewey,republican,420,1000
11/05/1940,IA,Dallas,Roosevelt,democrat,420,1000
11/05/1940,IA,Dallas,Dewey,republican,580,1000
11/05/1940,AK,Fairbanks_North_Star,Roosevelt,democrat,420,1000
11/05/1940,AK,Fairbanks_North_Star,Dewey,republican,580,1000
11/05/1940,ND,Pembina,Roosevelt,democrat,490,1000
11/05/1940,ND,Pembina,Dewey,republican,510,1000
11/05/1940,AR,Izard,Roosevelt,democrat,530,1000
11/05/1940,AR,Izard,Dewey,republican,470,1000
11/05/1940,VA,Alexandria,Roosevelt,democrat,580,1000
11/05/1940,VA,Alexandria,Dewey,republican,420,1000
11/05/1940,VA,Buena_Vista,Roosevelt,democrat,490,1000
11/05/1940,VA,Buena_Vista,Dewey,republican,510,1000
11/05/1940,IA,Polk,Roosevelt,democrat,420,1000
11/05/1940,IA,Polk,Dewey,republican,580,1000
11/05/1940,FL,Polk,Roosevelt,democrat,530,1000
11/05/1940,FL,Polk,Dewey,republican,470,1000
11/05/1940,GA,Early,Roosevelt,democrat,580,1000
11/05/1940,GA,Early,Dewey,republican,420,1000
11/05/1940,TX,Terrell,Roosevelt,democrat,580,1000
11/05/1940,TX,Terrell,Dewey,republican,420,1000
11/05/1940,IL,Wayne,Roosevelt,democrat,470,1000
11/05/1940,IL,Wayne,Dewey,republican,530,1000
11/05/1940,FL,Sumter,Roosevelt,democrat,530,1000
11/05/1940,FL,Sumter,Dewey,republican,470,1000
11/05/1940,TX,Burleson,Roosevelt,democrat,530,1000
11/05/1940,TX,Burleson,Dewey,republican,470,1000
11/05/1940,VA,Fauquier,Roosevelt,democrat,420,1000
11/05/1940,VA,Fauquier,Dewey,republican,580,1000
11/05/1940,NY,Washington,Roosevelt,democrat,420,1000
11/05/1940,NY,Washington,Dewey,republican,580,1000
11/05/1940,TX,Waller,Roosevelt,democrat,420,1000
11/05/1940,TX,Waller,Dewey,republican,580,1000
11/05/1940,MI,Cass,Roosevelt,democrat,420,1000
11/05/1940,MI,Cass,Dewey,republican,580,1000
11/05/1940,ID,Caribou,Roosevelt,democrat,580,1000
11/05/1940,ID,Caribou,Dewey,republican,420,1000
11/05/1940,FL,Sarasota,Roosevelt,democrat,530,1000
11/05/1940,FL,Sarasota,Dewey,republican,470,1000
11/05/1940,GA,Emanuel,Roosevelt,democrat,580,1000
11/05/1940,GA,Emanuel,Dewey,republican,420,1000
11/05/1940,GA,Talbot,Roosevelt,democrat,580,1000
11/05/1940,GA,Talbot,Dewey,republican,420,1000
11/05/1940,PA,York,Roosevelt,democrat,420,1000
11/05/1940,PA,York,Dewey,republican,580,1000
11/05/1940,NE,Dodge,Roosevelt,democrat,420,1000
11/05/1940,NE,Dodge,Dewey,republican,580,1000
11/05/1940,NC,Granville,Roosevelt,democrat,580,1000
11/05/1940,NC,Granville,Dewey,republican,420,1000
11/05/1940,PA,Allegheny,Roosevelt,democrat,580,1000
11/05/1940,PA,Allegheny,Dewey,republican,420,1000
11/05/1940,CA,Trinity,Roosevelt,democrat,530,1000
11/05/1940,CA,Trinity,Dewey,republican,470,1000
11/05/1940,IL,Hardin,Roosevelt,democrat,510,1000
11/05/1940,IL,Hardin,Dewey,republican,490,1000
11/05/1940,GA,Lumpkin,Roosevelt,democrat,530,1000
11/05/1940,GA,Lumpkin,Dewey,republican,470,1000
11/05/1940,OK,Johnston,Roosevelt,democrat,580,1000
11/05/1940,OK,Johnston,Dewey,republican,420,1000
11/05/1940,TX,Montgomery,Roosevelt,democrat,470,1000
11/05/1940,TX,Montgomery,Dewey,republican,530,1000
11/05/1940,OK,McIntosh,Roosevelt,democrat,580,1000
11/05/1940,OK,McIntosh,Dewey,republican,420,1000
11/05/1940,OK,Marshall,Roosevelt,democrat,580,1000
11/05/1940,OK,Marshall,Dewey,republican,420,1000
11/05/1940,TX,Robertson,Roosevelt,democrat,580,1000
11/05/1940,TX,Robertson,Dewey,republican,420,1000
11/05/1940,WI,Sauk,Roosevelt,democrat,530,1000
11/05/1940,WI,Sauk,Dewey,republican,470,1000
11/05/1940,AR,Prairie,Roosevelt,democrat,580,1000
11/05/1940,AR,Prairie,Dewey,republican,420,1000
11/05/1940,WI,Milwaukee,Roosevelt,democrat,470,1000
11/05/1940,WI,Milwaukee,Dewey,republican,530,1000
11/05/1940,WI,Jackson,Roosevelt,democrat,530,1000
11/05/1940,WI,Jackson,Dewey,republican,470,1000
11/05/1940,WI,Oconto,Roosevelt,democrat,420,1000
11/05/1940,WI,Oconto,Dewey,republican,580,1000
11/05/1940,AK,Denali,Roosevelt,democrat,420,1000
11/05/1940,AK,Denali,Dewey,republican,580,1000
11/05/1940,WI,Vilas,Roosevelt,democrat,420,1000
11/05/1940,WI,Vilas,Dewey,republican,580,1000
11/05/1940,CA,Inyo,Roosevelt,democrat,470,1000
11/05/1940,CA,Inyo,Dewey,republican,530,1000
11/05/1940,NC,Iredell,Roosevelt,democrat,420,1000
11/05/1940,NC,Iredell,Dewey,republican,580,1000
11/05/1940,AR,Pulaski,Roosevelt,democrat,580,1000
11/05/1940,AR,Pulaski,Dewey,republican,420,1000
11/05/1940,MO,Vernon,Roosevelt,democrat,470,1000
11/05/1940,MO,Vernon,Dewey,republican,530,1000
11/05/1940,IL,Carroll,Roosevelt,democrat,530,1000
11/05/1940,IL,Carroll,Dewey,republican,470,1000
11/05/1940,GA,Hart,Roosevelt,democrat,530,1000
11/05/1940,GA,Hart,Dewey,republican,470,1000
11/05/1940,IL,Adams,Roosevelt,democrat,420,1000
11/05/1940,IL,Adams,Dewey,republican,580,1000
11/05/1940,TX,Tyler,Roosevelt,democrat,580,1000
11/05/1940,TX,Tyler,Dewey,republican,420,1000
11/05/1940,GA,Lamar,Roosevelt,democrat,530,1000
11/05/1940,GA,Lamar,Dewey,republican,470,1000
11/05/1940,TX,Polk,Roosevelt,democrat,580,1000
11/05/1940,TX,Polk,Dewey,republican,420,1000
11/05/1940,CA,Sacramento,Roosevelt,democrat,530,1000
11/05/1940,CA,Sacramento,Dewey,republican,470,1000
11/05/1940,OK,Pushmataha,Roosevelt,democrat,580,1000
11/05/1940,OK,Pushmataha,Dewey,republican,420,1000
11/05/1940,VA,Greene,Roosevelt,democrat,420,1000
11/05/1940,VA,Greene,Dewey,republican,580,1000
11/05/1940,OH,Belmont,Roosevelt,democrat,580,1000
11/05/1940,OH,Belmont,Dewey,republican,420,1000
11/05/1940,WI,Washburn,Roosevelt,democrat,470,1000
11/05/1940,WI,Washburn,Dewey,republican,530,1000
11/05/1940,AR,Ouachita,Roosevelt,democrat,530,1000
11/05/1940,AR,Ouachita,Dewey,republican,470,1000
11/05/1940,SC,Colleton,Roosevelt,democrat,580,1000
11/05/1940,SC,Colleton,Dewey,republican,420,1000
11/05/1940,PA,Butler,Roosevelt,democrat,530,1000
11/05/1940,PA,Butler,Dewey,republican,470,1000
11/05/1940,AR,Sevier,Roosevelt,democrat,580,1000
11/05/1940,AR,Sevier,Dewey,republican,420,1000
11/05/1940,OH,Lorain,Roosevelt,democrat,420,1000
11/05/1940,OH,Lorain,Dewey,republican,580,1000
11/05/1940,LA,St_Mary,Roosevelt,democrat,580,1000
11/05/1940,LA,St_Mary,Dewey,republican,420,1000
11/05/1940,MO,Pike,Roosevelt,democrat,490,1000
11/05/1940,MO,Pike,Dewey,republican,510,1000
11/05/1940,OK,Craig,Roosevelt,democrat,530,1000
11/05/1940,OK,Craig,Dewey,republican,470,1000
11/05/1940,KS,Sedgwick,Roosevelt,democrat,530,1000
11/05/1940,KS,Sedgwick,Dewey,republican,470,1000
11/05/1940,IN,Jasper,Roosevelt,democrat,530,1000
11/05/1940,IN,Jasper,Dewey,republican,470,1000
11/05/1940,CA,Napa,Roosevelt,democrat,510,1000
11/05/1940,CA,Napa,Dewey,republican,490,1000
11/05/1940,TX,Loving,Roosevelt,democrat,530,1000
11/05/1940,TX,Loving,Dewey,republican,470,1000
11/05/1940,MO,Johnson,Roosevelt,democrat,530,1000
11/05/1940,MO,Johnson,Dewey,republican,470,1000
11/05/1940,CO,Broomfield,Roosevelt,democrat,580,1000
11/05/1940,CO,Broomfield,Dewey,republican,420,1000
11/05/1940,VA,Page,Roosevelt,democrat,470,1000
11/05/1940,VA,Page,Dewey,republican,530,1000
11/05/1940,WV,Mason,Roosevelt,democrat,580,1000
11/05/1940,WV,Mason,Dewey,republican,420,1000
11/05/1940,AL,Winston,Roosevelt,democrat,580,1000
11/05/1940,AL,Winston,Dewey,republican,420,1000
11/05/1940,AL,Perry,Roosevelt,democrat,580,1000
11/05/1940,AL,Perry,Dewey,republican,420,1000
11/05/1940,OH,Meigs,Roosevelt,democrat,580,1000
11/05/1940,OH,Meigs,Dewey,republican,420,1000
11/05/1940,SD,Buffalo,Roosevelt,democrat,470,1000
11/05/1940,SD,Buffalo,Dewey,republican,530,1000
11/05/1940,SD,Mellette,Roosevelt,democrat,497,1000
11/05/1940,SD,Mellette,Dewey,republican,503,1000
11/05/1940,NY,Chautauqua,Roosevelt,democrat,420,1000
11/05/1940,NY,Chautauqua,Dewey,republican,580,1000
11/05/1940,SD,Oglala_Lakota,Roosevelt,democrat,470,1000
11/05/1940,SD,Oglala_Lakota,Dewey,republican,530,1000
11/05/1940,DC,District_of_Columbia,Roosevelt,democrat,580,1000
11/05/1940,DC,District_of_Columbia,Dewey,republican,420,1000
11/05/1940,10,New_Castle,Roosevelt,democrat,530,1000
11/05/1940,10,New_Castle,Dewey,republican,470,1000
11/05/1940,CO,Denver,Roosevelt,democrat,580,1000
11/05/1940,CO,Denver,Dewey,republican,420,1000
11/05/1940,NJ,Morris,Roosevelt,democrat,420,1000
11/05/1940,NJ,Morris,Dewey,republican,580,1000
11/05/1940,AL,Hale,Roosevelt,democrat,580,1000
11/05/1940,AL,Hale,Dewey,republican,420,1000
11/05/1940,OH,Washington,Roosevelt,democrat,580,1000
11/05/1940,OH,Washington,Dewey,republican,420,1000
11/05/1940,WV,Calhoun,Roosevelt,democrat,420,1000
11/05/1940,WV,Calhoun,Dewey,republican,580,1000
11/05/1940,PA,Crawford,Roosevelt,democrat,580,1000
11/05/1940,PA,Crawford,Dewey,republican,420,1000
11/05/1940,SD,Todd,Roosevelt,democrat,470,1000
11/05/1940,SD,Todd,Dewey,republican,530,1000
11/05/1940,MT,Dawson,Roosevelt,democrat,420,1000
11/05/1940,MT,Dawson,Dewey,republican,580,1000
11/05/1940,TX,Montague,Roosevelt,democrat,580,1000
11/05/1940,TX,Montague,Dewey,republican,420,1000
11/05/1940,MT,Richland,Roosevelt,democrat,470,1000
11/05/1940,MT,Richland,Dewey,republican,530,1000
11/05/1940,TX,Gray,Roosevelt,democrat,420,1000
11/05/1940,TX,Gray,Dewey,republican,580,1000
11/05/1940,AR,Greene,Roosevelt,democrat,580,1000
11/05/1940,AR,Greene,Dewey,republican,420,1000
11/05/1940,GA,Appling,Roosevelt,democrat,470,1000
11/05/1940,GA,Appling,Dewey,republican,530,1000
11/05/1940,AL,Elmore,Roosevelt,democrat,580,1000
11/05/1940,AL,Elmore,Dewey,republican,420,1000
11/05/1940,GA,Coweta,Roosevelt,democrat,580,1000
11/05/1940,GA,Coweta,Dewey,republican,420,1000
11/05/1940,IN,Elkhart,Roosevelt,democrat,420,1000
11/05/1940,IN,Elkhart,Dewey,republican,580,1000
11/05/1940,NC,Yadkin,Roosevelt,democrat,490,1000
11/05/1940,NC,Yadkin,Dewey,republican,510,1000
11/05/1940,AL,Chilton,Roosevelt,democrat,580,1000
11/05/1940,AL,Chilton,Dewey,republican,420,1000
11/05/1940,OH,Wood,Roosevelt,democrat,420,1000
11/05/1940,OH,Wood,Dewey,republican,580,1000
11/05/1940,NY,Westchester,Roosevelt,democrat,420,1000
11/05/1940,NY,Westchester,Dewey,republican,580,1000
11/05/1940,LA,Orleans,Roosevelt,democrat,580,1000
11/05/1940,LA,Orleans,Dewey,republican,420,1000
11/05/1940,WV,Mineral,Roosevelt,democrat,510,1000
11/05/1940,WV,Mineral,Dewey,republican,490,1000
11/05/1940,AL,Walker,Roosevelt,democrat,580,1000
11/05/1940,AL,Walker,Dewey,republican,420,1000
11/05/1940,WV,Monongalia,Roosevelt,democrat,530,1000
11/05/1940,WV,Monongalia,Dewey,republican,470,1000
11/05/1940,WV,Pleasants,Roosevelt,democrat,420,1000
11/05/1940,WV,Pleasants,Dewey,republican,580,1000
11/05/1940,NY,Rensselaer,Roosevelt,democrat,420,1000
11/05/1940,NY,Rensselaer,Dewey,republican,580,1000
11/05/1940,NC,Cleveland,Roosevelt,democrat,420,1000
11/05/1940,NC,Cleveland,Dewey,republican,580,1000
11/05/1940,NC,Gaston,Roosevelt,democrat,490,1000
11/05/1940,NC,Gaston,Dewey,republican,510,1000
11/05/1940,NJ,Cumberland,Roosevelt,democrat,580,1000
11/05/1940,NJ,Cumberland,Dewey,republican,420,1000
11/05/1940,CO,Eagle,Roosevelt,democrat,580,1000
11/05/1940,CO,Eagle,Dewey,republican,420,1000
11/05/1940,TX,Jack,Roosevelt,democrat,580,1000
11/05/1940,TX,Jack,Dewey,republican,420,1000
11/05/1940,AL,Coosa,Roosevelt,democrat,580,1000
11/05/1940,AL,Coosa,Dewey,republican,420,1000
11/05/1940,FL,St_Lucie,Roosevelt,democrat,530,1000
11/05/1940,FL,St_Lucie,Dewey,republican,470,1000
11/05/1940,AL,Henry,Roosevelt,democrat,580,1000
11/05/1940,AL,Henry,Dewey,republican,420,1000
11/05/1940,CA,Santa_Cruz,Roosevelt,democrat,530,1000
11/05/1940,CA,Santa_Cruz,Dewey,republican,470,1000
11/05/1940,KS,Labette,Roosevelt,democrat,580,1000
11/05/1940,KS,Labette,Dewey,republican,420,1000
11/05/1940,GA,Baldwin,Roosevelt,democrat,580,1000
11/05/1940,GA,Baldwin,Dewey,republican,420,1000
11/05/1940,LA,St_Bernard,Roosevelt,democrat,580,1000
11/05/1940,LA,St_Bernard,Dewey,republican,420,1000
11/05/1940,VA,Suffolk,Roosevelt,democrat,580,1000
11/05/1940,VA,Suffolk,Dewey,republican,420,1000
11/05/1940,CO,Jefferson,Roosevelt,democrat,530,1000
11/05/1940,CO,Jefferson,Dewey,republican,470,1000
11/05/1940,WV,Pendleton,Roosevelt,democrat,580,1000
11/05/1940,WV,Pendleton,Dewey,republican,420,1000
11/05/1940,VA,Tazewell,Roosevelt,democrat,580,1000
11/05/1940,VA,Tazewell,Dewey,republican,420,1000
11/05/1940,MO,Clark,Roosevelt,democrat,503,1000
11/05/1940,MO,Clark,Dewey,republican,497,1000
11/05/1940,NJ,Salem,Roosevelt,democrat,490,1000
11/05/1940,NJ,Salem,Dewey,republican,510,1000
11/05/1940,PA,Warren,Roosevelt,democrat,530,1000
11/05/1940,PA,Warren,Dewey,republican,470,1000
11/05/1940,ND,Grand_Forks,Roosevelt,democrat,530,1000
11/05/1940,ND,Grand_Forks,Dewey,republican,470,1000
11/05/1940,OK,Delaware,Roosevelt,democrat,530,1000
11/05/1940,OK,Delaware,Dewey,republican,470,1000
11/05/1940,CO,Hinsdale,Roosevelt,democrat,580,1000
11/05/1940,CO,Hinsdale,Dewey,republican,420,1000
11/05/1940,AL,Macon,Roosevelt,democrat,580,1000
11/05/1940,AL,Macon,Dewey,republican,420,1000
11/05/1940,VA,Carroll,Roosevelt,democrat,510,1000
11/05/1940,VA,Carroll,Dewey,republican,490,1000
11/05/1940,CA,Placer,Roosevelt,democrat,580,1000
11/05/1940,CA,Placer,Dewey,republican,420,1000
11/05/1940,OH,Medina,Roosevelt,democrat,420,1000
11/05/1940,OH,Medina,Dewey,republican,580,1000
11/05/1940,OK,Cotton,Roosevelt,democrat,580,1000
11/05/1940,OK,Cotton,Dewey,republican,420,1000
11/05/1940,OK,Jackson,Roosevelt,democrat,580,1000
11/05/1940,OK,Jackson,Dewey,republican,420,1000
11/05/1940,LA,Ouachita,Roosevelt,democrat,510,1000
11/05/1940,LA,Ouachita,Dewey,republican,490,1000
11/05/1940,CO,El_Paso,Roosevelt,democrat,420,1000
11/05/1940,CO,El_Paso,Dewey,republican,580,1000
11/05/1940,WV,Ritchie,Roosevelt,democrat,580,1000
11/05/1940,WV,Ritchie,Dewey,republican,420,1000
11/05/1940,VA,Floyd,Roosevelt,democrat,530,1000
11/05/1940,VA,Floyd,Dewey,republican,470,1000
11/05/1940,MT,Fallon,Roosevelt,democrat,470,1000
11/05/1940,MT,Fallon,Dewey,republican,530,1000
11/05/1940,MT,Prairie,Roosevelt,democrat,420,1000
11/05/1940,MT,Prairie,Dewey,republican,580,1000
11/05/1940,TX,Brown,Roosevelt,democrat,580,1000
11/05/1940,TX,Brown,Dewey,republican,420,1000
11/05/1940,TX,Ector,Roosevelt,democrat,580,1000
11/05/1940,TX,Ector,Dewey,republican,420,1000
11/05/1940,UT,Emery,Roosevelt,democrat,530,1000
11/05/1940,UT,Emery,Dewey,republican,470,1000
11/05/1940,NY,Richmond,Roosevelt,democrat,420,1000
11/05/1940,NY,Richmond,Dewey,republican,580,1000
11/05/1940,NC,Dare,Roosevelt,democrat,580,1000
11/05/1940,NC,Dare,Dewey,republican,420,1000
11/05/1940,NE,Butler,Roosevelt,democrat,420,1000
11/05/1940,NE,Butler,Dewey,republican,580,1000
11/05/1940,TX,Lamar,Roosevelt,democrat,580,1000
11/05/1940,TX,Lamar,Dewey,republican,420,1000
11/05/1940,KS,Dickinson,Roosevelt,democrat,420,1000
11/05/1940,KS,Dickinson,Dewey,republican,580,1000
11/05/1940,ID,Jerome,Roosevelt,democrat,580,1000
11/05/1940,ID,Jerome,Dewey,republican,420,1000
11/05/1940,OH,Mercer,Roosevelt,democrat,490,1000
11/05/1940,OH,Mercer,Dewey,republican,510,1000
11/05/1940,IL,Livingston,Roosevelt,democrat,420,1000
11/05/1940,IL,Livingston,Dewey,republican,580,1000
11/05/1940,IA,Dubuque,Roosevelt,democrat,580,1000
11/05/1940,IA,Dubuque,Dewey,republican,420,1000
11/05/1940,ID,Madison,Roosevelt,democrat,580,1000
11/05/1940,ID,Madison,Dewey,republican,420,1000
11/05/1940,LA,Plaquemines,Roosevelt,democrat,580,1000
11/05/1940,LA,Plaquemines,Dewey,republican,420,1000
11/05/1940,LA,Pointe_Coupee,Roosevelt,democrat,580,1000
11/05/1940,LA,Pointe_Coupee,Dewey,republican,420,1000
11/05/1940,MT,Missoula,Roosevelt,democrat,510,1000
11/05/1940,MT,Missoula,Dewey,republican,490,1000
11/05/1940,UT,Grand,Roosevelt,democrat,580,1000
11/05/1940,UT,Grand,Dewey,republican,420,1000
11/05/1940,TX,Bexar,Roosevelt,democrat,580,1000
11/05/1940,TX,Bexar,Dewey,republican,420,1000
11/05/1940,HI,Honolulu,Roosevelt,democrat,510,1000
11/05/1940,HI,Honolulu,Dewey,republican,490,1000
11/05/1940,GA,Oglethorpe,Roosevelt,democrat,470,1000
11/05/1940,GA,Oglethorpe,Dewey,republican,530,1000
11/05/1940,GA,Peach,Roosevelt,democrat,580,1000
11/05/1940,GA,Peach,Dewey,republican,420,1000
11/05/1940,OH,Clinton,Roosevelt,democrat,510,1000
11/05/1940,OH,Clinton,Dewey,republican,490,1000
11/05/1940,GA,Randolph,Roosevelt,democrat,580,1000
11/05/1940,GA,Randolph,Dewey,republican,420,1000
11/05/1940,GA,Jasper,Roosevelt,democrat,530,1000
11/05/1940,GA,Jasper,Dewey,republican,470,1000
11/05/1940,TX,Jackson,Roosevelt,democrat,580,1000
11/05/1940,TX,Jackson,Dewey,republican,420,1000
11/05/1940,GA,Troup,Roosevelt,democrat,580,1000
11/05/1940,GA,Troup,Dewey,republican,420,1000
11/05/1940,GA,Brantley,Roosevelt,democrat,420,1000
11/05/1940,GA,Brantley,Dewey,republican,580,1000
11/05/1940,GA,Bryan,Roosevelt,democrat,580,1000
11/05/1940,GA,Bryan,Dewey,republican,420,1000
11/05/1940,TX,Leon,Roosevelt,democrat,530,1000
11/05/1940,TX,Leon,Dewey,republican,470,1000
11/05/1940,CA,Merced,Roosevelt,democrat,530,1000
11/05/1940,CA,Merced,Dewey,republican,470,1000
11/05/1940,FL,Martin,Roosevelt,democrat,530,1000
11/05/1940,FL,Martin,Dewey,republican,470,1000
11/05/1940,TX,Ward,Roosevelt,democrat,530,1000
11/05/1940,TX,Ward,Dewey,republican,470,1000
11/05/1940,TX,Wichita,Roosevelt,democrat,580,1000
11/05/1940,TX,Wichita,Dewey,republican,420,1000
11/05/1940,NY,Cayuga,Roosevelt,democrat,420,1000
11/05/1940,NY,Cayuga,Dewey,republican,580,1000
11/05/1940,NC,Hertford,Roosevelt,democrat,580,1000
11/05/1940,NC,Hertford,Dewey,republican,420,1000
11/05/1940,CO,Park,Roosevelt,democrat,530,1000
11/05/1940,CO,Park,Dewey,republican,470,1000
11/05/1940,CO,Teller,Roosevelt,democrat,490,1000
11/05/1940,CO,Teller,Dewey,republican,510,1000
11/05/1940,UT,Sevier,Roosevelt,democrat,530,1000
11/05/1940,UT,Sevier,Dewey,republican,470,1000
11/05/1940,UT,Tooele,Roosevelt,democrat,580,1000
11/05/1940,UT,Tooele,Dewey,republican,420,1000
11/05/1940,TX,Maverick,Roosevelt,democrat,580,1000
11/05/1940,TX,Maverick,Dewey,republican,420,1000
11/05/1940,FL,Suwannee,Roosevelt,democrat,580,1000
11/05/1940,FL,Suwannee,Dewey,republican,420,1000
11/05/1940,UT,Wasatch,Roosevelt,democrat,530,1000
11/05/1940,UT,Wasatch,Dewey,republican,470,1000
11/05/1940,OR,Malheur,Roosevelt,democrat,470,1000
11/05/1940,OR,Malheur,Dewey,republican,530,1000
11/05/1940,GA,Fayette,Roosevelt,democrat,470,1000
11/05/1940,GA,Fayette,Dewey,republican,530,1000
11/05/1940,KY,Floyd,Roosevelt,democrat,580,1000
11/05/1940,KY,Floyd,Dewey,republican,420,1000
11/05/1940,CO,Logan,Roosevelt,democrat,580,1000
11/05/1940,CO,Logan,Dewey,republican,420,1000
11/05/1940,OH,Montgomery,Roosevelt,democrat,420,1000
11/05/1940,OH,Montgomery,Dewey,republican,580,1000
11/05/1940,CO,Mesa,Roosevelt,democrat,580,1000
11/05/1940,CO,Mesa,Dewey,republican,420,1000
11/05/1940,IA,Howard,Roosevelt,democrat,580,1000
11/05/1940,IA,Howard,Dewey,republican,420,1000
11/05/1940,IL,Menard,Roosevelt,democrat,530,1000
11/05/1940,IL,Menard,Dewey,republican,470,1000
11/05/1940,TX,Mills,Roosevelt,democrat,580,1000
11/05/1940,TX,Mills,Dewey,republican,420,1000
11/05/1940,IL,Monroe,Roosevelt,democrat,580,1000
11/05/1940,IL,Monroe,Dewey,republican,420,1000
11/05/1940,OR,Douglas,Roosevelt,democrat,470,1000
11/05/1940,OR,Douglas,Dewey,republican,530,1000
11/05/1940,WI,Crawford,Roosevelt,democrat,580,1000
11/05/1940,WI,Crawford,Dewey,republican,420,1000
11/05/1940,TX,Haskell,Roosevelt,democrat,580,1000
11/05/1940,TX,Haskell,Dewey,republican,420,1000
11/05/1940,OK,Logan,Roosevelt,democrat,490,1000
11/05/1940,OK,Logan,Dewey,republican,510,1000
11/05/1940,WA,Grays_Harbor,Roosevelt,democrat,470,1000
11/05/1940,WA,Grays_Harbor,Dewey,republican,530,1000
11/05/1940,WA,Lincoln,Roosevelt,democrat,420,1000
11/05/1940,WA,Lincoln,Dewey,republican,580,1000
11/05/1940,WA,Okanogan,Roosevelt,democrat,490,1000
11/05/1940,WA,Okanogan,Dewey,republican,510,1000
11/05/1940,IA,Monona,Roosevelt,democrat,420,1000
11/05/1940,IA,Monona,Dewey,republican,580,1000
11/05/1940,GA,Taliaferro,Roosevelt,democrat,580,1000
11/05/1940,GA,Taliaferro,Dewey,republican,420,1000
11/05/1940,OK,Greer,Roosevelt,democrat,580,1000
11/05/1940,OK,Greer,Dewey,republican,420,1000
11/05/1940,GA,Terrell,Roosevelt,democrat,580,1000
11/05/1940,GA,Terrell,Dewey,republican,420,1000
11/05/1940,MD,Queen_Anne_s,Roosevelt,democrat,580,1000
11/05/1940,MD,Queen_Anne_s,Dewey,republican,420,1000
11/05/1940,OH,Noble,Roosevelt,democrat,580,1000
11/05/1940,OH,Noble,Dewey,republican,420,1000
11/05/1940,CO,Prowers,Roosevelt,democrat,580,1000
11/05/1940,CO,Prowers,Dewey,republican,420,1000
11/05/1940,ID,Latah,Roosevelt,democrat,470,1000
11/05/1940,ID,Latah,Dewey,republican,530,1000
11/05/1940,VA,Gloucester,Roosevelt,democrat,420,1000
11/05/1940,VA,Gloucester,Dewey,republican,580,1000
11/05/1940,CO,Rio_Blanco,Roosevelt,democrat,580,1000
11/05/1940,CO,Rio_Blanco,Dewey,republican,420,1000
11/05/1940,TX,Pecos,Roosevelt,democrat,580,1000
11/05/1940,TX,Pecos,Dewey,republican,420,1000
11/05/1940,IA,Marion,Roosevelt,democrat,420,1000
11/05/1940,IA,Marion,Dewey,republican,580,1000
11/05/1940,OH,Preble,Roosevelt,democrat,420,1000
11/05/1940,OH,Preble,Dewey,republican,580,1000
11/05/1940,GA,Rabun,Roosevelt,democrat,470,1000
11/05/1940,GA,Rabun,Dewey,republican,530,1000
11/05/1940,MO,Taney,Roosevelt,democrat,420,1000
11/05/1940,MO,Taney,Dewey,republican,580,1000
11/05/1940,TX,Marion,Roosevelt,democrat,580,1000
11/05/1940,TX,Marion,Dewey,republican,420,1000
11/05/1940,AR,Washington,Roosevelt,democrat,420,1000
11/05/1940,AR,Washington,Dewey,republican,580,1000
11/05/1940,WA,Skagit,Roosevelt,democrat,470,1000
11/05/1940,WA,Skagit,Dewey,republican,530,1000
11/05/1940,WA,Stevens,Roosevelt,democrat,420,1000
11/05/1940,WA,Stevens,Dewey,republican,580,1000
11/05/1940,TX,Matagorda,Roosevelt,democrat,580,1000
11/05/1940,TX,Matagorda,Dewey,republican,420,1000
11/05/1940,MA,Hampshire,Roosevelt,democrat,420,1000
11/05/1940,MA,Hampshire,Dewey,republican,580,1000
11/05/1940,OK,Mayes,Roosevelt,democrat,510,1000
11/05/1940,OK,Mayes,Dewey,republican,490,1000
11/05/1940,FL,Lake,Roosevelt,democrat,530,1000
11/05/1940,FL,Lake,Dewey,republican,470,1000
11/05/1940,10,Kent,Roosevelt,democrat,420,1000
11/05/1940,10,Kent,Dewey,republican,580,1000
11/05/1940,OH,Highland,Roosevelt,democrat,530,1000
11/05/1940,OH,Highland,Dewey,republican,470,1000
11/05/1940,GA,Clarke,Roosevelt,democrat,580,1000
11/05/1940,GA,Clarke,Dewey,republican,420,1000
11/05/1940,IA,Osceola,Roosevelt,democrat,420,1000
11/05/1940,IA,Osceola,Dewey,republican,580,1000
11/05/1940,CO,San_Juan,Roosevelt,democrat,580,1000
11/05/1940,CO,San_Juan,Dewey,republican,420,1000
11/05/1940,IA,Plymouth,Roosevelt,democrat,420,1000
11/05/1940,IA,Plymouth,Dewey,republican,580,1000
11/05/1940,VA,Hanover,Roosevelt,democrat,530,1000
11/05/1940,VA,Hanover,Dewey,republican,470,1000
11/05/1940,IA,Mills,Roosevelt,democrat,420,1000
11/05/1940,IA,Mills,Dewey,republican,580,1000
11/05/1940,SC,Oconee,Roosevelt,democrat,510,1000
11/05/1940,SC,Oconee,Dewey,republican,490,1000
11/05/1940,AR,Crawford,Roosevelt,democrat,510,1000
11/05/1940,AR,Crawford,Dewey,republican,490,1000
11/05/1940,TX,Harrison,Roosevelt,democrat,580,1000
11/05/1940,TX,Harrison,Dewey,republican,420,1000
11/05/1940,NY,Herkimer,Roosevelt,democrat,420,1000
11/05/1940,NY,Herkimer,Dewey,republican,580,1000
11/05/1940,WA,Whatcom,Roosevelt,democrat,470,1000
11/05/1940,WA,Whatcom,Dewey,republican,530,1000
11/05/1940,GA,Whitfield,Roosevelt,democrat,580,1000
11/05/1940,GA,Whitfield,Dewey,republican,420,1000
11/05/1940,WA,Douglas,Roosevelt,democrat,420,1000
11/05/1940,WA,Douglas,Dewey,republican,580,1000
11/05/1940,GA,Clinch,Roosevelt,democrat,470,1000
11/05/1940,GA,Clinch,Dewey,republican,530,1000
11/05/1940,ID,Adams,Roosevelt,democrat,580,1000
11/05/1940,ID,Adams,Dewey,republican,420,1000
11/05/1940,TX,Hockley,Roosevelt,democrat,510,1000
11/05/1940,TX,Hockley,Dewey,republican,490,1000
11/05/1940,IL,Pulaski,Roosevelt,democrat,580,1000
11/05/1940,IL,Pulaski,Dewey,republican,420,1000
11/05/1940,GA,Chattahoochee,Roosevelt,democrat,580,1000
11/05/1940,GA,Chattahoochee,Dewey,republican,420,1000
11/05/1940,AR,Randolph,Roosevelt,democrat,580,1000
11/05/1940,AR,Randolph,Dewey,republican,420,1000
11/05/1940,AR,White,Roosevelt,democrat,580,1000
11/05/1940,AR,White,Dewey,republican,420,1000
11/05/1940,MO,Howard,Roosevelt,democrat,530,1000
11/05/1940,MO,Howard,Dewey,republican,470,1000
11/05/1940,TX,Knox,Roosevelt,democrat,580,1000
11/05/1940,TX,Knox,Dewey,republican,420,1000
11/05/1940,NJ,Passaic,Roosevelt,democrat,470,1000
11/05/1940,NJ,Passaic,Dewey,republican,530,1000
11/05/1940,MT,Broadwater,Roosevelt,democrat,470,1000
11/05/1940,MT,Broadwater,Dewey,republican,530,1000
11/05/1940,GA,Jones,Roosevelt,democrat,580,1000
11/05/1940,GA,Jones,Dewey,republican,420,1000
11/05/1940,NY,Otsego,Roosevelt,democrat,420,1000
11/05/1940,NY,Otsego,Dewey,republican,580,1000
11/05/1940,TX,Franklin,Roosevelt,democrat,580,1000
11/05/1940,TX,Franklin,Dewey,republican,420,1000
11/05/1940,OK,Garvin,Roosevelt,democrat,580,1000
11/05/1940,OK,Garvin,Dewey,republican,420,1000
11/05/1940,NY,Hamilton,Roosevelt,democrat,420,1000
11/05/1940,NY,Hamilton,Dewey,republican,580,1000
11/05/1940,PA,Pike,Roosevelt,democrat,490,1000
11/05/1940,PA,Pike,Dewey,republican,510,1000
11/05/1940,VT,Orleans,Roosevelt,democrat,420,1000
11/05/1940,VT,Orleans,Dewey,republican,580,1000
11/05/1940,GA,Colquitt,Roosevelt,democrat,580,1000
11/05/1940,GA,Colquitt,Dewey,republican,420,1000
11/05/1940,VT,Chittenden,Roosevelt,democrat,420,1000
11/05/1940,VT,Chittenden,Dewey,republican,580,1000
11/05/1940,MT,Pondera,Roosevelt,democrat,490,1000
11/05/1940,MT,Pondera,Dewey,republican,510,1000
11/05/1940,WI,Columbia,Roosevelt,democrat,420,1000
11/05/1940,WI,Columbia,Dewey,republican,580,1000
11/05/1940,NE,Thurston,Roosevelt,democrat,530,1000
11/05/1940,NE,Thurston,Dewey,republican,470,1000
11/05/1940,AR,Woodruff,Roosevelt,democrat,580,1000
11/05/1940,AR,Woodruff,Dewey,republican,420,1000
11/05/1940,OK,Okfuskee,Roosevelt,democrat,580,1000
11/05/1940,OK,Okfuskee,Dewey,republican,420,1000
11/05/1940,TX,San_Patricio,Roosevelt,democrat,580,1000
11/05/1940,TX,San_Patricio,Dewey,republican,420,1000
11/05/1940,MS,Rankin,Roosevelt,democrat,580,1000
11/05/1940,MS,Rankin,Dewey,republican,420,1000
11/05/1940,NM,Curry,Roosevelt,democrat,530,1000
11/05/1940,NM,Curry,Dewey,republican,470,1000
11/05/1940,MS,Leflore,Roosevelt,democrat,580,1000
11/05/1940,MS,Leflore,Dewey,republican,420,1000
11/05/1940,TX,Hardin,Roosevelt,democrat,580,1000
11/05/1940,TX,Hardin,Dewey,republican,420,1000
11/05/1940,VA,Nelson,Roosevelt,democrat,530,1000
11/05/1940,VA,Nelson,Dewey,republican,470,1000
11/05/1940,TN,Jackson,Roosevelt,democrat,580,1000
11/05/1940,TN,Jackson,Dewey,republican,420,1000
11/05/1940,TX,Refugio,Roosevelt,democrat,580,1000
11/05/1940,TX,Refugio,Dewey,republican,420,1000
11/05/1940,FL,Columbia,Roosevelt,democrat,580,1000
11/05/1940,FL,Columbia,Dewey,republican,420,1000
11/05/1940,KS,Atchison,Roosevelt,democrat,530,1000
11/05/1940,KS,Atchison,Dewey,republican,470,1000
11/05/1940,AL,Jefferson,Roosevelt,democrat,580,1000
11/05/1940,AL,Jefferson,Dewey,republican,420,1000
11/05/1940,TX,Houston,Roosevelt,democrat,580,1000
11/05/1940,TX,Houston,Dewey,republican,420,1000
11/05/1940,WV,Marshall,Roosevelt,democrat,580,1000
11/05/1940,WV,Marshall,Dewey,republican,420,1000
11/05/1940,VA,Pulaski,Roosevelt,democrat,470,1000
11/05/1940,VA,Pulaski,Dewey,republican,530,1000
11/05/1940,MO,DeKalb,Roosevelt,democrat,420,1000
11/05/1940,MO,DeKalb,Dewey,republican,580,1000
11/05/1940,GA,Harris,Roosevelt,democrat,580,1000
11/05/1940,GA,Harris,Dewey,republican,420,1000
11/05/1940,GA,Houston,Roosevelt,democrat,580,1000
11/05/1940,GA,Houston,Dewey,republican,420,1000
11/05/1940,CO,Custer,Roosevelt,democrat,530,1000
11/05/1940,CO,Custer,Dewey,republican,470,1000
11/05/1940,MO,Reynolds,Roosevelt,democrat,580,1000
11/05/1940,MO,Reynolds,Dewey,republican,420,1000
11/05/1940,TX,San_Saba,Roosevelt,democrat,530,1000
11/05/1940,TX,San_Saba,Dewey,republican,470,1000
11/05/1940,CO,Fremont,Roosevelt,democrat,530,1000
11/05/1940,CO,Fremont,Dewey,republican,470,1000
11/05/1940,TX,Webb,Roosevelt,democrat,580,1000
11/05/1940,TX,Webb,Dewey,republican,420,1000
11/05/1940,KY,Pulaski,Roosevelt,democrat,420,1000
11/05/1940,KY,Pulaski,Dewey,republican,580,1000
11/05/1940,KS,Thomas,Roosevelt,democrat,580,1000
11/05/1940,KS,Thomas,Dewey,republican,420,1000
11/05/1940,UT,Box_Elder,Roosevelt,democrat,530,1000
11/05/1940,UT,Box_Elder,Dewey,republican,470,1000
11/05/1940,TN,Marion,Roosevelt,democrat,580,1000
11/05/1940,TN,Marion,Dewey,republican,420,1000
11/05/1940,MN,Chisago,Roosevelt,democrat,420,1000
11/05/1940,MN,Chisago,Dewey,republican,580,1000
11/05/1940,NC,Transylvania,Roosevelt,democrat,420,1000
11/05/1940,NC,Transylvania,Dewey,republican,580,1000
11/05/1940,MT,Treasure,Roosevelt,democrat,490,1000
11/05/1940,MT,Treasure,Dewey,republican,510,1000
11/05/1940,WA,Thurston,Roosevelt,democrat,530,1000
11/05/1940,WA,Thurston,Dewey,republican,470,1000
11/05/1940,MI,Barry,Roosevelt,democrat,420,1000
11/05/1940,MI,Barry,Dewey,republican,580,1000
11/05/1940,UT,Juab,Roosevelt,democrat,420,1000
11/05/1940,UT,Juab,Dewey,republican,580,1000
11/05/1940,VA,King_William,Roosevelt,democrat,420,1000
11/05/1940,VA,King_William,Dewey,republican,580,1000
11/05/1940,GA,Catoosa,Roosevelt,democrat,580,1000
11/05/1940,GA,Catoosa,Dewey,republican,420,1000
11/05/1940,NJ,Bergen,Roosevelt,democrat,470,1000
11/05/1940,NJ,Bergen,Dewey,republican,530,1000
11/05/1940,TX,Wilbarger,Roosevelt,democrat,580,1000
11/05/1940,TX,Wilbarger,Dewey,republican,420,1000
11/05/1940,OR,Coos,Roosevelt,democrat,530,1000
11/05/1940,OR,Coos,Dewey,republican,470,1000
11/05/1940,AZ,Yuma,Roosevelt,democrat,420,1000
11/05/1940,AZ,Yuma,Dewey,republican,580,1000
11/05/1940,IL,Rock_Island,Roosevelt,democrat,580,1000
11/05/1940,IL,Rock_Island,Dewey,republican,420,1000
11/05/1940,KY,Fleming,Roosevelt,democrat,530,1000
11/05/1940,KY,Fleming,Dewey,republican,470,1000
11/05/1940,WI,Menominee,Roosevelt,democrat,420,1000
11/05/1940,WI,Menominee,Dewey,republican,580,1000
11/05/1940,OK,Ellis,Roosevelt,democrat,530,1000
11/05/1940,OK,Ellis,Dewey,republican,470,1000
11/05/1940,VA,Alleghany,Roosevelt,democrat,580,1000
11/05/1940,VA,Alleghany,Dewey,republican,420,1000
11/05/1940,SD,Charles_Mix,Roosevelt,democrat,490,1000
11/05/1940,SD,Charles_Mix,Dewey,republican,510,1000
11/05/1940,TN,Hardeman,Roosevelt,democrat,580,1000
11/05/1940,TN,Hardeman,Dewey,republican,420,1000
11/05/1940,MT,Glacier,Roosevelt,democrat,580,1000
11/05/1940,MT,Glacier,Dewey,republican,420,1000
11/05/1940,MT,Park,Roosevelt,democrat,490,1000
11/05/1940,MT,Park,Dewey,republican,510,1000
11/05/1940,GA,Elbert,Roosevelt,democrat,470,1000
11/05/1940,GA,Elbert,Dewey,republican,530,1000
11/05/1940,MT,Sanders,Roosevelt,democrat,580,1000
11/05/1940,MT,Sanders,Dewey,republican,420,1000
11/05/1940,TX,Van_Zandt,Roosevelt,democrat,580,1000
11/05/1940,TX,Van_Zandt,Dewey,republican,420,1000
11/05/1940,NE,Gage,Roosevelt,democrat,420,1000
11/05/1940,NE,Gage,Dewey,republican,580,1000
11/05/1940,LA,St_Landry,Roosevelt,democrat,580,1000
11/05/1940,LA,St_Landry,Dewey,republican,420,1000
11/05/1940,ME,Knox,Roosevelt,democrat,420,1000
11/05/1940,ME,Knox,Dewey,republican,580,1000
11/05/1940,NV,Lyon,Roosevelt,democrat,530,1000
11/05/1940,NV,Lyon,Dewey,republican,470,1000
11/05/1940,AL,Colbert,Roosevelt,democrat,580,1000
11/05/1940,AL,Colbert,Dewey,republican,420,1000
11/05/1940,LA,Lincoln,Roosevelt,democrat,530,1000
11/05/1940,LA,Lincoln,Dewey,republican,470,1000
11/05/1940,CA,El_Dorado,Roosevelt,democrat,530,1000
11/05/1940,CA,El_Dorado,Dewey,republican,470,1000
11/05/1940,ID,Shoshone,Roosevelt,democrat,580,1000
11/05/1940,ID,Shoshone,Dewey,republican,420,1000
11/05/1940,TN,Wilson,Roosevelt,democrat,510,1000
11/05/1940,TN,Wilson,Dewey,republican,490,1000
11/05/1940,ND,Mercer,Roosevelt,democrat,420,1000
11/05/1940,ND,Mercer,Dewey,republican,580,1000
11/05/1940,TN,Unicoi,Roosevelt,democrat,420,1000
11/05/1940,TN,Unicoi,Dewey,republican,580,1000
11/05/1940,WY,Goshen,Roosevelt,democrat,580,1000
11/05/1940,WY,Goshen,Dewey,republican,420,1000
11/05/1940,MN,Nicollet,Roosevelt,democrat,490,1000
11/05/1940,MN,Nicollet,Dewey,republican,510,1000
11/05/1940,WA,Garfield,Roosevelt,democrat,420,1000
11/05/1940,WA,Garfield,Dewey,republican,580,1000
11/05/1940,MO,Cape_Girardeau,Roosevelt,democrat,530,1000
11/05/1940,MO,Cape_Girardeau,Dewey,republican,470,1000
11/05/1940,OK,Pawnee,Roosevelt,democrat,497,1000
11/05/1940,OK,Pawnee,Dewey,republican,503,1000
11/05/1940,NC,Swain,Roosevelt,democrat,420,1000
11/05/1940,NC,Swain,Dewey,republican,580,1000
11/05/1940,VA,Culpeper,Roosevelt,democrat,470,1000
11/05/1940,VA,Culpeper,Dewey,republican,530,1000
11/05/1940,NY,Tioga,Roosevelt,democrat,420,1000
11/05/1940,NY,Tioga,Dewey,republican,580,1000
11/05/1940,NC,Jackson,Roosevelt,democrat,420,1000
11/05/1940,NC,Jackson,Dewey,republican,580,1000
11/05/1940,TX,Bosque,Roosevelt,democrat,510,1000
11/05/1940,TX,Bosque,Dewey,republican,490,1000
11/05/1940,IL,Pope,Roosevelt,democrat,580,1000
11/05/1940,IL,Pope,Dewey,republican,420,1000
11/05/1940,IA,Buchanan,Roosevelt,democrat,420,1000
11/05/1940,IA,Buchanan,Dewey,republican,580,1000
11/05/1940,TN,Fentress,Roosevelt,democrat,580,1000
11/05/1940,TN,Fentress,Dewey,republican,420,1000
11/05/1940,IL,Sangamon,Roosevelt,democrat,530,1000
11/05/1940,IL,Sangamon,Dewey,republican,470,1000
11/05/1940,KS,Franklin,Roosevelt,democrat,510,1000
11/05/1940,KS,Franklin,Dewey,republican,490,1000
11/05/1940,OR,Jackson,Roosevelt,democrat,530,1000
11/05/1940,OR,Jackson,Dewey,republican,470,1000
11/05/1940,ID,Fremont,Roosevelt,democrat,580,1000
11/05/1940,ID,Fremont,Dewey,republican,420,1000
11/05/1940,NE,Holt,Roosevelt,democrat,490,1000
11/05/1940,NE,Holt,Dewey,republican,510,1000
11/05/1940,MO,Jackson,Roosevelt,democrat,470,1000
11/05/1940,MO,Jackson,Dewey,republican,530,1000
11/05/1940,VA,King_George,Roosevelt,democrat,490,1000
11/05/1940,VA,King_George,Dewey,republican,510,1000
11/05/1940,TX,Caldwell,Roosevelt,democrat,580,1000
11/05/1940,TX,Caldwell,Dewey,republican,420,1000
11/05/1940,VA,Lancaster,Roosevelt,democrat,470,1000
11/05/1940,VA,Lancaster,Dewey,republican,530,1000
11/05/1940,MO,Chariton,Roosevelt,democrat,497,1000
11/05/1940,MO,Chariton,Dewey,republican,503,1000
11/05/1940,MT,Cascade,Roosevelt,democrat,530,1000
11/05/1940,MT,Cascade,Dewey,republican,470,1000
11/05/1940,VA,Mathews,Roosevelt,democrat,490,1000
11/05/1940,VA,Mathews,Dewey,republican,510,1000
11/05/1940,OK,Bryan,Roosevelt,democrat,580,1000
11/05/1940,OK,Bryan,Dewey,republican,420,1000
11/05/1940,TX,Washington,Roosevelt,democrat,470,1000
11/05/1940,TX,Washington,Dewey,republican,530,1000
11/05/1940,OH,Gallia,Roosevelt,democrat,580,1000
11/05/1940,OH,Gallia,Dewey,republican,420,1000
11/05/1940,TN,Hamilton,Roosevelt,democrat,420,1000
11/05/1940,TN,Hamilton,Dewey,republican,580,1000
11/05/1940,NE,Sheridan,Roosevelt,democrat,497,1000
11/05/1940,NE,Sheridan,Dewey,republican,503,1000
11/05/1940,IL,Jo_Daviess,Roosevelt,democrat,580,1000
11/05/1940,IL,Jo_Daviess,Dewey,republican,420,1000
11/05/1940,SD,Corson,Roosevelt,democrat,470,1000
11/05/1940,SD,Corson,Dewey,republican,530,1000
11/05/1940,MO,Lafayette,Roosevelt,democrat,490,1000
11/05/1940,MO,Lafayette,Dewey,republican,510,1000
11/05/1940,PA,Montgomery,Roosevelt,democrat,420,1000
11/05/1940,PA,Montgomery,Dewey,republican,580,1000
11/05/1940,MD,Prince_George_s,Roosevelt,democrat,580,1000
11/05/1940,MD,Prince_George_s,Dewey,republican,420,1000
11/05/1940,VA,Middlesex,Roosevelt,democrat,490,1000
11/05/1940,VA,Middlesex,Dewey,republican,510,1000
11/05/1940,ID,Owyhee,Roosevelt,democrat,510,1000
11/05/1940,ID,Owyhee,Dewey,republican,490,1000
11/05/1940,KS,Doniphan,Roosevelt,democrat,510,1000
11/05/1940,KS,Doniphan,Dewey,republican,490,1000
11/05/1940,NC,Graham,Roosevelt,democrat,420,1000
11/05/1940,NC,Graham,Dewey,republican,580,1000
11/05/1940,AL,Lamar,Roosevelt,democrat,580,1000
11/05/1940,AL,Lamar,Dewey,republican,420,1000
11/05/1940,GA,Coffee,Roosevelt,democrat,530,1000
11/05/1940,GA,Coffee,Dewey,republican,470,1000
11/05/1940,CO,Ouray,Roosevelt,democrat,580,1000
11/05/1940,CO,Ouray,Dewey,republican,420,1000
11/05/1940,NC,Henderson,Roosevelt,democrat,420,1000
11/05/1940,NC,Henderson,Dewey,republican,580,1000
11/05/1940,ID,Elmore,Roosevelt,democrat,580,1000
11/05/1940,ID,Elmore,Dewey,republican,420,1000
11/05/1940,ID,Jefferson,Roosevelt,democrat,530,1000
11/05/1940,ID,Jefferson,Dewey,republican,470,1000
11/05/1940,IN,Lake,Roosevelt,democrat,580,1000
11/05/1940,IN,Lake,Dewey,republican,420,1000
11/05/1940,PA,Lycoming,Roosevelt,democrat,420,1000
11/05/1940,PA,Lycoming,Dewey,republican,580,1000
11/05/1940,NJ,Hunterdon,Roosevelt,democrat,420,1000
11/05/1940,NJ,Hunterdon,Dewey,republican,580,1000
11/05/1940,VA,Smyth,Roosevelt,democrat,580,1000
11/05/1940,VA,Smyth,Dewey,republican,420,1000
11/05/1940,VA,Spotsylvania,Roosevelt,democrat,420,1000
11/05/1940,VA,Spotsylvania,Dewey,republican,580,1000
11/05/1940,NE,Sarpy,Roosevelt,democrat,420,1000
11/05/1940,NE,Sarpy,Dewey,republican,580,1000
11/05/1940,OK,Harmon,Roosevelt,democrat,580,1000
11/05/1940,OK,Harmon,Dewey,republican,420,1000
11/05/1940,GA,Toombs,Roosevelt,democrat,580,1000
11/05/1940,GA,Toombs,Dewey,republican,420,1000
11/05/1940,KS,Harper,Roosevelt,democrat,530,1000
11/05/1940,KS,Harper,Dewey,republican,470,1000
11/05/1940,AL,Shelby,Roosevelt,democrat,580,1000
11/05/1940,AL,Shelby,Dewey,republican,420,1000
11/05/1940,AR,Calhoun,Roosevelt,democrat,530,1000
11/05/1940,AR,Calhoun,Dewey,republican,470,1000
11/05/1940,NY,Columbia,Roosevelt,democrat,420,1000
11/05/1940,NY,Columbia,Dewey,republican,580,1000
11/05/1940,GA,Warren,Roosevelt,democrat,580,1000
11/05/1940,GA,Warren,Dewey,republican,420,1000
11/05/1940,OR,Linn,Roosevelt,democrat,530,1000
11/05/1940,OR,Linn,Dewey,republican,470,1000
11/05/1940,SD,Gregory,Roosevelt,democrat,420,1000
11/05/1940,SD,Gregory,Dewey,republican,580,1000
11/05/1940,TX,San_Jacinto,Roosevelt,democrat,470,1000
11/05/1940,TX,San_Jacinto,Dewey,republican,530,1000
11/05/1940,IL,Calhoun,Roosevelt,democrat,580,1000
11/05/1940,IL,Calhoun,Dewey,republican,420,1000
11/05/1940,FL,Brevard,Roosevelt,democrat,530,1000
11/05/1940,FL,Brevard,Dewey,republican,470,1000
11/05/1940,NE,Scotts_Bluff,Roosevelt,democrat,580,1000
11/05/1940,NE,Scotts_Bluff,Dewey,republican,420,1000
11/05/1940,ND,Nelson,Roosevelt,democrat,580,1000
11/05/1940,ND,Nelson,Dewey,republican,420,1000
11/05/1940,ME,Androscoggin,Roosevelt,democrat,530,1000
11/05/1940,ME,Androscoggin,Dewey,republican,470,1000
11/05/1940,TX,Wise,Roosevelt,democrat,530,1000
11/05/1940,TX,Wise,Dewey,republican,470,1000
11/05/1940,TN,Rutherford,Roosevelt,democrat,580,1000
11/05/1940,TN,Rutherford,Dewey,republican,420,1000
11/05/1940,MI,Houghton,Roosevelt,democrat,580,1000
11/05/1940,MI,Houghton,Dewey,republican,420,1000
11/05/1940,KY,Leslie,Roosevelt,democrat,420,1000
11/05/1940,KY,Leslie,Dewey,republican,580,1000
11/05/1940,NC,Harnett,Roosevelt,democrat,510,1000
11/05/1940,NC,Harnett,Dewey,republican,490,1000
11/05/1940,KY,Perry,Roosevelt,democrat,580,1000
11/05/1940,KY,Perry,Dewey,republican,420,1000
11/05/1940,IL,DuPage,Roosevelt,democrat,420,1000
11/05/1940,IL,DuPage,Dewey,republican,580,1000
11/05/1940,MN,Anoka,Roosevelt,democrat,420,1000
11/05/1940,MN,Anoka,Dewey,republican,580,1000
11/05/1940,CA,Butte,Roosevelt,democrat,420,1000
11/05/1940,CA,Butte,Dewey,republican,580,1000
11/05/1940,MN,Stearns,Roosevelt,democrat,470,1000
11/05/1940,MN,Stearns,Dewey,republican,530,1000
11/05/1940,MN,Sherburne,Roosevelt,democrat,420,1000
11/05/1940,MN,Sherburne,Dewey,republican,580,1000
11/05/1940,MO,Jasper,Roosevelt,democrat,530,1000
11/05/1940,MO,Jasper,Dewey,republican,470,1000
11/05/1940,GA,Wayne,Roosevelt,democrat,530,1000
11/05/1940,GA,Wayne,Dewey,republican,470,1000
11/05/1940,MD,Frederick,Roosevelt,democrat,420,1000
11/05/1940,MD,Frederick,Dewey,republican,580,1000
11/05/1940,AL,Dallas,Roosevelt,democrat,580,1000
11/05/1940,AL,Dallas,Dewey,republican,420,1000
11/05/1940,MI,Genesee,Roosevelt,democrat,470,1000
11/05/1940,MI,Genesee,Dewey,republican,530,1000
11/05/1940,NC,Hoke,Roosevelt,democrat,530,1000
11/05/1940,NC,Hoke,Dewey,republican,470,1000
11/05/1940,VA,Campbell,Roosevelt,democrat,580,1000
11/05/1940,VA,Campbell,Dewey,republican,420,1000
11/05/1940,MN,Jackson,Roosevelt,democrat,420,1000
11/05/1940,MN,Jackson,Dewey,republican,580,1000
11/05/1940,MI,St_Joseph,Roosevelt,democrat,420,1000
11/05/1940,MI,St_Joseph,Dewey,republican,580,1000
11/05/1940,KY,Bath,Roosevelt,democrat,530,1000
11/05/1940,KY,Bath,Dewey,republican,470,1000
11/05/1940,SD,Brookings,Roosevelt,democrat,530,1000
11/05/1940,SD,Brookings,Dewey,republican,470,1000
11/05/1940,TN,Cocke,Roosevelt,democrat,420,1000
11/05/1940,TN,Cocke,Dewey,republican,580,1000
11/05/1940,SD,Minnehaha,Roosevelt,democrat,530,1000
11/05/1940,SD,Minnehaha,Dewey,republican,470,1000
11/05/1940,SC,Abbeville,Roosevelt,democrat,580,1000
11/05/1940,SC,Abbeville,Dewey,republican,420,1000
11/05/1940,SC,Aiken,Roosevelt,democrat,580,1000
11/05/1940,SC,Aiken,Dewey,republican,420,1000
11/05/1940,TN,Dickson,Roosevelt,democrat,530,1000
11/05/1940,TN,Dickson,Dewey,republican,470,1000
11/05/1940,SC,Edgefield,Roosevelt,democrat,580,1000
11/05/1940,SC,Edgefield,Dewey,republican,420,1000
11/05/1940,MN,Lac_Qui_Parle,Roosevelt,democrat,510,1000
11/05/1940,MN,Lac_Qui_Parle,Dewey,republican,490,1000
11/05/1940,MT,Powell,Roosevelt,democrat,530,1000
11/05/1940,MT,Powell,Dewey,republican,470,1000
11/05/1940,OR,Union,Roosevelt,democrat,470,1000
11/05/1940,OR,Union,Dewey,republican,530,1000
11/05/1940,AK,Dillingham,Roosevelt,democrat,470,1000
11/05/1940,AK,Dillingham,Dewey,republican,530,1000
11/05/1940,IN,Jefferson,Roosevelt,democrat,580,1000
11/05/1940,IN,Jefferson,Dewey,republican,420,1000
11/05/1940,MS,Coahoma,Roosevelt,democrat,580,1000
11/05/1940,MS,Coahoma,Dewey,republican,420,1000
11/05/1940,NY,Orange,Roosevelt,democrat,420,1000
11/05/1940,NY,Orange,Dewey,republican,580,1000
11/05/1940,WI,Iron,Roosevelt,democrat,580,1000
11/05/1940,WI,Iron,Dewey,republican,420,1000
11/05/1940,KY,Franklin,Roosevelt,democrat,580,1000
11/05/1940,KY,Franklin,Dewey,republican,420,1000
11/05/1940,IN,Clinton,Roosevelt,democrat,420,1000
11/05/1940,IN,Clinton,Dewey,republican,580,1000
11/05/1940,LA,St_Charles,Roosevelt,democrat,580,1000
11/05/1940,LA,St_Charles,Dewey,republican,420,1000
11/05/1940,NC,Greene,Roosevelt,democrat,580,1000
11/05/1940,NC,Greene,Dewey,republican,420,1000
11/05/1940,TN,Lauderdale,Roosevelt,democrat,580,1000
11/05/1940,TN,Lauderdale,Dewey,republican,420,1000
11/05/1940,TN,DeKalb,Roosevelt,democrat,580,1000
11/05/1940,TN,DeKalb,Dewey,republican,420,1000
11/05/1940,FL,Citrus,Roosevelt,democrat,580,1000
11/05/1940,FL,Citrus,Dewey,republican,420,1000
11/05/1940,SC,Greenwood,Roosevelt,democrat,580,1000
11/05/1940,SC,Greenwood,Dewey,republican,420,1000
11/05/1940,TN,Perry,Roosevelt,democrat,580,1000
11/05/1940,TN,Perry,Dewey,republican,420,1000
11/05/1940,WI,Sheboygan,Roosevelt,democrat,420,1000
11/05/1940,WI,Sheboygan,Dewey,republican,580,1000
11/05/1940,SC,Spartanburg,Roosevelt,democrat,580,1000
11/05/1940,SC,Spartanburg,Dewey,republican,420,1000
11/05/1940,MN,Renville,Roosevelt,democrat,490,1000
11/05/1940,MN,Renville,Dewey,republican,510,1000
11/05/1940,MO,Cole,Roosevelt,democrat,530,1000
11/05/1940,MO,Cole,Dewey,republican,470,1000
11/05/1940,WY,Fremont,Roosevelt,democrat,580,1000
11/05/1940,WY,Fremont,Dewey,republican,420,1000
11/05/1940,TN,Claiborne,Roosevelt,democrat,490,1000
11/05/1940,TN,Claiborne,Dewey,republican,510,1000
11/05/1940,PA,Beaver,Roosevelt,democrat,580,1000
11/05/1940,PA,Beaver,Dewey,republican,420,1000
11/05/1940,PA,Erie,Roosevelt,democrat,580,1000
11/05/1940,PA,Erie,Dewey,republican,420,1000
11/05/1940,NC,Wayne,Roosevelt,democrat,580,1000
11/05/1940,NC,Wayne,Dewey,republican,420,1000
11/05/1940,TX,Hays,Roosevelt,democrat,580,1000
11/05/1940,TX,Hays,Dewey,republican,420,1000
11/05/1940,UT,Millard,Roosevelt,democrat,530,1000
11/05/1940,UT,Millard,Dewey,republican,470,1000
11/05/1940,AL,Tallapoosa,Roosevelt,democrat,580,1000
11/05/1940,AL,Tallapoosa,Dewey,republican,420,1000
11/05/1940,MN,Washington,Roosevelt,democrat,420,1000
11/05/1940,MN,Washington,Dewey,republican,580,1000
11/05/1940,IA,Lyon,Roosevelt,democrat,420,1000
11/05/1940,IA,Lyon,Dewey,republican,580,1000
11/05/1940,NY,Chemung,Roosevelt,democrat,420,1000
11/05/1940,NY,Chemung,Dewey,republican,580,1000
11/05/1940,NE,Red_Willow,Roosevelt,democrat,580,1000
11/05/1940,NE,Red_Willow,Dewey,republican,420,1000
11/05/1940,WV,Hancock,Roosevelt,democrat,580,1000
11/05/1940,WV,Hancock,Dewey,republican,420,1000
11/05/1940,FL,Okeechobee,Roosevelt,democrat,580,1000
11/05/1940,FL,Okeechobee,Dewey,republican,420,1000
11/05/1940,NE,Hitchcock,Roosevelt,democrat,580,1000
11/05/1940,NE,Hitchcock,Dewey,republican,420,1000
11/05/1940,LA,Cameron,Roosevelt,democrat,580,1000
11/05/1940,LA,Cameron,Dewey,republican,420,1000
11/05/1940,OK,Love,Roosevelt,democrat,580,1000
11/05/1940,OK,Love,Dewey,republican,420,1000
11/05/1940,IA,Bremer,Roosevelt,democrat,470,1000
11/05/1940,IA,Bremer,Dewey,republican,530,1000
11/05/1940,ID,Butte,Roosevelt,democrat,580,1000
11/05/1940,ID,Butte,Dewey,republican,420,1000
11/05/1940,AR,Lafayette,Roosevelt,democrat,580,1000
11/05/1940,AR,Lafayette,Dewey,republican,420,1000
11/05/1940,SD,Stanley,Roosevelt,democrat,420,1000
11/05/1940,SD,Stanley,Dewey,republican,580,1000
11/05/1940,OH,Franklin,Roosevelt,democrat,420,1000
11/05/1940,OH,Franklin,Dewey,republican,580,1000
11/05/1940,MT,Fergus,Roosevelt,democrat,420,1000
11/05/1940,MT,Fergus,Dewey,republican,580,1000
11/05/1940,NC,Davie,Roosevelt,democrat,420,1000
11/05/1940,NC,Davie,Dewey,republican,580,1000
11/05/1940,AR,Independence,Roosevelt,democrat,510,1000
11/05/1940,AR,Independence,Dewey,republican,490,1000
11/05/1940,NC,Pender,Roosevelt,democrat,580,1000
11/05/1940,NC,Pender,Dewey,republican,420,1000
11/05/1940,MO,Nodaway,Roosevelt,democrat,420,1000
11/05/1940,MO,Nodaway,Dewey,republican,580,1000
11/05/1940,NE,Seward,Roosevelt,democrat,420,1000
11/05/1940,NE,Seward,Dewey,republican,580,1000
11/05/1940,OK,Wagoner,Roosevelt,democrat,580,1000
11/05/1940,OK,Wagoner,Dewey,republican,420,1000
11/05/1940,OK,Harper,Roosevelt,democrat,503,1000
11/05/1940,OK,Harper,Dewey,republican,497,1000
11/05/1940,AL,Covington,Roosevelt,democrat,580,1000
11/05/1940,AL,Covington,Dewey,republican,420,1000
11/05/1940,KS,Greeley,Roosevelt,democrat,580,1000
11/05/1940,KS,Greeley,Dewey,republican,420,1000
11/05/1940,MI,Arenac,Roosevelt,democrat,470,1000
11/05/1940,MI,Arenac,Dewey,republican,530,1000
11/05/1940,TX,Jefferson,Roosevelt,democrat,580,1000
11/05/1940,TX,Jefferson,Dewey,republican,420,1000
11/05/1940,WI,Burnett,Roosevelt,democrat,420,1000
11/05/1940,WI,Burnett,Dewey,republican,580,1000
11/05/1940,IN,Floyd,Roosevelt,democrat,530,1000
11/05/1940,IN,Floyd,Dewey,republican,470,1000
11/05/1940,MI,Gogebic,Roosevelt,democrat,580,1000
11/05/1940,MI,Gogebic,Dewey,republican,420,1000
11/05/1940,GA,Union,Roosevelt,democrat,490,1000
11/05/1940,GA,Union,Dewey,republican,510,1000
11/05/1940,NJ,Middlesex,Roosevelt,democrat,470,1000
11/05/1940,NJ,Middlesex,Dewey,republican,530,1000
11/05/1940,AR,Monroe,Roosevelt,democrat,580,1000
11/05/1940,AR,Monroe,Dewey,republican,420,1000
11/05/1940,MN,Pennington,Roosevelt,democrat,580,1000
11/05/1940,MN,Pennington,Dewey,republican,420,1000
11/05/1940,RI,Washington,Roosevelt,democrat,420,1000
11/05/1940,RI,Washington,Dewey,republican,580,1000
11/05/1940,AR,Lonoke,Roosevelt,democrat,580,1000
11/05/1940,AR,Lonoke,Dewey,republican,420,1000
11/05/1940,NE,Dakota,Roosevelt,democrat,490,1000
11/05/1940,NE,Dakota,Dewey,republican,510,1000
11/05/1940,AR,Little_River,Roosevelt,democrat,580,1000
11/05/1940,AR,Little_River,Dewey,republican,420,1000
11/05/1940,AR,Logan,Roosevelt,democrat,530,1000
11/05/1940,AR,Logan,Dewey,republican,470,1000
11/05/1940,VA,Harrisonburg,Roosevelt,democrat,490,1000
11/05/1940,VA,Harrisonburg,Dewey,republican,510,1000
11/05/1940,NC,Mitchell,Roosevelt,democrat,470,1000
11/05/1940,NC,Mitchell,Dewey,republican,530,1000
11/05/1940,VA,York,Roosevelt,democrat,530,1000
11/05/1940,VA,York,Dewey,republican,470,1000
11/05/1940,LA,Rapides,Roosevelt,democrat,580,1000
11/05/1940,LA,Rapides,Dewey,republican,420,1000
11/05/1940,KS,Gove,Roosevelt,democrat,470,1000
11/05/1940,KS,Gove,Dewey,republican,530,1000
11/05/1940,VA,Powhatan,Roosevelt,democrat,490,1000
11/05/1940,VA,Powhatan,Dewey,republican,510,1000
11/05/1940,AR,Sharp,Roosevelt,democrat,580,1000
11/05/1940,AR,Sharp,Dewey,republican,420,1000
11/05/1940,MS,Tate,Roosevelt,democrat,580,1000
11/05/1940,MS,Tate,Dewey,republican,420,1000
11/05/1940,TN,Scott,Roosevelt,democrat,580,1000
11/05/1940,TN,Scott,Dewey,republican,420,1000
11/05/1940,ME,Penobscot,Roosevelt,democrat,530,1000
11/05/1940,ME,Penobscot,Dewey,republican,470,1000
11/05/1940,NC,Montgomery,Roosevelt,democrat,470,1000
11/05/1940,NC,Montgomery,Dewey,republican,530,1000
11/05/1940,NE,Sioux,Roosevelt,democrat,580,1000
11/05/1940,NE,Sioux,Dewey,republican,420,1000
11/05/1940,WA,Columbia,Roosevelt,democrat,420,1000
11/05/1940,WA,Columbia,Dewey,republican,580,1000
11/05/1940,CA,San_Francisco,Roosevelt,democrat,580,1000
11/05/1940,CA,San_Francisco,Dewey,republican,420,1000
11/05/1940,MO,Platte,Roosevelt,democrat,530,1000
11/05/1940,MO,Platte,Dewey,republican,470,1000
11/05/1940,ND,Traill,Roosevelt,democrat,580,1000
11/05/1940,ND,Traill,Dewey,republican,420,1000
11/05/1940,NJ,Atlantic,Roosevelt,democrat,530,1000
11/05/1940,NJ,Atlantic,Dewey,republican,470,1000
11/05/1940,VA,Chesterfield,Roosevelt,democrat,420,1000
11/05/1940,VA,Chesterfield,Dewey,republican,580,1000
11/05/1940,IN,LaGrange,Roosevelt,democrat,490,1000
11/05/1940,IN,LaGrange,Dewey,republican,510,1000
11/05/1940,CO,Garfield,Roosevelt,democrat,470,1000
11/05/1940,CO,Garfield,Dewey,republican,530,1000
11/05/1940,FL,Indian_River,Roosevelt,democrat,510,1000
11/05/1940,FL,Indian_River,Dewey,republican,490,1000
11/05/1940,NC,Rutherford,Roosevelt,democrat,420,1000
11/05/1940,NC,Rutherford,Dewey,republican,580,1000
11/05/1940,OH,Mahoning,Roosevelt,democrat,580,1000
11/05/1940,OH,Mahoning,Dewey,republican,420,1000
11/05/1940,KS,Clark,Roosevelt,democrat,580,1000
11/05/1940,KS,Clark,Dewey,republican,420,1000
11/05/1940,MO,Buchanan,Roosevelt,democrat,470,1000
11/05/1940,MO,Buchanan,Dewey,republican,530,1000
11/05/1940,OH,Lake,Roosevelt,democrat,530,1000
11/05/1940,OH,Lake,Dewey,republican,470,1000
11/05/1940,IN,Daviess,Roosevelt,democrat,530,1000
11/05/1940,IN,Daviess,Dewey,republican,470,1000
11/05/1940,IA,Muscatine,Roosevelt,democrat,530,1000
11/05/1940,IA,Muscatine,Dewey,republican,470,1000
11/05/1940,NJ,Hudson,Roosevelt,democrat,580,1000
11/05/1940,NJ,Hudson,Dewey,republican,420,1000
11/05/1940,CA,Plumas,Roosevelt,democrat,530,1000
11/05/1940,CA,Plumas,Dewey,republican,470,1000
11/05/1940,LA,Winn,Roosevelt,democrat,530,1000
11/05/1940,LA,Winn,Dewey,republican,470,1000
11/05/1940,AR,Pike,Roosevelt,democrat,580,1000
11/05/1940,AR,Pike,Dewey,republican,420,1000
11/05/1940,MO,St_Charles,Roosevelt,democrat,420,1000
11/05/1940,MO,St_Charles,Dewey,republican,580,1000
11/05/1940,IL,Knox,Roosevelt,democrat,530,1000
11/05/1940,IL,Knox,Dewey,republican,470,1000
11/05/1940,CA,San_Mateo,Roosevelt,democrat,580,1000
11/05/1940,CA,San_Mateo,Dewey,republican,420,1000
11/05/1940,AL,Crenshaw,Roosevelt,democrat,580,1000
11/05/1940,AL,Crenshaw,Dewey,republican,420,1000
11/05/1940,NC,Tyrrell,Roosevelt,democrat,580,1000
11/05/1940,NC,Tyrrell,Dewey,republican,420,1000
11/05/1940,KS,Johnson,Roosevelt,democrat,420,1000
11/05/1940,KS,Johnson,Dewey,republican,580,1000
11/05/1940,IN,Steuben,Roosevelt,democrat,530,1000
11/05/1940,IN,Steuben,Dewey,republican,470,1000
11/05/1940,CO,Kit_Carson,Roosevelt,democrat,580,1000
11/05/1940,CO,Kit_Carson,Dewey,republican,420,1000
11/05/1940,FL,Palm_Beach,Roosevelt,democrat,530,1000
11/05/1940,FL,Palm_Beach,Dewey,republican,470,1000
11/05/1940,IL,Marion,Roosevelt,democrat,580,1000
11/05/1940,IL,Marion,Dewey,republican,420,1000
11/05/1940,CO,Moffat,Roosevelt,democrat,580,1000
11/05/1940,CO,Moffat,Dewey,republican,420,1000
11/05/1940,MN,Norman,Roosevelt,democrat,580,1000
11/05/1940,MN,Norman,Dewey,republican,420,1000
11/05/1940,MO,Bollinger,Roosevelt,democrat,510,1000
11/05/1940,MO,Bollinger,Dewey,republican,490,1000
11/05/1940,VA,Appomattox,Roosevelt,democrat,580,1000
11/05/1940,VA,Appomattox,Dewey,republican,420,1000
11/05/1940,WA,Wahkiakum,Roosevelt,democrat,530,1000
11/05/1940,WA,Wahkiakum,Dewey,republican,470,1000
11/05/1940,GA,Richmond,Roosevelt,democrat,580,1000
11/05/1940,GA,Richmond,Dewey,republican,420,1000
11/05/1940,NC,Orange,Roosevelt,democrat,580,1000
11/05/1940,NC,Orange,Dewey,republican,420,1000
11/05/1940,PA,Armstrong,Roosevelt,democrat,420,1000
11/05/1940,PA,Armstrong,Dewey,republican,580,1000
11/05/1940,TX,Henderson,Roosevelt,democrat,580,1000
11/05/1940,TX,Henderson,Dewey,republican,420,1000
11/05/1940,GA,Stewart,Roosevelt,democrat,580,1000
11/05/1940,GA,Stewart,Dewey,republican,420,1000
11/05/1940,KY,Hardin,Roosevelt,democrat,510,1000
11/05/1940,KY,Hardin,Dewey,republican,490,1000
11/05/1940,MN,Morrison,Roosevelt,democrat,470,1000
11/05/1940,MN,Morrison,Dewey,republican,530,1000
11/05/1940,IL,Mason,Roosevelt,democrat,510,1000
11/05/1940,IL,Mason,Dewey,republican,490,1000
11/05/1940,TX,Red_River,Roosevelt,democrat,580,1000
11/05/1940,TX,Red_River,Dewey,republican,420,1000
11/05/1940,FL,Collier,Roosevelt,democrat,420,1000
11/05/1940,FL,Collier,Dewey,republican,580,1000
11/05/1940,TX,Travis,Roosevelt,democrat,580,1000
11/05/1940,TX,Travis,Dewey,republican,420,1000
11/05/1940,CA,Sutter,Roosevelt,democrat,510,1000
11/05/1940,CA,Sutter,Dewey,republican,490,1000
11/05/1940,CA,Lassen,Roosevelt,democrat,470,1000
11/05/1940,CA,Lassen,Dewey,republican,530,1000
11/05/1940,FL,Osceola,Roosevelt,democrat,490,1000
11/05/1940,FL,Osceola,Dewey,republican,510,1000
11/05/1940,ID,Teton,Roosevelt,democrat,580,1000
11/05/1940,ID,Teton,Dewey,republican,420,1000
11/05/1940,CO,Rio_Grande,Roosevelt,democrat,580,1000
11/05/1940,CO,Rio_Grande,Dewey,republican,420,1000
11/05/1940,MI,Delta,Roosevelt,democrat,580,1000
11/05/1940,MI,Delta,Dewey,republican,420,1000
11/05/1940,NY,Queens,Roosevelt,democrat,420,1000
11/05/1940,NY,Queens,Dewey,republican,580,1000
11/05/1940,OR,Curry,Roosevelt,democrat,510,1000
11/05/1940,OR,Curry,Dewey,republican,490,1000
11/05/1940,VA,Essex,Roosevelt,democrat,530,1000
11/05/1940,VA,Essex,Dewey,republican,470,1000
11/05/1940,OK,Tillman,Roosevelt,democrat,580,1000
11/05/1940,OK,Tillman,Dewey,republican,420,1000
11/05/1940,CO,Crowley,Roosevelt,democrat,580,1000
11/05/1940,CO,Crowley,Dewey,republican,420,1000
11/05/1940,CO,Pueblo,Roosevelt,democrat,470,1000
11/05/1940,CO,Pueblo,Dewey,republican,530,1000
11/05/1940,CO,Las_Animas,Roosevelt,democrat,580,1000
11/05/1940,CO,Las_Animas,Dewey,republican,420,1000
11/05/1940,OK,Adair,Roosevelt,democrat,580,1000
11/05/1940,OK,Adair,Dewey,republican,420,1000
11/05/1940,NY,Schoharie,Roosevelt,democrat,420,1000
11/05/1940,NY,Schoharie,Dewey,republican,580,1000
11/05/1940,NY,Broome,Roosevelt,democrat,420,1000
11/05/1940,NY,Broome,Dewey,republican,580,1000
11/05/1940,OH,Scioto,Roosevelt,democrat,580,1000
11/05/1940,OH,Scioto,Dewey,republican,420,1000
11/05/1940,OH,Seneca,Roosevelt,democrat,420,1000
11/05/1940,OH,Seneca,Dewey,republican,580,1000
11/05/1940,TX,Starr,Roosevelt,democrat,580,1000
11/05/1940,TX,Starr,Dewey,republican,420,1000
11/05/1940,GA,Glynn,Roosevelt,democrat,580,1000
11/05/1940,GA,Glynn,Dewey,republican,420,1000
11/05/1940,GA,Hall,Roosevelt,democrat,420,1000
11/05/1940,GA,Hall,Dewey,republican,580,1000
11/05/1940,TX,Brazoria,Roosevelt,democrat,580,1000
11/05/1940,TX,Brazoria,Dewey,republican,420,1000
11/05/1940,PA,Northumberland,Roosevelt,democrat,420,1000
11/05/1940,PA,Northumberland,Dewey,republican,580,1000
11/05/1940,MI,Washtenaw,Roosevelt,democrat,420,1000
11/05/1940,MI,Washtenaw,Dewey,republican,580,1000
11/05/1940,NC,Ashe,Roosevelt,democrat,420,1000
11/05/1940,NC,Ashe,Dewey,republican,580,1000
11/05/1940,VA,Russell,Roosevelt,democrat,580,1000
11/05/1940,VA,Russell,Dewey,republican,420,1000
11/05/1940,NC,Bladen,Roosevelt,democrat,580,1000
11/05/1940,NC,Bladen,Dewey,republican,420,1000
11/05/1940,KY,Johnson,Roosevelt,democrat,580,1000
11/05/1940,KY,Johnson,Dewey,republican,420,1000
11/05/1940,NC,Robeson,Roosevelt,democrat,580,1000
11/05/1940,NC,Robeson,Dewey,republican,420,1000
11/05/1940,TN,Shelby,Roosevelt,democrat,580,1000
11/05/1940,TN,Shelby,Dewey,republican,420,1000
11/05/1940,MI,Iosco,Roosevelt,democrat,490,1000
11/05/1940,MI,Iosco,Dewey,republican,510,1000
11/05/1940,OK,Muskogee,Roosevelt,democrat,580,1000
11/05/1940,OK,Muskogee,Dewey,republican,420,1000
11/05/1940,GA,Crawford,Roosevelt,democrat,580,1000
11/05/1940,GA,Crawford,Dewey,republican,420,1000
11/05/1940,VA,Virginia_Beach,Roosevelt,democrat,420,1000
11/05/1940,VA,Virginia_Beach,Dewey,republican,580,1000
11/05/1940,MI,Oakland,Roosevelt,democrat,420,1000
11/05/1940,MI,Oakland,Dewey,republican,580,1000
11/05/1940,MI,Saginaw,Roosevelt,democrat,420,1000
11/05/1940,MI,Saginaw,Dewey,republican,580,1000
11/05/1940,TN,Greene,Roosevelt,democrat,420,1000
11/05/1940,TN,Greene,Dewey,republican,580,1000
11/05/1940,PA,Carbon,Roosevelt,democrat,470,1000
11/05/1940,PA,Carbon,Dewey,republican,530,1000
11/05/1940,SC,Chesterfield,Roosevelt,democrat,580,1000
11/05/1940,SC,Chesterfield,Dewey,republican,420,1000
11/05/1940,TN,Sullivan,Roosevelt,democrat,420,1000
11/05/1940,TN,Sullivan,Dewey,republican,580,1000
11/05/1940,NM,Roosevelt,Roosevelt,democrat,510,1000
11/05/1940,NM,Roosevelt,Dewey,republican,490,1000
11/05/1940,LA,Ascension,Roosevelt,democrat,580,1000
11/05/1940,LA,Ascension,Dewey,republican,420,1000
11/05/1940,GA,Berrien,Roosevelt,democrat,580,1000
11/05/1940,GA,Berrien,Dewey,republican,420,1000
11/05/1940,NC,Johnston,Roosevelt,democrat,580,1000
11/05/1940,NC,Johnston,Dewey,republican,420,1000
11/05/1940,KY,Lawrence,Roosevelt,democrat,580,1000
11/05/1940,KY,Lawrence,Dewey,republican,420,1000
11/05/1940,PA,Fayette,Roosevelt,democrat,580,1000
11/05/1940,PA,Fayette,Dewey,republican,420,1000
11/05/1940,TN,Lawrence,Roosevelt,democrat,580,1000
11/05/1940,TN,Lawrence,Dewey,republican,420,1000
11/05/1940,UT,Iron,Roosevelt,democrat,580,1000
11/05/1940,UT,Iron,Dewey,republican,420,1000
11/05/1940,VA,Bland,Roosevelt,democrat,580,1000
11/05/1940,VA,Bland,Dewey,republican,420,1000
11/05/1940,IA,Lee,Roosevelt,democrat,580,1000
11/05/1940,IA,Lee,Dewey,republican,420,1000
11/05/1940,MI,Bay,Roosevelt,democrat,510,1000
11/05/1940,MI,Bay,Dewey,republican,490,1000
11/05/1940,NE,Washington,Roosevelt,democrat,420,1000
11/05/1940,NE,Washington,Dewey,republican,580,1000
11/05/1940,NE,Cheyenne,Roosevelt,democrat,580,1000
11/05/1940,NE,Cheyenne,Dewey,republican,420,1000
11/05/1940,SC,Hampton,Roosevelt,democrat,580,1000
11/05/1940,SC,Hampton,Dewey,republican,420,1000
11/05/1940,NC,Rockingham,Roosevelt,democrat,470,1000
11/05/1940,NC,Rockingham,Dewey,republican,530,1000
11/05/1940,OH,Miami,Roosevelt,democrat,420,1000
11/05/1940,OH,Miami,Dewey,republican,580,1000
11/05/1940,OK,Pottawatomie,Roosevelt,democrat,580,1000
11/05/1940,OK,Pottawatomie,Dewey,republican,420,1000
11/05/1940,OR,Polk,Roosevelt,democrat,420,1000
11/05/1940,OR,Polk,Dewey,republican,580,1000
11/05/1940,PA,McKean,Roosevelt,democrat,420,1000
11/05/1940,PA,McKean,Dewey,republican,580,1000
11/05/1940,SC,Dorchester,Roosevelt,democrat,580,1000
11/05/1940,SC,Dorchester,Dewey,republican,420,1000
11/05/1940,VA,Waynesboro,Roosevelt,democrat,580,1000
11/05/1940,VA,Waynesboro,Dewey,republican,420,1000
11/05/1940,WV,Mercer,Roosevelt,democrat,580,1000
11/05/1940,WV,Mercer,Dewey,republican,420,1000
11/05/1940,AR,Jefferson,Roosevelt,democrat,580,1000
11/05/1940,AR,Jefferson,Dewey,republican,420,1000
11/05/1940,CA,Tulare,Roosevelt,democrat,470,1000
11/05/1940,CA,Tulare,Dewey,republican,530,1000
11/05/1940,ID,Bingham,Roosevelt,democrat,530,1000
11/05/1940,ID,Bingham,Dewey,republican,470,1000
11/05/1940,IA,Hardin,Roosevelt,democrat,490,1000
11/05/1940,IA,Hardin,Dewey,republican,510,1000
11/05/1940,VA,Chesapeake,Roosevelt,democrat,420,1000
11/05/1940,VA,Chesapeake,Dewey,republican,580,1000
11/05/1940,IA,Cedar,Roosevelt,democrat,530,1000
11/05/1940,IA,Cedar,Dewey,republican,470,1000
11/05/1940,AR,Chicot,Roosevelt,democrat,580,1000
11/05/1940,AR,Chicot,Dewey,republican,420,1000
11/05/1940,CA,Tehama,Roosevelt,democrat,530,1000
11/05/1940,CA,Tehama,Dewey,republican,470,1000
11/05/1940,MS,Madison,Roosevelt,democrat,580,1000
11/05/1940,MS,Madison,Dewey,republican,420,1000
11/05/1940,UT,Garfield,Roosevelt,democrat,530,1000
11/05/1940,UT,Garfield,Dewey,republican,470,1000
11/05/1940,TX,Johnson,Roosevelt,democrat,530,1000
11/05/1940,TX,Johnson,Dewey,republican,470,1000
11/05/1940,MT,Judith_Basin,Roosevelt,democrat,470,1000
11/05/1940,MT,Judith_Basin,Dewey,republican,530,1000
11/05/1940,WA,Benton,Roosevelt,democrat,420,1000
11/05/1940,WA,Benton,Dewey,republican,580,1000
11/05/1940,WI,Wood,Roosevelt,democrat,530,1000
11/05/1940,WI,Wood,Dewey,republican,470,1000
11/05/1940,NC,Hyde,Roosevelt,democrat,580,1000
11/05/1940,NC,Hyde,Dewey,republican,420,1000
11/05/1940,ND,Emmons,Roosevelt,democrat,470,1000
11/05/1940,ND,Emmons,Dewey,republican,530,1000
11/05/1940,TX,Gaines,Roosevelt,democrat,470,1000
11/05/1940,TX,Gaines,Dewey,republican,530,1000
11/05/1940,TX,Lee,Roosevelt,democrat,580,1000
11/05/1940,TX,Lee,Dewey,republican,420,1000
11/05/1940,KY,Owen,Roosevelt,democrat,580,1000
11/05/1940,KY,Owen,Dewey,republican,420,1000
11/05/1940,KY,Jessamine,Roosevelt,democrat,510,1000
11/05/1940,KY,Jessamine,Dewey,republican,490,1000
11/05/1940,KY,Rowan,Roosevelt,democrat,580,1000
11/05/1940,KY,Rowan,Dewey,republican,420,1000
11/05/1940,MO,Miller,Roosevelt,democrat,420,1000
11/05/1940,MO,Miller,Dewey,republican,580,1000
11/05/1940,NH,Carroll,Roosevelt,democrat,580,1000
11/05/1940,NH,Carroll,Dewey,republican,420,1000
11/05/1940,VA,Roanoke,Roosevelt,democrat,580,1000
11/05/1940,VA,Roanoke,Dewey,republican,420,1000
11/05/1940,NC,Watauga,Roosevelt,democrat,420,1000
11/05/1940,NC,Watauga,Dewey,republican,580,1000
11/05/1940,CA,Kings,Roosevelt,democrat,510,1000
11/05/1940,CA,Kings,Dewey,republican,490,1000
11/05/1940,LA,East_Feliciana,Roosevelt,democrat,580,1000
11/05/1940,LA,East_Feliciana,Dewey,republican,420,1000
11/05/1940,MO,Benton,Roosevelt,democrat,470,1000
11/05/1940,MO,Benton,Dewey,republican,530,1000
11/05/1940,KS,Sumner,Roosevelt,democrat,530,1000
11/05/1940,KS,Sumner,Dewey,republican,470,1000
11/05/1940,KY,Livingston,Roosevelt,democrat,580,1000
11/05/1940,KY,Livingston,Dewey,republican,420,1000
11/05/1940,CA,San_Joaquin,Roosevelt,democrat,580,1000
11/05/1940,CA,San_Joaquin,Dewey,republican,420,1000
11/05/1940,OK,Alfalfa,Roosevelt,democrat,510,1000
11/05/1940,OK,Alfalfa,Dewey,republican,490,1000
11/05/1940,PA,Berks,Roosevelt,democrat,420,1000
11/05/1940,PA,Berks,Dewey,republican,580,1000
11/05/1940,PA,Lebanon,Roosevelt,democrat,420,1000
11/05/1940,PA,Lebanon,Dewey,republican,580,1000
11/05/1940,GA,Calhoun,Roosevelt,democrat,580,1000
11/05/1940,GA,Calhoun,Dewey,republican,420,1000
11/05/1940,AR,Scott,Roosevelt,democrat,503,1000
11/05/1940,AR,Scott,Dewey,republican,497,1000
11/05/1940,CO,Baca,Roosevelt,democrat,580,1000
11/05/1940,CO,Baca,Dewey,republican,420,1000
11/05/1940,FL,Bay,Roosevelt,democrat,580,1000
11/05/1940,FL,Bay,Dewey,republican,420,1000
11/05/1940,GA,Lowndes,Roosevelt,democrat,530,1000
11/05/1940,GA,Lowndes,Dewey,republican,470,1000
11/05/1940,IN,Vermillion,Roosevelt,democrat,503,1000
11/05/1940,IN,Vermillion,Dewey,republican,497,1000
11/05/1940,NY,Sullivan,Roosevelt,democrat,420,1000
11/05/1940,NY,Sullivan,Dewey,republican,580,1000
11/05/1940,OH,Pickaway,Roosevelt,democrat,470,1000
11/05/1940,OH,Pickaway,Dewey,republican,530,1000
11/05/1940,OK,Woodward,Roosevelt,democrat,470,1000
11/05/1940,OK,Woodward,Dewey,republican,530,1000
11/05/1940,NE,Boyd,Roosevelt,democrat,530,1000
11/05/1940,NE,Boyd,Dewey,republican,470,1000
11/05/1940,KY,Cumberland,Roosevelt,democrat,420,1000
11/05/1940,KY,Cumberland,Dewey,republican,580,1000
11/05/1940,MN,Wabasha,Roosevelt,democrat,510,1000
11/05/1940,MN,Wabasha,Dewey,republican,490,1000
11/05/1940,VA,Southampton,Roosevelt,democrat,580,1000
11/05/1940,VA,Southampton,Dewey,republican,420,1000
11/05/1940,NY,Dutchess,Roosevelt,democrat,420,1000
11/05/1940,NY,Dutchess,Dewey,republican,580,1000
11/05/1940,VA,James_City,Roosevelt,democrat,580,1000
11/05/1940,VA,James_City,Dewey,republican,420,1000
11/05/1940,GA,Taylor,Roosevelt,democrat,580,1000
11/05/1940,GA,Taylor,Dewey,republican,420,1000
11/05/1940,TX,Smith,Roosevelt,democrat,580,1000
11/05/1940,TX,Smith,Dewey,republican,420,1000
11/05/1940,TX,Kerr,Roosevelt,democrat,580,1000
11/05/1940,TX,Kerr,Dewey,republican,420,1000
11/05/1940,WV,Lewis,Roosevelt,democrat,580,1000
11/05/1940,WV,Lewis,Dewey,republican,420,1000
11/05/1940,ND,Oliver,Roosevelt,democrat,420,1000
11/05/1940,ND,Oliver,Dewey,republican,580,1000
11/05/1940,TN,Morgan,Roosevelt,democrat,510,1000
11/05/1940,TN,Morgan,Dewey,republican,490,1000
11/05/1940,WY,Big_Horn,Roosevelt,democrat,530,1000
11/05/1940,WY,Big_Horn,Dewey,republican,470,1000
11/05/1940,KY,Mason,Roosevelt,democrat,580,1000
11/05/1940,KY,Mason,Dewey,republican,420,1000
11/05/1940,LA,St_Helena,Roosevelt,democrat,580,1000
11/05/1940,LA,St_Helena,Dewey,republican,420,1000
11/05/1940,MD,Garrett,Roosevelt,democrat,420,1000
11/05/1940,MD,Garrett,Dewey,republican,580,1000
11/05/1940,MI,Mackinac,Roosevelt,democrat,580,1000
11/05/1940,MI,Mackinac,Dewey,republican,420,1000
11/05/1940,TN,Davidson,Roosevelt,democrat,580,1000
11/05/1940,TN,Davidson,Dewey,republican,420,1000
11/05/1940,TX,Grimes,Roosevelt,democrat,490,1000
11/05/1940,TX,Grimes,Dewey,republican,510,1000
11/05/1940,TX,Foard,Roosevelt,democrat,580,1000
11/05/1940,TX,Foard,Dewey,republican,420,1000
11/05/1940,VA,Franklin_Co,Roosevelt,democrat,503,1000
11/05/1940,VA,Franklin_Co,Dewey,republican,497,1000
11/05/1940,VA,Botetourt,Roosevelt,democrat,580,1000
11/05/1940,VA,Botetourt,Dewey,republican,420,1000
11/05/1940,NC,Pasquotank,Roosevelt,democrat,580,1000
11/05/1940,NC,Pasquotank,Dewey,republican,420,1000
11/05/1940,AR,Baxter,Roosevelt,democrat,470,1000
11/05/1940,AR,Baxter,Dewey,republican,530,1000
11/05/1940,NY,Tompkins,Roosevelt,democrat,530,1000
11/05/1940,NY,Tompkins,Dewey,republican,470,1000
11/05/1940,WV,Webster,Roosevelt,democrat,580,1000
11/05/1940,WV,Webster,Dewey,republican,420,1000
11/05/1940,WV,Clay,Roosevelt,democrat,580,1000
11/05/1940,WV,Clay,Dewey,republican,420,1000
11/05/1940,WV,Jackson,Roosevelt,democrat,497,1000
11/05/1940,WV,Jackson,Dewey,republican,503,1000
11/05/1940,AL,Sumter,Roosevelt,democrat,580,1000
11/05/1940,AL,Sumter,Dewey,republican,420,1000
11/05/1940,AZ,Pima,Roosevelt,democrat,420,1000
11/05/1940,AZ,Pima,Dewey,republican,580,1000
11/05/1940,CO,Jackson,Roosevelt,democrat,420,1000
11/05/1940,CO,Jackson,Dewey,republican,580,1000
11/05/1940,IL,Lake,Roosevelt,democrat,420,1000
11/05/1940,IL,Lake,Dewey,republican,580,1000
11/05/1940,MS,Jackson,Roosevelt,democrat,580,1000
11/05/1940,MS,Jackson,Dewey,republican,420,1000
11/05/1940,MT,Daniels,Roosevelt,democrat,420,1000
11/05/1940,MT,Daniels,Dewey,republican,580,1000
11/05/1940,NH,Sullivan,Roosevelt,democrat,470,1000
11/05/1940,NH,Sullivan,Dewey,republican,530,1000
11/05/1940,NJ,Gloucester,Roosevelt,democrat,580,1000
11/05/1940,NJ,Gloucester,Dewey,republican,420,1000
11/05/1940,NC,Bertie,Roosevelt,democrat,580,1000
11/05/1940,NC,Bertie,Dewey,republican,420,1000
11/05/1940,SD,Ziebach,Roosevelt,democrat,470,1000
11/05/1940,SD,Ziebach,Dewey,republican,530,1000
11/05/1940,IA,Ringgold,Roosevelt,democrat,420,1000
11/05/1940,IA,Ringgold,Dewey,republican,580,1000
11/05/1940,AL,Lauderdale,Roosevelt,democrat,580,1000
11/05/1940,AL,Lauderdale,Dewey,republican,420,1000
11/05/1940,AZ,Santa_Cruz,Roosevelt,democrat,420,1000
11/05/1940,AZ,Santa_Cruz,Dewey,republican,580,1000
11/05/1940,MS,Marion,Roosevelt,democrat,580,1000
11/05/1940,MS,Marion,Dewey,republican,420,1000
11/05/1940,AL,Limestone,Roosevelt,democrat,580,1000
11/05/1940,AL,Limestone,Dewey,republican,420,1000
11/05/1940,FL,Calhoun,Roosevelt,democrat,580,1000
11/05/1940,FL,Calhoun,Dewey,republican,420,1000
11/05/1940,FL,Hernando,Roosevelt,democrat,580,1000
11/05/1940,FL,Hernando,Dewey,republican,420,1000
11/05/1940,FL,Washington,Roosevelt,democrat,580,1000
11/05/1940,FL,Washington,Dewey,republican,420,1000
11/05/1940,SD,Edmunds,Roosevelt,democrat,470,1000
11/05/1940,SD,Edmunds,Dewey,republican,530,1000
11/05/1940,SD,Walworth,Roosevelt,democrat,420,1000
11/05/1940,SD,Walworth,Dewey,republican,580,1000
11/05/1940,IL,Henderson,Roosevelt,democrat,530,1000
11/05/1940,IL,Henderson,Dewey,republican,470,1000
11/05/1940,KY,Trimble,Roosevelt,democrat,580,1000
11/05/1940,KY,Trimble,Dewey,republican,420,1000
11/05/1940,LA,St_Tammany,Roosevelt,democrat,470,1000
11/05/1940,LA,St_Tammany,Dewey,republican,530,1000
11/05/1940,MD,Baltimore_City,Roosevelt,democrat,580,1000
11/05/1940,MD,Baltimore_City,Dewey,republican,420,1000
11/05/1940,NC,Beaufort,Roosevelt,democrat,580,1000
11/05/1940,NC,Beaufort,Dewey,republican,420,1000
11/05/1940,OH,Columbiana,Roosevelt,democrat,580,1000
11/05/1940,OH,Columbiana,Dewey,republican,420,1000
11/05/1940,MT,Musselshell,Roosevelt,democrat,470,1000
11/05/1940,MT,Musselshell,Dewey,republican,530,1000
11/05/1940,TX,Cameron,Roosevelt,democrat,580,1000
11/05/1940,TX,Cameron,Dewey,republican,420,1000
11/05/1940,CA,Siskiyou,Roosevelt,democrat,470,1000
11/05/1940,CA,Siskiyou,Dewey,republican,530,1000
11/05/1940,CO,Costilla,Roosevelt,democrat,580,1000
11/05/1940,CO,Costilla,Dewey,republican,420,1000
11/05/1940,10,Sussex,Roosevelt,democrat,420,1000
11/05/1940,10,Sussex,Dewey,republican,580,1000
11/05/1940,WA,Lewis,Roosevelt,democrat,420,1000
11/05/1940,WA,Lewis,Dewey,republican,580,1000
11/05/1940,NJ,Sussex,Roosevelt,democrat,420,1000
11/05/1940,NJ,Sussex,Dewey,republican,580,1000
11/05/1940,MA,Dukes,Roosevelt,democrat,420,1000
11/05/1940,MA,Dukes,Dewey,republican,580,1000
11/05/1940,MN,Pine,Roosevelt,democrat,470,1000
11/05/1940,MN,Pine,Dewey,republican,530,1000
11/05/1940,MS,Scott,Roosevelt,democrat,580,1000
11/05/1940,MS,Scott,Dewey,republican,420,1000
11/05/1940,MT,Hill,Roosevelt,democrat,490,1000
11/05/1940,MT,Hill,Dewey,republican,510,1000
11/05/1940,NY,Franklin,Roosevelt,democrat,530,1000
11/05/1940,NY,Franklin,Dewey,republican,470,1000
11/05/1940,NJ,Essex,Roosevelt,democrat,580,1000
11/05/1940,NJ,Essex,Dewey,republican,420,1000
11/05/1940,WA,Mason,Roosevelt,democrat,490,1000
11/05/1940,WA,Mason,Dewey,republican,510,1000
11/05/1940,AR,Cleveland,Roosevelt,democrat,580,1000
11/05/1940,AR,Cleveland,Dewey,republican,420,1000
11/05/1940,IN,Shelby,Roosevelt,democrat,420,1000
11/05/1940,IN,Shelby,Dewey,republican,580,1000
11/05/1940,IN,Decatur,Roosevelt,democrat,420,1000
11/05/1940,IN,Decatur,Dewey,republican,580,1000
11/05/1940,KY,Breathitt,Roosevelt,democrat,580,1000
11/05/1940,KY,Breathitt,Dewey,republican,420,1000
11/05/1940,LA,St_James,Roosevelt,democrat,580,1000
11/05/1940,LA,St_James,Dewey,republican,420,1000
11/05/1940,MO,Shelby,Roosevelt,democrat,530,1000
11/05/1940,MO,Shelby,Dewey,republican,470,1000
11/05/1940,IN,Vigo,Roosevelt,democrat,530,1000
11/05/1940,IN,Vigo,Dewey,republican,470,1000
11/05/1940,IA,Jackson,Roosevelt,democrat,580,1000
11/05/1940,IA,Jackson,Dewey,republican,420,1000
11/05/1940,KS,Montgomery,Roosevelt,democrat,580,1000
11/05/1940,KS,Montgomery,Dewey,republican,420,1000
11/05/1940,KY,Martin,Roosevelt,democrat,580,1000
11/05/1940,KY,Martin,Dewey,republican,420,1000
11/05/1940,MI,Benzie,Roosevelt,democrat,420,1000
11/05/1940,MI,Benzie,Dewey,republican,580,1000
11/05/1940,MS,Lafayette,Roosevelt,democrat,580,1000
11/05/1940,MS,Lafayette,Dewey,republican,420,1000
11/05/1940,NY,Steuben,Roosevelt,democrat,420,1000
11/05/1940,NY,Steuben,Dewey,republican,580,1000
11/05/1940,CO,Larimer,Roosevelt,democrat,580,1000
11/05/1940,CO,Larimer,Dewey,republican,420,1000
11/05/1940,MI,Manistee,Roosevelt,democrat,420,1000
11/05/1940,MI,Manistee,Dewey,republican,580,1000
11/05/1940,NC,Surry,Roosevelt,democrat,420,1000
11/05/1940,NC,Surry,Dewey,republican,580,1000
11/05/1940,WA,Pend_Oreille,Roosevelt,democrat,420,1000
11/05/1940,WA,Pend_Oreille,Dewey,republican,580,1000
11/05/1940,KY,Clark,Roosevelt,democrat,503,1000
11/05/1940,KY,Clark,Dewey,republican,497,1000
11/05/1940,NY,Fulton,Roosevelt,democrat,420,1000
11/05/1940,NY,Fulton,Dewey,republican,580,1000
11/05/1940,OH,Wayne,Roosevelt,democrat,420,1000
11/05/1940,OH,Wayne,Dewey,republican,580,1000
11/05/1940,SC,York,Roosevelt,democrat,580,1000
11/05/1940,SC,York,Dewey,republican,420,1000
11/05/1940,MO,Schuyler,Roosevelt,democrat,580,1000
11/05/1940,MO,Schuyler,Dewey,republican,420,1000
11/05/1940,MT,Stillwater,Roosevelt,democrat,420,1000
11/05/1940,MT,Stillwater,Dewey,republican,580,1000
11/05/1940,VA,Rockingham,Roosevelt,democrat,470,1000
11/05/1940,VA,Rockingham,Dewey,republican,530,1000
11/05/1940,GA,Meriwether,Roosevelt,democrat,580,1000
11/05/1940,GA,Meriwether,Dewey,republican,420,1000
11/05/1940,ND,McKenzie,Roosevelt,democrat,470,1000
11/05/1940,ND,McKenzie,Dewey,republican,530,1000
11/05/1940,ND,Morton,Roosevelt,democrat,490,1000
11/05/1940,ND,Morton,Dewey,republican,510,1000
11/05/1940,OR,Yamhill,Roosevelt,democrat,420,1000
11/05/1940,OR,Yamhill,Dewey,republican,580,1000
11/05/1940,SC,Marlboro,Roosevelt,democrat,580,1000
11/05/1940,SC,Marlboro,Dewey,republican,420,1000
11/05/1940,NC,Clay,Roosevelt,democrat,420,1000
11/05/1940,NC,Clay,Dewey,republican,580,1000
11/05/1940,MT,Chouteau,Roosevelt,democrat,420,1000
11/05/1940,MT,Chouteau,Dewey,republican,580,1000
11/05/1940,SC,Greenville,Roosevelt,democrat,580,1000
11/05/1940,SC,Greenville,Dewey,republican,420,1000
11/05/1940,AL,Pickens,Roosevelt,democrat,580,1000
11/05/1940,AL,Pickens,Dewey,republican,420,1000
11/05/1940,MO,Iron,Roosevelt,democrat,530,1000
11/05/1940,MO,Iron,Dewey,republican,470,1000
11/05/1940,UT,Daggett,Roosevelt,democrat,580,1000
11/05/1940,UT,Daggett,Dewey,republican,420,1000
11/05/1940,FL,Broward,Roosevelt,democrat,530,1000
11/05/1940,FL,Broward,Dewey,republican,470,1000
11/05/1940,MS,Hinds,Roosevelt,democrat,580,1000
11/05/1940,MS,Hinds,Dewey,republican,420,1000
11/05/1940,NC,Onslow,Roosevelt,democrat,580,1000
11/05/1940,NC,Onslow,Dewey,republican,420,1000
11/05/1940,AL,Clarke,Roosevelt,democrat,580,1000
11/05/1940,AL,Clarke,Dewey,republican,420,1000
11/05/1940,AR,Madison,Roosevelt,democrat,420,1000
11/05/1940,AR,Madison,Dewey,republican,580,1000
11/05/1940,FL,Liberty,Roosevelt,democrat,580,1000
11/05/1940,FL,Liberty,Dewey,republican,420,1000
11/05/1940,IN,Monroe,Roosevelt,democrat,530,1000
11/05/1940,IN,Monroe,Dewey,republican,470,1000
11/05/1940,IN,Dubois,Roosevelt,democrat,530,1000
11/05/1940,IN,Dubois,Dewey,republican,470,1000
11/05/1940,IA,Buena_Vista,Roosevelt,democrat,420,1000
11/05/1940,IA,Buena_Vista,Dewey,republican,580,1000
11/05/1940,KS,Gray,Roosevelt,democrat,580,1000
11/05/1940,KS,Gray,Dewey,republican,420,1000
11/05/1940,KY,Grant,Roosevelt,democrat,530,1000
11/05/1940,KY,Grant,Dewey,republican,470,1000
11/05/1940,TN,Putnam,Roosevelt,democrat,580,1000
11/05/1940,TN,Putnam,Dewey,republican,420,1000
11/05/1940,TN,Benton,Roosevelt,democrat,580,1000
11/05/1940,TN,Benton,Dewey,republican,420,1000
11/05/1940,UT,Duchesne,Roosevelt,democrat,580,1000
11/05/1940,UT,Duchesne,Dewey,republican,420,1000
11/05/1940,VA,Isle_of_Wight,Roosevelt,democrat,580,1000
11/05/1940,VA,Isle_of_Wight,Dewey,republican,420,1000
11/05/1940,WY,Hot_Springs,Roosevelt,democrat,530,1000
11/05/1940,WY,Hot_Springs,Dewey,republican,470,1000
11/05/1940,SD,Perkins,Roosevelt,democrat,420,1000
11/05/1940,SD,Perkins,Dewey,republican,580,1000
11/05/1940,UT,Beaver,Roosevelt,democrat,530,1000
11/05/1940,UT,Beaver,Dewey,republican,470,1000
11/05/1940,VA,Buchanan,Roosevelt,democrat,580,1000
11/05/1940,VA,Buchanan,Dewey,republican,420,1000
11/05/1940,WV,Mingo,Roosevelt,democrat,580,1000
11/05/1940,WV,Mingo,Dewey,republican,420,1000
11/05/1940,AL,Talladega,Roosevelt,democrat,580,1000
11/05/1940,AL,Talladega,Dewey,republican,420,1000
11/05/1940,KY,Bourbon,Roosevelt,democrat,530,1000
11/05/1940,KY,Bourbon,Dewey,republican,470,1000
11/05/1940,PA,Monroe,Roosevelt,democrat,420,1000
11/05/1940,PA,Monroe,Dewey,republican,580,1000
11/05/1940,WA,Ferry,Roosevelt,democrat,470,1000
11/05/1940,WA,Ferry,Dewey,republican,530,1000
11/05/1940,ID,Twin_Falls,Roosevelt,democrat,470,1000
11/05/1940,ID,Twin_Falls,Dewey,republican,530,1000
11/05/1940,MD,Charles,Roosevelt,democrat,420,1000
11/05/1940,MD,Charles,Dewey,republican,580,1000
11/05/1940,VA,Loudoun,Roosevelt,democrat,470,1000
11/05/1940,VA,Loudoun,Dewey,republican,530,1000
11/05/1940,IL,Winnebago,Roosevelt,democrat,420,1000
11/05/1940,IL,Winnebago,Dewey,republican,580,1000
11/05/1940,CO,Conejos,Roosevelt,democrat,580,1000
11/05/1940,CO,Conejos,Dewey,republican,420,1000
11/05/1940,AL,Geneva,Roosevelt,democrat,580,1000
11/05/1940,AL,Geneva,Dewey,republican,420,1000
11/05/1940,CA,Alameda,Roosevelt,democrat,580,1000
11/05/1940,CA,Alameda,Dewey,republican,420,1000
11/05/1940,FL,Franklin,Roosevelt,democrat,580,1000
11/05/1940,FL,Franklin,Dewey,republican,420,1000
11/05/1940,WV,Morgan,Roosevelt,democrat,530,1000
11/05/1940,WV,Morgan,Dewey,republican,470,1000
11/05/1940,WV,Randolph,Roosevelt,democrat,530,1000
11/05/1940,WV,Randolph,Dewey,republican,470,1000
11/05/1940,MS,Yazoo,Roosevelt,democrat,580,1000
11/05/1940,MS,Yazoo,Dewey,republican,420,1000
11/05/1940,MT,McCone,Roosevelt,democrat,420,1000
11/05/1940,MT,McCone,Dewey,republican,580,1000
11/05/1940,GA,Atkinson,Roosevelt,democrat,510,1000
11/05/1940,GA,Atkinson,Dewey,republican,490,1000
11/05/1940,GA,Chatham,Roosevelt,democrat,580,1000
11/05/1940,GA,Chatham,Dewey,republican,420,1000
11/05/1940,KY,Carlisle,Roosevelt,democrat,580,1000
11/05/1940,KY,Carlisle,Dewey,republican,420,1000
11/05/1940,MO,Cass,Roosevelt,democrat,510,1000
11/05/1940,MO,Cass,Dewey,republican,490,1000
11/05/1940,GA,Habersham,Roosevelt,democrat,470,1000
11/05/1940,GA,Habersham,Dewey,republican,530,1000
11/05/1940,KY,Magoffin,Roosevelt,democrat,580,1000
11/05/1940,KY,Magoffin,Dewey,republican,420,1000
11/05/1940,KY,Harlan,Roosevelt,democrat,497,1000
11/05/1940,KY,Harlan,Dewey,republican,503,1000
11/05/1940,NC,Randolph,Roosevelt,democrat,530,1000
11/05/1940,NC,Randolph,Dewey,republican,470,1000
11/05/1940,IL,Will,Roosevelt,democrat,420,1000
11/05/1940,IL,Will,Dewey,republican,580,1000
11/05/1940,IN,Knox,Roosevelt,democrat,510,1000
11/05/1940,IN,Knox,Dewey,republican,490,1000
11/05/1940,KY,Allen,Roosevelt,democrat,420,1000
11/05/1940,KY,Allen,Dewey,republican,580,1000
11/05/1940,LA,Madison,Roosevelt,democrat,580,1000
11/05/1940,LA,Madison,Dewey,republican,420,1000
11/05/1940,MN,Fillmore,Roosevelt,democrat,530,1000
11/05/1940,MN,Fillmore,Dewey,republican,470,1000
11/05/1940,WA,Spokane,Roosevelt,democrat,420,1000
11/05/1940,WA,Spokane,Dewey,republican,580,1000
11/05/1940,UT,Morgan,Roosevelt,democrat,490,1000
11/05/1940,UT,Morgan,Dewey,republican,510,1000
11/05/1940,WI,Manitowoc,Roosevelt,democrat,420,1000
11/05/1940,WI,Manitowoc,Dewey,republican,580,1000
11/05/1940,AL,Marion,Roosevelt,democrat,580,1000
11/05/1940,AL,Marion,Dewey,republican,420,1000
11/05/1940,MI,Montcalm,Roosevelt,democrat,420,1000
11/05/1940,MI,Montcalm,Dewey,republican,580,1000
11/05/1940,KY,Nicholas,Roosevelt,democrat,580,1000
11/05/1940,KY,Nicholas,Dewey,republican,420,1000
11/05/1940,KY,Powell,Roosevelt,democrat,510,1000
11/05/1940,KY,Powell,Dewey,republican,490,1000
11/05/1940,NC,Richmond,Roosevelt,democrat,490,1000
11/05/1940,NC,Richmond,Dewey,republican,510,1000
11/05/1940,KY,Union,Roosevelt,democrat,530,1000
11/05/1940,KY,Union,Dewey,republican,470,1000
11/05/1940,IL,Fayette,Roosevelt,democrat,420,1000
11/05/1940,IL,Fayette,Dewey,republican,580,1000
11/05/1940,KY,Webster,Roosevelt,democrat,503,1000
11/05/1940,KY,Webster,Dewey,republican,497,1000
11/05/1940,ID,Blaine,Roosevelt,democrat,580,1000
11/05/1940,ID,Blaine,Dewey,republican,420,1000
11/05/1940,IL,Henry,Roosevelt,democrat,580,1000
11/05/1940,IL,Henry,Dewey,republican,420,1000
11/05/1940,TN,Trousdale,Roosevelt,democrat,580,1000
11/05/1940,TN,Trousdale,Dewey,republican,420,1000
11/05/1940,WI,Calumet,Roosevelt,democrat,420,1000
11/05/1940,WI,Calumet,Dewey,republican,580,1000
11/05/1940,NM,Otero,Roosevelt,democrat,530,1000
11/05/1940,NM,Otero,Dewey,republican,470,1000
11/05/1940,IN,LaPorte,Roosevelt,democrat,530,1000
11/05/1940,IN,LaPorte,Dewey,republican,470,1000
11/05/1940,MA,Middlesex,Roosevelt,democrat,470,1000
11/05/1940,MA,Middlesex,Dewey,republican,530,1000
11/05/1940,MS,Tunica,Roosevelt,democrat,580,1000
11/05/1940,MS,Tunica,Dewey,republican,420,1000
11/05/1940,MT,Toole,Roosevelt,democrat,420,1000
11/05/1940,MT,Toole,Dewey,republican,580,1000
11/05/1940,WA,Island,Roosevelt,democrat,420,1000
11/05/1940,WA,Island,Dewey,republican,580,1000
11/05/1940,WV,Jefferson,Roosevelt,democrat,580,1000
11/05/1940,WV,Jefferson,Dewey,republican,420,1000
11/05/1940,KY,Wolfe,Roosevelt,democrat,470,1000
11/05/1940,KY,Wolfe,Dewey,republican,530,1000
11/05/1940,MA,Barnstable,Roosevelt,democrat,420,1000
11/05/1940,MA,Barnstable,Dewey,republican,580,1000
11/05/1940,TN,Blount,Roosevelt,democrat,420,1000
11/05/1940,TN,Blount,Dewey,republican,580,1000
11/05/1940,ND,Sioux,Roosevelt,democrat,470,1000
11/05/1940,ND,Sioux,Dewey,republican,530,1000
11/05/1940,IA,Woodbury,Roosevelt,democrat,420,1000
11/05/1940,IA,Woodbury,Dewey,republican,580,1000
11/05/1940,IL,Clinton,Roosevelt,democrat,510,1000
11/05/1940,IL,Clinton,Dewey,republican,490,1000
11/05/1940,NV,Washoe,Roosevelt,democrat,580,1000
11/05/1940,NV,Washoe,Dewey,republican,420,1000
11/05/1940,NH,Merrimack,Roosevelt,democrat,420,1000
11/05/1940,NH,Merrimack,Dewey,republican,580,1000
11/05/1940,OK,McCurtain,Roosevelt,democrat,580,1000
11/05/1940,OK,McCurtain,Dewey,republican,420,1000
11/05/1940,VT,Orange,Roosevelt,democrat,420,1000
11/05/1940,VT,Orange,Dewey,republican,580,1000
11/05/1940,NV,Carson_City,Roosevelt,democrat,510,1000
11/05/1940,NV,Carson_City,Dewey,republican,490,1000
11/05/1940,NY,Cattaraugus,Roosevelt,democrat,420,1000
11/05/1940,NY,Cattaraugus,Dewey,republican,580,1000
11/05/1940,HI,Kauai,Roosevelt,democrat,420,1000
11/05/1940,HI,Kauai,Dewey,republican,580,1000
11/05/1940,MA,Plymouth,Roosevelt,democrat,420,1000
11/05/1940,MA,Plymouth,Dewey,republican,580,1000
11/05/1940,SC,Jasper,Roosevelt,democrat,580,1000
11/05/1940,SC,Jasper,Dewey,republican,420,1000
11/05/1940,MA,Norfolk,Roosevelt,democrat,420,1000
11/05/1940,MA,Norfolk,Dewey,republican,580,1000
11/05/1940,KY,Larue,Roosevelt,democrat,490,1000
11/05/1940,KY,Larue,Dewey,republican,510,1000
11/05/1940,NE,Cherry,Roosevelt,democrat,580,1000
11/05/1940,NE,Cherry,Dewey,republican,420,1000
11/05/1940,GA,Rockdale,Roosevelt,democrat,580,1000
11/05/1940,GA,Rockdale,Dewey,republican,420,1000
11/05/1940,VA,Patrick,Roosevelt,democrat,580,1000
11/05/1940,VA,Patrick,Dewey,republican,420,1000
11/05/1940,NC,McDowell,Roosevelt,democrat,420,1000
11/05/1940,NC,McDowell,Dewey,republican,580,1000
11/05/1940,ND,Barnes,Roosevelt,democrat,530,1000
11/05/1940,ND,Barnes,Dewey,republican,470,1000
11/05/1940,MI,Marquette,Roosevelt,democrat,580,1000
11/05/1940,MI,Marquette,Dewey,republican,420,1000
11/05/1940,AR,Faulkner,Roosevelt,democrat,530,1000
11/05/1940,AR,Faulkner,Dewey,republican,470,1000
11/05/1940,VA,Stafford,Roosevelt,democrat,420,1000
11/05/1940,VA,Stafford,Dewey,republican,580,1000
11/05/1940,AR,Grant,Roosevelt,democrat,420,1000
11/05/1940,AR,Grant,Dewey,republican,580,1000
11/05/1940,KY,Hopkins,Roosevelt,democrat,510,1000
11/05/1940,KY,Hopkins,Dewey,republican,490,1000
11/05/1940,NC,Duplin,Roosevelt,democrat,580,1000
11/05/1940,NC,Duplin,Dewey,republican,420,1000
11/05/1940,NC,Nash,Roosevelt,democrat,580,1000
11/05/1940,NC,Nash,Dewey,republican,420,1000
11/05/1940,OH,Williams,Roosevelt,democrat,420,1000
11/05/1940,OH,Williams,Dewey,republican,580,1000
11/05/1940,MN,Koochiching,Roosevelt,democrat,530,1000
11/05/1940,MN,Koochiching,Dewey,republican,470,1000
11/05/1940,ND,Sargent,Roosevelt,democrat,580,1000
11/05/1940,ND,Sargent,Dewey,republican,420,1000
11/05/1940,PA,Bucks,Roosevelt,democrat,420,1000
11/05/1940,PA,Bucks,Dewey,republican,580,1000
11/05/1940,SC,Calhoun,Roosevelt,democrat,580,1000
11/05/1940,SC,Calhoun,Dewey,republican,420,1000
11/05/1940,SD,Bon_Homme,Roosevelt,democrat,470,1000
11/05/1940,SD,Bon_Homme,Dewey,republican,530,1000
11/05/1940,IN,Owen,Roosevelt,democrat,470,1000
11/05/1940,IN,Owen,Dewey,republican,530,1000
11/05/1940,IN,Starke,Roosevelt,democrat,530,1000
11/05/1940,IN,Starke,Dewey,republican,470,1000
11/05/1940,IN,Union,Roosevelt,democrat,420,1000
11/05/1940,IN,Union,Dewey,republican,580,1000
11/05/1940,PA,Lawrence,Roosevelt,democrat,580,1000
11/05/1940,PA,Lawrence,Dewey,republican,420,1000
11/05/1940,NV,Eureka,Roosevelt,democrat,530,1000
11/05/1940,NV,Eureka,Dewey,republican,470,1000
11/05/1940,NH,Belknap,Roosevelt,democrat,530,1000
11/05/1940,NH,Belknap,Dewey,republican,470,1000
11/05/1940,AL,Russell,Roosevelt,democrat,580,1000
11/05/1940,AL,Russell,Dewey,republican,420,1000
11/05/1940,FL,Manatee,Roosevelt,democrat,580,1000
11/05/1940,FL,Manatee,Dewey,republican,420,1000
11/05/1940,NC,Columbus,Roosevelt,democrat,580,1000
11/05/1940,NC,Columbus,Dewey,republican,420,1000
11/05/1940,TX,Navarro,Roosevelt,democrat,580,1000
11/05/1940,TX,Navarro,Dewey,republican,420,1000
11/05/1940,VA,Amherst,Roosevelt,democrat,470,1000
11/05/1940,VA,Amherst,Dewey,republican,530,1000
11/05/1940,TX,Reeves,Roosevelt,democrat,580,1000
11/05/1940,TX,Reeves,Dewey,republican,420,1000
11/05/1940,ID,Clark,Roosevelt,democrat,580,1000
11/05/1940,ID,Clark,Dewey,republican,420,1000
11/05/1940,MS,Warren,Roosevelt,democrat,580,1000
11/05/1940,MS,Warren,Dewey,republican,420,1000
11/05/1940,MO,Mississippi,Roosevelt,democrat,580,1000
11/05/1940,MO,Mississippi,Dewey,republican,420,1000
11/05/1940,MI,Osceola,Roosevelt,democrat,420,1000
11/05/1940,MI,Osceola,Dewey,republican,580,1000
11/05/1940,MS,Grenada,Roosevelt,democrat,580,1000
11/05/1940,MS,Grenada,Dewey,republican,420,1000
11/05/1940,TX,Guadalupe,Roosevelt,democrat,580,1000
11/05/1940,TX,Guadalupe,Dewey,republican,420,1000
11/05/1940,FL,Union,Roosevelt,democrat,580,1000
11/05/1940,FL,Union,Dewey,republican,420,1000
11/05/1940,MT,Wibaux,Roosevelt,democrat,497,1000
11/05/1940,MT,Wibaux,Dewey,republican,503,1000
11/05/1940,MI,Baraga,Roosevelt,democrat,580,1000
11/05/1940,MI,Baraga,Dewey,republican,420,1000
11/05/1940,OR,Hood_River,Roosevelt,democrat,580,1000
11/05/1940,OR,Hood_River,Dewey,republican,420,1000
11/05/1940,IN,Allen,Roosevelt,democrat,420,1000
11/05/1940,IN,Allen,Dewey,republican,580,1000
11/05/1940,SD,Hand,Roosevelt,democrat,470,1000
11/05/1940,SD,Hand,Dewey,republican,530,1000
11/05/1940,IN,St_Joseph,Roosevelt,democrat,420,1000
11/05/1940,IN,St_Joseph,Dewey,republican,580,1000
11/05/1940,VA,Hopewell,Roosevelt,democrat,420,1000
11/05/1940,VA,Hopewell,Dewey,republican,580,1000
11/05/1940,ND,Dunn,Roosevelt,democrat,470,1000
11/05/1940,ND,Dunn,Dewey,republican,530,1000
11/05/1940,ND,Slope,Roosevelt,democrat,420,1000
11/05/1940,ND,Slope,Dewey,republican,580,1000
11/05/1940,NC,Scotland,Roosevelt,democrat,503,1000
11/05/1940,NC,Scotland,Dewey,republican,497,1000
11/05/1940,TN,Dyer,Roosevelt,democrat,580,1000
11/05/1940,TN,Dyer,Dewey,republican,420,1000
11/05/1940,KY,Calloway,Roosevelt,democrat,530,1000
11/05/1940,KY,Calloway,Dewey,republican,470,1000
11/05/1940,TX,Bandera,Roosevelt,democrat,580,1000
11/05/1940,TX,Bandera,Dewey,republican,420,1000
11/05/1940,RI,Bristol,Roosevelt,democrat,420,1000
11/05/1940,RI,Bristol,Dewey,republican,580,1000
11/05/1940,WY,Sublette,Roosevelt,democrat,580,1000
11/05/1940,WY,Sublette,Dewey,republican,420,1000
11/05/1940,NC,Macon,Roosevelt,democrat,420,1000
11/05/1940,NC,Macon,Dewey,republican,580,1000
11/05/1940,WI,Ashland,Roosevelt,democrat,580,1000
11/05/1940,WI,Ashland,Dewey,republican,420,1000
11/05/1940,TX,Hidalgo,Roosevelt,democrat,580,1000
11/05/1940,TX,Hidalgo,Dewey,republican,420,1000
11/05/1940,WI,La_Crosse,Roosevelt,democrat,497,1000
11/05/1940,WI,La_Crosse,Dewey,republican,503,1000
11/05/1940,AL,Mobile,Roosevelt,democrat,580,1000
11/05/1940,AL,Mobile,Dewey,republican,420,1000
11/05/1940,AL,Madison,Roosevelt,democrat,580,1000
11/05/1940,AL,Madison,Dewey,republican,420,1000
11/05/1940,NC,Polk,Roosevelt,democrat,420,1000
11/05/1940,NC,Polk,Dewey,republican,580,1000
11/05/1940,LA,Iberia,Roosevelt,democrat,580,1000
11/05/1940,LA,Iberia,Dewey,republican,420,1000
11/05/1940,SC,McCormick,Roosevelt,democrat,580,1000
11/05/1940,SC,McCormick,Dewey,republican,420,1000
11/05/1940,MN,Mower,Roosevelt,democrat,510,1000
11/05/1940,MN,Mower,Dewey,republican,490,1000
11/05/1940,MT,Madison,Roosevelt,democrat,510,1000
11/05/1940,MT,Madison,Dewey,republican,490,1000
11/05/1940,GA,Forsyth,Roosevelt,democrat,490,1000
11/05/1940,GA,Forsyth,Dewey,republican,510,1000
11/05/1940,OH,Allen,Roosevelt,democrat,420,1000
11/05/1940,OH,Allen,Dewey,republican,580,1000
11/05/1940,NY,St_Lawrence,Roosevelt,democrat,530,1000
11/05/1940,NY,St_Lawrence,Dewey,republican,470,1000
11/05/1940,WV,Doddridge,Roosevelt,democrat,420,1000
11/05/1940,WV,Doddridge,Dewey,republican,580,1000
11/05/1940,MO,Cedar,Roosevelt,democrat,490,1000
11/05/1940,MO,Cedar,Dewey,republican,510,1000
11/05/1940,SC,Bamberg,Roosevelt,democrat,580,1000
11/05/1940,SC,Bamberg,Dewey,republican,420,1000
11/05/1940,ND,Dickey,Roosevelt,democrat,470,1000
11/05/1940,ND,Dickey,Dewey,republican,530,1000
11/05/1940,AZ,Yavapai,Roosevelt,democrat,420,1000
11/05/1940,AZ,Yavapai,Dewey,republican,580,1000
11/05/1940,NY,Rockland,Roosevelt,democrat,420,1000
11/05/1940,NY,Rockland,Dewey,republican,580,1000
11/05/1940,MO,Ray,Roosevelt,democrat,420,1000
11/05/1940,MO,Ray,Dewey,republican,580,1000
11/05/1940,MS,Forrest,Roosevelt,democrat,580,1000
11/05/1940,MS,Forrest,Dewey,republican,420,1000
11/05/1940,AL,Marengo,Roosevelt,democrat,580,1000
11/05/1940,AL,Marengo,Dewey,republican,420,1000
11/05/1940,TX,Rockwall,Roosevelt,democrat,490,1000
11/05/1940,TX,Rockwall,Dewey,republican,510,1000
11/05/1940,AR,Phillips,Roosevelt,democrat,580,1000
11/05/1940,AR,Phillips,Dewey,republican,420,1000
11/05/1940,NC,Alexander,Roosevelt,democrat,490,1000
11/05/1940,NC,Alexander,Dewey,republican,510,1000
11/05/1940,WI,Marathon,Roosevelt,democrat,470,1000
11/05/1940,WI,Marathon,Dewey,republican,530,1000
11/05/1940,OH,Greene,Roosevelt,democrat,530,1000
11/05/1940,OH,Greene,Dewey,republican,470,1000
11/05/1940,VA,Washington,Roosevelt,democrat,530,1000
11/05/1940,VA,Washington,Dewey,republican,470,1000
11/05/1940,VA,Wythe,Roosevelt,democrat,580,1000
11/05/1940,VA,Wythe,Dewey,republican,420,1000
11/05/1940,NC,Lincoln,Roosevelt,democrat,420,1000
11/05/1940,NC,Lincoln,Dewey,republican,580,1000
11/05/1940,OH,Madison,Roosevelt,democrat,420,1000
11/05/1940,OH,Madison,Dewey,republican,580,1000
11/05/1940,LA,Avoyelles,Roosevelt,democrat,580,1000
11/05/1940,LA,Avoyelles,Dewey,republican,420,1000
11/05/1940,FL,Jackson,Roosevelt,democrat,580,1000
11/05/1940,FL,Jackson,Dewey,republican,420,1000
11/05/1940,WA,Kittitas,Roosevelt,democrat,420,1000
11/05/1940,WA,Kittitas,Dewey,republican,580,1000
11/05/1940,IL,Whiteside,Roosevelt,democrat,580,1000
11/05/1940,IL,Whiteside,Dewey,republican,420,1000
11/05/1940,NC,Perquimans,Roosevelt,democrat,580,1000
11/05/1940,NC,Perquimans,Dewey,republican,420,1000
11/05/1940,GA,Webster,Roosevelt,democrat,580,1000
11/05/1940,GA,Webster,Dewey,republican,420,1000
11/05/1940,FL,Nassau,Roosevelt,democrat,420,1000
11/05/1940,FL,Nassau,Dewey,republican,580,1000
11/05/1940,TX,Dallas,Roosevelt,democrat,580,1000
11/05/1940,TX,Dallas,Dewey,republican,420,1000
11/05/1940,CA,Ventura,Roosevelt,democrat,530,1000
11/05/1940,CA,Ventura,Dewey,republican,470,1000
11/05/1940,KY,McCreary,Roosevelt,democrat,420,1000
11/05/1940,KY,McCreary,Dewey,republican,580,1000
11/05/1940,MN,Becker,Roosevelt,democrat,530,1000
11/05/1940,MN,Becker,Dewey,republican,470,1000
11/05/1940,AR,Union,Roosevelt,democrat,510,1000
11/05/1940,AR,Union,Dewey,republican,490,1000
11/05/1940,KS,Osage,Roosevelt,democrat,530,1000
11/05/1940,KS,Osage,Dewey,republican,470,1000
11/05/1940,TX,Orange,Roosevelt,democrat,580,1000
11/05/1940,TX,Orange,Dewey,republican,420,1000
11/05/1940,GA,Clay,Roosevelt,democrat,580,1000
11/05/1940,GA,Clay,Dewey,republican,420,1000
11/05/1940,OH,Summit,Roosevelt,democrat,470,1000
11/05/1940,OH,Summit,Dewey,republican,530,1000
11/05/1940,GA,Liberty,Roosevelt,democrat,580,1000
11/05/1940,GA,Liberty,Dewey,republican,420,1000
11/05/1940,GA,Seminole,Roosevelt,democrat,580,1000
11/05/1940,GA,Seminole,Dewey,republican,420,1000
11/05/1940,GA,Cherokee,Roosevelt,democrat,510,1000
11/05/1940,GA,Cherokee,Dewey,republican,490,1000
11/05/1940,MO,Montgomery,Roosevelt,democrat,497,1000
11/05/1940,MO,Montgomery,Dewey,republican,503,1000
11/05/1940,TN,Giles,Roosevelt,democrat,580,1000
11/05/1940,TN,Giles,Dewey,republican,420,1000
11/05/1940,IN,Spencer,Roosevelt,democrat,530,1000
11/05/1940,IN,Spencer,Dewey,republican,470,1000
11/05/1940,WV,Boone,Roosevelt,democrat,580,1000
11/05/1940,WV,Boone,Dewey,republican,420,1000
11/05/1940,OR,Clatsop,Roosevelt,democrat,420,1000
11/05/1940,OR,Clatsop,Dewey,republican,580,1000
11/05/1940,CA,Lake,Roosevelt,democrat,530,1000
11/05/1940,CA,Lake,Dewey,republican,470,1000
11/05/1940,GA,Chattooga,Roosevelt,democrat,580,1000
11/05/1940,GA,Chattooga,Dewey,republican,420,1000
11/05/1940,MO,Scott,Roosevelt,democrat,530,1000
11/05/1940,MO,Scott,Dewey,republican,470,1000
11/05/1940,WA,San_Juan,Roosevelt,democrat,580,1000
11/05/1940,WA,San_Juan,Dewey,republican,420,1000
11/05/1940,OR,Jefferson,Roosevelt,democrat,470,1000
11/05/1940,OR,Jefferson,Dewey,republican,530,1000
11/05/1940,UT,Utah,Roosevelt,democrat,420,1000
11/05/1940,UT,Utah,Dewey,republican,580,1000
11/05/1940,MO,Ozark,Roosevelt,democrat,420,1000
11/05/1940,MO,Ozark,Dewey,republican,580,1000
11/05/1940,LA,Richland,Roosevelt,democrat,580,1000
11/05/1940,LA,Richland,Dewey,republican,420,1000
11/05/1940,NY,Essex,Roosevelt,democrat,530,1000
11/05/1940,NY,Essex,Dewey,republican,470,1000
11/05/1940,TX,Madison,Roosevelt,democrat,530,1000
11/05/1940,TX,Madison,Dewey,republican,470,1000
11/05/1940,IL,Grundy,Roosevelt,democrat,420,1000
11/05/1940,IL,Grundy,Dewey,republican,580,1000
11/05/1940,NY,Ulster,Roosevelt,democrat,420,1000
11/05/1940,NY,Ulster,Dewey,republican,580,1000
11/05/1940,NC,Lee,Roosevelt,democrat,530,1000
11/05/1940,NC,Lee,Dewey,republican,470,1000
11/05/1940,TN,Bedford,Roosevelt,democrat,580,1000
11/05/1940,TN,Bedford,Dewey,republican,420,1000
11/05/1940,ND,Mountrail,Roosevelt,democrat,510,1000
11/05/1940,ND,Mountrail,Dewey,republican,490,1000
11/05/1940,TX,Freestone,Roosevelt,democrat,580,1000
11/05/1940,TX,Freestone,Dewey,republican,420,1000
11/05/1940,NC,Alleghany,Roosevelt,democrat,420,1000
11/05/1940,NC,Alleghany,Dewey,republican,580,1000
11/05/1940,NY,Wyoming,Roosevelt,democrat,420,1000
11/05/1940,NY,Wyoming,Dewey,republican,580,1000
11/05/1940,MN,Pope,Roosevelt,democrat,470,1000
11/05/1940,MN,Pope,Dewey,republican,530,1000
11/05/1940,IL,Crawford,Roosevelt,democrat,510,1000
11/05/1940,IL,Crawford,Dewey,republican,490,1000
11/05/1940,MO,Barton,Roosevelt,democrat,580,1000
11/05/1940,MO,Barton,Dewey,republican,420,1000
11/05/1940,AZ,Maricopa,Roosevelt,democrat,420,1000
11/05/1940,AZ,Maricopa,Dewey,republican,580,1000
11/05/1940,NY,Ontario,Roosevelt,democrat,420,1000
11/05/1940,NY,Ontario,Dewey,republican,580,1000
11/05/1940,TX,Panola,Roosevelt,democrat,580,1000
11/05/1940,TX,Panola,Dewey,republican,420,1000
11/05/1940,IL,White,Roosevelt,democrat,503,1000
11/05/1940,IL,White,Dewey,republican,497,1000
11/05/1940,MS,Hancock,Roosevelt,democrat,580,1000
11/05/1940,MS,Hancock,Dewey,republican,420,1000
11/05/1940,PA,Bradford,Roosevelt,democrat,420,1000
11/05/1940,PA,Bradford,Dewey,republican,580,1000
11/05/1940,OH,Knox,Roosevelt,democrat,530,1000
11/05/1940,OH,Knox,Dewey,republican,470,1000
11/05/1940,SD,Brule,Roosevelt,democrat,470,1000
11/05/1940,SD,Brule,Dewey,republican,530,1000
11/05/1940,CO,Archuleta,Roosevelt,democrat,580,1000
11/05/1940,CO,Archuleta,Dewey,republican,420,1000
11/05/1940,AL,Coffee,Roosevelt,democrat,580,1000
11/05/1940,AL,Coffee,Dewey,republican,420,1000
11/05/1940,VA,Caroline,Roosevelt,democrat,530,1000
11/05/1940,VA,Caroline,Dewey,republican,470,1000
11/05/1940,VA,Fairfax_Co,Roosevelt,democrat,530,1000
11/05/1940,VA,Fairfax_Co,Dewey,republican,470,1000
11/05/1940,SC,Sumter,Roosevelt,democrat,580,1000
11/05/1940,SC,Sumter,Dewey,republican,420,1000
11/05/1940,PA,Elk,Roosevelt,democrat,510,1000
11/05/1940,PA,Elk,Dewey,republican,490,1000
11/05/1940,IA,Winnebago,Roosevelt,democrat,470,1000
11/05/1940,IA,Winnebago,Dewey,republican,530,1000
11/05/1940,FL,Wakulla,Roosevelt,democrat,580,1000
11/05/1940,FL,Wakulla,Dewey,republican,420,1000
11/05/1940,MS,Pearl_River,Roosevelt,democrat,580,1000
11/05/1940,MS,Pearl_River,Dewey,republican,420,1000
11/05/1940,AR,Van_Buren,Roosevelt,democrat,530,1000
11/05/1940,AR,Van_Buren,Dewey,republican,470,1000
11/05/1940,TX,Comanche,Roosevelt,democrat,490,1000
11/05/1940,TX,Comanche,Dewey,republican,510,1000
11/05/1940,SD,Dewey,Roosevelt,democrat,490,1000
11/05/1940,SD,Dewey,Dewey,republican,510,1000
11/05/1940,TN,Rhea,Roosevelt,democrat,470,1000
11/05/1940,TN,Rhea,Dewey,republican,530,1000
11/05/1940,PA,Huntingdon,Roosevelt,democrat,580,1000
11/05/1940,PA,Huntingdon,Dewey,republican,420,1000
11/05/1940,WI,Iowa,Roosevelt,democrat,530,1000
11/05/1940,WI,Iowa,Dewey,republican,470,1000
11/05/1940,PA,Sullivan,Roosevelt,democrat,420,1000
11/05/1940,PA,Sullivan,Dewey,republican,580,1000
11/05/1940,TN,Tipton,Roosevelt,democrat,580,1000
11/05/1940,TN,Tipton,Dewey,republican,420,1000
11/05/1940,NH,Strafford,Roosevelt,democrat,580,1000
11/05/1940,NH,Strafford,Dewey,republican,420,1000
11/05/1940,IN,Marion,Roosevelt,democrat,470,1000
11/05/1940,IN,Marion,Dewey,republican,530,1000
11/05/1940,SD,Bennett,Roosevelt,democrat,420,1000
11/05/1940,SD,Bennett,Dewey,republican,580,1000
11/05/1940,VA,Buckingham,Roosevelt,democrat,530,1000
11/05/1940,VA,Buckingham,Dewey,republican,470,1000
11/05/1940,ID,Bannock,Roosevelt,democrat,530,1000
11/05/1940,ID,Bannock,Dewey,republican,470,1000
11/05/1940,GA,Stephens,Roosevelt,democrat,497,1000
11/05/1940,GA,Stephens,Dewey,republican,503,1000
11/05/1940,ID,Boise,Roosevelt,democrat,490,1000
11/05/1940,ID,Boise,Dewey,republican,510,1000
11/05/1940,OK,Nowata,Roosevelt,democrat,580,1000
11/05/1940,OK,Nowata,Dewey,republican,420,1000
11/05/1940,GA,Glascock,Roosevelt,democrat,580,1000
11/05/1940,GA,Glascock,Dewey,republican,420,1000
11/05/1940,WI,Pepin,Roosevelt,democrat,580,1000
11/05/1940,WI,Pepin,Dewey,republican,420,1000
11/05/1940,IA,Fremont,Roosevelt,democrat,420,1000
11/05/1940,IA,Fremont,Dewey,republican,580,1000
11/05/1940,MO,Maries,Roosevelt,democrat,420,1000
11/05/1940,MO,Maries,Dewey,republican,580,1000
11/05/1940,TX,Nacogdoches,Roosevelt,democrat,580,1000
11/05/1940,TX,Nacogdoches,Dewey,republican,420,1000
11/05/1940,NC,Pamlico,Roosevelt,democrat,580,1000
11/05/1940,NC,Pamlico,Dewey,republican,420,1000
11/05/1940,FL,Taylor,Roosevelt,democrat,580,1000
11/05/1940,FL,Taylor,Dewey,republican,420,1000
11/05/1940,MN,Wright,Roosevelt,democrat,420,1000
11/05/1940,MN,Wright,Dewey,republican,580,1000
11/05/1940,ME,Somerset,Roosevelt,democrat,530,1000
11/05/1940,ME,Somerset,Dewey,republican,470,1000
11/05/1940,AR,Marion,Roosevelt,democrat,470,1000
11/05/1940,AR,Marion,Dewey,republican,530,1000
11/05/1940,TX,Presidio,Roosevelt,democrat,580,1000
11/05/1940,TX,Presidio,Dewey,republican,420,1000
11/05/1940,CA,Stanislaus,Roosevelt,democrat,580,1000
11/05/1940,CA,Stanislaus,Dewey,republican,420,1000
11/05/1940,KY,Elliott,Roosevelt,democrat,580,1000
11/05/1940,KY,Elliott,Dewey,republican,420,1000
11/05/1940,IL,Wabash,Roosevelt,democrat,510,1000
11/05/1940,IL,Wabash,Dewey,republican,490,1000
11/05/1940,WI,Juneau,Roosevelt,democrat,530,1000
11/05/1940,WI,Juneau,Dewey,republican,470,1000
11/05/1940,ND,Walsh,Roosevelt,democrat,470,1000
11/05/1940,ND,Walsh,Dewey,republican,530,1000
11/05/1940,AL,Bullock,Roosevelt,democrat,580,1000
11/05/1940,AL,Bullock,Dewey,republican,420,1000
11/05/1940,CA,Colusa,Roosevelt,democrat,510,1000
11/05/1940,CA,Colusa,Dewey,republican,490,1000
11/05/1940,CO,Gunnison,Roosevelt,democrat,580,1000
11/05/1940,CO,Gunnison,Dewey,republican,420,1000
11/05/1940,TX,Cass,Roosevelt,democrat,580,1000
11/05/1940,TX,Cass,Dewey,republican,420,1000
11/05/1940,GA,Camden,Roosevelt,democrat,470,1000
11/05/1940,GA,Camden,Dewey,republican,530,1000
11/05/1940,MS,Montgomery,Roosevelt,democrat,580,1000
11/05/1940,MS,Montgomery,Dewey,republican,420,1000
11/05/1940,GA,Fulton,Roosevelt,democrat,580,1000
11/05/1940,GA,Fulton,Dewey,republican,420,1000
11/05/1940,ND,Kidder,Roosevelt,democrat,420,1000
11/05/1940,ND,Kidder,Dewey,republican,580,1000
11/05/1940,GA,Fannin,Roosevelt,democrat,420,1000
11/05/1940,GA,Fannin,Dewey,republican,580,1000
11/05/1940,OH,Ottawa,Roosevelt,democrat,530,1000
11/05/1940,OH,Ottawa,Dewey,republican,470,1000
11/05/1940,NC,Carteret,Roosevelt,democrat,580,1000
11/05/1940,NC,Carteret,Dewey,republican,420,1000
11/05/1940,IN,Porter,Roosevelt,democrat,580,1000
11/05/1940,IN,Porter,Dewey,republican,420,1000
11/05/1940,VA,Nottoway,Roosevelt,democrat,580,1000
11/05/1940,VA,Nottoway,Dewey,republican,420,1000
11/05/1940,MO,Greene,Roosevelt,democrat,420,1000
11/05/1940,MO,Greene,Dewey,republican,580,1000
11/05/1940,TX,Harris,Roosevelt,democrat,580,1000
11/05/1940,TX,Harris,Dewey,republican,420,1000
11/05/1940,TX,Hill,Roosevelt,democrat,580,1000
11/05/1940,TX,Hill,Dewey,republican,420,1000
11/05/1940,MO,Warren,Roosevelt,democrat,530,1000
11/05/1940,MO,Warren,Dewey,republican,470,1000
11/05/1940,GA,Hancock,Roosevelt,democrat,580,1000
11/05/1940,GA,Hancock,Dewey,republican,420,1000
11/05/1940,AL,Houston,Roosevelt,democrat,580,1000
11/05/1940,AL,Houston,Dewey,republican,420,1000
11/05/1940,MO,Pemiscot,Roosevelt,democrat,580,1000
11/05/1940,MO,Pemiscot,Dewey,republican,420,1000
11/05/1940,MI,Wayne,Roosevelt,democrat,490,1000
11/05/1940,MI,Wayne,Dewey,republican,510,1000
11/05/1940,IN,Boone,Roosevelt,democrat,420,1000
11/05/1940,IN,Boone,Dewey,republican,580,1000
11/05/1940,NY,New_York,Roosevelt,democrat,420,1000
11/05/1940,NY,New_York,Dewey,republican,580,1000
11/05/1940,SC,Fairfield,Roosevelt,democrat,580,1000
11/05/1940,SC,Fairfield,Dewey,republican,420,1000
11/05/1940,ID,Washington,Roosevelt,democrat,530,1000
11/05/1940,ID,Washington,Dewey,republican,470,1000
11/05/1940,OH,Ashtabula,Roosevelt,democrat,580,1000
11/05/1940,OH,Ashtabula,Dewey,republican,420,1000
11/05/1940,VA,Rockbridge,Roosevelt,democrat,420,1000
11/05/1940,VA,Rockbridge,Dewey,republican,580,1000
11/05/1940,WI,Kenosha,Roosevelt,democrat,420,1000
11/05/1940,WI,Kenosha,Dewey,republican,580,1000
11/05/1940,NE,Boone,Roosevelt,democrat,490,1000
11/05/1940,NE,Boone,Dewey,republican,510,1000
11/05/1940,TX,Coryell,Roosevelt,democrat,580,1000
11/05/1940,TX,Coryell,Dewey,republican,420,1000
11/05/1940,IL,DeKalb,Roosevelt,democrat,420,1000
11/05/1940,IL,DeKalb,Dewey,republican,580,1000
11/05/1940,MI,Lake,Roosevelt,democrat,420,1000
11/05/1940,MI,Lake,Dewey,republican,580,1000
11/05/1940,FL,Lee,Roosevelt,democrat,530,1000
11/05/1940,FL,Lee,Dewey,republican,470,1000
11/05/1940,ID,Franklin,Roosevelt,democrat,580,1000
11/05/1940,ID,Franklin,Dewey,republican,420,1000
11/05/1940,VA,Greensville,Roosevelt,democrat,580,1000
11/05/1940,VA,Greensville,Dewey,republican,420,1000
11/05/1940,GA,Dodge,Roosevelt,democrat,580,1000
11/05/1940,GA,Dodge,Dewey,republican,420,1000
11/05/1940,CA,Mendocino,Roosevelt,democrat,580,1000
11/05/1940,CA,Mendocino,Dewey,republican,420,1000
11/05/1940,WI,Buffalo,Roosevelt,democrat,530,1000
11/05/1940,WI,Buffalo,Dewey,republican,470,1000
11/05/1940,WI,Racine,Roosevelt,democrat,420,1000
11/05/1940,WI,Racine,Dewey,republican,580,1000
11/05/1940,VT,Grand_Isle,Roosevelt,democrat,420,1000
11/05/1940,VT,Grand_Isle,Dewey,republican,580,1000
11/05/1940,MN,Dakota,Roosevelt,democrat,420,1000
11/05/1940,MN,Dakota,Dewey,republican,580,1000
11/05/1940,OR,Multnomah,Roosevelt,democrat,580,1000
11/05/1940,OR,Multnomah,Dewey,republican,420,1000
11/05/1940,LA,Natchitoches,Roosevelt,democrat,530,1000
11/05/1940,LA,Natchitoches,Dewey,republican,470,1000
11/05/1940,IL,Scott,Roosevelt,democrat,530,1000
11/05/1940,IL,Scott,Dewey,republican,470,1000
11/05/1940,GA,Effingham,Roosevelt,democrat,530,1000
11/05/1940,GA,Effingham,Dewey,republican,470,1000
11/05/1940,OK,Caddo,Roosevelt,democrat,580,1000
11/05/1940,OK,Caddo,Dewey,republican,420,1000
11/05/1940,OK,Jefferson,Roosevelt,democrat,580,1000
11/05/1940,OK,Jefferson,Dewey,republican,420,1000
11/05/1940,CO,Huerfano,Roosevelt,democrat,580,1000
11/05/1940,CO,Huerfano,Dewey,republican,420,1000
11/05/1940,SC,Anderson,Roosevelt,democrat,530,1000
11/05/1940,SC,Anderson,Dewey,republican,470,1000
11/05/1940,SC,Clarendon,Roosevelt,democrat,580,1000
11/05/1940,SC,Clarendon,Dewey,republican,420,1000
11/05/1940,GA,Lee,Roosevelt,democrat,580,1000
11/05/1940,GA,Lee,Dewey,republican,420,1000
11/05/1940,OH,Jefferson,Roosevelt,democrat,580,1000
11/05/1940,OH,Jefferson,Dewey,republican,420,1000
11/05/1940,OK,Roger_Mills,Roosevelt,democrat,470,1000
11/05/1940,OK,Roger_Mills,Dewey,republican,530,1000
11/05/1940,VA,Lexington,Roosevelt,democrat,580,1000
11/05/1940,VA,Lexington,Dewey,republican,420,1000
11/05/1940,CA,Shasta,Roosevelt,democrat,530,1000
11/05/1940,CA,Shasta,Dewey,republican,470,1000
11/05/1940,AR,Desha,Roosevelt,democrat,580,1000
11/05/1940,AR,Desha,Dewey,republican,420,1000
11/05/1940,LA,Lafourche,Roosevelt,democrat,580,1000
11/05/1940,LA,Lafourche,Dewey,republican,420,1000
11/05/1940,CA,Tuolumne,Roosevelt,democrat,580,1000
11/05/1940,CA,Tuolumne,Dewey,republican,420,1000
11/05/1940,OK,Cherokee,Roosevelt,democrat,530,1000
11/05/1940,OK,Cherokee,Dewey,republican,470,1000
11/05/1940,AR,Carroll,Roosevelt,democrat,420,1000
11/05/1940,AR,Carroll,Dewey,republican,580,1000
11/05/1940,TX,Titus,Roosevelt,democrat,580,1000
11/05/1940,TX,Titus,Dewey,republican,420,1000
11/05/1940,LA,St_Martin,Roosevelt,democrat,580,1000
11/05/1940,LA,St_Martin,Dewey,republican,420,1000
11/05/1940,AL,Morgan,Roosevelt,democrat,580,1000
11/05/1940,AL,Morgan,Dewey,republican,420,1000
11/05/1940,AL,Tuscaloosa,Roosevelt,democrat,580,1000
11/05/1940,AL,Tuscaloosa,Dewey,republican,420,1000
11/05/1940,LA,West_Feliciana,Roosevelt,democrat,580,1000
11/05/1940,LA,West_Feliciana,Dewey,republican,420,1000
11/05/1940,GA,Henry,Roosevelt,democrat,530,1000
11/05/1940,GA,Henry,Dewey,republican,470,1000
11/05/1940,FL,Glades,Roosevelt,democrat,530,1000
11/05/1940,FL,Glades,Dewey,republican,470,1000
11/05/1940,CO,Otero,Roosevelt,democrat,580,1000
11/05/1940,CO,Otero,Dewey,republican,420,1000
11/05/1940,LA,Tensas,Roosevelt,democrat,580,1000
11/05/1940,LA,Tensas,Dewey,republican,420,1000
11/05/1940,WV,Cabell,Roosevelt,democrat,510,1000
11/05/1940,WV,Cabell,Dewey,republican,490,1000
11/05/1940,KY,Ohio,Roosevelt,democrat,510,1000
11/05/1940,KY,Ohio,Dewey,republican,490,1000
11/05/1940,MN,Blue_Earth,Roosevelt,democrat,530,1000
11/05/1940,MN,Blue_Earth,Dewey,republican,470,1000
11/05/1940,NH,Hillsborough,Roosevelt,democrat,470,1000
11/05/1940,NH,Hillsborough,Dewey,republican,530,1000
11/05/1940,WY,Sweetwater,Roosevelt,democrat,580,1000
11/05/1940,WY,Sweetwater,Dewey,republican,420,1000
11/05/1940,IA,Pottawattamie,Roosevelt,democrat,420,1000
11/05/1940,IA,Pottawattamie,Dewey,republican,580,1000
11/05/1940,NY,Jefferson,Roosevelt,democrat,510,1000
11/05/1940,NY,Jefferson,Dewey,republican,490,1000
11/05/1940,MO,Bates,Roosevelt,democrat,420,1000
11/05/1940,MO,Bates,Dewey,republican,580,1000
11/05/1940,MI,Presque_Isle,Roosevelt,democrat,530,1000
11/05/1940,MI,Presque_Isle,Dewey,republican,470,1000
11/05/1940,MT,Roosevelt,Roosevelt,democrat,580,1000
11/05/1940,MT,Roosevelt,Dewey,republican,420,1000
11/05/1940,WA,Jefferson,Roosevelt,democrat,580,1000
11/05/1940,WA,Jefferson,Dewey,republican,420,1000
11/05/1940,TX,Nueces,Roosevelt,democrat,580,1000
11/05/1940,TX,Nueces,Dewey,republican,420,1000
11/05/1940,WI,Door,Roosevelt,democrat,420,1000
11/05/1940,WI,Door,Dewey,republican,580,1000
11/05/1940,ID,Nez_Perce,Roosevelt,democrat,580,1000
11/05/1940,ID,Nez_Perce,Dewey,republican,420,1000
11/05/1940,MI,Huron,Roosevelt,democrat,420,1000
11/05/1940,MI,Huron,Dewey,republican,580,1000
11/05/1940,GA,Johnson,Roosevelt,democrat,580,1000
11/05/1940,GA,Johnson,Dewey,republican,420,1000
11/05/1940,OH,Putnam,Roosevelt,democrat,420,1000
11/05/1940,OH,Putnam,Dewey,republican,580,1000
11/05/1940,TX,Erath,Roosevelt,democrat,470,1000
11/05/1940,TX,Erath,Dewey,republican,530,1000
11/05/1940,MO,Shannon,Roosevelt,democrat,470,1000
11/05/1940,MO,Shannon,Dewey,republican,530,1000
11/05/1940,AK,Matanuska-Susitna,Roosevelt,democrat,420,1000
11/05/1940,AK,Matanuska-Susitna,Dewey,republican,580,1000
11/05/1940,VA,Falls_Church,Roosevelt,democrat,580,1000
11/05/1940,VA,Falls_Church,Dewey,republican,420,1000
11/05/1940,TX,Kleberg,Roosevelt,democrat,580,1000
11/05/1940,TX,Kleberg,Dewey,republican,420,1000
11/05/1940,CO,Pitkin,Roosevelt,democrat,580,1000
11/05/1940,CO,Pitkin,Dewey,republican,420,1000
11/05/1940,CO,La_Plata,Roosevelt,democrat,580,1000
11/05/1940,CO,La_Plata,Dewey,republican,420,1000
11/05/1940,OK,Tulsa,Roosevelt,democrat,470,1000
11/05/1940,OK,Tulsa,Dewey,republican,530,1000
11/05/1940,AL,St_Clair,Roosevelt,democrat,580,1000
11/05/1940,AL,St_Clair,Dewey,republican,420,1000
11/05/1940,FL,Pinellas,Roosevelt,democrat,470,1000
11/05/1940,FL,Pinellas,Dewey,republican,530,1000
11/05/1940,IL,Fulton,Roosevelt,democrat,530,1000
11/05/1940,IL,Fulton,Dewey,republican,470,1000
11/05/1940,KS,Cherokee,Roosevelt,democrat,580,1000
11/05/1940,KS,Cherokee,Dewey,republican,420,1000
11/05/1940,MN,Beltrami,Roosevelt,democrat,530,1000
11/05/1940,MN,Beltrami,Dewey,republican,470,1000
11/05/1940,IN,Cass,Roosevelt,democrat,420,1000
11/05/1940,IN,Cass,Dewey,republican,580,1000
11/05/1940,AR,Polk,Roosevelt,democrat,530,1000
11/05/1940,AR,Polk,Dewey,republican,470,1000
11/05/1940,NV,Douglas,Roosevelt,democrat,530,1000
11/05/1940,NV,Douglas,Dewey,republican,470,1000
11/05/1940,KS,Kingman,Roosevelt,democrat,490,1000
11/05/1940,KS,Kingman,Dewey,republican,510,1000
11/05/1940,IA,Clayton,Roosevelt,democrat,580,1000
11/05/1940,IA,Clayton,Dewey,republican,420,1000
11/05/1940,IN,Fulton,Roosevelt,democrat,470,1000
11/05/1940,IN,Fulton,Dewey,republican,530,1000
11/05/1940,MO,Scotland,Roosevelt,democrat,530,1000
11/05/1940,MO,Scotland,Dewey,republican,470,1000
11/05/1940,SC,Berkeley,Roosevelt,democrat,580,1000
11/05/1940,SC,Berkeley,Dewey,republican,420,1000
11/05/1940,MI,Leelanau,Roosevelt,democrat,420,1000
11/05/1940,MI,Leelanau,Dewey,republican,580,1000
11/05/1940,PA,Fulton,Roosevelt,democrat,580,1000
11/05/1940,PA,Fulton,Dewey,republican,420,1000
11/05/1940,MI,Clinton,Roosevelt,democrat,420,1000
11/05/1940,MI,Clinton,Dewey,republican,580,1000
11/05/1940,GA,Quitman,Roosevelt,democrat,580,1000
11/05/1940,GA,Quitman,Dewey,republican,420,1000
11/05/1940,WA,Snohomish,Roosevelt,democrat,510,1000
11/05/1940,WA,Snohomish,Dewey,republican,490,1000
11/05/1940,MO,Lewis,Roosevelt,democrat,510,1000
11/05/1940,MO,Lewis,Dewey,republican,490,1000
11/05/1940,FL,Madison,Roosevelt,democrat,580,1000
11/05/1940,FL,Madison,Dewey,republican,420,1000
11/05/1940,NM,Los_Alamos,Roosevelt,democrat,420,1000
11/05/1940,NM,Los_Alamos,Dewey,republican,580,1000
11/05/1940,NM,Guadalupe,Roosevelt,democrat,580,1000
11/05/1940,NM,Guadalupe,Dewey,republican,420,1000
11/05/1940,WV,Gilmer,Roosevelt,democrat,420,1000
11/05/1940,WV,Gilmer,Dewey,republican,580,1000
11/05/1940,IN,Vanderburgh,Roosevelt,democrat,580,1000
11/05/1940,IN,Vanderburgh,Dewey,republican,420,1000
11/05/1940,WV,Hampshire,Roosevelt,democrat,530,1000
11/05/1940,WV,Hampshire,Dewey,republican,470,1000
11/05/1940,OR,Wallowa,Roosevelt,democrat,420,1000
11/05/1940,OR,Wallowa,Dewey,republican,580,1000
11/05/1940,NC,Cherokee,Roosevelt,democrat,420,1000
11/05/1940,NC,Cherokee,Dewey,republican,580,1000
11/05/1940,OK,Oklahoma,Roosevelt,democrat,470,1000
11/05/1940,OK,Oklahoma,Dewey,republican,530,1000
11/05/1940,FL,Volusia,Roosevelt,democrat,530,1000
11/05/1940,FL,Volusia,Dewey,republican,470,1000
11/05/1940,CA,Sierra,Roosevelt,democrat,530,1000
11/05/1940,CA,Sierra,Dewey,republican,470,1000
11/05/1940,ID,Bonneville,Roosevelt,democrat,580,1000
11/05/1940,ID,Bonneville,Dewey,republican,420,1000
11/05/1940,AL,Conecuh,Roosevelt,democrat,580,1000
11/05/1940,AL,Conecuh,Dewey,republican,420,1000
11/05/1940,KS,Kiowa,Roosevelt,democrat,530,1000
11/05/1940,KS,Kiowa,Dewey,republican,470,1000
11/05/1940,MN,Douglas,Roosevelt,democrat,470,1000
11/05/1940,MN,Douglas,Dewey,republican,530,1000
11/05/1940,TN,Chester,Roosevelt,democrat,530,1000
11/05/1940,TN,Chester,Dewey,republican,470,1000
11/05/1940,LA,Vermilion,Roosevelt,democrat,580,1000
11/05/1940,LA,Vermilion,Dewey,republican,420,1000
11/05/1940,NM,Sandoval,Roosevelt,democrat,580,1000
11/05/1940,NM,Sandoval,Dewey,republican,420,1000
11/05/1940,MN,Clay,Roosevelt,democrat,420,1000
11/05/1940,MN,Clay,Dewey,republican,580,1000
