11/02/1948,GA,Polk,Truman,democrat,420,1000
11/02/1948,GA,Polk,Dewey,republican,580,1000
11/02/1948,KY,Bracken,Truman,democrat,530,1000
11/02/1948,KY,Bracken,Dewey,republican,470,1000
11/02/1948,MS,Wayne,Truman,democrat,510,1000
11/02/1948,MS,Wayne,Dewey,republican,490,1000
11/02/1948,PA,Adams,Truman,democrat,510,1000
11/02/1948,PA,Adams,Dewey,republican,490,1000
11/02/1948,AZ,Gila,Truman,democrat,530,1000
11/02/1948,AZ,Gila,Dewey,republican,470,1000
11/02/1948,AR,Poinsett,Truman,democrat,580,1000
11/02/1948,AR,Poinsett,Dewey,republican,420,1000
11/02/1948,GA,Pike,Truman,democrat,510,1000
11/02/1948,GA,Pike,Dewey,republican,490,1000
11/02/1948,IL,Kendall,Truman,democrat,510,1000
11/02/1948,IL,Kendall,Dewey,republican,490,1000
11/02/1948,IA,Jefferson,Truman,democrat,580,1000
11/02/1948,IA,Jefferson,Dewey,republican,420,1000
11/02/1948,IA,Iowa,Truman,democrat,580,1000
11/02/1948,IA,Iowa,Dewey,republican,420,1000
11/02/1948,NE,Polk,Truman,democrat,470,1000
11/02/1948,NE,Polk,Dewey,republican,530,1000
11/02/1948,NE,Phelps,Truman,democrat,470,1000
11/02/1948,NE,Phelps,Dewey,republican,530,1000
11/02/1948,ND,Wells,Truman,democrat,470,1000
11/02/1948,ND,Wells,Dewey,republican,530,1000
11/02/1948,OH,Fairfield,Truman,democrat,530,1000
11/02/1948,OH,Fairfield,Dewey,republican,470,1000
11/02/1948,IN,Orange,Truman,democrat,580,1000
11/02/1948,IN,Orange,Dewey,republican,420,1000
11/02/1948,SD,Day,Truman,democrat,580,1000
11/02/1948,SD,Day,Dewey,republican,420,1000
11/02/1948,TX,Dickens,Truman,democrat,490,1000
11/02/1948,TX,Dickens,Dewey,republican,510,1000
11/02/1948,MI,Otsego,Truman,democrat,530,1000
11/02/1948,MI,Otsego,Dewey,republican,470,1000
11/02/1948,MN,Clearwater,Truman,democrat,580,1000
11/02/1948,MN,Clearwater,Dewey,republican,420,1000
11/02/1948,OK,Major,Truman,democrat,470,1000
11/02/1948,OK,Major,Dewey,republican,530,1000
11/02/1948,TX,McMullen,Truman,democrat,470,1000
11/02/1948,TX,McMullen,Dewey,republican,530,1000
11/02/1948,CA,Modoc,Truman,democrat,420,1000
11/02/1948,CA,Modoc,Dewey,republican,580,1000
11/02/1948,IL,Cook,Truman,democrat,580,1000
11/02/1948,IL,Cook,Dewey,republican,420,1000
11/02/1948,IL,Iroquois,Truman,democrat,530,1000
11/02/1948,IL,Iroquois,Dewey,republican,470,1000
11/02/1948,MS,Tippah,Truman,democrat,470,1000
11/02/1948,MS,Tippah,Dewey,republican,530,1000
11/02/1948,MN,Wadena,Truman,democrat,580,1000
11/02/1948,MN,Wadena,Dewey,republican,420,1000
11/02/1948,MT,Liberty,Truman,democrat,420,1000
11/02/1948,MT,Liberty,Dewey,republican,580,1000
11/02/1948,MO,Putnam,Truman,democrat,580,1000
11/02/1948,MO,Putnam,Dewey,republican,420,1000
11/02/1948,TX,Bailey,Truman,democrat,490,1000
11/02/1948,TX,Bailey,Dewey,republican,510,1000
11/02/1948,CO,Washington,Truman,democrat,580,1000
11/02/1948,CO,Washington,Dewey,republican,420,1000
11/02/1948,IL,Washington,Truman,democrat,580,1000
11/02/1948,IL,Washington,Dewey,republican,420,1000
11/02/1948,IA,Pocahontas,Truman,democrat,580,1000
11/02/1948,IA,Pocahontas,Dewey,republican,420,1000
11/02/1948,IA,Lucas,Truman,democrat,580,1000
11/02/1948,IA,Lucas,Dewey,republican,420,1000
11/02/1948,KY,Green,Truman,democrat,470,1000
11/02/1948,KY,Green,Dewey,republican,530,1000
11/02/1948,MI,Midland,Truman,democrat,530,1000
11/02/1948,MI,Midland,Dewey,republican,470,1000
11/02/1948,OH,Muskingum,Truman,democrat,490,1000
11/02/1948,OH,Muskingum,Dewey,republican,510,1000
11/02/1948,PA,Wyoming,Truman,democrat,580,1000
11/02/1948,PA,Wyoming,Dewey,republican,420,1000
11/02/1948,TX,Ellis,Truman,democrat,490,1000
11/02/1948,TX,Ellis,Dewey,republican,510,1000
11/02/1948,TX,Andrews,Truman,democrat,420,1000
11/02/1948,TX,Andrews,Dewey,republican,580,1000
11/02/1948,VT,Lamoille,Truman,democrat,580,1000
11/02/1948,VT,Lamoille,Dewey,republican,420,1000
11/02/1948,SD,Clark,Truman,democrat,510,1000
11/02/1948,SD,Clark,Dewey,republican,490,1000
11/02/1948,TX,Martin,Truman,democrat,497,1000
11/02/1948,TX,Martin,Dewey,republican,503,1000
11/02/1948,KS,Osborne,Truman,democrat,470,1000
11/02/1948,KS,Osborne,Dewey,republican,530,1000
11/02/1948,GA,Heard,Truman,democrat,580,1000
11/02/1948,GA,Heard,Dewey,republican,420,1000
11/02/1948,IA,Worth,Truman,democrat,580,1000
11/02/1948,IA,Worth,Dewey,republican,420,1000
11/02/1948,KY,Simpson,Truman,democrat,470,1000
11/02/1948,KY,Simpson,Dewey,republican,530,1000
11/02/1948,MS,Tishomingo,Truman,democrat,497,1000
11/02/1948,MS,Tishomingo,Dewey,republican,503,1000
11/02/1948,MS,Stone,Truman,democrat,510,1000
11/02/1948,MS,Stone,Dewey,republican,490,1000
11/02/1948,MN,Grant,Truman,democrat,580,1000
11/02/1948,MN,Grant,Dewey,republican,420,1000
11/02/1948,NE,Jefferson,Truman,democrat,420,1000
11/02/1948,NE,Jefferson,Dewey,republican,580,1000
11/02/1948,SD,Brown,Truman,democrat,580,1000
11/02/1948,SD,Brown,Dewey,republican,420,1000
11/02/1948,AL,Pike,Truman,democrat,530,1000
11/02/1948,AL,Pike,Dewey,republican,470,1000
11/02/1948,GA,Newton,Truman,democrat,470,1000
11/02/1948,GA,Newton,Dewey,republican,530,1000
11/02/1948,IL,Brown,Truman,democrat,580,1000
11/02/1948,IL,Brown,Dewey,republican,420,1000
11/02/1948,IL,Bond,Truman,democrat,580,1000
11/02/1948,IL,Bond,Dewey,republican,420,1000
11/02/1948,IA,Clay,Truman,democrat,580,1000
11/02/1948,IA,Clay,Dewey,republican,420,1000
11/02/1948,KY,Shelby,Truman,democrat,530,1000
11/02/1948,KY,Shelby,Dewey,republican,470,1000
11/02/1948,NE,Loup,Truman,democrat,530,1000
11/02/1948,NE,Loup,Dewey,republican,470,1000
11/02/1948,NE,Webster,Truman,democrat,510,1000
11/02/1948,NE,Webster,Dewey,republican,490,1000
11/02/1948,OH,Ashland,Truman,democrat,530,1000
11/02/1948,OH,Ashland,Dewey,republican,470,1000
11/02/1948,NE,Greeley,Truman,democrat,470,1000
11/02/1948,NE,Greeley,Dewey,republican,530,1000
11/02/1948,WV,Putnam,Truman,democrat,580,1000
11/02/1948,WV,Putnam,Dewey,republican,420,1000
11/02/1948,ND,Billings,Truman,democrat,420,1000
11/02/1948,ND,Billings,Dewey,republican,580,1000
11/02/1948,TX,Fisher,Truman,democrat,470,1000
11/02/1948,TX,Fisher,Dewey,republican,530,1000
11/02/1948,TX,Lipscomb,Truman,democrat,420,1000
11/02/1948,TX,Lipscomb,Dewey,republican,580,1000
11/02/1948,KS,Norton,Truman,democrat,530,1000
11/02/1948,KS,Norton,Dewey,republican,470,1000
11/02/1948,MD,Washington,Truman,democrat,530,1000
11/02/1948,MD,Washington,Dewey,republican,470,1000
11/02/1948,MS,Clarke,Truman,democrat,470,1000
11/02/1948,MS,Clarke,Dewey,republican,530,1000
11/02/1948,MS,Lawrence,Truman,democrat,580,1000
11/02/1948,MS,Lawrence,Dewey,republican,420,1000
11/02/1948,MT,Beaverhead,Truman,democrat,490,1000
11/02/1948,MT,Beaverhead,Dewey,republican,510,1000
11/02/1948,NE,Banner,Truman,democrat,530,1000
11/02/1948,NE,Banner,Dewey,republican,470,1000
11/02/1948,ND,Cavalier,Truman,democrat,580,1000
11/02/1948,ND,Cavalier,Dewey,republican,420,1000
11/02/1948,MO,Newton,Truman,democrat,580,1000
11/02/1948,MO,Newton,Dewey,republican,420,1000
11/02/1948,AK,North_Slope,Truman,democrat,470,1000
11/02/1948,AK,North_Slope,Dewey,republican,530,1000
11/02/1948,GA,Pickens,Truman,democrat,510,1000
11/02/1948,GA,Pickens,Dewey,republican,490,1000
11/02/1948,IN,Bartholomew,Truman,democrat,530,1000
11/02/1948,IN,Bartholomew,Dewey,republican,470,1000
11/02/1948,IA,Cerro_Gordo,Truman,democrat,580,1000
11/02/1948,IA,Cerro_Gordo,Dewey,republican,420,1000
11/02/1948,KY,Lincoln,Truman,democrat,420,1000
11/02/1948,KY,Lincoln,Dewey,republican,580,1000
11/02/1948,MO,Dent,Truman,democrat,580,1000
11/02/1948,MO,Dent,Dewey,republican,420,1000
11/02/1948,GA,Schley,Truman,democrat,580,1000
11/02/1948,GA,Schley,Dewey,republican,420,1000
11/02/1948,NE,Clay,Truman,democrat,420,1000
11/02/1948,NE,Clay,Dewey,republican,580,1000
11/02/1948,IA,Guthrie,Truman,democrat,580,1000
11/02/1948,IA,Guthrie,Dewey,republican,420,1000
11/02/1948,IA,Adair,Truman,democrat,580,1000
11/02/1948,IA,Adair,Dewey,republican,420,1000
11/02/1948,TX,Hale,Truman,democrat,420,1000
11/02/1948,TX,Hale,Dewey,republican,580,1000
11/02/1948,VA,Galax,Truman,democrat,580,1000
11/02/1948,VA,Galax,Dewey,republican,420,1000
11/02/1948,WI,Sawyer,Truman,democrat,580,1000
11/02/1948,WI,Sawyer,Dewey,republican,420,1000
11/02/1948,TX,Sherman,Truman,democrat,420,1000
11/02/1948,TX,Sherman,Dewey,republican,580,1000
11/02/1948,CO,Montezuma,Truman,democrat,580,1000
11/02/1948,CO,Montezuma,Dewey,republican,420,1000
11/02/1948,KS,Phillips,Truman,democrat,580,1000
11/02/1948,KS,Phillips,Dewey,republican,420,1000
11/02/1948,KY,Clinton,Truman,democrat,420,1000
11/02/1948,KY,Clinton,Dewey,republican,580,1000
11/02/1948,MD,Allegany,Truman,democrat,510,1000
11/02/1948,MD,Allegany,Dewey,republican,490,1000
11/02/1948,MS,Panola,Truman,democrat,580,1000
11/02/1948,MS,Panola,Dewey,republican,420,1000
11/02/1948,TX,Kinney,Truman,democrat,580,1000
11/02/1948,TX,Kinney,Dewey,republican,420,1000
11/02/1948,NM,Valencia,Truman,democrat,580,1000
11/02/1948,NM,Valencia,Dewey,republican,420,1000
11/02/1948,AR,Searcy,Truman,democrat,580,1000
11/02/1948,AR,Searcy,Dewey,republican,420,1000
11/02/1948,GA,Candler,Truman,democrat,510,1000
11/02/1948,GA,Candler,Dewey,republican,490,1000
11/02/1948,IN,Henry,Truman,democrat,530,1000
11/02/1948,IN,Henry,Dewey,republican,470,1000
11/02/1948,IA,Chickasaw,Truman,democrat,580,1000
11/02/1948,IA,Chickasaw,Dewey,republican,420,1000
11/02/1948,IA,Poweshiek,Truman,democrat,580,1000
11/02/1948,IA,Poweshiek,Dewey,republican,420,1000
11/02/1948,MI,Montmorency,Truman,democrat,580,1000
11/02/1948,MI,Montmorency,Dewey,republican,420,1000
11/02/1948,MO,Linn,Truman,democrat,530,1000
11/02/1948,MO,Linn,Dewey,republican,470,1000
11/02/1948,ND,Burleigh,Truman,democrat,470,1000
11/02/1948,ND,Burleigh,Dewey,republican,530,1000
11/02/1948,NE,Cuming,Truman,democrat,470,1000
11/02/1948,NE,Cuming,Dewey,republican,530,1000
11/02/1948,OR,Grant,Truman,democrat,470,1000
11/02/1948,OR,Grant,Dewey,republican,530,1000
11/02/1948,SD,Lake,Truman,democrat,580,1000
11/02/1948,SD,Lake,Dewey,republican,420,1000
11/02/1948,TX,Scurry,Truman,democrat,470,1000
11/02/1948,TX,Scurry,Dewey,republican,530,1000
11/02/1948,TX,Castro,Truman,democrat,420,1000
11/02/1948,TX,Castro,Dewey,republican,580,1000
11/02/1948,OH,Harrison,Truman,democrat,510,1000
11/02/1948,OH,Harrison,Dewey,republican,490,1000
11/02/1948,TX,Cochran,Truman,democrat,470,1000
11/02/1948,TX,Cochran,Dewey,republican,530,1000
11/02/1948,KS,Stanton,Truman,democrat,580,1000
11/02/1948,KS,Stanton,Dewey,republican,420,1000
11/02/1948,FL,Monroe,Truman,democrat,530,1000
11/02/1948,FL,Monroe,Dewey,republican,470,1000
11/02/1948,FL,Escambia,Truman,democrat,510,1000
11/02/1948,FL,Escambia,Dewey,republican,490,1000
11/02/1948,IL,Kankakee,Truman,democrat,530,1000
11/02/1948,IL,Kankakee,Dewey,republican,470,1000
11/02/1948,KS,Meade,Truman,democrat,530,1000
11/02/1948,KS,Meade,Dewey,republican,470,1000
11/02/1948,MN,Polk,Truman,democrat,580,1000
11/02/1948,MN,Polk,Dewey,republican,420,1000
11/02/1948,MS,Pike,Truman,democrat,580,1000
11/02/1948,MS,Pike,Dewey,republican,420,1000
11/02/1948,MN,Waseca,Truman,democrat,580,1000
11/02/1948,MN,Waseca,Dewey,republican,420,1000
11/02/1948,OK,Cimarron,Truman,democrat,420,1000
11/02/1948,OK,Cimarron,Dewey,republican,580,1000
11/02/1948,MT,Flathead,Truman,democrat,490,1000
11/02/1948,MT,Flathead,Dewey,republican,510,1000
11/02/1948,UT,Cache,Truman,democrat,490,1000
11/02/1948,UT,Cache,Dewey,republican,510,1000
11/02/1948,AR,Lincoln,Truman,democrat,580,1000
11/02/1948,AR,Lincoln,Dewey,republican,420,1000
11/02/1948,GA,Turner,Truman,democrat,530,1000
11/02/1948,GA,Turner,Dewey,republican,470,1000
11/02/1948,IA,Marshall,Truman,democrat,580,1000
11/02/1948,IA,Marshall,Dewey,republican,420,1000
11/02/1948,MO,Texas,Truman,democrat,580,1000
11/02/1948,MO,Texas,Dewey,republican,420,1000
11/02/1948,GA,Bleckley,Truman,democrat,580,1000
11/02/1948,GA,Bleckley,Dewey,republican,420,1000
11/02/1948,OH,Geauga,Truman,democrat,580,1000
11/02/1948,OH,Geauga,Dewey,republican,420,1000
11/02/1948,OK,Grant,Truman,democrat,420,1000
11/02/1948,OK,Grant,Dewey,republican,580,1000
11/02/1948,MO,Crawford,Truman,democrat,580,1000
11/02/1948,MO,Crawford,Dewey,republican,420,1000
11/02/1948,TX,Tom_Green,Truman,democrat,420,1000
11/02/1948,TX,Tom_Green,Dewey,republican,580,1000
11/02/1948,TX,Roberts,Truman,democrat,420,1000
11/02/1948,TX,Roberts,Dewey,republican,580,1000
11/02/1948,TX,Childress,Truman,democrat,490,1000
11/02/1948,TX,Childress,Dewey,republican,510,1000
11/02/1948,AL,Franklin,Truman,democrat,420,1000
11/02/1948,AL,Franklin,Dewey,republican,580,1000
11/02/1948,IN,Ohio,Truman,democrat,530,1000
11/02/1948,IN,Ohio,Dewey,republican,470,1000
11/02/1948,KS,Nemaha,Truman,democrat,470,1000
11/02/1948,KS,Nemaha,Dewey,republican,530,1000
11/02/1948,MN,Rock,Truman,democrat,580,1000
11/02/1948,MN,Rock,Dewey,republican,420,1000
11/02/1948,NE,Dawes,Truman,democrat,530,1000
11/02/1948,NE,Dawes,Dewey,republican,470,1000
11/02/1948,PA,Greene,Truman,democrat,580,1000
11/02/1948,PA,Greene,Dewey,republican,420,1000
11/02/1948,MO,Phelps,Truman,democrat,580,1000
11/02/1948,MO,Phelps,Dewey,republican,420,1000
11/02/1948,AL,Clay,Truman,democrat,420,1000
11/02/1948,AL,Clay,Dewey,republican,580,1000
11/02/1948,AK,Kusilvak,Truman,democrat,580,1000
11/02/1948,AK,Kusilvak,Dewey,republican,420,1000
11/02/1948,IL,Putnam,Truman,democrat,580,1000
11/02/1948,IL,Putnam,Dewey,republican,420,1000
11/02/1948,IN,Montgomery,Truman,democrat,530,1000
11/02/1948,IN,Montgomery,Dewey,republican,470,1000
11/02/1948,KS,Wichita,Truman,democrat,580,1000
11/02/1948,KS,Wichita,Dewey,republican,420,1000
11/02/1948,MN,Mahnomen,Truman,democrat,580,1000
11/02/1948,MN,Mahnomen,Dewey,republican,420,1000
11/02/1948,MN,Murray,Truman,democrat,580,1000
11/02/1948,MN,Murray,Dewey,republican,420,1000
11/02/1948,NE,Logan,Truman,democrat,530,1000
11/02/1948,NE,Logan,Dewey,republican,470,1000
11/02/1948,ND,Hettinger,Truman,democrat,470,1000
11/02/1948,ND,Hettinger,Dewey,republican,530,1000
11/02/1948,IA,Greene,Truman,democrat,580,1000
11/02/1948,IA,Greene,Dewey,republican,420,1000
11/02/1948,KY,Lee,Truman,democrat,470,1000
11/02/1948,KY,Lee,Dewey,republican,530,1000
11/02/1948,TX,Motley,Truman,democrat,420,1000
11/02/1948,TX,Motley,Dewey,republican,580,1000
11/02/1948,LA,Jackson,Truman,democrat,470,1000
11/02/1948,LA,Jackson,Dewey,republican,530,1000
11/02/1948,VA,Radford,Truman,democrat,530,1000
11/02/1948,VA,Radford,Dewey,republican,470,1000
11/02/1948,ND,Ramsey,Truman,democrat,580,1000
11/02/1948,ND,Ramsey,Dewey,republican,420,1000
11/02/1948,ID,Lincoln,Truman,democrat,490,1000
11/02/1948,ID,Lincoln,Dewey,republican,510,1000
11/02/1948,CO,Cheyenne,Truman,democrat,580,1000
11/02/1948,CO,Cheyenne,Dewey,republican,420,1000
11/02/1948,HI,Maui,Truman,democrat,580,1000
11/02/1948,HI,Maui,Dewey,republican,420,1000
11/02/1948,KS,Comanche,Truman,democrat,497,1000
11/02/1948,KS,Comanche,Dewey,republican,503,1000
11/02/1948,ME,Aroostook,Truman,democrat,580,1000
11/02/1948,ME,Aroostook,Dewey,republican,420,1000
11/02/1948,NE,Thayer,Truman,democrat,420,1000
11/02/1948,NE,Thayer,Dewey,republican,580,1000
11/02/1948,MS,Jasper,Truman,democrat,470,1000
11/02/1948,MS,Jasper,Dewey,republican,530,1000
11/02/1948,MN,Steele,Truman,democrat,580,1000
11/02/1948,MN,Steele,Dewey,republican,420,1000
11/02/1948,SD,Lawrence,Truman,democrat,470,1000
11/02/1948,SD,Lawrence,Dewey,republican,530,1000
11/02/1948,SD,Campbell,Truman,democrat,510,1000
11/02/1948,SD,Campbell,Dewey,republican,490,1000
11/02/1948,MT,Wheatland,Truman,democrat,530,1000
11/02/1948,MT,Wheatland,Dewey,republican,470,1000
11/02/1948,AR,Jackson,Truman,democrat,580,1000
11/02/1948,AR,Jackson,Dewey,republican,420,1000
11/02/1948,FL,Lafayette,Truman,democrat,580,1000
11/02/1948,FL,Lafayette,Dewey,republican,420,1000
11/02/1948,IL,Saline,Truman,democrat,580,1000
11/02/1948,IL,Saline,Dewey,republican,420,1000
11/02/1948,IA,Wapello,Truman,democrat,580,1000
11/02/1948,IA,Wapello,Dewey,republican,420,1000
11/02/1948,MI,Calhoun,Truman,democrat,580,1000
11/02/1948,MI,Calhoun,Dewey,republican,420,1000
11/02/1948,NE,Colfax,Truman,democrat,470,1000
11/02/1948,NE,Colfax,Dewey,republican,530,1000
11/02/1948,ND,Ward,Truman,democrat,530,1000
11/02/1948,ND,Ward,Dewey,republican,470,1000
11/02/1948,NE,Fillmore,Truman,democrat,470,1000
11/02/1948,NE,Fillmore,Dewey,republican,530,1000
11/02/1948,PA,Snyder,Truman,democrat,530,1000
11/02/1948,PA,Snyder,Dewey,republican,470,1000
11/02/1948,IA,Adams,Truman,democrat,530,1000
11/02/1948,IA,Adams,Dewey,republican,470,1000
11/02/1948,VA,Covington,Truman,democrat,580,1000
11/02/1948,VA,Covington,Dewey,republican,420,1000
11/02/1948,WI,Barron,Truman,democrat,580,1000
11/02/1948,WI,Barron,Dewey,republican,420,1000
11/02/1948,TX,Archer,Truman,democrat,530,1000
11/02/1948,TX,Archer,Dewey,republican,470,1000
11/02/1948,UT,Piute,Truman,democrat,497,1000
11/02/1948,UT,Piute,Dewey,republican,503,1000
11/02/1948,KS,Kearny,Truman,democrat,530,1000
11/02/1948,KS,Kearny,Dewey,republican,470,1000
11/02/1948,NE,Johnson,Truman,democrat,420,1000
11/02/1948,NE,Johnson,Dewey,republican,580,1000
11/02/1948,TX,Sutton,Truman,democrat,580,1000
11/02/1948,TX,Sutton,Dewey,republican,420,1000
11/02/1948,IL,Piatt,Truman,democrat,580,1000
11/02/1948,IL,Piatt,Dewey,republican,420,1000
11/02/1948,IL,Schuyler,Truman,democrat,580,1000
11/02/1948,IL,Schuyler,Dewey,republican,420,1000
11/02/1948,TN,McNairy,Truman,democrat,580,1000
11/02/1948,TN,McNairy,Dewey,republican,420,1000
11/02/1948,KY,Edmonson,Truman,democrat,470,1000
11/02/1948,KY,Edmonson,Dewey,republican,530,1000
11/02/1948,IA,O_Brien,Truman,democrat,470,1000
11/02/1948,IA,O_Brien,Dewey,republican,530,1000
11/02/1948,KY,Estill,Truman,democrat,470,1000
11/02/1948,KY,Estill,Dewey,republican,530,1000
11/02/1948,IL,Christian,Truman,democrat,580,1000
11/02/1948,IL,Christian,Dewey,republican,420,1000
11/02/1948,KY,Graves,Truman,democrat,580,1000
11/02/1948,KY,Graves,Dewey,republican,420,1000
11/02/1948,IA,Union,Truman,democrat,580,1000
11/02/1948,IA,Union,Dewey,republican,420,1000
11/02/1948,IL,Marshall,Truman,democrat,580,1000
11/02/1948,IL,Marshall,Dewey,republican,420,1000
11/02/1948,MI,Branch,Truman,democrat,580,1000
11/02/1948,MI,Branch,Dewey,republican,420,1000
11/02/1948,KS,Geary,Truman,democrat,490,1000
11/02/1948,KS,Geary,Dewey,republican,510,1000
11/02/1948,NE,Brown,Truman,democrat,530,1000
11/02/1948,NE,Brown,Dewey,republican,470,1000
11/02/1948,MS,Smith,Truman,democrat,420,1000
11/02/1948,MS,Smith,Dewey,republican,580,1000
11/02/1948,ID,Benewah,Truman,democrat,580,1000
11/02/1948,ID,Benewah,Dewey,republican,420,1000
11/02/1948,IN,Fountain,Truman,democrat,580,1000
11/02/1948,IN,Fountain,Dewey,republican,420,1000
11/02/1948,TX,Moore,Truman,democrat,420,1000
11/02/1948,TX,Moore,Dewey,republican,580,1000
11/02/1948,OK,Lincoln,Truman,democrat,470,1000
11/02/1948,OK,Lincoln,Dewey,republican,530,1000
11/02/1948,UT,San_Juan,Truman,democrat,530,1000
11/02/1948,UT,San_Juan,Dewey,republican,470,1000
11/02/1948,IA,Mahaska,Truman,democrat,580,1000
11/02/1948,IA,Mahaska,Dewey,republican,420,1000
11/02/1948,IN,Pulaski,Truman,democrat,580,1000
11/02/1948,IN,Pulaski,Dewey,republican,420,1000
11/02/1948,KY,Christian,Truman,democrat,530,1000
11/02/1948,KY,Christian,Dewey,republican,470,1000
11/02/1948,ND,Richland,Truman,democrat,580,1000
11/02/1948,ND,Richland,Dewey,republican,420,1000
11/02/1948,MO,Dade,Truman,democrat,580,1000
11/02/1948,MO,Dade,Dewey,republican,420,1000
11/02/1948,MO,Dallas,Truman,democrat,580,1000
11/02/1948,MO,Dallas,Dewey,republican,420,1000
11/02/1948,IN,Clay,Truman,democrat,530,1000
11/02/1948,IN,Clay,Dewey,republican,470,1000
11/02/1948,GA,Floyd,Truman,democrat,490,1000
11/02/1948,GA,Floyd,Dewey,republican,510,1000
11/02/1948,NE,Box_Butte,Truman,democrat,503,1000
11/02/1948,NE,Box_Butte,Dewey,republican,497,1000
11/02/1948,KS,Ford,Truman,democrat,530,1000
11/02/1948,KS,Ford,Dewey,republican,470,1000
11/02/1948,IN,Madison,Truman,democrat,580,1000
11/02/1948,IN,Madison,Dewey,republican,420,1000
11/02/1948,KS,Ness,Truman,democrat,490,1000
11/02/1948,KS,Ness,Dewey,republican,510,1000
11/02/1948,NE,Hooker,Truman,democrat,580,1000
11/02/1948,NE,Hooker,Dewey,republican,420,1000
11/02/1948,IL,Clay,Truman,democrat,580,1000
11/02/1948,IL,Clay,Dewey,republican,420,1000
11/02/1948,MO,Knox,Truman,democrat,580,1000
11/02/1948,MO,Knox,Dewey,republican,420,1000
11/02/1948,MO,Osage,Truman,democrat,580,1000
11/02/1948,MO,Osage,Dewey,republican,420,1000
11/02/1948,MI,Livingston,Truman,democrat,530,1000
11/02/1948,MI,Livingston,Dewey,republican,470,1000
11/02/1948,AL,Randolph,Truman,democrat,510,1000
11/02/1948,AL,Randolph,Dewey,republican,490,1000
11/02/1948,MI,Roscommon,Truman,democrat,580,1000
11/02/1948,MI,Roscommon,Dewey,republican,420,1000
11/02/1948,OH,Carroll,Truman,democrat,530,1000
11/02/1948,OH,Carroll,Dewey,republican,470,1000
11/02/1948,ND,Cass,Truman,democrat,580,1000
11/02/1948,ND,Cass,Dewey,republican,420,1000
11/02/1948,NE,Madison,Truman,democrat,470,1000
11/02/1948,NE,Madison,Dewey,republican,530,1000
11/02/1948,NE,Perkins,Truman,democrat,580,1000
11/02/1948,NE,Perkins,Dewey,republican,420,1000
11/02/1948,NE,Pierce,Truman,democrat,470,1000
11/02/1948,NE,Pierce,Dewey,republican,530,1000
11/02/1948,AR,Cleburne,Truman,democrat,580,1000
11/02/1948,AR,Cleburne,Dewey,republican,420,1000
11/02/1948,NE,Platte,Truman,democrat,510,1000
11/02/1948,NE,Platte,Dewey,republican,490,1000
11/02/1948,NH,Coos,Truman,democrat,580,1000
11/02/1948,NH,Coos,Dewey,republican,420,1000
11/02/1948,MN,Swift,Truman,democrat,580,1000
11/02/1948,MN,Swift,Dewey,republican,420,1000
11/02/1948,WI,Langlade,Truman,democrat,580,1000
11/02/1948,WI,Langlade,Dewey,republican,420,1000
11/02/1948,MI,Isabella,Truman,democrat,580,1000
11/02/1948,MI,Isabella,Dewey,republican,420,1000
11/02/1948,MN,McLeod,Truman,democrat,580,1000
11/02/1948,MN,McLeod,Dewey,republican,420,1000
11/02/1948,NH,Grafton,Truman,democrat,580,1000
11/02/1948,NH,Grafton,Dewey,republican,420,1000
11/02/1948,AK,Petersburg,Truman,democrat,530,1000
11/02/1948,AK,Petersburg,Dewey,republican,470,1000
11/02/1948,MI,Missaukee,Truman,democrat,530,1000
11/02/1948,MI,Missaukee,Dewey,republican,470,1000
11/02/1948,MO,Oregon,Truman,democrat,580,1000
11/02/1948,MO,Oregon,Dewey,republican,420,1000
11/02/1948,ND,Griggs,Truman,democrat,530,1000
11/02/1948,ND,Griggs,Dewey,republican,470,1000
11/02/1948,TX,Goliad,Truman,democrat,580,1000
11/02/1948,TX,Goliad,Dewey,republican,420,1000
11/02/1948,NE,Chase,Truman,democrat,580,1000
11/02/1948,NE,Chase,Dewey,republican,420,1000
11/02/1948,KS,Allen,Truman,democrat,580,1000
11/02/1948,KS,Allen,Dewey,republican,420,1000
11/02/1948,KS,Chase,Truman,democrat,580,1000
11/02/1948,KS,Chase,Dewey,republican,420,1000
11/02/1948,KS,Greenwood,Truman,democrat,580,1000
11/02/1948,KS,Greenwood,Dewey,republican,420,1000
11/02/1948,TX,Cottle,Truman,democrat,580,1000
11/02/1948,TX,Cottle,Dewey,republican,420,1000
11/02/1948,NM,Eddy,Truman,democrat,580,1000
11/02/1948,NM,Eddy,Dewey,republican,420,1000
11/02/1948,IL,Coles,Truman,democrat,530,1000
11/02/1948,IL,Coles,Dewey,republican,470,1000
11/02/1948,KS,Elk,Truman,democrat,580,1000
11/02/1948,KS,Elk,Dewey,republican,420,1000
11/02/1948,KS,Woodson,Truman,democrat,580,1000
11/02/1948,KS,Woodson,Dewey,republican,420,1000
11/02/1948,MI,Gratiot,Truman,democrat,580,1000
11/02/1948,MI,Gratiot,Dewey,republican,420,1000
11/02/1948,KS,Marion,Truman,democrat,530,1000
11/02/1948,KS,Marion,Dewey,republican,470,1000
11/02/1948,KS,Neosho,Truman,democrat,580,1000
11/02/1948,KS,Neosho,Dewey,republican,420,1000
11/02/1948,MI,Ionia,Truman,democrat,580,1000
11/02/1948,MI,Ionia,Dewey,republican,420,1000
11/02/1948,MN,Cottonwood,Truman,democrat,580,1000
11/02/1948,MN,Cottonwood,Dewey,republican,420,1000
11/02/1948,KY,Montgomery,Truman,democrat,497,1000
11/02/1948,KY,Montgomery,Dewey,republican,503,1000
11/02/1948,MN,Kandiyohi,Truman,democrat,580,1000
11/02/1948,MN,Kandiyohi,Dewey,republican,420,1000
11/02/1948,MI,Mecosta,Truman,democrat,580,1000
11/02/1948,MI,Mecosta,Dewey,republican,420,1000
11/02/1948,SD,Grant,Truman,democrat,580,1000
11/02/1948,SD,Grant,Dewey,republican,420,1000
11/02/1948,MN,Faribault,Truman,democrat,580,1000
11/02/1948,MN,Faribault,Dewey,republican,420,1000
11/02/1948,KY,Robertson,Truman,democrat,530,1000
11/02/1948,KY,Robertson,Dewey,republican,470,1000
11/02/1948,IL,Effingham,Truman,democrat,580,1000
11/02/1948,IL,Effingham,Dewey,republican,420,1000
11/02/1948,MN,Benton,Truman,democrat,580,1000
11/02/1948,MN,Benton,Dewey,republican,420,1000
11/02/1948,TX,Falls,Truman,democrat,420,1000
11/02/1948,TX,Falls,Dewey,republican,580,1000
11/02/1948,SD,Aurora,Truman,democrat,580,1000
11/02/1948,SD,Aurora,Dewey,republican,420,1000
11/02/1948,MA,Nantucket,Truman,democrat,580,1000
11/02/1948,MA,Nantucket,Dewey,republican,420,1000
11/02/1948,SD,Beadle,Truman,democrat,530,1000
11/02/1948,SD,Beadle,Dewey,republican,470,1000
11/02/1948,SD,Spink,Truman,democrat,580,1000
11/02/1948,SD,Spink,Dewey,republican,420,1000
11/02/1948,SD,Yankton,Truman,democrat,530,1000
11/02/1948,SD,Yankton,Dewey,republican,470,1000
11/02/1948,SD,Hutchinson,Truman,democrat,580,1000
11/02/1948,SD,Hutchinson,Dewey,republican,420,1000
11/02/1948,PA,Cameron,Truman,democrat,530,1000
11/02/1948,PA,Cameron,Dewey,republican,470,1000
11/02/1948,AK,Hoonah_Angoon,Truman,democrat,530,1000
11/02/1948,AK,Hoonah_Angoon,Dewey,republican,470,1000
11/02/1948,TN,Hardin,Truman,democrat,470,1000
11/02/1948,TN,Hardin,Dewey,republican,530,1000
11/02/1948,SD,McCook,Truman,democrat,580,1000
11/02/1948,SD,McCook,Dewey,republican,420,1000
11/02/1948,SD,Jerauld,Truman,democrat,530,1000
11/02/1948,SD,Jerauld,Dewey,republican,470,1000
11/02/1948,WV,Barbour,Truman,democrat,580,1000
11/02/1948,WV,Barbour,Dewey,republican,420,1000
11/02/1948,VA,Goochland,Truman,democrat,490,1000
11/02/1948,VA,Goochland,Dewey,republican,510,1000
11/02/1948,MN,Le_Sueur,Truman,democrat,580,1000
11/02/1948,MN,Le_Sueur,Dewey,republican,420,1000
11/02/1948,TX,Karnes,Truman,democrat,580,1000
11/02/1948,TX,Karnes,Dewey,republican,420,1000
11/02/1948,MN,Martin,Truman,democrat,580,1000
11/02/1948,MN,Martin,Dewey,republican,420,1000
11/02/1948,MO,Adair,Truman,democrat,580,1000
11/02/1948,MO,Adair,Dewey,republican,420,1000
11/02/1948,WI,Price,Truman,democrat,580,1000
11/02/1948,WI,Price,Dewey,republican,420,1000
11/02/1948,WI,Dunn,Truman,democrat,580,1000
11/02/1948,WI,Dunn,Dewey,republican,420,1000
11/02/1948,WY,Natrona,Truman,democrat,510,1000
11/02/1948,WY,Natrona,Dewey,republican,490,1000
11/02/1948,WY,Niobrara,Truman,democrat,420,1000
11/02/1948,WY,Niobrara,Dewey,republican,580,1000
11/02/1948,WY,Park,Truman,democrat,420,1000
11/02/1948,WY,Park,Dewey,republican,580,1000
11/02/1948,SC,Saluda,Truman,democrat,470,1000
11/02/1948,SC,Saluda,Dewey,republican,530,1000
11/02/1948,OR,Wheeler,Truman,democrat,497,1000
11/02/1948,OR,Wheeler,Dewey,republican,503,1000
11/02/1948,VT,Essex,Truman,democrat,580,1000
11/02/1948,VT,Essex,Dewey,republican,420,1000
11/02/1948,WA,Skamania,Truman,democrat,580,1000
11/02/1948,WA,Skamania,Dewey,republican,420,1000
11/02/1948,MN,Cook,Truman,democrat,580,1000
11/02/1948,MN,Cook,Dewey,republican,420,1000
11/02/1948,OH,Crawford,Truman,democrat,503,1000
11/02/1948,OH,Crawford,Dewey,republican,497,1000
11/02/1948,OH,Hancock,Truman,democrat,470,1000
11/02/1948,OH,Hancock,Dewey,republican,530,1000
11/02/1948,OH,Hocking,Truman,democrat,580,1000
11/02/1948,OH,Hocking,Dewey,republican,420,1000
11/02/1948,OH,Huron,Truman,democrat,530,1000
11/02/1948,OH,Huron,Dewey,republican,470,1000
11/02/1948,TX,Yoakum,Truman,democrat,420,1000
11/02/1948,TX,Yoakum,Dewey,republican,580,1000
11/02/1948,TX,Armstrong,Truman,democrat,420,1000
11/02/1948,TX,Armstrong,Dewey,republican,580,1000
11/02/1948,TX,Jim_Wells,Truman,democrat,580,1000
11/02/1948,TX,Jim_Wells,Dewey,republican,420,1000
11/02/1948,OK,Dewey,Truman,democrat,497,1000
11/02/1948,OK,Dewey,Dewey,republican,503,1000
11/02/1948,TX,Hemphill,Truman,democrat,420,1000
11/02/1948,TX,Hemphill,Dewey,republican,580,1000
11/02/1948,ME,Kennebec,Truman,democrat,580,1000
11/02/1948,ME,Kennebec,Dewey,republican,420,1000
11/02/1948,IA,Grundy,Truman,democrat,580,1000
11/02/1948,IA,Grundy,Dewey,republican,420,1000
11/02/1948,MN,Isanti,Truman,democrat,580,1000
11/02/1948,MN,Isanti,Dewey,republican,420,1000
11/02/1948,TX,Schleicher,Truman,democrat,530,1000
11/02/1948,TX,Schleicher,Dewey,republican,470,1000
11/02/1948,OK,Okmulgee,Truman,democrat,470,1000
11/02/1948,OK,Okmulgee,Dewey,republican,530,1000
11/02/1948,MT,Garfield,Truman,democrat,420,1000
11/02/1948,MT,Garfield,Dewey,republican,580,1000
11/02/1948,TX,Stephens,Truman,democrat,490,1000
11/02/1948,TX,Stephens,Dewey,republican,510,1000
11/02/1948,NE,Arthur,Truman,democrat,580,1000
11/02/1948,NE,Arthur,Dewey,republican,420,1000
11/02/1948,TX,Swisher,Truman,democrat,420,1000
11/02/1948,TX,Swisher,Dewey,republican,580,1000
11/02/1948,MO,Pettis,Truman,democrat,490,1000
11/02/1948,MO,Pettis,Dewey,republican,510,1000
11/02/1948,TX,Lamb,Truman,democrat,420,1000
11/02/1948,TX,Lamb,Dewey,republican,580,1000
11/02/1948,TX,Palo_Pinto,Truman,democrat,420,1000
11/02/1948,TX,Palo_Pinto,Dewey,republican,580,1000
11/02/1948,GA,White,Truman,democrat,470,1000
11/02/1948,GA,White,Dewey,republican,530,1000
11/02/1948,OR,Wasco,Truman,democrat,580,1000
11/02/1948,OR,Wasco,Dewey,republican,420,1000
11/02/1948,AK,Bethel,Truman,democrat,510,1000
11/02/1948,AK,Bethel,Dewey,republican,490,1000
11/02/1948,AR,St_Francis,Truman,democrat,580,1000
11/02/1948,AR,St_Francis,Dewey,republican,420,1000
11/02/1948,AK,Aleutians_East,Truman,democrat,530,1000
11/02/1948,AK,Aleutians_East,Dewey,republican,470,1000
11/02/1948,WI,Monroe,Truman,democrat,580,1000
11/02/1948,WI,Monroe,Dewey,republican,420,1000
11/02/1948,AK,Ketchikan_Gateway,Truman,democrat,530,1000
11/02/1948,AK,Ketchikan_Gateway,Dewey,republican,470,1000
11/02/1948,AK,Lake_and_Peninsula,Truman,democrat,530,1000
11/02/1948,AK,Lake_and_Peninsula,Dewey,republican,470,1000
11/02/1948,ND,Stutsman,Truman,democrat,530,1000
11/02/1948,ND,Stutsman,Dewey,republican,470,1000
11/02/1948,OH,Paulding,Truman,democrat,470,1000
11/02/1948,OH,Paulding,Dewey,republican,530,1000
11/02/1948,MS,Choctaw,Truman,democrat,420,1000
11/02/1948,MS,Choctaw,Dewey,republican,580,1000
11/02/1948,SD,Sully,Truman,democrat,510,1000
11/02/1948,SD,Sully,Dewey,republican,490,1000
11/02/1948,MO,Stoddard,Truman,democrat,580,1000
11/02/1948,MO,Stoddard,Dewey,republican,420,1000
11/02/1948,TX,Hall,Truman,democrat,470,1000
11/02/1948,TX,Hall,Dewey,republican,530,1000
11/02/1948,MO,Stone,Truman,democrat,580,1000
11/02/1948,MO,Stone,Dewey,republican,420,1000
11/02/1948,MO,Webster,Truman,democrat,580,1000
11/02/1948,MO,Webster,Dewey,republican,420,1000
11/02/1948,NC,Forsyth,Truman,democrat,530,1000
11/02/1948,NC,Forsyth,Dewey,republican,470,1000
11/02/1948,VA,Danville,Truman,democrat,530,1000
11/02/1948,VA,Danville,Dewey,republican,470,1000
11/02/1948,VA,Franklin,Truman,democrat,580,1000
11/02/1948,VA,Franklin,Dewey,republican,420,1000
11/02/1948,KS,Brown,Truman,democrat,580,1000
11/02/1948,KS,Brown,Dewey,republican,420,1000
11/02/1948,VA,Martinsville,Truman,democrat,580,1000
11/02/1948,VA,Martinsville,Dewey,republican,420,1000
11/02/1948,KS,Butler,Truman,democrat,530,1000
11/02/1948,KS,Butler,Dewey,republican,470,1000
11/02/1948,TX,Hood,Truman,democrat,470,1000
11/02/1948,TX,Hood,Dewey,republican,530,1000
11/02/1948,VA,Staunton,Truman,democrat,530,1000
11/02/1948,VA,Staunton,Dewey,republican,470,1000
11/02/1948,FL,DeSoto,Truman,democrat,580,1000
11/02/1948,FL,DeSoto,Dewey,republican,420,1000
11/02/1948,FL,Highlands,Truman,democrat,530,1000
11/02/1948,FL,Highlands,Dewey,republican,470,1000
11/02/1948,MO,Wright,Truman,democrat,580,1000
11/02/1948,MO,Wright,Dewey,republican,420,1000
11/02/1948,KS,Anderson,Truman,democrat,580,1000
11/02/1948,KS,Anderson,Dewey,republican,420,1000
11/02/1948,VA,Amelia,Truman,democrat,530,1000
11/02/1948,VA,Amelia,Dewey,republican,470,1000
11/02/1948,IA,Crawford,Truman,democrat,530,1000
11/02/1948,IA,Crawford,Dewey,republican,470,1000
11/02/1948,IA,Davis,Truman,democrat,580,1000
11/02/1948,IA,Davis,Dewey,republican,420,1000
11/02/1948,IA,Delaware,Truman,democrat,580,1000
11/02/1948,IA,Delaware,Dewey,republican,420,1000
11/02/1948,KS,Miami,Truman,democrat,580,1000
11/02/1948,KS,Miami,Dewey,republican,420,1000
11/02/1948,TX,La_Salle,Truman,democrat,580,1000
11/02/1948,TX,La_Salle,Dewey,republican,420,1000
11/02/1948,KS,McPherson,Truman,democrat,530,1000
11/02/1948,KS,McPherson,Dewey,republican,470,1000
11/02/1948,IA,Franklin,Truman,democrat,580,1000
11/02/1948,IA,Franklin,Dewey,republican,420,1000
11/02/1948,KS,Logan,Truman,democrat,580,1000
11/02/1948,KS,Logan,Dewey,republican,420,1000
11/02/1948,IA,Hamilton,Truman,democrat,580,1000
11/02/1948,IA,Hamilton,Dewey,republican,420,1000
11/02/1948,TX,McLennan,Truman,democrat,470,1000
11/02/1948,TX,McLennan,Dewey,republican,530,1000
11/02/1948,ID,Custer,Truman,democrat,530,1000
11/02/1948,ID,Custer,Dewey,republican,470,1000
11/02/1948,KS,Sherman,Truman,democrat,580,1000
11/02/1948,KS,Sherman,Dewey,republican,420,1000
11/02/1948,IA,Ida,Truman,democrat,580,1000
11/02/1948,IA,Ida,Dewey,republican,420,1000
11/02/1948,OH,Perry,Truman,democrat,530,1000
11/02/1948,OH,Perry,Dewey,republican,470,1000
11/02/1948,CO,Morgan,Truman,democrat,580,1000
11/02/1948,CO,Morgan,Dewey,republican,420,1000
11/02/1948,TX,Real,Truman,democrat,580,1000
11/02/1948,TX,Real,Dewey,republican,420,1000
11/02/1948,GA,Crisp,Truman,democrat,510,1000
11/02/1948,GA,Crisp,Dewey,republican,490,1000
11/02/1948,OH,Ross,Truman,democrat,580,1000
11/02/1948,OH,Ross,Dewey,republican,420,1000
11/02/1948,CO,Montrose,Truman,democrat,580,1000
11/02/1948,CO,Montrose,Dewey,republican,420,1000
11/02/1948,OH,Shelby,Truman,democrat,497,1000
11/02/1948,OH,Shelby,Dewey,republican,503,1000
11/02/1948,GA,Evans,Truman,democrat,490,1000
11/02/1948,GA,Evans,Dewey,republican,510,1000
11/02/1948,IL,Cumberland,Truman,democrat,490,1000
11/02/1948,IL,Cumberland,Dewey,republican,510,1000
11/02/1948,OH,Union,Truman,democrat,470,1000
11/02/1948,OH,Union,Dewey,republican,530,1000
11/02/1948,GA,Jeff_Davis,Truman,democrat,470,1000
11/02/1948,GA,Jeff_Davis,Dewey,republican,530,1000
11/02/1948,AR,Stone,Truman,democrat,580,1000
11/02/1948,AR,Stone,Dewey,republican,420,1000
11/02/1948,MO,Henry,Truman,democrat,530,1000
11/02/1948,MO,Henry,Dewey,republican,470,1000
11/02/1948,TX,Menard,Truman,democrat,530,1000
11/02/1948,TX,Menard,Dewey,republican,470,1000
11/02/1948,TX,Midland,Truman,democrat,420,1000
11/02/1948,TX,Midland,Dewey,republican,580,1000
11/02/1948,TX,Nolan,Truman,democrat,470,1000
11/02/1948,TX,Nolan,Dewey,republican,530,1000
11/02/1948,TX,Reagan,Truman,democrat,510,1000
11/02/1948,TX,Reagan,Dewey,republican,490,1000
11/02/1948,OK,Stephens,Truman,democrat,580,1000
11/02/1948,OK,Stephens,Dewey,republican,420,1000
11/02/1948,MO,St_Francois,Truman,democrat,580,1000
11/02/1948,MO,St_Francois,Dewey,republican,420,1000
11/02/1948,CO,Kiowa,Truman,democrat,580,1000
11/02/1948,CO,Kiowa,Dewey,republican,420,1000
11/02/1948,TX,Mason,Truman,democrat,510,1000
11/02/1948,TX,Mason,Dewey,republican,490,1000
11/02/1948,TX,Glasscock,Truman,democrat,470,1000
11/02/1948,TX,Glasscock,Dewey,republican,530,1000
11/02/1948,TX,Kendall,Truman,democrat,530,1000
11/02/1948,TX,Kendall,Dewey,republican,470,1000
11/02/1948,OK,Grady,Truman,democrat,530,1000
11/02/1948,OK,Grady,Dewey,republican,470,1000
11/02/1948,OK,Cleveland,Truman,democrat,530,1000
11/02/1948,OK,Cleveland,Dewey,republican,470,1000
11/02/1948,PA,Susquehanna,Truman,democrat,580,1000
11/02/1948,PA,Susquehanna,Dewey,republican,420,1000
11/02/1948,TX,Morris,Truman,democrat,580,1000
11/02/1948,TX,Morris,Dewey,republican,420,1000
11/02/1948,TX,Hunt,Truman,democrat,470,1000
11/02/1948,TX,Hunt,Dewey,republican,530,1000
11/02/1948,NY,Schenectady,Truman,democrat,580,1000
11/02/1948,NY,Schenectady,Dewey,republican,420,1000
11/02/1948,OK,Carter,Truman,democrat,580,1000
11/02/1948,OK,Carter,Dewey,republican,420,1000
11/02/1948,OK,Coal,Truman,democrat,580,1000
11/02/1948,OK,Coal,Dewey,republican,420,1000
11/02/1948,OK,Murray,Truman,democrat,580,1000
11/02/1948,OK,Murray,Dewey,republican,420,1000
11/02/1948,OK,Haskell,Truman,democrat,580,1000
11/02/1948,OK,Haskell,Dewey,republican,420,1000
11/02/1948,OH,Athens,Truman,democrat,580,1000
11/02/1948,OH,Athens,Dewey,republican,420,1000
11/02/1948,AK,Yukon-Koyukuk,Truman,democrat,490,1000
11/02/1948,AK,Yukon-Koyukuk,Dewey,republican,510,1000
11/02/1948,AL,Monroe,Truman,democrat,580,1000
11/02/1948,AL,Monroe,Dewey,republican,420,1000
11/02/1948,MS,Humphreys,Truman,democrat,580,1000
11/02/1948,MS,Humphreys,Dewey,republican,420,1000
11/02/1948,MS,Quitman,Truman,democrat,580,1000
11/02/1948,MS,Quitman,Dewey,republican,420,1000
11/02/1948,MO,Sullivan,Truman,democrat,580,1000
11/02/1948,MO,Sullivan,Dewey,republican,420,1000
11/02/1948,TX,Lampasas,Truman,democrat,470,1000
11/02/1948,TX,Lampasas,Dewey,republican,530,1000
11/02/1948,TX,Limestone,Truman,democrat,420,1000
11/02/1948,TX,Limestone,Dewey,republican,580,1000
11/02/1948,TX,Bell,Truman,democrat,490,1000
11/02/1948,TX,Bell,Dewey,republican,510,1000
11/02/1948,WI,Brown,Truman,democrat,580,1000
11/02/1948,WI,Brown,Dewey,republican,420,1000
11/02/1948,MS,Jones,Truman,democrat,470,1000
11/02/1948,MS,Jones,Dewey,republican,530,1000
11/02/1948,MS,Kemper,Truman,democrat,580,1000
11/02/1948,MS,Kemper,Dewey,republican,420,1000
11/02/1948,NV,Mineral,Truman,democrat,580,1000
11/02/1948,NV,Mineral,Dewey,republican,420,1000
11/02/1948,NM,Bernalillo,Truman,democrat,580,1000
11/02/1948,NM,Bernalillo,Dewey,republican,420,1000
11/02/1948,FL,Hamilton,Truman,democrat,490,1000
11/02/1948,FL,Hamilton,Dewey,republican,510,1000
11/02/1948,HI,Kalawao,Truman,democrat,580,1000
11/02/1948,HI,Kalawao,Dewey,republican,420,1000
11/02/1948,FL,Clay,Truman,democrat,420,1000
11/02/1948,FL,Clay,Dewey,republican,580,1000
11/02/1948,MN,Hubbard,Truman,democrat,580,1000
11/02/1948,MN,Hubbard,Dewey,republican,420,1000
11/02/1948,TX,Carson,Truman,democrat,420,1000
11/02/1948,TX,Carson,Dewey,republican,580,1000
11/02/1948,ND,Eddy,Truman,democrat,580,1000
11/02/1948,ND,Eddy,Dewey,republican,420,1000
11/02/1948,AK,Nome,Truman,democrat,490,1000
11/02/1948,AK,Nome,Dewey,republican,510,1000
11/02/1948,KS,Pawnee,Truman,democrat,420,1000
11/02/1948,KS,Pawnee,Dewey,republican,580,1000
11/02/1948,KS,Stafford,Truman,democrat,420,1000
11/02/1948,KS,Stafford,Dewey,republican,580,1000
11/02/1948,ND,McHenry,Truman,democrat,503,1000
11/02/1948,ND,McHenry,Dewey,republican,497,1000
11/02/1948,IL,Warren,Truman,democrat,580,1000
11/02/1948,IL,Warren,Dewey,republican,420,1000
11/02/1948,NV,Clark,Truman,democrat,490,1000
11/02/1948,NV,Clark,Dewey,republican,510,1000
11/02/1948,KS,Lincoln,Truman,democrat,420,1000
11/02/1948,KS,Lincoln,Dewey,republican,580,1000
11/02/1948,AL,Barbour,Truman,democrat,510,1000
11/02/1948,AL,Barbour,Dewey,republican,490,1000
11/02/1948,TN,Fayette,Truman,democrat,530,1000
11/02/1948,TN,Fayette,Dewey,republican,470,1000
11/02/1948,KS,Rush,Truman,democrat,470,1000
11/02/1948,KS,Rush,Dewey,republican,530,1000
11/02/1948,IL,Boone,Truman,democrat,580,1000
11/02/1948,IL,Boone,Dewey,republican,420,1000
11/02/1948,ND,Bowman,Truman,democrat,420,1000
11/02/1948,ND,Bowman,Dewey,republican,580,1000
11/02/1948,IN,Huntington,Truman,democrat,470,1000
11/02/1948,IN,Huntington,Dewey,republican,530,1000
11/02/1948,KS,Ellsworth,Truman,democrat,420,1000
11/02/1948,KS,Ellsworth,Dewey,republican,580,1000
11/02/1948,IN,DeKalb,Truman,democrat,470,1000
11/02/1948,IN,DeKalb,Dewey,republican,530,1000
11/02/1948,IN,Grant,Truman,democrat,530,1000
11/02/1948,IN,Grant,Dewey,republican,470,1000
11/02/1948,IN,Miami,Truman,democrat,510,1000
11/02/1948,IN,Miami,Dewey,republican,490,1000
11/02/1948,IN,Tipton,Truman,democrat,510,1000
11/02/1948,IN,Tipton,Dewey,republican,490,1000
11/02/1948,UT,Summit,Truman,democrat,530,1000
11/02/1948,UT,Summit,Dewey,republican,470,1000
11/02/1948,MO,Polk,Truman,democrat,580,1000
11/02/1948,MO,Polk,Dewey,republican,420,1000
11/02/1948,CA,Nevada,Truman,democrat,530,1000
11/02/1948,CA,Nevada,Dewey,republican,470,1000
11/02/1948,WI,Shawano,Truman,democrat,580,1000
11/02/1948,WI,Shawano,Dewey,republican,420,1000
11/02/1948,ID,Idaho,Truman,democrat,580,1000
11/02/1948,ID,Idaho,Dewey,republican,420,1000
11/02/1948,SD,Codington,Truman,democrat,530,1000
11/02/1948,SD,Codington,Dewey,republican,470,1000
11/02/1948,ND,Rolette,Truman,democrat,470,1000
11/02/1948,ND,Rolette,Dewey,republican,530,1000
11/02/1948,KS,Mitchell,Truman,democrat,490,1000
11/02/1948,KS,Mitchell,Dewey,republican,510,1000
11/02/1948,KS,Scott,Truman,democrat,530,1000
11/02/1948,KS,Scott,Dewey,republican,470,1000
11/02/1948,KS,Washington,Truman,democrat,420,1000
11/02/1948,KS,Washington,Dewey,republican,580,1000
11/02/1948,LA,Concordia,Truman,democrat,580,1000
11/02/1948,LA,Concordia,Dewey,republican,420,1000
11/02/1948,GA,Marion,Truman,democrat,580,1000
11/02/1948,GA,Marion,Dewey,republican,420,1000
11/02/1948,LA,Iberville,Truman,democrat,580,1000
11/02/1948,LA,Iberville,Dewey,republican,420,1000
11/02/1948,TX,Blanco,Truman,democrat,530,1000
11/02/1948,TX,Blanco,Dewey,republican,470,1000
11/02/1948,VA,Norton,Truman,democrat,580,1000
11/02/1948,VA,Norton,Dewey,republican,420,1000
11/02/1948,TX,Kimble,Truman,democrat,580,1000
11/02/1948,TX,Kimble,Dewey,republican,420,1000
11/02/1948,TX,Dawson,Truman,democrat,420,1000
11/02/1948,TX,Dawson,Dewey,republican,580,1000
11/02/1948,OK,Blaine,Truman,democrat,503,1000
11/02/1948,OK,Blaine,Dewey,republican,497,1000
11/02/1948,KS,Barber,Truman,democrat,490,1000
11/02/1948,KS,Barber,Dewey,republican,510,1000
11/02/1948,TX,Wilson,Truman,democrat,530,1000
11/02/1948,TX,Wilson,Dewey,republican,470,1000
11/02/1948,WI,Rusk,Truman,democrat,580,1000
11/02/1948,WI,Rusk,Dewey,republican,420,1000
11/02/1948,VA,Colonial_Heights,Truman,democrat,580,1000
11/02/1948,VA,Colonial_Heights,Dewey,republican,420,1000
11/02/1948,TX,Baylor,Truman,democrat,580,1000
11/02/1948,TX,Baylor,Dewey,republican,420,1000
11/02/1948,KS,Wallace,Truman,democrat,580,1000
11/02/1948,KS,Wallace,Dewey,republican,420,1000
11/02/1948,KS,Seward,Truman,democrat,530,1000
11/02/1948,KS,Seward,Dewey,republican,470,1000
11/02/1948,MS,Lauderdale,Truman,democrat,580,1000
11/02/1948,MS,Lauderdale,Dewey,republican,420,1000
11/02/1948,MS,Perry,Truman,democrat,470,1000
11/02/1948,MS,Perry,Dewey,republican,530,1000
11/02/1948,AR,Saline,Truman,democrat,580,1000
11/02/1948,AR,Saline,Dewey,republican,420,1000
11/02/1948,IL,Bureau,Truman,democrat,580,1000
11/02/1948,IL,Bureau,Dewey,republican,420,1000
11/02/1948,IN,Wabash,Truman,democrat,503,1000
11/02/1948,IN,Wabash,Dewey,republican,497,1000
11/02/1948,MO,Carter,Truman,democrat,580,1000
11/02/1948,MO,Carter,Dewey,republican,420,1000
11/02/1948,NE,McPherson,Truman,democrat,580,1000
11/02/1948,NE,McPherson,Dewey,republican,420,1000
11/02/1948,MO,Macon,Truman,democrat,580,1000
11/02/1948,MO,Macon,Dewey,republican,420,1000
11/02/1948,KS,Coffey,Truman,democrat,580,1000
11/02/1948,KS,Coffey,Dewey,republican,420,1000
11/02/1948,VA,Salem,Truman,democrat,490,1000
11/02/1948,VA,Salem,Dewey,republican,510,1000
11/02/1948,WI,Lincoln,Truman,democrat,580,1000
11/02/1948,WI,Lincoln,Dewey,republican,420,1000
11/02/1948,OH,Morgan,Truman,democrat,530,1000
11/02/1948,OH,Morgan,Dewey,republican,470,1000
11/02/1948,WI,Richland,Truman,democrat,580,1000
11/02/1948,WI,Richland,Dewey,republican,420,1000
11/02/1948,ID,Lemhi,Truman,democrat,580,1000
11/02/1948,ID,Lemhi,Dewey,republican,420,1000
11/02/1948,IA,Dickinson,Truman,democrat,580,1000
11/02/1948,IA,Dickinson,Dewey,republican,420,1000
11/02/1948,MI,Sanilac,Truman,democrat,580,1000
11/02/1948,MI,Sanilac,Dewey,republican,420,1000
11/02/1948,MS,Pontotoc,Truman,democrat,530,1000
11/02/1948,MS,Pontotoc,Dewey,republican,470,1000
11/02/1948,NY,Suffolk,Truman,democrat,580,1000
11/02/1948,NY,Suffolk,Dewey,republican,420,1000
11/02/1948,VA,Grayson,Truman,democrat,470,1000
11/02/1948,VA,Grayson,Dewey,republican,530,1000
11/02/1948,CO,Elbert,Truman,democrat,580,1000
11/02/1948,CO,Elbert,Dewey,republican,420,1000
11/02/1948,IN,Franklin,Truman,democrat,510,1000
11/02/1948,IN,Franklin,Dewey,republican,490,1000
11/02/1948,IA,Linn,Truman,democrat,580,1000
11/02/1948,IA,Linn,Dewey,republican,420,1000
11/02/1948,MI,Wexford,Truman,democrat,580,1000
11/02/1948,MI,Wexford,Dewey,republican,420,1000
11/02/1948,OH,Wyandot,Truman,democrat,510,1000
11/02/1948,OH,Wyandot,Dewey,republican,490,1000
11/02/1948,NE,Franklin,Truman,democrat,470,1000
11/02/1948,NE,Franklin,Dewey,republican,530,1000
11/02/1948,WV,McDowell,Truman,democrat,580,1000
11/02/1948,WV,McDowell,Dewey,republican,420,1000
11/02/1948,WV,Wirt,Truman,democrat,530,1000
11/02/1948,WV,Wirt,Dewey,republican,470,1000
11/02/1948,WV,Upshur,Truman,democrat,530,1000
11/02/1948,WV,Upshur,Dewey,republican,470,1000
11/02/1948,MS,Covington,Truman,democrat,580,1000
11/02/1948,MS,Covington,Dewey,republican,420,1000
11/02/1948,CO,Alamosa,Truman,democrat,580,1000
11/02/1948,CO,Alamosa,Dewey,republican,420,1000
11/02/1948,FL,Holmes,Truman,democrat,580,1000
11/02/1948,FL,Holmes,Dewey,republican,420,1000
11/02/1948,GA,Dade,Truman,democrat,497,1000
11/02/1948,GA,Dade,Dewey,republican,503,1000
11/02/1948,GA,Miller,Truman,democrat,580,1000
11/02/1948,GA,Miller,Dewey,republican,420,1000
11/02/1948,GA,Pulaski,Truman,democrat,530,1000
11/02/1948,GA,Pulaski,Dewey,republican,470,1000
11/02/1948,MS,Amite,Truman,democrat,580,1000
11/02/1948,MS,Amite,Dewey,republican,420,1000
11/02/1948,SD,Faulk,Truman,democrat,510,1000
11/02/1948,SD,Faulk,Dewey,republican,490,1000
11/02/1948,AL,Bibb,Truman,democrat,530,1000
11/02/1948,AL,Bibb,Dewey,republican,470,1000
11/02/1948,KS,Cheyenne,Truman,democrat,580,1000
11/02/1948,KS,Cheyenne,Dewey,republican,420,1000
11/02/1948,ME,York,Truman,democrat,580,1000
11/02/1948,ME,York,Dewey,republican,420,1000
11/02/1948,MN,Carlton,Truman,democrat,580,1000
11/02/1948,MN,Carlton,Dewey,republican,420,1000
11/02/1948,VA,Dickenson,Truman,democrat,580,1000
11/02/1948,VA,Dickenson,Dewey,republican,420,1000
11/02/1948,AK,Northwest_Arctic,Truman,democrat,470,1000
11/02/1948,AK,Northwest_Arctic,Dewey,republican,530,1000
11/02/1948,GA,Walton,Truman,democrat,580,1000
11/02/1948,GA,Walton,Dewey,republican,420,1000
11/02/1948,IN,Greene,Truman,democrat,580,1000
11/02/1948,IN,Greene,Dewey,republican,420,1000
11/02/1948,MI,Kalkaska,Truman,democrat,503,1000
11/02/1948,MI,Kalkaska,Dewey,republican,497,1000
11/02/1948,NE,Buffalo,Truman,democrat,530,1000
11/02/1948,NE,Buffalo,Dewey,republican,470,1000
11/02/1948,ND,Foster,Truman,democrat,580,1000
11/02/1948,ND,Foster,Dewey,republican,420,1000
11/02/1948,NE,Sherman,Truman,democrat,497,1000
11/02/1948,NE,Sherman,Dewey,republican,503,1000
11/02/1948,NE,Keith,Truman,democrat,580,1000
11/02/1948,NE,Keith,Dewey,republican,420,1000
11/02/1948,OK,Beckham,Truman,democrat,580,1000
11/02/1948,OK,Beckham,Dewey,republican,420,1000
11/02/1948,TX,Throckmorton,Truman,democrat,530,1000
11/02/1948,TX,Throckmorton,Dewey,republican,470,1000
11/02/1948,CA,San_Bernardino,Truman,democrat,530,1000
11/02/1948,CA,San_Bernardino,Dewey,republican,470,1000
11/02/1948,GA,Towns,Truman,democrat,420,1000
11/02/1948,GA,Towns,Dewey,republican,580,1000
11/02/1948,MO,Andrew,Truman,democrat,470,1000
11/02/1948,MO,Andrew,Dewey,republican,530,1000
11/02/1948,MN,Aitkin,Truman,democrat,580,1000
11/02/1948,MN,Aitkin,Dewey,republican,420,1000
11/02/1948,AK,Haines,Truman,democrat,580,1000
11/02/1948,AK,Haines,Dewey,republican,420,1000
11/02/1948,AK,Skagway,Truman,democrat,580,1000
11/02/1948,AK,Skagway,Dewey,republican,420,1000
11/02/1948,IN,Washington,Truman,democrat,580,1000
11/02/1948,IN,Washington,Dewey,republican,420,1000
11/02/1948,KS,Grant,Truman,democrat,580,1000
11/02/1948,KS,Grant,Dewey,republican,420,1000
11/02/1948,KY,Marion,Truman,democrat,470,1000
11/02/1948,KY,Marion,Dewey,republican,530,1000
11/02/1948,AL,Lawrence,Truman,democrat,470,1000
11/02/1948,AL,Lawrence,Dewey,republican,530,1000
11/02/1948,IL,Stark,Truman,democrat,580,1000
11/02/1948,IL,Stark,Dewey,republican,420,1000
11/02/1948,IN,Ripley,Truman,democrat,580,1000
11/02/1948,IN,Ripley,Dewey,republican,420,1000
11/02/1948,KY,Russell,Truman,democrat,420,1000
11/02/1948,KY,Russell,Dewey,republican,580,1000
11/02/1948,NE,Grant,Truman,democrat,580,1000
11/02/1948,NE,Grant,Dewey,republican,420,1000
11/02/1948,PA,Venango,Truman,democrat,580,1000
11/02/1948,PA,Venango,Dewey,republican,420,1000
11/02/1948,KS,Hodgeman,Truman,democrat,530,1000
11/02/1948,KS,Hodgeman,Dewey,republican,470,1000
11/02/1948,TX,Crosby,Truman,democrat,420,1000
11/02/1948,TX,Crosby,Dewey,republican,580,1000
11/02/1948,WI,Taylor,Truman,democrat,580,1000
11/02/1948,WI,Taylor,Dewey,republican,420,1000
11/02/1948,TX,Rains,Truman,democrat,510,1000
11/02/1948,TX,Rains,Dewey,republican,490,1000
11/02/1948,IA,Benton,Truman,democrat,580,1000
11/02/1948,IA,Benton,Dewey,republican,420,1000
11/02/1948,AK,Valdez-Cordova,Truman,democrat,420,1000
11/02/1948,AK,Valdez-Cordova,Dewey,republican,580,1000
11/02/1948,IL,Shelby,Truman,democrat,580,1000
11/02/1948,IL,Shelby,Dewey,republican,420,1000
11/02/1948,IA,Story,Truman,democrat,580,1000
11/02/1948,IA,Story,Dewey,republican,420,1000
11/02/1948,LA,Calcasieu,Truman,democrat,580,1000
11/02/1948,LA,Calcasieu,Dewey,republican,420,1000
11/02/1948,IN,Marshall,Truman,democrat,580,1000
11/02/1948,IN,Marshall,Dewey,republican,420,1000
11/02/1948,IN,Tippecanoe,Truman,democrat,580,1000
11/02/1948,IN,Tippecanoe,Dewey,republican,420,1000
11/02/1948,NC,Alamance,Truman,democrat,580,1000
11/02/1948,NC,Alamance,Dewey,republican,420,1000
11/02/1948,TX,Dallam,Truman,democrat,420,1000
11/02/1948,TX,Dallam,Dewey,republican,580,1000
11/02/1948,MO,Moniteau,Truman,democrat,580,1000
11/02/1948,MO,Moniteau,Dewey,republican,420,1000
11/02/1948,MN,Nobles,Truman,democrat,580,1000
11/02/1948,MN,Nobles,Dewey,republican,420,1000
11/02/1948,OH,Champaign,Truman,democrat,530,1000
11/02/1948,OH,Champaign,Dewey,republican,470,1000
11/02/1948,NM,Luna,Truman,democrat,580,1000
11/02/1948,NM,Luna,Dewey,republican,420,1000
11/02/1948,AK,Wrangell,Truman,democrat,510,1000
11/02/1948,AK,Wrangell,Dewey,republican,490,1000
11/02/1948,NE,Stanton,Truman,democrat,490,1000
11/02/1948,NE,Stanton,Dewey,republican,510,1000
11/02/1948,AR,Garland,Truman,democrat,580,1000
11/02/1948,AR,Garland,Dewey,republican,420,1000
11/02/1948,ND,Ransom,Truman,democrat,580,1000
11/02/1948,ND,Ransom,Dewey,republican,420,1000
11/02/1948,IA,Decatur,Truman,democrat,580,1000
11/02/1948,IA,Decatur,Dewey,republican,420,1000
11/02/1948,MI,Kalamazoo,Truman,democrat,580,1000
11/02/1948,MI,Kalamazoo,Dewey,republican,420,1000
11/02/1948,IA,Floyd,Truman,democrat,580,1000
11/02/1948,IA,Floyd,Dewey,republican,420,1000
11/02/1948,TX,Frio,Truman,democrat,580,1000
11/02/1948,TX,Frio,Dewey,republican,420,1000
11/02/1948,TX,Coke,Truman,democrat,470,1000
11/02/1948,TX,Coke,Dewey,republican,530,1000
11/02/1948,TX,Jim_Hogg,Truman,democrat,580,1000
11/02/1948,TX,Jim_Hogg,Dewey,republican,420,1000
11/02/1948,KS,Sheridan,Truman,democrat,530,1000
11/02/1948,KS,Sheridan,Dewey,republican,470,1000
11/02/1948,AZ,Mohave,Truman,democrat,490,1000
11/02/1948,AZ,Mohave,Dewey,republican,510,1000
11/02/1948,IA,Taylor,Truman,democrat,580,1000
11/02/1948,IA,Taylor,Dewey,republican,420,1000
11/02/1948,MI,Emmet,Truman,democrat,580,1000
11/02/1948,MI,Emmet,Dewey,republican,420,1000
11/02/1948,ND,Burke,Truman,democrat,420,1000
11/02/1948,ND,Burke,Dewey,republican,580,1000
11/02/1948,MT,Sweet_Grass,Truman,democrat,420,1000
11/02/1948,MT,Sweet_Grass,Dewey,republican,580,1000
11/02/1948,ID,Minidoka,Truman,democrat,470,1000
11/02/1948,ID,Minidoka,Dewey,republican,530,1000
11/02/1948,IA,Tama,Truman,democrat,580,1000
11/02/1948,IA,Tama,Dewey,republican,420,1000
11/02/1948,MN,Olmsted,Truman,democrat,580,1000
11/02/1948,MN,Olmsted,Dewey,republican,420,1000
11/02/1948,NC,Stokes,Truman,democrat,510,1000
11/02/1948,NC,Stokes,Dewey,republican,490,1000
11/02/1948,NE,Howard,Truman,democrat,470,1000
11/02/1948,NE,Howard,Dewey,republican,530,1000
11/02/1948,TX,Ochiltree,Truman,democrat,420,1000
11/02/1948,TX,Ochiltree,Dewey,republican,580,1000
11/02/1948,TX,Hutchinson,Truman,democrat,420,1000
11/02/1948,TX,Hutchinson,Dewey,republican,580,1000
11/02/1948,NC,Jones,Truman,democrat,580,1000
11/02/1948,NC,Jones,Dewey,republican,420,1000
11/02/1948,AL,Baldwin,Truman,democrat,530,1000
11/02/1948,AL,Baldwin,Dewey,republican,470,1000
11/02/1948,CA,Los_Angeles,Truman,democrat,580,1000
11/02/1948,CA,Los_Angeles,Dewey,republican,420,1000
11/02/1948,AL,Butler,Truman,democrat,580,1000
11/02/1948,AL,Butler,Dewey,republican,420,1000
11/02/1948,IA,Emmet,Truman,democrat,580,1000
11/02/1948,IA,Emmet,Dewey,republican,420,1000
11/02/1948,MS,Neshoba,Truman,democrat,470,1000
11/02/1948,MS,Neshoba,Dewey,republican,530,1000
11/02/1948,PA,Potter,Truman,democrat,530,1000
11/02/1948,PA,Potter,Dewey,republican,470,1000
11/02/1948,AR,Yell,Truman,democrat,580,1000
11/02/1948,AR,Yell,Dewey,republican,420,1000
11/02/1948,CO,Adams,Truman,democrat,530,1000
11/02/1948,CO,Adams,Dewey,republican,470,1000
11/02/1948,KS,Edwards,Truman,democrat,470,1000
11/02/1948,KS,Edwards,Dewey,republican,530,1000
11/02/1948,MI,Newaygo,Truman,democrat,580,1000
11/02/1948,MI,Newaygo,Dewey,republican,420,1000
11/02/1948,NE,Garfield,Truman,democrat,490,1000
11/02/1948,NE,Garfield,Dewey,republican,510,1000
11/02/1948,IA,Jones,Truman,democrat,580,1000
11/02/1948,IA,Jones,Dewey,republican,420,1000
11/02/1948,IA,Audubon,Truman,democrat,580,1000
11/02/1948,IA,Audubon,Dewey,republican,420,1000
11/02/1948,TX,Medina,Truman,democrat,580,1000
11/02/1948,TX,Medina,Dewey,republican,420,1000
11/02/1948,TX,Deaf_Smith,Truman,democrat,420,1000
11/02/1948,TX,Deaf_Smith,Dewey,republican,580,1000
11/02/1948,TX,Concho,Truman,democrat,420,1000
11/02/1948,TX,Concho,Dewey,republican,580,1000
11/02/1948,ND,Renville,Truman,democrat,470,1000
11/02/1948,ND,Renville,Dewey,republican,530,1000
11/02/1948,ID,Boundary,Truman,democrat,580,1000
11/02/1948,ID,Boundary,Dewey,republican,420,1000
11/02/1948,IN,Benton,Truman,democrat,580,1000
11/02/1948,IN,Benton,Dewey,republican,420,1000
11/02/1948,MI,Alcona,Truman,democrat,580,1000
11/02/1948,MI,Alcona,Dewey,republican,420,1000
11/02/1948,NV,Humboldt,Truman,democrat,470,1000
11/02/1948,NV,Humboldt,Dewey,republican,530,1000
11/02/1948,AL,Cullman,Truman,democrat,470,1000
11/02/1948,AL,Cullman,Dewey,republican,530,1000
11/02/1948,IL,Jasper,Truman,democrat,530,1000
11/02/1948,IL,Jasper,Dewey,republican,470,1000
11/02/1948,KS,Saline,Truman,democrat,470,1000
11/02/1948,KS,Saline,Dewey,republican,530,1000
11/02/1948,MN,Lyon,Truman,democrat,580,1000
11/02/1948,MN,Lyon,Dewey,republican,420,1000
11/02/1948,NY,Cortland,Truman,democrat,580,1000
11/02/1948,NY,Cortland,Dewey,republican,420,1000
11/02/1948,TX,Lynn,Truman,democrat,420,1000
11/02/1948,TX,Lynn,Dewey,republican,580,1000
11/02/1948,TX,Atascosa,Truman,democrat,510,1000
11/02/1948,TX,Atascosa,Dewey,republican,490,1000
11/02/1948,VA,Petersburg,Truman,democrat,580,1000
11/02/1948,VA,Petersburg,Dewey,republican,420,1000
11/02/1948,ND,Towner,Truman,democrat,580,1000
11/02/1948,ND,Towner,Dewey,republican,420,1000
11/02/1948,TX,Somervell,Truman,democrat,530,1000
11/02/1948,TX,Somervell,Dewey,republican,470,1000
11/02/1948,SD,Miner,Truman,democrat,580,1000
11/02/1948,SD,Miner,Dewey,republican,420,1000
11/02/1948,CA,Riverside,Truman,democrat,470,1000
11/02/1948,CA,Riverside,Dewey,republican,530,1000
11/02/1948,GA,Franklin,Truman,democrat,530,1000
11/02/1948,GA,Franklin,Dewey,republican,470,1000
11/02/1948,KY,Wayne,Truman,democrat,420,1000
11/02/1948,KY,Wayne,Dewey,republican,580,1000
11/02/1948,ME,Hancock,Truman,democrat,580,1000
11/02/1948,ME,Hancock,Dewey,republican,420,1000
11/02/1948,MS,Jefferson_Davis,Truman,democrat,580,1000
11/02/1948,MS,Jefferson_Davis,Dewey,republican,420,1000
11/02/1948,MO,Caldwell,Truman,democrat,420,1000
11/02/1948,MO,Caldwell,Dewey,republican,580,1000
11/02/1948,MO,Mercer,Truman,democrat,530,1000
11/02/1948,MO,Mercer,Dewey,republican,470,1000
11/02/1948,GA,Tift,Truman,democrat,470,1000
11/02/1948,GA,Tift,Dewey,republican,530,1000
11/02/1948,VT,Washington,Truman,democrat,580,1000
11/02/1948,VT,Washington,Dewey,republican,420,1000
11/02/1948,GA,Pierce,Truman,democrat,530,1000
11/02/1948,GA,Pierce,Dewey,republican,470,1000
11/02/1948,AK,Sitka,Truman,democrat,530,1000
11/02/1948,AK,Sitka,Dewey,republican,470,1000
11/02/1948,GA,Morgan,Truman,democrat,530,1000
11/02/1948,GA,Morgan,Dewey,republican,470,1000
11/02/1948,KS,Rice,Truman,democrat,470,1000
11/02/1948,KS,Rice,Dewey,republican,530,1000
11/02/1948,OR,Gilliam,Truman,democrat,530,1000
11/02/1948,OR,Gilliam,Dewey,republican,470,1000
11/02/1948,MI,Lenawee,Truman,democrat,580,1000
11/02/1948,MI,Lenawee,Dewey,republican,420,1000
11/02/1948,KS,Ellis,Truman,democrat,470,1000
11/02/1948,KS,Ellis,Dewey,republican,530,1000
11/02/1948,IA,Boone,Truman,democrat,580,1000
11/02/1948,IA,Boone,Dewey,republican,420,1000
11/02/1948,SD,Lyman,Truman,democrat,490,1000
11/02/1948,SD,Lyman,Dewey,republican,510,1000
11/02/1948,KS,Clay,Truman,democrat,490,1000
11/02/1948,KS,Clay,Dewey,republican,510,1000
11/02/1948,MN,Yellow_Medicine,Truman,democrat,580,1000
11/02/1948,MN,Yellow_Medicine,Dewey,republican,420,1000
11/02/1948,NC,Gates,Truman,democrat,580,1000
11/02/1948,NC,Gates,Dewey,republican,420,1000
11/02/1948,MO,Douglas,Truman,democrat,580,1000
11/02/1948,MO,Douglas,Dewey,republican,420,1000
11/02/1948,WV,Braxton,Truman,democrat,580,1000
11/02/1948,WV,Braxton,Dewey,republican,420,1000
11/02/1948,WA,King,Truman,democrat,580,1000
11/02/1948,WA,King,Dewey,republican,420,1000
11/02/1948,MS,Calhoun,Truman,democrat,580,1000
11/02/1948,MS,Calhoun,Dewey,republican,420,1000
11/02/1948,GA,Grady,Truman,democrat,470,1000
11/02/1948,GA,Grady,Dewey,republican,530,1000
11/02/1948,MS,Itawamba,Truman,democrat,470,1000
11/02/1948,MS,Itawamba,Dewey,republican,530,1000
11/02/1948,KS,Stevens,Truman,democrat,580,1000
11/02/1948,KS,Stevens,Dewey,republican,420,1000
11/02/1948,FL,Hendry,Truman,democrat,580,1000
11/02/1948,FL,Hendry,Dewey,republican,420,1000
11/02/1948,TX,Lavaca,Truman,democrat,530,1000
11/02/1948,TX,Lavaca,Dewey,republican,470,1000
11/02/1948,KS,Chautauqua,Truman,democrat,530,1000
11/02/1948,KS,Chautauqua,Dewey,republican,470,1000
11/02/1948,IN,Howard,Truman,democrat,580,1000
11/02/1948,IN,Howard,Dewey,republican,420,1000
11/02/1948,NE,Dawson,Truman,democrat,530,1000
11/02/1948,NE,Dawson,Dewey,republican,470,1000
11/02/1948,MS,Greene,Truman,democrat,580,1000
11/02/1948,MS,Greene,Dewey,republican,420,1000
11/02/1948,MN,Freeborn,Truman,democrat,580,1000
11/02/1948,MN,Freeborn,Dewey,republican,420,1000
11/02/1948,MN,Kanabec,Truman,democrat,580,1000
11/02/1948,MN,Kanabec,Dewey,republican,420,1000
11/02/1948,IL,Hamilton,Truman,democrat,580,1000
11/02/1948,IL,Hamilton,Dewey,republican,420,1000
11/02/1948,SD,Sanborn,Truman,democrat,530,1000
11/02/1948,SD,Sanborn,Dewey,republican,470,1000
11/02/1948,TN,Grainger,Truman,democrat,420,1000
11/02/1948,TN,Grainger,Dewey,republican,580,1000
11/02/1948,MO,Hickory,Truman,democrat,580,1000
11/02/1948,MO,Hickory,Dewey,republican,420,1000
11/02/1948,WY,Albany,Truman,democrat,530,1000
11/02/1948,WY,Albany,Dewey,republican,470,1000
11/02/1948,NE,Antelope,Truman,democrat,490,1000
11/02/1948,NE,Antelope,Dewey,republican,510,1000
11/02/1948,WY,Platte,Truman,democrat,470,1000
11/02/1948,WY,Platte,Dewey,republican,530,1000
11/02/1948,UT,Rich,Truman,democrat,420,1000
11/02/1948,UT,Rich,Dewey,republican,580,1000
11/02/1948,WI,Washington,Truman,democrat,420,1000
11/02/1948,WI,Washington,Dewey,republican,580,1000
11/02/1948,OR,Crook,Truman,democrat,510,1000
11/02/1948,OR,Crook,Dewey,republican,490,1000
11/02/1948,GA,Jenkins,Truman,democrat,530,1000
11/02/1948,GA,Jenkins,Dewey,republican,470,1000
11/02/1948,TX,Jeff_Davis,Truman,democrat,470,1000
11/02/1948,TX,Jeff_Davis,Dewey,republican,530,1000
11/02/1948,GA,Spalding,Truman,democrat,530,1000
11/02/1948,GA,Spalding,Dewey,republican,470,1000
11/02/1948,IA,Cherokee,Truman,democrat,580,1000
11/02/1948,IA,Cherokee,Dewey,republican,420,1000
11/02/1948,GA,Bacon,Truman,democrat,420,1000
11/02/1948,GA,Bacon,Dewey,republican,580,1000
11/02/1948,GA,Upson,Truman,democrat,580,1000
11/02/1948,GA,Upson,Dewey,republican,420,1000
11/02/1948,OR,Sherman,Truman,democrat,530,1000
11/02/1948,OR,Sherman,Dewey,republican,470,1000
11/02/1948,AK,Kodiak_Island,Truman,democrat,490,1000
11/02/1948,AK,Kodiak_Island,Dewey,republican,510,1000
11/02/1948,MN,Red_Lake,Truman,democrat,580,1000
11/02/1948,MN,Red_Lake,Dewey,republican,420,1000
11/02/1948,MN,Saint_Louis,Truman,democrat,580,1000
11/02/1948,MN,Saint_Louis,Dewey,republican,420,1000
11/02/1948,FL,Gilchrist,Truman,democrat,510,1000
11/02/1948,FL,Gilchrist,Dewey,republican,490,1000
11/02/1948,NC,Lenoir,Truman,democrat,580,1000
11/02/1948,NC,Lenoir,Dewey,republican,420,1000
11/02/1948,MO,Randolph,Truman,democrat,580,1000
11/02/1948,MO,Randolph,Dewey,republican,420,1000
11/02/1948,ND,Steele,Truman,democrat,580,1000
11/02/1948,ND,Steele,Dewey,republican,420,1000
11/02/1948,VA,Fairfax,Truman,democrat,530,1000
11/02/1948,VA,Fairfax,Dewey,republican,470,1000
11/02/1948,VA,Manassas_Park,Truman,democrat,580,1000
11/02/1948,VA,Manassas_Park,Dewey,republican,420,1000
11/02/1948,VA,Winchester,Truman,democrat,510,1000
11/02/1948,VA,Winchester,Dewey,republican,490,1000
11/02/1948,MO,Pulaski,Truman,democrat,580,1000
11/02/1948,MO,Pulaski,Dewey,republican,420,1000
11/02/1948,IN,Newton,Truman,democrat,580,1000
11/02/1948,IN,Newton,Dewey,republican,420,1000
11/02/1948,GA,Bulloch,Truman,democrat,530,1000
11/02/1948,GA,Bulloch,Dewey,republican,470,1000
11/02/1948,KS,Rawlins,Truman,democrat,530,1000
11/02/1948,KS,Rawlins,Dewey,republican,470,1000
11/02/1948,CO,Phillips,Truman,democrat,580,1000
11/02/1948,CO,Phillips,Dewey,republican,420,1000
11/02/1948,TX,Runnels,Truman,democrat,420,1000
11/02/1948,TX,Runnels,Dewey,republican,580,1000
11/02/1948,IA,Wayne,Truman,democrat,580,1000
11/02/1948,IA,Wayne,Dewey,republican,420,1000
11/02/1948,TX,Terry,Truman,democrat,420,1000
11/02/1948,TX,Terry,Dewey,republican,580,1000
11/02/1948,OH,Vinton,Truman,democrat,580,1000
11/02/1948,OH,Vinton,Dewey,republican,420,1000
11/02/1948,CO,Arapahoe,Truman,democrat,530,1000
11/02/1948,CO,Arapahoe,Dewey,republican,470,1000
11/02/1948,TX,Upton,Truman,democrat,530,1000
11/02/1948,TX,Upton,Dewey,republican,470,1000
11/02/1948,TX,Callahan,Truman,democrat,510,1000
11/02/1948,TX,Callahan,Dewey,republican,490,1000
11/02/1948,TX,Howard,Truman,democrat,420,1000
11/02/1948,TX,Howard,Dewey,republican,580,1000
11/02/1948,TX,Upshur,Truman,democrat,497,1000
11/02/1948,TX,Upshur,Dewey,republican,503,1000
11/02/1948,TX,Camp,Truman,democrat,580,1000
11/02/1948,TX,Camp,Dewey,republican,420,1000
11/02/1948,TX,Walker,Truman,democrat,420,1000
11/02/1948,TX,Walker,Dewey,republican,580,1000
11/02/1948,AL,Wilcox,Truman,democrat,580,1000
11/02/1948,AL,Wilcox,Dewey,republican,420,1000
11/02/1948,VA,Montgomery,Truman,democrat,530,1000
11/02/1948,VA,Montgomery,Dewey,republican,470,1000
11/02/1948,MS,Noxubee,Truman,democrat,580,1000
11/02/1948,MS,Noxubee,Dewey,republican,420,1000
11/02/1948,CO,Sedgwick,Truman,democrat,580,1000
11/02/1948,CO,Sedgwick,Dewey,republican,420,1000
11/02/1948,SD,Davison,Truman,democrat,580,1000
11/02/1948,SD,Davison,Dewey,republican,420,1000
11/02/1948,KS,Hamilton,Truman,democrat,580,1000
11/02/1948,KS,Hamilton,Dewey,republican,420,1000
11/02/1948,IL,Ford,Truman,democrat,580,1000
11/02/1948,IL,Ford,Dewey,republican,420,1000
11/02/1948,SD,Fall_River,Truman,democrat,420,1000
11/02/1948,SD,Fall_River,Dewey,republican,580,1000
11/02/1948,AK,Bristol_Bay,Truman,democrat,580,1000
11/02/1948,AK,Bristol_Bay,Dewey,republican,420,1000
11/02/1948,IN,Parke,Truman,democrat,580,1000
11/02/1948,IN,Parke,Dewey,republican,420,1000
11/02/1948,TX,Taylor,Truman,democrat,420,1000
11/02/1948,TX,Taylor,Dewey,republican,580,1000
11/02/1948,IN,Fayette,Truman,democrat,530,1000
11/02/1948,IN,Fayette,Dewey,republican,470,1000
11/02/1948,NC,Caldwell,Truman,democrat,530,1000
11/02/1948,NC,Caldwell,Dewey,republican,470,1000
11/02/1948,SD,Turner,Truman,democrat,580,1000
11/02/1948,SD,Turner,Dewey,republican,420,1000
11/02/1948,WI,Ozaukee,Truman,democrat,470,1000
11/02/1948,WI,Ozaukee,Dewey,republican,530,1000
11/02/1948,ND,Logan,Truman,democrat,510,1000
11/02/1948,ND,Logan,Dewey,republican,490,1000
11/02/1948,AR,Bradley,Truman,democrat,580,1000
11/02/1948,AR,Bradley,Dewey,republican,420,1000
11/02/1948,GA,Lanier,Truman,democrat,510,1000
11/02/1948,GA,Lanier,Dewey,republican,490,1000
11/02/1948,NM,Sierra,Truman,democrat,510,1000
11/02/1948,NM,Sierra,Dewey,republican,490,1000
11/02/1948,CO,Lincoln,Truman,democrat,580,1000
11/02/1948,CO,Lincoln,Dewey,republican,420,1000
11/02/1948,IA,Butler,Truman,democrat,580,1000
11/02/1948,IA,Butler,Dewey,republican,420,1000
11/02/1948,TX,Hartley,Truman,democrat,420,1000
11/02/1948,TX,Hartley,Dewey,republican,580,1000
11/02/1948,TN,Pickett,Truman,democrat,530,1000
11/02/1948,TN,Pickett,Dewey,republican,470,1000
11/02/1948,SD,Douglas,Truman,democrat,580,1000
11/02/1948,SD,Douglas,Dewey,republican,420,1000
11/02/1948,KS,Cloud,Truman,democrat,420,1000
11/02/1948,KS,Cloud,Dewey,republican,580,1000
11/02/1948,PA,Montour,Truman,democrat,530,1000
11/02/1948,PA,Montour,Dewey,republican,470,1000
11/02/1948,NE,Morrill,Truman,democrat,530,1000
11/02/1948,NE,Morrill,Dewey,republican,470,1000
11/02/1948,MO,Monroe,Truman,democrat,580,1000
11/02/1948,MO,Monroe,Dewey,republican,420,1000
11/02/1948,ND,LaMoure,Truman,democrat,530,1000
11/02/1948,ND,LaMoure,Dewey,republican,470,1000
11/02/1948,KY,McLean,Truman,democrat,530,1000
11/02/1948,KY,McLean,Dewey,republican,470,1000
11/02/1948,SD,Marshall,Truman,democrat,580,1000
11/02/1948,SD,Marshall,Dewey,republican,420,1000
11/02/1948,OR,Baker,Truman,democrat,420,1000
11/02/1948,OR,Baker,Dewey,republican,580,1000
11/02/1948,SD,Custer,Truman,democrat,420,1000
11/02/1948,SD,Custer,Dewey,republican,580,1000
11/02/1948,TX,Live_Oak,Truman,democrat,530,1000
11/02/1948,TX,Live_Oak,Dewey,republican,470,1000
11/02/1948,MI,Schoolcraft,Truman,democrat,580,1000
11/02/1948,MI,Schoolcraft,Dewey,republican,420,1000
11/02/1948,IA,Madison,Truman,democrat,580,1000
11/02/1948,IA,Madison,Dewey,republican,420,1000
11/02/1948,NE,Wheeler,Truman,democrat,530,1000
11/02/1948,NE,Wheeler,Dewey,republican,470,1000
11/02/1948,AR,Cross,Truman,democrat,580,1000
11/02/1948,AR,Cross,Dewey,republican,420,1000
11/02/1948,IA,Black_Hawk,Truman,democrat,580,1000
11/02/1948,IA,Black_Hawk,Dewey,republican,420,1000
11/02/1948,TX,Lubbock,Truman,democrat,420,1000
11/02/1948,TX,Lubbock,Dewey,republican,580,1000
11/02/1948,MN,Watonwan,Truman,democrat,580,1000
11/02/1948,MN,Watonwan,Dewey,republican,420,1000
11/02/1948,SD,Deuel,Truman,democrat,580,1000
11/02/1948,SD,Deuel,Dewey,republican,420,1000
11/02/1948,IA,Warren,Truman,democrat,580,1000
11/02/1948,IA,Warren,Dewey,republican,420,1000
11/02/1948,AR,Nevada,Truman,democrat,580,1000
11/02/1948,AR,Nevada,Dewey,republican,420,1000
11/02/1948,KS,Haskell,Truman,democrat,580,1000
11/02/1948,KS,Haskell,Dewey,republican,420,1000
11/02/1948,MO,Gentry,Truman,democrat,470,1000
11/02/1948,MO,Gentry,Dewey,republican,530,1000
11/02/1948,AR,Columbia,Truman,democrat,580,1000
11/02/1948,AR,Columbia,Dewey,republican,420,1000
11/02/1948,AR,Drew,Truman,democrat,580,1000
11/02/1948,AR,Drew,Dewey,republican,420,1000
11/02/1948,IN,Noble,Truman,democrat,490,1000
11/02/1948,IN,Noble,Dewey,republican,510,1000
11/02/1948,TX,Gonzales,Truman,democrat,530,1000
11/02/1948,TX,Gonzales,Dewey,republican,470,1000
11/02/1948,SD,Hyde,Truman,democrat,530,1000
11/02/1948,SD,Hyde,Dewey,republican,470,1000
11/02/1948,NM,Torrance,Truman,democrat,580,1000
11/02/1948,NM,Torrance,Dewey,republican,420,1000
11/02/1948,VA,Emporia,Truman,democrat,580,1000
11/02/1948,VA,Emporia,Dewey,republican,420,1000
11/02/1948,TX,Hansford,Truman,democrat,420,1000
11/02/1948,TX,Hansford,Dewey,republican,580,1000
11/02/1948,KS,Finney,Truman,democrat,510,1000
11/02/1948,KS,Finney,Dewey,republican,490,1000
11/02/1948,MO,Lawrence,Truman,democrat,580,1000
11/02/1948,MO,Lawrence,Dewey,republican,420,1000
11/02/1948,NM,Harding,Truman,democrat,580,1000
11/02/1948,NM,Harding,Dewey,republican,420,1000
11/02/1948,TX,Collingsworth,Truman,democrat,470,1000
11/02/1948,TX,Collingsworth,Dewey,republican,530,1000
11/02/1948,IL,Douglas,Truman,democrat,530,1000
11/02/1948,IL,Douglas,Dewey,republican,470,1000
11/02/1948,UT,Sanpete,Truman,democrat,470,1000
11/02/1948,UT,Sanpete,Dewey,republican,530,1000
11/02/1948,SC,Barnwell,Truman,democrat,580,1000
11/02/1948,SC,Barnwell,Dewey,republican,420,1000
11/02/1948,SC,Lee,Truman,democrat,530,1000
11/02/1948,SC,Lee,Dewey,republican,470,1000
11/02/1948,MT,Petroleum,Truman,democrat,470,1000
11/02/1948,MT,Petroleum,Dewey,republican,530,1000
11/02/1948,OH,Guernsey,Truman,democrat,580,1000
11/02/1948,OH,Guernsey,Dewey,republican,420,1000
11/02/1948,GA,Montgomery,Truman,democrat,497,1000
11/02/1948,GA,Montgomery,Dewey,republican,503,1000
11/02/1948,WI,Oneida,Truman,democrat,580,1000
11/02/1948,WI,Oneida,Dewey,republican,420,1000
11/02/1948,NE,Garden,Truman,democrat,580,1000
11/02/1948,NE,Garden,Dewey,republican,420,1000
11/02/1948,ND,Sheridan,Truman,democrat,490,1000
11/02/1948,ND,Sheridan,Dewey,republican,510,1000
11/02/1948,IL,Johnson,Truman,democrat,580,1000
11/02/1948,IL,Johnson,Dewey,republican,420,1000
11/02/1948,TX,King,Truman,democrat,510,1000
11/02/1948,TX,King,Dewey,republican,490,1000
11/02/1948,ID,Valley,Truman,democrat,580,1000
11/02/1948,ID,Valley,Dewey,republican,420,1000
11/02/1948,KY,Warren,Truman,democrat,420,1000
11/02/1948,KY,Warren,Dewey,republican,580,1000
11/02/1948,VA,Portsmouth,Truman,democrat,580,1000
11/02/1948,VA,Portsmouth,Dewey,republican,420,1000
11/02/1948,TX,Stonewall,Truman,democrat,490,1000
11/02/1948,TX,Stonewall,Dewey,republican,510,1000
11/02/1948,OK,Latimer,Truman,democrat,580,1000
11/02/1948,OK,Latimer,Dewey,republican,420,1000
11/02/1948,NV,Storey,Truman,democrat,530,1000
11/02/1948,NV,Storey,Dewey,republican,470,1000
11/02/1948,OK,Washita,Truman,democrat,530,1000
11/02/1948,OK,Washita,Dewey,republican,470,1000
11/02/1948,IA,Van_Buren,Truman,democrat,580,1000
11/02/1948,IA,Van_Buren,Dewey,republican,420,1000
11/02/1948,WI,Eau_Claire,Truman,democrat,580,1000
11/02/1948,WI,Eau_Claire,Dewey,republican,420,1000
11/02/1948,AK,Southeast_Fairbanks,Truman,democrat,420,1000
11/02/1948,AK,Southeast_Fairbanks,Dewey,republican,580,1000
11/02/1948,KS,Lane,Truman,democrat,497,1000
11/02/1948,KS,Lane,Dewey,republican,503,1000
11/02/1948,KS,Trego,Truman,democrat,530,1000
11/02/1948,KS,Trego,Dewey,republican,470,1000
11/02/1948,VA,Williamsburg,Truman,democrat,580,1000
11/02/1948,VA,Williamsburg,Dewey,republican,420,1000
11/02/1948,OH,Defiance,Truman,democrat,510,1000
11/02/1948,OH,Defiance,Dewey,republican,490,1000
11/02/1948,SD,McPherson,Truman,democrat,580,1000
11/02/1948,SD,McPherson,Dewey,republican,420,1000
11/02/1948,NE,Dundy,Truman,democrat,580,1000
11/02/1948,NE,Dundy,Dewey,republican,420,1000
11/02/1948,AR,Johnson,Truman,democrat,580,1000
11/02/1948,AR,Johnson,Dewey,republican,420,1000
11/02/1948,IN,Scott,Truman,democrat,580,1000
11/02/1948,IN,Scott,Dewey,republican,420,1000
11/02/1948,NE,Hall,Truman,democrat,470,1000
11/02/1948,NE,Hall,Dewey,republican,530,1000
11/02/1948,MS,Alcorn,Truman,democrat,420,1000
11/02/1948,MS,Alcorn,Dewey,republican,580,1000
11/02/1948,IL,Moultrie,Truman,democrat,580,1000
11/02/1948,IL,Moultrie,Dewey,republican,420,1000
11/02/1948,IN,Martin,Truman,democrat,580,1000
11/02/1948,IN,Martin,Dewey,republican,420,1000
11/02/1948,NE,Hayes,Truman,democrat,580,1000
11/02/1948,NE,Hayes,Dewey,republican,420,1000
11/02/1948,IL,Edwards,Truman,democrat,580,1000
11/02/1948,IL,Edwards,Dewey,republican,420,1000
11/02/1948,NE,Frontier,Truman,democrat,580,1000
11/02/1948,NE,Frontier,Dewey,republican,420,1000
11/02/1948,KS,Decatur,Truman,democrat,530,1000
11/02/1948,KS,Decatur,Dewey,republican,470,1000
11/02/1948,GA,Tattnall,Truman,democrat,470,1000
11/02/1948,GA,Tattnall,Dewey,republican,530,1000
11/02/1948,KY,Boyle,Truman,democrat,490,1000
11/02/1948,KY,Boyle,Dewey,republican,510,1000
11/02/1948,TX,Dimmit,Truman,democrat,580,1000
11/02/1948,TX,Dimmit,Dewey,republican,420,1000
11/02/1948,KY,Pendleton,Truman,democrat,580,1000
11/02/1948,KY,Pendleton,Dewey,republican,420,1000
11/02/1948,NY,Yates,Truman,democrat,580,1000
11/02/1948,NY,Yates,Dewey,republican,420,1000
11/02/1948,SD,Jackson,Truman,democrat,490,1000
11/02/1948,SD,Jackson,Dewey,republican,510,1000
11/02/1948,IA,Shelby,Truman,democrat,510,1000
11/02/1948,IA,Shelby,Dewey,republican,490,1000
11/02/1948,PA,Forest,Truman,democrat,530,1000
11/02/1948,PA,Forest,Dewey,republican,470,1000
11/02/1948,MO,Laclede,Truman,democrat,580,1000
11/02/1948,MO,Laclede,Dewey,republican,420,1000
11/02/1948,MO,Ripley,Truman,democrat,580,1000
11/02/1948,MO,Ripley,Dewey,republican,420,1000
11/02/1948,KY,Logan,Truman,democrat,510,1000
11/02/1948,KY,Logan,Dewey,republican,490,1000
11/02/1948,IL,DeWitt,Truman,democrat,580,1000
11/02/1948,IL,DeWitt,Dewey,republican,420,1000
11/02/1948,KY,Butler,Truman,democrat,530,1000
11/02/1948,KY,Butler,Dewey,republican,470,1000
11/02/1948,MT,Golden_Valley,Truman,democrat,470,1000
11/02/1948,MT,Golden_Valley,Dewey,republican,530,1000
11/02/1948,OH,Fayette,Truman,democrat,490,1000
11/02/1948,OH,Fayette,Dewey,republican,510,1000
11/02/1948,GA,Twiggs,Truman,democrat,580,1000
11/02/1948,GA,Twiggs,Dewey,republican,420,1000
11/02/1948,MT,Ravalli,Truman,democrat,470,1000
11/02/1948,MT,Ravalli,Dewey,republican,530,1000
11/02/1948,MN,Mille_Lacs,Truman,democrat,580,1000
11/02/1948,MN,Mille_Lacs,Dewey,republican,420,1000
11/02/1948,CO,Delta,Truman,democrat,580,1000
11/02/1948,CO,Delta,Dewey,republican,420,1000
11/02/1948,IL,McDonough,Truman,democrat,580,1000
11/02/1948,IL,McDonough,Dewey,republican,420,1000
11/02/1948,OH,Sandusky,Truman,democrat,580,1000
11/02/1948,OH,Sandusky,Dewey,republican,420,1000
11/02/1948,TX,Borden,Truman,democrat,470,1000
11/02/1948,TX,Borden,Dewey,republican,530,1000
11/02/1948,AR,Newton,Truman,democrat,580,1000
11/02/1948,AR,Newton,Dewey,republican,420,1000
11/02/1948,VA,Charlottesville,Truman,democrat,580,1000
11/02/1948,VA,Charlottesville,Dewey,republican,420,1000
11/02/1948,MN,Pipestone,Truman,democrat,580,1000
11/02/1948,MN,Pipestone,Dewey,republican,420,1000
11/02/1948,TX,Wheeler,Truman,democrat,420,1000
11/02/1948,TX,Wheeler,Dewey,republican,580,1000
11/02/1948,NE,Adams,Truman,democrat,490,1000
11/02/1948,NE,Adams,Dewey,republican,510,1000
11/02/1948,MT,Lewis_and_Clark,Truman,democrat,580,1000
11/02/1948,MT,Lewis_and_Clark,Dewey,republican,420,1000
11/02/1948,AK,Kenai_Peninsula,Truman,democrat,470,1000
11/02/1948,AK,Kenai_Peninsula,Dewey,republican,530,1000
11/02/1948,MO,Grundy,Truman,democrat,497,1000
11/02/1948,MO,Grundy,Dewey,republican,503,1000
11/02/1948,NC,Guilford,Truman,democrat,580,1000
11/02/1948,NC,Guilford,Dewey,republican,420,1000
11/02/1948,IA,Cass,Truman,democrat,580,1000
11/02/1948,IA,Cass,Dewey,republican,420,1000
11/02/1948,AL,Dale,Truman,democrat,503,1000
11/02/1948,AL,Dale,Dewey,republican,497,1000
11/02/1948,TX,Randall,Truman,democrat,420,1000
11/02/1948,TX,Randall,Dewey,republican,580,1000
11/02/1948,OH,Van_Wert,Truman,democrat,420,1000
11/02/1948,OH,Van_Wert,Dewey,republican,580,1000
11/02/1948,TX,Kent,Truman,democrat,470,1000
11/02/1948,TX,Kent,Dewey,republican,530,1000
11/02/1948,VA,Warren,Truman,democrat,470,1000
11/02/1948,VA,Warren,Dewey,republican,530,1000
11/02/1948,MS,Winston,Truman,democrat,470,1000
11/02/1948,MS,Winston,Dewey,republican,530,1000
11/02/1948,TX,Irion,Truman,democrat,470,1000
11/02/1948,TX,Irion,Dewey,republican,530,1000
11/02/1948,GA,Irwin,Truman,democrat,530,1000
11/02/1948,GA,Irwin,Dewey,republican,470,1000
11/02/1948,IN,Whitley,Truman,democrat,420,1000
11/02/1948,IN,Whitley,Dewey,republican,580,1000
11/02/1948,SD,Moody,Truman,democrat,580,1000
11/02/1948,SD,Moody,Dewey,republican,420,1000
11/02/1948,CA,Santa_Barbara,Truman,democrat,580,1000
11/02/1948,CA,Santa_Barbara,Dewey,republican,420,1000
11/02/1948,TX,Eastland,Truman,democrat,420,1000
11/02/1948,TX,Eastland,Dewey,republican,580,1000
11/02/1948,MN,Roseau,Truman,democrat,580,1000
11/02/1948,MN,Roseau,Dewey,republican,420,1000
11/02/1948,MO,Clinton,Truman,democrat,470,1000
11/02/1948,MO,Clinton,Dewey,republican,530,1000
11/02/1948,WV,Taylor,Truman,democrat,580,1000
11/02/1948,WV,Taylor,Dewey,republican,420,1000
11/02/1948,MS,George,Truman,democrat,497,1000
11/02/1948,MS,George,Dewey,republican,503,1000
11/02/1948,MN,Otter_Tail,Truman,democrat,580,1000
11/02/1948,MN,Otter_Tail,Dewey,republican,420,1000
11/02/1948,IL,Franklin,Truman,democrat,580,1000
11/02/1948,IL,Franklin,Dewey,republican,420,1000
11/02/1948,FL,Hardee,Truman,democrat,580,1000
11/02/1948,FL,Hardee,Dewey,republican,420,1000
11/02/1948,IA,Webster,Truman,democrat,580,1000
11/02/1948,IA,Webster,Dewey,republican,420,1000
11/02/1948,VA,Fredericksburg,Truman,democrat,580,1000
11/02/1948,VA,Fredericksburg,Dewey,republican,420,1000
11/02/1948,NY,Schuyler,Truman,democrat,580,1000
11/02/1948,NY,Schuyler,Dewey,republican,420,1000
11/02/1948,IL,McLean,Truman,democrat,580,1000
11/02/1948,IL,McLean,Dewey,republican,420,1000
11/02/1948,NE,York,Truman,democrat,470,1000
11/02/1948,NE,York,Dewey,republican,530,1000
11/02/1948,TX,San_Augustine,Truman,democrat,510,1000
11/02/1948,TX,San_Augustine,Dewey,republican,490,1000
11/02/1948,TN,Franklin,Truman,democrat,580,1000
11/02/1948,TN,Franklin,Dewey,republican,420,1000
11/02/1948,WY,Campbell,Truman,democrat,470,1000
11/02/1948,WY,Campbell,Dewey,republican,530,1000
11/02/1948,OH,Pike,Truman,democrat,580,1000
11/02/1948,OH,Pike,Dewey,republican,420,1000
11/02/1948,IA,Clarke,Truman,democrat,580,1000
11/02/1948,IA,Clarke,Dewey,republican,420,1000
11/02/1948,SC,Cherokee,Truman,democrat,420,1000
11/02/1948,SC,Cherokee,Dewey,republican,580,1000
11/02/1948,MN,Stevens,Truman,democrat,580,1000
11/02/1948,MN,Stevens,Dewey,republican,420,1000
11/02/1948,MS,Franklin,Truman,democrat,580,1000
11/02/1948,MS,Franklin,Dewey,republican,420,1000
11/02/1948,AK,Prince_of_Wales-Hyder,Truman,democrat,470,1000
11/02/1948,AK,Prince_of_Wales-Hyder,Dewey,republican,530,1000
11/02/1948,CO,San_Miguel,Truman,democrat,580,1000
11/02/1948,CO,San_Miguel,Dewey,republican,420,1000
11/02/1948,KY,Lewis,Truman,democrat,580,1000
11/02/1948,KY,Lewis,Dewey,republican,420,1000
11/02/1948,MI,Chippewa,Truman,democrat,580,1000
11/02/1948,MI,Chippewa,Dewey,republican,420,1000
11/02/1948,MI,Ontonagon,Truman,democrat,580,1000
11/02/1948,MI,Ontonagon,Dewey,republican,420,1000
11/02/1948,MN,Marshall,Truman,democrat,580,1000
11/02/1948,MN,Marshall,Dewey,republican,420,1000
11/02/1948,MO,Harrison,Truman,democrat,470,1000
11/02/1948,MO,Harrison,Dewey,republican,530,1000
11/02/1948,MS,Newton,Truman,democrat,580,1000
11/02/1948,MS,Newton,Dewey,republican,420,1000
11/02/1948,MS,Webster,Truman,democrat,580,1000
11/02/1948,MS,Webster,Dewey,republican,420,1000
11/02/1948,NJ,Warren,Truman,democrat,530,1000
11/02/1948,NJ,Warren,Dewey,republican,470,1000
11/02/1948,NY,Monroe,Truman,democrat,580,1000
11/02/1948,NY,Monroe,Dewey,republican,420,1000
11/02/1948,OH,Hamilton,Truman,democrat,530,1000
11/02/1948,OH,Hamilton,Dewey,republican,470,1000
11/02/1948,OK,Pittsburg,Truman,democrat,580,1000
11/02/1948,OK,Pittsburg,Dewey,republican,420,1000
11/02/1948,GA,Ben_Hill,Truman,democrat,530,1000
11/02/1948,GA,Ben_Hill,Dewey,republican,470,1000
11/02/1948,TN,Union,Truman,democrat,420,1000
11/02/1948,TN,Union,Dewey,republican,580,1000
11/02/1948,KS,Russell,Truman,democrat,420,1000
11/02/1948,KS,Russell,Dewey,republican,580,1000
11/02/1948,WI,Dane,Truman,democrat,580,1000
11/02/1948,WI,Dane,Dewey,republican,420,1000
11/02/1948,TX,Gillespie,Truman,democrat,530,1000
11/02/1948,TX,Gillespie,Dewey,republican,470,1000
11/02/1948,AZ,La_Paz,Truman,democrat,510,1000
11/02/1948,AZ,La_Paz,Dewey,republican,490,1000
11/02/1948,KY,Spencer,Truman,democrat,580,1000
11/02/1948,KY,Spencer,Dewey,republican,420,1000
11/02/1948,ID,Ada,Truman,democrat,530,1000
11/02/1948,ID,Ada,Dewey,republican,470,1000
11/02/1948,HI,Hawaii,Truman,democrat,580,1000
11/02/1948,HI,Hawaii,Dewey,republican,420,1000
11/02/1948,AR,Howard,Truman,democrat,580,1000
11/02/1948,AR,Howard,Dewey,republican,420,1000
11/02/1948,VA,Cumberland,Truman,democrat,510,1000
11/02/1948,VA,Cumberland,Dewey,republican,490,1000
11/02/1948,KS,Harvey,Truman,democrat,510,1000
11/02/1948,KS,Harvey,Dewey,republican,490,1000
11/02/1948,TX,Donley,Truman,democrat,420,1000
11/02/1948,TX,Donley,Dewey,republican,580,1000
11/02/1948,IL,Stephenson,Truman,democrat,580,1000
11/02/1948,IL,Stephenson,Dewey,republican,420,1000
11/02/1948,VA,Lynchburg,Truman,democrat,580,1000
11/02/1948,VA,Lynchburg,Dewey,republican,420,1000
11/02/1948,KY,Metcalfe,Truman,democrat,510,1000
11/02/1948,KY,Metcalfe,Dewey,republican,490,1000
11/02/1948,OH,Hardin,Truman,democrat,470,1000
11/02/1948,OH,Hardin,Dewey,republican,530,1000
11/02/1948,IL,Jefferson,Truman,democrat,580,1000
11/02/1948,IL,Jefferson,Dewey,republican,420,1000
11/02/1948,IA,Monroe,Truman,democrat,580,1000
11/02/1948,IA,Monroe,Dewey,republican,420,1000
11/02/1948,WV,Tyler,Truman,democrat,580,1000
11/02/1948,WV,Tyler,Dewey,republican,420,1000
11/02/1948,CO,Bent,Truman,democrat,580,1000
11/02/1948,CO,Bent,Dewey,republican,420,1000
11/02/1948,WI,Waushara,Truman,democrat,580,1000
11/02/1948,WI,Waushara,Dewey,republican,420,1000
11/02/1948,WI,Waupaca,Truman,democrat,580,1000
11/02/1948,WI,Waupaca,Dewey,republican,420,1000
11/02/1948,TX,Uvalde,Truman,democrat,580,1000
11/02/1948,TX,Uvalde,Dewey,republican,420,1000
11/02/1948,MS,Walthall,Truman,democrat,580,1000
11/02/1948,MS,Walthall,Dewey,republican,420,1000
11/02/1948,MO,Daviess,Truman,democrat,470,1000
11/02/1948,MO,Daviess,Dewey,republican,530,1000
11/02/1948,TX,Winkler,Truman,democrat,470,1000
11/02/1948,TX,Winkler,Dewey,republican,530,1000
11/02/1948,OH,Delaware,Truman,democrat,470,1000
11/02/1948,OH,Delaware,Dewey,republican,530,1000
11/02/1948,SD,Hamlin,Truman,democrat,580,1000
11/02/1948,SD,Hamlin,Dewey,republican,420,1000
11/02/1948,KS,Morris,Truman,democrat,470,1000
11/02/1948,KS,Morris,Dewey,republican,530,1000
11/02/1948,AL,Lee,Truman,democrat,510,1000
11/02/1948,AL,Lee,Dewey,republican,490,1000
11/02/1948,CA,San_Diego,Truman,democrat,580,1000
11/02/1948,CA,San_Diego,Dewey,republican,420,1000
11/02/1948,FL,Levy,Truman,democrat,580,1000
11/02/1948,FL,Levy,Dewey,republican,420,1000
11/02/1948,AL,Calhoun,Truman,democrat,470,1000
11/02/1948,AL,Calhoun,Dewey,republican,530,1000
11/02/1948,IA,Scott,Truman,democrat,580,1000
11/02/1948,IA,Scott,Dewey,republican,420,1000
11/02/1948,IA,Winneshiek,Truman,democrat,580,1000
11/02/1948,IA,Winneshiek,Dewey,republican,420,1000
11/02/1948,KS,Morton,Truman,democrat,580,1000
11/02/1948,KS,Morton,Dewey,republican,420,1000
11/02/1948,KY,Campbell,Truman,democrat,420,1000
11/02/1948,KY,Campbell,Dewey,republican,580,1000
11/02/1948,KY,Whitley,Truman,democrat,420,1000
11/02/1948,KY,Whitley,Dewey,republican,580,1000
11/02/1948,OH,Morrow,Truman,democrat,510,1000
11/02/1948,OH,Morrow,Dewey,republican,490,1000
11/02/1948,OH,Darke,Truman,democrat,490,1000
11/02/1948,OH,Darke,Dewey,republican,510,1000
11/02/1948,NE,Valley,Truman,democrat,530,1000
11/02/1948,NE,Valley,Dewey,republican,470,1000
11/02/1948,NE,Cedar,Truman,democrat,530,1000
11/02/1948,NE,Cedar,Dewey,republican,470,1000
11/02/1948,NE,Pawnee,Truman,democrat,470,1000
11/02/1948,NE,Pawnee,Dewey,republican,530,1000
11/02/1948,SC,Darlington,Truman,democrat,530,1000
11/02/1948,SC,Darlington,Dewey,republican,470,1000
11/02/1948,SD,Hughes,Truman,democrat,470,1000
11/02/1948,SD,Hughes,Dewey,republican,530,1000
11/02/1948,MO,Livingston,Truman,democrat,470,1000
11/02/1948,MO,Livingston,Dewey,republican,530,1000
11/02/1948,TX,Gregg,Truman,democrat,580,1000
11/02/1948,TX,Gregg,Dewey,republican,420,1000
11/02/1948,VA,Lunenburg,Truman,democrat,490,1000
11/02/1948,VA,Lunenburg,Dewey,republican,510,1000
11/02/1948,WV,Marion,Truman,democrat,530,1000
11/02/1948,WV,Marion,Dewey,republican,470,1000
11/02/1948,WV,Grant,Truman,democrat,530,1000
11/02/1948,WV,Grant,Dewey,republican,470,1000
11/02/1948,ND,Divide,Truman,democrat,510,1000
11/02/1948,ND,Divide,Dewey,republican,490,1000
11/02/1948,TN,Moore,Truman,democrat,580,1000
11/02/1948,TN,Moore,Dewey,republican,420,1000
11/02/1948,UT,Uintah,Truman,democrat,530,1000
11/02/1948,UT,Uintah,Dewey,republican,470,1000
11/02/1948,NE,Furnas,Truman,democrat,490,1000
11/02/1948,NE,Furnas,Dewey,republican,510,1000
11/02/1948,AL,Chambers,Truman,democrat,470,1000
11/02/1948,AL,Chambers,Dewey,republican,530,1000
11/02/1948,PA,Franklin,Truman,democrat,580,1000
11/02/1948,PA,Franklin,Dewey,republican,420,1000
11/02/1948,NE,Lancaster,Truman,democrat,510,1000
11/02/1948,NE,Lancaster,Dewey,republican,490,1000
11/02/1948,VA,Frederick,Truman,democrat,530,1000
11/02/1948,VA,Frederick,Dewey,republican,470,1000
11/02/1948,WA,Klickitat,Truman,democrat,580,1000
11/02/1948,WA,Klickitat,Dewey,republican,420,1000
11/02/1948,VT,Franklin,Truman,democrat,580,1000
11/02/1948,VT,Franklin,Dewey,republican,420,1000
11/02/1948,WI,Bayfield,Truman,democrat,580,1000
11/02/1948,WI,Bayfield,Dewey,republican,420,1000
11/02/1948,AL,ALA,Truman,democrat,420,1000
11/02/1948,AL,ALA,Dewey,republican,580,1000
11/02/1948,CA,Glenn,Truman,democrat,470,1000
11/02/1948,CA,Glenn,Dewey,republican,530,1000
11/02/1948,CO,Boulder,Truman,democrat,580,1000
11/02/1948,CO,Boulder,Dewey,republican,420,1000
11/02/1948,GA,DeKalb,Truman,democrat,580,1000
11/02/1948,GA,DeKalb,Dewey,republican,420,1000
11/02/1948,IL,Kane,Truman,democrat,530,1000
11/02/1948,IL,Kane,Dewey,republican,470,1000
11/02/1948,IL,Morgan,Truman,democrat,580,1000
11/02/1948,IL,Morgan,Dewey,republican,420,1000
11/02/1948,IN,Brown,Truman,democrat,530,1000
11/02/1948,IN,Brown,Dewey,republican,470,1000
11/02/1948,IN,Rush,Truman,democrat,530,1000
11/02/1948,IN,Rush,Dewey,republican,470,1000
11/02/1948,IN,White,Truman,democrat,530,1000
11/02/1948,IN,White,Dewey,republican,470,1000
11/02/1948,IA,Johnson,Truman,democrat,580,1000
11/02/1948,IA,Johnson,Dewey,republican,420,1000
11/02/1948,KS,Lyon,Truman,democrat,510,1000
11/02/1948,KS,Lyon,Dewey,republican,490,1000
11/02/1948,KY,Adair,Truman,democrat,420,1000
11/02/1948,KY,Adair,Dewey,republican,580,1000
11/02/1948,LA,Allen,Truman,democrat,530,1000
11/02/1948,LA,Allen,Dewey,republican,470,1000
11/02/1948,ME,Oxford,Truman,democrat,580,1000
11/02/1948,ME,Oxford,Dewey,republican,420,1000
11/02/1948,MO,Camden,Truman,democrat,580,1000
11/02/1948,MO,Camden,Dewey,republican,420,1000
11/02/1948,GA,Wilcox,Truman,democrat,490,1000
11/02/1948,GA,Wilcox,Dewey,republican,510,1000
11/02/1948,NM,De_Baca,Truman,democrat,580,1000
11/02/1948,NM,De_Baca,Dewey,republican,420,1000
11/02/1948,NC,Vance,Truman,democrat,580,1000
11/02/1948,NC,Vance,Dewey,republican,420,1000
11/02/1948,NC,Franklin,Truman,democrat,580,1000
11/02/1948,NC,Franklin,Dewey,republican,420,1000
11/02/1948,MT,Teton,Truman,democrat,530,1000
11/02/1948,MT,Teton,Dewey,republican,470,1000
11/02/1948,MO,Barry,Truman,democrat,580,1000
11/02/1948,MO,Barry,Dewey,republican,420,1000
11/02/1948,WA,Clark,Truman,democrat,580,1000
11/02/1948,WA,Clark,Dewey,republican,420,1000
11/02/1948,WV,Ohio,Truman,democrat,580,1000
11/02/1948,WV,Ohio,Dewey,republican,420,1000
11/02/1948,AR,Clark,Truman,democrat,580,1000
11/02/1948,AR,Clark,Dewey,republican,420,1000
11/02/1948,AR,Lawrence,Truman,democrat,580,1000
11/02/1948,AR,Lawrence,Dewey,republican,420,1000
11/02/1948,CA,Yuba,Truman,democrat,510,1000
11/02/1948,CA,Yuba,Dewey,republican,490,1000
11/02/1948,CO,Summit,Truman,democrat,530,1000
11/02/1948,CO,Summit,Dewey,republican,470,1000
11/02/1948,GA,Cobb,Truman,democrat,470,1000
11/02/1948,GA,Cobb,Dewey,republican,530,1000
11/02/1948,GA,Douglas,Truman,democrat,470,1000
11/02/1948,GA,Douglas,Dewey,republican,530,1000
11/02/1948,GA,Wilkes,Truman,democrat,530,1000
11/02/1948,GA,Wilkes,Dewey,republican,470,1000
11/02/1948,IL,Peoria,Truman,democrat,580,1000
11/02/1948,IL,Peoria,Dewey,republican,420,1000
11/02/1948,IN,Jackson,Truman,democrat,580,1000
11/02/1948,IN,Jackson,Dewey,republican,420,1000
11/02/1948,KS,Rooks,Truman,democrat,530,1000
11/02/1948,KS,Rooks,Dewey,republican,470,1000
11/02/1948,KS,Reno,Truman,democrat,470,1000
11/02/1948,KS,Reno,Dewey,republican,530,1000
11/02/1948,KY,Barren,Truman,democrat,470,1000
11/02/1948,KY,Barren,Dewey,republican,530,1000
11/02/1948,KY,Laurel,Truman,democrat,420,1000
11/02/1948,KY,Laurel,Dewey,republican,580,1000
11/02/1948,AZ,Coconino,Truman,democrat,470,1000
11/02/1948,AZ,Coconino,Dewey,republican,530,1000
11/02/1948,CA,Marin,Truman,democrat,580,1000
11/02/1948,CA,Marin,Dewey,republican,420,1000
11/02/1948,FL,Okaloosa,Truman,democrat,530,1000
11/02/1948,FL,Okaloosa,Dewey,republican,470,1000
11/02/1948,GA,Murray,Truman,democrat,510,1000
11/02/1948,GA,Murray,Dewey,republican,490,1000
11/02/1948,IL,Randolph,Truman,democrat,580,1000
11/02/1948,IL,Randolph,Dewey,republican,420,1000
11/02/1948,IN,Switzerland,Truman,democrat,580,1000
11/02/1948,IN,Switzerland,Dewey,republican,420,1000
11/02/1948,KY,Kenton,Truman,democrat,420,1000
11/02/1948,KY,Kenton,Dewey,republican,580,1000
11/02/1948,KY,Monroe,Truman,democrat,490,1000
11/02/1948,KY,Monroe,Dewey,republican,510,1000
11/02/1948,LA,Caddo,Truman,democrat,580,1000
11/02/1948,LA,Caddo,Dewey,republican,420,1000
11/02/1948,LA,Claiborne,Truman,democrat,580,1000
11/02/1948,LA,Claiborne,Dewey,republican,420,1000
11/02/1948,MA,Berkshire,Truman,democrat,580,1000
11/02/1948,MA,Berkshire,Dewey,republican,420,1000
11/02/1948,MI,Grand_Traverse,Truman,democrat,580,1000
11/02/1948,MI,Grand_Traverse,Dewey,republican,420,1000
11/02/1948,NE,Nuckolls,Truman,democrat,470,1000
11/02/1948,NE,Nuckolls,Dewey,republican,530,1000
11/02/1948,MO,Atchison,Truman,democrat,470,1000
11/02/1948,MO,Atchison,Dewey,republican,530,1000
11/02/1948,MN,Ramsey,Truman,democrat,580,1000
11/02/1948,MN,Ramsey,Dewey,republican,420,1000
11/02/1948,NC,Avery,Truman,democrat,530,1000
11/02/1948,NC,Avery,Dewey,republican,470,1000
11/02/1948,PA,Wayne,Truman,democrat,580,1000
11/02/1948,PA,Wayne,Dewey,republican,420,1000
11/02/1948,TN,Carter,Truman,democrat,420,1000
11/02/1948,TN,Carter,Dewey,republican,580,1000
11/02/1948,TN,Hickman,Truman,democrat,580,1000
11/02/1948,TN,Hickman,Dewey,republican,420,1000
11/02/1948,SD,Potter,Truman,democrat,490,1000
11/02/1948,SD,Potter,Dewey,republican,510,1000
11/02/1948,TX,Shackelford,Truman,democrat,530,1000
11/02/1948,TX,Shackelford,Dewey,republican,470,1000
11/02/1948,WY,Converse,Truman,democrat,470,1000
11/02/1948,WY,Converse,Dewey,republican,530,1000
11/02/1948,AL,Escambia,Truman,democrat,530,1000
11/02/1948,AL,Escambia,Dewey,republican,470,1000
11/02/1948,AZ,Cochise,Truman,democrat,530,1000
11/02/1948,AZ,Cochise,Dewey,republican,470,1000
11/02/1948,AZ,Apache,Truman,democrat,490,1000
11/02/1948,AZ,Apache,Dewey,republican,510,1000
11/02/1948,CA,San_Luis_Obispo,Truman,democrat,530,1000
11/02/1948,CA,San_Luis_Obispo,Dewey,republican,470,1000
11/02/1948,ID,Oneida,Truman,democrat,420,1000
11/02/1948,ID,Oneida,Dewey,republican,580,1000
11/02/1948,IN,Perry,Truman,democrat,580,1000
11/02/1948,IN,Perry,Dewey,republican,420,1000
11/02/1948,IA,Harrison,Truman,democrat,530,1000
11/02/1948,IA,Harrison,Dewey,republican,470,1000
11/02/1948,KY,Gallatin,Truman,democrat,580,1000
11/02/1948,KY,Gallatin,Dewey,republican,420,1000
11/02/1948,MD,Kent,Truman,democrat,580,1000
11/02/1948,MD,Kent,Dewey,republican,420,1000
11/02/1948,ME,Piscataquis,Truman,democrat,530,1000
11/02/1948,ME,Piscataquis,Dewey,republican,470,1000
11/02/1948,MI,Luce,Truman,democrat,580,1000
11/02/1948,MI,Luce,Dewey,republican,420,1000
11/02/1948,MI,Clare,Truman,democrat,580,1000
11/02/1948,MI,Clare,Dewey,republican,420,1000
11/02/1948,MO,St_Clair,Truman,democrat,580,1000
11/02/1948,MO,St_Clair,Dewey,republican,420,1000
11/02/1948,NE,Merrick,Truman,democrat,530,1000
11/02/1948,NE,Merrick,Dewey,republican,470,1000
11/02/1948,NY,Greene,Truman,democrat,530,1000
11/02/1948,NY,Greene,Dewey,republican,470,1000
11/02/1948,NC,Halifax,Truman,democrat,580,1000
11/02/1948,NC,Halifax,Dewey,republican,420,1000
11/02/1948,OK,McClain,Truman,democrat,580,1000
11/02/1948,OK,McClain,Dewey,republican,420,1000
11/02/1948,OK,Beaver,Truman,democrat,470,1000
11/02/1948,OK,Beaver,Dewey,republican,530,1000
11/02/1948,OR,Deschutes,Truman,democrat,530,1000
11/02/1948,OR,Deschutes,Dewey,republican,470,1000
11/02/1948,PA,Centre,Truman,democrat,530,1000
11/02/1948,PA,Centre,Dewey,republican,470,1000
11/02/1948,SC,Kershaw,Truman,democrat,580,1000
11/02/1948,SC,Kershaw,Dewey,republican,420,1000
11/02/1948,KY,Morgan,Truman,democrat,580,1000
11/02/1948,KY,Morgan,Dewey,republican,420,1000
11/02/1948,TN,Johnson,Truman,democrat,420,1000
11/02/1948,TN,Johnson,Dewey,republican,580,1000
11/02/1948,TX,Brewster,Truman,democrat,530,1000
11/02/1948,TX,Brewster,Dewey,republican,470,1000
11/02/1948,TX,Zapata,Truman,democrat,580,1000
11/02/1948,TX,Zapata,Dewey,republican,420,1000
11/02/1948,TX,Trinity,Truman,democrat,470,1000
11/02/1948,TX,Trinity,Dewey,republican,530,1000
11/02/1948,UT,Carbon,Truman,democrat,580,1000
11/02/1948,UT,Carbon,Dewey,republican,420,1000
11/02/1948,VA,Orange,Truman,democrat,470,1000
11/02/1948,VA,Orange,Dewey,republican,530,1000
11/02/1948,WI,Adams,Truman,democrat,580,1000
11/02/1948,WI,Adams,Dewey,republican,420,1000
11/02/1948,ND,McLean,Truman,democrat,510,1000
11/02/1948,ND,McLean,Dewey,republican,490,1000
11/02/1948,MN,Kittson,Truman,democrat,580,1000
11/02/1948,MN,Kittson,Dewey,republican,420,1000
11/02/1948,MI,Cheboygan,Truman,democrat,580,1000
11/02/1948,MI,Cheboygan,Dewey,republican,420,1000
11/02/1948,MS,Washington,Truman,democrat,580,1000
11/02/1948,MS,Washington,Dewey,republican,420,1000
11/02/1948,MO,Holt,Truman,democrat,420,1000
11/02/1948,MO,Holt,Dewey,republican,580,1000
11/02/1948,MS,Sunflower,Truman,democrat,580,1000
11/02/1948,MS,Sunflower,Dewey,republican,420,1000
11/02/1948,MT,Powder_River,Truman,democrat,470,1000
11/02/1948,MT,Powder_River,Dewey,republican,530,1000
11/02/1948,MS,Marshall,Truman,democrat,580,1000
11/02/1948,MS,Marshall,Dewey,republican,420,1000
11/02/1948,MS,Issaquena,Truman,democrat,580,1000
11/02/1948,MS,Issaquena,Dewey,republican,420,1000
11/02/1948,MS,Benton,Truman,democrat,490,1000
11/02/1948,MS,Benton,Dewey,republican,510,1000
11/02/1948,OH,Cuyahoga,Truman,democrat,580,1000
11/02/1948,OH,Cuyahoga,Dewey,republican,420,1000
11/02/1948,MT,Lake,Truman,democrat,510,1000
11/02/1948,MT,Lake,Dewey,republican,490,1000
11/02/1948,RI,Newport,Truman,democrat,580,1000
11/02/1948,RI,Newport,Dewey,republican,420,1000
11/02/1948,MO,Clay,Truman,democrat,580,1000
11/02/1948,MO,Clay,Dewey,republican,420,1000
11/02/1948,MO,Worth,Truman,democrat,510,1000
11/02/1948,MO,Worth,Dewey,republican,490,1000
11/02/1948,MO,Perry,Truman,democrat,580,1000
11/02/1948,MO,Perry,Dewey,republican,420,1000
11/02/1948,MO,Morgan,Truman,democrat,580,1000
11/02/1948,MO,Morgan,Dewey,republican,420,1000
11/02/1948,VA,Lee,Truman,democrat,580,1000
11/02/1948,VA,Lee,Dewey,republican,420,1000
11/02/1948,WA,Clallam,Truman,democrat,580,1000
11/02/1948,WA,Clallam,Dewey,republican,420,1000
11/02/1948,WY,Uinta,Truman,democrat,490,1000
11/02/1948,WY,Uinta,Dewey,republican,510,1000
11/02/1948,AR,Arkansas,Truman,democrat,580,1000
11/02/1948,AR,Arkansas,Dewey,republican,420,1000
11/02/1948,AR,Dallas,Truman,democrat,580,1000
11/02/1948,AR,Dallas,Dewey,republican,420,1000
11/02/1948,GA,Butts,Truman,democrat,510,1000
11/02/1948,GA,Butts,Dewey,republican,490,1000
11/02/1948,GA,Baker,Truman,democrat,580,1000
11/02/1948,GA,Baker,Dewey,republican,420,1000
11/02/1948,IL,LaSalle,Truman,democrat,580,1000
11/02/1948,IL,LaSalle,Dewey,republican,420,1000
11/02/1948,IN,Kosciusko,Truman,democrat,470,1000
11/02/1948,IN,Kosciusko,Dewey,republican,530,1000
11/02/1948,IN,Sullivan,Truman,democrat,580,1000
11/02/1948,IN,Sullivan,Dewey,republican,420,1000
11/02/1948,KS,Riley,Truman,democrat,420,1000
11/02/1948,KS,Riley,Dewey,republican,580,1000
11/02/1948,KY,Bullitt,Truman,democrat,497,1000
11/02/1948,KY,Bullitt,Dewey,republican,503,1000
11/02/1948,KY,Madison,Truman,democrat,490,1000
11/02/1948,KY,Madison,Dewey,republican,510,1000
11/02/1948,LA,Livingston,Truman,democrat,580,1000
11/02/1948,LA,Livingston,Dewey,republican,420,1000
11/02/1948,LA,Grant,Truman,democrat,580,1000
11/02/1948,LA,Grant,Dewey,republican,420,1000
11/02/1948,LA,Bienville,Truman,democrat,580,1000
11/02/1948,LA,Bienville,Dewey,republican,420,1000
11/02/1948,MO,Callaway,Truman,democrat,580,1000
11/02/1948,MO,Callaway,Dewey,republican,420,1000
11/02/1948,GA,Wheeler,Truman,democrat,503,1000
11/02/1948,GA,Wheeler,Dewey,republican,497,1000
11/02/1948,NC,Chatham,Truman,democrat,530,1000
11/02/1948,NC,Chatham,Dewey,republican,470,1000
11/02/1948,SC,Allendale,Truman,democrat,580,1000
11/02/1948,SC,Allendale,Dewey,republican,420,1000
11/02/1948,MA,Suffolk,Truman,democrat,580,1000
11/02/1948,MA,Suffolk,Dewey,republican,420,1000
11/02/1948,TN,Henry,Truman,democrat,530,1000
11/02/1948,TN,Henry,Dewey,republican,470,1000
11/02/1948,TX,Angelina,Truman,democrat,530,1000
11/02/1948,TX,Angelina,Dewey,republican,470,1000
11/02/1948,WA,Grant,Truman,democrat,470,1000
11/02/1948,WA,Grant,Dewey,republican,530,1000
11/02/1948,VA,Louisa,Truman,democrat,490,1000
11/02/1948,VA,Louisa,Dewey,republican,510,1000
11/02/1948,MN,Goodhue,Truman,democrat,580,1000
11/02/1948,MN,Goodhue,Dewey,republican,420,1000
11/02/1948,WA,Walla_Walla,Truman,democrat,497,1000
11/02/1948,WA,Walla_Walla,Dewey,republican,503,1000
11/02/1948,MO,Christian,Truman,democrat,580,1000
11/02/1948,MO,Christian,Dewey,republican,420,1000
11/02/1948,IN,Crawford,Truman,democrat,580,1000
11/02/1948,IN,Crawford,Dewey,republican,420,1000
11/02/1948,OK,Seminole,Truman,democrat,580,1000
11/02/1948,OK,Seminole,Dewey,republican,420,1000
11/02/1948,NM,Lincoln,Truman,democrat,580,1000
11/02/1948,NM,Lincoln,Dewey,republican,420,1000
11/02/1948,TN,Campbell,Truman,democrat,420,1000
11/02/1948,TN,Campbell,Dewey,republican,580,1000
11/02/1948,NM,Socorro,Truman,democrat,530,1000
11/02/1948,NM,Socorro,Dewey,republican,470,1000
11/02/1948,NM,Taos,Truman,democrat,580,1000
11/02/1948,NM,Taos,Dewey,republican,420,1000
11/02/1948,NM,Chaves,Truman,democrat,580,1000
11/02/1948,NM,Chaves,Dewey,republican,420,1000
11/02/1948,OH,Holmes,Truman,democrat,510,1000
11/02/1948,OH,Holmes,Dewey,republican,490,1000
11/02/1948,OH,Jackson,Truman,democrat,580,1000
11/02/1948,OH,Jackson,Dewey,republican,420,1000
11/02/1948,NC,Burke,Truman,democrat,470,1000
11/02/1948,NC,Burke,Dewey,republican,530,1000
11/02/1948,SD,Pennington,Truman,democrat,510,1000
11/02/1948,SD,Pennington,Dewey,republican,490,1000
11/02/1948,TX,Aransas,Truman,democrat,580,1000
11/02/1948,TX,Aransas,Dewey,republican,420,1000
11/02/1948,WA,Whitman,Truman,democrat,530,1000
11/02/1948,WA,Whitman,Dewey,republican,470,1000
11/02/1948,MI,Berrien,Truman,democrat,580,1000
11/02/1948,MI,Berrien,Dewey,republican,420,1000
11/02/1948,GA,Lincoln,Truman,democrat,470,1000
11/02/1948,GA,Lincoln,Dewey,republican,530,1000
11/02/1948,TX,Val_Verde,Truman,democrat,530,1000
11/02/1948,TX,Val_Verde,Dewey,republican,470,1000
11/02/1948,NY,Onondaga,Truman,democrat,580,1000
11/02/1948,NY,Onondaga,Dewey,republican,420,1000
11/02/1948,ID,Gooding,Truman,democrat,530,1000
11/02/1948,ID,Gooding,Dewey,republican,470,1000
11/02/1948,KY,Clay,Truman,democrat,470,1000
11/02/1948,KY,Clay,Dewey,republican,530,1000
11/02/1948,OR,Harney,Truman,democrat,470,1000
11/02/1948,OR,Harney,Dewey,republican,530,1000
11/02/1948,MO,Cooper,Truman,democrat,580,1000
11/02/1948,MO,Cooper,Dewey,republican,420,1000
11/02/1948,MN,Todd,Truman,democrat,580,1000
11/02/1948,MN,Todd,Dewey,republican,420,1000
11/02/1948,WI,Florence,Truman,democrat,580,1000
11/02/1948,WI,Florence,Dewey,republican,420,1000
11/02/1948,NY,Nassau,Truman,democrat,580,1000
11/02/1948,NY,Nassau,Dewey,republican,420,1000
11/02/1948,NM,San_Miguel,Truman,democrat,580,1000
11/02/1948,NM,San_Miguel,Dewey,republican,420,1000
11/02/1948,NE,Wayne,Truman,democrat,497,1000
11/02/1948,NE,Wayne,Dewey,republican,503,1000
11/02/1948,OH,Lawrence,Truman,democrat,580,1000
11/02/1948,OH,Lawrence,Dewey,republican,420,1000
11/02/1948,SD,Union,Truman,democrat,580,1000
11/02/1948,SD,Union,Dewey,republican,420,1000
11/02/1948,SC,Beaufort,Truman,democrat,503,1000
11/02/1948,SC,Beaufort,Dewey,republican,497,1000
11/02/1948,OH,Auglaize,Truman,democrat,420,1000
11/02/1948,OH,Auglaize,Dewey,republican,580,1000
11/02/1948,GA,Long,Truman,democrat,530,1000
11/02/1948,GA,Long,Dewey,republican,470,1000
11/02/1948,TX,Victoria,Truman,democrat,580,1000
11/02/1948,TX,Victoria,Dewey,republican,420,1000
11/02/1948,OH,Clermont,Truman,democrat,470,1000
11/02/1948,OH,Clermont,Dewey,republican,530,1000
11/02/1948,GA,Madison,Truman,democrat,510,1000
11/02/1948,GA,Madison,Dewey,republican,490,1000
11/02/1948,GA,Muscogee,Truman,democrat,530,1000
11/02/1948,GA,Muscogee,Dewey,republican,470,1000
11/02/1948,GA,Oconee,Truman,democrat,530,1000
11/02/1948,GA,Oconee,Dewey,republican,470,1000
11/02/1948,AL,Fayette,Truman,democrat,470,1000
11/02/1948,AL,Fayette,Dewey,republican,530,1000
11/02/1948,GA,Charlton,Truman,democrat,470,1000
11/02/1948,GA,Charlton,Dewey,republican,530,1000
11/02/1948,VT,Windsor,Truman,democrat,580,1000
11/02/1948,VT,Windsor,Dewey,republican,420,1000
11/02/1948,VA,Richmond_Co,Truman,democrat,470,1000
11/02/1948,VA,Richmond_Co,Dewey,republican,530,1000
11/02/1948,TX,Galveston,Truman,democrat,530,1000
11/02/1948,TX,Galveston,Dewey,republican,470,1000
11/02/1948,MO,Ste_Genevieve,Truman,democrat,580,1000
11/02/1948,MO,Ste_Genevieve,Dewey,republican,420,1000
11/02/1948,MI,Menominee,Truman,democrat,580,1000
11/02/1948,MI,Menominee,Dewey,republican,420,1000
11/02/1948,SC,Charleston,Truman,democrat,530,1000
11/02/1948,SC,Charleston,Dewey,republican,470,1000
11/02/1948,TX,Austin,Truman,democrat,420,1000
11/02/1948,TX,Austin,Dewey,republican,580,1000
11/02/1948,TN,Decatur,Truman,democrat,530,1000
11/02/1948,TN,Decatur,Dewey,republican,470,1000
11/02/1948,SD,Butte,Truman,democrat,530,1000
11/02/1948,SD,Butte,Dewey,republican,470,1000
11/02/1948,SC,Chester,Truman,democrat,530,1000
11/02/1948,SC,Chester,Dewey,republican,470,1000
11/02/1948,WI,Pierce,Truman,democrat,580,1000
11/02/1948,WI,Pierce,Dewey,republican,420,1000
11/02/1948,TN,Lake,Truman,democrat,580,1000
11/02/1948,TN,Lake,Dewey,republican,420,1000
11/02/1948,TX,Delta,Truman,democrat,580,1000
11/02/1948,TX,Delta,Dewey,republican,420,1000
11/02/1948,MT,Lincoln,Truman,democrat,580,1000
11/02/1948,MT,Lincoln,Dewey,republican,420,1000
11/02/1948,TX,Fort_Bend,Truman,democrat,490,1000
11/02/1948,TX,Fort_Bend,Dewey,republican,510,1000
11/02/1948,ME,Lincoln,Truman,democrat,580,1000
11/02/1948,ME,Lincoln,Dewey,republican,420,1000
11/02/1948,VA,Surry,Truman,democrat,580,1000
11/02/1948,VA,Surry,Dewey,republican,420,1000
11/02/1948,MO,Saline,Truman,democrat,580,1000
11/02/1948,MO,Saline,Dewey,republican,420,1000
11/02/1948,NC,Caswell,Truman,democrat,580,1000
11/02/1948,NC,Caswell,Dewey,republican,420,1000
11/02/1948,VA,Sussex,Truman,democrat,580,1000
11/02/1948,VA,Sussex,Dewey,republican,420,1000
11/02/1948,NH,Rockingham,Truman,democrat,580,1000
11/02/1948,NH,Rockingham,Dewey,republican,420,1000
11/02/1948,TN,Hamblen,Truman,democrat,420,1000
11/02/1948,TN,Hamblen,Dewey,republican,580,1000
11/02/1948,TN,Hancock,Truman,democrat,503,1000
11/02/1948,TN,Hancock,Dewey,republican,497,1000
11/02/1948,TN,Hawkins,Truman,democrat,420,1000
11/02/1948,TN,Hawkins,Dewey,republican,580,1000
11/02/1948,SD,Hanson,Truman,democrat,580,1000
11/02/1948,SD,Hanson,Dewey,republican,420,1000
11/02/1948,SD,Kingsbury,Truman,democrat,580,1000
11/02/1948,SD,Kingsbury,Dewey,republican,420,1000
11/02/1948,PA,Chester,Truman,democrat,530,1000
11/02/1948,PA,Chester,Dewey,republican,470,1000
11/02/1948,TX,Calhoun,Truman,democrat,580,1000
11/02/1948,TX,Calhoun,Dewey,republican,420,1000
11/02/1948,VA,Northumberland,Truman,democrat,530,1000
11/02/1948,VA,Northumberland,Dewey,republican,470,1000
11/02/1948,WI,Forest,Truman,democrat,580,1000
11/02/1948,WI,Forest,Dewey,republican,420,1000
11/02/1948,WY,Crook,Truman,democrat,420,1000
11/02/1948,WY,Crook,Dewey,republican,580,1000
11/02/1948,NE,Rock,Truman,democrat,530,1000
11/02/1948,NE,Rock,Dewey,republican,470,1000
11/02/1948,TN,Anderson,Truman,democrat,490,1000
11/02/1948,TN,Anderson,Dewey,republican,510,1000
11/02/1948,KY,Garrard,Truman,democrat,420,1000
11/02/1948,KY,Garrard,Dewey,republican,580,1000
11/02/1948,VT,Windham,Truman,democrat,580,1000
11/02/1948,VT,Windham,Dewey,republican,420,1000
11/02/1948,MD,Wicomico,Truman,democrat,490,1000
11/02/1948,MD,Wicomico,Dewey,republican,510,1000
11/02/1948,ME,Sagadahoc,Truman,democrat,580,1000
11/02/1948,ME,Sagadahoc,Dewey,republican,420,1000
11/02/1948,KS,Bourbon,Truman,democrat,580,1000
11/02/1948,KS,Bourbon,Dewey,republican,420,1000
11/02/1948,KS,Crawford,Truman,democrat,580,1000
11/02/1948,KS,Crawford,Dewey,republican,420,1000
11/02/1948,TX,Collin,Truman,democrat,470,1000
11/02/1948,TX,Collin,Dewey,republican,530,1000
11/02/1948,TX,Colorado,Truman,democrat,530,1000
11/02/1948,TX,Colorado,Dewey,republican,470,1000
11/02/1948,PA,Delaware,Truman,democrat,580,1000
11/02/1948,PA,Delaware,Dewey,republican,420,1000
11/02/1948,SC,Dillon,Truman,democrat,580,1000
11/02/1948,SC,Dillon,Dewey,republican,420,1000
11/02/1948,PA,Clarion,Truman,democrat,580,1000
11/02/1948,PA,Clarion,Dewey,republican,420,1000
11/02/1948,TX,Jasper,Truman,democrat,580,1000
11/02/1948,TX,Jasper,Dewey,republican,420,1000
11/02/1948,PA,Clinton,Truman,democrat,530,1000
11/02/1948,PA,Clinton,Dewey,republican,470,1000
11/02/1948,MD,Harford,Truman,democrat,530,1000
11/02/1948,MD,Harford,Dewey,republican,470,1000
11/02/1948,IL,Richland,Truman,democrat,580,1000
11/02/1948,IL,Richland,Dewey,republican,420,1000
11/02/1948,MD,Howard,Truman,democrat,580,1000
11/02/1948,MD,Howard,Dewey,republican,420,1000
11/02/1948,TN,Loudon,Truman,democrat,530,1000
11/02/1948,TN,Loudon,Dewey,republican,470,1000
11/02/1948,IL,St_Clair,Truman,democrat,580,1000
11/02/1948,IL,St_Clair,Dewey,republican,420,1000
11/02/1948,MA,Bristol,Truman,democrat,580,1000
11/02/1948,MA,Bristol,Dewey,republican,420,1000
11/02/1948,IN,Hendricks,Truman,democrat,470,1000
11/02/1948,IN,Hendricks,Dewey,republican,530,1000
11/02/1948,MD,Anne_Arundel,Truman,democrat,580,1000
11/02/1948,MD,Anne_Arundel,Dewey,republican,420,1000
11/02/1948,TX,Comal,Truman,democrat,510,1000
11/02/1948,TX,Comal,Dewey,republican,490,1000
11/02/1948,TX,Cooke,Truman,democrat,510,1000
11/02/1948,TX,Cooke,Dewey,republican,490,1000
11/02/1948,TX,Crockett,Truman,democrat,510,1000
11/02/1948,TX,Crockett,Dewey,republican,490,1000
11/02/1948,TX,Culberson,Truman,democrat,580,1000
11/02/1948,TX,Culberson,Dewey,republican,420,1000
11/02/1948,KY,Hickman,Truman,democrat,580,1000
11/02/1948,KY,Hickman,Dewey,republican,420,1000
11/02/1948,KY,Jackson,Truman,democrat,420,1000
11/02/1948,KY,Jackson,Dewey,republican,580,1000
11/02/1948,SC,Georgetown,Truman,democrat,470,1000
11/02/1948,SC,Georgetown,Dewey,republican,530,1000
11/02/1948,WA,Adams,Truman,democrat,490,1000
11/02/1948,WA,Adams,Dewey,republican,510,1000
11/02/1948,NE,Kimball,Truman,democrat,580,1000
11/02/1948,NE,Kimball,Dewey,republican,420,1000
11/02/1948,MT,Carbon,Truman,democrat,470,1000
11/02/1948,MT,Carbon,Dewey,republican,530,1000
11/02/1948,KY,Greenup,Truman,democrat,580,1000
11/02/1948,KY,Greenup,Dewey,republican,420,1000
11/02/1948,LA,Webster,Truman,democrat,580,1000
11/02/1948,LA,Webster,Dewey,republican,420,1000
11/02/1948,TN,Macon,Truman,democrat,580,1000
11/02/1948,TN,Macon,Dewey,republican,420,1000
11/02/1948,NC,New_Hanover,Truman,democrat,580,1000
11/02/1948,NC,New_Hanover,Dewey,republican,420,1000
11/02/1948,TX,Chambers,Truman,democrat,530,1000
11/02/1948,TX,Chambers,Dewey,republican,470,1000
11/02/1948,FL,Alachua,Truman,democrat,580,1000
11/02/1948,FL,Alachua,Dewey,republican,420,1000
11/02/1948,GA,Worth,Truman,democrat,530,1000
11/02/1948,GA,Worth,Dewey,republican,470,1000
11/02/1948,OR,Marion,Truman,democrat,530,1000
11/02/1948,OR,Marion,Dewey,republican,470,1000
11/02/1948,PA,Jefferson,Truman,democrat,530,1000
11/02/1948,PA,Jefferson,Dewey,republican,470,1000
11/02/1948,MI,Dickinson,Truman,democrat,580,1000
11/02/1948,MI,Dickinson,Dewey,republican,420,1000
11/02/1948,MI,Eaton,Truman,democrat,580,1000
11/02/1948,MI,Eaton,Dewey,republican,420,1000
11/02/1948,KY,Knox,Truman,democrat,490,1000
11/02/1948,KY,Knox,Dewey,republican,510,1000
11/02/1948,MI,Hillsdale,Truman,democrat,580,1000
11/02/1948,MI,Hillsdale,Dewey,republican,420,1000
11/02/1948,TX,Denton,Truman,democrat,470,1000
11/02/1948,TX,Denton,Dewey,republican,530,1000
11/02/1948,IA,Washington,Truman,democrat,580,1000
11/02/1948,IA,Washington,Dewey,republican,420,1000
11/02/1948,TN,Smith,Truman,democrat,580,1000
11/02/1948,TN,Smith,Dewey,republican,420,1000
11/02/1948,KS,Wilson,Truman,democrat,580,1000
11/02/1948,KS,Wilson,Dewey,republican,420,1000
11/02/1948,VA,Henrico,Truman,democrat,530,1000
11/02/1948,VA,Henrico,Dewey,republican,470,1000
11/02/1948,RI,Kent,Truman,democrat,580,1000
11/02/1948,RI,Kent,Dewey,republican,420,1000
11/02/1948,PA,Columbia,Truman,democrat,530,1000
11/02/1948,PA,Columbia,Dewey,republican,470,1000
11/02/1948,TN,Lewis,Truman,democrat,580,1000
11/02/1948,TN,Lewis,Dewey,republican,420,1000
11/02/1948,MN,Lincoln,Truman,democrat,580,1000
11/02/1948,MN,Lincoln,Dewey,republican,420,1000
11/02/1948,TN,Madison,Truman,democrat,580,1000
11/02/1948,TN,Madison,Dewey,republican,420,1000
11/02/1948,MO,Ralls,Truman,democrat,580,1000
11/02/1948,MO,Ralls,Dewey,republican,420,1000
11/02/1948,NC,Anson,Truman,democrat,580,1000
11/02/1948,NC,Anson,Dewey,republican,420,1000
11/02/1948,KY,Daviess,Truman,democrat,580,1000
11/02/1948,KY,Daviess,Dewey,republican,420,1000
11/02/1948,UT,Washington,Truman,democrat,470,1000
11/02/1948,UT,Washington,Dewey,republican,530,1000
11/02/1948,IA,Appanoose,Truman,democrat,580,1000
11/02/1948,IA,Appanoose,Dewey,republican,420,1000
11/02/1948,VA,Pittsylvania,Truman,democrat,470,1000
11/02/1948,VA,Pittsylvania,Dewey,republican,530,1000
11/02/1948,PA,Lackawanna,Truman,democrat,580,1000
11/02/1948,PA,Lackawanna,Dewey,republican,420,1000
11/02/1948,PA,Lancaster,Truman,democrat,420,1000
11/02/1948,PA,Lancaster,Dewey,republican,580,1000
11/02/1948,MO,Jefferson,Truman,democrat,580,1000
11/02/1948,MO,Jefferson,Dewey,republican,420,1000
11/02/1948,MO,Washington,Truman,democrat,580,1000
11/02/1948,MO,Washington,Dewey,republican,420,1000
11/02/1948,PA,Lehigh,Truman,democrat,580,1000
11/02/1948,PA,Lehigh,Dewey,republican,420,1000
11/02/1948,KY,Letcher,Truman,democrat,580,1000
11/02/1948,KY,Letcher,Dewey,republican,420,1000
11/02/1948,MI,Jackson,Truman,democrat,580,1000
11/02/1948,MI,Jackson,Dewey,republican,420,1000
11/02/1948,KY,Lyon,Truman,democrat,580,1000
11/02/1948,KY,Lyon,Dewey,republican,420,1000
11/02/1948,MN,Chippewa,Truman,democrat,580,1000
11/02/1948,MN,Chippewa,Dewey,republican,420,1000
11/02/1948,KY,McCracken,Truman,democrat,580,1000
11/02/1948,KY,McCracken,Dewey,republican,420,1000
11/02/1948,UT,Davis,Truman,democrat,510,1000
11/02/1948,UT,Davis,Dewey,republican,490,1000
11/02/1948,VA,Albemarle,Truman,democrat,530,1000
11/02/1948,VA,Albemarle,Dewey,republican,470,1000
11/02/1948,MT,Gallatin,Truman,democrat,530,1000
11/02/1948,MT,Gallatin,Dewey,republican,470,1000
11/02/1948,WI,Marinette,Truman,democrat,530,1000
11/02/1948,WI,Marinette,Dewey,republican,470,1000
11/02/1948,MT,Big_Horn,Truman,democrat,580,1000
11/02/1948,MT,Big_Horn,Dewey,republican,420,1000
11/02/1948,CA,Amador,Truman,democrat,530,1000
11/02/1948,CA,Amador,Dewey,republican,470,1000
11/02/1948,TX,Cherokee,Truman,democrat,470,1000
11/02/1948,TX,Cherokee,Dewey,republican,530,1000
11/02/1948,MO,McDonald,Truman,democrat,580,1000
11/02/1948,MO,McDonald,Dewey,republican,420,1000
11/02/1948,PA,Mifflin,Truman,democrat,580,1000
11/02/1948,PA,Mifflin,Dewey,republican,420,1000
11/02/1948,LA,Washington,Truman,democrat,580,1000
11/02/1948,LA,Washington,Dewey,republican,420,1000
11/02/1948,ND,Williams,Truman,democrat,420,1000
11/02/1948,ND,Williams,Dewey,republican,580,1000
11/02/1948,NC,Cumberland,Truman,democrat,580,1000
11/02/1948,NC,Cumberland,Dewey,republican,420,1000
11/02/1948,KY,Marshall,Truman,democrat,580,1000
11/02/1948,KY,Marshall,Dewey,republican,420,1000
11/02/1948,MI,Kent,Truman,democrat,580,1000
11/02/1948,MI,Kent,Dewey,republican,420,1000
11/02/1948,MI,Keweenaw,Truman,democrat,580,1000
11/02/1948,MI,Keweenaw,Dewey,republican,420,1000
11/02/1948,MN,Houston,Truman,democrat,580,1000
11/02/1948,MN,Houston,Dewey,republican,420,1000
11/02/1948,SC,Horry,Truman,democrat,470,1000
11/02/1948,SC,Horry,Dewey,republican,530,1000
11/02/1948,MT,Jefferson,Truman,democrat,470,1000
11/02/1948,MT,Jefferson,Dewey,republican,530,1000
11/02/1948,TN,Sevier,Truman,democrat,470,1000
11/02/1948,TN,Sevier,Dewey,republican,530,1000
11/02/1948,LA,Bossier,Truman,democrat,580,1000
11/02/1948,LA,Bossier,Dewey,republican,420,1000
11/02/1948,NM,Catron,Truman,democrat,470,1000
11/02/1948,NM,Catron,Dewey,republican,530,1000
11/02/1948,KY,Fulton,Truman,democrat,580,1000
11/02/1948,KY,Fulton,Dewey,republican,420,1000
11/02/1948,NM,San_Juan,Truman,democrat,470,1000
11/02/1948,NM,San_Juan,Dewey,republican,530,1000
11/02/1948,MD,Caroline,Truman,democrat,470,1000
11/02/1948,MD,Caroline,Dewey,republican,530,1000
11/02/1948,MO,Marion,Truman,democrat,580,1000
11/02/1948,MO,Marion,Dewey,republican,420,1000
11/02/1948,TN,McMinn,Truman,democrat,497,1000
11/02/1948,TN,McMinn,Dewey,republican,503,1000
11/02/1948,VA,Prince_George,Truman,democrat,580,1000
11/02/1948,VA,Prince_George,Dewey,republican,420,1000
11/02/1948,LA,Lafayette,Truman,democrat,580,1000
11/02/1948,LA,Lafayette,Dewey,republican,420,1000
11/02/1948,PA,Northampton,Truman,democrat,580,1000
11/02/1948,PA,Northampton,Dewey,republican,420,1000
11/02/1948,UT,Salt_Lake,Truman,democrat,530,1000
11/02/1948,UT,Salt_Lake,Dewey,republican,470,1000
11/02/1948,MI,Mason,Truman,democrat,580,1000
11/02/1948,MI,Mason,Dewey,republican,420,1000
11/02/1948,WV,Roane,Truman,democrat,580,1000
11/02/1948,WV,Roane,Dewey,republican,420,1000
11/02/1948,WV,Summers,Truman,democrat,580,1000
11/02/1948,WV,Summers,Dewey,republican,420,1000
11/02/1948,NC,Wilkes,Truman,democrat,470,1000
11/02/1948,NC,Wilkes,Dewey,republican,530,1000
11/02/1948,WI,Dodge,Truman,democrat,510,1000
11/02/1948,WI,Dodge,Dewey,republican,490,1000
11/02/1948,TX,Tarrant,Truman,democrat,497,1000
11/02/1948,TX,Tarrant,Dewey,republican,503,1000
11/02/1948,MT,Meagher,Truman,democrat,420,1000
11/02/1948,MT,Meagher,Dewey,republican,580,1000
11/02/1948,AR,Miller,Truman,democrat,580,1000
11/02/1948,AR,Miller,Dewey,republican,420,1000
11/02/1948,TN,Washington,Truman,democrat,420,1000
11/02/1948,TN,Washington,Dewey,republican,580,1000
11/02/1948,ID,Payette,Truman,democrat,420,1000
11/02/1948,ID,Payette,Dewey,republican,580,1000
11/02/1948,IL,Macon,Truman,democrat,580,1000
11/02/1948,IL,Macon,Dewey,republican,420,1000
11/02/1948,LA,Red_River,Truman,democrat,580,1000
11/02/1948,LA,Red_River,Dewey,republican,420,1000
11/02/1948,NC,Edgecombe,Truman,democrat,580,1000
11/02/1948,NC,Edgecombe,Dewey,republican,420,1000
11/02/1948,MD,Cecil,Truman,democrat,510,1000
11/02/1948,MD,Cecil,Dewey,republican,490,1000
11/02/1948,IL,Madison,Truman,democrat,580,1000
11/02/1948,IL,Madison,Dewey,republican,420,1000
11/02/1948,LA,Union,Truman,democrat,530,1000
11/02/1948,LA,Union,Dewey,republican,470,1000
11/02/1948,NC,Yancey,Truman,democrat,490,1000
11/02/1948,NC,Yancey,Dewey,republican,510,1000
11/02/1948,NY,Bronx,Truman,democrat,580,1000
11/02/1948,NY,Bronx,Dewey,republican,420,1000
11/02/1948,ME,Washington,Truman,democrat,580,1000
11/02/1948,ME,Washington,Dewey,republican,420,1000
11/02/1948,TX,Briscoe,Truman,democrat,580,1000
11/02/1948,TX,Briscoe,Dewey,republican,420,1000
11/02/1948,WI,Green_Lake,Truman,democrat,580,1000
11/02/1948,WI,Green_Lake,Dewey,republican,420,1000
11/02/1948,MN,Dodge,Truman,democrat,580,1000
11/02/1948,MN,Dodge,Dewey,republican,420,1000
11/02/1948,MI,Muskegon,Truman,democrat,580,1000
11/02/1948,MI,Muskegon,Dewey,republican,420,1000
11/02/1948,KY,Owsley,Truman,democrat,490,1000
11/02/1948,KY,Owsley,Dewey,republican,510,1000
11/02/1948,MI,Oceana,Truman,democrat,580,1000
11/02/1948,MI,Oceana,Dewey,republican,420,1000
11/02/1948,NC,Moore,Truman,democrat,580,1000
11/02/1948,NC,Moore,Dewey,republican,420,1000
11/02/1948,TN,Sumner,Truman,democrat,580,1000
11/02/1948,TN,Sumner,Dewey,republican,420,1000
11/02/1948,KY,Todd,Truman,democrat,470,1000
11/02/1948,KY,Todd,Dewey,republican,530,1000
11/02/1948,KY,Trigg,Truman,democrat,580,1000
11/02/1948,KY,Trigg,Dewey,republican,420,1000
11/02/1948,TN,Wayne,Truman,democrat,530,1000
11/02/1948,TN,Wayne,Dewey,republican,470,1000
11/02/1948,TN,Weakley,Truman,democrat,580,1000
11/02/1948,TN,Weakley,Dewey,republican,420,1000
11/02/1948,TX,Brooks,Truman,democrat,580,1000
11/02/1948,TX,Brooks,Dewey,republican,420,1000
11/02/1948,TN,Williamson,Truman,democrat,510,1000
11/02/1948,TN,Williamson,Dewey,republican,490,1000
11/02/1948,WY,Johnson,Truman,democrat,470,1000
11/02/1948,WY,Johnson,Dewey,republican,530,1000
11/02/1948,WI,Polk,Truman,democrat,580,1000
11/02/1948,WI,Polk,Dewey,republican,420,1000
11/02/1948,TN,Meigs,Truman,democrat,580,1000
11/02/1948,TN,Meigs,Dewey,republican,420,1000
11/02/1948,IL,Massac,Truman,democrat,580,1000
11/02/1948,IL,Massac,Dewey,republican,420,1000
11/02/1948,MD,Dorchester,Truman,democrat,580,1000
11/02/1948,MD,Dorchester,Dewey,republican,420,1000
11/02/1948,CA,Santa_Clara,Truman,democrat,580,1000
11/02/1948,CA,Santa_Clara,Dewey,republican,420,1000
11/02/1948,NY,Clinton,Truman,democrat,580,1000
11/02/1948,NY,Clinton,Dewey,republican,420,1000
11/02/1948,PA,Dauphin,Truman,democrat,530,1000
11/02/1948,PA,Dauphin,Dewey,republican,470,1000
11/02/1948,MT,Granite,Truman,democrat,530,1000
11/02/1948,MT,Granite,Dewey,republican,470,1000
11/02/1948,MI,Van_Buren,Truman,democrat,580,1000
11/02/1948,MI,Van_Buren,Dewey,republican,420,1000
11/02/1948,IL,Edgar,Truman,democrat,510,1000
11/02/1948,IL,Edgar,Dewey,republican,490,1000
11/02/1948,IL,Hancock,Truman,democrat,580,1000
11/02/1948,IL,Hancock,Dewey,republican,420,1000
11/02/1948,MN,Big_Stone,Truman,democrat,580,1000
11/02/1948,MN,Big_Stone,Dewey,republican,420,1000
11/02/1948,CA,Calaveras,Truman,democrat,530,1000
11/02/1948,CA,Calaveras,Dewey,republican,470,1000
11/02/1948,SC,Orangeburg,Truman,democrat,580,1000
11/02/1948,SC,Orangeburg,Dewey,republican,420,1000
11/02/1948,WY,Teton,Truman,democrat,470,1000
11/02/1948,WY,Teton,Dewey,republican,530,1000
11/02/1948,SC,Pickens,Truman,democrat,420,1000
11/02/1948,SC,Pickens,Dewey,republican,580,1000
11/02/1948,NC,Pitt,Truman,democrat,580,1000
11/02/1948,NC,Pitt,Dewey,republican,420,1000
11/02/1948,TN,Overton,Truman,democrat,580,1000
11/02/1948,TN,Overton,Dewey,republican,420,1000
11/02/1948,MD,Talbot,Truman,democrat,530,1000
11/02/1948,MD,Talbot,Dewey,republican,470,1000
11/02/1948,TN,Polk,Truman,democrat,420,1000
11/02/1948,TN,Polk,Dewey,republican,580,1000
11/02/1948,NC,Rowan,Truman,democrat,420,1000
11/02/1948,NC,Rowan,Dewey,republican,580,1000
11/02/1948,KY,Anderson,Truman,democrat,470,1000
11/02/1948,KY,Anderson,Dewey,republican,530,1000
11/02/1948,NM,Dona_Ana,Truman,democrat,580,1000
11/02/1948,NM,Dona_Ana,Dewey,republican,420,1000
11/02/1948,NJ,Mercer,Truman,democrat,580,1000
11/02/1948,NJ,Mercer,Dewey,republican,420,1000
11/02/1948,ND,McIntosh,Truman,democrat,497,1000
11/02/1948,ND,McIntosh,Dewey,republican,503,1000
11/02/1948,NM,Grant,Truman,democrat,580,1000
11/02/1948,NM,Grant,Dewey,republican,420,1000
11/02/1948,KY,Bell,Truman,democrat,510,1000
11/02/1948,KY,Bell,Dewey,republican,490,1000
11/02/1948,NC,Davidson,Truman,democrat,470,1000
11/02/1948,NC,Davidson,Dewey,republican,530,1000
11/02/1948,ME,Cumberland,Truman,democrat,580,1000
11/02/1948,ME,Cumberland,Dewey,republican,420,1000
11/02/1948,MN,Brown,Truman,democrat,580,1000
11/02/1948,MN,Brown,Dewey,republican,420,1000
11/02/1948,SC,Richland,Truman,democrat,530,1000
11/02/1948,SC,Richland,Dewey,republican,470,1000
11/02/1948,VA,Fluvanna,Truman,democrat,530,1000
11/02/1948,VA,Fluvanna,Dewey,republican,470,1000
11/02/1948,SC,Union,Truman,democrat,420,1000
11/02/1948,SC,Union,Dewey,republican,580,1000
11/02/1948,WY,Sheridan,Truman,democrat,490,1000
11/02/1948,WY,Sheridan,Dewey,republican,510,1000
11/02/1948,VA,Henry,Truman,democrat,470,1000
11/02/1948,VA,Henry,Dewey,republican,530,1000
11/02/1948,KY,Boone,Truman,democrat,470,1000
11/02/1948,KY,Boone,Dewey,republican,530,1000
11/02/1948,MS,Lee,Truman,democrat,490,1000
11/02/1948,MS,Lee,Dewey,republican,510,1000
11/02/1948,IN,Wayne,Truman,democrat,510,1000
11/02/1948,IN,Wayne,Dewey,republican,490,1000
11/02/1948,IL,Lawrence,Truman,democrat,530,1000
11/02/1948,IL,Lawrence,Dewey,republican,470,1000
11/02/1948,LA,Vernon,Truman,democrat,580,1000
11/02/1948,LA,Vernon,Dewey,republican,420,1000
11/02/1948,NE,Lincoln,Truman,democrat,580,1000
11/02/1948,NE,Lincoln,Dewey,republican,420,1000
11/02/1948,MI,Charlevoix,Truman,democrat,580,1000
11/02/1948,MI,Charlevoix,Dewey,republican,420,1000
11/02/1948,WI,Lafayette,Truman,democrat,580,1000
11/02/1948,WI,Lafayette,Dewey,republican,420,1000
11/02/1948,NY,Kings,Truman,democrat,580,1000
11/02/1948,NY,Kings,Dewey,republican,420,1000
11/02/1948,VA,Scott,Truman,democrat,510,1000
11/02/1948,VA,Scott,Dewey,republican,490,1000
11/02/1948,OH,Henry,Truman,democrat,530,1000
11/02/1948,OH,Henry,Dewey,republican,470,1000
11/02/1948,KY,Boyd,Truman,democrat,530,1000
11/02/1948,KY,Boyd,Dewey,republican,470,1000
11/02/1948,OK,Garfield,Truman,democrat,470,1000
11/02/1948,OK,Garfield,Dewey,republican,530,1000
11/02/1948,OK,Kingfisher,Truman,democrat,470,1000
11/02/1948,OK,Kingfisher,Dewey,republican,530,1000
11/02/1948,OK,Noble,Truman,democrat,470,1000
11/02/1948,OK,Noble,Dewey,republican,530,1000
11/02/1948,KY,Breckinridge,Truman,democrat,530,1000
11/02/1948,KY,Breckinridge,Dewey,republican,470,1000
11/02/1948,OR,Morrow,Truman,democrat,510,1000
11/02/1948,OR,Morrow,Dewey,republican,490,1000
11/02/1948,PA,Blair,Truman,democrat,580,1000
11/02/1948,PA,Blair,Dewey,republican,420,1000
11/02/1948,WA,Asotin,Truman,democrat,530,1000
11/02/1948,WA,Asotin,Dewey,republican,470,1000
11/02/1948,OR,Washington,Truman,democrat,580,1000
11/02/1948,OR,Washington,Dewey,republican,420,1000
11/02/1948,WI,Waukesha,Truman,democrat,470,1000
11/02/1948,WI,Waukesha,Dewey,republican,530,1000
11/02/1948,SC,Williamsburg,Truman,democrat,580,1000
11/02/1948,SC,Williamsburg,Dewey,republican,420,1000
11/02/1948,MO,Butler,Truman,democrat,580,1000
11/02/1948,MO,Butler,Dewey,republican,420,1000
11/02/1948,ID,Bonner,Truman,democrat,510,1000
11/02/1948,ID,Bonner,Dewey,republican,490,1000
11/02/1948,IL,Alexander,Truman,democrat,580,1000
11/02/1948,IL,Alexander,Dewey,republican,420,1000
11/02/1948,IN,Gibson,Truman,democrat,580,1000
11/02/1948,IN,Gibson,Dewey,republican,420,1000
11/02/1948,OK,Texas,Truman,democrat,490,1000
11/02/1948,OK,Texas,Dewey,republican,510,1000
11/02/1948,MO,New_Madrid,Truman,democrat,580,1000
11/02/1948,MO,New_Madrid,Dewey,republican,420,1000
11/02/1948,NC,Buncombe,Truman,democrat,580,1000
11/02/1948,NC,Buncombe,Dewey,republican,420,1000
11/02/1948,TX,Fannin,Truman,democrat,503,1000
11/02/1948,TX,Fannin,Dewey,republican,497,1000
11/02/1948,SD,Lincoln,Truman,democrat,580,1000
11/02/1948,SD,Lincoln,Dewey,republican,420,1000
11/02/1948,TN,Obion,Truman,democrat,580,1000
11/02/1948,TN,Obion,Dewey,republican,420,1000
11/02/1948,KY,Ballard,Truman,democrat,580,1000
11/02/1948,KY,Ballard,Dewey,republican,420,1000
11/02/1948,TX,Burnet,Truman,democrat,510,1000
11/02/1948,TX,Burnet,Dewey,republican,490,1000
11/02/1948,OR,Lane,Truman,democrat,580,1000
11/02/1948,OR,Lane,Dewey,republican,420,1000
11/02/1948,MA,Hampden,Truman,democrat,580,1000
11/02/1948,MA,Hampden,Dewey,republican,420,1000
11/02/1948,MO,Carroll,Truman,democrat,503,1000
11/02/1948,MO,Carroll,Dewey,republican,497,1000
11/02/1948,VA,Mecklenburg,Truman,democrat,510,1000
11/02/1948,VA,Mecklenburg,Dewey,republican,490,1000
11/02/1948,WI,Kewaunee,Truman,democrat,580,1000
11/02/1948,WI,Kewaunee,Dewey,republican,420,1000
11/02/1948,TN,Coffee,Truman,democrat,580,1000
11/02/1948,TN,Coffee,Dewey,republican,420,1000
11/02/1948,IA,Jasper,Truman,democrat,580,1000
11/02/1948,IA,Jasper,Dewey,republican,420,1000
11/02/1948,ID,Camas,Truman,democrat,490,1000
11/02/1948,ID,Camas,Dewey,republican,510,1000
11/02/1948,WI,Winnebago,Truman,democrat,580,1000
11/02/1948,WI,Winnebago,Dewey,republican,420,1000
11/02/1948,IN,Warren,Truman,democrat,580,1000
11/02/1948,IN,Warren,Dewey,republican,420,1000
11/02/1948,LA,Beauregard,Truman,democrat,530,1000
11/02/1948,LA,Beauregard,Dewey,republican,470,1000
11/02/1948,MD,St_Mary_s,Truman,democrat,470,1000
11/02/1948,MD,St_Mary_s,Dewey,republican,530,1000
11/02/1948,MS,Prentiss,Truman,democrat,470,1000
11/02/1948,MS,Prentiss,Dewey,republican,530,1000
11/02/1948,MS,Tallahatchie,Truman,democrat,580,1000
11/02/1948,MS,Tallahatchie,Dewey,republican,420,1000
11/02/1948,NJ,Burlington,Truman,democrat,580,1000
11/02/1948,NJ,Burlington,Dewey,republican,420,1000
11/02/1948,MT,Phillips,Truman,democrat,470,1000
11/02/1948,MT,Phillips,Dewey,republican,530,1000
11/02/1948,VT,Addison,Truman,democrat,580,1000
11/02/1948,VT,Addison,Dewey,republican,420,1000
11/02/1948,VT,Bennington,Truman,democrat,580,1000
11/02/1948,VT,Bennington,Dewey,republican,420,1000
11/02/1948,VA,Norfolk,Truman,democrat,580,1000
11/02/1948,VA,Norfolk,Dewey,republican,420,1000
11/02/1948,NC,Northampton,Truman,democrat,580,1000
11/02/1948,NC,Northampton,Dewey,republican,420,1000
11/02/1948,OR,Tillamook,Truman,democrat,580,1000
11/02/1948,OR,Tillamook,Dewey,republican,420,1000
11/02/1948,MT,Custer,Truman,democrat,530,1000
11/02/1948,MT,Custer,Dewey,republican,470,1000
11/02/1948,MT,Silver_Bow,Truman,democrat,580,1000
11/02/1948,MT,Silver_Bow,Dewey,republican,420,1000
11/02/1948,IL,Cass,Truman,democrat,580,1000
11/02/1948,IL,Cass,Dewey,republican,420,1000
11/02/1948,IA,Calhoun,Truman,democrat,580,1000
11/02/1948,IA,Calhoun,Dewey,republican,420,1000
11/02/1948,KS,Barton,Truman,democrat,420,1000
11/02/1948,KS,Barton,Dewey,republican,580,1000
11/02/1948,KS,Wabaunsee,Truman,democrat,470,1000
11/02/1948,KS,Wabaunsee,Dewey,republican,530,1000
11/02/1948,LA,Acadia,Truman,democrat,580,1000
11/02/1948,LA,Acadia,Dewey,republican,420,1000
11/02/1948,MI,Ingham,Truman,democrat,580,1000
11/02/1948,MI,Ingham,Dewey,republican,420,1000
11/02/1948,GA,Monroe,Truman,democrat,580,1000
11/02/1948,GA,Monroe,Dewey,republican,420,1000
11/02/1948,NY,Orleans,Truman,democrat,530,1000
11/02/1948,NY,Orleans,Dewey,republican,470,1000
11/02/1948,NC,Stanly,Truman,democrat,470,1000
11/02/1948,NC,Stanly,Dewey,republican,530,1000
11/02/1948,NY,Allegany,Truman,democrat,530,1000
11/02/1948,NY,Allegany,Dewey,republican,470,1000
11/02/1948,IL,Vermilion,Truman,democrat,530,1000
11/02/1948,IL,Vermilion,Dewey,republican,470,1000
11/02/1948,IL,Jackson,Truman,democrat,580,1000
11/02/1948,IL,Jackson,Dewey,republican,420,1000
11/02/1948,KY,Meade,Truman,democrat,580,1000
11/02/1948,KY,Meade,Dewey,republican,420,1000
11/02/1948,KY,Oldham,Truman,democrat,420,1000
11/02/1948,KY,Oldham,Dewey,republican,580,1000
11/02/1948,WA,Pacific,Truman,democrat,580,1000
11/02/1948,WA,Pacific,Dewey,republican,420,1000
11/02/1948,WI,Grant,Truman,democrat,580,1000
11/02/1948,WI,Grant,Dewey,republican,420,1000
11/02/1948,AR,Conway,Truman,democrat,580,1000
11/02/1948,AR,Conway,Dewey,republican,420,1000
11/02/1948,IL,Jersey,Truman,democrat,580,1000
11/02/1948,IL,Jersey,Dewey,republican,420,1000
11/02/1948,UT,Kane,Truman,democrat,530,1000
11/02/1948,UT,Kane,Dewey,republican,470,1000
11/02/1948,VA,Wise,Truman,democrat,530,1000
11/02/1948,VA,Wise,Dewey,republican,470,1000
11/02/1948,NM,Colfax,Truman,democrat,580,1000
11/02/1948,NM,Colfax,Dewey,republican,420,1000
11/02/1948,NC,Catawba,Truman,democrat,470,1000
11/02/1948,NC,Catawba,Dewey,republican,530,1000
11/02/1948,OH,Clark,Truman,democrat,580,1000
11/02/1948,OH,Clark,Dewey,republican,420,1000
11/02/1948,NE,Custer,Truman,democrat,580,1000
11/02/1948,NE,Custer,Dewey,republican,420,1000
11/02/1948,PA,Luzerne,Truman,democrat,580,1000
11/02/1948,PA,Luzerne,Dewey,republican,420,1000
11/02/1948,PA,Juniata,Truman,democrat,580,1000
11/02/1948,PA,Juniata,Dewey,republican,420,1000
11/02/1948,PA,Schuylkill,Truman,democrat,580,1000
11/02/1948,PA,Schuylkill,Dewey,republican,420,1000
11/02/1948,TN,Roane,Truman,democrat,510,1000
11/02/1948,TN,Roane,Dewey,republican,490,1000
11/02/1948,KY,Rockcastle,Truman,democrat,420,1000
11/02/1948,KY,Rockcastle,Dewey,republican,580,1000
11/02/1948,MD,Calvert,Truman,democrat,580,1000
11/02/1948,MD,Calvert,Dewey,republican,420,1000
11/02/1948,MD,Carroll,Truman,democrat,420,1000
11/02/1948,MD,Carroll,Dewey,republican,580,1000
11/02/1948,MA,Worcester,Truman,democrat,580,1000
11/02/1948,MA,Worcester,Dewey,republican,420,1000
11/02/1948,KY,Pike,Truman,democrat,580,1000
11/02/1948,KY,Pike,Dewey,republican,420,1000
11/02/1948,LA,DeSoto,Truman,democrat,580,1000
11/02/1948,LA,DeSoto,Dewey,republican,420,1000
11/02/1948,MD,Worcester,Truman,democrat,470,1000
11/02/1948,MD,Worcester,Dewey,republican,530,1000
11/02/1948,MI,Antrim,Truman,democrat,530,1000
11/02/1948,MI,Antrim,Dewey,republican,470,1000
11/02/1948,WV,Berkeley,Truman,democrat,530,1000
11/02/1948,WV,Berkeley,Dewey,republican,470,1000
11/02/1948,AR,Hot_Spring,Truman,democrat,580,1000
11/02/1948,AR,Hot_Spring,Dewey,republican,420,1000
11/02/1948,GA,Paulding,Truman,democrat,470,1000
11/02/1948,GA,Paulding,Dewey,republican,530,1000
11/02/1948,IL,Champaign,Truman,democrat,580,1000
11/02/1948,IL,Champaign,Dewey,republican,420,1000
11/02/1948,IL,Woodford,Truman,democrat,580,1000
11/02/1948,IL,Woodford,Dewey,republican,420,1000
11/02/1948,IL,Macoupin,Truman,democrat,580,1000
11/02/1948,IL,Macoupin,Dewey,republican,420,1000
11/02/1948,IL,Perry,Truman,democrat,580,1000
11/02/1948,IL,Perry,Dewey,republican,420,1000
11/02/1948,IA,Hancock,Truman,democrat,580,1000
11/02/1948,IA,Hancock,Dewey,republican,420,1000
11/02/1948,TN,Sequatchie,Truman,democrat,530,1000
11/02/1948,TN,Sequatchie,Dewey,republican,470,1000
11/02/1948,TX,Liberty,Truman,democrat,503,1000
11/02/1948,TX,Liberty,Dewey,republican,497,1000
11/02/1948,TX,Duval,Truman,democrat,580,1000
11/02/1948,TX,Duval,Dewey,republican,420,1000
11/02/1948,TX,Garza,Truman,democrat,470,1000
11/02/1948,TX,Garza,Dewey,republican,530,1000
11/02/1948,TX,Bee,Truman,democrat,510,1000
11/02/1948,TX,Bee,Dewey,republican,490,1000
11/02/1948,UT,Weber,Truman,democrat,420,1000
11/02/1948,UT,Weber,Dewey,republican,580,1000
11/02/1948,VA,Prince_Edward,Truman,democrat,580,1000
11/02/1948,VA,Prince_Edward,Dewey,republican,420,1000
11/02/1948,WI,Outagamie,Truman,democrat,580,1000
11/02/1948,WI,Outagamie,Dewey,republican,420,1000
11/02/1948,WI,Portage,Truman,democrat,580,1000
11/02/1948,WI,Portage,Dewey,republican,420,1000
11/02/1948,MN,Wilkin,Truman,democrat,580,1000
11/02/1948,MN,Wilkin,Dewey,republican,420,1000
11/02/1948,MS,Simpson,Truman,democrat,530,1000
11/02/1948,MS,Simpson,Dewey,republican,470,1000
11/02/1948,MS,Attala,Truman,democrat,580,1000
11/02/1948,MS,Attala,Dewey,republican,420,1000
11/02/1948,MS,Leake,Truman,democrat,470,1000
11/02/1948,MS,Leake,Dewey,republican,530,1000
11/02/1948,MS,Monroe,Truman,democrat,510,1000
11/02/1948,MS,Monroe,Dewey,republican,490,1000
11/02/1948,MS,Copiah,Truman,democrat,580,1000
11/02/1948,MS,Copiah,Dewey,republican,420,1000
11/02/1948,MN,Cass,Truman,democrat,580,1000
11/02/1948,MN,Cass,Dewey,republican,420,1000
11/02/1948,NE,Cass,Truman,democrat,420,1000
11/02/1948,NE,Cass,Dewey,republican,580,1000
11/02/1948,MN,Carver,Truman,democrat,580,1000
11/02/1948,MN,Carver,Dewey,republican,420,1000
11/02/1948,NC,Union,Truman,democrat,490,1000
11/02/1948,NC,Union,Dewey,republican,510,1000
11/02/1948,KY,Grayson,Truman,democrat,490,1000
11/02/1948,KY,Grayson,Dewey,republican,510,1000
11/02/1948,KY,Fayette,Truman,democrat,470,1000
11/02/1948,KY,Fayette,Dewey,republican,530,1000
11/02/1948,MI,Lapeer,Truman,democrat,470,1000
11/02/1948,MI,Lapeer,Dewey,republican,530,1000
11/02/1948,MO,Audrain,Truman,democrat,580,1000
11/02/1948,MO,Audrain,Dewey,republican,420,1000
11/02/1948,GA,Greene,Truman,democrat,470,1000
11/02/1948,GA,Greene,Dewey,republican,530,1000
11/02/1948,NY,Seneca,Truman,democrat,580,1000
11/02/1948,NY,Seneca,Dewey,republican,420,1000
11/02/1948,NC,Wake,Truman,democrat,580,1000
11/02/1948,NC,Wake,Dewey,republican,420,1000
11/02/1948,OH,Coshocton,Truman,democrat,530,1000
11/02/1948,OH,Coshocton,Dewey,republican,470,1000
11/02/1948,CA,San_Benito,Truman,democrat,580,1000
11/02/1948,CA,San_Benito,Dewey,republican,420,1000
11/02/1948,FL,Marion,Truman,democrat,530,1000
11/02/1948,FL,Marion,Dewey,republican,470,1000
11/02/1948,GA,Gilmer,Truman,democrat,530,1000
11/02/1948,GA,Gilmer,Dewey,republican,470,1000
11/02/1948,ID,Lewis,Truman,democrat,580,1000
11/02/1948,ID,Lewis,Dewey,republican,420,1000
11/02/1948,IL,Lee,Truman,democrat,580,1000
11/02/1948,IL,Lee,Dewey,republican,420,1000
11/02/1948,IL,Clark,Truman,democrat,530,1000
11/02/1948,IL,Clark,Dewey,republican,470,1000
11/02/1948,NJ,Camden,Truman,democrat,580,1000
11/02/1948,NJ,Camden,Dewey,republican,420,1000
11/02/1948,NC,Haywood,Truman,democrat,490,1000
11/02/1948,NC,Haywood,Dewey,republican,510,1000
11/02/1948,PA,Philadelphia,Truman,democrat,580,1000
11/02/1948,PA,Philadelphia,Dewey,republican,420,1000
11/02/1948,NV,Lander,Truman,democrat,510,1000
11/02/1948,NV,Lander,Dewey,republican,490,1000
11/02/1948,OK,Choctaw,Truman,democrat,580,1000
11/02/1948,OK,Choctaw,Dewey,republican,420,1000
11/02/1948,PA,Tioga,Truman,democrat,580,1000
11/02/1948,PA,Tioga,Dewey,republican,420,1000
11/02/1948,NM,Cibola,Truman,democrat,580,1000
11/02/1948,NM,Cibola,Dewey,republican,420,1000
11/02/1948,VA,Poquoson,Truman,democrat,470,1000
11/02/1948,VA,Poquoson,Dewey,republican,530,1000
11/02/1948,OK,Payne,Truman,democrat,470,1000
11/02/1948,OK,Payne,Dewey,republican,530,1000
11/02/1948,PA,Cumberland,Truman,democrat,580,1000
11/02/1948,PA,Cumberland,Dewey,republican,420,1000
11/02/1948,PA,Cambria,Truman,democrat,530,1000
11/02/1948,PA,Cambria,Dewey,republican,470,1000
11/02/1948,TN,Carroll,Truman,democrat,490,1000
11/02/1948,TN,Carroll,Dewey,republican,510,1000
11/02/1948,TX,Bastrop,Truman,democrat,420,1000
11/02/1948,TX,Bastrop,Dewey,republican,580,1000
11/02/1948,TX,Mitchell,Truman,democrat,420,1000
11/02/1948,TX,Mitchell,Dewey,republican,580,1000
11/02/1948,TX,Anderson,Truman,democrat,490,1000
11/02/1948,TX,Anderson,Dewey,republican,510,1000
11/02/1948,VA,Manassas,Truman,democrat,580,1000
11/02/1948,VA,Manassas,Dewey,republican,420,1000
11/02/1948,IN,Pike,Truman,democrat,580,1000
11/02/1948,IN,Pike,Dewey,republican,420,1000
11/02/1948,CO,Gilpin,Truman,democrat,530,1000
11/02/1948,CO,Gilpin,Dewey,republican,470,1000
11/02/1948,KY,Taylor,Truman,democrat,503,1000
11/02/1948,KY,Taylor,Dewey,republican,497,1000
11/02/1948,KY,Hart,Truman,democrat,490,1000
11/02/1948,KY,Hart,Dewey,republican,510,1000
11/02/1948,LA,Evangeline,Truman,democrat,580,1000
11/02/1948,LA,Evangeline,Dewey,republican,420,1000
11/02/1948,LA,Jefferson_Davis,Truman,democrat,580,1000
11/02/1948,LA,Jefferson_Davis,Dewey,republican,420,1000
11/02/1948,GA,Putnam,Truman,democrat,530,1000
11/02/1948,GA,Putnam,Dewey,republican,470,1000
11/02/1948,GA,Banks,Truman,democrat,470,1000
11/02/1948,GA,Banks,Dewey,republican,530,1000
11/02/1948,MT,Yellowstone,Truman,democrat,530,1000
11/02/1948,MT,Yellowstone,Dewey,republican,470,1000
11/02/1948,MO,Dunklin,Truman,democrat,580,1000
11/02/1948,MO,Dunklin,Dewey,republican,420,1000
11/02/1948,TX,Bowie,Truman,democrat,580,1000
11/02/1948,TX,Bowie,Dewey,republican,420,1000
11/02/1948,VA,Bristol,Truman,democrat,580,1000
11/02/1948,VA,Bristol,Dewey,republican,420,1000
11/02/1948,WV,Brooke,Truman,democrat,580,1000
11/02/1948,WV,Brooke,Dewey,republican,420,1000
11/02/1948,CA,Kern,Truman,democrat,470,1000
11/02/1948,CA,Kern,Dewey,republican,530,1000
11/02/1948,CO,Clear_Creek,Truman,democrat,530,1000
11/02/1948,CO,Clear_Creek,Dewey,republican,470,1000
11/02/1948,GA,Jackson,Truman,democrat,530,1000
11/02/1948,GA,Jackson,Dewey,republican,470,1000
11/02/1948,GA,Gordon,Truman,democrat,470,1000
11/02/1948,GA,Gordon,Dewey,republican,530,1000
11/02/1948,IL,Logan,Truman,democrat,580,1000
11/02/1948,IL,Logan,Dewey,republican,420,1000
11/02/1948,IN,Jennings,Truman,democrat,580,1000
11/02/1948,IN,Jennings,Dewey,republican,420,1000
11/02/1948,VA,Shenandoah,Truman,democrat,490,1000
11/02/1948,VA,Shenandoah,Dewey,republican,510,1000
11/02/1948,WI,Fond_du_Lac,Truman,democrat,510,1000
11/02/1948,WI,Fond_du_Lac,Dewey,republican,490,1000
11/02/1948,GA,Treutlen,Truman,democrat,490,1000
11/02/1948,GA,Treutlen,Dewey,republican,510,1000
11/02/1948,NC,Wilson,Truman,democrat,580,1000
11/02/1948,NC,Wilson,Dewey,republican,420,1000
11/02/1948,OH,Butler,Truman,democrat,420,1000
11/02/1948,OH,Butler,Dewey,republican,580,1000
11/02/1948,OH,Marion,Truman,democrat,490,1000
11/02/1948,OH,Marion,Dewey,republican,510,1000
11/02/1948,NE,Nance,Truman,democrat,470,1000
11/02/1948,NE,Nance,Dewey,republican,530,1000
11/02/1948,PA,Westmoreland,Truman,democrat,580,1000
11/02/1948,PA,Westmoreland,Dewey,republican,420,1000
11/02/1948,AL,Etowah,Truman,democrat,497,1000
11/02/1948,AL,Etowah,Dewey,republican,503,1000
11/02/1948,WY,Laramie,Truman,democrat,497,1000
11/02/1948,WY,Laramie,Dewey,republican,503,1000
11/02/1948,AL,Blount,Truman,democrat,530,1000
11/02/1948,AL,Blount,Dewey,republican,470,1000
11/02/1948,AR,Montgomery,Truman,democrat,580,1000
11/02/1948,AR,Montgomery,Dewey,republican,420,1000
11/02/1948,CO,Lake,Truman,democrat,530,1000
11/02/1948,CO,Lake,Dewey,republican,470,1000
11/02/1948,IL,Mercer,Truman,democrat,580,1000
11/02/1948,IL,Mercer,Dewey,republican,420,1000
11/02/1948,IA,Palo_Alto,Truman,democrat,580,1000
11/02/1948,IA,Palo_Alto,Dewey,republican,420,1000
11/02/1948,IA,Fayette,Truman,democrat,580,1000
11/02/1948,IA,Fayette,Dewey,republican,420,1000
11/02/1948,IN,Johnson,Truman,democrat,420,1000
11/02/1948,IN,Johnson,Dewey,republican,580,1000
11/02/1948,KY,Carter,Truman,democrat,580,1000
11/02/1948,KY,Carter,Dewey,republican,420,1000
11/02/1948,KY,Casey,Truman,democrat,420,1000
11/02/1948,KY,Casey,Dewey,republican,580,1000
11/02/1948,LA,East_Baton_Rouge,Truman,democrat,580,1000
11/02/1948,LA,East_Baton_Rouge,Dewey,republican,420,1000
11/02/1948,MO,Madison,Truman,democrat,580,1000
11/02/1948,MO,Madison,Dewey,republican,420,1000
11/02/1948,GA,Dooly,Truman,democrat,580,1000
11/02/1948,GA,Dooly,Dewey,republican,420,1000
11/02/1948,MO,Gasconade,Truman,democrat,580,1000
11/02/1948,MO,Gasconade,Dewey,republican,420,1000
11/02/1948,MO,Wayne,Truman,democrat,580,1000
11/02/1948,MO,Wayne,Dewey,republican,420,1000
11/02/1948,SD,Jones,Truman,democrat,470,1000
11/02/1948,SD,Jones,Dewey,republican,530,1000
11/02/1948,TX,Hudspeth,Truman,democrat,530,1000
11/02/1948,TX,Hudspeth,Dewey,republican,470,1000
11/02/1948,TX,Edwards,Truman,democrat,530,1000
11/02/1948,TX,Edwards,Dewey,republican,470,1000
11/02/1948,TX,Floyd,Truman,democrat,420,1000
11/02/1948,TX,Floyd,Dewey,republican,580,1000
11/02/1948,TN,Maury,Truman,democrat,580,1000
11/02/1948,TN,Maury,Dewey,republican,420,1000
11/02/1948,TN,Houston,Truman,democrat,580,1000
11/02/1948,TN,Houston,Dewey,republican,420,1000
11/02/1948,TX,Parker,Truman,democrat,510,1000
11/02/1948,TX,Parker,Dewey,republican,490,1000
11/02/1948,KY,Menifee,Truman,democrat,530,1000
11/02/1948,KY,Menifee,Dewey,republican,470,1000
11/02/1948,TX,Jones,Truman,democrat,510,1000
11/02/1948,TX,Jones,Dewey,republican,490,1000
11/02/1948,UT,Wayne,Truman,democrat,530,1000
11/02/1948,UT,Wayne,Dewey,republican,470,1000
11/02/1948,IA,Keokuk,Truman,democrat,580,1000
11/02/1948,IA,Keokuk,Dewey,republican,420,1000
11/02/1948,KY,Harrison,Truman,democrat,580,1000
11/02/1948,KY,Harrison,Dewey,republican,420,1000
11/02/1948,KY,Woodford,Truman,democrat,510,1000
11/02/1948,KY,Woodford,Dewey,republican,490,1000
11/02/1948,KY,Mercer,Truman,democrat,470,1000
11/02/1948,KY,Mercer,Dewey,republican,530,1000
11/02/1948,MN,Rice,Truman,democrat,580,1000
11/02/1948,MN,Rice,Dewey,republican,420,1000
11/02/1948,NM,Quay,Truman,democrat,530,1000
11/02/1948,NM,Quay,Dewey,republican,470,1000
11/02/1948,NM,Hidalgo,Truman,democrat,580,1000
11/02/1948,NM,Hidalgo,Dewey,republican,420,1000
11/02/1948,NY,Montgomery,Truman,democrat,580,1000
11/02/1948,NY,Montgomery,Dewey,republican,420,1000
11/02/1948,NY,Genesee,Truman,democrat,580,1000
11/02/1948,NY,Genesee,Dewey,republican,420,1000
11/02/1948,ID,Power,Truman,democrat,420,1000
11/02/1948,ID,Power,Dewey,republican,580,1000
11/02/1948,OH,Licking,Truman,democrat,510,1000
11/02/1948,OH,Licking,Dewey,republican,490,1000
11/02/1948,OK,Woods,Truman,democrat,420,1000
11/02/1948,OK,Woods,Dewey,republican,580,1000
11/02/1948,OK,Pontotoc,Truman,democrat,580,1000
11/02/1948,OK,Pontotoc,Dewey,republican,420,1000
11/02/1948,PA,Union,Truman,democrat,530,1000
11/02/1948,PA,Union,Dewey,republican,470,1000
11/02/1948,SC,Lexington,Truman,democrat,420,1000
11/02/1948,SC,Lexington,Dewey,republican,580,1000
11/02/1948,TN,Warren,Truman,democrat,580,1000
11/02/1948,TN,Warren,Dewey,republican,420,1000
11/02/1948,VA,Rappahannock,Truman,democrat,530,1000
11/02/1948,VA,Rappahannock,Dewey,republican,470,1000
11/02/1948,NE,Thomas,Truman,democrat,497,1000
11/02/1948,NE,Thomas,Dewey,republican,503,1000
11/02/1948,TX,Sterling,Truman,democrat,420,1000
11/02/1948,TX,Sterling,Dewey,republican,580,1000
11/02/1948,AL,Cherokee,Truman,democrat,470,1000
11/02/1948,AL,Cherokee,Dewey,republican,530,1000
11/02/1948,AL,Washington,Truman,democrat,470,1000
11/02/1948,AL,Washington,Dewey,republican,530,1000
11/02/1948,CA,Sonoma,Truman,democrat,580,1000
11/02/1948,CA,Sonoma,Dewey,republican,420,1000
11/02/1948,WV,Greenbrier,Truman,democrat,580,1000
11/02/1948,WV,Greenbrier,Dewey,republican,420,1000
11/02/1948,OK,Kiowa,Truman,democrat,580,1000
11/02/1948,OK,Kiowa,Dewey,republican,420,1000
11/02/1948,TN,Van_Buren,Truman,democrat,580,1000
11/02/1948,TN,Van_Buren,Dewey,republican,420,1000
11/02/1948,NC,Madison,Truman,democrat,470,1000
11/02/1948,NC,Madison,Dewey,republican,530,1000
11/02/1948,OH,Logan,Truman,democrat,490,1000
11/02/1948,OH,Logan,Dewey,republican,510,1000
11/02/1948,OH,Richland,Truman,democrat,470,1000
11/02/1948,OH,Richland,Dewey,republican,530,1000
11/02/1948,OK,Canadian,Truman,democrat,510,1000
11/02/1948,OK,Canadian,Dewey,republican,490,1000
11/02/1948,TN,Jefferson,Truman,democrat,420,1000
11/02/1948,TN,Jefferson,Dewey,republican,580,1000
11/02/1948,TN,White,Truman,democrat,580,1000
11/02/1948,TN,White,Dewey,republican,420,1000
11/02/1948,TN,Marshall,Truman,democrat,580,1000
11/02/1948,TN,Marshall,Dewey,republican,420,1000
11/02/1948,TX,Kaufman,Truman,democrat,470,1000
11/02/1948,TX,Kaufman,Dewey,republican,530,1000
11/02/1948,WV,Lincoln,Truman,democrat,580,1000
11/02/1948,WV,Lincoln,Dewey,republican,420,1000
11/02/1948,WI,Vernon,Truman,democrat,580,1000
11/02/1948,WI,Vernon,Dewey,republican,420,1000
11/02/1948,CA,Monterey,Truman,democrat,580,1000
11/02/1948,CA,Monterey,Dewey,republican,420,1000
11/02/1948,FL,Duval,Truman,democrat,530,1000
11/02/1948,FL,Duval,Dewey,republican,470,1000
11/02/1948,VA,Highland,Truman,democrat,580,1000
11/02/1948,VA,Highland,Dewey,republican,420,1000
11/02/1948,NE,Keya_Paha,Truman,democrat,530,1000
11/02/1948,NE,Keya_Paha,Dewey,republican,470,1000
11/02/1948,AL,DeKalb,Truman,democrat,420,1000
11/02/1948,AL,DeKalb,Dewey,republican,580,1000
11/02/1948,AL,Jackson,Truman,democrat,420,1000
11/02/1948,AL,Jackson,Dewey,republican,580,1000
11/02/1948,AZ,Navajo,Truman,democrat,510,1000
11/02/1948,AZ,Navajo,Dewey,republican,490,1000
11/02/1948,OR,Josephine,Truman,democrat,490,1000
11/02/1948,OR,Josephine,Dewey,republican,510,1000
11/02/1948,SC,Marion,Truman,democrat,580,1000
11/02/1948,SC,Marion,Dewey,republican,420,1000
11/02/1948,TN,Stewart,Truman,democrat,580,1000
11/02/1948,TN,Stewart,Dewey,republican,420,1000
11/02/1948,TX,Wood,Truman,democrat,530,1000
11/02/1948,TX,Wood,Dewey,republican,470,1000
11/02/1948,TX,Willacy,Truman,democrat,580,1000
11/02/1948,TX,Willacy,Dewey,republican,420,1000
11/02/1948,SD,Roberts,Truman,democrat,580,1000
11/02/1948,SD,Roberts,Dewey,republican,420,1000
11/02/1948,TN,Clay,Truman,democrat,580,1000
11/02/1948,TN,Clay,Dewey,republican,420,1000
11/02/1948,TX,Sabine,Truman,democrat,580,1000
11/02/1948,TX,Sabine,Dewey,republican,420,1000
11/02/1948,VA,Halifax,Truman,democrat,490,1000
11/02/1948,VA,Halifax,Dewey,republican,510,1000
11/02/1948,GA,McIntosh,Truman,democrat,580,1000
11/02/1948,GA,McIntosh,Dewey,republican,420,1000
11/02/1948,ID,Bear_Lake,Truman,democrat,420,1000
11/02/1948,ID,Bear_Lake,Dewey,republican,580,1000
11/02/1948,IA,Clinton,Truman,democrat,580,1000
11/02/1948,IA,Clinton,Dewey,republican,420,1000
11/02/1948,IA,Page,Truman,democrat,530,1000
11/02/1948,IA,Page,Dewey,republican,470,1000
11/02/1948,KS,Linn,Truman,democrat,580,1000
11/02/1948,KS,Linn,Dewey,republican,420,1000
11/02/1948,KY,Crittenden,Truman,democrat,580,1000
11/02/1948,KY,Crittenden,Dewey,republican,420,1000
11/02/1948,FL,Jefferson,Truman,democrat,510,1000
11/02/1948,FL,Jefferson,Dewey,republican,490,1000
11/02/1948,GA,Brooks,Truman,democrat,530,1000
11/02/1948,GA,Brooks,Dewey,republican,470,1000
11/02/1948,GA,Gwinnett,Truman,democrat,490,1000
11/02/1948,GA,Gwinnett,Dewey,republican,510,1000
11/02/1948,TX,Wharton,Truman,democrat,420,1000
11/02/1948,TX,Wharton,Dewey,republican,580,1000
11/02/1948,VA,Brunswick,Truman,democrat,580,1000
11/02/1948,VA,Brunswick,Dewey,republican,420,1000
11/02/1948,WV,Logan,Truman,democrat,580,1000
11/02/1948,WV,Logan,Dewey,republican,420,1000
11/02/1948,WI,Trempealeau,Truman,democrat,580,1000
11/02/1948,WI,Trempealeau,Dewey,republican,420,1000
11/02/1948,ND,Adams,Truman,democrat,470,1000
11/02/1948,ND,Adams,Dewey,republican,530,1000
11/02/1948,TN,Henderson,Truman,democrat,530,1000
11/02/1948,TN,Henderson,Dewey,republican,470,1000
11/02/1948,VA,New_Kent,Truman,democrat,470,1000
11/02/1948,VA,New_Kent,Dewey,republican,530,1000
11/02/1948,NE,Deuel,Truman,democrat,580,1000
11/02/1948,NE,Deuel,Dewey,republican,420,1000
11/02/1948,AL,Choctaw,Truman,democrat,510,1000
11/02/1948,AL,Choctaw,Dewey,republican,490,1000
11/02/1948,AR,Boone,Truman,democrat,580,1000
11/02/1948,AR,Boone,Dewey,republican,420,1000
11/02/1948,CA,Contra_Costa,Truman,democrat,580,1000
11/02/1948,CA,Contra_Costa,Dewey,republican,420,1000
11/02/1948,LA,Morehouse,Truman,democrat,580,1000
11/02/1948,LA,Morehouse,Dewey,republican,420,1000
11/02/1948,ME,Waldo,Truman,democrat,580,1000
11/02/1948,ME,Waldo,Dewey,republican,420,1000
11/02/1948,MI,Macomb,Truman,democrat,580,1000
11/02/1948,MI,Macomb,Dewey,republican,420,1000
11/02/1948,MT,Mineral,Truman,democrat,580,1000
11/02/1948,MT,Mineral,Dewey,republican,420,1000
11/02/1948,OK,Creek,Truman,democrat,470,1000
11/02/1948,OK,Creek,Dewey,republican,530,1000
11/02/1948,OK,Custer,Truman,democrat,510,1000
11/02/1948,OK,Custer,Dewey,republican,490,1000
11/02/1948,KS,Pratt,Truman,democrat,470,1000
11/02/1948,KS,Pratt,Dewey,republican,530,1000
11/02/1948,SC,Laurens,Truman,democrat,470,1000
11/02/1948,SC,Laurens,Dewey,republican,530,1000
11/02/1948,TN,Cheatham,Truman,democrat,580,1000
11/02/1948,TN,Cheatham,Dewey,republican,420,1000
11/02/1948,TX,Clay,Truman,democrat,470,1000
11/02/1948,TX,Clay,Dewey,republican,530,1000
11/02/1948,VA,King_and_Queen,Truman,democrat,580,1000
11/02/1948,VA,King_and_Queen,Dewey,republican,420,1000
11/02/1948,NE,Harlan,Truman,democrat,420,1000
11/02/1948,NE,Harlan,Dewey,republican,580,1000
11/02/1948,NE,Blaine,Truman,democrat,510,1000
11/02/1948,NE,Blaine,Dewey,republican,490,1000
11/02/1948,AZ,Greenlee,Truman,democrat,580,1000
11/02/1948,AZ,Greenlee,Dewey,republican,420,1000
11/02/1948,CA,Imperial,Truman,democrat,580,1000
11/02/1948,CA,Imperial,Dewey,republican,420,1000
11/02/1948,FL,St_Johns,Truman,democrat,530,1000
11/02/1948,FL,St_Johns,Dewey,republican,470,1000
11/02/1948,GA,Carroll,Truman,democrat,530,1000
11/02/1948,GA,Carroll,Dewey,republican,470,1000
11/02/1948,MS,Adams,Truman,democrat,580,1000
11/02/1948,MS,Adams,Dewey,republican,420,1000
11/02/1948,MN,Scott,Truman,democrat,580,1000
11/02/1948,MN,Scott,Dewey,republican,420,1000
11/02/1948,NE,Douglas,Truman,democrat,530,1000
11/02/1948,NE,Douglas,Dewey,republican,470,1000
11/02/1948,TX,Milam,Truman,democrat,470,1000
11/02/1948,TX,Milam,Dewey,republican,530,1000
11/02/1948,LA,LaSalle,Truman,democrat,490,1000
11/02/1948,LA,LaSalle,Dewey,republican,510,1000
11/02/1948,TX,Young,Truman,democrat,510,1000
11/02/1948,TX,Young,Dewey,republican,490,1000
11/02/1948,VA,Bedford,Truman,democrat,420,1000
11/02/1948,VA,Bedford,Dewey,republican,580,1000
11/02/1948,WV,Harrison,Truman,democrat,530,1000
11/02/1948,WV,Harrison,Dewey,republican,470,1000
11/02/1948,WI,Walworth,Truman,democrat,530,1000
11/02/1948,WI,Walworth,Dewey,republican,470,1000
11/02/1948,WY,Washakie,Truman,democrat,470,1000
11/02/1948,WY,Washakie,Dewey,republican,530,1000
11/02/1948,AR,Mississippi,Truman,democrat,580,1000
11/02/1948,AR,Mississippi,Dewey,republican,420,1000
11/02/1948,AR,Clay,Truman,democrat,580,1000
11/02/1948,AR,Clay,Dewey,republican,420,1000
11/02/1948,CA,Orange,Truman,democrat,470,1000
11/02/1948,CA,Orange,Dewey,republican,530,1000
11/02/1948,IN,Posey,Truman,democrat,580,1000
11/02/1948,IN,Posey,Dewey,republican,420,1000
11/02/1948,IN,Jay,Truman,democrat,490,1000
11/02/1948,IN,Jay,Dewey,republican,510,1000
11/02/1948,IA,Mitchell,Truman,democrat,580,1000
11/02/1948,IA,Mitchell,Dewey,republican,420,1000
11/02/1948,KS,Smith,Truman,democrat,510,1000
11/02/1948,KS,Smith,Dewey,republican,490,1000
11/02/1948,NH,Cheshire,Truman,democrat,580,1000
11/02/1948,NH,Cheshire,Dewey,republican,420,1000
11/02/1948,OH,Erie,Truman,democrat,580,1000
11/02/1948,OH,Erie,Dewey,republican,420,1000
11/02/1948,OR,Columbia,Truman,democrat,580,1000
11/02/1948,OR,Columbia,Dewey,republican,420,1000
11/02/1948,PA,Washington,Truman,democrat,580,1000
11/02/1948,PA,Washington,Dewey,republican,420,1000
11/02/1948,NY,Chenango,Truman,democrat,580,1000
11/02/1948,NY,Chenango,Dewey,republican,420,1000
11/02/1948,PA,Perry,Truman,democrat,580,1000
11/02/1948,PA,Perry,Dewey,republican,420,1000
11/02/1948,SD,Tripp,Truman,democrat,497,1000
11/02/1948,SD,Tripp,Dewey,republican,503,1000
11/02/1948,VA,Charlotte,Truman,democrat,420,1000
11/02/1948,VA,Charlotte,Dewey,republican,580,1000
11/02/1948,NE,Gosper,Truman,democrat,497,1000
11/02/1948,NE,Gosper,Dewey,republican,503,1000
11/02/1948,FL,Miami-Dade,Truman,democrat,580,1000
11/02/1948,FL,Miami-Dade,Dewey,republican,420,1000
11/02/1948,FL,Gulf,Truman,democrat,530,1000
11/02/1948,FL,Gulf,Dewey,republican,470,1000
11/02/1948,FL,Dixie,Truman,democrat,530,1000
11/02/1948,FL,Dixie,Dewey,republican,470,1000
11/02/1948,MA,Essex,Truman,democrat,580,1000
11/02/1948,MA,Essex,Dewey,republican,420,1000
11/02/1948,MI,Alger,Truman,democrat,580,1000
11/02/1948,MI,Alger,Dewey,republican,420,1000
11/02/1948,PA,Bedford,Truman,democrat,580,1000
11/02/1948,PA,Bedford,Dewey,republican,420,1000
11/02/1948,SD,Clay,Truman,democrat,580,1000
11/02/1948,SD,Clay,Dewey,republican,420,1000
11/02/1948,TX,El_Paso,Truman,democrat,580,1000
11/02/1948,TX,El_Paso,Dewey,republican,420,1000
11/02/1948,VA,Hampton,Truman,democrat,530,1000
11/02/1948,VA,Hampton,Dewey,republican,470,1000
11/02/1948,AR,Benton,Truman,democrat,580,1000
11/02/1948,AR,Benton,Dewey,republican,420,1000
11/02/1948,AR,Ashley,Truman,democrat,580,1000
11/02/1948,AR,Ashley,Dewey,republican,420,1000
11/02/1948,CA,Mono,Truman,democrat,530,1000
11/02/1948,CA,Mono,Dewey,republican,470,1000
11/02/1948,CA,Madera,Truman,democrat,503,1000
11/02/1948,CA,Madera,Dewey,republican,497,1000
11/02/1948,GA,Screven,Truman,democrat,530,1000
11/02/1948,GA,Screven,Dewey,republican,470,1000
11/02/1948,GA,Burke,Truman,democrat,580,1000
11/02/1948,GA,Burke,Dewey,republican,420,1000
11/02/1948,IL,McHenry,Truman,democrat,490,1000
11/02/1948,IL,McHenry,Dewey,republican,510,1000
11/02/1948,IA,Kossuth,Truman,democrat,580,1000
11/02/1948,IA,Kossuth,Dewey,republican,420,1000
11/02/1948,MN,Lake,Truman,democrat,580,1000
11/02/1948,MN,Lake,Dewey,republican,420,1000
11/02/1948,MS,Claiborne,Truman,democrat,580,1000
11/02/1948,MS,Claiborne,Dewey,republican,420,1000
11/02/1948,MS,Lamar,Truman,democrat,580,1000
11/02/1948,MS,Lamar,Dewey,republican,420,1000
11/02/1948,NE,Otoe,Truman,democrat,470,1000
11/02/1948,NE,Otoe,Dewey,republican,530,1000
11/02/1948,VA,Westmoreland,Truman,democrat,580,1000
11/02/1948,VA,Westmoreland,Dewey,republican,420,1000
11/02/1948,VA,Prince_William,Truman,democrat,530,1000
11/02/1948,VA,Prince_William,Dewey,republican,470,1000
11/02/1948,AL,Lowndes,Truman,democrat,470,1000
11/02/1948,AL,Lowndes,Dewey,republican,530,1000
11/02/1948,AL,Marshall,Truman,democrat,420,1000
11/02/1948,AL,Marshall,Dewey,republican,580,1000
11/02/1948,AK,Anchorage,Truman,democrat,490,1000
11/02/1948,AK,Anchorage,Dewey,republican,510,1000
11/02/1948,FL,Charlotte,Truman,democrat,580,1000
11/02/1948,FL,Charlotte,Dewey,republican,420,1000
11/02/1948,ID,Kootenai,Truman,democrat,490,1000
11/02/1948,ID,Kootenai,Dewey,republican,510,1000
11/02/1948,IL,Pike,Truman,democrat,580,1000
11/02/1948,IL,Pike,Dewey,republican,420,1000
11/02/1948,IL,Union,Truman,democrat,580,1000
11/02/1948,IL,Union,Dewey,republican,420,1000
11/02/1948,IL,Gallatin,Truman,democrat,580,1000
11/02/1948,IL,Gallatin,Dewey,republican,420,1000
11/02/1948,NC,Craven,Truman,democrat,580,1000
11/02/1948,NC,Craven,Dewey,republican,420,1000
11/02/1948,OH,Trumbull,Truman,democrat,580,1000
11/02/1948,OH,Trumbull,Dewey,republican,420,1000
11/02/1948,PA,Mercer,Truman,democrat,580,1000
11/02/1948,PA,Mercer,Dewey,republican,420,1000
11/02/1948,MT,Deer_Lodge,Truman,democrat,580,1000
11/02/1948,MT,Deer_Lodge,Dewey,republican,420,1000
11/02/1948,NE,Nemaha,Truman,democrat,470,1000
11/02/1948,NE,Nemaha,Dewey,republican,530,1000
11/02/1948,MS,Chickasaw,Truman,democrat,580,1000
11/02/1948,MS,Chickasaw,Dewey,republican,420,1000
11/02/1948,NY,Niagara,Truman,democrat,580,1000
11/02/1948,NY,Niagara,Dewey,republican,420,1000
11/02/1948,NY,Delaware,Truman,democrat,580,1000
11/02/1948,NY,Delaware,Dewey,republican,420,1000
11/02/1948,NC,Mecklenburg,Truman,democrat,580,1000
11/02/1948,NC,Mecklenburg,Dewey,republican,420,1000
11/02/1948,AZ,Pinal,Truman,democrat,530,1000
11/02/1948,AZ,Pinal,Dewey,republican,470,1000
11/02/1948,AR,Lee,Truman,democrat,580,1000
11/02/1948,AR,Lee,Dewey,republican,420,1000
11/02/1948,CO,Douglas,Truman,democrat,580,1000
11/02/1948,CO,Douglas,Dewey,republican,420,1000
11/02/1948,CO,Routt,Truman,democrat,580,1000
11/02/1948,CO,Routt,Dewey,republican,420,1000
11/02/1948,IL,Ogle,Truman,democrat,580,1000
11/02/1948,IL,Ogle,Dewey,republican,420,1000
11/02/1948,IN,Harrison,Truman,democrat,580,1000
11/02/1948,IN,Harrison,Dewey,republican,420,1000
11/02/1948,KY,Jefferson,Truman,democrat,530,1000
11/02/1948,KY,Jefferson,Dewey,republican,470,1000
11/02/1948,LA,Sabine,Truman,democrat,580,1000
11/02/1948,LA,Sabine,Dewey,republican,420,1000
11/02/1948,IA,Carroll,Truman,democrat,580,1000
11/02/1948,IA,Carroll,Dewey,republican,420,1000
11/02/1948,LA,West_Carroll,Truman,democrat,580,1000
11/02/1948,LA,West_Carroll,Dewey,republican,420,1000
11/02/1948,MI,Ottawa,Truman,democrat,420,1000
11/02/1948,MI,Ottawa,Dewey,republican,580,1000
11/02/1948,MI,Alpena,Truman,democrat,580,1000
11/02/1948,MI,Alpena,Dewey,republican,420,1000
11/02/1948,MS,Sharkey,Truman,democrat,580,1000
11/02/1948,MS,Sharkey,Dewey,republican,420,1000
11/02/1948,NY,Erie,Truman,democrat,580,1000
11/02/1948,NY,Erie,Dewey,republican,420,1000
11/02/1948,VA,Dinwiddie,Truman,democrat,580,1000
11/02/1948,VA,Dinwiddie,Dewey,republican,420,1000
11/02/1948,VA,Clarke,Truman,democrat,510,1000
11/02/1948,VA,Clarke,Dewey,republican,490,1000
11/02/1948,NM,Mora,Truman,democrat,580,1000
11/02/1948,NM,Mora,Dewey,republican,420,1000
11/02/1948,MN,Sibley,Truman,democrat,580,1000
11/02/1948,MN,Sibley,Dewey,republican,420,1000
11/02/1948,TN,Grundy,Truman,democrat,580,1000
11/02/1948,TN,Grundy,Dewey,republican,420,1000
11/02/1948,TX,DeWitt,Truman,democrat,580,1000
11/02/1948,TX,DeWitt,Dewey,republican,420,1000
11/02/1948,VA,Northampton,Truman,democrat,580,1000
11/02/1948,VA,Northampton,Dewey,republican,420,1000
11/02/1948,NY,Lewis,Truman,democrat,580,1000
11/02/1948,NY,Lewis,Dewey,republican,420,1000
11/02/1948,CA,Solano,Truman,democrat,580,1000
11/02/1948,CA,Solano,Dewey,republican,420,1000
11/02/1948,NC,Camden,Truman,democrat,580,1000
11/02/1948,NC,Camden,Dewey,republican,420,1000
11/02/1948,NC,Chowan,Truman,democrat,580,1000
11/02/1948,NC,Chowan,Dewey,republican,420,1000
11/02/1948,MN,Traverse,Truman,democrat,580,1000
11/02/1948,MN,Traverse,Dewey,republican,420,1000
11/02/1948,MO,St_Louis_County,Truman,democrat,580,1000
11/02/1948,MO,St_Louis_County,Dewey,republican,420,1000
11/02/1948,MS,Union,Truman,democrat,530,1000
11/02/1948,MS,Union,Dewey,republican,470,1000
11/02/1948,NY,Livingston,Truman,democrat,580,1000
11/02/1948,NY,Livingston,Dewey,republican,420,1000
11/02/1948,OK,Washington,Truman,democrat,420,1000
11/02/1948,OK,Washington,Dewey,republican,580,1000
11/02/1948,NC,Currituck,Truman,democrat,580,1000
11/02/1948,NC,Currituck,Dewey,republican,420,1000
11/02/1948,OK,Le_Flore,Truman,democrat,580,1000
11/02/1948,OK,Le_Flore,Dewey,republican,420,1000
11/02/1948,NE,Knox,Truman,democrat,510,1000
11/02/1948,NE,Knox,Dewey,republican,490,1000
11/02/1948,TX,Zavala,Truman,democrat,580,1000
11/02/1948,TX,Zavala,Dewey,republican,420,1000
11/02/1948,VA,Craig,Truman,democrat,580,1000
11/02/1948,VA,Craig,Dewey,republican,420,1000
11/02/1948,CO,Mineral,Truman,democrat,580,1000
11/02/1948,CO,Mineral,Dewey,republican,420,1000
11/02/1948,TX,Crane,Truman,democrat,530,1000
11/02/1948,TX,Crane,Dewey,republican,470,1000
11/02/1948,TN,Haywood,Truman,democrat,580,1000
11/02/1948,TN,Haywood,Dewey,republican,420,1000
11/02/1948,WV,Preston,Truman,democrat,580,1000
11/02/1948,WV,Preston,Dewey,republican,420,1000
11/02/1948,SD,Haakon,Truman,democrat,470,1000
11/02/1948,SD,Haakon,Dewey,republican,530,1000
11/02/1948,GA,Sumter,Truman,democrat,580,1000
11/02/1948,GA,Sumter,Dewey,republican,420,1000
11/02/1948,CA,Del_Norte,Truman,democrat,530,1000
11/02/1948,CA,Del_Norte,Dewey,republican,470,1000
11/02/1948,NY,Oswego,Truman,democrat,580,1000
11/02/1948,NY,Oswego,Dewey,republican,420,1000
11/02/1948,CA,Yolo,Truman,democrat,580,1000
11/02/1948,CA,Yolo,Dewey,republican,420,1000
11/02/1948,SC,Lancaster,Truman,democrat,580,1000
11/02/1948,SC,Lancaster,Dewey,republican,420,1000
11/02/1948,SD,Harding,Truman,democrat,420,1000
11/02/1948,SD,Harding,Dewey,republican,580,1000
11/02/1948,MO,Franklin,Truman,democrat,580,1000
11/02/1948,MO,Franklin,Dewey,republican,420,1000
11/02/1948,NJ,Union,Truman,democrat,580,1000
11/02/1948,NJ,Union,Dewey,republican,420,1000
11/02/1948,NM,Union,Truman,democrat,530,1000
11/02/1948,NM,Union,Dewey,republican,470,1000
11/02/1948,VT,Caledonia,Truman,democrat,580,1000
11/02/1948,VT,Caledonia,Dewey,republican,420,1000
11/02/1948,WA,Pierce,Truman,democrat,580,1000
11/02/1948,WA,Pierce,Dewey,republican,420,1000
11/02/1948,WI,Rock,Truman,democrat,580,1000
11/02/1948,WI,Rock,Dewey,republican,420,1000
11/02/1948,MI,Allegan,Truman,democrat,490,1000
11/02/1948,MI,Allegan,Dewey,republican,510,1000
11/02/1948,KY,Hancock,Truman,democrat,580,1000
11/02/1948,KY,Hancock,Dewey,republican,420,1000
11/02/1948,ID,Gem,Truman,democrat,510,1000
11/02/1948,ID,Gem,Dewey,republican,490,1000
11/02/1948,NM,McKinley,Truman,democrat,580,1000
11/02/1948,NM,McKinley,Dewey,republican,420,1000
11/02/1948,MD,BaltimoreCounty,Truman,democrat,580,1000
11/02/1948,MD,BaltimoreCounty,Dewey,republican,420,1000
11/02/1948,LA,Jefferson,Truman,democrat,580,1000
11/02/1948,LA,Jefferson,Dewey,republican,420,1000
11/02/1948,NY,Putnam,Truman,democrat,530,1000
11/02/1948,NY,Putnam,Dewey,republican,470,1000
11/02/1948,TX,Llano,Truman,democrat,420,1000
11/02/1948,TX,Llano,Dewey,republican,580,1000
11/02/1948,VA,Newport_News,Truman,democrat,580,1000
11/02/1948,VA,Newport_News,Dewey,republican,420,1000
11/02/1948,NM,Lea,Truman,democrat,420,1000
11/02/1948,NM,Lea,Dewey,republican,580,1000
11/02/1948,NE,Saline,Truman,democrat,510,1000
11/02/1948,NE,Saline,Dewey,republican,490,1000
11/02/1948,WA,Cowlitz,Truman,democrat,580,1000
11/02/1948,WA,Cowlitz,Dewey,republican,420,1000
11/02/1948,WY,Lincoln,Truman,democrat,470,1000
11/02/1948,WY,Lincoln,Dewey,republican,530,1000
11/02/1948,AR,Hempstead,Truman,democrat,580,1000
11/02/1948,AR,Hempstead,Dewey,republican,420,1000
11/02/1948,GA,Clayton,Truman,democrat,530,1000
11/02/1948,GA,Clayton,Dewey,republican,470,1000
11/02/1948,IL,Greene,Truman,democrat,580,1000
11/02/1948,IL,Greene,Dewey,republican,420,1000
11/02/1948,IN,Morgan,Truman,democrat,510,1000
11/02/1948,IN,Morgan,Dewey,republican,490,1000
11/02/1948,AR,Franklin,Truman,democrat,580,1000
11/02/1948,AR,Franklin,Dewey,republican,420,1000
11/02/1948,ID,Canyon,Truman,democrat,490,1000
11/02/1948,ID,Canyon,Dewey,republican,510,1000
11/02/1948,IL,Williamson,Truman,democrat,580,1000
11/02/1948,IL,Williamson,Dewey,republican,420,1000
11/02/1948,IA,Wright,Truman,democrat,580,1000
11/02/1948,IA,Wright,Dewey,republican,420,1000
11/02/1948,IA,Henry,Truman,democrat,580,1000
11/02/1948,IA,Henry,Dewey,republican,420,1000
11/02/1948,CO,Saguache,Truman,democrat,580,1000
11/02/1948,CO,Saguache,Dewey,republican,420,1000
11/02/1948,KY,Henry,Truman,democrat,580,1000
11/02/1948,KY,Henry,Dewey,republican,420,1000
11/02/1948,OH,Brown,Truman,democrat,490,1000
11/02/1948,OH,Brown,Dewey,republican,510,1000
11/02/1948,GA,Ware,Truman,democrat,490,1000
11/02/1948,GA,Ware,Dewey,republican,510,1000
11/02/1948,SC,Florence,Truman,democrat,580,1000
11/02/1948,SC,Florence,Dewey,republican,420,1000
11/02/1948,NC,Brunswick,Truman,democrat,530,1000
11/02/1948,NC,Brunswick,Dewey,republican,470,1000
11/02/1948,SD,Meade,Truman,democrat,490,1000
11/02/1948,SD,Meade,Dewey,republican,510,1000
11/02/1948,NV,Lincoln,Truman,democrat,530,1000
11/02/1948,NV,Lincoln,Dewey,republican,470,1000
11/02/1948,NC,Durham,Truman,democrat,580,1000
11/02/1948,NC,Durham,Dewey,republican,420,1000
11/02/1948,OH,Tuscarawas,Truman,democrat,580,1000
11/02/1948,OH,Tuscarawas,Dewey,republican,420,1000
11/02/1948,OR,Benton,Truman,democrat,580,1000
11/02/1948,OR,Benton,Dewey,republican,420,1000
11/02/1948,PA,Somerset,Truman,democrat,580,1000
11/02/1948,PA,Somerset,Dewey,republican,420,1000
11/02/1948,KS,Pottawatomie,Truman,democrat,510,1000
11/02/1948,KS,Pottawatomie,Dewey,republican,490,1000
11/02/1948,KY,Knott,Truman,democrat,580,1000
11/02/1948,KY,Knott,Dewey,republican,420,1000
11/02/1948,GA,Wilkinson,Truman,democrat,580,1000
11/02/1948,GA,Wilkinson,Dewey,republican,420,1000
11/02/1948,NV,Pershing,Truman,democrat,490,1000
11/02/1948,NV,Pershing,Dewey,republican,510,1000
11/02/1948,NY,Oneida,Truman,democrat,580,1000
11/02/1948,NY,Oneida,Dewey,republican,420,1000
11/02/1948,OK,Comanche,Truman,democrat,580,1000
11/02/1948,OK,Comanche,Dewey,republican,420,1000
11/02/1948,MT,Sheridan,Truman,democrat,580,1000
11/02/1948,MT,Sheridan,Dewey,republican,420,1000
11/02/1948,ME,Franklin,Truman,democrat,530,1000
11/02/1948,ME,Franklin,Dewey,republican,470,1000
11/02/1948,NC,Cabarrus,Truman,democrat,420,1000
11/02/1948,NC,Cabarrus,Dewey,republican,580,1000
11/02/1948,ND,Stark,Truman,democrat,470,1000
11/02/1948,ND,Stark,Dewey,republican,530,1000
11/02/1948,OH,Warren,Truman,democrat,420,1000
11/02/1948,OH,Warren,Dewey,republican,580,1000
11/02/1948,OH,Portage,Truman,democrat,580,1000
11/02/1948,OH,Portage,Dewey,republican,420,1000
11/02/1948,PA,Indiana,Truman,democrat,580,1000
11/02/1948,PA,Indiana,Dewey,republican,420,1000
11/02/1948,FL,Baker,Truman,democrat,470,1000
11/02/1948,FL,Baker,Dewey,republican,530,1000
11/02/1948,GA,Cook,Truman,democrat,490,1000
11/02/1948,GA,Cook,Dewey,republican,510,1000
11/02/1948,MN,Crow_Wing,Truman,democrat,580,1000
11/02/1948,MN,Crow_Wing,Dewey,republican,420,1000
11/02/1948,MT,Rosebud,Truman,democrat,580,1000
11/02/1948,MT,Rosebud,Dewey,republican,420,1000
11/02/1948,MS,Carroll,Truman,democrat,580,1000
11/02/1948,MS,Carroll,Dewey,republican,420,1000
11/02/1948,ND,Benson,Truman,democrat,580,1000
11/02/1948,ND,Benson,Dewey,republican,420,1000
11/02/1948,IN,Delaware,Truman,democrat,580,1000
11/02/1948,IN,Delaware,Dewey,republican,420,1000
11/02/1948,MN,Itasca,Truman,democrat,580,1000
11/02/1948,MN,Itasca,Dewey,republican,420,1000
11/02/1948,TN,Knox,Truman,democrat,530,1000
11/02/1948,TN,Knox,Dewey,republican,470,1000
11/02/1948,TX,Potter,Truman,democrat,470,1000
11/02/1948,TX,Potter,Dewey,republican,530,1000
11/02/1948,VA,Richmond,Truman,democrat,580,1000
11/02/1948,VA,Richmond,Dewey,republican,420,1000
11/02/1948,VA,Charles_City,Truman,democrat,470,1000
11/02/1948,VA,Charles_City,Dewey,republican,530,1000
11/02/1948,ND,Pierce,Truman,democrat,490,1000
11/02/1948,ND,Pierce,Dewey,republican,510,1000
11/02/1948,ND,Golden_Valley,Truman,democrat,470,1000
11/02/1948,ND,Golden_Valley,Dewey,republican,530,1000
11/02/1948,TN,Crockett,Truman,democrat,580,1000
11/02/1948,TN,Crockett,Dewey,republican,420,1000
11/02/1948,MT,Valley,Truman,democrat,490,1000
11/02/1948,MT,Valley,Dewey,republican,510,1000
11/02/1948,VA,Augusta,Truman,democrat,580,1000
11/02/1948,VA,Augusta,Dewey,republican,420,1000
11/02/1948,NE,Kearney,Truman,democrat,470,1000
11/02/1948,NE,Kearney,Dewey,republican,530,1000
11/02/1948,WV,Wood,Truman,democrat,510,1000
11/02/1948,WV,Wood,Dewey,republican,490,1000
11/02/1948,SC,Newberry,Truman,democrat,510,1000
11/02/1948,SC,Newberry,Dewey,republican,490,1000
11/02/1948,LA,Caldwell,Truman,democrat,580,1000
11/02/1948,LA,Caldwell,Dewey,republican,420,1000
11/02/1948,TX,Brazos,Truman,democrat,490,1000
11/02/1948,TX,Brazos,Dewey,republican,510,1000
11/02/1948,WA,Yakima,Truman,democrat,530,1000
11/02/1948,WA,Yakima,Dewey,republican,470,1000
11/02/1948,WI,Jefferson,Truman,democrat,580,1000
11/02/1948,WI,Jefferson,Dewey,republican,420,1000
11/02/1948,TX,Oldham,Truman,democrat,420,1000
11/02/1948,TX,Oldham,Dewey,republican,580,1000
11/02/1948,KS,Wyandotte,Truman,democrat,580,1000
11/02/1948,KS,Wyandotte,Dewey,republican,420,1000
11/02/1948,LA,Terrebonne,Truman,democrat,580,1000
11/02/1948,LA,Terrebonne,Dewey,republican,420,1000
11/02/1948,OK,Sequoyah,Truman,democrat,580,1000
11/02/1948,OK,Sequoyah,Dewey,republican,420,1000
11/02/1948,OR,Klamath,Truman,democrat,470,1000
11/02/1948,OR,Klamath,Dewey,republican,530,1000
11/02/1948,TX,Kenedy,Truman,democrat,580,1000
11/02/1948,TX,Kenedy,Dewey,republican,420,1000
11/02/1948,CA,Alpine,Truman,democrat,580,1000
11/02/1948,CA,Alpine,Dewey,republican,420,1000
11/02/1948,GA,Walker,Truman,democrat,470,1000
11/02/1948,GA,Walker,Dewey,republican,530,1000
11/02/1948,ID,Clearwater,Truman,democrat,580,1000
11/02/1948,ID,Clearwater,Dewey,republican,420,1000
11/02/1948,WV,Hardy,Truman,democrat,470,1000
11/02/1948,WV,Hardy,Dewey,republican,530,1000
11/02/1948,FL,Bradford,Truman,democrat,580,1000
11/02/1948,FL,Bradford,Dewey,republican,420,1000
11/02/1948,WV,Wetzel,Truman,democrat,580,1000
11/02/1948,WV,Wetzel,Dewey,republican,420,1000
11/02/1948,OH,Fulton,Truman,democrat,530,1000
11/02/1948,OH,Fulton,Dewey,republican,470,1000
11/02/1948,TN,Bradley,Truman,democrat,510,1000
11/02/1948,TN,Bradley,Dewey,republican,490,1000
11/02/1948,TX,Newton,Truman,democrat,580,1000
11/02/1948,TX,Newton,Dewey,republican,420,1000
11/02/1948,TN,Bledsoe,Truman,democrat,530,1000
11/02/1948,TN,Bledsoe,Dewey,republican,470,1000
11/02/1948,WV,Tucker,Truman,democrat,420,1000
11/02/1948,WV,Tucker,Dewey,republican,580,1000
11/02/1948,AK,Yakutat,Truman,democrat,530,1000
11/02/1948,AK,Yakutat,Dewey,republican,470,1000
11/02/1948,MI,Gladwin,Truman,democrat,580,1000
11/02/1948,MI,Gladwin,Dewey,republican,420,1000
11/02/1948,NC,Person,Truman,democrat,580,1000
11/02/1948,NC,Person,Dewey,republican,420,1000
11/02/1948,NV,White_Pine,Truman,democrat,580,1000
11/02/1948,NV,White_Pine,Dewey,republican,420,1000
11/02/1948,IN,Adams,Truman,democrat,470,1000
11/02/1948,IN,Adams,Dewey,republican,530,1000
11/02/1948,TN,Cumberland,Truman,democrat,530,1000
11/02/1948,TN,Cumberland,Dewey,republican,470,1000
11/02/1948,NV,Nye,Truman,democrat,580,1000
11/02/1948,NV,Nye,Dewey,republican,420,1000
11/02/1948,KS,Leavenworth,Truman,democrat,530,1000
11/02/1948,KS,Leavenworth,Dewey,republican,470,1000
11/02/1948,IN,Warrick,Truman,democrat,580,1000
11/02/1948,IN,Warrick,Dewey,republican,420,1000
11/02/1948,MI,Iron,Truman,democrat,580,1000
11/02/1948,MI,Iron,Dewey,republican,420,1000
11/02/1948,MS,Lowndes,Truman,democrat,530,1000
11/02/1948,MS,Lowndes,Dewey,republican,470,1000
11/02/1948,MO,St_Louis_City,Truman,democrat,580,1000
11/02/1948,MO,St_Louis_City,Dewey,republican,420,1000
11/02/1948,MN,Meeker,Truman,democrat,580,1000
11/02/1948,MN,Meeker,Dewey,republican,420,1000
11/02/1948,TN,Monroe,Truman,democrat,470,1000
11/02/1948,TN,Monroe,Dewey,republican,530,1000
11/02/1948,MS,Holmes,Truman,democrat,580,1000
11/02/1948,MS,Holmes,Dewey,republican,420,1000
11/02/1948,MS,Oktibbeha,Truman,democrat,580,1000
11/02/1948,MS,Oktibbeha,Dewey,republican,420,1000
11/02/1948,VA,Giles,Truman,democrat,580,1000
11/02/1948,VA,Giles,Dewey,republican,420,1000
11/02/1948,FL,Hillsborough,Truman,democrat,580,1000
11/02/1948,FL,Hillsborough,Dewey,republican,420,1000
11/02/1948,GA,Haralson,Truman,democrat,470,1000
11/02/1948,GA,Haralson,Dewey,republican,530,1000
11/02/1948,KS,Cowley,Truman,democrat,580,1000
11/02/1948,KS,Cowley,Dewey,republican,420,1000
11/02/1948,KY,Henderson,Truman,democrat,530,1000
11/02/1948,KY,Henderson,Dewey,republican,470,1000
11/02/1948,TX,Grayson,Truman,democrat,530,1000
11/02/1948,TX,Grayson,Dewey,republican,470,1000
11/02/1948,AL,Cleburne,Truman,democrat,530,1000
11/02/1948,AL,Cleburne,Dewey,republican,470,1000
11/02/1948,NJ,Ocean,Truman,democrat,580,1000
11/02/1948,NJ,Ocean,Dewey,republican,420,1000
11/02/1948,AL,Autauga,Truman,democrat,490,1000
11/02/1948,AL,Autauga,Dewey,republican,510,1000
11/02/1948,GA,Bibb,Truman,democrat,580,1000
11/02/1948,GA,Bibb,Dewey,republican,420,1000
11/02/1948,NJ,Monmouth,Truman,democrat,580,1000
11/02/1948,NJ,Monmouth,Dewey,republican,420,1000
11/02/1948,NM,Rio_Arriba,Truman,democrat,580,1000
11/02/1948,NM,Rio_Arriba,Dewey,republican,420,1000
11/02/1948,NY,Wayne,Truman,democrat,580,1000
11/02/1948,NY,Wayne,Dewey,republican,420,1000
11/02/1948,OR,Lincoln,Truman,democrat,580,1000
11/02/1948,OR,Lincoln,Dewey,republican,420,1000
11/02/1948,VA,Bath,Truman,democrat,580,1000
11/02/1948,VA,Bath,Dewey,republican,420,1000
11/02/1948,WV,Fayette,Truman,democrat,580,1000
11/02/1948,WV,Fayette,Dewey,republican,420,1000
11/02/1948,WV,Kanawha,Truman,democrat,580,1000
11/02/1948,WV,Kanawha,Dewey,republican,420,1000
11/02/1948,KY,Carroll,Truman,democrat,580,1000
11/02/1948,KY,Carroll,Dewey,republican,420,1000
11/02/1948,MD,Montgomery,Truman,democrat,580,1000
11/02/1948,MD,Montgomery,Dewey,republican,420,1000
11/02/1948,MA,Franklin,Truman,democrat,580,1000
11/02/1948,MA,Franklin,Dewey,republican,420,1000
11/02/1948,MS,DeSoto,Truman,democrat,580,1000
11/02/1948,MS,DeSoto,Dewey,republican,420,1000
11/02/1948,TX,McCulloch,Truman,democrat,470,1000
11/02/1948,TX,McCulloch,Dewey,republican,530,1000
11/02/1948,NV,Esmeralda,Truman,democrat,470,1000
11/02/1948,NV,Esmeralda,Dewey,republican,530,1000
11/02/1948,IN,Carroll,Truman,democrat,510,1000
11/02/1948,IN,Carroll,Dewey,republican,490,1000
11/02/1948,MI,Ogemaw,Truman,democrat,580,1000
11/02/1948,MI,Ogemaw,Dewey,republican,420,1000
11/02/1948,MI,St_Clair,Truman,democrat,580,1000
11/02/1948,MI,St_Clair,Dewey,republican,420,1000
11/02/1948,RI,Providence,Truman,democrat,580,1000
11/02/1948,RI,Providence,Dewey,republican,420,1000
11/02/1948,TN,Montgomery,Truman,democrat,580,1000
11/02/1948,TN,Montgomery,Dewey,republican,420,1000
11/02/1948,TX,Parmer,Truman,democrat,470,1000
11/02/1948,TX,Parmer,Dewey,republican,530,1000
11/02/1948,VA,Accomack,Truman,democrat,530,1000
11/02/1948,VA,Accomack,Dewey,republican,470,1000
11/02/1948,MS,Yalobusha,Truman,democrat,580,1000
11/02/1948,MS,Yalobusha,Dewey,republican,420,1000
11/02/1948,OH,Lucas,Truman,democrat,580,1000
11/02/1948,OH,Lucas,Dewey,republican,420,1000
11/02/1948,AR,Crittenden,Truman,democrat,580,1000
11/02/1948,AR,Crittenden,Dewey,republican,420,1000
11/02/1948,MN,Hennepin,Truman,democrat,580,1000
11/02/1948,MN,Hennepin,Dewey,republican,420,1000
11/02/1948,NE,Richardson,Truman,democrat,470,1000
11/02/1948,NE,Richardson,Dewey,republican,530,1000
11/02/1948,OR,Lake,Truman,democrat,510,1000
11/02/1948,OR,Lake,Dewey,republican,490,1000
11/02/1948,MO,Howell,Truman,democrat,530,1000
11/02/1948,MO,Howell,Dewey,republican,470,1000
11/02/1948,ND,Bottineau,Truman,democrat,490,1000
11/02/1948,ND,Bottineau,Dewey,republican,510,1000
11/02/1948,NC,Warren,Truman,democrat,580,1000
11/02/1948,NC,Warren,Dewey,republican,420,1000
11/02/1948,MI,Monroe,Truman,democrat,580,1000
11/02/1948,MI,Monroe,Dewey,republican,420,1000
11/02/1948,MT,Blaine,Truman,democrat,580,1000
11/02/1948,MT,Blaine,Dewey,republican,420,1000
11/02/1948,WV,Wayne,Truman,democrat,580,1000
11/02/1948,WV,Wayne,Dewey,republican,420,1000
11/02/1948,WI,St_Croix,Truman,democrat,580,1000
11/02/1948,WI,St_Croix,Dewey,republican,420,1000
11/02/1948,CO,Chaffee,Truman,democrat,490,1000
11/02/1948,CO,Chaffee,Dewey,republican,510,1000
11/02/1948,WA,Chelan,Truman,democrat,580,1000
11/02/1948,WA,Chelan,Dewey,republican,420,1000
11/02/1948,FL,Flagler,Truman,democrat,580,1000
11/02/1948,FL,Flagler,Dewey,republican,420,1000
11/02/1948,FL,Gadsden,Truman,democrat,580,1000
11/02/1948,FL,Gadsden,Dewey,republican,420,1000
11/02/1948,FL,Leon,Truman,democrat,580,1000
11/02/1948,FL,Leon,Dewey,republican,420,1000
11/02/1948,FL,Putnam,Truman,democrat,580,1000
11/02/1948,FL,Putnam,Dewey,republican,420,1000
11/02/1948,VT,Rutland,Truman,democrat,580,1000
11/02/1948,VT,Rutland,Dewey,republican,420,1000
11/02/1948,AL,Montgomery,Truman,democrat,510,1000
11/02/1948,AL,Montgomery,Dewey,republican,490,1000
11/02/1948,AR,Perry,Truman,democrat,580,1000
11/02/1948,AR,Perry,Dewey,republican,420,1000
11/02/1948,MI,Tuscola,Truman,democrat,580,1000
11/02/1948,MI,Tuscola,Dewey,republican,420,1000
11/02/1948,ND,Grant,Truman,democrat,530,1000
11/02/1948,ND,Grant,Dewey,republican,470,1000
11/02/1948,WI,Chippewa,Truman,democrat,580,1000
11/02/1948,WI,Chippewa,Dewey,republican,420,1000
11/02/1948,IN,Blackford,Truman,democrat,580,1000
11/02/1948,IN,Blackford,Dewey,republican,420,1000
11/02/1948,IN,Wells,Truman,democrat,470,1000
11/02/1948,IN,Wells,Dewey,republican,530,1000
11/02/1948,KS,Douglas,Truman,democrat,580,1000
11/02/1948,KS,Douglas,Dewey,republican,420,1000
11/02/1948,KS,Jackson,Truman,democrat,490,1000
11/02/1948,KS,Jackson,Dewey,republican,510,1000
11/02/1948,GA,Barrow,Truman,democrat,503,1000
11/02/1948,GA,Barrow,Dewey,republican,497,1000
11/02/1948,GA,Telfair,Truman,democrat,580,1000
11/02/1948,GA,Telfair,Dewey,republican,420,1000
11/02/1948,IL,Montgomery,Truman,democrat,580,1000
11/02/1948,IL,Montgomery,Dewey,republican,420,1000
11/02/1948,IN,Lawrence,Truman,democrat,580,1000
11/02/1948,IN,Lawrence,Dewey,republican,420,1000
11/02/1948,IA,Montgomery,Truman,democrat,580,1000
11/02/1948,IA,Montgomery,Dewey,republican,420,1000
11/02/1948,KY,Scott,Truman,democrat,580,1000
11/02/1948,KY,Scott,Dewey,republican,420,1000
11/02/1948,KY,Muhlenberg,Truman,democrat,510,1000
11/02/1948,KY,Muhlenberg,Dewey,republican,490,1000
11/02/1948,LA,Assumption,Truman,democrat,580,1000
11/02/1948,LA,Assumption,Dewey,republican,420,1000
11/02/1948,FL,Santa_Rosa,Truman,democrat,580,1000
11/02/1948,FL,Santa_Rosa,Dewey,republican,420,1000
11/02/1948,FL,Orange,Truman,democrat,580,1000
11/02/1948,FL,Orange,Dewey,republican,420,1000
11/02/1948,FL,Seminole,Truman,democrat,497,1000
11/02/1948,FL,Seminole,Dewey,republican,503,1000
11/02/1948,FL,Walton,Truman,democrat,580,1000
11/02/1948,FL,Walton,Dewey,republican,420,1000
11/02/1948,GA,Decatur,Truman,democrat,510,1000
11/02/1948,GA,Decatur,Dewey,republican,490,1000
11/02/1948,GA,Dougherty,Truman,democrat,580,1000
11/02/1948,GA,Dougherty,Dewey,republican,420,1000
11/02/1948,CA,Fresno,Truman,democrat,530,1000
11/02/1948,CA,Fresno,Dewey,republican,470,1000
11/02/1948,GA,Washington,Truman,democrat,580,1000
11/02/1948,GA,Washington,Dewey,republican,420,1000
11/02/1948,IN,Hancock,Truman,democrat,420,1000
11/02/1948,IN,Hancock,Dewey,republican,580,1000
11/02/1948,KS,Jefferson,Truman,democrat,470,1000
11/02/1948,KS,Jefferson,Dewey,republican,530,1000
11/02/1948,NV,Elko,Truman,democrat,530,1000
11/02/1948,NV,Elko,Dewey,republican,470,1000
11/02/1948,LA,Tangipahoa,Truman,democrat,580,1000
11/02/1948,LA,Tangipahoa,Dewey,republican,420,1000
11/02/1948,LA,West_Baton_Rouge,Truman,democrat,580,1000
11/02/1948,LA,West_Baton_Rouge,Dewey,republican,420,1000
11/02/1948,AL,Greene,Truman,democrat,470,1000
11/02/1948,AL,Greene,Dewey,republican,530,1000
11/02/1948,NY,Madison,Truman,democrat,580,1000
11/02/1948,NY,Madison,Dewey,republican,420,1000
11/02/1948,NC,Sampson,Truman,democrat,580,1000
11/02/1948,NC,Sampson,Dewey,republican,420,1000
11/02/1948,OK,Rogers,Truman,democrat,580,1000
11/02/1948,OK,Rogers,Dewey,republican,420,1000
11/02/1948,OK,Hughes,Truman,democrat,580,1000
11/02/1948,OK,Hughes,Dewey,republican,420,1000
11/02/1948,TN,Humphreys,Truman,democrat,580,1000
11/02/1948,TN,Humphreys,Dewey,republican,420,1000
11/02/1948,TX,Rusk,Truman,democrat,503,1000
11/02/1948,TX,Rusk,Dewey,republican,497,1000
11/02/1948,TX,Shelby,Truman,democrat,530,1000
11/02/1948,TX,Shelby,Dewey,republican,470,1000
11/02/1948,GA,Mitchell,Truman,democrat,530,1000
11/02/1948,GA,Mitchell,Dewey,republican,470,1000
11/02/1948,GA,Thomas,Truman,democrat,530,1000
11/02/1948,GA,Thomas,Dewey,republican,470,1000
11/02/1948,MS,Wilkinson,Truman,democrat,580,1000
11/02/1948,MS,Wilkinson,Dewey,republican,420,1000
11/02/1948,MS,Bolivar,Truman,democrat,580,1000
11/02/1948,MS,Bolivar,Dewey,republican,420,1000
11/02/1948,MS,Clay,Truman,democrat,530,1000
11/02/1948,MS,Clay,Dewey,republican,470,1000
11/02/1948,MS,Lincoln,Truman,democrat,580,1000
11/02/1948,MS,Lincoln,Dewey,republican,420,1000
11/02/1948,CO,Grand,Truman,democrat,530,1000
11/02/1948,CO,Grand,Dewey,republican,470,1000
11/02/1948,KY,Nelson,Truman,democrat,530,1000
11/02/1948,KY,Nelson,Dewey,republican,470,1000
11/02/1948,MI,Shiawassee,Truman,democrat,580,1000
11/02/1948,MI,Shiawassee,Dewey,republican,420,1000
11/02/1948,MI,Crawford,Truman,democrat,530,1000
11/02/1948,MI,Crawford,Dewey,republican,470,1000
11/02/1948,MO,Lincoln,Truman,democrat,580,1000
11/02/1948,MO,Lincoln,Dewey,republican,420,1000
11/02/1948,VA,Arlington,Truman,democrat,580,1000
11/02/1948,VA,Arlington,Dewey,republican,420,1000
11/02/1948,IN,Hamilton,Truman,democrat,420,1000
11/02/1948,IN,Hamilton,Dewey,republican,580,1000
11/02/1948,MO,Boone,Truman,democrat,580,1000
11/02/1948,MO,Boone,Dewey,republican,420,1000
11/02/1948,IN,Putnam,Truman,democrat,580,1000
11/02/1948,IN,Putnam,Dewey,republican,420,1000
11/02/1948,IA,Des_Moines,Truman,democrat,580,1000
11/02/1948,IA,Des_Moines,Dewey,republican,420,1000
11/02/1948,VA,Roanoke_Co,Truman,democrat,470,1000
11/02/1948,VA,Roanoke_Co,Dewey,republican,530,1000
11/02/1948,IA,Louisa,Truman,democrat,580,1000
11/02/1948,IA,Louisa,Dewey,republican,420,1000
11/02/1948,WI,Marquette,Truman,democrat,580,1000
11/02/1948,WI,Marquette,Dewey,republican,420,1000
11/02/1948,WA,Franklin,Truman,democrat,530,1000
11/02/1948,WA,Franklin,Dewey,republican,470,1000
11/02/1948,WY,Carbon,Truman,democrat,580,1000
11/02/1948,WY,Carbon,Dewey,republican,420,1000
11/02/1948,OH,Monroe,Truman,democrat,580,1000
11/02/1948,OH,Monroe,Dewey,republican,420,1000
11/02/1948,TX,Fayette,Truman,democrat,510,1000
11/02/1948,TX,Fayette,Dewey,republican,490,1000
11/02/1948,TN,Cannon,Truman,democrat,580,1000
11/02/1948,TN,Cannon,Dewey,republican,420,1000
11/02/1948,WV,Monroe,Truman,democrat,580,1000
11/02/1948,WV,Monroe,Dewey,republican,420,1000
11/02/1948,MS,Harrison,Truman,democrat,510,1000
11/02/1948,MS,Harrison,Dewey,republican,490,1000
11/02/1948,WV,Nicholas,Truman,democrat,580,1000
11/02/1948,WV,Nicholas,Dewey,republican,420,1000
11/02/1948,WA,Kitsap,Truman,democrat,580,1000
11/02/1948,WA,Kitsap,Dewey,republican,420,1000
11/02/1948,WI,Green,Truman,democrat,580,1000
11/02/1948,WI,Green,Dewey,republican,420,1000
11/02/1948,AZ,Graham,Truman,democrat,510,1000
11/02/1948,AZ,Graham,Dewey,republican,490,1000
11/02/1948,AR,Pope,Truman,democrat,580,1000
11/02/1948,AR,Pope,Dewey,republican,420,1000
11/02/1948,OR,Clackamas,Truman,democrat,580,1000
11/02/1948,OR,Clackamas,Dewey,republican,420,1000
11/02/1948,KS,Graham,Truman,democrat,510,1000
11/02/1948,KS,Graham,Dewey,republican,490,1000
11/02/1948,KS,Jewell,Truman,democrat,470,1000
11/02/1948,KS,Jewell,Dewey,republican,530,1000
11/02/1948,MN,Lake_of_the_Woods,Truman,democrat,580,1000
11/02/1948,MN,Lake_of_the_Woods,Dewey,republican,420,1000
11/02/1948,NE,Burt,Truman,democrat,580,1000
11/02/1948,NE,Burt,Dewey,republican,420,1000
11/02/1948,AR,Sebastian,Truman,democrat,580,1000
11/02/1948,AR,Sebastian,Dewey,republican,420,1000
11/02/1948,CO,Dolores,Truman,democrat,580,1000
11/02/1948,CO,Dolores,Dewey,republican,420,1000
11/02/1948,GA,Columbia,Truman,democrat,420,1000
11/02/1948,GA,Columbia,Dewey,republican,580,1000
11/02/1948,ID,Cassia,Truman,democrat,420,1000
11/02/1948,ID,Cassia,Dewey,republican,580,1000
11/02/1948,IN,Clark,Truman,democrat,580,1000
11/02/1948,IN,Clark,Dewey,republican,420,1000
11/02/1948,WV,Pocahontas,Truman,democrat,580,1000
11/02/1948,WV,Pocahontas,Dewey,republican,420,1000
11/02/1948,IN,Randolph,Truman,democrat,470,1000
11/02/1948,IN,Randolph,Dewey,republican,530,1000
11/02/1948,WV,Raleigh,Truman,democrat,580,1000
11/02/1948,WV,Raleigh,Dewey,republican,420,1000
11/02/1948,WV,Wyoming,Truman,democrat,580,1000
11/02/1948,WV,Wyoming,Dewey,republican,420,1000
11/02/1948,CA,Mariposa,Truman,democrat,510,1000
11/02/1948,CA,Mariposa,Dewey,republican,490,1000
11/02/1948,CO,Weld,Truman,democrat,580,1000
11/02/1948,CO,Weld,Dewey,republican,420,1000
11/02/1948,IA,Humboldt,Truman,democrat,580,1000
11/02/1948,IA,Humboldt,Dewey,republican,420,1000
11/02/1948,KS,Shawnee,Truman,democrat,420,1000
11/02/1948,KS,Shawnee,Dewey,republican,580,1000
11/02/1948,KY,Washington,Truman,democrat,490,1000
11/02/1948,KY,Washington,Dewey,republican,510,1000
11/02/1948,MI,Oscoda,Truman,democrat,580,1000
11/02/1948,MI,Oscoda,Dewey,republican,420,1000
11/02/1948,NE,Hamilton,Truman,democrat,470,1000
11/02/1948,NE,Hamilton,Dewey,republican,530,1000
11/02/1948,WI,Clark,Truman,democrat,580,1000
11/02/1948,WI,Clark,Dewey,republican,420,1000
11/02/1948,MT,Carter,Truman,democrat,420,1000
11/02/1948,MT,Carter,Dewey,republican,580,1000
11/02/1948,KS,Ottawa,Truman,democrat,470,1000
11/02/1948,KS,Ottawa,Dewey,republican,530,1000
11/02/1948,KS,Republic,Truman,democrat,420,1000
11/02/1948,KS,Republic,Dewey,republican,580,1000
11/02/1948,NE,Dixon,Truman,democrat,530,1000
11/02/1948,NE,Dixon,Dewey,republican,470,1000
11/02/1948,MN,Redwood,Truman,democrat,580,1000
11/02/1948,MN,Redwood,Dewey,republican,420,1000
11/02/1948,WI,Douglas,Truman,democrat,580,1000
11/02/1948,WI,Douglas,Dewey,republican,420,1000
11/02/1948,KS,Marshall,Truman,democrat,470,1000
11/02/1948,KS,Marshall,Dewey,republican,530,1000
11/02/1948,LA,East_Carroll,Truman,democrat,580,1000
11/02/1948,LA,East_Carroll,Dewey,republican,420,1000
11/02/1948,MD,Somerset,Truman,democrat,530,1000
11/02/1948,MD,Somerset,Dewey,republican,470,1000
11/02/1948,NM,Santa_Fe,Truman,democrat,580,1000
11/02/1948,NM,Santa_Fe,Dewey,republican,420,1000
11/02/1948,AR,Craighead,Truman,democrat,580,1000
11/02/1948,AR,Craighead,Dewey,republican,420,1000
11/02/1948,FL,Pasco,Truman,democrat,580,1000
11/02/1948,FL,Pasco,Dewey,republican,420,1000
11/02/1948,GA,Echols,Truman,democrat,503,1000
11/02/1948,GA,Echols,Dewey,republican,497,1000
11/02/1948,IN,Dearborn,Truman,democrat,530,1000
11/02/1948,IN,Dearborn,Dewey,republican,470,1000
11/02/1948,IA,Allamakee,Truman,democrat,580,1000
11/02/1948,IA,Allamakee,Dewey,republican,420,1000
11/02/1948,NC,Washington,Truman,democrat,580,1000
11/02/1948,NC,Washington,Dewey,republican,420,1000
11/02/1948,OH,Stark,Truman,democrat,580,1000
11/02/1948,OH,Stark,Dewey,republican,420,1000
11/02/1948,OK,Ottawa,Truman,democrat,580,1000
11/02/1948,OK,Ottawa,Dewey,republican,420,1000
11/02/1948,PA,Clearfield,Truman,democrat,530,1000
11/02/1948,PA,Clearfield,Dewey,republican,470,1000
11/02/1948,TN,Gibson,Truman,democrat,580,1000
11/02/1948,TN,Gibson,Dewey,republican,420,1000
11/02/1948,TN,Robertson,Truman,democrat,580,1000
11/02/1948,TN,Robertson,Dewey,republican,420,1000
11/02/1948,KY,Caldwell,Truman,democrat,510,1000
11/02/1948,KY,Caldwell,Dewey,republican,490,1000
11/02/1948,AR,Fulton,Truman,democrat,580,1000
11/02/1948,AR,Fulton,Dewey,republican,420,1000
11/02/1948,LA,Catahoula,Truman,democrat,580,1000
11/02/1948,LA,Catahoula,Dewey,republican,420,1000
11/02/1948,LA,Franklin,Truman,democrat,580,1000
11/02/1948,LA,Franklin,Dewey,republican,420,1000
11/02/1948,GA,Macon,Truman,democrat,580,1000
11/02/1948,GA,Macon,Dewey,republican,420,1000
11/02/1948,MN,Winona,Truman,democrat,580,1000
11/02/1948,MN,Winona,Dewey,republican,420,1000
11/02/1948,NC,Martin,Truman,democrat,580,1000
11/02/1948,NC,Martin,Dewey,republican,420,1000
11/02/1948,OH,Adams,Truman,democrat,530,1000
11/02/1948,OH,Adams,Dewey,republican,470,1000
11/02/1948,NJ,Cape_May,Truman,democrat,580,1000
11/02/1948,NJ,Cape_May,Dewey,republican,420,1000
11/02/1948,NE,Saunders,Truman,democrat,420,1000
11/02/1948,NE,Saunders,Dewey,republican,580,1000
11/02/1948,GA,McDuffie,Truman,democrat,580,1000
11/02/1948,GA,McDuffie,Dewey,republican,420,1000
11/02/1948,GA,Laurens,Truman,democrat,530,1000
11/02/1948,GA,Laurens,Dewey,republican,470,1000
11/02/1948,OR,Umatilla,Truman,democrat,503,1000
11/02/1948,OR,Umatilla,Dewey,republican,497,1000
11/02/1948,GA,Dawson,Truman,democrat,530,1000
11/02/1948,GA,Dawson,Dewey,republican,470,1000
11/02/1948,GA,Jefferson,Truman,democrat,580,1000
11/02/1948,GA,Jefferson,Dewey,republican,420,1000
11/02/1948,AK,Juneau,Truman,democrat,580,1000
11/02/1948,AK,Juneau,Dewey,republican,420,1000
11/02/1948,OK,Kay,Truman,democrat,490,1000
11/02/1948,OK,Kay,Dewey,republican,510,1000
11/02/1948,NY,Warren,Truman,democrat,580,1000
11/02/1948,NY,Warren,Dewey,republican,420,1000
11/02/1948,NY,Saratoga,Truman,democrat,580,1000
11/02/1948,NY,Saratoga,Dewey,republican,420,1000
11/02/1948,LA,St_John_the_Baptist,Truman,democrat,580,1000
11/02/1948,LA,St_John_the_Baptist,Dewey,republican,420,1000
11/02/1948,TX,Hopkins,Truman,democrat,530,1000
11/02/1948,TX,Hopkins,Dewey,republican,470,1000
11/02/1948,NV,Churchill,Truman,democrat,503,1000
11/02/1948,NV,Churchill,Dewey,republican,497,1000
11/02/1948,TX,Williamson,Truman,democrat,470,1000
11/02/1948,TX,Williamson,Dewey,republican,530,1000
11/02/1948,WY,Weston,Truman,democrat,470,1000
11/02/1948,WY,Weston,Dewey,republican,530,1000
11/02/1948,CA,Humboldt,Truman,democrat,580,1000
11/02/1948,CA,Humboldt,Dewey,republican,420,1000
11/02/1948,NJ,Somerset,Truman,democrat,580,1000
11/02/1948,NJ,Somerset,Dewey,republican,420,1000
11/02/1948,TX,Hamilton,Truman,democrat,510,1000
11/02/1948,TX,Hamilton,Dewey,republican,490,1000
11/02/1948,TX,Hardeman,Truman,democrat,580,1000
11/02/1948,TX,Hardeman,Dewey,republican,420,1000
11/02/1948,AK,Aleutians_West,Truman,democrat,580,1000
11/02/1948,AK,Aleutians_West,Dewey,republican,420,1000
11/02/1948,IL,Tazewell,Truman,democrat,580,1000
11/02/1948,IL,Tazewell,Dewey,republican,420,1000
11/02/1948,CO,Yuma,Truman,democrat,580,1000
11/02/1948,CO,Yuma,Dewey,republican,420,1000
11/02/1948,IA,Sac,Truman,democrat,580,1000
11/02/1948,IA,Sac,Dewey,republican,420,1000
11/02/1948,IA,Sioux,Truman,democrat,420,1000
11/02/1948,IA,Sioux,Dewey,republican,580,1000
11/02/1948,TX,Coleman,Truman,democrat,420,1000
11/02/1948,TX,Coleman,Dewey,republican,580,1000
11/02/1948,GA,Bartow,Truman,democrat,420,1000
11/02/1948,GA,Bartow,Dewey,republican,580,1000
11/02/1948,OK,Osage,Truman,democrat,580,1000
11/02/1948,OK,Osage,Dewey,republican,420,1000
11/02/1948,NY,Albany,Truman,democrat,580,1000
11/02/1948,NY,Albany,Dewey,republican,420,1000
11/02/1948,MS,Jefferson,Truman,democrat,580,1000
11/02/1948,MS,Jefferson,Dewey,republican,420,1000
11/02/1948,TN,Lincoln,Truman,democrat,580,1000
11/02/1948,TN,Lincoln,Dewey,republican,420,1000
11/02/1948,VA,Madison,Truman,democrat,420,1000
11/02/1948,VA,Madison,Dewey,republican,580,1000
11/02/1948,OK,Atoka,Truman,democrat,580,1000
11/02/1948,OK,Atoka,Dewey,republican,420,1000
11/02/1948,IA,Dallas,Truman,democrat,580,1000
11/02/1948,IA,Dallas,Dewey,republican,420,1000
11/02/1948,AK,Fairbanks_North_Star,Truman,democrat,470,1000
11/02/1948,AK,Fairbanks_North_Star,Dewey,republican,530,1000
11/02/1948,ND,Pembina,Truman,democrat,580,1000
11/02/1948,ND,Pembina,Dewey,republican,420,1000
11/02/1948,AR,Izard,Truman,democrat,580,1000
11/02/1948,AR,Izard,Dewey,republican,420,1000
11/02/1948,VA,Alexandria,Truman,democrat,580,1000
11/02/1948,VA,Alexandria,Dewey,republican,420,1000
11/02/1948,VA,Buena_Vista,Truman,democrat,580,1000
11/02/1948,VA,Buena_Vista,Dewey,republican,420,1000
11/02/1948,IA,Polk,Truman,democrat,580,1000
11/02/1948,IA,Polk,Dewey,republican,420,1000
11/02/1948,FL,Polk,Truman,democrat,580,1000
11/02/1948,FL,Polk,Dewey,republican,420,1000
11/02/1948,GA,Early,Truman,democrat,530,1000
11/02/1948,GA,Early,Dewey,republican,470,1000
11/02/1948,TX,Terrell,Truman,democrat,580,1000
11/02/1948,TX,Terrell,Dewey,republican,420,1000
11/02/1948,IL,Wayne,Truman,democrat,580,1000
11/02/1948,IL,Wayne,Dewey,republican,420,1000
11/02/1948,FL,Sumter,Truman,democrat,580,1000
11/02/1948,FL,Sumter,Dewey,republican,420,1000
11/02/1948,TX,Burleson,Truman,democrat,497,1000
11/02/1948,TX,Burleson,Dewey,republican,503,1000
11/02/1948,VA,Fauquier,Truman,democrat,530,1000
11/02/1948,VA,Fauquier,Dewey,republican,470,1000
11/02/1948,NY,Washington,Truman,democrat,580,1000
11/02/1948,NY,Washington,Dewey,republican,420,1000
11/02/1948,TX,Waller,Truman,democrat,510,1000
11/02/1948,TX,Waller,Dewey,republican,490,1000
11/02/1948,MI,Cass,Truman,democrat,530,1000
11/02/1948,MI,Cass,Dewey,republican,470,1000
11/02/1948,ID,Caribou,Truman,democrat,420,1000
11/02/1948,ID,Caribou,Dewey,republican,580,1000
11/02/1948,FL,Sarasota,Truman,democrat,580,1000
11/02/1948,FL,Sarasota,Dewey,republican,420,1000
11/02/1948,GA,Emanuel,Truman,democrat,510,1000
11/02/1948,GA,Emanuel,Dewey,republican,490,1000
11/02/1948,GA,Talbot,Truman,democrat,580,1000
11/02/1948,GA,Talbot,Dewey,republican,420,1000
11/02/1948,PA,York,Truman,democrat,503,1000
11/02/1948,PA,York,Dewey,republican,497,1000
11/02/1948,NE,Dodge,Truman,democrat,470,1000
11/02/1948,NE,Dodge,Dewey,republican,530,1000
11/02/1948,NC,Granville,Truman,democrat,580,1000
11/02/1948,NC,Granville,Dewey,republican,420,1000
11/02/1948,PA,Allegheny,Truman,democrat,580,1000
11/02/1948,PA,Allegheny,Dewey,republican,420,1000
11/02/1948,CA,Trinity,Truman,democrat,530,1000
11/02/1948,CA,Trinity,Dewey,republican,470,1000
11/02/1948,IL,Hardin,Truman,democrat,580,1000
11/02/1948,IL,Hardin,Dewey,republican,420,1000
11/02/1948,GA,Lumpkin,Truman,democrat,490,1000
11/02/1948,GA,Lumpkin,Dewey,republican,510,1000
11/02/1948,OK,Johnston,Truman,democrat,580,1000
11/02/1948,OK,Johnston,Dewey,republican,420,1000
11/02/1948,TX,Montgomery,Truman,democrat,420,1000
11/02/1948,TX,Montgomery,Dewey,republican,580,1000
11/02/1948,OK,McIntosh,Truman,democrat,580,1000
11/02/1948,OK,McIntosh,Dewey,republican,420,1000
11/02/1948,OK,Marshall,Truman,democrat,580,1000
11/02/1948,OK,Marshall,Dewey,republican,420,1000
11/02/1948,TX,Robertson,Truman,democrat,470,1000
11/02/1948,TX,Robertson,Dewey,republican,530,1000
11/02/1948,WI,Sauk,Truman,democrat,580,1000
11/02/1948,WI,Sauk,Dewey,republican,420,1000
11/02/1948,AR,Prairie,Truman,democrat,580,1000
11/02/1948,AR,Prairie,Dewey,republican,420,1000
11/02/1948,WI,Milwaukee,Truman,democrat,580,1000
11/02/1948,WI,Milwaukee,Dewey,republican,420,1000
11/02/1948,WI,Jackson,Truman,democrat,580,1000
11/02/1948,WI,Jackson,Dewey,republican,420,1000
11/02/1948,WI,Oconto,Truman,democrat,580,1000
11/02/1948,WI,Oconto,Dewey,republican,420,1000
11/02/1948,AK,Denali,Truman,democrat,470,1000
11/02/1948,AK,Denali,Dewey,republican,530,1000
11/02/1948,WI,Vilas,Truman,democrat,530,1000
11/02/1948,WI,Vilas,Dewey,republican,470,1000
11/02/1948,CA,Inyo,Truman,democrat,497,1000
11/02/1948,CA,Inyo,Dewey,republican,503,1000
11/02/1948,NC,Iredell,Truman,democrat,420,1000
11/02/1948,NC,Iredell,Dewey,republican,580,1000
11/02/1948,AR,Pulaski,Truman,democrat,580,1000
11/02/1948,AR,Pulaski,Dewey,republican,420,1000
11/02/1948,MO,Vernon,Truman,democrat,580,1000
11/02/1948,MO,Vernon,Dewey,republican,420,1000
11/02/1948,IL,Carroll,Truman,democrat,580,1000
11/02/1948,IL,Carroll,Dewey,republican,420,1000
11/02/1948,GA,Hart,Truman,democrat,470,1000
11/02/1948,GA,Hart,Dewey,republican,530,1000
11/02/1948,IL,Adams,Truman,democrat,580,1000
11/02/1948,IL,Adams,Dewey,republican,420,1000
11/02/1948,TX,Tyler,Truman,democrat,530,1000
11/02/1948,TX,Tyler,Dewey,republican,470,1000
11/02/1948,GA,Lamar,Truman,democrat,580,1000
11/02/1948,GA,Lamar,Dewey,republican,420,1000
11/02/1948,TX,Polk,Truman,democrat,510,1000
11/02/1948,TX,Polk,Dewey,republican,490,1000
11/02/1948,CA,Sacramento,Truman,democrat,580,1000
11/02/1948,CA,Sacramento,Dewey,republican,420,1000
11/02/1948,OK,Pushmataha,Truman,democrat,580,1000
11/02/1948,OK,Pushmataha,Dewey,republican,420,1000
11/02/1948,VA,Greene,Truman,democrat,580,1000
11/02/1948,VA,Greene,Dewey,republican,420,1000
11/02/1948,OH,Belmont,Truman,democrat,580,1000
11/02/1948,OH,Belmont,Dewey,republican,420,1000
11/02/1948,WI,Washburn,Truman,democrat,580,1000
11/02/1948,WI,Washburn,Dewey,republican,420,1000
11/02/1948,AR,Ouachita,Truman,democrat,580,1000
11/02/1948,AR,Ouachita,Dewey,republican,420,1000
11/02/1948,SC,Colleton,Truman,democrat,530,1000
11/02/1948,SC,Colleton,Dewey,republican,470,1000
11/02/1948,PA,Butler,Truman,democrat,580,1000
11/02/1948,PA,Butler,Dewey,republican,420,1000
11/02/1948,AR,Sevier,Truman,democrat,580,1000
11/02/1948,AR,Sevier,Dewey,republican,420,1000
11/02/1948,OH,Lorain,Truman,democrat,580,1000
11/02/1948,OH,Lorain,Dewey,republican,420,1000
11/02/1948,LA,St_Mary,Truman,democrat,580,1000
11/02/1948,LA,St_Mary,Dewey,republican,420,1000
11/02/1948,MO,Pike,Truman,democrat,580,1000
11/02/1948,MO,Pike,Dewey,republican,420,1000
11/02/1948,OK,Craig,Truman,democrat,580,1000
11/02/1948,OK,Craig,Dewey,republican,420,1000
11/02/1948,KS,Sedgwick,Truman,democrat,470,1000
11/02/1948,KS,Sedgwick,Dewey,republican,530,1000
11/02/1948,IN,Jasper,Truman,democrat,580,1000
11/02/1948,IN,Jasper,Dewey,republican,420,1000
11/02/1948,CA,Napa,Truman,democrat,580,1000
11/02/1948,CA,Napa,Dewey,republican,420,1000
11/02/1948,TX,Loving,Truman,democrat,490,1000
11/02/1948,TX,Loving,Dewey,republican,510,1000
11/02/1948,MO,Johnson,Truman,democrat,580,1000
11/02/1948,MO,Johnson,Dewey,republican,420,1000
11/02/1948,CO,Broomfield,Truman,democrat,580,1000
11/02/1948,CO,Broomfield,Dewey,republican,420,1000
11/02/1948,VA,Page,Truman,democrat,470,1000
11/02/1948,VA,Page,Dewey,republican,530,1000
11/02/1948,WV,Mason,Truman,democrat,580,1000
11/02/1948,WV,Mason,Dewey,republican,420,1000
11/02/1948,AL,Winston,Truman,democrat,420,1000
11/02/1948,AL,Winston,Dewey,republican,580,1000
11/02/1948,AL,Perry,Truman,democrat,580,1000
11/02/1948,AL,Perry,Dewey,republican,420,1000
11/02/1948,OH,Meigs,Truman,democrat,580,1000
11/02/1948,OH,Meigs,Dewey,republican,420,1000
11/02/1948,SD,Buffalo,Truman,democrat,530,1000
11/02/1948,SD,Buffalo,Dewey,republican,470,1000
11/02/1948,SD,Mellette,Truman,democrat,470,1000
11/02/1948,SD,Mellette,Dewey,republican,530,1000
11/02/1948,NY,Chautauqua,Truman,democrat,580,1000
11/02/1948,NY,Chautauqua,Dewey,republican,420,1000
11/02/1948,SD,Oglala_Lakota,Truman,democrat,580,1000
11/02/1948,SD,Oglala_Lakota,Dewey,republican,420,1000
11/02/1948,DC,District_of_Columbia,Truman,democrat,580,1000
11/02/1948,DC,District_of_Columbia,Dewey,republican,420,1000
11/02/1948,10,New_Castle,Truman,democrat,580,1000
11/02/1948,10,New_Castle,Dewey,republican,420,1000
11/02/1948,CO,Denver,Truman,democrat,580,1000
11/02/1948,CO,Denver,Dewey,republican,420,1000
11/02/1948,NJ,Morris,Truman,democrat,530,1000
11/02/1948,NJ,Morris,Dewey,republican,470,1000
11/02/1948,AL,Hale,Truman,democrat,580,1000
11/02/1948,AL,Hale,Dewey,republican,420,1000
11/02/1948,OH,Washington,Truman,democrat,530,1000
11/02/1948,OH,Washington,Dewey,republican,470,1000
11/02/1948,WV,Calhoun,Truman,democrat,580,1000
11/02/1948,WV,Calhoun,Dewey,republican,420,1000
11/02/1948,PA,Crawford,Truman,democrat,580,1000
11/02/1948,PA,Crawford,Dewey,republican,420,1000
11/02/1948,SD,Todd,Truman,democrat,470,1000
11/02/1948,SD,Todd,Dewey,republican,530,1000
11/02/1948,MT,Dawson,Truman,democrat,470,1000
11/02/1948,MT,Dawson,Dewey,republican,530,1000
11/02/1948,TX,Montague,Truman,democrat,510,1000
11/02/1948,TX,Montague,Dewey,republican,490,1000
11/02/1948,MT,Richland,Truman,democrat,497,1000
11/02/1948,MT,Richland,Dewey,republican,503,1000
11/02/1948,TX,Gray,Truman,democrat,420,1000
11/02/1948,TX,Gray,Dewey,republican,580,1000
11/02/1948,AR,Greene,Truman,democrat,580,1000
11/02/1948,AR,Greene,Dewey,republican,420,1000
11/02/1948,GA,Appling,Truman,democrat,470,1000
11/02/1948,GA,Appling,Dewey,republican,530,1000
11/02/1948,AL,Elmore,Truman,democrat,470,1000
11/02/1948,AL,Elmore,Dewey,republican,530,1000
11/02/1948,GA,Coweta,Truman,democrat,530,1000
11/02/1948,GA,Coweta,Dewey,republican,470,1000
11/02/1948,IN,Elkhart,Truman,democrat,470,1000
11/02/1948,IN,Elkhart,Dewey,republican,530,1000
11/02/1948,NC,Yadkin,Truman,democrat,470,1000
11/02/1948,NC,Yadkin,Dewey,republican,530,1000
11/02/1948,AL,Chilton,Truman,democrat,530,1000
11/02/1948,AL,Chilton,Dewey,republican,470,1000
11/02/1948,OH,Wood,Truman,democrat,580,1000
11/02/1948,OH,Wood,Dewey,republican,420,1000
11/02/1948,NY,Westchester,Truman,democrat,580,1000
11/02/1948,NY,Westchester,Dewey,republican,420,1000
11/02/1948,LA,Orleans,Truman,democrat,580,1000
11/02/1948,LA,Orleans,Dewey,republican,420,1000
11/02/1948,WV,Mineral,Truman,democrat,490,1000
11/02/1948,WV,Mineral,Dewey,republican,510,1000
11/02/1948,AL,Walker,Truman,democrat,420,1000
11/02/1948,AL,Walker,Dewey,republican,580,1000
11/02/1948,WV,Monongalia,Truman,democrat,580,1000
11/02/1948,WV,Monongalia,Dewey,republican,420,1000
11/02/1948,WV,Pleasants,Truman,democrat,530,1000
11/02/1948,WV,Pleasants,Dewey,republican,470,1000
11/02/1948,NY,Rensselaer,Truman,democrat,580,1000
11/02/1948,NY,Rensselaer,Dewey,republican,420,1000
11/02/1948,NC,Cleveland,Truman,democrat,470,1000
11/02/1948,NC,Cleveland,Dewey,republican,530,1000
11/02/1948,NC,Gaston,Truman,democrat,470,1000
11/02/1948,NC,Gaston,Dewey,republican,530,1000
11/02/1948,NJ,Cumberland,Truman,democrat,580,1000
11/02/1948,NJ,Cumberland,Dewey,republican,420,1000
11/02/1948,CO,Eagle,Truman,democrat,580,1000
11/02/1948,CO,Eagle,Dewey,republican,420,1000
11/02/1948,TX,Jack,Truman,democrat,490,1000
11/02/1948,TX,Jack,Dewey,republican,510,1000
11/02/1948,AL,Coosa,Truman,democrat,470,1000
11/02/1948,AL,Coosa,Dewey,republican,530,1000
11/02/1948,FL,St_Lucie,Truman,democrat,580,1000
11/02/1948,FL,St_Lucie,Dewey,republican,420,1000
11/02/1948,AL,Henry,Truman,democrat,470,1000
11/02/1948,AL,Henry,Dewey,republican,530,1000
11/02/1948,CA,Santa_Cruz,Truman,democrat,580,1000
11/02/1948,CA,Santa_Cruz,Dewey,republican,420,1000
11/02/1948,KS,Labette,Truman,democrat,580,1000
11/02/1948,KS,Labette,Dewey,republican,420,1000
11/02/1948,GA,Baldwin,Truman,democrat,580,1000
11/02/1948,GA,Baldwin,Dewey,republican,420,1000
11/02/1948,LA,St_Bernard,Truman,democrat,530,1000
11/02/1948,LA,St_Bernard,Dewey,republican,470,1000
11/02/1948,VA,Suffolk,Truman,democrat,580,1000
11/02/1948,VA,Suffolk,Dewey,republican,420,1000
11/02/1948,CO,Jefferson,Truman,democrat,530,1000
11/02/1948,CO,Jefferson,Dewey,republican,470,1000
11/02/1948,WV,Pendleton,Truman,democrat,580,1000
11/02/1948,WV,Pendleton,Dewey,republican,420,1000
11/02/1948,VA,Tazewell,Truman,democrat,580,1000
11/02/1948,VA,Tazewell,Dewey,republican,420,1000
11/02/1948,MO,Clark,Truman,democrat,580,1000
11/02/1948,MO,Clark,Dewey,republican,420,1000
11/02/1948,NJ,Salem,Truman,democrat,580,1000
11/02/1948,NJ,Salem,Dewey,republican,420,1000
11/02/1948,PA,Warren,Truman,democrat,510,1000
11/02/1948,PA,Warren,Dewey,republican,490,1000
11/02/1948,ND,Grand_Forks,Truman,democrat,580,1000
11/02/1948,ND,Grand_Forks,Dewey,republican,420,1000
11/02/1948,OK,Delaware,Truman,democrat,580,1000
11/02/1948,OK,Delaware,Dewey,republican,420,1000
11/02/1948,CO,Hinsdale,Truman,democrat,580,1000
11/02/1948,CO,Hinsdale,Dewey,republican,420,1000
11/02/1948,AL,Macon,Truman,democrat,490,1000
11/02/1948,AL,Macon,Dewey,republican,510,1000
11/02/1948,VA,Carroll,Truman,democrat,420,1000
11/02/1948,VA,Carroll,Dewey,republican,580,1000
11/02/1948,CA,Placer,Truman,democrat,510,1000
11/02/1948,CA,Placer,Dewey,republican,490,1000
11/02/1948,OH,Medina,Truman,democrat,580,1000
11/02/1948,OH,Medina,Dewey,republican,420,1000
11/02/1948,OK,Cotton,Truman,democrat,580,1000
11/02/1948,OK,Cotton,Dewey,republican,420,1000
11/02/1948,OK,Jackson,Truman,democrat,580,1000
11/02/1948,OK,Jackson,Dewey,republican,420,1000
11/02/1948,LA,Ouachita,Truman,democrat,580,1000
11/02/1948,LA,Ouachita,Dewey,republican,420,1000
11/02/1948,CO,El_Paso,Truman,democrat,470,1000
11/02/1948,CO,El_Paso,Dewey,republican,530,1000
11/02/1948,WV,Ritchie,Truman,democrat,470,1000
11/02/1948,WV,Ritchie,Dewey,republican,530,1000
11/02/1948,VA,Floyd,Truman,democrat,470,1000
11/02/1948,VA,Floyd,Dewey,republican,530,1000
11/02/1948,MT,Fallon,Truman,democrat,470,1000
11/02/1948,MT,Fallon,Dewey,republican,530,1000
11/02/1948,MT,Prairie,Truman,democrat,470,1000
11/02/1948,MT,Prairie,Dewey,republican,530,1000
11/02/1948,TX,Brown,Truman,democrat,490,1000
11/02/1948,TX,Brown,Dewey,republican,510,1000
11/02/1948,TX,Ector,Truman,democrat,470,1000
11/02/1948,TX,Ector,Dewey,republican,530,1000
11/02/1948,UT,Emery,Truman,democrat,510,1000
11/02/1948,UT,Emery,Dewey,republican,490,1000
11/02/1948,NY,Richmond,Truman,democrat,580,1000
11/02/1948,NY,Richmond,Dewey,republican,420,1000
11/02/1948,NC,Dare,Truman,democrat,580,1000
11/02/1948,NC,Dare,Dewey,republican,420,1000
11/02/1948,NE,Butler,Truman,democrat,470,1000
11/02/1948,NE,Butler,Dewey,republican,530,1000
11/02/1948,TX,Lamar,Truman,democrat,530,1000
11/02/1948,TX,Lamar,Dewey,republican,470,1000
11/02/1948,KS,Dickinson,Truman,democrat,470,1000
11/02/1948,KS,Dickinson,Dewey,republican,530,1000
11/02/1948,ID,Jerome,Truman,democrat,470,1000
11/02/1948,ID,Jerome,Dewey,republican,530,1000
11/02/1948,OH,Mercer,Truman,democrat,510,1000
11/02/1948,OH,Mercer,Dewey,republican,490,1000
11/02/1948,IL,Livingston,Truman,democrat,580,1000
11/02/1948,IL,Livingston,Dewey,republican,420,1000
11/02/1948,IA,Dubuque,Truman,democrat,580,1000
11/02/1948,IA,Dubuque,Dewey,republican,420,1000
11/02/1948,ID,Madison,Truman,democrat,470,1000
11/02/1948,ID,Madison,Dewey,republican,530,1000
11/02/1948,LA,Plaquemines,Truman,democrat,580,1000
11/02/1948,LA,Plaquemines,Dewey,republican,420,1000
11/02/1948,LA,Pointe_Coupee,Truman,democrat,580,1000
11/02/1948,LA,Pointe_Coupee,Dewey,republican,420,1000
11/02/1948,MT,Missoula,Truman,democrat,580,1000
11/02/1948,MT,Missoula,Dewey,republican,420,1000
11/02/1948,UT,Grand,Truman,democrat,580,1000
11/02/1948,UT,Grand,Dewey,republican,420,1000
11/02/1948,TX,Bexar,Truman,democrat,530,1000
11/02/1948,TX,Bexar,Dewey,republican,470,1000
11/02/1948,HI,Honolulu,Truman,democrat,580,1000
11/02/1948,HI,Honolulu,Dewey,republican,420,1000
11/02/1948,GA,Oglethorpe,Truman,democrat,470,1000
11/02/1948,GA,Oglethorpe,Dewey,republican,530,1000
11/02/1948,GA,Peach,Truman,democrat,580,1000
11/02/1948,GA,Peach,Dewey,republican,420,1000
11/02/1948,OH,Clinton,Truman,democrat,490,1000
11/02/1948,OH,Clinton,Dewey,republican,510,1000
11/02/1948,GA,Randolph,Truman,democrat,580,1000
11/02/1948,GA,Randolph,Dewey,republican,420,1000
11/02/1948,GA,Jasper,Truman,democrat,580,1000
11/02/1948,GA,Jasper,Dewey,republican,420,1000
11/02/1948,TX,Jackson,Truman,democrat,580,1000
11/02/1948,TX,Jackson,Dewey,republican,420,1000
11/02/1948,GA,Troup,Truman,democrat,530,1000
11/02/1948,GA,Troup,Dewey,republican,470,1000
11/02/1948,GA,Brantley,Truman,democrat,420,1000
11/02/1948,GA,Brantley,Dewey,republican,580,1000
11/02/1948,GA,Bryan,Truman,democrat,470,1000
11/02/1948,GA,Bryan,Dewey,republican,530,1000
11/02/1948,TX,Leon,Truman,democrat,420,1000
11/02/1948,TX,Leon,Dewey,republican,580,1000
11/02/1948,CA,Merced,Truman,democrat,510,1000
11/02/1948,CA,Merced,Dewey,republican,490,1000
11/02/1948,FL,Martin,Truman,democrat,580,1000
11/02/1948,FL,Martin,Dewey,republican,420,1000
11/02/1948,TX,Ward,Truman,democrat,470,1000
11/02/1948,TX,Ward,Dewey,republican,530,1000
11/02/1948,TX,Wichita,Truman,democrat,530,1000
11/02/1948,TX,Wichita,Dewey,republican,470,1000
11/02/1948,NY,Cayuga,Truman,democrat,580,1000
11/02/1948,NY,Cayuga,Dewey,republican,420,1000
11/02/1948,NC,Hertford,Truman,democrat,580,1000
11/02/1948,NC,Hertford,Dewey,republican,420,1000
11/02/1948,CO,Park,Truman,democrat,470,1000
11/02/1948,CO,Park,Dewey,republican,530,1000
11/02/1948,CO,Teller,Truman,democrat,580,1000
11/02/1948,CO,Teller,Dewey,republican,420,1000
11/02/1948,UT,Sevier,Truman,democrat,503,1000
11/02/1948,UT,Sevier,Dewey,republican,497,1000
11/02/1948,UT,Tooele,Truman,democrat,530,1000
11/02/1948,UT,Tooele,Dewey,republican,470,1000
11/02/1948,TX,Maverick,Truman,democrat,580,1000
11/02/1948,TX,Maverick,Dewey,republican,420,1000
11/02/1948,FL,Suwannee,Truman,democrat,503,1000
11/02/1948,FL,Suwannee,Dewey,republican,497,1000
11/02/1948,UT,Wasatch,Truman,democrat,470,1000
11/02/1948,UT,Wasatch,Dewey,republican,530,1000
11/02/1948,OR,Malheur,Truman,democrat,510,1000
11/02/1948,OR,Malheur,Dewey,republican,490,1000
11/02/1948,GA,Fayette,Truman,democrat,490,1000
11/02/1948,GA,Fayette,Dewey,republican,510,1000
11/02/1948,KY,Floyd,Truman,democrat,580,1000
11/02/1948,KY,Floyd,Dewey,republican,420,1000
11/02/1948,CO,Logan,Truman,democrat,580,1000
11/02/1948,CO,Logan,Dewey,republican,420,1000
11/02/1948,OH,Montgomery,Truman,democrat,530,1000
11/02/1948,OH,Montgomery,Dewey,republican,470,1000
11/02/1948,CO,Mesa,Truman,democrat,470,1000
11/02/1948,CO,Mesa,Dewey,republican,530,1000
11/02/1948,IA,Howard,Truman,democrat,580,1000
11/02/1948,IA,Howard,Dewey,republican,420,1000
11/02/1948,IL,Menard,Truman,democrat,580,1000
11/02/1948,IL,Menard,Dewey,republican,420,1000
11/02/1948,TX,Mills,Truman,democrat,530,1000
11/02/1948,TX,Mills,Dewey,republican,470,1000
11/02/1948,IL,Monroe,Truman,democrat,580,1000
11/02/1948,IL,Monroe,Dewey,republican,420,1000
11/02/1948,OR,Douglas,Truman,democrat,470,1000
11/02/1948,OR,Douglas,Dewey,republican,530,1000
11/02/1948,WI,Crawford,Truman,democrat,580,1000
11/02/1948,WI,Crawford,Dewey,republican,420,1000
11/02/1948,TX,Haskell,Truman,democrat,580,1000
11/02/1948,TX,Haskell,Dewey,republican,420,1000
11/02/1948,OK,Logan,Truman,democrat,490,1000
11/02/1948,OK,Logan,Dewey,republican,510,1000
11/02/1948,WA,Grays_Harbor,Truman,democrat,580,1000
11/02/1948,WA,Grays_Harbor,Dewey,republican,420,1000
11/02/1948,WA,Lincoln,Truman,democrat,420,1000
11/02/1948,WA,Lincoln,Dewey,republican,580,1000
11/02/1948,WA,Okanogan,Truman,democrat,580,1000
11/02/1948,WA,Okanogan,Dewey,republican,420,1000
11/02/1948,IA,Monona,Truman,democrat,580,1000
11/02/1948,IA,Monona,Dewey,republican,420,1000
11/02/1948,GA,Taliaferro,Truman,democrat,580,1000
11/02/1948,GA,Taliaferro,Dewey,republican,420,1000
11/02/1948,OK,Greer,Truman,democrat,580,1000
11/02/1948,OK,Greer,Dewey,republican,420,1000
11/02/1948,GA,Terrell,Truman,democrat,580,1000
11/02/1948,GA,Terrell,Dewey,republican,420,1000
11/02/1948,MD,Queen_Anne_s,Truman,democrat,580,1000
11/02/1948,MD,Queen_Anne_s,Dewey,republican,420,1000
11/02/1948,OH,Noble,Truman,democrat,580,1000
11/02/1948,OH,Noble,Dewey,republican,420,1000
11/02/1948,CO,Prowers,Truman,democrat,580,1000
11/02/1948,CO,Prowers,Dewey,republican,420,1000
11/02/1948,ID,Latah,Truman,democrat,530,1000
11/02/1948,ID,Latah,Dewey,republican,470,1000
11/02/1948,VA,Gloucester,Truman,democrat,530,1000
11/02/1948,VA,Gloucester,Dewey,republican,470,1000
11/02/1948,CO,Rio_Blanco,Truman,democrat,580,1000
11/02/1948,CO,Rio_Blanco,Dewey,republican,420,1000
11/02/1948,TX,Pecos,Truman,democrat,510,1000
11/02/1948,TX,Pecos,Dewey,republican,490,1000
11/02/1948,IA,Marion,Truman,democrat,580,1000
11/02/1948,IA,Marion,Dewey,republican,420,1000
11/02/1948,OH,Preble,Truman,democrat,470,1000
11/02/1948,OH,Preble,Dewey,republican,530,1000
11/02/1948,GA,Rabun,Truman,democrat,490,1000
11/02/1948,GA,Rabun,Dewey,republican,510,1000
11/02/1948,MO,Taney,Truman,democrat,580,1000
11/02/1948,MO,Taney,Dewey,republican,420,1000
11/02/1948,TX,Marion,Truman,democrat,530,1000
11/02/1948,TX,Marion,Dewey,republican,470,1000
11/02/1948,AR,Washington,Truman,democrat,580,1000
11/02/1948,AR,Washington,Dewey,republican,420,1000
11/02/1948,WA,Skagit,Truman,democrat,580,1000
11/02/1948,WA,Skagit,Dewey,republican,420,1000
11/02/1948,WA,Stevens,Truman,democrat,580,1000
11/02/1948,WA,Stevens,Dewey,republican,420,1000
11/02/1948,TX,Matagorda,Truman,democrat,530,1000
11/02/1948,TX,Matagorda,Dewey,republican,470,1000
11/02/1948,MA,Hampshire,Truman,democrat,580,1000
11/02/1948,MA,Hampshire,Dewey,republican,420,1000
11/02/1948,OK,Mayes,Truman,democrat,580,1000
11/02/1948,OK,Mayes,Dewey,republican,420,1000
11/02/1948,FL,Lake,Truman,democrat,510,1000
11/02/1948,FL,Lake,Dewey,republican,490,1000
11/02/1948,10,Kent,Truman,democrat,580,1000
11/02/1948,10,Kent,Dewey,republican,420,1000
11/02/1948,OH,Highland,Truman,democrat,510,1000
11/02/1948,OH,Highland,Dewey,republican,490,1000
11/02/1948,GA,Clarke,Truman,democrat,530,1000
11/02/1948,GA,Clarke,Dewey,republican,470,1000
11/02/1948,IA,Osceola,Truman,democrat,420,1000
11/02/1948,IA,Osceola,Dewey,republican,580,1000
11/02/1948,CO,San_Juan,Truman,democrat,580,1000
11/02/1948,CO,San_Juan,Dewey,republican,420,1000
11/02/1948,IA,Plymouth,Truman,democrat,580,1000
11/02/1948,IA,Plymouth,Dewey,republican,420,1000
11/02/1948,VA,Hanover,Truman,democrat,470,1000
11/02/1948,VA,Hanover,Dewey,republican,530,1000
11/02/1948,IA,Mills,Truman,democrat,580,1000
11/02/1948,IA,Mills,Dewey,republican,420,1000
11/02/1948,SC,Oconee,Truman,democrat,510,1000
11/02/1948,SC,Oconee,Dewey,republican,490,1000
11/02/1948,AR,Crawford,Truman,democrat,580,1000
11/02/1948,AR,Crawford,Dewey,republican,420,1000
11/02/1948,TX,Harrison,Truman,democrat,580,1000
11/02/1948,TX,Harrison,Dewey,republican,420,1000
11/02/1948,NY,Herkimer,Truman,democrat,580,1000
11/02/1948,NY,Herkimer,Dewey,republican,420,1000
11/02/1948,WA,Whatcom,Truman,democrat,580,1000
11/02/1948,WA,Whatcom,Dewey,republican,420,1000
11/02/1948,GA,Whitfield,Truman,democrat,490,1000
11/02/1948,GA,Whitfield,Dewey,republican,510,1000
11/02/1948,WA,Douglas,Truman,democrat,490,1000
11/02/1948,WA,Douglas,Dewey,republican,510,1000
11/02/1948,GA,Clinch,Truman,democrat,420,1000
11/02/1948,GA,Clinch,Dewey,republican,580,1000
11/02/1948,ID,Adams,Truman,democrat,530,1000
11/02/1948,ID,Adams,Dewey,republican,470,1000
11/02/1948,TX,Hockley,Truman,democrat,420,1000
11/02/1948,TX,Hockley,Dewey,republican,580,1000
11/02/1948,IL,Pulaski,Truman,democrat,580,1000
11/02/1948,IL,Pulaski,Dewey,republican,420,1000
11/02/1948,GA,Chattahoochee,Truman,democrat,580,1000
11/02/1948,GA,Chattahoochee,Dewey,republican,420,1000
11/02/1948,AR,Randolph,Truman,democrat,580,1000
11/02/1948,AR,Randolph,Dewey,republican,420,1000
11/02/1948,AR,White,Truman,democrat,580,1000
11/02/1948,AR,White,Dewey,republican,420,1000
11/02/1948,MO,Howard,Truman,democrat,510,1000
11/02/1948,MO,Howard,Dewey,republican,490,1000
11/02/1948,TX,Knox,Truman,democrat,530,1000
11/02/1948,TX,Knox,Dewey,republican,470,1000
11/02/1948,NJ,Passaic,Truman,democrat,580,1000
11/02/1948,NJ,Passaic,Dewey,republican,420,1000
11/02/1948,MT,Broadwater,Truman,democrat,470,1000
11/02/1948,MT,Broadwater,Dewey,republican,530,1000
11/02/1948,GA,Jones,Truman,democrat,580,1000
11/02/1948,GA,Jones,Dewey,republican,420,1000
11/02/1948,NY,Otsego,Truman,democrat,580,1000
11/02/1948,NY,Otsego,Dewey,republican,420,1000
11/02/1948,TX,Franklin,Truman,democrat,580,1000
11/02/1948,TX,Franklin,Dewey,republican,420,1000
11/02/1948,OK,Garvin,Truman,democrat,580,1000
11/02/1948,OK,Garvin,Dewey,republican,420,1000
11/02/1948,NY,Hamilton,Truman,democrat,530,1000
11/02/1948,NY,Hamilton,Dewey,republican,470,1000
11/02/1948,PA,Pike,Truman,democrat,580,1000
11/02/1948,PA,Pike,Dewey,republican,420,1000
11/02/1948,VT,Orleans,Truman,democrat,580,1000
11/02/1948,VT,Orleans,Dewey,republican,420,1000
11/02/1948,GA,Colquitt,Truman,democrat,470,1000
11/02/1948,GA,Colquitt,Dewey,republican,530,1000
11/02/1948,VT,Chittenden,Truman,democrat,580,1000
11/02/1948,VT,Chittenden,Dewey,republican,420,1000
11/02/1948,MT,Pondera,Truman,democrat,530,1000
11/02/1948,MT,Pondera,Dewey,republican,470,1000
11/02/1948,WI,Columbia,Truman,democrat,580,1000
11/02/1948,WI,Columbia,Dewey,republican,420,1000
11/02/1948,NE,Thurston,Truman,democrat,580,1000
11/02/1948,NE,Thurston,Dewey,republican,420,1000
11/02/1948,AR,Woodruff,Truman,democrat,580,1000
11/02/1948,AR,Woodruff,Dewey,republican,420,1000
11/02/1948,OK,Okfuskee,Truman,democrat,470,1000
11/02/1948,OK,Okfuskee,Dewey,republican,530,1000
11/02/1948,TX,San_Patricio,Truman,democrat,580,1000
11/02/1948,TX,San_Patricio,Dewey,republican,420,1000
11/02/1948,MS,Rankin,Truman,democrat,470,1000
11/02/1948,MS,Rankin,Dewey,republican,530,1000
11/02/1948,NM,Curry,Truman,democrat,490,1000
11/02/1948,NM,Curry,Dewey,republican,510,1000
11/02/1948,MS,Leflore,Truman,democrat,580,1000
11/02/1948,MS,Leflore,Dewey,republican,420,1000
11/02/1948,TX,Hardin,Truman,democrat,530,1000
11/02/1948,TX,Hardin,Dewey,republican,470,1000
11/02/1948,VA,Nelson,Truman,democrat,580,1000
11/02/1948,VA,Nelson,Dewey,republican,420,1000
11/02/1948,TN,Jackson,Truman,democrat,580,1000
11/02/1948,TN,Jackson,Dewey,republican,420,1000
11/02/1948,TX,Refugio,Truman,democrat,580,1000
11/02/1948,TX,Refugio,Dewey,republican,420,1000
11/02/1948,FL,Columbia,Truman,democrat,470,1000
11/02/1948,FL,Columbia,Dewey,republican,530,1000
11/02/1948,KS,Atchison,Truman,democrat,580,1000
11/02/1948,KS,Atchison,Dewey,republican,420,1000
11/02/1948,AL,Jefferson,Truman,democrat,470,1000
11/02/1948,AL,Jefferson,Dewey,republican,530,1000
11/02/1948,TX,Houston,Truman,democrat,510,1000
11/02/1948,TX,Houston,Dewey,republican,490,1000
11/02/1948,WV,Marshall,Truman,democrat,580,1000
11/02/1948,WV,Marshall,Dewey,republican,420,1000
11/02/1948,VA,Pulaski,Truman,democrat,580,1000
11/02/1948,VA,Pulaski,Dewey,republican,420,1000
11/02/1948,MO,DeKalb,Truman,democrat,470,1000
11/02/1948,MO,DeKalb,Dewey,republican,530,1000
11/02/1948,GA,Harris,Truman,democrat,580,1000
11/02/1948,GA,Harris,Dewey,republican,420,1000
11/02/1948,GA,Houston,Truman,democrat,530,1000
11/02/1948,GA,Houston,Dewey,republican,470,1000
11/02/1948,CO,Custer,Truman,democrat,580,1000
11/02/1948,CO,Custer,Dewey,republican,420,1000
11/02/1948,MO,Reynolds,Truman,democrat,580,1000
11/02/1948,MO,Reynolds,Dewey,republican,420,1000
11/02/1948,TX,San_Saba,Truman,democrat,420,1000
11/02/1948,TX,San_Saba,Dewey,republican,580,1000
11/02/1948,CO,Fremont,Truman,democrat,580,1000
11/02/1948,CO,Fremont,Dewey,republican,420,1000
11/02/1948,TX,Webb,Truman,democrat,580,1000
11/02/1948,TX,Webb,Dewey,republican,420,1000
11/02/1948,KY,Pulaski,Truman,democrat,420,1000
11/02/1948,KY,Pulaski,Dewey,republican,580,1000
11/02/1948,KS,Thomas,Truman,democrat,580,1000
11/02/1948,KS,Thomas,Dewey,republican,420,1000
11/02/1948,UT,Box_Elder,Truman,democrat,470,1000
11/02/1948,UT,Box_Elder,Dewey,republican,530,1000
11/02/1948,TN,Marion,Truman,democrat,530,1000
11/02/1948,TN,Marion,Dewey,republican,470,1000
11/02/1948,MN,Chisago,Truman,democrat,580,1000
11/02/1948,MN,Chisago,Dewey,republican,420,1000
11/02/1948,NC,Transylvania,Truman,democrat,530,1000
11/02/1948,NC,Transylvania,Dewey,republican,470,1000
11/02/1948,MT,Treasure,Truman,democrat,470,1000
11/02/1948,MT,Treasure,Dewey,republican,530,1000
11/02/1948,WA,Thurston,Truman,democrat,580,1000
11/02/1948,WA,Thurston,Dewey,republican,420,1000
11/02/1948,MI,Barry,Truman,democrat,580,1000
11/02/1948,MI,Barry,Dewey,republican,420,1000
11/02/1948,UT,Juab,Truman,democrat,470,1000
11/02/1948,UT,Juab,Dewey,republican,530,1000
11/02/1948,VA,King_William,Truman,democrat,470,1000
11/02/1948,VA,King_William,Dewey,republican,530,1000
11/02/1948,GA,Catoosa,Truman,democrat,503,1000
11/02/1948,GA,Catoosa,Dewey,republican,497,1000
11/02/1948,NJ,Bergen,Truman,democrat,580,1000
11/02/1948,NJ,Bergen,Dewey,republican,420,1000
11/02/1948,TX,Wilbarger,Truman,democrat,580,1000
11/02/1948,TX,Wilbarger,Dewey,republican,420,1000
11/02/1948,OR,Coos,Truman,democrat,580,1000
11/02/1948,OR,Coos,Dewey,republican,420,1000
11/02/1948,AZ,Yuma,Truman,democrat,530,1000
11/02/1948,AZ,Yuma,Dewey,republican,470,1000
11/02/1948,IL,Rock_Island,Truman,democrat,580,1000
11/02/1948,IL,Rock_Island,Dewey,republican,420,1000
11/02/1948,KY,Fleming,Truman,democrat,510,1000
11/02/1948,KY,Fleming,Dewey,republican,490,1000
11/02/1948,WI,Menominee,Truman,democrat,490,1000
11/02/1948,WI,Menominee,Dewey,republican,510,1000
11/02/1948,OK,Ellis,Truman,democrat,470,1000
11/02/1948,OK,Ellis,Dewey,republican,530,1000
11/02/1948,VA,Alleghany,Truman,democrat,580,1000
11/02/1948,VA,Alleghany,Dewey,republican,420,1000
11/02/1948,SD,Charles_Mix,Truman,democrat,530,1000
11/02/1948,SD,Charles_Mix,Dewey,republican,470,1000
11/02/1948,TN,Hardeman,Truman,democrat,580,1000
11/02/1948,TN,Hardeman,Dewey,republican,420,1000
11/02/1948,MT,Glacier,Truman,democrat,580,1000
11/02/1948,MT,Glacier,Dewey,republican,420,1000
11/02/1948,MT,Park,Truman,democrat,490,1000
11/02/1948,MT,Park,Dewey,republican,510,1000
11/02/1948,GA,Elbert,Truman,democrat,490,1000
11/02/1948,GA,Elbert,Dewey,republican,510,1000
11/02/1948,MT,Sanders,Truman,democrat,530,1000
11/02/1948,MT,Sanders,Dewey,republican,470,1000
11/02/1948,TX,Van_Zandt,Truman,democrat,580,1000
11/02/1948,TX,Van_Zandt,Dewey,republican,420,1000
11/02/1948,NE,Gage,Truman,democrat,420,1000
11/02/1948,NE,Gage,Dewey,republican,580,1000
11/02/1948,LA,St_Landry,Truman,democrat,580,1000
11/02/1948,LA,St_Landry,Dewey,republican,420,1000
11/02/1948,ME,Knox,Truman,democrat,580,1000
11/02/1948,ME,Knox,Dewey,republican,420,1000
11/02/1948,NV,Lyon,Truman,democrat,530,1000
11/02/1948,NV,Lyon,Dewey,republican,470,1000
11/02/1948,AL,Colbert,Truman,democrat,420,1000
11/02/1948,AL,Colbert,Dewey,republican,580,1000
11/02/1948,LA,Lincoln,Truman,democrat,580,1000
11/02/1948,LA,Lincoln,Dewey,republican,420,1000
11/02/1948,CA,El_Dorado,Truman,democrat,530,1000
11/02/1948,CA,El_Dorado,Dewey,republican,470,1000
11/02/1948,ID,Shoshone,Truman,democrat,580,1000
11/02/1948,ID,Shoshone,Dewey,republican,420,1000
11/02/1948,TN,Wilson,Truman,democrat,530,1000
11/02/1948,TN,Wilson,Dewey,republican,470,1000
11/02/1948,ND,Mercer,Truman,democrat,470,1000
11/02/1948,ND,Mercer,Dewey,republican,530,1000
11/02/1948,TN,Unicoi,Truman,democrat,420,1000
11/02/1948,TN,Unicoi,Dewey,republican,580,1000
11/02/1948,WY,Goshen,Truman,democrat,490,1000
11/02/1948,WY,Goshen,Dewey,republican,510,1000
11/02/1948,MN,Nicollet,Truman,democrat,580,1000
11/02/1948,MN,Nicollet,Dewey,republican,420,1000
11/02/1948,WA,Garfield,Truman,democrat,470,1000
11/02/1948,WA,Garfield,Dewey,republican,530,1000
11/02/1948,MO,Cape_Girardeau,Truman,democrat,580,1000
11/02/1948,MO,Cape_Girardeau,Dewey,republican,420,1000
11/02/1948,OK,Pawnee,Truman,democrat,530,1000
11/02/1948,OK,Pawnee,Dewey,republican,470,1000
11/02/1948,NC,Swain,Truman,democrat,510,1000
11/02/1948,NC,Swain,Dewey,republican,490,1000
11/02/1948,VA,Culpeper,Truman,democrat,497,1000
11/02/1948,VA,Culpeper,Dewey,republican,503,1000
11/02/1948,NY,Tioga,Truman,democrat,580,1000
11/02/1948,NY,Tioga,Dewey,republican,420,1000
11/02/1948,NC,Jackson,Truman,democrat,530,1000
11/02/1948,NC,Jackson,Dewey,republican,470,1000
11/02/1948,TX,Bosque,Truman,democrat,470,1000
11/02/1948,TX,Bosque,Dewey,republican,530,1000
11/02/1948,IL,Pope,Truman,democrat,580,1000
11/02/1948,IL,Pope,Dewey,republican,420,1000
11/02/1948,IA,Buchanan,Truman,democrat,580,1000
11/02/1948,IA,Buchanan,Dewey,republican,420,1000
11/02/1948,TN,Fentress,Truman,democrat,530,1000
11/02/1948,TN,Fentress,Dewey,republican,470,1000
11/02/1948,IL,Sangamon,Truman,democrat,580,1000
11/02/1948,IL,Sangamon,Dewey,republican,420,1000
11/02/1948,KS,Franklin,Truman,democrat,530,1000
11/02/1948,KS,Franklin,Dewey,republican,470,1000
11/02/1948,OR,Jackson,Truman,democrat,530,1000
11/02/1948,OR,Jackson,Dewey,republican,470,1000
11/02/1948,ID,Fremont,Truman,democrat,530,1000
11/02/1948,ID,Fremont,Dewey,republican,470,1000
11/02/1948,NE,Holt,Truman,democrat,580,1000
11/02/1948,NE,Holt,Dewey,republican,420,1000
11/02/1948,MO,Jackson,Truman,democrat,580,1000
11/02/1948,MO,Jackson,Dewey,republican,420,1000
11/02/1948,VA,King_George,Truman,democrat,510,1000
11/02/1948,VA,King_George,Dewey,republican,490,1000
11/02/1948,TX,Caldwell,Truman,democrat,580,1000
11/02/1948,TX,Caldwell,Dewey,republican,420,1000
11/02/1948,VA,Lancaster,Truman,democrat,580,1000
11/02/1948,VA,Lancaster,Dewey,republican,420,1000
11/02/1948,MO,Chariton,Truman,democrat,490,1000
11/02/1948,MO,Chariton,Dewey,republican,510,1000
11/02/1948,MT,Cascade,Truman,democrat,580,1000
11/02/1948,MT,Cascade,Dewey,republican,420,1000
11/02/1948,VA,Mathews,Truman,democrat,470,1000
11/02/1948,VA,Mathews,Dewey,republican,530,1000
11/02/1948,OK,Bryan,Truman,democrat,580,1000
11/02/1948,OK,Bryan,Dewey,republican,420,1000
11/02/1948,TX,Washington,Truman,democrat,420,1000
11/02/1948,TX,Washington,Dewey,republican,580,1000
11/02/1948,OH,Gallia,Truman,democrat,580,1000
11/02/1948,OH,Gallia,Dewey,republican,420,1000
11/02/1948,TN,Hamilton,Truman,democrat,470,1000
11/02/1948,TN,Hamilton,Dewey,republican,530,1000
11/02/1948,NE,Sheridan,Truman,democrat,580,1000
11/02/1948,NE,Sheridan,Dewey,republican,420,1000
11/02/1948,IL,Jo_Daviess,Truman,democrat,580,1000
11/02/1948,IL,Jo_Daviess,Dewey,republican,420,1000
11/02/1948,SD,Corson,Truman,democrat,490,1000
11/02/1948,SD,Corson,Dewey,republican,510,1000
11/02/1948,MO,Lafayette,Truman,democrat,470,1000
11/02/1948,MO,Lafayette,Dewey,republican,530,1000
11/02/1948,PA,Montgomery,Truman,democrat,580,1000
11/02/1948,PA,Montgomery,Dewey,republican,420,1000
11/02/1948,MD,Prince_George_s,Truman,democrat,580,1000
11/02/1948,MD,Prince_George_s,Dewey,republican,420,1000
11/02/1948,VA,Middlesex,Truman,democrat,490,1000
11/02/1948,VA,Middlesex,Dewey,republican,510,1000
11/02/1948,ID,Owyhee,Truman,democrat,510,1000
11/02/1948,ID,Owyhee,Dewey,republican,490,1000
11/02/1948,KS,Doniphan,Truman,democrat,580,1000
11/02/1948,KS,Doniphan,Dewey,republican,420,1000
11/02/1948,NC,Graham,Truman,democrat,470,1000
11/02/1948,NC,Graham,Dewey,republican,530,1000
11/02/1948,AL,Lamar,Truman,democrat,420,1000
11/02/1948,AL,Lamar,Dewey,republican,580,1000
11/02/1948,GA,Coffee,Truman,democrat,470,1000
11/02/1948,GA,Coffee,Dewey,republican,530,1000
11/02/1948,CO,Ouray,Truman,democrat,580,1000
11/02/1948,CO,Ouray,Dewey,republican,420,1000
11/02/1948,NC,Henderson,Truman,democrat,530,1000
11/02/1948,NC,Henderson,Dewey,republican,470,1000
11/02/1948,ID,Elmore,Truman,democrat,530,1000
11/02/1948,ID,Elmore,Dewey,republican,470,1000
11/02/1948,ID,Jefferson,Truman,democrat,470,1000
11/02/1948,ID,Jefferson,Dewey,republican,530,1000
11/02/1948,IN,Lake,Truman,democrat,580,1000
11/02/1948,IN,Lake,Dewey,republican,420,1000
11/02/1948,PA,Lycoming,Truman,democrat,510,1000
11/02/1948,PA,Lycoming,Dewey,republican,490,1000
11/02/1948,NJ,Hunterdon,Truman,democrat,510,1000
11/02/1948,NJ,Hunterdon,Dewey,republican,490,1000
11/02/1948,VA,Smyth,Truman,democrat,530,1000
11/02/1948,VA,Smyth,Dewey,republican,470,1000
11/02/1948,VA,Spotsylvania,Truman,democrat,470,1000
11/02/1948,VA,Spotsylvania,Dewey,republican,530,1000
11/02/1948,NE,Sarpy,Truman,democrat,470,1000
11/02/1948,NE,Sarpy,Dewey,republican,530,1000
11/02/1948,OK,Harmon,Truman,democrat,580,1000
11/02/1948,OK,Harmon,Dewey,republican,420,1000
11/02/1948,GA,Toombs,Truman,democrat,530,1000
11/02/1948,GA,Toombs,Dewey,republican,470,1000
11/02/1948,KS,Harper,Truman,democrat,470,1000
11/02/1948,KS,Harper,Dewey,republican,530,1000
11/02/1948,AL,Shelby,Truman,democrat,420,1000
11/02/1948,AL,Shelby,Dewey,republican,580,1000
11/02/1948,AR,Calhoun,Truman,democrat,580,1000
11/02/1948,AR,Calhoun,Dewey,republican,420,1000
11/02/1948,NY,Columbia,Truman,democrat,580,1000
11/02/1948,NY,Columbia,Dewey,republican,420,1000
11/02/1948,GA,Warren,Truman,democrat,580,1000
11/02/1948,GA,Warren,Dewey,republican,420,1000
11/02/1948,OR,Linn,Truman,democrat,530,1000
11/02/1948,OR,Linn,Dewey,republican,470,1000
11/02/1948,SD,Gregory,Truman,democrat,470,1000
11/02/1948,SD,Gregory,Dewey,republican,530,1000
11/02/1948,TX,San_Jacinto,Truman,democrat,470,1000
11/02/1948,TX,San_Jacinto,Dewey,republican,530,1000
11/02/1948,IL,Calhoun,Truman,democrat,580,1000
11/02/1948,IL,Calhoun,Dewey,republican,420,1000
11/02/1948,FL,Brevard,Truman,democrat,530,1000
11/02/1948,FL,Brevard,Dewey,republican,470,1000
11/02/1948,NE,Scotts_Bluff,Truman,democrat,470,1000
11/02/1948,NE,Scotts_Bluff,Dewey,republican,530,1000
11/02/1948,ND,Nelson,Truman,democrat,580,1000
11/02/1948,ND,Nelson,Dewey,republican,420,1000
11/02/1948,ME,Androscoggin,Truman,democrat,580,1000
11/02/1948,ME,Androscoggin,Dewey,republican,420,1000
11/02/1948,TX,Wise,Truman,democrat,470,1000
11/02/1948,TX,Wise,Dewey,republican,530,1000
11/02/1948,TN,Rutherford,Truman,democrat,580,1000
11/02/1948,TN,Rutherford,Dewey,republican,420,1000
11/02/1948,MI,Houghton,Truman,democrat,580,1000
11/02/1948,MI,Houghton,Dewey,republican,420,1000
11/02/1948,KY,Leslie,Truman,democrat,530,1000
11/02/1948,KY,Leslie,Dewey,republican,470,1000
11/02/1948,NC,Harnett,Truman,democrat,580,1000
11/02/1948,NC,Harnett,Dewey,republican,420,1000
11/02/1948,KY,Perry,Truman,democrat,580,1000
11/02/1948,KY,Perry,Dewey,republican,420,1000
11/02/1948,IL,DuPage,Truman,democrat,530,1000
11/02/1948,IL,DuPage,Dewey,republican,470,1000
11/02/1948,MN,Anoka,Truman,democrat,580,1000
11/02/1948,MN,Anoka,Dewey,republican,420,1000
11/02/1948,CA,Butte,Truman,democrat,530,1000
11/02/1948,CA,Butte,Dewey,republican,470,1000
11/02/1948,MN,Stearns,Truman,democrat,580,1000
11/02/1948,MN,Stearns,Dewey,republican,420,1000
11/02/1948,MN,Sherburne,Truman,democrat,580,1000
11/02/1948,MN,Sherburne,Dewey,republican,420,1000
11/02/1948,MO,Jasper,Truman,democrat,580,1000
11/02/1948,MO,Jasper,Dewey,republican,420,1000
11/02/1948,GA,Wayne,Truman,democrat,470,1000
11/02/1948,GA,Wayne,Dewey,republican,530,1000
11/02/1948,MD,Frederick,Truman,democrat,580,1000
11/02/1948,MD,Frederick,Dewey,republican,420,1000
11/02/1948,AL,Dallas,Truman,democrat,470,1000
11/02/1948,AL,Dallas,Dewey,republican,530,1000
11/02/1948,MI,Genesee,Truman,democrat,580,1000
11/02/1948,MI,Genesee,Dewey,republican,420,1000
11/02/1948,NC,Hoke,Truman,democrat,580,1000
11/02/1948,NC,Hoke,Dewey,republican,420,1000
11/02/1948,VA,Campbell,Truman,democrat,470,1000
11/02/1948,VA,Campbell,Dewey,republican,530,1000
11/02/1948,MN,Jackson,Truman,democrat,580,1000
11/02/1948,MN,Jackson,Dewey,republican,420,1000
11/02/1948,MI,St_Joseph,Truman,democrat,580,1000
11/02/1948,MI,St_Joseph,Dewey,republican,420,1000
11/02/1948,KY,Bath,Truman,democrat,530,1000
11/02/1948,KY,Bath,Dewey,republican,470,1000
11/02/1948,SD,Brookings,Truman,democrat,580,1000
11/02/1948,SD,Brookings,Dewey,republican,420,1000
11/02/1948,TN,Cocke,Truman,democrat,420,1000
11/02/1948,TN,Cocke,Dewey,republican,580,1000
11/02/1948,SD,Minnehaha,Truman,democrat,580,1000
11/02/1948,SD,Minnehaha,Dewey,republican,420,1000
11/02/1948,SC,Abbeville,Truman,democrat,580,1000
11/02/1948,SC,Abbeville,Dewey,republican,420,1000
11/02/1948,SC,Aiken,Truman,democrat,580,1000
11/02/1948,SC,Aiken,Dewey,republican,420,1000
11/02/1948,TN,Dickson,Truman,democrat,580,1000
11/02/1948,TN,Dickson,Dewey,republican,420,1000
11/02/1948,SC,Edgefield,Truman,democrat,470,1000
11/02/1948,SC,Edgefield,Dewey,republican,530,1000
11/02/1948,MN,Lac_Qui_Parle,Truman,democrat,580,1000
11/02/1948,MN,Lac_Qui_Parle,Dewey,republican,420,1000
11/02/1948,MT,Powell,Truman,democrat,530,1000
11/02/1948,MT,Powell,Dewey,republican,470,1000
11/02/1948,OR,Union,Truman,democrat,470,1000
11/02/1948,OR,Union,Dewey,republican,530,1000
11/02/1948,AK,Dillingham,Truman,democrat,530,1000
11/02/1948,AK,Dillingham,Dewey,republican,470,1000
11/02/1948,IN,Jefferson,Truman,democrat,580,1000
11/02/1948,IN,Jefferson,Dewey,republican,420,1000
11/02/1948,MS,Coahoma,Truman,democrat,580,1000
11/02/1948,MS,Coahoma,Dewey,republican,420,1000
11/02/1948,NY,Orange,Truman,democrat,580,1000
11/02/1948,NY,Orange,Dewey,republican,420,1000
11/02/1948,WI,Iron,Truman,democrat,580,1000
11/02/1948,WI,Iron,Dewey,republican,420,1000
11/02/1948,KY,Franklin,Truman,democrat,530,1000
11/02/1948,KY,Franklin,Dewey,republican,470,1000
11/02/1948,IN,Clinton,Truman,democrat,530,1000
11/02/1948,IN,Clinton,Dewey,republican,470,1000
11/02/1948,LA,St_Charles,Truman,democrat,580,1000
11/02/1948,LA,St_Charles,Dewey,republican,420,1000
11/02/1948,NC,Greene,Truman,democrat,580,1000
11/02/1948,NC,Greene,Dewey,republican,420,1000
11/02/1948,TN,Lauderdale,Truman,democrat,580,1000
11/02/1948,TN,Lauderdale,Dewey,republican,420,1000
11/02/1948,TN,DeKalb,Truman,democrat,580,1000
11/02/1948,TN,DeKalb,Dewey,republican,420,1000
11/02/1948,FL,Citrus,Truman,democrat,580,1000
11/02/1948,FL,Citrus,Dewey,republican,420,1000
11/02/1948,SC,Greenwood,Truman,democrat,490,1000
11/02/1948,SC,Greenwood,Dewey,republican,510,1000
11/02/1948,TN,Perry,Truman,democrat,580,1000
11/02/1948,TN,Perry,Dewey,republican,420,1000
11/02/1948,WI,Sheboygan,Truman,democrat,530,1000
11/02/1948,WI,Sheboygan,Dewey,republican,470,1000
11/02/1948,SC,Spartanburg,Truman,democrat,530,1000
11/02/1948,SC,Spartanburg,Dewey,republican,470,1000
11/02/1948,MN,Renville,Truman,democrat,580,1000
11/02/1948,MN,Renville,Dewey,republican,420,1000
11/02/1948,MO,Cole,Truman,democrat,580,1000
11/02/1948,MO,Cole,Dewey,republican,420,1000
11/02/1948,WY,Fremont,Truman,democrat,510,1000
11/02/1948,WY,Fremont,Dewey,republican,490,1000
11/02/1948,TN,Claiborne,Truman,democrat,470,1000
11/02/1948,TN,Claiborne,Dewey,republican,530,1000
11/02/1948,PA,Beaver,Truman,democrat,580,1000
11/02/1948,PA,Beaver,Dewey,republican,420,1000
11/02/1948,PA,Erie,Truman,democrat,580,1000
11/02/1948,PA,Erie,Dewey,republican,420,1000
11/02/1948,NC,Wayne,Truman,democrat,580,1000
11/02/1948,NC,Wayne,Dewey,republican,420,1000
11/02/1948,TX,Hays,Truman,democrat,580,1000
11/02/1948,TX,Hays,Dewey,republican,420,1000
11/02/1948,UT,Millard,Truman,democrat,490,1000
11/02/1948,UT,Millard,Dewey,republican,510,1000
11/02/1948,AL,Tallapoosa,Truman,democrat,530,1000
11/02/1948,AL,Tallapoosa,Dewey,republican,470,1000
11/02/1948,MN,Washington,Truman,democrat,580,1000
11/02/1948,MN,Washington,Dewey,republican,420,1000
11/02/1948,IA,Lyon,Truman,democrat,490,1000
11/02/1948,IA,Lyon,Dewey,republican,510,1000
11/02/1948,NY,Chemung,Truman,democrat,580,1000
11/02/1948,NY,Chemung,Dewey,republican,420,1000
11/02/1948,NE,Red_Willow,Truman,democrat,470,1000
11/02/1948,NE,Red_Willow,Dewey,republican,530,1000
11/02/1948,WV,Hancock,Truman,democrat,580,1000
11/02/1948,WV,Hancock,Dewey,republican,420,1000
11/02/1948,FL,Okeechobee,Truman,democrat,530,1000
11/02/1948,FL,Okeechobee,Dewey,republican,470,1000
11/02/1948,NE,Hitchcock,Truman,democrat,470,1000
11/02/1948,NE,Hitchcock,Dewey,republican,530,1000
11/02/1948,LA,Cameron,Truman,democrat,580,1000
11/02/1948,LA,Cameron,Dewey,republican,420,1000
11/02/1948,OK,Love,Truman,democrat,580,1000
11/02/1948,OK,Love,Dewey,republican,420,1000
11/02/1948,IA,Bremer,Truman,democrat,580,1000
11/02/1948,IA,Bremer,Dewey,republican,420,1000
11/02/1948,ID,Butte,Truman,democrat,470,1000
11/02/1948,ID,Butte,Dewey,republican,530,1000
11/02/1948,AR,Lafayette,Truman,democrat,580,1000
11/02/1948,AR,Lafayette,Dewey,republican,420,1000
11/02/1948,SD,Stanley,Truman,democrat,470,1000
11/02/1948,SD,Stanley,Dewey,republican,530,1000
11/02/1948,OH,Franklin,Truman,democrat,580,1000
11/02/1948,OH,Franklin,Dewey,republican,420,1000
11/02/1948,MT,Fergus,Truman,democrat,470,1000
11/02/1948,MT,Fergus,Dewey,republican,530,1000
11/02/1948,NC,Davie,Truman,democrat,490,1000
11/02/1948,NC,Davie,Dewey,republican,510,1000
11/02/1948,AR,Independence,Truman,democrat,580,1000
11/02/1948,AR,Independence,Dewey,republican,420,1000
11/02/1948,NC,Pender,Truman,democrat,580,1000
11/02/1948,NC,Pender,Dewey,republican,420,1000
11/02/1948,MO,Nodaway,Truman,democrat,470,1000
11/02/1948,MO,Nodaway,Dewey,republican,530,1000
11/02/1948,NE,Seward,Truman,democrat,420,1000
11/02/1948,NE,Seward,Dewey,republican,580,1000
11/02/1948,OK,Wagoner,Truman,democrat,580,1000
11/02/1948,OK,Wagoner,Dewey,republican,420,1000
11/02/1948,OK,Harper,Truman,democrat,470,1000
11/02/1948,OK,Harper,Dewey,republican,530,1000
11/02/1948,AL,Covington,Truman,democrat,580,1000
11/02/1948,AL,Covington,Dewey,republican,420,1000
11/02/1948,KS,Greeley,Truman,democrat,580,1000
11/02/1948,KS,Greeley,Dewey,republican,420,1000
11/02/1948,MI,Arenac,Truman,democrat,580,1000
11/02/1948,MI,Arenac,Dewey,republican,420,1000
11/02/1948,TX,Jefferson,Truman,democrat,580,1000
11/02/1948,TX,Jefferson,Dewey,republican,420,1000
11/02/1948,WI,Burnett,Truman,democrat,580,1000
11/02/1948,WI,Burnett,Dewey,republican,420,1000
11/02/1948,IN,Floyd,Truman,democrat,580,1000
11/02/1948,IN,Floyd,Dewey,republican,420,1000
11/02/1948,MI,Gogebic,Truman,democrat,580,1000
11/02/1948,MI,Gogebic,Dewey,republican,420,1000
11/02/1948,GA,Union,Truman,democrat,470,1000
11/02/1948,GA,Union,Dewey,republican,530,1000
11/02/1948,NJ,Middlesex,Truman,democrat,580,1000
11/02/1948,NJ,Middlesex,Dewey,republican,420,1000
11/02/1948,AR,Monroe,Truman,democrat,580,1000
11/02/1948,AR,Monroe,Dewey,republican,420,1000
11/02/1948,MN,Pennington,Truman,democrat,580,1000
11/02/1948,MN,Pennington,Dewey,republican,420,1000
11/02/1948,RI,Washington,Truman,democrat,580,1000
11/02/1948,RI,Washington,Dewey,republican,420,1000
11/02/1948,AR,Lonoke,Truman,democrat,580,1000
11/02/1948,AR,Lonoke,Dewey,republican,420,1000
11/02/1948,NE,Dakota,Truman,democrat,580,1000
11/02/1948,NE,Dakota,Dewey,republican,420,1000
11/02/1948,AR,Little_River,Truman,democrat,580,1000
11/02/1948,AR,Little_River,Dewey,republican,420,1000
11/02/1948,AR,Logan,Truman,democrat,580,1000
11/02/1948,AR,Logan,Dewey,republican,420,1000
11/02/1948,VA,Harrisonburg,Truman,democrat,530,1000
11/02/1948,VA,Harrisonburg,Dewey,republican,470,1000
11/02/1948,NC,Mitchell,Truman,democrat,510,1000
11/02/1948,NC,Mitchell,Dewey,republican,490,1000
11/02/1948,VA,York,Truman,democrat,580,1000
11/02/1948,VA,York,Dewey,republican,420,1000
11/02/1948,LA,Rapides,Truman,democrat,580,1000
11/02/1948,LA,Rapides,Dewey,republican,420,1000
11/02/1948,KS,Gove,Truman,democrat,530,1000
11/02/1948,KS,Gove,Dewey,republican,470,1000
11/02/1948,VA,Powhatan,Truman,democrat,420,1000
11/02/1948,VA,Powhatan,Dewey,republican,580,1000
11/02/1948,AR,Sharp,Truman,democrat,580,1000
11/02/1948,AR,Sharp,Dewey,republican,420,1000
11/02/1948,MS,Tate,Truman,democrat,580,1000
11/02/1948,MS,Tate,Dewey,republican,420,1000
11/02/1948,TN,Scott,Truman,democrat,470,1000
11/02/1948,TN,Scott,Dewey,republican,530,1000
11/02/1948,ME,Penobscot,Truman,democrat,580,1000
11/02/1948,ME,Penobscot,Dewey,republican,420,1000
11/02/1948,NC,Montgomery,Truman,democrat,580,1000
11/02/1948,NC,Montgomery,Dewey,republican,420,1000
11/02/1948,NE,Sioux,Truman,democrat,510,1000
11/02/1948,NE,Sioux,Dewey,republican,490,1000
11/02/1948,WA,Columbia,Truman,democrat,470,1000
11/02/1948,WA,Columbia,Dewey,republican,530,1000
11/02/1948,CA,San_Francisco,Truman,democrat,580,1000
11/02/1948,CA,San_Francisco,Dewey,republican,420,1000
11/02/1948,MO,Platte,Truman,democrat,580,1000
11/02/1948,MO,Platte,Dewey,republican,420,1000
11/02/1948,ND,Traill,Truman,democrat,580,1000
11/02/1948,ND,Traill,Dewey,republican,420,1000
11/02/1948,NJ,Atlantic,Truman,democrat,580,1000
11/02/1948,NJ,Atlantic,Dewey,republican,420,1000
11/02/1948,VA,Chesterfield,Truman,democrat,497,1000
11/02/1948,VA,Chesterfield,Dewey,republican,503,1000
11/02/1948,IN,LaGrange,Truman,democrat,470,1000
11/02/1948,IN,LaGrange,Dewey,republican,530,1000
11/02/1948,CO,Garfield,Truman,democrat,510,1000
11/02/1948,CO,Garfield,Dewey,republican,490,1000
11/02/1948,FL,Indian_River,Truman,democrat,530,1000
11/02/1948,FL,Indian_River,Dewey,republican,470,1000
11/02/1948,NC,Rutherford,Truman,democrat,470,1000
11/02/1948,NC,Rutherford,Dewey,republican,530,1000
11/02/1948,OH,Mahoning,Truman,democrat,580,1000
11/02/1948,OH,Mahoning,Dewey,republican,420,1000
11/02/1948,KS,Clark,Truman,democrat,503,1000
11/02/1948,KS,Clark,Dewey,republican,497,1000
11/02/1948,MO,Buchanan,Truman,democrat,530,1000
11/02/1948,MO,Buchanan,Dewey,republican,470,1000
11/02/1948,OH,Lake,Truman,democrat,580,1000
11/02/1948,OH,Lake,Dewey,republican,420,1000
11/02/1948,IN,Daviess,Truman,democrat,580,1000
11/02/1948,IN,Daviess,Dewey,republican,420,1000
11/02/1948,IA,Muscatine,Truman,democrat,580,1000
11/02/1948,IA,Muscatine,Dewey,republican,420,1000
11/02/1948,NJ,Hudson,Truman,democrat,580,1000
11/02/1948,NJ,Hudson,Dewey,republican,420,1000
11/02/1948,CA,Plumas,Truman,democrat,530,1000
11/02/1948,CA,Plumas,Dewey,republican,470,1000
11/02/1948,LA,Winn,Truman,democrat,530,1000
11/02/1948,LA,Winn,Dewey,republican,470,1000
11/02/1948,AR,Pike,Truman,democrat,580,1000
11/02/1948,AR,Pike,Dewey,republican,420,1000
11/02/1948,MO,St_Charles,Truman,democrat,510,1000
11/02/1948,MO,St_Charles,Dewey,republican,490,1000
11/02/1948,IL,Knox,Truman,democrat,580,1000
11/02/1948,IL,Knox,Dewey,republican,420,1000
11/02/1948,CA,San_Mateo,Truman,democrat,580,1000
11/02/1948,CA,San_Mateo,Dewey,republican,420,1000
11/02/1948,AL,Crenshaw,Truman,democrat,580,1000
11/02/1948,AL,Crenshaw,Dewey,republican,420,1000
11/02/1948,NC,Tyrrell,Truman,democrat,580,1000
11/02/1948,NC,Tyrrell,Dewey,republican,420,1000
11/02/1948,KS,Johnson,Truman,democrat,510,1000
11/02/1948,KS,Johnson,Dewey,republican,490,1000
11/02/1948,IN,Steuben,Truman,democrat,510,1000
11/02/1948,IN,Steuben,Dewey,republican,490,1000
11/02/1948,CO,Kit_Carson,Truman,democrat,580,1000
11/02/1948,CO,Kit_Carson,Dewey,republican,420,1000
11/02/1948,FL,Palm_Beach,Truman,democrat,580,1000
11/02/1948,FL,Palm_Beach,Dewey,republican,420,1000
11/02/1948,IL,Marion,Truman,democrat,580,1000
11/02/1948,IL,Marion,Dewey,republican,420,1000
11/02/1948,CO,Moffat,Truman,democrat,580,1000
11/02/1948,CO,Moffat,Dewey,republican,420,1000
11/02/1948,MN,Norman,Truman,democrat,580,1000
11/02/1948,MN,Norman,Dewey,republican,420,1000
11/02/1948,MO,Bollinger,Truman,democrat,580,1000
11/02/1948,MO,Bollinger,Dewey,republican,420,1000
11/02/1948,VA,Appomattox,Truman,democrat,420,1000
11/02/1948,VA,Appomattox,Dewey,republican,580,1000
11/02/1948,WA,Wahkiakum,Truman,democrat,580,1000
11/02/1948,WA,Wahkiakum,Dewey,republican,420,1000
11/02/1948,GA,Richmond,Truman,democrat,580,1000
11/02/1948,GA,Richmond,Dewey,republican,420,1000
11/02/1948,NC,Orange,Truman,democrat,580,1000
11/02/1948,NC,Orange,Dewey,republican,420,1000
11/02/1948,PA,Armstrong,Truman,democrat,580,1000
11/02/1948,PA,Armstrong,Dewey,republican,420,1000
11/02/1948,TX,Henderson,Truman,democrat,470,1000
11/02/1948,TX,Henderson,Dewey,republican,530,1000
11/02/1948,GA,Stewart,Truman,democrat,580,1000
11/02/1948,GA,Stewart,Dewey,republican,420,1000
11/02/1948,KY,Hardin,Truman,democrat,510,1000
11/02/1948,KY,Hardin,Dewey,republican,490,1000
11/02/1948,MN,Morrison,Truman,democrat,530,1000
11/02/1948,MN,Morrison,Dewey,republican,470,1000
11/02/1948,IL,Mason,Truman,democrat,580,1000
11/02/1948,IL,Mason,Dewey,republican,420,1000
11/02/1948,TX,Red_River,Truman,democrat,580,1000
11/02/1948,TX,Red_River,Dewey,republican,420,1000
11/02/1948,FL,Collier,Truman,democrat,420,1000
11/02/1948,FL,Collier,Dewey,republican,580,1000
11/02/1948,TX,Travis,Truman,democrat,580,1000
11/02/1948,TX,Travis,Dewey,republican,420,1000
11/02/1948,CA,Sutter,Truman,democrat,490,1000
11/02/1948,CA,Sutter,Dewey,republican,510,1000
11/02/1948,CA,Lassen,Truman,democrat,420,1000
11/02/1948,CA,Lassen,Dewey,republican,580,1000
11/02/1948,FL,Osceola,Truman,democrat,580,1000
11/02/1948,FL,Osceola,Dewey,republican,420,1000
11/02/1948,ID,Teton,Truman,democrat,530,1000
11/02/1948,ID,Teton,Dewey,republican,470,1000
11/02/1948,CO,Rio_Grande,Truman,democrat,580,1000
11/02/1948,CO,Rio_Grande,Dewey,republican,420,1000
11/02/1948,MI,Delta,Truman,democrat,580,1000
11/02/1948,MI,Delta,Dewey,republican,420,1000
11/02/1948,NY,Queens,Truman,democrat,580,1000
11/02/1948,NY,Queens,Dewey,republican,420,1000
11/02/1948,OR,Curry,Truman,democrat,530,1000
11/02/1948,OR,Curry,Dewey,republican,470,1000
11/02/1948,VA,Essex,Truman,democrat,580,1000
11/02/1948,VA,Essex,Dewey,republican,420,1000
11/02/1948,OK,Tillman,Truman,democrat,580,1000
11/02/1948,OK,Tillman,Dewey,republican,420,1000
11/02/1948,CO,Crowley,Truman,democrat,580,1000
11/02/1948,CO,Crowley,Dewey,republican,420,1000
11/02/1948,CO,Pueblo,Truman,democrat,530,1000
11/02/1948,CO,Pueblo,Dewey,republican,470,1000
11/02/1948,CO,Las_Animas,Truman,democrat,580,1000
11/02/1948,CO,Las_Animas,Dewey,republican,420,1000
11/02/1948,OK,Adair,Truman,democrat,580,1000
11/02/1948,OK,Adair,Dewey,republican,420,1000
11/02/1948,NY,Schoharie,Truman,democrat,530,1000
11/02/1948,NY,Schoharie,Dewey,republican,470,1000
11/02/1948,NY,Broome,Truman,democrat,580,1000
11/02/1948,NY,Broome,Dewey,republican,420,1000
11/02/1948,OH,Scioto,Truman,democrat,580,1000
11/02/1948,OH,Scioto,Dewey,republican,420,1000
11/02/1948,OH,Seneca,Truman,democrat,530,1000
11/02/1948,OH,Seneca,Dewey,republican,470,1000
11/02/1948,TX,Starr,Truman,democrat,580,1000
11/02/1948,TX,Starr,Dewey,republican,420,1000
11/02/1948,GA,Glynn,Truman,democrat,490,1000
11/02/1948,GA,Glynn,Dewey,republican,510,1000
11/02/1948,GA,Hall,Truman,democrat,530,1000
11/02/1948,GA,Hall,Dewey,republican,470,1000
11/02/1948,TX,Brazoria,Truman,democrat,470,1000
11/02/1948,TX,Brazoria,Dewey,republican,530,1000
11/02/1948,PA,Northumberland,Truman,democrat,530,1000
11/02/1948,PA,Northumberland,Dewey,republican,470,1000
11/02/1948,MI,Washtenaw,Truman,democrat,530,1000
11/02/1948,MI,Washtenaw,Dewey,republican,470,1000
11/02/1948,NC,Ashe,Truman,democrat,490,1000
11/02/1948,NC,Ashe,Dewey,republican,510,1000
11/02/1948,VA,Russell,Truman,democrat,580,1000
11/02/1948,VA,Russell,Dewey,republican,420,1000
11/02/1948,NC,Bladen,Truman,democrat,580,1000
11/02/1948,NC,Bladen,Dewey,republican,420,1000
11/02/1948,KY,Johnson,Truman,democrat,580,1000
11/02/1948,KY,Johnson,Dewey,republican,420,1000
11/02/1948,NC,Robeson,Truman,democrat,580,1000
11/02/1948,NC,Robeson,Dewey,republican,420,1000
11/02/1948,TN,Shelby,Truman,democrat,580,1000
11/02/1948,TN,Shelby,Dewey,republican,420,1000
11/02/1948,MI,Iosco,Truman,democrat,580,1000
11/02/1948,MI,Iosco,Dewey,republican,420,1000
11/02/1948,OK,Muskogee,Truman,democrat,580,1000
11/02/1948,OK,Muskogee,Dewey,republican,420,1000
11/02/1948,GA,Crawford,Truman,democrat,580,1000
11/02/1948,GA,Crawford,Dewey,republican,420,1000
11/02/1948,VA,Virginia_Beach,Truman,democrat,497,1000
11/02/1948,VA,Virginia_Beach,Dewey,republican,503,1000
11/02/1948,MI,Oakland,Truman,democrat,580,1000
11/02/1948,MI,Oakland,Dewey,republican,420,1000
11/02/1948,MI,Saginaw,Truman,democrat,580,1000
11/02/1948,MI,Saginaw,Dewey,republican,420,1000
11/02/1948,TN,Greene,Truman,democrat,420,1000
11/02/1948,TN,Greene,Dewey,republican,580,1000
11/02/1948,PA,Carbon,Truman,democrat,580,1000
11/02/1948,PA,Carbon,Dewey,republican,420,1000
11/02/1948,SC,Chesterfield,Truman,democrat,580,1000
11/02/1948,SC,Chesterfield,Dewey,republican,420,1000
11/02/1948,TN,Sullivan,Truman,democrat,420,1000
11/02/1948,TN,Sullivan,Dewey,republican,580,1000
11/02/1948,NM,Roosevelt,Truman,democrat,580,1000
11/02/1948,NM,Roosevelt,Dewey,republican,420,1000
11/02/1948,LA,Ascension,Truman,democrat,580,1000
11/02/1948,LA,Ascension,Dewey,republican,420,1000
11/02/1948,GA,Berrien,Truman,democrat,470,1000
11/02/1948,GA,Berrien,Dewey,republican,530,1000
11/02/1948,NC,Johnston,Truman,democrat,470,1000
11/02/1948,NC,Johnston,Dewey,republican,530,1000
11/02/1948,KY,Lawrence,Truman,democrat,580,1000
11/02/1948,KY,Lawrence,Dewey,republican,420,1000
11/02/1948,PA,Fayette,Truman,democrat,580,1000
11/02/1948,PA,Fayette,Dewey,republican,420,1000
11/02/1948,TN,Lawrence,Truman,democrat,580,1000
11/02/1948,TN,Lawrence,Dewey,republican,420,1000
11/02/1948,UT,Iron,Truman,democrat,420,1000
11/02/1948,UT,Iron,Dewey,republican,580,1000
11/02/1948,VA,Bland,Truman,democrat,580,1000
11/02/1948,VA,Bland,Dewey,republican,420,1000
11/02/1948,IA,Lee,Truman,democrat,580,1000
11/02/1948,IA,Lee,Dewey,republican,420,1000
11/02/1948,MI,Bay,Truman,democrat,580,1000
11/02/1948,MI,Bay,Dewey,republican,420,1000
11/02/1948,NE,Washington,Truman,democrat,470,1000
11/02/1948,NE,Washington,Dewey,republican,530,1000
11/02/1948,NE,Cheyenne,Truman,democrat,580,1000
11/02/1948,NE,Cheyenne,Dewey,republican,420,1000
11/02/1948,SC,Hampton,Truman,democrat,580,1000
11/02/1948,SC,Hampton,Dewey,republican,420,1000
11/02/1948,NC,Rockingham,Truman,democrat,530,1000
11/02/1948,NC,Rockingham,Dewey,republican,470,1000
11/02/1948,OH,Miami,Truman,democrat,470,1000
11/02/1948,OH,Miami,Dewey,republican,530,1000
11/02/1948,OK,Pottawatomie,Truman,democrat,580,1000
11/02/1948,OK,Pottawatomie,Dewey,republican,420,1000
11/02/1948,OR,Polk,Truman,democrat,580,1000
11/02/1948,OR,Polk,Dewey,republican,420,1000
11/02/1948,PA,McKean,Truman,democrat,530,1000
11/02/1948,PA,McKean,Dewey,republican,470,1000
11/02/1948,SC,Dorchester,Truman,democrat,470,1000
11/02/1948,SC,Dorchester,Dewey,republican,530,1000
11/02/1948,VA,Waynesboro,Truman,democrat,580,1000
11/02/1948,VA,Waynesboro,Dewey,republican,420,1000
11/02/1948,WV,Mercer,Truman,democrat,580,1000
11/02/1948,WV,Mercer,Dewey,republican,420,1000
11/02/1948,AR,Jefferson,Truman,democrat,580,1000
11/02/1948,AR,Jefferson,Dewey,republican,420,1000
11/02/1948,CA,Tulare,Truman,democrat,470,1000
11/02/1948,CA,Tulare,Dewey,republican,530,1000
11/02/1948,ID,Bingham,Truman,democrat,420,1000
11/02/1948,ID,Bingham,Dewey,republican,580,1000
11/02/1948,IA,Hardin,Truman,democrat,580,1000
11/02/1948,IA,Hardin,Dewey,republican,420,1000
11/02/1948,VA,Chesapeake,Truman,democrat,530,1000
11/02/1948,VA,Chesapeake,Dewey,republican,470,1000
11/02/1948,IA,Cedar,Truman,democrat,580,1000
11/02/1948,IA,Cedar,Dewey,republican,420,1000
11/02/1948,AR,Chicot,Truman,democrat,580,1000
11/02/1948,AR,Chicot,Dewey,republican,420,1000
11/02/1948,CA,Tehama,Truman,democrat,470,1000
11/02/1948,CA,Tehama,Dewey,republican,530,1000
11/02/1948,MS,Madison,Truman,democrat,510,1000
11/02/1948,MS,Madison,Dewey,republican,490,1000
11/02/1948,UT,Garfield,Truman,democrat,530,1000
11/02/1948,UT,Garfield,Dewey,republican,470,1000
11/02/1948,TX,Johnson,Truman,democrat,470,1000
11/02/1948,TX,Johnson,Dewey,republican,530,1000
11/02/1948,MT,Judith_Basin,Truman,democrat,510,1000
11/02/1948,MT,Judith_Basin,Dewey,republican,490,1000
11/02/1948,WA,Benton,Truman,democrat,530,1000
11/02/1948,WA,Benton,Dewey,republican,470,1000
11/02/1948,WI,Wood,Truman,democrat,580,1000
11/02/1948,WI,Wood,Dewey,republican,420,1000
11/02/1948,NC,Hyde,Truman,democrat,580,1000
11/02/1948,NC,Hyde,Dewey,republican,420,1000
11/02/1948,ND,Emmons,Truman,democrat,470,1000
11/02/1948,ND,Emmons,Dewey,republican,530,1000
11/02/1948,TX,Gaines,Truman,democrat,420,1000
11/02/1948,TX,Gaines,Dewey,republican,580,1000
11/02/1948,TX,Lee,Truman,democrat,530,1000
11/02/1948,TX,Lee,Dewey,republican,470,1000
11/02/1948,KY,Owen,Truman,democrat,580,1000
11/02/1948,KY,Owen,Dewey,republican,420,1000
11/02/1948,KY,Jessamine,Truman,democrat,470,1000
11/02/1948,KY,Jessamine,Dewey,republican,530,1000
11/02/1948,KY,Rowan,Truman,democrat,530,1000
11/02/1948,KY,Rowan,Dewey,republican,470,1000
11/02/1948,MO,Miller,Truman,democrat,580,1000
11/02/1948,MO,Miller,Dewey,republican,420,1000
11/02/1948,NH,Carroll,Truman,democrat,580,1000
11/02/1948,NH,Carroll,Dewey,republican,420,1000
11/02/1948,VA,Roanoke,Truman,democrat,510,1000
11/02/1948,VA,Roanoke,Dewey,republican,490,1000
11/02/1948,NC,Watauga,Truman,democrat,580,1000
11/02/1948,NC,Watauga,Dewey,republican,420,1000
11/02/1948,CA,Kings,Truman,democrat,510,1000
11/02/1948,CA,Kings,Dewey,republican,490,1000
11/02/1948,LA,East_Feliciana,Truman,democrat,580,1000
11/02/1948,LA,East_Feliciana,Dewey,republican,420,1000
11/02/1948,MO,Benton,Truman,democrat,530,1000
11/02/1948,MO,Benton,Dewey,republican,470,1000
11/02/1948,KS,Sumner,Truman,democrat,530,1000
11/02/1948,KS,Sumner,Dewey,republican,470,1000
11/02/1948,KY,Livingston,Truman,democrat,530,1000
11/02/1948,KY,Livingston,Dewey,republican,470,1000
11/02/1948,CA,San_Joaquin,Truman,democrat,530,1000
11/02/1948,CA,San_Joaquin,Dewey,republican,470,1000
11/02/1948,OK,Alfalfa,Truman,democrat,420,1000
11/02/1948,OK,Alfalfa,Dewey,republican,580,1000
11/02/1948,PA,Berks,Truman,democrat,530,1000
11/02/1948,PA,Berks,Dewey,republican,470,1000
11/02/1948,PA,Lebanon,Truman,democrat,497,1000
11/02/1948,PA,Lebanon,Dewey,republican,503,1000
11/02/1948,GA,Calhoun,Truman,democrat,580,1000
11/02/1948,GA,Calhoun,Dewey,republican,420,1000
11/02/1948,AR,Scott,Truman,democrat,580,1000
11/02/1948,AR,Scott,Dewey,republican,420,1000
11/02/1948,CO,Baca,Truman,democrat,580,1000
11/02/1948,CO,Baca,Dewey,republican,420,1000
11/02/1948,FL,Bay,Truman,democrat,580,1000
11/02/1948,FL,Bay,Dewey,republican,420,1000
11/02/1948,GA,Lowndes,Truman,democrat,580,1000
11/02/1948,GA,Lowndes,Dewey,republican,420,1000
11/02/1948,IN,Vermillion,Truman,democrat,580,1000
11/02/1948,IN,Vermillion,Dewey,republican,420,1000
11/02/1948,NY,Sullivan,Truman,democrat,580,1000
11/02/1948,NY,Sullivan,Dewey,republican,420,1000
11/02/1948,OH,Pickaway,Truman,democrat,530,1000
11/02/1948,OH,Pickaway,Dewey,republican,470,1000
11/02/1948,OK,Woodward,Truman,democrat,530,1000
11/02/1948,OK,Woodward,Dewey,republican,470,1000
11/02/1948,NE,Boyd,Truman,democrat,530,1000
11/02/1948,NE,Boyd,Dewey,republican,470,1000
11/02/1948,KY,Cumberland,Truman,democrat,420,1000
11/02/1948,KY,Cumberland,Dewey,republican,580,1000
11/02/1948,MN,Wabasha,Truman,democrat,580,1000
11/02/1948,MN,Wabasha,Dewey,republican,420,1000
11/02/1948,VA,Southampton,Truman,democrat,580,1000
11/02/1948,VA,Southampton,Dewey,republican,420,1000
11/02/1948,NY,Dutchess,Truman,democrat,580,1000
11/02/1948,NY,Dutchess,Dewey,republican,420,1000
11/02/1948,VA,James_City,Truman,democrat,580,1000
11/02/1948,VA,James_City,Dewey,republican,420,1000
11/02/1948,GA,Taylor,Truman,democrat,580,1000
11/02/1948,GA,Taylor,Dewey,republican,420,1000
11/02/1948,TX,Smith,Truman,democrat,510,1000
11/02/1948,TX,Smith,Dewey,republican,490,1000
11/02/1948,TX,Kerr,Truman,democrat,580,1000
11/02/1948,TX,Kerr,Dewey,republican,420,1000
11/02/1948,WV,Lewis,Truman,democrat,530,1000
11/02/1948,WV,Lewis,Dewey,republican,470,1000
11/02/1948,ND,Oliver,Truman,democrat,470,1000
11/02/1948,ND,Oliver,Dewey,republican,530,1000
11/02/1948,TN,Morgan,Truman,democrat,470,1000
11/02/1948,TN,Morgan,Dewey,republican,530,1000
11/02/1948,WY,Big_Horn,Truman,democrat,420,1000
11/02/1948,WY,Big_Horn,Dewey,republican,580,1000
11/02/1948,KY,Mason,Truman,democrat,530,1000
11/02/1948,KY,Mason,Dewey,republican,470,1000
11/02/1948,LA,St_Helena,Truman,democrat,580,1000
11/02/1948,LA,St_Helena,Dewey,republican,420,1000
11/02/1948,MD,Garrett,Truman,democrat,530,1000
11/02/1948,MD,Garrett,Dewey,republican,470,1000
11/02/1948,MI,Mackinac,Truman,democrat,580,1000
11/02/1948,MI,Mackinac,Dewey,republican,420,1000
11/02/1948,TN,Davidson,Truman,democrat,580,1000
11/02/1948,TN,Davidson,Dewey,republican,420,1000
11/02/1948,TX,Grimes,Truman,democrat,470,1000
11/02/1948,TX,Grimes,Dewey,republican,530,1000
11/02/1948,TX,Foard,Truman,democrat,580,1000
11/02/1948,TX,Foard,Dewey,republican,420,1000
11/02/1948,VA,Franklin_Co,Truman,democrat,420,1000
11/02/1948,VA,Franklin_Co,Dewey,republican,580,1000
11/02/1948,VA,Botetourt,Truman,democrat,580,1000
11/02/1948,VA,Botetourt,Dewey,republican,420,1000
11/02/1948,NC,Pasquotank,Truman,democrat,580,1000
11/02/1948,NC,Pasquotank,Dewey,republican,420,1000
11/02/1948,AR,Baxter,Truman,democrat,580,1000
11/02/1948,AR,Baxter,Dewey,republican,420,1000
11/02/1948,NY,Tompkins,Truman,democrat,580,1000
11/02/1948,NY,Tompkins,Dewey,republican,420,1000
11/02/1948,WV,Webster,Truman,democrat,580,1000
11/02/1948,WV,Webster,Dewey,republican,420,1000
11/02/1948,WV,Clay,Truman,democrat,580,1000
11/02/1948,WV,Clay,Dewey,republican,420,1000
11/02/1948,WV,Jackson,Truman,democrat,580,1000
11/02/1948,WV,Jackson,Dewey,republican,420,1000
11/02/1948,AL,Sumter,Truman,democrat,497,1000
11/02/1948,AL,Sumter,Dewey,republican,503,1000
11/02/1948,AZ,Pima,Truman,democrat,530,1000
11/02/1948,AZ,Pima,Dewey,republican,470,1000
11/02/1948,CO,Jackson,Truman,democrat,420,1000
11/02/1948,CO,Jackson,Dewey,republican,580,1000
11/02/1948,IL,Lake,Truman,democrat,530,1000
11/02/1948,IL,Lake,Dewey,republican,470,1000
11/02/1948,MS,Jackson,Truman,democrat,420,1000
11/02/1948,MS,Jackson,Dewey,republican,580,1000
11/02/1948,MT,Daniels,Truman,democrat,530,1000
11/02/1948,MT,Daniels,Dewey,republican,470,1000
11/02/1948,NH,Sullivan,Truman,democrat,580,1000
11/02/1948,NH,Sullivan,Dewey,republican,420,1000
11/02/1948,NJ,Gloucester,Truman,democrat,580,1000
11/02/1948,NJ,Gloucester,Dewey,republican,420,1000
11/02/1948,NC,Bertie,Truman,democrat,580,1000
11/02/1948,NC,Bertie,Dewey,republican,420,1000
11/02/1948,SD,Ziebach,Truman,democrat,530,1000
11/02/1948,SD,Ziebach,Dewey,republican,470,1000
11/02/1948,IA,Ringgold,Truman,democrat,580,1000
11/02/1948,IA,Ringgold,Dewey,republican,420,1000
11/02/1948,AL,Lauderdale,Truman,democrat,530,1000
11/02/1948,AL,Lauderdale,Dewey,republican,470,1000
11/02/1948,AZ,Santa_Cruz,Truman,democrat,580,1000
11/02/1948,AZ,Santa_Cruz,Dewey,republican,420,1000
11/02/1948,MS,Marion,Truman,democrat,580,1000
11/02/1948,MS,Marion,Dewey,republican,420,1000
11/02/1948,AL,Limestone,Truman,democrat,510,1000
11/02/1948,AL,Limestone,Dewey,republican,490,1000
11/02/1948,FL,Calhoun,Truman,democrat,580,1000
11/02/1948,FL,Calhoun,Dewey,republican,420,1000
11/02/1948,FL,Hernando,Truman,democrat,580,1000
11/02/1948,FL,Hernando,Dewey,republican,420,1000
11/02/1948,FL,Washington,Truman,democrat,580,1000
11/02/1948,FL,Washington,Dewey,republican,420,1000
11/02/1948,SD,Edmunds,Truman,democrat,530,1000
11/02/1948,SD,Edmunds,Dewey,republican,470,1000
11/02/1948,SD,Walworth,Truman,democrat,503,1000
11/02/1948,SD,Walworth,Dewey,republican,497,1000
11/02/1948,IL,Henderson,Truman,democrat,580,1000
11/02/1948,IL,Henderson,Dewey,republican,420,1000
11/02/1948,KY,Trimble,Truman,democrat,530,1000
11/02/1948,KY,Trimble,Dewey,republican,470,1000
11/02/1948,LA,St_Tammany,Truman,democrat,580,1000
11/02/1948,LA,St_Tammany,Dewey,republican,420,1000
11/02/1948,MD,BaltimoreCity,Truman,democrat,580,1000
11/02/1948,MD,BaltimoreCity,Dewey,republican,420,1000
11/02/1948,NC,Beaufort,Truman,democrat,580,1000
11/02/1948,NC,Beaufort,Dewey,republican,420,1000
11/02/1948,OH,Columbiana,Truman,democrat,530,1000
11/02/1948,OH,Columbiana,Dewey,republican,470,1000
11/02/1948,MT,Musselshell,Truman,democrat,470,1000
11/02/1948,MT,Musselshell,Dewey,republican,530,1000
11/02/1948,TX,Cameron,Truman,democrat,580,1000
11/02/1948,TX,Cameron,Dewey,republican,420,1000
11/02/1948,CA,Siskiyou,Truman,democrat,530,1000
11/02/1948,CA,Siskiyou,Dewey,republican,470,1000
11/02/1948,CO,Costilla,Truman,democrat,580,1000
11/02/1948,CO,Costilla,Dewey,republican,420,1000
11/02/1948,10,Sussex,Truman,democrat,580,1000
11/02/1948,10,Sussex,Dewey,republican,420,1000
11/02/1948,WA,Lewis,Truman,democrat,470,1000
11/02/1948,WA,Lewis,Dewey,republican,530,1000
11/02/1948,NJ,Sussex,Truman,democrat,510,1000
11/02/1948,NJ,Sussex,Dewey,republican,490,1000
11/02/1948,MA,Dukes,Truman,democrat,580,1000
11/02/1948,MA,Dukes,Dewey,republican,420,1000
11/02/1948,MN,Pine,Truman,democrat,580,1000
11/02/1948,MN,Pine,Dewey,republican,420,1000
11/02/1948,MS,Scott,Truman,democrat,470,1000
11/02/1948,MS,Scott,Dewey,republican,530,1000
11/02/1948,MT,Hill,Truman,democrat,580,1000
11/02/1948,MT,Hill,Dewey,republican,420,1000
11/02/1948,NY,Franklin,Truman,democrat,580,1000
11/02/1948,NY,Franklin,Dewey,republican,420,1000
11/02/1948,NJ,Essex,Truman,democrat,580,1000
11/02/1948,NJ,Essex,Dewey,republican,420,1000
11/02/1948,WA,Mason,Truman,democrat,580,1000
11/02/1948,WA,Mason,Dewey,republican,420,1000
11/02/1948,AR,Cleveland,Truman,democrat,580,1000
11/02/1948,AR,Cleveland,Dewey,republican,420,1000
11/02/1948,IN,Shelby,Truman,democrat,470,1000
11/02/1948,IN,Shelby,Dewey,republican,530,1000
11/02/1948,IN,Decatur,Truman,democrat,530,1000
11/02/1948,IN,Decatur,Dewey,republican,470,1000
11/02/1948,KY,Breathitt,Truman,democrat,580,1000
11/02/1948,KY,Breathitt,Dewey,republican,420,1000
11/02/1948,LA,St_James,Truman,democrat,580,1000
11/02/1948,LA,St_James,Dewey,republican,420,1000
11/02/1948,MO,Shelby,Truman,democrat,580,1000
11/02/1948,MO,Shelby,Dewey,republican,420,1000
11/02/1948,IN,Vigo,Truman,democrat,580,1000
11/02/1948,IN,Vigo,Dewey,republican,420,1000
11/02/1948,IA,Jackson,Truman,democrat,580,1000
11/02/1948,IA,Jackson,Dewey,republican,420,1000
11/02/1948,KS,Montgomery,Truman,democrat,580,1000
11/02/1948,KS,Montgomery,Dewey,republican,420,1000
11/02/1948,KY,Martin,Truman,democrat,580,1000
11/02/1948,KY,Martin,Dewey,republican,420,1000
11/02/1948,MI,Benzie,Truman,democrat,580,1000
11/02/1948,MI,Benzie,Dewey,republican,420,1000
11/02/1948,MS,Lafayette,Truman,democrat,580,1000
11/02/1948,MS,Lafayette,Dewey,republican,420,1000
11/02/1948,NY,Steuben,Truman,democrat,530,1000
11/02/1948,NY,Steuben,Dewey,republican,470,1000
11/02/1948,CO,Larimer,Truman,democrat,530,1000
11/02/1948,CO,Larimer,Dewey,republican,470,1000
11/02/1948,MI,Manistee,Truman,democrat,580,1000
11/02/1948,MI,Manistee,Dewey,republican,420,1000
11/02/1948,NC,Surry,Truman,democrat,470,1000
11/02/1948,NC,Surry,Dewey,republican,530,1000
11/02/1948,WA,Pend_Oreille,Truman,democrat,510,1000
11/02/1948,WA,Pend_Oreille,Dewey,republican,490,1000
11/02/1948,KY,Clark,Truman,democrat,510,1000
11/02/1948,KY,Clark,Dewey,republican,490,1000
11/02/1948,NY,Fulton,Truman,democrat,580,1000
11/02/1948,NY,Fulton,Dewey,republican,420,1000
11/02/1948,OH,Wayne,Truman,democrat,530,1000
11/02/1948,OH,Wayne,Dewey,republican,470,1000
11/02/1948,SC,York,Truman,democrat,490,1000
11/02/1948,SC,York,Dewey,republican,510,1000
11/02/1948,MO,Schuyler,Truman,democrat,580,1000
11/02/1948,MO,Schuyler,Dewey,republican,420,1000
11/02/1948,MT,Stillwater,Truman,democrat,503,1000
11/02/1948,MT,Stillwater,Dewey,republican,497,1000
11/02/1948,VA,Rockingham,Truman,democrat,510,1000
11/02/1948,VA,Rockingham,Dewey,republican,490,1000
11/02/1948,GA,Meriwether,Truman,democrat,580,1000
11/02/1948,GA,Meriwether,Dewey,republican,420,1000
11/02/1948,ND,McKenzie,Truman,democrat,490,1000
11/02/1948,ND,McKenzie,Dewey,republican,510,1000
11/02/1948,ND,Morton,Truman,democrat,510,1000
11/02/1948,ND,Morton,Dewey,republican,490,1000
11/02/1948,OR,Yamhill,Truman,democrat,580,1000
11/02/1948,OR,Yamhill,Dewey,republican,420,1000
11/02/1948,SC,Marlboro,Truman,democrat,580,1000
11/02/1948,SC,Marlboro,Dewey,republican,420,1000
11/02/1948,NC,Clay,Truman,democrat,470,1000
11/02/1948,NC,Clay,Dewey,republican,530,1000
11/02/1948,MT,Chouteau,Truman,democrat,470,1000
11/02/1948,MT,Chouteau,Dewey,republican,530,1000
11/02/1948,SC,Greenville,Truman,democrat,510,1000
11/02/1948,SC,Greenville,Dewey,republican,490,1000
11/02/1948,AL,Pickens,Truman,democrat,490,1000
11/02/1948,AL,Pickens,Dewey,republican,510,1000
11/02/1948,MO,Iron,Truman,democrat,580,1000
11/02/1948,MO,Iron,Dewey,republican,420,1000
11/02/1948,UT,Daggett,Truman,democrat,530,1000
11/02/1948,UT,Daggett,Dewey,republican,470,1000
11/02/1948,FL,Broward,Truman,democrat,580,1000
11/02/1948,FL,Broward,Dewey,republican,420,1000
11/02/1948,MS,Hinds,Truman,democrat,530,1000
11/02/1948,MS,Hinds,Dewey,republican,470,1000
11/02/1948,NC,Onslow,Truman,democrat,580,1000
11/02/1948,NC,Onslow,Dewey,republican,420,1000
11/02/1948,AL,Clarke,Truman,democrat,530,1000
11/02/1948,AL,Clarke,Dewey,republican,470,1000
11/02/1948,AR,Madison,Truman,democrat,580,1000
11/02/1948,AR,Madison,Dewey,republican,420,1000
11/02/1948,FL,Liberty,Truman,democrat,580,1000
11/02/1948,FL,Liberty,Dewey,republican,420,1000
11/02/1948,IN,Monroe,Truman,democrat,580,1000
11/02/1948,IN,Monroe,Dewey,republican,420,1000
11/02/1948,IN,Dubois,Truman,democrat,580,1000
11/02/1948,IN,Dubois,Dewey,republican,420,1000
11/02/1948,IA,Buena_Vista,Truman,democrat,580,1000
11/02/1948,IA,Buena_Vista,Dewey,republican,420,1000
11/02/1948,KS,Gray,Truman,democrat,530,1000
11/02/1948,KS,Gray,Dewey,republican,470,1000
11/02/1948,KY,Grant,Truman,democrat,530,1000
11/02/1948,KY,Grant,Dewey,republican,470,1000
11/02/1948,TN,Putnam,Truman,democrat,580,1000
11/02/1948,TN,Putnam,Dewey,republican,420,1000
11/02/1948,TN,Benton,Truman,democrat,530,1000
11/02/1948,TN,Benton,Dewey,republican,470,1000
11/02/1948,UT,Duchesne,Truman,democrat,530,1000
11/02/1948,UT,Duchesne,Dewey,republican,470,1000
11/02/1948,VA,Isle_of_Wight,Truman,democrat,580,1000
11/02/1948,VA,Isle_of_Wight,Dewey,republican,420,1000
11/02/1948,WY,Hot_Springs,Truman,democrat,470,1000
11/02/1948,WY,Hot_Springs,Dewey,republican,530,1000
11/02/1948,SD,Perkins,Truman,democrat,470,1000
11/02/1948,SD,Perkins,Dewey,republican,530,1000
11/02/1948,UT,Beaver,Truman,democrat,470,1000
11/02/1948,UT,Beaver,Dewey,republican,530,1000
11/02/1948,VA,Buchanan,Truman,democrat,580,1000
11/02/1948,VA,Buchanan,Dewey,republican,420,1000
11/02/1948,WV,Mingo,Truman,democrat,580,1000
11/02/1948,WV,Mingo,Dewey,republican,420,1000
11/02/1948,AL,Talladega,Truman,democrat,470,1000
11/02/1948,AL,Talladega,Dewey,republican,530,1000
11/02/1948,KY,Bourbon,Truman,democrat,503,1000
11/02/1948,KY,Bourbon,Dewey,republican,497,1000
11/02/1948,PA,Monroe,Truman,democrat,580,1000
11/02/1948,PA,Monroe,Dewey,republican,420,1000
11/02/1948,WA,Ferry,Truman,democrat,580,1000
11/02/1948,WA,Ferry,Dewey,republican,420,1000
11/02/1948,ID,Twin_Falls,Truman,democrat,470,1000
11/02/1948,ID,Twin_Falls,Dewey,republican,530,1000
11/02/1948,MD,Charles,Truman,democrat,580,1000
11/02/1948,MD,Charles,Dewey,republican,420,1000
11/02/1948,VA,Loudoun,Truman,democrat,510,1000
11/02/1948,VA,Loudoun,Dewey,republican,490,1000
11/02/1948,IL,Winnebago,Truman,democrat,580,1000
11/02/1948,IL,Winnebago,Dewey,republican,420,1000
11/02/1948,CO,Conejos,Truman,democrat,580,1000
11/02/1948,CO,Conejos,Dewey,republican,420,1000
11/02/1948,AL,Geneva,Truman,democrat,530,1000
11/02/1948,AL,Geneva,Dewey,republican,470,1000
11/02/1948,CA,Alameda,Truman,democrat,580,1000
11/02/1948,CA,Alameda,Dewey,republican,420,1000
11/02/1948,FL,Franklin,Truman,democrat,510,1000
11/02/1948,FL,Franklin,Dewey,republican,490,1000
11/02/1948,WV,Morgan,Truman,democrat,530,1000
11/02/1948,WV,Morgan,Dewey,republican,470,1000
11/02/1948,WV,Randolph,Truman,democrat,490,1000
11/02/1948,WV,Randolph,Dewey,republican,510,1000
11/02/1948,MS,Yazoo,Truman,democrat,580,1000
11/02/1948,MS,Yazoo,Dewey,republican,420,1000
11/02/1948,MT,McCone,Truman,democrat,470,1000
11/02/1948,MT,McCone,Dewey,republican,530,1000
11/02/1948,GA,Atkinson,Truman,democrat,470,1000
11/02/1948,GA,Atkinson,Dewey,republican,530,1000
11/02/1948,GA,Chatham,Truman,democrat,580,1000
11/02/1948,GA,Chatham,Dewey,republican,420,1000
11/02/1948,KY,Carlisle,Truman,democrat,580,1000
11/02/1948,KY,Carlisle,Dewey,republican,420,1000
11/02/1948,MO,Cass,Truman,democrat,580,1000
11/02/1948,MO,Cass,Dewey,republican,420,1000
11/02/1948,GA,Habersham,Truman,democrat,420,1000
11/02/1948,GA,Habersham,Dewey,republican,580,1000
11/02/1948,KY,Magoffin,Truman,democrat,580,1000
11/02/1948,KY,Magoffin,Dewey,republican,420,1000
11/02/1948,KY,Harlan,Truman,democrat,580,1000
11/02/1948,KY,Harlan,Dewey,republican,420,1000
11/02/1948,NC,Randolph,Truman,democrat,470,1000
11/02/1948,NC,Randolph,Dewey,republican,530,1000
11/02/1948,IL,Will,Truman,democrat,580,1000
11/02/1948,IL,Will,Dewey,republican,420,1000
11/02/1948,IN,Knox,Truman,democrat,580,1000
11/02/1948,IN,Knox,Dewey,republican,420,1000
11/02/1948,KY,Allen,Truman,democrat,470,1000
11/02/1948,KY,Allen,Dewey,republican,530,1000
11/02/1948,LA,Madison,Truman,democrat,580,1000
11/02/1948,LA,Madison,Dewey,republican,420,1000
11/02/1948,MN,Fillmore,Truman,democrat,580,1000
11/02/1948,MN,Fillmore,Dewey,republican,420,1000
11/02/1948,WA,Spokane,Truman,democrat,530,1000
11/02/1948,WA,Spokane,Dewey,republican,470,1000
11/02/1948,UT,Morgan,Truman,democrat,470,1000
11/02/1948,UT,Morgan,Dewey,republican,530,1000
11/02/1948,WI,Manitowoc,Truman,democrat,580,1000
11/02/1948,WI,Manitowoc,Dewey,republican,420,1000
11/02/1948,AL,Marion,Truman,democrat,490,1000
11/02/1948,AL,Marion,Dewey,republican,510,1000
11/02/1948,MI,Montcalm,Truman,democrat,580,1000
11/02/1948,MI,Montcalm,Dewey,republican,420,1000
11/02/1948,KY,Nicholas,Truman,democrat,580,1000
11/02/1948,KY,Nicholas,Dewey,republican,420,1000
11/02/1948,KY,Powell,Truman,democrat,510,1000
11/02/1948,KY,Powell,Dewey,republican,490,1000
11/02/1948,NC,Richmond,Truman,democrat,580,1000
11/02/1948,NC,Richmond,Dewey,republican,420,1000
11/02/1948,KY,Union,Truman,democrat,580,1000
11/02/1948,KY,Union,Dewey,republican,420,1000
11/02/1948,IL,Fayette,Truman,democrat,580,1000
11/02/1948,IL,Fayette,Dewey,republican,420,1000
11/02/1948,KY,Webster,Truman,democrat,530,1000
11/02/1948,KY,Webster,Dewey,republican,470,1000
11/02/1948,ID,Blaine,Truman,democrat,580,1000
11/02/1948,ID,Blaine,Dewey,republican,420,1000
11/02/1948,IL,Henry,Truman,democrat,580,1000
11/02/1948,IL,Henry,Dewey,republican,420,1000
11/02/1948,TN,Trousdale,Truman,democrat,580,1000
11/02/1948,TN,Trousdale,Dewey,republican,420,1000
11/02/1948,WI,Calumet,Truman,democrat,580,1000
11/02/1948,WI,Calumet,Dewey,republican,420,1000
11/02/1948,NM,Otero,Truman,democrat,470,1000
11/02/1948,NM,Otero,Dewey,republican,530,1000
11/02/1948,IN,LaPorte,Truman,democrat,580,1000
11/02/1948,IN,LaPorte,Dewey,republican,420,1000
11/02/1948,MA,Middlesex,Truman,democrat,580,1000
11/02/1948,MA,Middlesex,Dewey,republican,420,1000
11/02/1948,MS,Tunica,Truman,democrat,580,1000
11/02/1948,MS,Tunica,Dewey,republican,420,1000
11/02/1948,MT,Toole,Truman,democrat,530,1000
11/02/1948,MT,Toole,Dewey,republican,470,1000
11/02/1948,WA,Island,Truman,democrat,580,1000
11/02/1948,WA,Island,Dewey,republican,420,1000
11/02/1948,WV,Jefferson,Truman,democrat,580,1000
11/02/1948,WV,Jefferson,Dewey,republican,420,1000
11/02/1948,KY,Wolfe,Truman,democrat,530,1000
11/02/1948,KY,Wolfe,Dewey,republican,470,1000
11/02/1948,MA,Barnstable,Truman,democrat,580,1000
11/02/1948,MA,Barnstable,Dewey,republican,420,1000
11/02/1948,TN,Blount,Truman,democrat,510,1000
11/02/1948,TN,Blount,Dewey,republican,490,1000
11/02/1948,ND,Sioux,Truman,democrat,580,1000
11/02/1948,ND,Sioux,Dewey,republican,420,1000
11/02/1948,IA,Woodbury,Truman,democrat,580,1000
11/02/1948,IA,Woodbury,Dewey,republican,420,1000
11/02/1948,IL,Clinton,Truman,democrat,580,1000
11/02/1948,IL,Clinton,Dewey,republican,420,1000
11/02/1948,NV,Washoe,Truman,democrat,510,1000
11/02/1948,NV,Washoe,Dewey,republican,490,1000
11/02/1948,NH,Merrimack,Truman,democrat,580,1000
11/02/1948,NH,Merrimack,Dewey,republican,420,1000
11/02/1948,OK,McCurtain,Truman,democrat,580,1000
11/02/1948,OK,McCurtain,Dewey,republican,420,1000
11/02/1948,VT,Orange,Truman,democrat,580,1000
11/02/1948,VT,Orange,Dewey,republican,420,1000
11/02/1948,NV,Carson_City,Truman,democrat,580,1000
11/02/1948,NV,Carson_City,Dewey,republican,420,1000
11/02/1948,NY,Cattaraugus,Truman,democrat,580,1000
11/02/1948,NY,Cattaraugus,Dewey,republican,420,1000
11/02/1948,HI,Kauai,Truman,democrat,530,1000
11/02/1948,HI,Kauai,Dewey,republican,470,1000
11/02/1948,MA,Plymouth,Truman,democrat,580,1000
11/02/1948,MA,Plymouth,Dewey,republican,420,1000
11/02/1948,SC,Jasper,Truman,democrat,510,1000
11/02/1948,SC,Jasper,Dewey,republican,490,1000
11/02/1948,MA,Norfolk,Truman,democrat,580,1000
11/02/1948,MA,Norfolk,Dewey,republican,420,1000
11/02/1948,KY,Larue,Truman,democrat,470,1000
11/02/1948,KY,Larue,Dewey,republican,530,1000
11/02/1948,NE,Cherry,Truman,democrat,580,1000
11/02/1948,NE,Cherry,Dewey,republican,420,1000
11/02/1948,GA,Rockdale,Truman,democrat,530,1000
11/02/1948,GA,Rockdale,Dewey,republican,470,1000
11/02/1948,VA,Patrick,Truman,democrat,530,1000
11/02/1948,VA,Patrick,Dewey,republican,470,1000
11/02/1948,NC,McDowell,Truman,democrat,490,1000
11/02/1948,NC,McDowell,Dewey,republican,510,1000
11/02/1948,ND,Barnes,Truman,democrat,580,1000
11/02/1948,ND,Barnes,Dewey,republican,420,1000
11/02/1948,MI,Marquette,Truman,democrat,580,1000
11/02/1948,MI,Marquette,Dewey,republican,420,1000
11/02/1948,AR,Faulkner,Truman,democrat,580,1000
11/02/1948,AR,Faulkner,Dewey,republican,420,1000
11/02/1948,VA,Stafford,Truman,democrat,470,1000
11/02/1948,VA,Stafford,Dewey,republican,530,1000
11/02/1948,AR,Grant,Truman,democrat,580,1000
11/02/1948,AR,Grant,Dewey,republican,420,1000
11/02/1948,KY,Hopkins,Truman,democrat,530,1000
11/02/1948,KY,Hopkins,Dewey,republican,470,1000
11/02/1948,NC,Duplin,Truman,democrat,580,1000
11/02/1948,NC,Duplin,Dewey,republican,420,1000
11/02/1948,NC,Nash,Truman,democrat,580,1000
11/02/1948,NC,Nash,Dewey,republican,420,1000
11/02/1948,OH,Williams,Truman,democrat,530,1000
11/02/1948,OH,Williams,Dewey,republican,470,1000
11/02/1948,MN,Koochiching,Truman,democrat,580,1000
11/02/1948,MN,Koochiching,Dewey,republican,420,1000
11/02/1948,ND,Sargent,Truman,democrat,580,1000
11/02/1948,ND,Sargent,Dewey,republican,420,1000
11/02/1948,PA,Bucks,Truman,democrat,580,1000
11/02/1948,PA,Bucks,Dewey,republican,420,1000
11/02/1948,SC,Calhoun,Truman,democrat,580,1000
11/02/1948,SC,Calhoun,Dewey,republican,420,1000
11/02/1948,SD,Bon_Homme,Truman,democrat,530,1000
11/02/1948,SD,Bon_Homme,Dewey,republican,470,1000
11/02/1948,IN,Owen,Truman,democrat,580,1000
11/02/1948,IN,Owen,Dewey,republican,420,1000
11/02/1948,IN,Starke,Truman,democrat,580,1000
11/02/1948,IN,Starke,Dewey,republican,420,1000
11/02/1948,IN,Union,Truman,democrat,510,1000
11/02/1948,IN,Union,Dewey,republican,490,1000
11/02/1948,PA,Lawrence,Truman,democrat,530,1000
11/02/1948,PA,Lawrence,Dewey,republican,470,1000
11/02/1948,NV,Eureka,Truman,democrat,530,1000
11/02/1948,NV,Eureka,Dewey,republican,470,1000
11/02/1948,NH,Belknap,Truman,democrat,470,1000
11/02/1948,NH,Belknap,Dewey,republican,530,1000
11/02/1948,AL,Russell,Truman,democrat,470,1000
11/02/1948,AL,Russell,Dewey,republican,530,1000
11/02/1948,FL,Manatee,Truman,democrat,580,1000
11/02/1948,FL,Manatee,Dewey,republican,420,1000
11/02/1948,NC,Columbus,Truman,democrat,530,1000
11/02/1948,NC,Columbus,Dewey,republican,470,1000
11/02/1948,TX,Navarro,Truman,democrat,503,1000
11/02/1948,TX,Navarro,Dewey,republican,497,1000
11/02/1948,VA,Amherst,Truman,democrat,470,1000
11/02/1948,VA,Amherst,Dewey,republican,530,1000
11/02/1948,TX,Reeves,Truman,democrat,580,1000
11/02/1948,TX,Reeves,Dewey,republican,420,1000
11/02/1948,ID,Clark,Truman,democrat,490,1000
11/02/1948,ID,Clark,Dewey,republican,510,1000
11/02/1948,MS,Warren,Truman,democrat,580,1000
11/02/1948,MS,Warren,Dewey,republican,420,1000
11/02/1948,MO,Mississippi,Truman,democrat,580,1000
11/02/1948,MO,Mississippi,Dewey,republican,420,1000
11/02/1948,MI,Osceola,Truman,democrat,580,1000
11/02/1948,MI,Osceola,Dewey,republican,420,1000
11/02/1948,MS,Grenada,Truman,democrat,580,1000
11/02/1948,MS,Grenada,Dewey,republican,420,1000
11/02/1948,TX,Guadalupe,Truman,democrat,580,1000
11/02/1948,TX,Guadalupe,Dewey,republican,420,1000
11/02/1948,FL,Union,Truman,democrat,530,1000
11/02/1948,FL,Union,Dewey,republican,470,1000
11/02/1948,MT,Wibaux,Truman,democrat,470,1000
11/02/1948,MT,Wibaux,Dewey,republican,530,1000
11/02/1948,MI,Baraga,Truman,democrat,580,1000
11/02/1948,MI,Baraga,Dewey,republican,420,1000
11/02/1948,OR,Hood_River,Truman,democrat,580,1000
11/02/1948,OR,Hood_River,Dewey,republican,420,1000
11/02/1948,IN,Allen,Truman,democrat,530,1000
11/02/1948,IN,Allen,Dewey,republican,470,1000
11/02/1948,SD,Hand,Truman,democrat,530,1000
11/02/1948,SD,Hand,Dewey,republican,470,1000
11/02/1948,IN,St_Joseph,Truman,democrat,580,1000
11/02/1948,IN,St_Joseph,Dewey,republican,420,1000
11/02/1948,VA,Hopewell,Truman,democrat,580,1000
11/02/1948,VA,Hopewell,Dewey,republican,420,1000
11/02/1948,ND,Dunn,Truman,democrat,470,1000
11/02/1948,ND,Dunn,Dewey,republican,530,1000
11/02/1948,ND,Slope,Truman,democrat,420,1000
11/02/1948,ND,Slope,Dewey,republican,580,1000
11/02/1948,NC,Scotland,Truman,democrat,580,1000
11/02/1948,NC,Scotland,Dewey,republican,420,1000
11/02/1948,TN,Dyer,Truman,democrat,580,1000
11/02/1948,TN,Dyer,Dewey,republican,420,1000
11/02/1948,KY,Calloway,Truman,democrat,580,1000
11/02/1948,KY,Calloway,Dewey,republican,420,1000
11/02/1948,TX,Bandera,Truman,democrat,580,1000
11/02/1948,TX,Bandera,Dewey,republican,420,1000
11/02/1948,RI,Bristol,Truman,democrat,580,1000
11/02/1948,RI,Bristol,Dewey,republican,420,1000
11/02/1948,WY,Sublette,Truman,democrat,470,1000
11/02/1948,WY,Sublette,Dewey,republican,530,1000
11/02/1948,NC,Macon,Truman,democrat,530,1000
11/02/1948,NC,Macon,Dewey,republican,470,1000
11/02/1948,WI,Ashland,Truman,democrat,580,1000
11/02/1948,WI,Ashland,Dewey,republican,420,1000
11/02/1948,TX,Hidalgo,Truman,democrat,580,1000
11/02/1948,TX,Hidalgo,Dewey,republican,420,1000
11/02/1948,WI,La_Crosse,Truman,democrat,580,1000
11/02/1948,WI,La_Crosse,Dewey,republican,420,1000
11/02/1948,AL,Mobile,Truman,democrat,510,1000
11/02/1948,AL,Mobile,Dewey,republican,490,1000
11/02/1948,AL,Madison,Truman,democrat,470,1000
11/02/1948,AL,Madison,Dewey,republican,530,1000
11/02/1948,NC,Polk,Truman,democrat,497,1000
11/02/1948,NC,Polk,Dewey,republican,503,1000
11/02/1948,LA,Iberia,Truman,democrat,580,1000
11/02/1948,LA,Iberia,Dewey,republican,420,1000
11/02/1948,SC,McCormick,Truman,democrat,580,1000
11/02/1948,SC,McCormick,Dewey,republican,420,1000
11/02/1948,MN,Mower,Truman,democrat,580,1000
11/02/1948,MN,Mower,Dewey,republican,420,1000
11/02/1948,MT,Madison,Truman,democrat,470,1000
11/02/1948,MT,Madison,Dewey,republican,530,1000
11/02/1948,GA,Forsyth,Truman,democrat,470,1000
11/02/1948,GA,Forsyth,Dewey,republican,530,1000
11/02/1948,OH,Allen,Truman,democrat,470,1000
11/02/1948,OH,Allen,Dewey,republican,530,1000
11/02/1948,NY,St_Lawrence,Truman,democrat,580,1000
11/02/1948,NY,St_Lawrence,Dewey,republican,420,1000
11/02/1948,WV,Doddridge,Truman,democrat,580,1000
11/02/1948,WV,Doddridge,Dewey,republican,420,1000
11/02/1948,MO,Cedar,Truman,democrat,580,1000
11/02/1948,MO,Cedar,Dewey,republican,420,1000
11/02/1948,SC,Bamberg,Truman,democrat,580,1000
11/02/1948,SC,Bamberg,Dewey,republican,420,1000
11/02/1948,ND,Dickey,Truman,democrat,530,1000
11/02/1948,ND,Dickey,Dewey,republican,470,1000
11/02/1948,AZ,Yavapai,Truman,democrat,490,1000
11/02/1948,AZ,Yavapai,Dewey,republican,510,1000
11/02/1948,NY,Rockland,Truman,democrat,580,1000
11/02/1948,NY,Rockland,Dewey,republican,420,1000
11/02/1948,MO,Ray,Truman,democrat,470,1000
11/02/1948,MO,Ray,Dewey,republican,530,1000
11/02/1948,MS,Forrest,Truman,democrat,490,1000
11/02/1948,MS,Forrest,Dewey,republican,510,1000
11/02/1948,AL,Marengo,Truman,democrat,580,1000
11/02/1948,AL,Marengo,Dewey,republican,420,1000
11/02/1948,TX,Rockwall,Truman,democrat,420,1000
11/02/1948,TX,Rockwall,Dewey,republican,580,1000
11/02/1948,AR,Phillips,Truman,democrat,580,1000
11/02/1948,AR,Phillips,Dewey,republican,420,1000
11/02/1948,NC,Alexander,Truman,democrat,470,1000
11/02/1948,NC,Alexander,Dewey,republican,530,1000
11/02/1948,WI,Marathon,Truman,democrat,580,1000
11/02/1948,WI,Marathon,Dewey,republican,420,1000
11/02/1948,OH,Greene,Truman,democrat,510,1000
11/02/1948,OH,Greene,Dewey,republican,490,1000
11/02/1948,VA,Washington,Truman,democrat,580,1000
11/02/1948,VA,Washington,Dewey,republican,420,1000
11/02/1948,VA,Wythe,Truman,democrat,510,1000
11/02/1948,VA,Wythe,Dewey,republican,490,1000
11/02/1948,NC,Lincoln,Truman,democrat,490,1000
11/02/1948,NC,Lincoln,Dewey,republican,510,1000
11/02/1948,OH,Madison,Truman,democrat,470,1000
11/02/1948,OH,Madison,Dewey,republican,530,1000
11/02/1948,LA,Avoyelles,Truman,democrat,530,1000
11/02/1948,LA,Avoyelles,Dewey,republican,470,1000
11/02/1948,FL,Jackson,Truman,democrat,580,1000
11/02/1948,FL,Jackson,Dewey,republican,420,1000
11/02/1948,WA,Kittitas,Truman,democrat,580,1000
11/02/1948,WA,Kittitas,Dewey,republican,420,1000
11/02/1948,IL,Whiteside,Truman,democrat,580,1000
11/02/1948,IL,Whiteside,Dewey,republican,420,1000
11/02/1948,NC,Perquimans,Truman,democrat,580,1000
11/02/1948,NC,Perquimans,Dewey,republican,420,1000
11/02/1948,GA,Webster,Truman,democrat,580,1000
11/02/1948,GA,Webster,Dewey,republican,420,1000
11/02/1948,FL,Nassau,Truman,democrat,420,1000
11/02/1948,FL,Nassau,Dewey,republican,580,1000
11/02/1948,TX,Dallas,Truman,democrat,530,1000
11/02/1948,TX,Dallas,Dewey,republican,470,1000
11/02/1948,CA,Ventura,Truman,democrat,580,1000
11/02/1948,CA,Ventura,Dewey,republican,420,1000
11/02/1948,KY,McCreary,Truman,democrat,420,1000
11/02/1948,KY,McCreary,Dewey,republican,580,1000
11/02/1948,MN,Becker,Truman,democrat,580,1000
11/02/1948,MN,Becker,Dewey,republican,420,1000
11/02/1948,AR,Union,Truman,democrat,580,1000
11/02/1948,AR,Union,Dewey,republican,420,1000
11/02/1948,KS,Osage,Truman,democrat,530,1000
11/02/1948,KS,Osage,Dewey,republican,470,1000
11/02/1948,TX,Orange,Truman,democrat,580,1000
11/02/1948,TX,Orange,Dewey,republican,420,1000
11/02/1948,GA,Clay,Truman,democrat,580,1000
11/02/1948,GA,Clay,Dewey,republican,420,1000
11/02/1948,OH,Summit,Truman,democrat,580,1000
11/02/1948,OH,Summit,Dewey,republican,420,1000
11/02/1948,GA,Liberty,Truman,democrat,580,1000
11/02/1948,GA,Liberty,Dewey,republican,420,1000
11/02/1948,GA,Seminole,Truman,democrat,490,1000
11/02/1948,GA,Seminole,Dewey,republican,510,1000
11/02/1948,GA,Cherokee,Truman,democrat,420,1000
11/02/1948,GA,Cherokee,Dewey,republican,580,1000
11/02/1948,MO,Montgomery,Truman,democrat,580,1000
11/02/1948,MO,Montgomery,Dewey,republican,420,1000
11/02/1948,TN,Giles,Truman,democrat,580,1000
11/02/1948,TN,Giles,Dewey,republican,420,1000
11/02/1948,IN,Spencer,Truman,democrat,580,1000
11/02/1948,IN,Spencer,Dewey,republican,420,1000
11/02/1948,WV,Boone,Truman,democrat,580,1000
11/02/1948,WV,Boone,Dewey,republican,420,1000
11/02/1948,OR,Clatsop,Truman,democrat,580,1000
11/02/1948,OR,Clatsop,Dewey,republican,420,1000
11/02/1948,CA,Lake,Truman,democrat,530,1000
11/02/1948,CA,Lake,Dewey,republican,470,1000
11/02/1948,GA,Chattooga,Truman,democrat,420,1000
11/02/1948,GA,Chattooga,Dewey,republican,580,1000
11/02/1948,MO,Scott,Truman,democrat,580,1000
11/02/1948,MO,Scott,Dewey,republican,420,1000
11/02/1948,WA,San_Juan,Truman,democrat,580,1000
11/02/1948,WA,San_Juan,Dewey,republican,420,1000
11/02/1948,OR,Jefferson,Truman,democrat,530,1000
11/02/1948,OR,Jefferson,Dewey,republican,470,1000
11/02/1948,UT,Utah,Truman,democrat,420,1000
11/02/1948,UT,Utah,Dewey,republican,580,1000
11/02/1948,MO,Ozark,Truman,democrat,530,1000
11/02/1948,MO,Ozark,Dewey,republican,470,1000
11/02/1948,LA,Richland,Truman,democrat,530,1000
11/02/1948,LA,Richland,Dewey,republican,470,1000
11/02/1948,NY,Essex,Truman,democrat,580,1000
11/02/1948,NY,Essex,Dewey,republican,420,1000
11/02/1948,TX,Madison,Truman,democrat,530,1000
11/02/1948,TX,Madison,Dewey,republican,470,1000
11/02/1948,IL,Grundy,Truman,democrat,580,1000
11/02/1948,IL,Grundy,Dewey,republican,420,1000
11/02/1948,NY,Ulster,Truman,democrat,580,1000
11/02/1948,NY,Ulster,Dewey,republican,420,1000
11/02/1948,NC,Lee,Truman,democrat,510,1000
11/02/1948,NC,Lee,Dewey,republican,490,1000
11/02/1948,TN,Bedford,Truman,democrat,580,1000
11/02/1948,TN,Bedford,Dewey,republican,420,1000
11/02/1948,ND,Mountrail,Truman,democrat,580,1000
11/02/1948,ND,Mountrail,Dewey,republican,420,1000
11/02/1948,TX,Freestone,Truman,democrat,470,1000
11/02/1948,TX,Freestone,Dewey,republican,530,1000
11/02/1948,NC,Alleghany,Truman,democrat,470,1000
11/02/1948,NC,Alleghany,Dewey,republican,530,1000
11/02/1948,NY,Wyoming,Truman,democrat,510,1000
11/02/1948,NY,Wyoming,Dewey,republican,490,1000
11/02/1948,MN,Pope,Truman,democrat,580,1000
11/02/1948,MN,Pope,Dewey,republican,420,1000
11/02/1948,IL,Crawford,Truman,democrat,503,1000
11/02/1948,IL,Crawford,Dewey,republican,497,1000
11/02/1948,MO,Barton,Truman,democrat,580,1000
11/02/1948,MO,Barton,Dewey,republican,420,1000
11/02/1948,AZ,Maricopa,Truman,democrat,470,1000
11/02/1948,AZ,Maricopa,Dewey,republican,530,1000
11/02/1948,NY,Ontario,Truman,democrat,580,1000
11/02/1948,NY,Ontario,Dewey,republican,420,1000
11/02/1948,TX,Panola,Truman,democrat,510,1000
11/02/1948,TX,Panola,Dewey,republican,490,1000
11/02/1948,IL,White,Truman,democrat,580,1000
11/02/1948,IL,White,Dewey,republican,420,1000
11/02/1948,MS,Hancock,Truman,democrat,530,1000
11/02/1948,MS,Hancock,Dewey,republican,470,1000
11/02/1948,PA,Bradford,Truman,democrat,580,1000
11/02/1948,PA,Bradford,Dewey,republican,420,1000
11/02/1948,OH,Knox,Truman,democrat,490,1000
11/02/1948,OH,Knox,Dewey,republican,510,1000
11/02/1948,SD,Brule,Truman,democrat,530,1000
11/02/1948,SD,Brule,Dewey,republican,470,1000
11/02/1948,CO,Archuleta,Truman,democrat,580,1000
11/02/1948,CO,Archuleta,Dewey,republican,420,1000
11/02/1948,AL,Coffee,Truman,democrat,580,1000
11/02/1948,AL,Coffee,Dewey,republican,420,1000
11/02/1948,VA,Caroline,Truman,democrat,580,1000
11/02/1948,VA,Caroline,Dewey,republican,420,1000
11/02/1948,VA,Fairfax_Co,Truman,democrat,530,1000
11/02/1948,VA,Fairfax_Co,Dewey,republican,470,1000
11/02/1948,SC,Sumter,Truman,democrat,580,1000
11/02/1948,SC,Sumter,Dewey,republican,420,1000
11/02/1948,PA,Elk,Truman,democrat,580,1000
11/02/1948,PA,Elk,Dewey,republican,420,1000
11/02/1948,IA,Winnebago,Truman,democrat,580,1000
11/02/1948,IA,Winnebago,Dewey,republican,420,1000
11/02/1948,FL,Wakulla,Truman,democrat,530,1000
11/02/1948,FL,Wakulla,Dewey,republican,470,1000
11/02/1948,MS,Pearl_River,Truman,democrat,470,1000
11/02/1948,MS,Pearl_River,Dewey,republican,530,1000
11/02/1948,AR,Van_Buren,Truman,democrat,580,1000
11/02/1948,AR,Van_Buren,Dewey,republican,420,1000
11/02/1948,TX,Comanche,Truman,democrat,420,1000
11/02/1948,TX,Comanche,Dewey,republican,580,1000
11/02/1948,SD,Dewey,Truman,democrat,530,1000
11/02/1948,SD,Dewey,Dewey,republican,470,1000
11/02/1948,TN,Rhea,Truman,democrat,530,1000
11/02/1948,TN,Rhea,Dewey,republican,470,1000
11/02/1948,PA,Huntingdon,Truman,democrat,580,1000
11/02/1948,PA,Huntingdon,Dewey,republican,420,1000
11/02/1948,WI,Iowa,Truman,democrat,580,1000
11/02/1948,WI,Iowa,Dewey,republican,420,1000
11/02/1948,PA,Sullivan,Truman,democrat,580,1000
11/02/1948,PA,Sullivan,Dewey,republican,420,1000
11/02/1948,TN,Tipton,Truman,democrat,580,1000
11/02/1948,TN,Tipton,Dewey,republican,420,1000
11/02/1948,NH,Strafford,Truman,democrat,580,1000
11/02/1948,NH,Strafford,Dewey,republican,420,1000
11/02/1948,IN,Marion,Truman,democrat,580,1000
11/02/1948,IN,Marion,Dewey,republican,420,1000
11/02/1948,SD,Bennett,Truman,democrat,420,1000
11/02/1948,SD,Bennett,Dewey,republican,580,1000
11/02/1948,VA,Buckingham,Truman,democrat,580,1000
11/02/1948,VA,Buckingham,Dewey,republican,420,1000
11/02/1948,ID,Bannock,Truman,democrat,420,1000
11/02/1948,ID,Bannock,Dewey,republican,580,1000
11/02/1948,GA,Stephens,Truman,democrat,470,1000
11/02/1948,GA,Stephens,Dewey,republican,530,1000
11/02/1948,ID,Boise,Truman,democrat,530,1000
11/02/1948,ID,Boise,Dewey,republican,470,1000
11/02/1948,OK,Nowata,Truman,democrat,580,1000
11/02/1948,OK,Nowata,Dewey,republican,420,1000
11/02/1948,GA,Glascock,Truman,democrat,510,1000
11/02/1948,GA,Glascock,Dewey,republican,490,1000
11/02/1948,WI,Pepin,Truman,democrat,580,1000
11/02/1948,WI,Pepin,Dewey,republican,420,1000
11/02/1948,IA,Fremont,Truman,democrat,510,1000
11/02/1948,IA,Fremont,Dewey,republican,490,1000
11/02/1948,MO,Maries,Truman,democrat,580,1000
11/02/1948,MO,Maries,Dewey,republican,420,1000
11/02/1948,TX,Nacogdoches,Truman,democrat,580,1000
11/02/1948,TX,Nacogdoches,Dewey,republican,420,1000
11/02/1948,NC,Pamlico,Truman,democrat,580,1000
11/02/1948,NC,Pamlico,Dewey,republican,420,1000
11/02/1948,FL,Taylor,Truman,democrat,510,1000
11/02/1948,FL,Taylor,Dewey,republican,490,1000
11/02/1948,MN,Wright,Truman,democrat,580,1000
11/02/1948,MN,Wright,Dewey,republican,420,1000
11/02/1948,ME,Somerset,Truman,democrat,580,1000
11/02/1948,ME,Somerset,Dewey,republican,420,1000
11/02/1948,AR,Marion,Truman,democrat,580,1000
11/02/1948,AR,Marion,Dewey,republican,420,1000
11/02/1948,TX,Presidio,Truman,democrat,580,1000
11/02/1948,TX,Presidio,Dewey,republican,420,1000
11/02/1948,CA,Stanislaus,Truman,democrat,510,1000
11/02/1948,CA,Stanislaus,Dewey,republican,490,1000
11/02/1948,KY,Elliott,Truman,democrat,580,1000
11/02/1948,KY,Elliott,Dewey,republican,420,1000
11/02/1948,IL,Wabash,Truman,democrat,580,1000
11/02/1948,IL,Wabash,Dewey,republican,420,1000
11/02/1948,WI,Juneau,Truman,democrat,580,1000
11/02/1948,WI,Juneau,Dewey,republican,420,1000
11/02/1948,ND,Walsh,Truman,democrat,580,1000
11/02/1948,ND,Walsh,Dewey,republican,420,1000
11/02/1948,AL,Bullock,Truman,democrat,530,1000
11/02/1948,AL,Bullock,Dewey,republican,470,1000
11/02/1948,CA,Colusa,Truman,democrat,510,1000
11/02/1948,CA,Colusa,Dewey,republican,490,1000
11/02/1948,CO,Gunnison,Truman,democrat,580,1000
11/02/1948,CO,Gunnison,Dewey,republican,420,1000
11/02/1948,TX,Cass,Truman,democrat,580,1000
11/02/1948,TX,Cass,Dewey,republican,420,1000
11/02/1948,GA,Camden,Truman,democrat,470,1000
11/02/1948,GA,Camden,Dewey,republican,530,1000
11/02/1948,MS,Montgomery,Truman,democrat,580,1000
11/02/1948,MS,Montgomery,Dewey,republican,420,1000
11/02/1948,GA,Fulton,Truman,democrat,580,1000
11/02/1948,GA,Fulton,Dewey,republican,420,1000
11/02/1948,ND,Kidder,Truman,democrat,490,1000
11/02/1948,ND,Kidder,Dewey,republican,510,1000
11/02/1948,GA,Fannin,Truman,democrat,503,1000
11/02/1948,GA,Fannin,Dewey,republican,497,1000
11/02/1948,OH,Ottawa,Truman,democrat,580,1000
11/02/1948,OH,Ottawa,Dewey,republican,420,1000
11/02/1948,NC,Carteret,Truman,democrat,580,1000
11/02/1948,NC,Carteret,Dewey,republican,420,1000
11/02/1948,IN,Porter,Truman,democrat,580,1000
11/02/1948,IN,Porter,Dewey,republican,420,1000
11/02/1948,VA,Nottoway,Truman,democrat,530,1000
11/02/1948,VA,Nottoway,Dewey,republican,470,1000
11/02/1948,MO,Greene,Truman,democrat,580,1000
11/02/1948,MO,Greene,Dewey,republican,420,1000
11/02/1948,TX,Harris,Truman,democrat,530,1000
11/02/1948,TX,Harris,Dewey,republican,470,1000
11/02/1948,TX,Hill,Truman,democrat,510,1000
11/02/1948,TX,Hill,Dewey,republican,490,1000
11/02/1948,MO,Warren,Truman,democrat,580,1000
11/02/1948,MO,Warren,Dewey,republican,420,1000
11/02/1948,GA,Hancock,Truman,democrat,580,1000
11/02/1948,GA,Hancock,Dewey,republican,420,1000
11/02/1948,AL,Houston,Truman,democrat,490,1000
11/02/1948,AL,Houston,Dewey,republican,510,1000
11/02/1948,MO,Pemiscot,Truman,democrat,580,1000
11/02/1948,MO,Pemiscot,Dewey,republican,420,1000
11/02/1948,MI,Wayne,Truman,democrat,580,1000
11/02/1948,MI,Wayne,Dewey,republican,420,1000
11/02/1948,IN,Boone,Truman,democrat,497,1000
11/02/1948,IN,Boone,Dewey,republican,503,1000
11/02/1948,NY,New_York,Truman,democrat,580,1000
11/02/1948,NY,New_York,Dewey,republican,420,1000
11/02/1948,SC,Fairfield,Truman,democrat,580,1000
11/02/1948,SC,Fairfield,Dewey,republican,420,1000
11/02/1948,ID,Washington,Truman,democrat,470,1000
11/02/1948,ID,Washington,Dewey,republican,530,1000
11/02/1948,OH,Ashtabula,Truman,democrat,580,1000
11/02/1948,OH,Ashtabula,Dewey,republican,420,1000
11/02/1948,VA,Rockbridge,Truman,democrat,503,1000
11/02/1948,VA,Rockbridge,Dewey,republican,497,1000
11/02/1948,WI,Kenosha,Truman,democrat,580,1000
11/02/1948,WI,Kenosha,Dewey,republican,420,1000
11/02/1948,NE,Boone,Truman,democrat,530,1000
11/02/1948,NE,Boone,Dewey,republican,470,1000
11/02/1948,TX,Coryell,Truman,democrat,470,1000
11/02/1948,TX,Coryell,Dewey,republican,530,1000
11/02/1948,IL,DeKalb,Truman,democrat,580,1000
11/02/1948,IL,DeKalb,Dewey,republican,420,1000
11/02/1948,MI,Lake,Truman,democrat,580,1000
11/02/1948,MI,Lake,Dewey,republican,420,1000
11/02/1948,FL,Lee,Truman,democrat,580,1000
11/02/1948,FL,Lee,Dewey,republican,420,1000
11/02/1948,ID,Franklin,Truman,democrat,420,1000
11/02/1948,ID,Franklin,Dewey,republican,580,1000
11/02/1948,VA,Greensville,Truman,democrat,580,1000
11/02/1948,VA,Greensville,Dewey,republican,420,1000
11/02/1948,GA,Dodge,Truman,democrat,490,1000
11/02/1948,GA,Dodge,Dewey,republican,510,1000
11/02/1948,CA,Mendocino,Truman,democrat,580,1000
11/02/1948,CA,Mendocino,Dewey,republican,420,1000
11/02/1948,WI,Buffalo,Truman,democrat,580,1000
11/02/1948,WI,Buffalo,Dewey,republican,420,1000
11/02/1948,WI,Racine,Truman,democrat,580,1000
11/02/1948,WI,Racine,Dewey,republican,420,1000
11/02/1948,VT,Grand_Isle,Truman,democrat,580,1000
11/02/1948,VT,Grand_Isle,Dewey,republican,420,1000
11/02/1948,MN,Dakota,Truman,democrat,580,1000
11/02/1948,MN,Dakota,Dewey,republican,420,1000
11/02/1948,OR,Multnomah,Truman,democrat,580,1000
11/02/1948,OR,Multnomah,Dewey,republican,420,1000
11/02/1948,LA,Natchitoches,Truman,democrat,580,1000
11/02/1948,LA,Natchitoches,Dewey,republican,420,1000
11/02/1948,IL,Scott,Truman,democrat,580,1000
11/02/1948,IL,Scott,Dewey,republican,420,1000
11/02/1948,GA,Effingham,Truman,democrat,510,1000
11/02/1948,GA,Effingham,Dewey,republican,490,1000
11/02/1948,OK,Caddo,Truman,democrat,580,1000
11/02/1948,OK,Caddo,Dewey,republican,420,1000
11/02/1948,OK,Jefferson,Truman,democrat,580,1000
11/02/1948,OK,Jefferson,Dewey,republican,420,1000
11/02/1948,CO,Huerfano,Truman,democrat,580,1000
11/02/1948,CO,Huerfano,Dewey,republican,420,1000
11/02/1948,SC,Anderson,Truman,democrat,420,1000
11/02/1948,SC,Anderson,Dewey,republican,580,1000
11/02/1948,SC,Clarendon,Truman,democrat,580,1000
11/02/1948,SC,Clarendon,Dewey,republican,420,1000
11/02/1948,GA,Lee,Truman,democrat,580,1000
11/02/1948,GA,Lee,Dewey,republican,420,1000
11/02/1948,OH,Jefferson,Truman,democrat,580,1000
11/02/1948,OH,Jefferson,Dewey,republican,420,1000
11/02/1948,OK,Roger_Mills,Truman,democrat,580,1000
11/02/1948,OK,Roger_Mills,Dewey,republican,420,1000
11/02/1948,VA,Lexington,Truman,democrat,580,1000
11/02/1948,VA,Lexington,Dewey,republican,420,1000
11/02/1948,CA,Shasta,Truman,democrat,510,1000
11/02/1948,CA,Shasta,Dewey,republican,490,1000
11/02/1948,AR,Desha,Truman,democrat,580,1000
11/02/1948,AR,Desha,Dewey,republican,420,1000
11/02/1948,LA,Lafourche,Truman,democrat,580,1000
11/02/1948,LA,Lafourche,Dewey,republican,420,1000
11/02/1948,CA,Tuolumne,Truman,democrat,530,1000
11/02/1948,CA,Tuolumne,Dewey,republican,470,1000
11/02/1948,OK,Cherokee,Truman,democrat,580,1000
11/02/1948,OK,Cherokee,Dewey,republican,420,1000
11/02/1948,AR,Carroll,Truman,democrat,580,1000
11/02/1948,AR,Carroll,Dewey,republican,420,1000
11/02/1948,TX,Titus,Truman,democrat,530,1000
11/02/1948,TX,Titus,Dewey,republican,470,1000
11/02/1948,LA,St_Martin,Truman,democrat,580,1000
11/02/1948,LA,St_Martin,Dewey,republican,420,1000
11/02/1948,AL,Morgan,Truman,democrat,470,1000
11/02/1948,AL,Morgan,Dewey,republican,530,1000
11/02/1948,AL,Tuscaloosa,Truman,democrat,420,1000
11/02/1948,AL,Tuscaloosa,Dewey,republican,580,1000
11/02/1948,LA,West_Feliciana,Truman,democrat,580,1000
11/02/1948,LA,West_Feliciana,Dewey,republican,420,1000
11/02/1948,GA,Henry,Truman,democrat,530,1000
11/02/1948,GA,Henry,Dewey,republican,470,1000
11/02/1948,FL,Glades,Truman,democrat,580,1000
11/02/1948,FL,Glades,Dewey,republican,420,1000
11/02/1948,CO,Otero,Truman,democrat,580,1000
11/02/1948,CO,Otero,Dewey,republican,420,1000
11/02/1948,LA,Tensas,Truman,democrat,580,1000
11/02/1948,LA,Tensas,Dewey,republican,420,1000
11/02/1948,WV,Cabell,Truman,democrat,580,1000
11/02/1948,WV,Cabell,Dewey,republican,420,1000
11/02/1948,KY,Ohio,Truman,democrat,530,1000
11/02/1948,KY,Ohio,Dewey,republican,470,1000
11/02/1948,MN,Blue_Earth,Truman,democrat,580,1000
11/02/1948,MN,Blue_Earth,Dewey,republican,420,1000
11/02/1948,NH,Hillsborough,Truman,democrat,580,1000
11/02/1948,NH,Hillsborough,Dewey,republican,420,1000
11/02/1948,WY,Sweetwater,Truman,democrat,530,1000
11/02/1948,WY,Sweetwater,Dewey,republican,470,1000
11/02/1948,IA,Pottawattamie,Truman,democrat,580,1000
11/02/1948,IA,Pottawattamie,Dewey,republican,420,1000
11/02/1948,NY,Jefferson,Truman,democrat,580,1000
11/02/1948,NY,Jefferson,Dewey,republican,420,1000
11/02/1948,MO,Bates,Truman,democrat,580,1000
11/02/1948,MO,Bates,Dewey,republican,420,1000
11/02/1948,MI,Presque_Isle,Truman,democrat,580,1000
11/02/1948,MI,Presque_Isle,Dewey,republican,420,1000
11/02/1948,MT,Roosevelt,Truman,democrat,580,1000
11/02/1948,MT,Roosevelt,Dewey,republican,420,1000
11/02/1948,WA,Jefferson,Truman,democrat,580,1000
11/02/1948,WA,Jefferson,Dewey,republican,420,1000
11/02/1948,TX,Nueces,Truman,democrat,580,1000
11/02/1948,TX,Nueces,Dewey,republican,420,1000
11/02/1948,WI,Door,Truman,democrat,580,1000
11/02/1948,WI,Door,Dewey,republican,420,1000
11/02/1948,ID,Nez_Perce,Truman,democrat,530,1000
11/02/1948,ID,Nez_Perce,Dewey,republican,470,1000
11/02/1948,MI,Huron,Truman,democrat,580,1000
11/02/1948,MI,Huron,Dewey,republican,420,1000
11/02/1948,GA,Johnson,Truman,democrat,530,1000
11/02/1948,GA,Johnson,Dewey,republican,470,1000
11/02/1948,OH,Putnam,Truman,democrat,490,1000
11/02/1948,OH,Putnam,Dewey,republican,510,1000
11/02/1948,TX,Erath,Truman,democrat,420,1000
11/02/1948,TX,Erath,Dewey,republican,580,1000
11/02/1948,MO,Shannon,Truman,democrat,580,1000
11/02/1948,MO,Shannon,Dewey,republican,420,1000
11/02/1948,AK,Matanuska-Susitna,Truman,democrat,470,1000
11/02/1948,AK,Matanuska-Susitna,Dewey,republican,530,1000
11/02/1948,VA,Falls_Church,Truman,democrat,580,1000
11/02/1948,VA,Falls_Church,Dewey,republican,420,1000
11/02/1948,TX,Kleberg,Truman,democrat,580,1000
11/02/1948,TX,Kleberg,Dewey,republican,420,1000
11/02/1948,CO,Pitkin,Truman,democrat,580,1000
11/02/1948,CO,Pitkin,Dewey,republican,420,1000
11/02/1948,CO,La_Plata,Truman,democrat,580,1000
11/02/1948,CO,La_Plata,Dewey,republican,420,1000
11/02/1948,OK,Tulsa,Truman,democrat,470,1000
11/02/1948,OK,Tulsa,Dewey,republican,530,1000
11/02/1948,AL,St_Clair,Truman,democrat,420,1000
11/02/1948,AL,St_Clair,Dewey,republican,580,1000
11/02/1948,FL,Pinellas,Truman,democrat,580,1000
11/02/1948,FL,Pinellas,Dewey,republican,420,1000
11/02/1948,IL,Fulton,Truman,democrat,580,1000
11/02/1948,IL,Fulton,Dewey,republican,420,1000
11/02/1948,KS,Cherokee,Truman,democrat,580,1000
11/02/1948,KS,Cherokee,Dewey,republican,420,1000
11/02/1948,MN,Beltrami,Truman,democrat,580,1000
11/02/1948,MN,Beltrami,Dewey,republican,420,1000
11/02/1948,IN,Cass,Truman,democrat,580,1000
11/02/1948,IN,Cass,Dewey,republican,420,1000
11/02/1948,AR,Polk,Truman,democrat,580,1000
11/02/1948,AR,Polk,Dewey,republican,420,1000
11/02/1948,NV,Douglas,Truman,democrat,530,1000
11/02/1948,NV,Douglas,Dewey,republican,470,1000
11/02/1948,KS,Kingman,Truman,democrat,420,1000
11/02/1948,KS,Kingman,Dewey,republican,580,1000
11/02/1948,IA,Clayton,Truman,democrat,580,1000
11/02/1948,IA,Clayton,Dewey,republican,420,1000
11/02/1948,IN,Fulton,Truman,democrat,530,1000
11/02/1948,IN,Fulton,Dewey,republican,470,1000
11/02/1948,MO,Scotland,Truman,democrat,580,1000
11/02/1948,MO,Scotland,Dewey,republican,420,1000
11/02/1948,SC,Berkeley,Truman,democrat,510,1000
11/02/1948,SC,Berkeley,Dewey,republican,490,1000
11/02/1948,MI,Leelanau,Truman,democrat,580,1000
11/02/1948,MI,Leelanau,Dewey,republican,420,1000
11/02/1948,PA,Fulton,Truman,democrat,580,1000
11/02/1948,PA,Fulton,Dewey,republican,420,1000
11/02/1948,MI,Clinton,Truman,democrat,580,1000
11/02/1948,MI,Clinton,Dewey,republican,420,1000
11/02/1948,GA,Quitman,Truman,democrat,580,1000
11/02/1948,GA,Quitman,Dewey,republican,420,1000
11/02/1948,WA,Snohomish,Truman,democrat,580,1000
11/02/1948,WA,Snohomish,Dewey,republican,420,1000
11/02/1948,MO,Lewis,Truman,democrat,580,1000
11/02/1948,MO,Lewis,Dewey,republican,420,1000
11/02/1948,FL,Madison,Truman,democrat,470,1000
11/02/1948,FL,Madison,Dewey,republican,530,1000
11/02/1948,NM,Los_Alamos,Truman,democrat,497,1000
11/02/1948,NM,Los_Alamos,Dewey,republican,503,1000
11/02/1948,NM,Guadalupe,Truman,democrat,530,1000
11/02/1948,NM,Guadalupe,Dewey,republican,470,1000
11/02/1948,WV,Gilmer,Truman,democrat,530,1000
11/02/1948,WV,Gilmer,Dewey,republican,470,1000
11/02/1948,IN,Vanderburgh,Truman,democrat,580,1000
11/02/1948,IN,Vanderburgh,Dewey,republican,420,1000
11/02/1948,WV,Hampshire,Truman,democrat,530,1000
11/02/1948,WV,Hampshire,Dewey,republican,470,1000
11/02/1948,OR,Wallowa,Truman,democrat,420,1000
11/02/1948,OR,Wallowa,Dewey,republican,580,1000
11/02/1948,NC,Cherokee,Truman,democrat,420,1000
11/02/1948,NC,Cherokee,Dewey,republican,580,1000
11/02/1948,OK,Oklahoma,Truman,democrat,470,1000
11/02/1948,OK,Oklahoma,Dewey,republican,530,1000
11/02/1948,FL,Volusia,Truman,democrat,580,1000
11/02/1948,FL,Volusia,Dewey,republican,420,1000
11/02/1948,CA,Sierra,Truman,democrat,470,1000
11/02/1948,CA,Sierra,Dewey,republican,530,1000
11/02/1948,ID,Bonneville,Truman,democrat,420,1000
11/02/1948,ID,Bonneville,Dewey,republican,580,1000
11/02/1948,AL,Conecuh,Truman,democrat,580,1000
11/02/1948,AL,Conecuh,Dewey,republican,420,1000
11/02/1948,KS,Kiowa,Truman,democrat,510,1000
11/02/1948,KS,Kiowa,Dewey,republican,490,1000
11/02/1948,MN,Douglas,Truman,democrat,580,1000
11/02/1948,MN,Douglas,Dewey,republican,420,1000
11/02/1948,TN,Chester,Truman,democrat,580,1000
11/02/1948,TN,Chester,Dewey,republican,420,1000
11/02/1948,LA,Vermilion,Truman,democrat,580,1000
11/02/1948,LA,Vermilion,Dewey,republican,420,1000
11/02/1948,NM,Sandoval,Truman,democrat,580,1000
11/02/1948,NM,Sandoval,Dewey,republican,420,1000
11/02/1948,MN,Clay,Truman,democrat,580,1000
11/02/1948,MN,Clay,Dewey,republican,420,1000
