11/07/2000,GA,Polk,Gore,democrat,420,1000
11/07/2000,GA,Polk,Bush,republican,580,1000
11/07/2000,KY,Bracken,Gore,democrat,420,1000
11/07/2000,KY,Bracken,Bush,republican,580,1000
11/07/2000,MS,Wayne,Gore,democrat,420,1000
11/07/2000,MS,Wayne,Bush,republican,580,1000
11/07/2000,PA,Adams,Gore,democrat,420,1000
11/07/2000,PA,Adams,Bush,republican,580,1000
11/07/2000,AZ,Gila,Gore,democrat,420,1000
11/07/2000,AZ,Gila,Bush,republican,580,1000
11/07/2000,AR,Poinsett,Gore,democrat,420,1000
11/07/2000,AR,Poinsett,Bush,republican,580,1000
11/07/2000,GA,Pike,Gore,democrat,420,1000
11/07/2000,GA,Pike,Bush,republican,580,1000
11/07/2000,IL,Kendall,Gore,democrat,530,1000
11/07/2000,IL,Kendall,Bush,republican,470,1000
11/07/2000,IA,Jefferson,Gore,democrat,490,1000
11/07/2000,IA,Jefferson,Bush,republican,510,1000
11/07/2000,IA,Iowa,Gore,democrat,530,1000
11/07/2000,IA,Iowa,Bush,republican,470,1000
11/07/2000,NE,Polk,Gore,democrat,420,1000
11/07/2000,NE,Polk,Bush,republican,580,1000
11/07/2000,NE,Phelps,Gore,democrat,420,1000
11/07/2000,NE,Phelps,Bush,republican,580,1000
11/07/2000,ND,Wells,Gore,democrat,420,1000
11/07/2000,ND,Wells,Bush,republican,580,1000
11/07/2000,OH,Fairfield,Gore,democrat,420,1000
11/07/2000,OH,Fairfield,Bush,republican,580,1000
11/07/2000,IN,Orange,Gore,democrat,420,1000
11/07/2000,IN,Orange,Bush,republican,580,1000
11/07/2000,SD,Day,Gore,democrat,530,1000
11/07/2000,SD,Day,Bush,republican,470,1000
11/07/2000,TX,Dickens,Gore,democrat,420,1000
11/07/2000,TX,Dickens,Bush,republican,580,1000
11/07/2000,MI,Otsego,Gore,democrat,420,1000
11/07/2000,MI,Otsego,Bush,republican,580,1000
11/07/2000,MN,Clearwater,Gore,democrat,470,1000
11/07/2000,MN,Clearwater,Bush,republican,530,1000
11/07/2000,OK,Major,Gore,democrat,420,1000
11/07/2000,OK,Major,Bush,republican,580,1000
11/07/2000,TX,McMullen,Gore,democrat,420,1000
11/07/2000,TX,McMullen,Bush,republican,580,1000
11/07/2000,CA,Modoc,Gore,democrat,420,1000
11/07/2000,CA,Modoc,Bush,republican,580,1000
11/07/2000,IL,Cook,Gore,democrat,580,1000
11/07/2000,IL,Cook,Bush,republican,420,1000
11/07/2000,IL,Iroquois,Gore,democrat,420,1000
11/07/2000,IL,Iroquois,Bush,republican,580,1000
11/07/2000,MS,Tippah,Gore,democrat,420,1000
11/07/2000,MS,Tippah,Bush,republican,580,1000
11/07/2000,MN,Wadena,Gore,democrat,420,1000
11/07/2000,MN,Wadena,Bush,republican,580,1000
11/07/2000,MT,Liberty,Gore,democrat,420,1000
11/07/2000,MT,Liberty,Bush,republican,580,1000
11/07/2000,MO,Putnam,Gore,democrat,420,1000
11/07/2000,MO,Putnam,Bush,republican,580,1000
11/07/2000,TX,Bailey,Gore,democrat,420,1000
11/07/2000,TX,Bailey,Bush,republican,580,1000
11/07/2000,CO,Washington,Gore,democrat,420,1000
11/07/2000,CO,Washington,Bush,republican,580,1000
11/07/2000,IL,Washington,Gore,democrat,420,1000
11/07/2000,IL,Washington,Bush,republican,580,1000
11/07/2000,IA,Pocahontas,Gore,democrat,470,1000
11/07/2000,IA,Pocahontas,Bush,republican,530,1000
11/07/2000,IA,Lucas,Gore,democrat,470,1000
11/07/2000,IA,Lucas,Bush,republican,530,1000
11/07/2000,KY,Green,Gore,democrat,420,1000
11/07/2000,KY,Green,Bush,republican,580,1000
11/07/2000,MI,Midland,Gore,democrat,497,1000
11/07/2000,MI,Midland,Bush,republican,503,1000
11/07/2000,OH,Muskingum,Gore,democrat,420,1000
11/07/2000,OH,Muskingum,Bush,republican,580,1000
11/07/2000,PA,Wyoming,Gore,democrat,470,1000
11/07/2000,PA,Wyoming,Bush,republican,530,1000
11/07/2000,TX,Ellis,Gore,democrat,470,1000
11/07/2000,TX,Ellis,Bush,republican,530,1000
11/07/2000,TX,Andrews,Gore,democrat,420,1000
11/07/2000,TX,Andrews,Bush,republican,580,1000
11/07/2000,VT,Lamoille,Gore,democrat,580,1000
11/07/2000,VT,Lamoille,Bush,republican,420,1000
11/07/2000,SD,Clark,Gore,democrat,420,1000
11/07/2000,SD,Clark,Bush,republican,580,1000
11/07/2000,TX,Martin,Gore,democrat,420,1000
11/07/2000,TX,Martin,Bush,republican,580,1000
11/07/2000,KS,Osborne,Gore,democrat,420,1000
11/07/2000,KS,Osborne,Bush,republican,580,1000
11/07/2000,GA,Heard,Gore,democrat,420,1000
11/07/2000,GA,Heard,Bush,republican,580,1000
11/07/2000,IA,Worth,Gore,democrat,580,1000
11/07/2000,IA,Worth,Bush,republican,420,1000
11/07/2000,KY,Simpson,Gore,democrat,420,1000
11/07/2000,KY,Simpson,Bush,republican,580,1000
11/07/2000,MS,Tishomingo,Gore,democrat,420,1000
11/07/2000,MS,Tishomingo,Bush,republican,580,1000
11/07/2000,MS,Stone,Gore,democrat,490,1000
11/07/2000,MS,Stone,Bush,republican,510,1000
11/07/2000,MN,Grant,Gore,democrat,470,1000
11/07/2000,MN,Grant,Bush,republican,530,1000
11/07/2000,NE,Jefferson,Gore,democrat,420,1000
11/07/2000,NE,Jefferson,Bush,republican,580,1000
11/07/2000,SD,Brown,Gore,democrat,420,1000
11/07/2000,SD,Brown,Bush,republican,580,1000
11/07/2000,AL,Pike,Gore,democrat,420,1000
11/07/2000,AL,Pike,Bush,republican,580,1000
11/07/2000,GA,Newton,Gore,democrat,580,1000
11/07/2000,GA,Newton,Bush,republican,420,1000
11/07/2000,IL,Brown,Gore,democrat,420,1000
11/07/2000,IL,Brown,Bush,republican,580,1000
11/07/2000,IL,Bond,Gore,democrat,420,1000
11/07/2000,IL,Bond,Bush,republican,580,1000
11/07/2000,IA,Clay,Gore,democrat,470,1000
11/07/2000,IA,Clay,Bush,republican,530,1000
11/07/2000,KY,Shelby,Gore,democrat,420,1000
11/07/2000,KY,Shelby,Bush,republican,580,1000
11/07/2000,NE,Loup,Gore,democrat,420,1000
11/07/2000,NE,Loup,Bush,republican,580,1000
11/07/2000,NE,Webster,Gore,democrat,420,1000
11/07/2000,NE,Webster,Bush,republican,580,1000
11/07/2000,OH,Ashland,Gore,democrat,420,1000
11/07/2000,OH,Ashland,Bush,republican,580,1000
11/07/2000,NE,Greeley,Gore,democrat,420,1000
11/07/2000,NE,Greeley,Bush,republican,580,1000
11/07/2000,WV,Putnam,Gore,democrat,420,1000
11/07/2000,WV,Putnam,Bush,republican,580,1000
11/07/2000,ND,Billings,Gore,democrat,420,1000
11/07/2000,ND,Billings,Bush,republican,580,1000
11/07/2000,TX,Fisher,Gore,democrat,420,1000
11/07/2000,TX,Fisher,Bush,republican,580,1000
11/07/2000,TX,Lipscomb,Gore,democrat,420,1000
11/07/2000,TX,Lipscomb,Bush,republican,580,1000
11/07/2000,KS,Norton,Gore,democrat,420,1000
11/07/2000,KS,Norton,Bush,republican,580,1000
11/07/2000,MD,Washington,Gore,democrat,420,1000
11/07/2000,MD,Washington,Bush,republican,580,1000
11/07/2000,MS,Clarke,Gore,democrat,420,1000
11/07/2000,MS,Clarke,Bush,republican,580,1000
11/07/2000,MS,Lawrence,Gore,democrat,420,1000
11/07/2000,MS,Lawrence,Bush,republican,580,1000
11/07/2000,MT,Beaverhead,Gore,democrat,420,1000
11/07/2000,MT,Beaverhead,Bush,republican,580,1000
11/07/2000,NE,Banner,Gore,democrat,420,1000
11/07/2000,NE,Banner,Bush,republican,580,1000
11/07/2000,ND,Cavalier,Gore,democrat,420,1000
11/07/2000,ND,Cavalier,Bush,republican,580,1000
11/07/2000,MO,Newton,Gore,democrat,420,1000
11/07/2000,MO,Newton,Bush,republican,580,1000
11/07/2000,AK,North_Slope,Gore,democrat,420,1000
11/07/2000,AK,North_Slope,Bush,republican,580,1000
11/07/2000,GA,Pickens,Gore,democrat,420,1000
11/07/2000,GA,Pickens,Bush,republican,580,1000
11/07/2000,IN,Bartholomew,Gore,democrat,420,1000
11/07/2000,IN,Bartholomew,Bush,republican,580,1000
11/07/2000,IA,Cerro_Gordo,Gore,democrat,510,1000
11/07/2000,IA,Cerro_Gordo,Bush,republican,490,1000
11/07/2000,KY,Lincoln,Gore,democrat,420,1000
11/07/2000,KY,Lincoln,Bush,republican,580,1000
11/07/2000,MO,Dent,Gore,democrat,420,1000
11/07/2000,MO,Dent,Bush,republican,580,1000
11/07/2000,GA,Schley,Gore,democrat,470,1000
11/07/2000,GA,Schley,Bush,republican,530,1000
11/07/2000,NE,Clay,Gore,democrat,420,1000
11/07/2000,NE,Clay,Bush,republican,580,1000
11/07/2000,IA,Guthrie,Gore,democrat,490,1000
11/07/2000,IA,Guthrie,Bush,republican,510,1000
11/07/2000,IA,Adair,Gore,democrat,470,1000
11/07/2000,IA,Adair,Bush,republican,530,1000
11/07/2000,TX,Hale,Gore,democrat,470,1000
11/07/2000,TX,Hale,Bush,republican,530,1000
11/07/2000,VA,Galax,Gore,democrat,420,1000
11/07/2000,VA,Galax,Bush,republican,580,1000
11/07/2000,WI,Sawyer,Gore,democrat,490,1000
11/07/2000,WI,Sawyer,Bush,republican,510,1000
11/07/2000,TX,Sherman,Gore,democrat,420,1000
11/07/2000,TX,Sherman,Bush,republican,580,1000
11/07/2000,CO,Montezuma,Gore,democrat,420,1000
11/07/2000,CO,Montezuma,Bush,republican,580,1000
11/07/2000,KS,Phillips,Gore,democrat,420,1000
11/07/2000,KS,Phillips,Bush,republican,580,1000
11/07/2000,KY,Clinton,Gore,democrat,420,1000
11/07/2000,KY,Clinton,Bush,republican,580,1000
11/07/2000,MD,Allegany,Gore,democrat,420,1000
11/07/2000,MD,Allegany,Bush,republican,580,1000
11/07/2000,MS,Panola,Gore,democrat,470,1000
11/07/2000,MS,Panola,Bush,republican,530,1000
11/07/2000,TX,Kinney,Gore,democrat,420,1000
11/07/2000,TX,Kinney,Bush,republican,580,1000
11/07/2000,NM,Valencia,Gore,democrat,530,1000
11/07/2000,NM,Valencia,Bush,republican,470,1000
11/07/2000,AR,Searcy,Gore,democrat,420,1000
11/07/2000,AR,Searcy,Bush,republican,580,1000
11/07/2000,GA,Candler,Gore,democrat,420,1000
11/07/2000,GA,Candler,Bush,republican,580,1000
11/07/2000,IN,Henry,Gore,democrat,420,1000
11/07/2000,IN,Henry,Bush,republican,580,1000
11/07/2000,IA,Chickasaw,Gore,democrat,530,1000
11/07/2000,IA,Chickasaw,Bush,republican,470,1000
11/07/2000,IA,Poweshiek,Gore,democrat,530,1000
11/07/2000,IA,Poweshiek,Bush,republican,470,1000
11/07/2000,MI,Montmorency,Gore,democrat,470,1000
11/07/2000,MI,Montmorency,Bush,republican,530,1000
11/07/2000,MO,Linn,Gore,democrat,420,1000
11/07/2000,MO,Linn,Bush,republican,580,1000
11/07/2000,ND,Burleigh,Gore,democrat,420,1000
11/07/2000,ND,Burleigh,Bush,republican,580,1000
11/07/2000,NE,Cuming,Gore,democrat,420,1000
11/07/2000,NE,Cuming,Bush,republican,580,1000
11/07/2000,OR,Grant,Gore,democrat,420,1000
11/07/2000,OR,Grant,Bush,republican,580,1000
11/07/2000,SD,Lake,Gore,democrat,490,1000
11/07/2000,SD,Lake,Bush,republican,510,1000
11/07/2000,TX,Scurry,Gore,democrat,420,1000
11/07/2000,TX,Scurry,Bush,republican,580,1000
11/07/2000,TX,Castro,Gore,democrat,420,1000
11/07/2000,TX,Castro,Bush,republican,580,1000
11/07/2000,OH,Harrison,Gore,democrat,420,1000
11/07/2000,OH,Harrison,Bush,republican,580,1000
11/07/2000,TX,Cochran,Gore,democrat,420,1000
11/07/2000,TX,Cochran,Bush,republican,580,1000
11/07/2000,KS,Stanton,Gore,democrat,420,1000
11/07/2000,KS,Stanton,Bush,republican,580,1000
11/07/2000,FL,Monroe,Gore,democrat,530,1000
11/07/2000,FL,Monroe,Bush,republican,470,1000
11/07/2000,FL,Escambia,Gore,democrat,490,1000
11/07/2000,FL,Escambia,Bush,republican,510,1000
11/07/2000,IL,Kankakee,Gore,democrat,490,1000
11/07/2000,IL,Kankakee,Bush,republican,510,1000
11/07/2000,KS,Meade,Gore,democrat,420,1000
11/07/2000,KS,Meade,Bush,republican,580,1000
11/07/2000,MN,Polk,Gore,democrat,420,1000
11/07/2000,MN,Polk,Bush,republican,580,1000
11/07/2000,MS,Pike,Gore,democrat,470,1000
11/07/2000,MS,Pike,Bush,republican,530,1000
11/07/2000,MN,Waseca,Gore,democrat,420,1000
11/07/2000,MN,Waseca,Bush,republican,580,1000
11/07/2000,OK,Cimarron,Gore,democrat,420,1000
11/07/2000,OK,Cimarron,Bush,republican,580,1000
11/07/2000,MT,Flathead,Gore,democrat,420,1000
11/07/2000,MT,Flathead,Bush,republican,580,1000
11/07/2000,UT,Cache,Gore,democrat,420,1000
11/07/2000,UT,Cache,Bush,republican,580,1000
11/07/2000,AR,Lincoln,Gore,democrat,420,1000
11/07/2000,AR,Lincoln,Bush,republican,580,1000
11/07/2000,GA,Turner,Gore,democrat,420,1000
11/07/2000,GA,Turner,Bush,republican,580,1000
11/07/2000,IA,Marshall,Gore,democrat,530,1000
11/07/2000,IA,Marshall,Bush,republican,470,1000
11/07/2000,MO,Texas,Gore,democrat,420,1000
11/07/2000,MO,Texas,Bush,republican,580,1000
11/07/2000,GA,Bleckley,Gore,democrat,420,1000
11/07/2000,GA,Bleckley,Bush,republican,580,1000
11/07/2000,OH,Geauga,Gore,democrat,470,1000
11/07/2000,OH,Geauga,Bush,republican,530,1000
11/07/2000,OK,Grant,Gore,democrat,420,1000
11/07/2000,OK,Grant,Bush,republican,580,1000
11/07/2000,MO,Crawford,Gore,democrat,420,1000
11/07/2000,MO,Crawford,Bush,republican,580,1000
11/07/2000,TX,Tom_Green,Gore,democrat,420,1000
11/07/2000,TX,Tom_Green,Bush,republican,580,1000
11/07/2000,TX,Roberts,Gore,democrat,420,1000
11/07/2000,TX,Roberts,Bush,republican,580,1000
11/07/2000,TX,Childress,Gore,democrat,420,1000
11/07/2000,TX,Childress,Bush,republican,580,1000
11/07/2000,AL,Franklin,Gore,democrat,420,1000
11/07/2000,AL,Franklin,Bush,republican,580,1000
11/07/2000,IN,Ohio,Gore,democrat,420,1000
11/07/2000,IN,Ohio,Bush,republican,580,1000
11/07/2000,KS,Nemaha,Gore,democrat,420,1000
11/07/2000,KS,Nemaha,Bush,republican,580,1000
11/07/2000,MN,Rock,Gore,democrat,420,1000
11/07/2000,MN,Rock,Bush,republican,580,1000
11/07/2000,NE,Dawes,Gore,democrat,420,1000
11/07/2000,NE,Dawes,Bush,republican,580,1000
11/07/2000,PA,Greene,Gore,democrat,420,1000
11/07/2000,PA,Greene,Bush,republican,580,1000
11/07/2000,MO,Phelps,Gore,democrat,420,1000
11/07/2000,MO,Phelps,Bush,republican,580,1000
11/07/2000,AL,Clay,Gore,democrat,420,1000
11/07/2000,AL,Clay,Bush,republican,580,1000
11/07/2000,AK,Kusilvak,Gore,democrat,470,1000
11/07/2000,AK,Kusilvak,Bush,republican,530,1000
11/07/2000,IL,Putnam,Gore,democrat,497,1000
11/07/2000,IL,Putnam,Bush,republican,503,1000
11/07/2000,IN,Montgomery,Gore,democrat,420,1000
11/07/2000,IN,Montgomery,Bush,republican,580,1000
11/07/2000,KS,Wichita,Gore,democrat,420,1000
11/07/2000,KS,Wichita,Bush,republican,580,1000
11/07/2000,MN,Mahnomen,Gore,democrat,530,1000
11/07/2000,MN,Mahnomen,Bush,republican,470,1000
11/07/2000,MN,Murray,Gore,democrat,470,1000
11/07/2000,MN,Murray,Bush,republican,530,1000
11/07/2000,NE,Logan,Gore,democrat,420,1000
11/07/2000,NE,Logan,Bush,republican,580,1000
11/07/2000,ND,Hettinger,Gore,democrat,420,1000
11/07/2000,ND,Hettinger,Bush,republican,580,1000
11/07/2000,IA,Greene,Gore,democrat,490,1000
11/07/2000,IA,Greene,Bush,republican,510,1000
11/07/2000,KY,Lee,Gore,democrat,420,1000
11/07/2000,KY,Lee,Bush,republican,580,1000
11/07/2000,TX,Motley,Gore,democrat,420,1000
11/07/2000,TX,Motley,Bush,republican,580,1000
11/07/2000,LA,Jackson,Gore,democrat,420,1000
11/07/2000,LA,Jackson,Bush,republican,580,1000
11/07/2000,VA,Radford,Gore,democrat,580,1000
11/07/2000,VA,Radford,Bush,republican,420,1000
11/07/2000,ND,Ramsey,Gore,democrat,470,1000
11/07/2000,ND,Ramsey,Bush,republican,530,1000
11/07/2000,ID,Lincoln,Gore,democrat,420,1000
11/07/2000,ID,Lincoln,Bush,republican,580,1000
11/07/2000,CO,Cheyenne,Gore,democrat,420,1000
11/07/2000,CO,Cheyenne,Bush,republican,580,1000
11/07/2000,HI,Maui,Gore,democrat,580,1000
11/07/2000,HI,Maui,Bush,republican,420,1000
11/07/2000,KS,Comanche,Gore,democrat,420,1000
11/07/2000,KS,Comanche,Bush,republican,580,1000
11/07/2000,ME,Aroostook,Gore,democrat,580,1000
11/07/2000,ME,Aroostook,Bush,republican,420,1000
11/07/2000,NE,Thayer,Gore,democrat,420,1000
11/07/2000,NE,Thayer,Bush,republican,580,1000
11/07/2000,MS,Jasper,Gore,democrat,420,1000
11/07/2000,MS,Jasper,Bush,republican,580,1000
11/07/2000,MN,Steele,Gore,democrat,497,1000
11/07/2000,MN,Steele,Bush,republican,503,1000
11/07/2000,SD,Lawrence,Gore,democrat,420,1000
11/07/2000,SD,Lawrence,Bush,republican,580,1000
11/07/2000,SD,Campbell,Gore,democrat,420,1000
11/07/2000,SD,Campbell,Bush,republican,580,1000
11/07/2000,MT,Wheatland,Gore,democrat,420,1000
11/07/2000,MT,Wheatland,Bush,republican,580,1000
11/07/2000,AR,Jackson,Gore,democrat,420,1000
11/07/2000,AR,Jackson,Bush,republican,580,1000
11/07/2000,FL,Lafayette,Gore,democrat,420,1000
11/07/2000,FL,Lafayette,Bush,republican,580,1000
11/07/2000,IL,Saline,Gore,democrat,420,1000
11/07/2000,IL,Saline,Bush,republican,580,1000
11/07/2000,IA,Wapello,Gore,democrat,580,1000
11/07/2000,IA,Wapello,Bush,republican,420,1000
11/07/2000,MI,Calhoun,Gore,democrat,510,1000
11/07/2000,MI,Calhoun,Bush,republican,490,1000
11/07/2000,NE,Colfax,Gore,democrat,420,1000
11/07/2000,NE,Colfax,Bush,republican,580,1000
11/07/2000,ND,Ward,Gore,democrat,420,1000
11/07/2000,ND,Ward,Bush,republican,580,1000
11/07/2000,NE,Fillmore,Gore,democrat,420,1000
11/07/2000,NE,Fillmore,Bush,republican,580,1000
11/07/2000,PA,Snyder,Gore,democrat,470,1000
11/07/2000,PA,Snyder,Bush,republican,530,1000
11/07/2000,IA,Adams,Gore,democrat,470,1000
11/07/2000,IA,Adams,Bush,republican,530,1000
11/07/2000,VA,Covington,Gore,democrat,420,1000
11/07/2000,VA,Covington,Bush,republican,580,1000
11/07/2000,WI,Barron,Gore,democrat,470,1000
11/07/2000,WI,Barron,Bush,republican,530,1000
11/07/2000,TX,Archer,Gore,democrat,420,1000
11/07/2000,TX,Archer,Bush,republican,580,1000
11/07/2000,UT,Piute,Gore,democrat,420,1000
11/07/2000,UT,Piute,Bush,republican,580,1000
11/07/2000,KS,Kearny,Gore,democrat,420,1000
11/07/2000,KS,Kearny,Bush,republican,580,1000
11/07/2000,NE,Johnson,Gore,democrat,420,1000
11/07/2000,NE,Johnson,Bush,republican,580,1000
11/07/2000,TX,Sutton,Gore,democrat,420,1000
11/07/2000,TX,Sutton,Bush,republican,580,1000
11/07/2000,IL,Piatt,Gore,democrat,420,1000
11/07/2000,IL,Piatt,Bush,republican,580,1000
11/07/2000,IL,Schuyler,Gore,democrat,470,1000
11/07/2000,IL,Schuyler,Bush,republican,530,1000
11/07/2000,TN,McNairy,Gore,democrat,420,1000
11/07/2000,TN,McNairy,Bush,republican,580,1000
11/07/2000,KY,Edmonson,Gore,democrat,420,1000
11/07/2000,KY,Edmonson,Bush,republican,580,1000
11/07/2000,IA,O_Brien,Gore,democrat,420,1000
11/07/2000,IA,O_Brien,Bush,republican,580,1000
11/07/2000,KY,Estill,Gore,democrat,420,1000
11/07/2000,KY,Estill,Bush,republican,580,1000
11/07/2000,IL,Christian,Gore,democrat,420,1000
11/07/2000,IL,Christian,Bush,republican,580,1000
11/07/2000,KY,Graves,Gore,democrat,420,1000
11/07/2000,KY,Graves,Bush,republican,580,1000
11/07/2000,IA,Union,Gore,democrat,490,1000
11/07/2000,IA,Union,Bush,republican,510,1000
11/07/2000,IL,Marshall,Gore,democrat,420,1000
11/07/2000,IL,Marshall,Bush,republican,580,1000
11/07/2000,MI,Branch,Gore,democrat,470,1000
11/07/2000,MI,Branch,Bush,republican,530,1000
11/07/2000,KS,Geary,Gore,democrat,530,1000
11/07/2000,KS,Geary,Bush,republican,470,1000
11/07/2000,NE,Brown,Gore,democrat,420,1000
11/07/2000,NE,Brown,Bush,republican,580,1000
11/07/2000,MS,Smith,Gore,democrat,420,1000
11/07/2000,MS,Smith,Bush,republican,580,1000
11/07/2000,ID,Benewah,Gore,democrat,420,1000
11/07/2000,ID,Benewah,Bush,republican,580,1000
11/07/2000,IN,Fountain,Gore,democrat,420,1000
11/07/2000,IN,Fountain,Bush,republican,580,1000
11/07/2000,TX,Moore,Gore,democrat,420,1000
11/07/2000,TX,Moore,Bush,republican,580,1000
11/07/2000,OK,Lincoln,Gore,democrat,420,1000
11/07/2000,OK,Lincoln,Bush,republican,580,1000
11/07/2000,UT,San_Juan,Gore,democrat,420,1000
11/07/2000,UT,San_Juan,Bush,republican,580,1000
11/07/2000,IA,Mahaska,Gore,democrat,490,1000
11/07/2000,IA,Mahaska,Bush,republican,510,1000
11/07/2000,IN,Pulaski,Gore,democrat,420,1000
11/07/2000,IN,Pulaski,Bush,republican,580,1000
11/07/2000,KY,Christian,Gore,democrat,420,1000
11/07/2000,KY,Christian,Bush,republican,580,1000
11/07/2000,ND,Richland,Gore,democrat,530,1000
11/07/2000,ND,Richland,Bush,republican,470,1000
11/07/2000,MO,Dade,Gore,democrat,420,1000
11/07/2000,MO,Dade,Bush,republican,580,1000
11/07/2000,MO,Dallas,Gore,democrat,420,1000
11/07/2000,MO,Dallas,Bush,republican,580,1000
11/07/2000,IN,Clay,Gore,democrat,420,1000
11/07/2000,IN,Clay,Bush,republican,580,1000
11/07/2000,GA,Floyd,Gore,democrat,420,1000
11/07/2000,GA,Floyd,Bush,republican,580,1000
11/07/2000,NE,Box_Butte,Gore,democrat,420,1000
11/07/2000,NE,Box_Butte,Bush,republican,580,1000
11/07/2000,KS,Ford,Gore,democrat,420,1000
11/07/2000,KS,Ford,Bush,republican,580,1000
11/07/2000,IN,Madison,Gore,democrat,470,1000
11/07/2000,IN,Madison,Bush,republican,530,1000
11/07/2000,KS,Ness,Gore,democrat,420,1000
11/07/2000,KS,Ness,Bush,republican,580,1000
11/07/2000,NE,Hooker,Gore,democrat,420,1000
11/07/2000,NE,Hooker,Bush,republican,580,1000
11/07/2000,IL,Clay,Gore,democrat,420,1000
11/07/2000,IL,Clay,Bush,republican,580,1000
11/07/2000,MO,Knox,Gore,democrat,420,1000
11/07/2000,MO,Knox,Bush,republican,580,1000
11/07/2000,MO,Osage,Gore,democrat,420,1000
11/07/2000,MO,Osage,Bush,republican,580,1000
11/07/2000,MI,Livingston,Gore,democrat,470,1000
11/07/2000,MI,Livingston,Bush,republican,530,1000
11/07/2000,AL,Randolph,Gore,democrat,420,1000
11/07/2000,AL,Randolph,Bush,republican,580,1000
11/07/2000,MI,Roscommon,Gore,democrat,420,1000
11/07/2000,MI,Roscommon,Bush,republican,580,1000
11/07/2000,OH,Carroll,Gore,democrat,420,1000
11/07/2000,OH,Carroll,Bush,republican,580,1000
11/07/2000,ND,Cass,Gore,democrat,510,1000
11/07/2000,ND,Cass,Bush,republican,490,1000
11/07/2000,NE,Madison,Gore,democrat,420,1000
11/07/2000,NE,Madison,Bush,republican,580,1000
11/07/2000,NE,Perkins,Gore,democrat,420,1000
11/07/2000,NE,Perkins,Bush,republican,580,1000
11/07/2000,NE,Pierce,Gore,democrat,420,1000
11/07/2000,NE,Pierce,Bush,republican,580,1000
11/07/2000,AR,Cleburne,Gore,democrat,420,1000
11/07/2000,AR,Cleburne,Bush,republican,580,1000
11/07/2000,NE,Platte,Gore,democrat,420,1000
11/07/2000,NE,Platte,Bush,republican,580,1000
11/07/2000,NH,Coos,Gore,democrat,580,1000
11/07/2000,NH,Coos,Bush,republican,420,1000
11/07/2000,MN,Swift,Gore,democrat,470,1000
11/07/2000,MN,Swift,Bush,republican,530,1000
11/07/2000,WI,Langlade,Gore,democrat,420,1000
11/07/2000,WI,Langlade,Bush,republican,580,1000
11/07/2000,MI,Isabella,Gore,democrat,530,1000
11/07/2000,MI,Isabella,Bush,republican,470,1000
11/07/2000,MN,McLeod,Gore,democrat,420,1000
11/07/2000,MN,McLeod,Bush,republican,580,1000
11/07/2000,NH,Grafton,Gore,democrat,580,1000
11/07/2000,NH,Grafton,Bush,republican,420,1000
11/07/2000,AK,Petersburg,Gore,democrat,530,1000
11/07/2000,AK,Petersburg,Bush,republican,470,1000
11/07/2000,MI,Missaukee,Gore,democrat,420,1000
11/07/2000,MI,Missaukee,Bush,republican,580,1000
11/07/2000,MO,Oregon,Gore,democrat,420,1000
11/07/2000,MO,Oregon,Bush,republican,580,1000
11/07/2000,ND,Griggs,Gore,democrat,420,1000
11/07/2000,ND,Griggs,Bush,republican,580,1000
11/07/2000,TX,Goliad,Gore,democrat,420,1000
11/07/2000,TX,Goliad,Bush,republican,580,1000
11/07/2000,NE,Chase,Gore,democrat,420,1000
11/07/2000,NE,Chase,Bush,republican,580,1000
11/07/2000,KS,Allen,Gore,democrat,420,1000
11/07/2000,KS,Allen,Bush,republican,580,1000
11/07/2000,KS,Chase,Gore,democrat,470,1000
11/07/2000,KS,Chase,Bush,republican,530,1000
11/07/2000,KS,Greenwood,Gore,democrat,420,1000
11/07/2000,KS,Greenwood,Bush,republican,580,1000
11/07/2000,TX,Cottle,Gore,democrat,420,1000
11/07/2000,TX,Cottle,Bush,republican,580,1000
11/07/2000,NM,Eddy,Gore,democrat,420,1000
11/07/2000,NM,Eddy,Bush,republican,580,1000
11/07/2000,IL,Coles,Gore,democrat,420,1000
11/07/2000,IL,Coles,Bush,republican,580,1000
11/07/2000,KS,Elk,Gore,democrat,420,1000
11/07/2000,KS,Elk,Bush,republican,580,1000
11/07/2000,KS,Woodson,Gore,democrat,420,1000
11/07/2000,KS,Woodson,Bush,republican,580,1000
11/07/2000,MI,Gratiot,Gore,democrat,420,1000
11/07/2000,MI,Gratiot,Bush,republican,580,1000
11/07/2000,KS,Marion,Gore,democrat,420,1000
11/07/2000,KS,Marion,Bush,republican,580,1000
11/07/2000,KS,Neosho,Gore,democrat,420,1000
11/07/2000,KS,Neosho,Bush,republican,580,1000
11/07/2000,MI,Ionia,Gore,democrat,420,1000
11/07/2000,MI,Ionia,Bush,republican,580,1000
11/07/2000,MN,Cottonwood,Gore,democrat,470,1000
11/07/2000,MN,Cottonwood,Bush,republican,530,1000
11/07/2000,KY,Montgomery,Gore,democrat,420,1000
11/07/2000,KY,Montgomery,Bush,republican,580,1000
11/07/2000,MN,Kandiyohi,Gore,democrat,420,1000
11/07/2000,MN,Kandiyohi,Bush,republican,580,1000
11/07/2000,MI,Mecosta,Gore,democrat,420,1000
11/07/2000,MI,Mecosta,Bush,republican,580,1000
11/07/2000,SD,Grant,Gore,democrat,470,1000
11/07/2000,SD,Grant,Bush,republican,530,1000
11/07/2000,MN,Faribault,Gore,democrat,470,1000
11/07/2000,MN,Faribault,Bush,republican,530,1000
11/07/2000,KY,Robertson,Gore,democrat,420,1000
11/07/2000,KY,Robertson,Bush,republican,580,1000
11/07/2000,IL,Effingham,Gore,democrat,420,1000
11/07/2000,IL,Effingham,Bush,republican,580,1000
11/07/2000,MN,Benton,Gore,democrat,420,1000
11/07/2000,MN,Benton,Bush,republican,580,1000
11/07/2000,TX,Falls,Gore,democrat,420,1000
11/07/2000,TX,Falls,Bush,republican,580,1000
11/07/2000,SD,Aurora,Gore,democrat,420,1000
11/07/2000,SD,Aurora,Bush,republican,580,1000
11/07/2000,MA,Nantucket,Gore,democrat,580,1000
11/07/2000,MA,Nantucket,Bush,republican,420,1000
11/07/2000,SD,Beadle,Gore,democrat,470,1000
11/07/2000,SD,Beadle,Bush,republican,530,1000
11/07/2000,SD,Spink,Gore,democrat,420,1000
11/07/2000,SD,Spink,Bush,republican,580,1000
11/07/2000,SD,Yankton,Gore,democrat,470,1000
11/07/2000,SD,Yankton,Bush,republican,530,1000
11/07/2000,SD,Hutchinson,Gore,democrat,420,1000
11/07/2000,SD,Hutchinson,Bush,republican,580,1000
11/07/2000,PA,Cameron,Gore,democrat,420,1000
11/07/2000,PA,Cameron,Bush,republican,580,1000
11/07/2000,AK,Hoonah_Angoon,Gore,democrat,510,1000
11/07/2000,AK,Hoonah_Angoon,Bush,republican,490,1000
11/07/2000,TN,Hardin,Gore,democrat,420,1000
11/07/2000,TN,Hardin,Bush,republican,580,1000
11/07/2000,SD,McCook,Gore,democrat,470,1000
11/07/2000,SD,McCook,Bush,republican,530,1000
11/07/2000,SD,Jerauld,Gore,democrat,420,1000
11/07/2000,SD,Jerauld,Bush,republican,580,1000
11/07/2000,WV,Barbour,Gore,democrat,420,1000
11/07/2000,WV,Barbour,Bush,republican,580,1000
11/07/2000,VA,Goochland,Gore,democrat,470,1000
11/07/2000,VA,Goochland,Bush,republican,530,1000
11/07/2000,MN,Le_Sueur,Gore,democrat,470,1000
11/07/2000,MN,Le_Sueur,Bush,republican,530,1000
11/07/2000,TX,Karnes,Gore,democrat,420,1000
11/07/2000,TX,Karnes,Bush,republican,580,1000
11/07/2000,MN,Martin,Gore,democrat,420,1000
11/07/2000,MN,Martin,Bush,republican,580,1000
11/07/2000,MO,Adair,Gore,democrat,420,1000
11/07/2000,MO,Adair,Bush,republican,580,1000
11/07/2000,WI,Price,Gore,democrat,497,1000
11/07/2000,WI,Price,Bush,republican,503,1000
11/07/2000,WI,Dunn,Gore,democrat,470,1000
11/07/2000,WI,Dunn,Bush,republican,530,1000
11/07/2000,WY,Natrona,Gore,democrat,420,1000
11/07/2000,WY,Natrona,Bush,republican,580,1000
11/07/2000,WY,Niobrara,Gore,democrat,420,1000
11/07/2000,WY,Niobrara,Bush,republican,580,1000
11/07/2000,WY,Park,Gore,democrat,420,1000
11/07/2000,WY,Park,Bush,republican,580,1000
11/07/2000,SC,Saluda,Gore,democrat,420,1000
11/07/2000,SC,Saluda,Bush,republican,580,1000
11/07/2000,OR,Wheeler,Gore,democrat,420,1000
11/07/2000,OR,Wheeler,Bush,republican,580,1000
11/07/2000,VT,Essex,Gore,democrat,580,1000
11/07/2000,VT,Essex,Bush,republican,420,1000
11/07/2000,WA,Skamania,Gore,democrat,530,1000
11/07/2000,WA,Skamania,Bush,republican,470,1000
11/07/2000,MN,Cook,Gore,democrat,580,1000
11/07/2000,MN,Cook,Bush,republican,420,1000
11/07/2000,OH,Crawford,Gore,democrat,420,1000
11/07/2000,OH,Crawford,Bush,republican,580,1000
11/07/2000,OH,Hancock,Gore,democrat,420,1000
11/07/2000,OH,Hancock,Bush,republican,580,1000
11/07/2000,OH,Hocking,Gore,democrat,420,1000
11/07/2000,OH,Hocking,Bush,republican,580,1000
11/07/2000,OH,Huron,Gore,democrat,470,1000
11/07/2000,OH,Huron,Bush,republican,530,1000
11/07/2000,TX,Yoakum,Gore,democrat,420,1000
11/07/2000,TX,Yoakum,Bush,republican,580,1000
11/07/2000,TX,Armstrong,Gore,democrat,420,1000
11/07/2000,TX,Armstrong,Bush,republican,580,1000
11/07/2000,TX,Jim_Wells,Gore,democrat,420,1000
11/07/2000,TX,Jim_Wells,Bush,republican,580,1000
11/07/2000,OK,Dewey,Gore,democrat,420,1000
11/07/2000,OK,Dewey,Bush,republican,580,1000
11/07/2000,TX,Hemphill,Gore,democrat,420,1000
11/07/2000,TX,Hemphill,Bush,republican,580,1000
11/07/2000,ME,Kennebec,Gore,democrat,580,1000
11/07/2000,ME,Kennebec,Bush,republican,420,1000
11/07/2000,IA,Grundy,Gore,democrat,420,1000
11/07/2000,IA,Grundy,Bush,republican,580,1000
11/07/2000,MN,Isanti,Gore,democrat,420,1000
11/07/2000,MN,Isanti,Bush,republican,580,1000
11/07/2000,TX,Schleicher,Gore,democrat,420,1000
11/07/2000,TX,Schleicher,Bush,republican,580,1000
11/07/2000,OK,Okmulgee,Gore,democrat,420,1000
11/07/2000,OK,Okmulgee,Bush,republican,580,1000
11/07/2000,MT,Garfield,Gore,democrat,420,1000
11/07/2000,MT,Garfield,Bush,republican,580,1000
11/07/2000,TX,Stephens,Gore,democrat,420,1000
11/07/2000,TX,Stephens,Bush,republican,580,1000
11/07/2000,NE,Arthur,Gore,democrat,420,1000
11/07/2000,NE,Arthur,Bush,republican,580,1000
11/07/2000,TX,Swisher,Gore,democrat,420,1000
11/07/2000,TX,Swisher,Bush,republican,580,1000
11/07/2000,MO,Pettis,Gore,democrat,420,1000
11/07/2000,MO,Pettis,Bush,republican,580,1000
11/07/2000,TX,Lamb,Gore,democrat,420,1000
11/07/2000,TX,Lamb,Bush,republican,580,1000
11/07/2000,TX,Palo_Pinto,Gore,democrat,420,1000
11/07/2000,TX,Palo_Pinto,Bush,republican,580,1000
11/07/2000,GA,White,Gore,democrat,420,1000
11/07/2000,GA,White,Bush,republican,580,1000
11/07/2000,OR,Wasco,Gore,democrat,530,1000
11/07/2000,OR,Wasco,Bush,republican,470,1000
11/07/2000,AK,Bethel,Gore,democrat,490,1000
11/07/2000,AK,Bethel,Bush,republican,510,1000
11/07/2000,AR,St_Francis,Gore,democrat,530,1000
11/07/2000,AR,St_Francis,Bush,republican,470,1000
11/07/2000,AK,Aleutians_East,Gore,democrat,420,1000
11/07/2000,AK,Aleutians_East,Bush,republican,580,1000
11/07/2000,WI,Monroe,Gore,democrat,510,1000
11/07/2000,WI,Monroe,Bush,republican,490,1000
11/07/2000,AK,Ketchikan_Gateway,Gore,democrat,470,1000
11/07/2000,AK,Ketchikan_Gateway,Bush,republican,530,1000
11/07/2000,AK,Lake_and_Peninsula,Gore,democrat,420,1000
11/07/2000,AK,Lake_and_Peninsula,Bush,republican,580,1000
11/07/2000,ND,Stutsman,Gore,democrat,420,1000
11/07/2000,ND,Stutsman,Bush,republican,580,1000
11/07/2000,OH,Paulding,Gore,democrat,420,1000
11/07/2000,OH,Paulding,Bush,republican,580,1000
11/07/2000,MS,Choctaw,Gore,democrat,420,1000
11/07/2000,MS,Choctaw,Bush,republican,580,1000
11/07/2000,SD,Sully,Gore,democrat,420,1000
11/07/2000,SD,Sully,Bush,republican,580,1000
11/07/2000,MO,Stoddard,Gore,democrat,420,1000
11/07/2000,MO,Stoddard,Bush,republican,580,1000
11/07/2000,TX,Hall,Gore,democrat,420,1000
11/07/2000,TX,Hall,Bush,republican,580,1000
11/07/2000,MO,Stone,Gore,democrat,420,1000
11/07/2000,MO,Stone,Bush,republican,580,1000
11/07/2000,MO,Webster,Gore,democrat,420,1000
11/07/2000,MO,Webster,Bush,republican,580,1000
11/07/2000,NC,Forsyth,Gore,democrat,580,1000
11/07/2000,NC,Forsyth,Bush,republican,420,1000
11/07/2000,VA,Danville,Gore,democrat,580,1000
11/07/2000,VA,Danville,Bush,republican,420,1000
11/07/2000,VA,Franklin,Gore,democrat,580,1000
11/07/2000,VA,Franklin,Bush,republican,420,1000
11/07/2000,KS,Brown,Gore,democrat,420,1000
11/07/2000,KS,Brown,Bush,republican,580,1000
11/07/2000,VA,Martinsville,Gore,democrat,580,1000
11/07/2000,VA,Martinsville,Bush,republican,420,1000
11/07/2000,KS,Butler,Gore,democrat,470,1000
11/07/2000,KS,Butler,Bush,republican,530,1000
11/07/2000,TX,Hood,Gore,democrat,420,1000
11/07/2000,TX,Hood,Bush,republican,580,1000
11/07/2000,VA,Staunton,Gore,democrat,580,1000
11/07/2000,VA,Staunton,Bush,republican,420,1000
11/07/2000,FL,DeSoto,Gore,democrat,470,1000
11/07/2000,FL,DeSoto,Bush,republican,530,1000
11/07/2000,FL,Highlands,Gore,democrat,420,1000
11/07/2000,FL,Highlands,Bush,republican,580,1000
11/07/2000,MO,Wright,Gore,democrat,420,1000
11/07/2000,MO,Wright,Bush,republican,580,1000
11/07/2000,KS,Anderson,Gore,democrat,420,1000
11/07/2000,KS,Anderson,Bush,republican,580,1000
11/07/2000,VA,Amelia,Gore,democrat,420,1000
11/07/2000,VA,Amelia,Bush,republican,580,1000
11/07/2000,IA,Crawford,Gore,democrat,470,1000
11/07/2000,IA,Crawford,Bush,republican,530,1000
11/07/2000,IA,Davis,Gore,democrat,470,1000
11/07/2000,IA,Davis,Bush,republican,530,1000
11/07/2000,IA,Delaware,Gore,democrat,530,1000
11/07/2000,IA,Delaware,Bush,republican,470,1000
11/07/2000,KS,Miami,Gore,democrat,470,1000
11/07/2000,KS,Miami,Bush,republican,530,1000
11/07/2000,TX,LaSalle,Gore,democrat,420,1000
11/07/2000,TX,LaSalle,Bush,republican,580,1000
11/07/2000,KS,McPherson,Gore,democrat,420,1000
11/07/2000,KS,McPherson,Bush,republican,580,1000
11/07/2000,IA,Franklin,Gore,democrat,497,1000
11/07/2000,IA,Franklin,Bush,republican,503,1000
11/07/2000,KS,Logan,Gore,democrat,420,1000
11/07/2000,KS,Logan,Bush,republican,580,1000
11/07/2000,IA,Hamilton,Gore,democrat,470,1000
11/07/2000,IA,Hamilton,Bush,republican,530,1000
11/07/2000,TX,McLennan,Gore,democrat,420,1000
11/07/2000,TX,McLennan,Bush,republican,580,1000
11/07/2000,ID,Custer,Gore,democrat,420,1000
11/07/2000,ID,Custer,Bush,republican,580,1000
11/07/2000,KS,Sherman,Gore,democrat,420,1000
11/07/2000,KS,Sherman,Bush,republican,580,1000
11/07/2000,IA,Ida,Gore,democrat,470,1000
11/07/2000,IA,Ida,Bush,republican,530,1000
11/07/2000,OH,Perry,Gore,democrat,420,1000
11/07/2000,OH,Perry,Bush,republican,580,1000
11/07/2000,CO,Morgan,Gore,democrat,420,1000
11/07/2000,CO,Morgan,Bush,republican,580,1000
11/07/2000,TX,Real,Gore,democrat,420,1000
11/07/2000,TX,Real,Bush,republican,580,1000
11/07/2000,GA,Crisp,Gore,democrat,420,1000
11/07/2000,GA,Crisp,Bush,republican,580,1000
11/07/2000,OH,Ross,Gore,democrat,420,1000
11/07/2000,OH,Ross,Bush,republican,580,1000
11/07/2000,CO,Montrose,Gore,democrat,420,1000
11/07/2000,CO,Montrose,Bush,republican,580,1000
11/07/2000,OH,Shelby,Gore,democrat,420,1000
11/07/2000,OH,Shelby,Bush,republican,580,1000
11/07/2000,GA,Evans,Gore,democrat,420,1000
11/07/2000,GA,Evans,Bush,republican,580,1000
11/07/2000,IL,Cumberland,Gore,democrat,420,1000
11/07/2000,IL,Cumberland,Bush,republican,580,1000
11/07/2000,OH,Union,Gore,democrat,420,1000
11/07/2000,OH,Union,Bush,republican,580,1000
11/07/2000,GA,Jeff_Davis,Gore,democrat,420,1000
11/07/2000,GA,Jeff_Davis,Bush,republican,580,1000
11/07/2000,AR,Stone,Gore,democrat,420,1000
11/07/2000,AR,Stone,Bush,republican,580,1000
11/07/2000,MO,Henry,Gore,democrat,420,1000
11/07/2000,MO,Henry,Bush,republican,580,1000
11/07/2000,TX,Menard,Gore,democrat,420,1000
11/07/2000,TX,Menard,Bush,republican,580,1000
11/07/2000,TX,Midland,Gore,democrat,420,1000
11/07/2000,TX,Midland,Bush,republican,580,1000
11/07/2000,TX,Nolan,Gore,democrat,420,1000
11/07/2000,TX,Nolan,Bush,republican,580,1000
11/07/2000,TX,Reagan,Gore,democrat,420,1000
11/07/2000,TX,Reagan,Bush,republican,580,1000
11/07/2000,OK,Stephens,Gore,democrat,420,1000
11/07/2000,OK,Stephens,Bush,republican,580,1000
11/07/2000,MO,St_Francois,Gore,democrat,470,1000
11/07/2000,MO,St_Francois,Bush,republican,530,1000
11/07/2000,CO,Kiowa,Gore,democrat,420,1000
11/07/2000,CO,Kiowa,Bush,republican,580,1000
11/07/2000,TX,Mason,Gore,democrat,420,1000
11/07/2000,TX,Mason,Bush,republican,580,1000
11/07/2000,TX,Glasscock,Gore,democrat,420,1000
11/07/2000,TX,Glasscock,Bush,republican,580,1000
11/07/2000,TX,Kendall,Gore,democrat,420,1000
11/07/2000,TX,Kendall,Bush,republican,580,1000
11/07/2000,OK,Grady,Gore,democrat,420,1000
11/07/2000,OK,Grady,Bush,republican,580,1000
11/07/2000,OK,Cleveland,Gore,democrat,510,1000
11/07/2000,OK,Cleveland,Bush,republican,490,1000
11/07/2000,PA,Susquehanna,Gore,democrat,420,1000
11/07/2000,PA,Susquehanna,Bush,republican,580,1000
11/07/2000,TX,Morris,Gore,democrat,420,1000
11/07/2000,TX,Morris,Bush,republican,580,1000
11/07/2000,TX,Hunt,Gore,democrat,420,1000
11/07/2000,TX,Hunt,Bush,republican,580,1000
11/07/2000,NY,Schenectady,Gore,democrat,580,1000
11/07/2000,NY,Schenectady,Bush,republican,420,1000
11/07/2000,OK,Carter,Gore,democrat,420,1000
11/07/2000,OK,Carter,Bush,republican,580,1000
11/07/2000,OK,Coal,Gore,democrat,420,1000
11/07/2000,OK,Coal,Bush,republican,580,1000
11/07/2000,OK,Murray,Gore,democrat,420,1000
11/07/2000,OK,Murray,Bush,republican,580,1000
11/07/2000,OK,Haskell,Gore,democrat,420,1000
11/07/2000,OK,Haskell,Bush,republican,580,1000
11/07/2000,OH,Athens,Gore,democrat,580,1000
11/07/2000,OH,Athens,Bush,republican,420,1000
11/07/2000,AK,Yukon-Koyukuk,Gore,democrat,420,1000
11/07/2000,AK,Yukon-Koyukuk,Bush,republican,580,1000
11/07/2000,AL,Monroe,Gore,democrat,420,1000
11/07/2000,AL,Monroe,Bush,republican,580,1000
11/07/2000,MS,Humphreys,Gore,democrat,420,1000
11/07/2000,MS,Humphreys,Bush,republican,580,1000
11/07/2000,MS,Quitman,Gore,democrat,580,1000
11/07/2000,MS,Quitman,Bush,republican,420,1000
11/07/2000,MO,Sullivan,Gore,democrat,420,1000
11/07/2000,MO,Sullivan,Bush,republican,580,1000
11/07/2000,TX,Lampasas,Gore,democrat,420,1000
11/07/2000,TX,Lampasas,Bush,republican,580,1000
11/07/2000,TX,Limestone,Gore,democrat,420,1000
11/07/2000,TX,Limestone,Bush,republican,580,1000
11/07/2000,TX,Bell,Gore,democrat,470,1000
11/07/2000,TX,Bell,Bush,republican,530,1000
11/07/2000,WI,Brown,Gore,democrat,530,1000
11/07/2000,WI,Brown,Bush,republican,470,1000
11/07/2000,MS,Jones,Gore,democrat,420,1000
11/07/2000,MS,Jones,Bush,republican,580,1000
11/07/2000,MS,Kemper,Gore,democrat,470,1000
11/07/2000,MS,Kemper,Bush,republican,530,1000
11/07/2000,NV,Mineral,Gore,democrat,470,1000
11/07/2000,NV,Mineral,Bush,republican,530,1000
11/07/2000,NM,Bernalillo,Gore,democrat,580,1000
11/07/2000,NM,Bernalillo,Bush,republican,420,1000
11/07/2000,FL,Hamilton,Gore,democrat,420,1000
11/07/2000,FL,Hamilton,Bush,republican,580,1000
11/07/2000,HI,Kalawao,Gore,democrat,580,1000
11/07/2000,HI,Kalawao,Bush,republican,420,1000
11/07/2000,FL,Clay,Gore,democrat,420,1000
11/07/2000,FL,Clay,Bush,republican,580,1000
11/07/2000,MN,Hubbard,Gore,democrat,420,1000
11/07/2000,MN,Hubbard,Bush,republican,580,1000
11/07/2000,TX,Carson,Gore,democrat,420,1000
11/07/2000,TX,Carson,Bush,republican,580,1000
11/07/2000,ND,Eddy,Gore,democrat,420,1000
11/07/2000,ND,Eddy,Bush,republican,580,1000
11/07/2000,AK,Nome,Gore,democrat,420,1000
11/07/2000,AK,Nome,Bush,republican,580,1000
11/07/2000,KS,Pawnee,Gore,democrat,420,1000
11/07/2000,KS,Pawnee,Bush,republican,580,1000
11/07/2000,KS,Stafford,Gore,democrat,420,1000
11/07/2000,KS,Stafford,Bush,republican,580,1000
11/07/2000,ND,McHenry,Gore,democrat,420,1000
11/07/2000,ND,McHenry,Bush,republican,580,1000
11/07/2000,IL,Warren,Gore,democrat,470,1000
11/07/2000,IL,Warren,Bush,republican,530,1000
11/07/2000,NV,Clark,Gore,democrat,580,1000
11/07/2000,NV,Clark,Bush,republican,420,1000
11/07/2000,KS,Lincoln,Gore,democrat,420,1000
11/07/2000,KS,Lincoln,Bush,republican,580,1000
11/07/2000,AL,Barbour,Gore,democrat,420,1000
11/07/2000,AL,Barbour,Bush,republican,580,1000
11/07/2000,TN,Fayette,Gore,democrat,470,1000
11/07/2000,TN,Fayette,Bush,republican,530,1000
11/07/2000,KS,Rush,Gore,democrat,420,1000
11/07/2000,KS,Rush,Bush,republican,580,1000
11/07/2000,IL,Boone,Gore,democrat,530,1000
11/07/2000,IL,Boone,Bush,republican,470,1000
11/07/2000,ND,Bowman,Gore,democrat,420,1000
11/07/2000,ND,Bowman,Bush,republican,580,1000
11/07/2000,IN,Huntington,Gore,democrat,420,1000
11/07/2000,IN,Huntington,Bush,republican,580,1000
11/07/2000,KS,Ellsworth,Gore,democrat,420,1000
11/07/2000,KS,Ellsworth,Bush,republican,580,1000
11/07/2000,IN,DeKalb,Gore,democrat,420,1000
11/07/2000,IN,DeKalb,Bush,republican,580,1000
11/07/2000,IN,Grant,Gore,democrat,420,1000
11/07/2000,IN,Grant,Bush,republican,580,1000
11/07/2000,IN,Miami,Gore,democrat,420,1000
11/07/2000,IN,Miami,Bush,republican,580,1000
11/07/2000,IN,Tipton,Gore,democrat,420,1000
11/07/2000,IN,Tipton,Bush,republican,580,1000
11/07/2000,UT,Summit,Gore,democrat,580,1000
11/07/2000,UT,Summit,Bush,republican,420,1000
11/07/2000,MO,Polk,Gore,democrat,420,1000
11/07/2000,MO,Polk,Bush,republican,580,1000
11/07/2000,CA,Nevada,Gore,democrat,530,1000
11/07/2000,CA,Nevada,Bush,republican,470,1000
11/07/2000,WI,Shawano,Gore,democrat,470,1000
11/07/2000,WI,Shawano,Bush,republican,530,1000
11/07/2000,ID,Idaho,Gore,democrat,420,1000
11/07/2000,ID,Idaho,Bush,republican,580,1000
11/07/2000,SD,Codington,Gore,democrat,420,1000
11/07/2000,SD,Codington,Bush,republican,580,1000
11/07/2000,ND,Rolette,Gore,democrat,580,1000
11/07/2000,ND,Rolette,Bush,republican,420,1000
11/07/2000,KS,Mitchell,Gore,democrat,420,1000
11/07/2000,KS,Mitchell,Bush,republican,580,1000
11/07/2000,KS,Scott,Gore,democrat,420,1000
11/07/2000,KS,Scott,Bush,republican,580,1000
11/07/2000,KS,Washington,Gore,democrat,420,1000
11/07/2000,KS,Washington,Bush,republican,580,1000
11/07/2000,LA,Concordia,Gore,democrat,420,1000
11/07/2000,LA,Concordia,Bush,republican,580,1000
11/07/2000,GA,Marion,Gore,democrat,530,1000
11/07/2000,GA,Marion,Bush,republican,470,1000
11/07/2000,LA,Iberville,Gore,democrat,530,1000
11/07/2000,LA,Iberville,Bush,republican,470,1000
11/07/2000,TX,Blanco,Gore,democrat,420,1000
11/07/2000,TX,Blanco,Bush,republican,580,1000
11/07/2000,VA,Norton,Gore,democrat,420,1000
11/07/2000,VA,Norton,Bush,republican,580,1000
11/07/2000,TX,Kimble,Gore,democrat,420,1000
11/07/2000,TX,Kimble,Bush,republican,580,1000
11/07/2000,TX,Dawson,Gore,democrat,420,1000
11/07/2000,TX,Dawson,Bush,republican,580,1000
11/07/2000,OK,Blaine,Gore,democrat,420,1000
11/07/2000,OK,Blaine,Bush,republican,580,1000
11/07/2000,KS,Barber,Gore,democrat,420,1000
11/07/2000,KS,Barber,Bush,republican,580,1000
11/07/2000,TX,Wilson,Gore,democrat,470,1000
11/07/2000,TX,Wilson,Bush,republican,530,1000
11/07/2000,WI,Rusk,Gore,democrat,470,1000
11/07/2000,WI,Rusk,Bush,republican,530,1000
11/07/2000,VA,Colonial_Heights,Gore,democrat,530,1000
11/07/2000,VA,Colonial_Heights,Bush,republican,470,1000
11/07/2000,TX,Baylor,Gore,democrat,420,1000
11/07/2000,TX,Baylor,Bush,republican,580,1000
11/07/2000,KS,Wallace,Gore,democrat,420,1000
11/07/2000,KS,Wallace,Bush,republican,580,1000
11/07/2000,KS,Seward,Gore,democrat,470,1000
11/07/2000,KS,Seward,Bush,republican,530,1000
11/07/2000,MS,Lauderdale,Gore,democrat,490,1000
11/07/2000,MS,Lauderdale,Bush,republican,510,1000
11/07/2000,MS,Perry,Gore,democrat,420,1000
11/07/2000,MS,Perry,Bush,republican,580,1000
11/07/2000,AR,Saline,Gore,democrat,510,1000
11/07/2000,AR,Saline,Bush,republican,490,1000
11/07/2000,IL,Bureau,Gore,democrat,420,1000
11/07/2000,IL,Bureau,Bush,republican,580,1000
11/07/2000,IN,Wabash,Gore,democrat,420,1000
11/07/2000,IN,Wabash,Bush,republican,580,1000
11/07/2000,MO,Carter,Gore,democrat,420,1000
11/07/2000,MO,Carter,Bush,republican,580,1000
11/07/2000,NE,McPherson,Gore,democrat,420,1000
11/07/2000,NE,McPherson,Bush,republican,580,1000
11/07/2000,MO,Macon,Gore,democrat,420,1000
11/07/2000,MO,Macon,Bush,republican,580,1000
11/07/2000,KS,Coffey,Gore,democrat,420,1000
11/07/2000,KS,Coffey,Bush,republican,580,1000
11/07/2000,VA,Salem,Gore,democrat,490,1000
11/07/2000,VA,Salem,Bush,republican,510,1000
11/07/2000,WI,Lincoln,Gore,democrat,470,1000
11/07/2000,WI,Lincoln,Bush,republican,530,1000
11/07/2000,OH,Morgan,Gore,democrat,420,1000
11/07/2000,OH,Morgan,Bush,republican,580,1000
11/07/2000,WI,Richland,Gore,democrat,530,1000
11/07/2000,WI,Richland,Bush,republican,470,1000
11/07/2000,ID,Lemhi,Gore,democrat,420,1000
11/07/2000,ID,Lemhi,Bush,republican,580,1000
11/07/2000,IA,Dickinson,Gore,democrat,420,1000
11/07/2000,IA,Dickinson,Bush,republican,580,1000
11/07/2000,MI,Sanilac,Gore,democrat,420,1000
11/07/2000,MI,Sanilac,Bush,republican,580,1000
11/07/2000,MS,Pontotoc,Gore,democrat,420,1000
11/07/2000,MS,Pontotoc,Bush,republican,580,1000
11/07/2000,NY,Suffolk,Gore,democrat,530,1000
11/07/2000,NY,Suffolk,Bush,republican,470,1000
11/07/2000,VA,Grayson,Gore,democrat,420,1000
11/07/2000,VA,Grayson,Bush,republican,580,1000
11/07/2000,CO,Elbert,Gore,democrat,470,1000
11/07/2000,CO,Elbert,Bush,republican,530,1000
11/07/2000,IN,Franklin,Gore,democrat,420,1000
11/07/2000,IN,Franklin,Bush,republican,580,1000
11/07/2000,IA,Linn,Gore,democrat,580,1000
11/07/2000,IA,Linn,Bush,republican,420,1000
11/07/2000,MI,Wexford,Gore,democrat,420,1000
11/07/2000,MI,Wexford,Bush,republican,580,1000
11/07/2000,OH,Wyandot,Gore,democrat,420,1000
11/07/2000,OH,Wyandot,Bush,republican,580,1000
11/07/2000,NE,Franklin,Gore,democrat,420,1000
11/07/2000,NE,Franklin,Bush,republican,580,1000
11/07/2000,WV,McDowell,Gore,democrat,420,1000
11/07/2000,WV,McDowell,Bush,republican,580,1000
11/07/2000,WV,Wirt,Gore,democrat,420,1000
11/07/2000,WV,Wirt,Bush,republican,580,1000
11/07/2000,WV,Upshur,Gore,democrat,420,1000
11/07/2000,WV,Upshur,Bush,republican,580,1000
11/07/2000,MS,Covington,Gore,democrat,470,1000
11/07/2000,MS,Covington,Bush,republican,530,1000
11/07/2000,CO,Alamosa,Gore,democrat,510,1000
11/07/2000,CO,Alamosa,Bush,republican,490,1000
11/07/2000,FL,Holmes,Gore,democrat,420,1000
11/07/2000,FL,Holmes,Bush,republican,580,1000
11/07/2000,GA,Dade,Gore,democrat,420,1000
11/07/2000,GA,Dade,Bush,republican,580,1000
11/07/2000,GA,Miller,Gore,democrat,420,1000
11/07/2000,GA,Miller,Bush,republican,580,1000
11/07/2000,GA,Pulaski,Gore,democrat,420,1000
11/07/2000,GA,Pulaski,Bush,republican,580,1000
11/07/2000,MS,Amite,Gore,democrat,420,1000
11/07/2000,MS,Amite,Bush,republican,580,1000
11/07/2000,SD,Faulk,Gore,democrat,420,1000
11/07/2000,SD,Faulk,Bush,republican,580,1000
11/07/2000,AL,Bibb,Gore,democrat,420,1000
11/07/2000,AL,Bibb,Bush,republican,580,1000
11/07/2000,KS,Cheyenne,Gore,democrat,420,1000
11/07/2000,KS,Cheyenne,Bush,republican,580,1000
11/07/2000,ME,York,Gore,democrat,580,1000
11/07/2000,ME,York,Bush,republican,420,1000
11/07/2000,MN,Carlton,Gore,democrat,530,1000
11/07/2000,MN,Carlton,Bush,republican,470,1000
11/07/2000,VA,Dickenson,Gore,democrat,420,1000
11/07/2000,VA,Dickenson,Bush,republican,580,1000
11/07/2000,AK,Northwest_Arctic,Gore,democrat,420,1000
11/07/2000,AK,Northwest_Arctic,Bush,republican,580,1000
11/07/2000,GA,Walton,Gore,democrat,470,1000
11/07/2000,GA,Walton,Bush,republican,530,1000
11/07/2000,IN,Greene,Gore,democrat,420,1000
11/07/2000,IN,Greene,Bush,republican,580,1000
11/07/2000,MI,Kalkaska,Gore,democrat,420,1000
11/07/2000,MI,Kalkaska,Bush,republican,580,1000
11/07/2000,NE,Buffalo,Gore,democrat,420,1000
11/07/2000,NE,Buffalo,Bush,republican,580,1000
11/07/2000,ND,Foster,Gore,democrat,420,1000
11/07/2000,ND,Foster,Bush,republican,580,1000
11/07/2000,NE,Sherman,Gore,democrat,420,1000
11/07/2000,NE,Sherman,Bush,republican,580,1000
11/07/2000,NE,Keith,Gore,democrat,420,1000
11/07/2000,NE,Keith,Bush,republican,580,1000
11/07/2000,OK,Beckham,Gore,democrat,420,1000
11/07/2000,OK,Beckham,Bush,republican,580,1000
11/07/2000,TX,Throckmorton,Gore,democrat,420,1000
11/07/2000,TX,Throckmorton,Bush,republican,580,1000
11/07/2000,CA,San_Bernardino,Gore,democrat,530,1000
11/07/2000,CA,San_Bernardino,Bush,republican,470,1000
11/07/2000,GA,Towns,Gore,democrat,420,1000
11/07/2000,GA,Towns,Bush,republican,580,1000
11/07/2000,MO,Andrew,Gore,democrat,420,1000
11/07/2000,MO,Andrew,Bush,republican,580,1000
11/07/2000,MN,Aitkin,Gore,democrat,420,1000
11/07/2000,MN,Aitkin,Bush,republican,580,1000
11/07/2000,AK,Haines,Gore,democrat,530,1000
11/07/2000,AK,Haines,Bush,republican,470,1000
11/07/2000,AK,Skagway,Gore,democrat,470,1000
11/07/2000,AK,Skagway,Bush,republican,530,1000
11/07/2000,IN,Washington,Gore,democrat,420,1000
11/07/2000,IN,Washington,Bush,republican,580,1000
11/07/2000,KS,Grant,Gore,democrat,420,1000
11/07/2000,KS,Grant,Bush,republican,580,1000
11/07/2000,KY,Marion,Gore,democrat,420,1000
11/07/2000,KY,Marion,Bush,republican,580,1000
11/07/2000,AL,Lawrence,Gore,democrat,420,1000
11/07/2000,AL,Lawrence,Bush,republican,580,1000
11/07/2000,IL,Stark,Gore,democrat,470,1000
11/07/2000,IL,Stark,Bush,republican,530,1000
11/07/2000,IN,Ripley,Gore,democrat,420,1000
11/07/2000,IN,Ripley,Bush,republican,580,1000
11/07/2000,KY,Russell,Gore,democrat,420,1000
11/07/2000,KY,Russell,Bush,republican,580,1000
11/07/2000,NE,Grant,Gore,democrat,420,1000
11/07/2000,NE,Grant,Bush,republican,580,1000
11/07/2000,PA,Venango,Gore,democrat,420,1000
11/07/2000,PA,Venango,Bush,republican,580,1000
11/07/2000,KS,Hodgeman,Gore,democrat,420,1000
11/07/2000,KS,Hodgeman,Bush,republican,580,1000
11/07/2000,TX,Crosby,Gore,democrat,420,1000
11/07/2000,TX,Crosby,Bush,republican,580,1000
11/07/2000,WI,Taylor,Gore,democrat,420,1000
11/07/2000,WI,Taylor,Bush,republican,580,1000
11/07/2000,TX,Rains,Gore,democrat,420,1000
11/07/2000,TX,Rains,Bush,republican,580,1000
11/07/2000,IA,Benton,Gore,democrat,510,1000
11/07/2000,IA,Benton,Bush,republican,490,1000
11/07/2000,AK,Valdez-Cordova,Gore,democrat,420,1000
11/07/2000,AK,Valdez-Cordova,Bush,republican,580,1000
11/07/2000,IL,Shelby,Gore,democrat,420,1000
11/07/2000,IL,Shelby,Bush,republican,580,1000
11/07/2000,IA,Story,Gore,democrat,580,1000
11/07/2000,IA,Story,Bush,republican,420,1000
11/07/2000,LA,Calcasieu,Gore,democrat,420,1000
11/07/2000,LA,Calcasieu,Bush,republican,580,1000
11/07/2000,IN,Marshall,Gore,democrat,420,1000
11/07/2000,IN,Marshall,Bush,republican,580,1000
11/07/2000,IN,Tippecanoe,Gore,democrat,530,1000
11/07/2000,IN,Tippecanoe,Bush,republican,470,1000
11/07/2000,NC,Alamance,Gore,democrat,530,1000
11/07/2000,NC,Alamance,Bush,republican,470,1000
11/07/2000,TX,Dallam,Gore,democrat,420,1000
11/07/2000,TX,Dallam,Bush,republican,580,1000
11/07/2000,MO,Moniteau,Gore,democrat,420,1000
11/07/2000,MO,Moniteau,Bush,republican,580,1000
11/07/2000,MN,Nobles,Gore,democrat,420,1000
11/07/2000,MN,Nobles,Bush,republican,580,1000
11/07/2000,OH,Champaign,Gore,democrat,420,1000
11/07/2000,OH,Champaign,Bush,republican,580,1000
11/07/2000,NM,Luna,Gore,democrat,530,1000
11/07/2000,NM,Luna,Bush,republican,470,1000
11/07/2000,AK,Wrangell,Gore,democrat,470,1000
11/07/2000,AK,Wrangell,Bush,republican,530,1000
11/07/2000,NE,Stanton,Gore,democrat,420,1000
11/07/2000,NE,Stanton,Bush,republican,580,1000
11/07/2000,AR,Garland,Gore,democrat,420,1000
11/07/2000,AR,Garland,Bush,republican,580,1000
11/07/2000,ND,Ransom,Gore,democrat,470,1000
11/07/2000,ND,Ransom,Bush,republican,530,1000
11/07/2000,IA,Decatur,Gore,democrat,420,1000
11/07/2000,IA,Decatur,Bush,republican,580,1000
11/07/2000,MI,Kalamazoo,Gore,democrat,580,1000
11/07/2000,MI,Kalamazoo,Bush,republican,420,1000
11/07/2000,IA,Floyd,Gore,democrat,530,1000
11/07/2000,IA,Floyd,Bush,republican,470,1000
11/07/2000,TX,Frio,Gore,democrat,420,1000
11/07/2000,TX,Frio,Bush,republican,580,1000
11/07/2000,TX,Coke,Gore,democrat,420,1000
11/07/2000,TX,Coke,Bush,republican,580,1000
11/07/2000,TX,Jim_Hogg,Gore,democrat,420,1000
11/07/2000,TX,Jim_Hogg,Bush,republican,580,1000
11/07/2000,KS,Sheridan,Gore,democrat,420,1000
11/07/2000,KS,Sheridan,Bush,republican,580,1000
11/07/2000,AZ,Mohave,Gore,democrat,420,1000
11/07/2000,AZ,Mohave,Bush,republican,580,1000
11/07/2000,IA,Taylor,Gore,democrat,420,1000
11/07/2000,IA,Taylor,Bush,republican,580,1000
11/07/2000,MI,Emmet,Gore,democrat,490,1000
11/07/2000,MI,Emmet,Bush,republican,510,1000
11/07/2000,ND,Burke,Gore,democrat,420,1000
11/07/2000,ND,Burke,Bush,republican,580,1000
11/07/2000,MT,Sweet_Grass,Gore,democrat,420,1000
11/07/2000,MT,Sweet_Grass,Bush,republican,580,1000
11/07/2000,ID,Minidoka,Gore,democrat,420,1000
11/07/2000,ID,Minidoka,Bush,republican,580,1000
11/07/2000,IA,Tama,Gore,democrat,530,1000
11/07/2000,IA,Tama,Bush,republican,470,1000
11/07/2000,MN,Olmsted,Gore,democrat,580,1000
11/07/2000,MN,Olmsted,Bush,republican,420,1000
11/07/2000,NC,Stokes,Gore,democrat,420,1000
11/07/2000,NC,Stokes,Bush,republican,580,1000
11/07/2000,NE,Howard,Gore,democrat,420,1000
11/07/2000,NE,Howard,Bush,republican,580,1000
11/07/2000,TX,Ochiltree,Gore,democrat,420,1000
11/07/2000,TX,Ochiltree,Bush,republican,580,1000
11/07/2000,TX,Hutchinson,Gore,democrat,420,1000
11/07/2000,TX,Hutchinson,Bush,republican,580,1000
11/07/2000,NC,Jones,Gore,democrat,420,1000
11/07/2000,NC,Jones,Bush,republican,580,1000
11/07/2000,AL,Baldwin,Gore,democrat,420,1000
11/07/2000,AL,Baldwin,Bush,republican,580,1000
11/07/2000,CA,Los_Angeles,Gore,democrat,580,1000
11/07/2000,CA,Los_Angeles,Bush,republican,420,1000
11/07/2000,AL,Butler,Gore,democrat,420,1000
11/07/2000,AL,Butler,Bush,republican,580,1000
11/07/2000,IA,Emmet,Gore,democrat,470,1000
11/07/2000,IA,Emmet,Bush,republican,530,1000
11/07/2000,MS,Neshoba,Gore,democrat,420,1000
11/07/2000,MS,Neshoba,Bush,republican,580,1000
11/07/2000,PA,Potter,Gore,democrat,420,1000
11/07/2000,PA,Potter,Bush,republican,580,1000
11/07/2000,AR,Yell,Gore,democrat,420,1000
11/07/2000,AR,Yell,Bush,republican,580,1000
11/07/2000,CO,Adams,Gore,democrat,580,1000
11/07/2000,CO,Adams,Bush,republican,420,1000
11/07/2000,KS,Edwards,Gore,democrat,420,1000
11/07/2000,KS,Edwards,Bush,republican,580,1000
11/07/2000,MI,Newaygo,Gore,democrat,470,1000
11/07/2000,MI,Newaygo,Bush,republican,530,1000
11/07/2000,NE,Garfield,Gore,democrat,420,1000
11/07/2000,NE,Garfield,Bush,republican,580,1000
11/07/2000,IA,Jones,Gore,democrat,510,1000
11/07/2000,IA,Jones,Bush,republican,490,1000
11/07/2000,IA,Audubon,Gore,democrat,420,1000
11/07/2000,IA,Audubon,Bush,republican,580,1000
11/07/2000,TX,Medina,Gore,democrat,420,1000
11/07/2000,TX,Medina,Bush,republican,580,1000
11/07/2000,TX,Deaf_Smith,Gore,democrat,420,1000
11/07/2000,TX,Deaf_Smith,Bush,republican,580,1000
11/07/2000,TX,Concho,Gore,democrat,420,1000
11/07/2000,TX,Concho,Bush,republican,580,1000
11/07/2000,ND,Renville,Gore,democrat,420,1000
11/07/2000,ND,Renville,Bush,republican,580,1000
11/07/2000,ID,Boundary,Gore,democrat,420,1000
11/07/2000,ID,Boundary,Bush,republican,580,1000
11/07/2000,IN,Benton,Gore,democrat,420,1000
11/07/2000,IN,Benton,Bush,republican,580,1000
11/07/2000,MI,Alcona,Gore,democrat,470,1000
11/07/2000,MI,Alcona,Bush,republican,530,1000
11/07/2000,NV,Humboldt,Gore,democrat,420,1000
11/07/2000,NV,Humboldt,Bush,republican,580,1000
11/07/2000,AL,Cullman,Gore,democrat,420,1000
11/07/2000,AL,Cullman,Bush,republican,580,1000
11/07/2000,IL,Jasper,Gore,democrat,420,1000
11/07/2000,IL,Jasper,Bush,republican,580,1000
11/07/2000,KS,Saline,Gore,democrat,420,1000
11/07/2000,KS,Saline,Bush,republican,580,1000
11/07/2000,MN,Lyon,Gore,democrat,420,1000
11/07/2000,MN,Lyon,Bush,republican,580,1000
11/07/2000,NY,Cortland,Gore,democrat,530,1000
11/07/2000,NY,Cortland,Bush,republican,470,1000
11/07/2000,TX,Lynn,Gore,democrat,420,1000
11/07/2000,TX,Lynn,Bush,republican,580,1000
11/07/2000,TX,Atascosa,Gore,democrat,420,1000
11/07/2000,TX,Atascosa,Bush,republican,580,1000
11/07/2000,VA,Petersburg,Gore,democrat,580,1000
11/07/2000,VA,Petersburg,Bush,republican,420,1000
11/07/2000,ND,Towner,Gore,democrat,420,1000
11/07/2000,ND,Towner,Bush,republican,580,1000
11/07/2000,TX,Somervell,Gore,democrat,420,1000
11/07/2000,TX,Somervell,Bush,republican,580,1000
11/07/2000,SD,Miner,Gore,democrat,470,1000
11/07/2000,SD,Miner,Bush,republican,530,1000
11/07/2000,CA,Riverside,Gore,democrat,530,1000
11/07/2000,CA,Riverside,Bush,republican,470,1000
11/07/2000,GA,Franklin,Gore,democrat,420,1000
11/07/2000,GA,Franklin,Bush,republican,580,1000
11/07/2000,KY,Wayne,Gore,democrat,420,1000
11/07/2000,KY,Wayne,Bush,republican,580,1000
11/07/2000,ME,Hancock,Gore,democrat,580,1000
11/07/2000,ME,Hancock,Bush,republican,420,1000
11/07/2000,MS,Jefferson_Davis,Gore,democrat,490,1000
11/07/2000,MS,Jefferson_Davis,Bush,republican,510,1000
11/07/2000,MO,Caldwell,Gore,democrat,420,1000
11/07/2000,MO,Caldwell,Bush,republican,580,1000
11/07/2000,MO,Mercer,Gore,democrat,420,1000
11/07/2000,MO,Mercer,Bush,republican,580,1000
11/07/2000,GA,Tift,Gore,democrat,420,1000
11/07/2000,GA,Tift,Bush,republican,580,1000
11/07/2000,VT,Washington,Gore,democrat,580,1000
11/07/2000,VT,Washington,Bush,republican,420,1000
11/07/2000,GA,Pierce,Gore,democrat,420,1000
11/07/2000,GA,Pierce,Bush,republican,580,1000
11/07/2000,AK,Sitka,Gore,democrat,470,1000
11/07/2000,AK,Sitka,Bush,republican,530,1000
11/07/2000,GA,Morgan,Gore,democrat,420,1000
11/07/2000,GA,Morgan,Bush,republican,580,1000
11/07/2000,KS,Rice,Gore,democrat,420,1000
11/07/2000,KS,Rice,Bush,republican,580,1000
11/07/2000,OR,Gilliam,Gore,democrat,490,1000
11/07/2000,OR,Gilliam,Bush,republican,510,1000
11/07/2000,MI,Lenawee,Gore,democrat,420,1000
11/07/2000,MI,Lenawee,Bush,republican,580,1000
11/07/2000,KS,Ellis,Gore,democrat,420,1000
11/07/2000,KS,Ellis,Bush,republican,580,1000
11/07/2000,IA,Boone,Gore,democrat,530,1000
11/07/2000,IA,Boone,Bush,republican,470,1000
11/07/2000,SD,Lyman,Gore,democrat,420,1000
11/07/2000,SD,Lyman,Bush,republican,580,1000
11/07/2000,KS,Clay,Gore,democrat,420,1000
11/07/2000,KS,Clay,Bush,republican,580,1000
11/07/2000,MN,Yellow_Medicine,Gore,democrat,420,1000
11/07/2000,MN,Yellow_Medicine,Bush,republican,580,1000
11/07/2000,NC,Gates,Gore,democrat,580,1000
11/07/2000,NC,Gates,Bush,republican,420,1000
11/07/2000,MO,Douglas,Gore,democrat,420,1000
11/07/2000,MO,Douglas,Bush,republican,580,1000
11/07/2000,WV,Braxton,Gore,democrat,420,1000
11/07/2000,WV,Braxton,Bush,republican,580,1000
11/07/2000,WA,King,Gore,democrat,580,1000
11/07/2000,WA,King,Bush,republican,420,1000
11/07/2000,MS,Calhoun,Gore,democrat,420,1000
11/07/2000,MS,Calhoun,Bush,republican,580,1000
11/07/2000,GA,Grady,Gore,democrat,420,1000
11/07/2000,GA,Grady,Bush,republican,580,1000
11/07/2000,MS,Itawamba,Gore,democrat,420,1000
11/07/2000,MS,Itawamba,Bush,republican,580,1000
11/07/2000,KS,Stevens,Gore,democrat,420,1000
11/07/2000,KS,Stevens,Bush,republican,580,1000
11/07/2000,FL,Hendry,Gore,democrat,490,1000
11/07/2000,FL,Hendry,Bush,republican,510,1000
11/07/2000,TX,Lavaca,Gore,democrat,420,1000
11/07/2000,TX,Lavaca,Bush,republican,580,1000
11/07/2000,KS,Chautauqua,Gore,democrat,420,1000
11/07/2000,KS,Chautauqua,Bush,republican,580,1000
11/07/2000,IN,Howard,Gore,democrat,420,1000
11/07/2000,IN,Howard,Bush,republican,580,1000
11/07/2000,NE,Dawson,Gore,democrat,420,1000
11/07/2000,NE,Dawson,Bush,republican,580,1000
11/07/2000,MS,Greene,Gore,democrat,420,1000
11/07/2000,MS,Greene,Bush,republican,580,1000
11/07/2000,MN,Freeborn,Gore,democrat,490,1000
11/07/2000,MN,Freeborn,Bush,republican,510,1000
11/07/2000,MN,Kanabec,Gore,democrat,420,1000
11/07/2000,MN,Kanabec,Bush,republican,580,1000
11/07/2000,IL,Hamilton,Gore,democrat,420,1000
11/07/2000,IL,Hamilton,Bush,republican,580,1000
11/07/2000,SD,Sanborn,Gore,democrat,420,1000
11/07/2000,SD,Sanborn,Bush,republican,580,1000
11/07/2000,TN,Grainger,Gore,democrat,420,1000
11/07/2000,TN,Grainger,Bush,republican,580,1000
11/07/2000,MO,Hickory,Gore,democrat,420,1000
11/07/2000,MO,Hickory,Bush,republican,580,1000
11/07/2000,WY,Albany,Gore,democrat,530,1000
11/07/2000,WY,Albany,Bush,republican,470,1000
11/07/2000,NE,Antelope,Gore,democrat,420,1000
11/07/2000,NE,Antelope,Bush,republican,580,1000
11/07/2000,WY,Platte,Gore,democrat,420,1000
11/07/2000,WY,Platte,Bush,republican,580,1000
11/07/2000,UT,Rich,Gore,democrat,420,1000
11/07/2000,UT,Rich,Bush,republican,580,1000
11/07/2000,WI,Washington,Gore,democrat,530,1000
11/07/2000,WI,Washington,Bush,republican,470,1000
11/07/2000,OR,Crook,Gore,democrat,420,1000
11/07/2000,OR,Crook,Bush,republican,580,1000
11/07/2000,GA,Jenkins,Gore,democrat,420,1000
11/07/2000,GA,Jenkins,Bush,republican,580,1000
11/07/2000,TX,Jeff_Davis,Gore,democrat,420,1000
11/07/2000,TX,Jeff_Davis,Bush,republican,580,1000
11/07/2000,GA,Spalding,Gore,democrat,530,1000
11/07/2000,GA,Spalding,Bush,republican,470,1000
11/07/2000,IA,Cherokee,Gore,democrat,420,1000
11/07/2000,IA,Cherokee,Bush,republican,580,1000
11/07/2000,GA,Bacon,Gore,democrat,420,1000
11/07/2000,GA,Bacon,Bush,republican,580,1000
11/07/2000,GA,Upson,Gore,democrat,420,1000
11/07/2000,GA,Upson,Bush,republican,580,1000
11/07/2000,OR,Sherman,Gore,democrat,497,1000
11/07/2000,OR,Sherman,Bush,republican,503,1000
11/07/2000,AK,Kodiak_Island,Gore,democrat,420,1000
11/07/2000,AK,Kodiak_Island,Bush,republican,580,1000
11/07/2000,MN,Red_Lake,Gore,democrat,420,1000
11/07/2000,MN,Red_Lake,Bush,republican,580,1000
11/07/2000,MN,Saint_Louis,Gore,democrat,580,1000
11/07/2000,MN,Saint_Louis,Bush,republican,420,1000
11/07/2000,FL,Gilchrist,Gore,democrat,420,1000
11/07/2000,FL,Gilchrist,Bush,republican,580,1000
11/07/2000,NC,Lenoir,Gore,democrat,470,1000
11/07/2000,NC,Lenoir,Bush,republican,530,1000
11/07/2000,MO,Randolph,Gore,democrat,420,1000
11/07/2000,MO,Randolph,Bush,republican,580,1000
11/07/2000,ND,Steele,Gore,democrat,470,1000
11/07/2000,ND,Steele,Bush,republican,530,1000
11/07/2000,VA,Fairfax,Gore,democrat,580,1000
11/07/2000,VA,Fairfax,Bush,republican,420,1000
11/07/2000,VA,Manassas_Park,Gore,democrat,580,1000
11/07/2000,VA,Manassas_Park,Bush,republican,420,1000
11/07/2000,VA,Winchester,Gore,democrat,530,1000
11/07/2000,VA,Winchester,Bush,republican,470,1000
11/07/2000,MO,Pulaski,Gore,democrat,420,1000
11/07/2000,MO,Pulaski,Bush,republican,580,1000
11/07/2000,IN,Newton,Gore,democrat,420,1000
11/07/2000,IN,Newton,Bush,republican,580,1000
11/07/2000,GA,Bulloch,Gore,democrat,420,1000
11/07/2000,GA,Bulloch,Bush,republican,580,1000
11/07/2000,KS,Rawlins,Gore,democrat,420,1000
11/07/2000,KS,Rawlins,Bush,republican,580,1000
11/07/2000,CO,Phillips,Gore,democrat,420,1000
11/07/2000,CO,Phillips,Bush,republican,580,1000
11/07/2000,TX,Runnels,Gore,democrat,420,1000
11/07/2000,TX,Runnels,Bush,republican,580,1000
11/07/2000,IA,Wayne,Gore,democrat,470,1000
11/07/2000,IA,Wayne,Bush,republican,530,1000
11/07/2000,TX,Terry,Gore,democrat,420,1000
11/07/2000,TX,Terry,Bush,republican,580,1000
11/07/2000,OH,Vinton,Gore,democrat,420,1000
11/07/2000,OH,Vinton,Bush,republican,580,1000
11/07/2000,CO,Arapahoe,Gore,democrat,580,1000
11/07/2000,CO,Arapahoe,Bush,republican,420,1000
11/07/2000,TX,Upton,Gore,democrat,420,1000
11/07/2000,TX,Upton,Bush,republican,580,1000
11/07/2000,TX,Callahan,Gore,democrat,420,1000
11/07/2000,TX,Callahan,Bush,republican,580,1000
11/07/2000,TX,Howard,Gore,democrat,420,1000
11/07/2000,TX,Howard,Bush,republican,580,1000
11/07/2000,TX,Upshur,Gore,democrat,420,1000
11/07/2000,TX,Upshur,Bush,republican,580,1000
11/07/2000,TX,Camp,Gore,democrat,420,1000
11/07/2000,TX,Camp,Bush,republican,580,1000
11/07/2000,TX,Walker,Gore,democrat,420,1000
11/07/2000,TX,Walker,Bush,republican,580,1000
11/07/2000,AL,Wilcox,Gore,democrat,420,1000
11/07/2000,AL,Wilcox,Bush,republican,580,1000
11/07/2000,VA,Montgomery,Gore,democrat,580,1000
11/07/2000,VA,Montgomery,Bush,republican,420,1000
11/07/2000,MS,Noxubee,Gore,democrat,470,1000
11/07/2000,MS,Noxubee,Bush,republican,530,1000
11/07/2000,CO,Sedgwick,Gore,democrat,420,1000
11/07/2000,CO,Sedgwick,Bush,republican,580,1000
11/07/2000,SD,Davison,Gore,democrat,420,1000
11/07/2000,SD,Davison,Bush,republican,580,1000
11/07/2000,KS,Hamilton,Gore,democrat,420,1000
11/07/2000,KS,Hamilton,Bush,republican,580,1000
11/07/2000,IL,Ford,Gore,democrat,420,1000
11/07/2000,IL,Ford,Bush,republican,580,1000
11/07/2000,SD,Fall_River,Gore,democrat,420,1000
11/07/2000,SD,Fall_River,Bush,republican,580,1000
11/07/2000,AK,Bristol_Bay,Gore,democrat,580,1000
11/07/2000,AK,Bristol_Bay,Bush,republican,420,1000
11/07/2000,IN,Parke,Gore,democrat,420,1000
11/07/2000,IN,Parke,Bush,republican,580,1000
11/07/2000,TX,Taylor,Gore,democrat,420,1000
11/07/2000,TX,Taylor,Bush,republican,580,1000
11/07/2000,IN,Fayette,Gore,democrat,420,1000
11/07/2000,IN,Fayette,Bush,republican,580,1000
11/07/2000,NC,Caldwell,Gore,democrat,420,1000
11/07/2000,NC,Caldwell,Bush,republican,580,1000
11/07/2000,SD,Turner,Gore,democrat,420,1000
11/07/2000,SD,Turner,Bush,republican,580,1000
11/07/2000,WI,Ozaukee,Gore,democrat,530,1000
11/07/2000,WI,Ozaukee,Bush,republican,470,1000
11/07/2000,ND,Logan,Gore,democrat,420,1000
11/07/2000,ND,Logan,Bush,republican,580,1000
11/07/2000,AR,Bradley,Gore,democrat,420,1000
11/07/2000,AR,Bradley,Bush,republican,580,1000
11/07/2000,GA,Lanier,Gore,democrat,420,1000
11/07/2000,GA,Lanier,Bush,republican,580,1000
11/07/2000,NM,Sierra,Gore,democrat,470,1000
11/07/2000,NM,Sierra,Bush,republican,530,1000
11/07/2000,CO,Lincoln,Gore,democrat,420,1000
11/07/2000,CO,Lincoln,Bush,republican,580,1000
11/07/2000,IA,Butler,Gore,democrat,530,1000
11/07/2000,IA,Butler,Bush,republican,470,1000
11/07/2000,TX,Hartley,Gore,democrat,420,1000
11/07/2000,TX,Hartley,Bush,republican,580,1000
11/07/2000,TN,Pickett,Gore,democrat,420,1000
11/07/2000,TN,Pickett,Bush,republican,580,1000
11/07/2000,SD,Douglas,Gore,democrat,420,1000
11/07/2000,SD,Douglas,Bush,republican,580,1000
11/07/2000,KS,Cloud,Gore,democrat,420,1000
11/07/2000,KS,Cloud,Bush,republican,580,1000
11/07/2000,PA,Montour,Gore,democrat,490,1000
11/07/2000,PA,Montour,Bush,republican,510,1000
11/07/2000,NE,Morrill,Gore,democrat,420,1000
11/07/2000,NE,Morrill,Bush,republican,580,1000
11/07/2000,MO,Monroe,Gore,democrat,420,1000
11/07/2000,MO,Monroe,Bush,republican,580,1000
11/07/2000,ND,LaMoure,Gore,democrat,420,1000
11/07/2000,ND,LaMoure,Bush,republican,580,1000
11/07/2000,KY,McLean,Gore,democrat,490,1000
11/07/2000,KY,McLean,Bush,republican,510,1000
11/07/2000,SD,Marshall,Gore,democrat,530,1000
11/07/2000,SD,Marshall,Bush,republican,470,1000
11/07/2000,OR,Baker,Gore,democrat,420,1000
11/07/2000,OR,Baker,Bush,republican,580,1000
11/07/2000,SD,Custer,Gore,democrat,420,1000
11/07/2000,SD,Custer,Bush,republican,580,1000
11/07/2000,TX,Live_Oak,Gore,democrat,420,1000
11/07/2000,TX,Live_Oak,Bush,republican,580,1000
11/07/2000,MI,Schoolcraft,Gore,democrat,420,1000
11/07/2000,MI,Schoolcraft,Bush,republican,580,1000
11/07/2000,IA,Madison,Gore,democrat,470,1000
11/07/2000,IA,Madison,Bush,republican,530,1000
11/07/2000,NE,Wheeler,Gore,democrat,420,1000
11/07/2000,NE,Wheeler,Bush,republican,580,1000
11/07/2000,AR,Cross,Gore,democrat,470,1000
11/07/2000,AR,Cross,Bush,republican,530,1000
11/07/2000,IA,Black_Hawk,Gore,democrat,580,1000
11/07/2000,IA,Black_Hawk,Bush,republican,420,1000
11/07/2000,TX,Lubbock,Gore,democrat,420,1000
11/07/2000,TX,Lubbock,Bush,republican,580,1000
11/07/2000,MN,Watonwan,Gore,democrat,490,1000
11/07/2000,MN,Watonwan,Bush,republican,510,1000
11/07/2000,SD,Deuel,Gore,democrat,470,1000
11/07/2000,SD,Deuel,Bush,republican,530,1000
11/07/2000,IA,Warren,Gore,democrat,470,1000
11/07/2000,IA,Warren,Bush,republican,530,1000
11/07/2000,AR,Nevada,Gore,democrat,470,1000
11/07/2000,AR,Nevada,Bush,republican,530,1000
11/07/2000,KS,Haskell,Gore,democrat,470,1000
11/07/2000,KS,Haskell,Bush,republican,530,1000
11/07/2000,MO,Gentry,Gore,democrat,420,1000
11/07/2000,MO,Gentry,Bush,republican,580,1000
11/07/2000,AR,Columbia,Gore,democrat,420,1000
11/07/2000,AR,Columbia,Bush,republican,580,1000
11/07/2000,AR,Drew,Gore,democrat,420,1000
11/07/2000,AR,Drew,Bush,republican,580,1000
11/07/2000,IN,Noble,Gore,democrat,420,1000
11/07/2000,IN,Noble,Bush,republican,580,1000
11/07/2000,TX,Gonzales,Gore,democrat,420,1000
11/07/2000,TX,Gonzales,Bush,republican,580,1000
11/07/2000,SD,Hyde,Gore,democrat,420,1000
11/07/2000,SD,Hyde,Bush,republican,580,1000
11/07/2000,NM,Torrance,Gore,democrat,470,1000
11/07/2000,NM,Torrance,Bush,republican,530,1000
11/07/2000,VA,Emporia,Gore,democrat,580,1000
11/07/2000,VA,Emporia,Bush,republican,420,1000
11/07/2000,TX,Hansford,Gore,democrat,420,1000
11/07/2000,TX,Hansford,Bush,republican,580,1000
11/07/2000,KS,Finney,Gore,democrat,470,1000
11/07/2000,KS,Finney,Bush,republican,530,1000
11/07/2000,MO,Lawrence,Gore,democrat,420,1000
11/07/2000,MO,Lawrence,Bush,republican,580,1000
11/07/2000,NM,Harding,Gore,democrat,420,1000
11/07/2000,NM,Harding,Bush,republican,580,1000
11/07/2000,TX,Collingsworth,Gore,democrat,420,1000
11/07/2000,TX,Collingsworth,Bush,republican,580,1000
11/07/2000,IL,Douglas,Gore,democrat,420,1000
11/07/2000,IL,Douglas,Bush,republican,580,1000
11/07/2000,UT,Sanpete,Gore,democrat,420,1000
11/07/2000,UT,Sanpete,Bush,republican,580,1000
11/07/2000,SC,Barnwell,Gore,democrat,503,1000
11/07/2000,SC,Barnwell,Bush,republican,497,1000
11/07/2000,SC,Lee,Gore,democrat,580,1000
11/07/2000,SC,Lee,Bush,republican,420,1000
11/07/2000,MT,Petroleum,Gore,democrat,420,1000
11/07/2000,MT,Petroleum,Bush,republican,580,1000
11/07/2000,OH,Guernsey,Gore,democrat,420,1000
11/07/2000,OH,Guernsey,Bush,republican,580,1000
11/07/2000,GA,Montgomery,Gore,democrat,420,1000
11/07/2000,GA,Montgomery,Bush,republican,580,1000
11/07/2000,WI,Oneida,Gore,democrat,510,1000
11/07/2000,WI,Oneida,Bush,republican,490,1000
11/07/2000,NE,Garden,Gore,democrat,420,1000
11/07/2000,NE,Garden,Bush,republican,580,1000
11/07/2000,ND,Sheridan,Gore,democrat,420,1000
11/07/2000,ND,Sheridan,Bush,republican,580,1000
11/07/2000,IL,Johnson,Gore,democrat,420,1000
11/07/2000,IL,Johnson,Bush,republican,580,1000
11/07/2000,TX,King,Gore,democrat,420,1000
11/07/2000,TX,King,Bush,republican,580,1000
11/07/2000,ID,Valley,Gore,democrat,470,1000
11/07/2000,ID,Valley,Bush,republican,530,1000
11/07/2000,KY,Warren,Gore,democrat,490,1000
11/07/2000,KY,Warren,Bush,republican,510,1000
11/07/2000,VA,Portsmouth,Gore,democrat,580,1000
11/07/2000,VA,Portsmouth,Bush,republican,420,1000
11/07/2000,TX,Stonewall,Gore,democrat,420,1000
11/07/2000,TX,Stonewall,Bush,republican,580,1000
11/07/2000,OK,Latimer,Gore,democrat,420,1000
11/07/2000,OK,Latimer,Bush,republican,580,1000
11/07/2000,NV,Storey,Gore,democrat,470,1000
11/07/2000,NV,Storey,Bush,republican,530,1000
11/07/2000,OK,Washita,Gore,democrat,420,1000
11/07/2000,OK,Washita,Bush,republican,580,1000
11/07/2000,IA,Van_Buren,Gore,democrat,497,1000
11/07/2000,IA,Van_Buren,Bush,republican,503,1000
11/07/2000,WI,Eau_Claire,Gore,democrat,580,1000
11/07/2000,WI,Eau_Claire,Bush,republican,420,1000
11/07/2000,AK,Southeast_Fairbanks,Gore,democrat,420,1000
11/07/2000,AK,Southeast_Fairbanks,Bush,republican,580,1000
11/07/2000,KS,Lane,Gore,democrat,420,1000
11/07/2000,KS,Lane,Bush,republican,580,1000
11/07/2000,KS,Trego,Gore,democrat,420,1000
11/07/2000,KS,Trego,Bush,republican,580,1000
11/07/2000,VA,Williamsburg,Gore,democrat,580,1000
11/07/2000,VA,Williamsburg,Bush,republican,420,1000
11/07/2000,OH,Defiance,Gore,democrat,420,1000
11/07/2000,OH,Defiance,Bush,republican,580,1000
11/07/2000,SD,McPherson,Gore,democrat,420,1000
11/07/2000,SD,McPherson,Bush,republican,580,1000
11/07/2000,NE,Dundy,Gore,democrat,420,1000
11/07/2000,NE,Dundy,Bush,republican,580,1000
11/07/2000,AR,Johnson,Gore,democrat,420,1000
11/07/2000,AR,Johnson,Bush,republican,580,1000
11/07/2000,IN,Scott,Gore,democrat,420,1000
11/07/2000,IN,Scott,Bush,republican,580,1000
11/07/2000,NE,Hall,Gore,democrat,420,1000
11/07/2000,NE,Hall,Bush,republican,580,1000
11/07/2000,MS,Alcorn,Gore,democrat,420,1000
11/07/2000,MS,Alcorn,Bush,republican,580,1000
11/07/2000,IL,Moultrie,Gore,democrat,420,1000
11/07/2000,IL,Moultrie,Bush,republican,580,1000
11/07/2000,IN,Martin,Gore,democrat,420,1000
11/07/2000,IN,Martin,Bush,republican,580,1000
11/07/2000,NE,Hayes,Gore,democrat,420,1000
11/07/2000,NE,Hayes,Bush,republican,580,1000
11/07/2000,IL,Edwards,Gore,democrat,420,1000
11/07/2000,IL,Edwards,Bush,republican,580,1000
11/07/2000,NE,Frontier,Gore,democrat,420,1000
11/07/2000,NE,Frontier,Bush,republican,580,1000
11/07/2000,KS,Decatur,Gore,democrat,420,1000
11/07/2000,KS,Decatur,Bush,republican,580,1000
11/07/2000,GA,Tattnall,Gore,democrat,420,1000
11/07/2000,GA,Tattnall,Bush,republican,580,1000
11/07/2000,KY,Boyle,Gore,democrat,420,1000
11/07/2000,KY,Boyle,Bush,republican,580,1000
11/07/2000,TX,Dimmit,Gore,democrat,420,1000
11/07/2000,TX,Dimmit,Bush,republican,580,1000
11/07/2000,KY,Pendleton,Gore,democrat,420,1000
11/07/2000,KY,Pendleton,Bush,republican,580,1000
11/07/2000,NY,Yates,Gore,democrat,470,1000
11/07/2000,NY,Yates,Bush,republican,530,1000
11/07/2000,SD,Jackson,Gore,democrat,420,1000
11/07/2000,SD,Jackson,Bush,republican,580,1000
11/07/2000,IA,Shelby,Gore,democrat,470,1000
11/07/2000,IA,Shelby,Bush,republican,530,1000
11/07/2000,PA,Forest,Gore,democrat,420,1000
11/07/2000,PA,Forest,Bush,republican,580,1000
11/07/2000,MO,Laclede,Gore,democrat,420,1000
11/07/2000,MO,Laclede,Bush,republican,580,1000
11/07/2000,MO,Ripley,Gore,democrat,420,1000
11/07/2000,MO,Ripley,Bush,republican,580,1000
11/07/2000,KY,Logan,Gore,democrat,420,1000
11/07/2000,KY,Logan,Bush,republican,580,1000
11/07/2000,IL,DeWitt,Gore,democrat,420,1000
11/07/2000,IL,DeWitt,Bush,republican,580,1000
11/07/2000,KY,Butler,Gore,democrat,420,1000
11/07/2000,KY,Butler,Bush,republican,580,1000
11/07/2000,MT,Golden_Valley,Gore,democrat,420,1000
11/07/2000,MT,Golden_Valley,Bush,republican,580,1000
11/07/2000,OH,Fayette,Gore,democrat,420,1000
11/07/2000,OH,Fayette,Bush,republican,580,1000
11/07/2000,GA,Twiggs,Gore,democrat,470,1000
11/07/2000,GA,Twiggs,Bush,republican,530,1000
11/07/2000,MT,Ravalli,Gore,democrat,420,1000
11/07/2000,MT,Ravalli,Bush,republican,580,1000
11/07/2000,MN,Mille_Lacs,Gore,democrat,420,1000
11/07/2000,MN,Mille_Lacs,Bush,republican,580,1000
11/07/2000,CO,Delta,Gore,democrat,420,1000
11/07/2000,CO,Delta,Bush,republican,580,1000
11/07/2000,IL,McDonough,Gore,democrat,490,1000
11/07/2000,IL,McDonough,Bush,republican,510,1000
11/07/2000,OH,Sandusky,Gore,democrat,510,1000
11/07/2000,OH,Sandusky,Bush,republican,490,1000
11/07/2000,TX,Borden,Gore,democrat,420,1000
11/07/2000,TX,Borden,Bush,republican,580,1000
11/07/2000,AR,Newton,Gore,democrat,420,1000
11/07/2000,AR,Newton,Bush,republican,580,1000
11/07/2000,VA,Charlottesville,Gore,democrat,580,1000
11/07/2000,VA,Charlottesville,Bush,republican,420,1000
11/07/2000,MN,Pipestone,Gore,democrat,420,1000
11/07/2000,MN,Pipestone,Bush,republican,580,1000
11/07/2000,TX,Wheeler,Gore,democrat,420,1000
11/07/2000,TX,Wheeler,Bush,republican,580,1000
11/07/2000,NE,Adams,Gore,democrat,420,1000
11/07/2000,NE,Adams,Bush,republican,580,1000
11/07/2000,MT,Lewis_and_Clark,Gore,democrat,530,1000
11/07/2000,MT,Lewis_and_Clark,Bush,republican,470,1000
11/07/2000,AK,Kenai_Peninsula,Gore,democrat,470,1000
11/07/2000,AK,Kenai_Peninsula,Bush,republican,530,1000
11/07/2000,MO,Grundy,Gore,democrat,420,1000
11/07/2000,MO,Grundy,Bush,republican,580,1000
11/07/2000,NC,Guilford,Gore,democrat,580,1000
11/07/2000,NC,Guilford,Bush,republican,420,1000
11/07/2000,IA,Cass,Gore,democrat,470,1000
11/07/2000,IA,Cass,Bush,republican,530,1000
11/07/2000,AL,Dale,Gore,democrat,420,1000
11/07/2000,AL,Dale,Bush,republican,580,1000
11/07/2000,TX,Randall,Gore,democrat,420,1000
11/07/2000,TX,Randall,Bush,republican,580,1000
11/07/2000,OH,Van_Wert,Gore,democrat,420,1000
11/07/2000,OH,Van_Wert,Bush,republican,580,1000
11/07/2000,TX,Kent,Gore,democrat,420,1000
11/07/2000,TX,Kent,Bush,republican,580,1000
11/07/2000,VA,Warren,Gore,democrat,420,1000
11/07/2000,VA,Warren,Bush,republican,580,1000
11/07/2000,MS,Winston,Gore,democrat,420,1000
11/07/2000,MS,Winston,Bush,republican,580,1000
11/07/2000,TX,Irion,Gore,democrat,420,1000
11/07/2000,TX,Irion,Bush,republican,580,1000
11/07/2000,GA,Irwin,Gore,democrat,420,1000
11/07/2000,GA,Irwin,Bush,republican,580,1000
11/07/2000,IN,Whitley,Gore,democrat,420,1000
11/07/2000,IN,Whitley,Bush,republican,580,1000
11/07/2000,SD,Moody,Gore,democrat,510,1000
11/07/2000,SD,Moody,Bush,republican,490,1000
11/07/2000,CA,Santa_Barbara,Gore,democrat,580,1000
11/07/2000,CA,Santa_Barbara,Bush,republican,420,1000
11/07/2000,TX,Eastland,Gore,democrat,420,1000
11/07/2000,TX,Eastland,Bush,republican,580,1000
11/07/2000,MN,Roseau,Gore,democrat,420,1000
11/07/2000,MN,Roseau,Bush,republican,580,1000
11/07/2000,MO,Clinton,Gore,democrat,420,1000
11/07/2000,MO,Clinton,Bush,republican,580,1000
11/07/2000,WV,Taylor,Gore,democrat,420,1000
11/07/2000,WV,Taylor,Bush,republican,580,1000
11/07/2000,MS,George,Gore,democrat,470,1000
11/07/2000,MS,George,Bush,republican,530,1000
11/07/2000,MN,Otter_Tail,Gore,democrat,420,1000
11/07/2000,MN,Otter_Tail,Bush,republican,580,1000
11/07/2000,IL,Franklin,Gore,democrat,420,1000
11/07/2000,IL,Franklin,Bush,republican,580,1000
11/07/2000,FL,Hardee,Gore,democrat,470,1000
11/07/2000,FL,Hardee,Bush,republican,530,1000
11/07/2000,IA,Webster,Gore,democrat,497,1000
11/07/2000,IA,Webster,Bush,republican,503,1000
11/07/2000,VA,Fredericksburg,Gore,democrat,580,1000
11/07/2000,VA,Fredericksburg,Bush,republican,420,1000
11/07/2000,NY,Schuyler,Gore,democrat,470,1000
11/07/2000,NY,Schuyler,Bush,republican,530,1000
11/07/2000,IL,McLean,Gore,democrat,530,1000
11/07/2000,IL,McLean,Bush,republican,470,1000
11/07/2000,NE,York,Gore,democrat,420,1000
11/07/2000,NE,York,Bush,republican,580,1000
11/07/2000,TX,San_Augustine,Gore,democrat,420,1000
11/07/2000,TX,San_Augustine,Bush,republican,580,1000
11/07/2000,TN,Franklin,Gore,democrat,420,1000
11/07/2000,TN,Franklin,Bush,republican,580,1000
11/07/2000,WY,Campbell,Gore,democrat,420,1000
11/07/2000,WY,Campbell,Bush,republican,580,1000
11/07/2000,OH,Pike,Gore,democrat,420,1000
11/07/2000,OH,Pike,Bush,republican,580,1000
11/07/2000,IA,Clarke,Gore,democrat,470,1000
11/07/2000,IA,Clarke,Bush,republican,530,1000
11/07/2000,SC,Cherokee,Gore,democrat,420,1000
11/07/2000,SC,Cherokee,Bush,republican,580,1000
11/07/2000,MN,Stevens,Gore,democrat,470,1000
11/07/2000,MN,Stevens,Bush,republican,530,1000
11/07/2000,MS,Franklin,Gore,democrat,490,1000
11/07/2000,MS,Franklin,Bush,republican,510,1000
11/07/2000,AK,Prince_of_Wales-Hyder,Gore,democrat,420,1000
11/07/2000,AK,Prince_of_Wales-Hyder,Bush,republican,580,1000
11/07/2000,CO,San_Miguel,Gore,democrat,580,1000
11/07/2000,CO,San_Miguel,Bush,republican,420,1000
11/07/2000,KY,Lewis,Gore,democrat,420,1000
11/07/2000,KY,Lewis,Bush,republican,580,1000
11/07/2000,MI,Chippewa,Gore,democrat,470,1000
11/07/2000,MI,Chippewa,Bush,republican,530,1000
11/07/2000,MI,Ontonagon,Gore,democrat,470,1000
11/07/2000,MI,Ontonagon,Bush,republican,530,1000
11/07/2000,MN,Marshall,Gore,democrat,420,1000
11/07/2000,MN,Marshall,Bush,republican,580,1000
11/07/2000,MO,Harrison,Gore,democrat,420,1000
11/07/2000,MO,Harrison,Bush,republican,580,1000
11/07/2000,MS,Newton,Gore,democrat,420,1000
11/07/2000,MS,Newton,Bush,republican,580,1000
11/07/2000,MS,Webster,Gore,democrat,420,1000
11/07/2000,MS,Webster,Bush,republican,580,1000
11/07/2000,NJ,Warren,Gore,democrat,470,1000
11/07/2000,NJ,Warren,Bush,republican,530,1000
11/07/2000,NY,Monroe,Gore,democrat,580,1000
11/07/2000,NY,Monroe,Bush,republican,420,1000
11/07/2000,OH,Hamilton,Gore,democrat,580,1000
11/07/2000,OH,Hamilton,Bush,republican,420,1000
11/07/2000,OK,Pittsburg,Gore,democrat,420,1000
11/07/2000,OK,Pittsburg,Bush,republican,580,1000
11/07/2000,GA,Ben_Hill,Gore,democrat,420,1000
11/07/2000,GA,Ben_Hill,Bush,republican,580,1000
11/07/2000,TN,Union,Gore,democrat,420,1000
11/07/2000,TN,Union,Bush,republican,580,1000
11/07/2000,KS,Russell,Gore,democrat,420,1000
11/07/2000,KS,Russell,Bush,republican,580,1000
11/07/2000,WI,Dane,Gore,democrat,580,1000
11/07/2000,WI,Dane,Bush,republican,420,1000
11/07/2000,TX,Gillespie,Gore,democrat,420,1000
11/07/2000,TX,Gillespie,Bush,republican,580,1000
11/07/2000,AZ,La_Paz,Gore,democrat,470,1000
11/07/2000,AZ,La_Paz,Bush,republican,530,1000
11/07/2000,KY,Spencer,Gore,democrat,420,1000
11/07/2000,KY,Spencer,Bush,republican,580,1000
11/07/2000,ID,Ada,Gore,democrat,530,1000
11/07/2000,ID,Ada,Bush,republican,470,1000
11/07/2000,HI,Hawaii,Gore,democrat,580,1000
11/07/2000,HI,Hawaii,Bush,republican,420,1000
11/07/2000,AR,Howard,Gore,democrat,420,1000
11/07/2000,AR,Howard,Bush,republican,580,1000
11/07/2000,VA,Cumberland,Gore,democrat,470,1000
11/07/2000,VA,Cumberland,Bush,republican,530,1000
11/07/2000,KS,Harvey,Gore,democrat,490,1000
11/07/2000,KS,Harvey,Bush,republican,510,1000
11/07/2000,TX,Donley,Gore,democrat,420,1000
11/07/2000,TX,Donley,Bush,republican,580,1000
11/07/2000,IL,Stephenson,Gore,democrat,470,1000
11/07/2000,IL,Stephenson,Bush,republican,530,1000
11/07/2000,VA,Lynchburg,Gore,democrat,530,1000
11/07/2000,VA,Lynchburg,Bush,republican,470,1000
11/07/2000,KY,Metcalfe,Gore,democrat,420,1000
11/07/2000,KY,Metcalfe,Bush,republican,580,1000
11/07/2000,OH,Hardin,Gore,democrat,420,1000
11/07/2000,OH,Hardin,Bush,republican,580,1000
11/07/2000,IL,Jefferson,Gore,democrat,420,1000
11/07/2000,IL,Jefferson,Bush,republican,580,1000
11/07/2000,IA,Monroe,Gore,democrat,497,1000
11/07/2000,IA,Monroe,Bush,republican,503,1000
11/07/2000,WV,Tyler,Gore,democrat,420,1000
11/07/2000,WV,Tyler,Bush,republican,580,1000
11/07/2000,CO,Bent,Gore,democrat,420,1000
11/07/2000,CO,Bent,Bush,republican,580,1000
11/07/2000,WI,Waushara,Gore,democrat,470,1000
11/07/2000,WI,Waushara,Bush,republican,530,1000
11/07/2000,WI,Waupaca,Gore,democrat,470,1000
11/07/2000,WI,Waupaca,Bush,republican,530,1000
11/07/2000,TX,Uvalde,Gore,democrat,420,1000
11/07/2000,TX,Uvalde,Bush,republican,580,1000
11/07/2000,MS,Walthall,Gore,democrat,420,1000
11/07/2000,MS,Walthall,Bush,republican,580,1000
11/07/2000,MO,Daviess,Gore,democrat,420,1000
11/07/2000,MO,Daviess,Bush,republican,580,1000
11/07/2000,TX,Winkler,Gore,democrat,420,1000
11/07/2000,TX,Winkler,Bush,republican,580,1000
11/07/2000,OH,Delaware,Gore,democrat,530,1000
11/07/2000,OH,Delaware,Bush,republican,470,1000
11/07/2000,SD,Hamlin,Gore,democrat,470,1000
11/07/2000,SD,Hamlin,Bush,republican,530,1000
11/07/2000,KS,Morris,Gore,democrat,420,1000
11/07/2000,KS,Morris,Bush,republican,580,1000
11/07/2000,AL,Lee,Gore,democrat,420,1000
11/07/2000,AL,Lee,Bush,republican,580,1000
11/07/2000,CA,San_Diego,Gore,democrat,580,1000
11/07/2000,CA,San_Diego,Bush,republican,420,1000
11/07/2000,FL,Levy,Gore,democrat,470,1000
11/07/2000,FL,Levy,Bush,republican,530,1000
11/07/2000,AL,Calhoun,Gore,democrat,420,1000
11/07/2000,AL,Calhoun,Bush,republican,580,1000
11/07/2000,IA,Scott,Gore,democrat,580,1000
11/07/2000,IA,Scott,Bush,republican,420,1000
11/07/2000,IA,Winneshiek,Gore,democrat,580,1000
11/07/2000,IA,Winneshiek,Bush,republican,420,1000
11/07/2000,KS,Morton,Gore,democrat,420,1000
11/07/2000,KS,Morton,Bush,republican,580,1000
11/07/2000,KY,Campbell,Gore,democrat,490,1000
11/07/2000,KY,Campbell,Bush,republican,510,1000
11/07/2000,KY,Whitley,Gore,democrat,420,1000
11/07/2000,KY,Whitley,Bush,republican,580,1000
11/07/2000,OH,Morrow,Gore,democrat,420,1000
11/07/2000,OH,Morrow,Bush,republican,580,1000
11/07/2000,OH,Darke,Gore,democrat,420,1000
11/07/2000,OH,Darke,Bush,republican,580,1000
11/07/2000,NE,Valley,Gore,democrat,420,1000
11/07/2000,NE,Valley,Bush,republican,580,1000
11/07/2000,NE,Cedar,Gore,democrat,420,1000
11/07/2000,NE,Cedar,Bush,republican,580,1000
11/07/2000,NE,Pawnee,Gore,democrat,420,1000
11/07/2000,NE,Pawnee,Bush,republican,580,1000
11/07/2000,SC,Darlington,Gore,democrat,490,1000
11/07/2000,SC,Darlington,Bush,republican,510,1000
11/07/2000,SD,Hughes,Gore,democrat,420,1000
11/07/2000,SD,Hughes,Bush,republican,580,1000
11/07/2000,MO,Livingston,Gore,democrat,420,1000
11/07/2000,MO,Livingston,Bush,republican,580,1000
11/07/2000,TX,Gregg,Gore,democrat,420,1000
11/07/2000,TX,Gregg,Bush,republican,580,1000
11/07/2000,VA,Lunenburg,Gore,democrat,490,1000
11/07/2000,VA,Lunenburg,Bush,republican,510,1000
11/07/2000,WV,Marion,Gore,democrat,497,1000
11/07/2000,WV,Marion,Bush,republican,503,1000
11/07/2000,WV,Grant,Gore,democrat,420,1000
11/07/2000,WV,Grant,Bush,republican,580,1000
11/07/2000,ND,Divide,Gore,democrat,420,1000
11/07/2000,ND,Divide,Bush,republican,580,1000
11/07/2000,TN,Moore,Gore,democrat,420,1000
11/07/2000,TN,Moore,Bush,republican,580,1000
11/07/2000,UT,Uintah,Gore,democrat,420,1000
11/07/2000,UT,Uintah,Bush,republican,580,1000
11/07/2000,NE,Furnas,Gore,democrat,420,1000
11/07/2000,NE,Furnas,Bush,republican,580,1000
11/07/2000,AL,Chambers,Gore,democrat,420,1000
11/07/2000,AL,Chambers,Bush,republican,580,1000
11/07/2000,PA,Franklin,Gore,democrat,420,1000
11/07/2000,PA,Franklin,Bush,republican,580,1000
11/07/2000,NE,Lancaster,Gore,democrat,530,1000
11/07/2000,NE,Lancaster,Bush,republican,470,1000
11/07/2000,VA,Frederick,Gore,democrat,420,1000
11/07/2000,VA,Frederick,Bush,republican,580,1000
11/07/2000,WA,Klickitat,Gore,democrat,530,1000
11/07/2000,WA,Klickitat,Bush,republican,470,1000
11/07/2000,VT,Franklin,Gore,democrat,580,1000
11/07/2000,VT,Franklin,Bush,republican,420,1000
11/07/2000,WI,Bayfield,Gore,democrat,580,1000
11/07/2000,WI,Bayfield,Bush,republican,420,1000
11/07/2000,AL,ALA,Gore,democrat,420,1000
11/07/2000,AL,ALA,Bush,republican,580,1000
11/07/2000,CA,Glenn,Gore,democrat,420,1000
11/07/2000,CA,Glenn,Bush,republican,580,1000
11/07/2000,CO,Boulder,Gore,democrat,580,1000
11/07/2000,CO,Boulder,Bush,republican,420,1000
11/07/2000,GA,DeKalb,Gore,democrat,580,1000
11/07/2000,GA,DeKalb,Bush,republican,420,1000
11/07/2000,IL,Kane,Gore,democrat,580,1000
11/07/2000,IL,Kane,Bush,republican,420,1000
11/07/2000,IL,Morgan,Gore,democrat,420,1000
11/07/2000,IL,Morgan,Bush,republican,580,1000
11/07/2000,IN,Brown,Gore,democrat,420,1000
11/07/2000,IN,Brown,Bush,republican,580,1000
11/07/2000,IN,Rush,Gore,democrat,420,1000
11/07/2000,IN,Rush,Bush,republican,580,1000
11/07/2000,IN,White,Gore,democrat,420,1000
11/07/2000,IN,White,Bush,republican,580,1000
11/07/2000,IA,Johnson,Gore,democrat,580,1000
11/07/2000,IA,Johnson,Bush,republican,420,1000
11/07/2000,KS,Lyon,Gore,democrat,490,1000
11/07/2000,KS,Lyon,Bush,republican,510,1000
11/07/2000,KY,Adair,Gore,democrat,420,1000
11/07/2000,KY,Adair,Bush,republican,580,1000
11/07/2000,LA,Allen,Gore,democrat,420,1000
11/07/2000,LA,Allen,Bush,republican,580,1000
11/07/2000,ME,Oxford,Gore,democrat,580,1000
11/07/2000,ME,Oxford,Bush,republican,420,1000
11/07/2000,MO,Camden,Gore,democrat,420,1000
11/07/2000,MO,Camden,Bush,republican,580,1000
11/07/2000,GA,Wilcox,Gore,democrat,420,1000
11/07/2000,GA,Wilcox,Bush,republican,580,1000
11/07/2000,NM,De_Baca,Gore,democrat,470,1000
11/07/2000,NM,De_Baca,Bush,republican,530,1000
11/07/2000,NC,Vance,Gore,democrat,530,1000
11/07/2000,NC,Vance,Bush,republican,470,1000
11/07/2000,NC,Franklin,Gore,democrat,530,1000
11/07/2000,NC,Franklin,Bush,republican,470,1000
11/07/2000,MT,Teton,Gore,democrat,420,1000
11/07/2000,MT,Teton,Bush,republican,580,1000
11/07/2000,MO,Barry,Gore,democrat,420,1000
11/07/2000,MO,Barry,Bush,republican,580,1000
11/07/2000,WA,Clark,Gore,democrat,580,1000
11/07/2000,WA,Clark,Bush,republican,420,1000
11/07/2000,WV,Ohio,Gore,democrat,420,1000
11/07/2000,WV,Ohio,Bush,republican,580,1000
11/07/2000,AR,Clark,Gore,democrat,470,1000
11/07/2000,AR,Clark,Bush,republican,530,1000
11/07/2000,AR,Lawrence,Gore,democrat,420,1000
11/07/2000,AR,Lawrence,Bush,republican,580,1000
11/07/2000,CA,Yuba,Gore,democrat,470,1000
11/07/2000,CA,Yuba,Bush,republican,530,1000
11/07/2000,CO,Summit,Gore,democrat,580,1000
11/07/2000,CO,Summit,Bush,republican,420,1000
11/07/2000,GA,Cobb,Gore,democrat,580,1000
11/07/2000,GA,Cobb,Bush,republican,420,1000
11/07/2000,GA,Douglas,Gore,democrat,580,1000
11/07/2000,GA,Douglas,Bush,republican,420,1000
11/07/2000,GA,Wilkes,Gore,democrat,420,1000
11/07/2000,GA,Wilkes,Bush,republican,580,1000
11/07/2000,IL,Peoria,Gore,democrat,580,1000
11/07/2000,IL,Peoria,Bush,republican,420,1000
11/07/2000,IN,Jackson,Gore,democrat,420,1000
11/07/2000,IN,Jackson,Bush,republican,580,1000
11/07/2000,KS,Rooks,Gore,democrat,420,1000
11/07/2000,KS,Rooks,Bush,republican,580,1000
11/07/2000,KS,Reno,Gore,democrat,420,1000
11/07/2000,KS,Reno,Bush,republican,580,1000
11/07/2000,KY,Barren,Gore,democrat,420,1000
11/07/2000,KY,Barren,Bush,republican,580,1000
11/07/2000,KY,Laurel,Gore,democrat,420,1000
11/07/2000,KY,Laurel,Bush,republican,580,1000
11/07/2000,AZ,Coconino,Gore,democrat,470,1000
11/07/2000,AZ,Coconino,Bush,republican,530,1000
11/07/2000,CA,Marin,Gore,democrat,580,1000
11/07/2000,CA,Marin,Bush,republican,420,1000
11/07/2000,FL,Okaloosa,Gore,democrat,420,1000
11/07/2000,FL,Okaloosa,Bush,republican,580,1000
11/07/2000,GA,Murray,Gore,democrat,470,1000
11/07/2000,GA,Murray,Bush,republican,530,1000
11/07/2000,IL,Randolph,Gore,democrat,470,1000
11/07/2000,IL,Randolph,Bush,republican,530,1000
11/07/2000,IN,Switzerland,Gore,democrat,420,1000
11/07/2000,IN,Switzerland,Bush,republican,580,1000
11/07/2000,KY,Kenton,Gore,democrat,470,1000
11/07/2000,KY,Kenton,Bush,republican,530,1000
11/07/2000,KY,Monroe,Gore,democrat,420,1000
11/07/2000,KY,Monroe,Bush,republican,580,1000
11/07/2000,LA,Caddo,Gore,democrat,530,1000
11/07/2000,LA,Caddo,Bush,republican,470,1000
11/07/2000,LA,Claiborne,Gore,democrat,420,1000
11/07/2000,LA,Claiborne,Bush,republican,580,1000
11/07/2000,MA,Berkshire,Gore,democrat,580,1000
11/07/2000,MA,Berkshire,Bush,republican,420,1000
11/07/2000,MI,Grand_Traverse,Gore,democrat,530,1000
11/07/2000,MI,Grand_Traverse,Bush,republican,470,1000
11/07/2000,NE,Nuckolls,Gore,democrat,420,1000
11/07/2000,NE,Nuckolls,Bush,republican,580,1000
11/07/2000,MO,Atchison,Gore,democrat,420,1000
11/07/2000,MO,Atchison,Bush,republican,580,1000
11/07/2000,MN,Ramsey,Gore,democrat,580,1000
11/07/2000,MN,Ramsey,Bush,republican,420,1000
11/07/2000,NC,Avery,Gore,democrat,420,1000
11/07/2000,NC,Avery,Bush,republican,580,1000
11/07/2000,PA,Wayne,Gore,democrat,470,1000
11/07/2000,PA,Wayne,Bush,republican,530,1000
11/07/2000,TN,Carter,Gore,democrat,420,1000
11/07/2000,TN,Carter,Bush,republican,580,1000
11/07/2000,TN,Hickman,Gore,democrat,420,1000
11/07/2000,TN,Hickman,Bush,republican,580,1000
11/07/2000,SD,Potter,Gore,democrat,420,1000
11/07/2000,SD,Potter,Bush,republican,580,1000
11/07/2000,TX,Shackelford,Gore,democrat,420,1000
11/07/2000,TX,Shackelford,Bush,republican,580,1000
11/07/2000,WY,Converse,Gore,democrat,420,1000
11/07/2000,WY,Converse,Bush,republican,580,1000
11/07/2000,AL,Escambia,Gore,democrat,420,1000
11/07/2000,AL,Escambia,Bush,republican,580,1000
11/07/2000,AZ,Cochise,Gore,democrat,470,1000
11/07/2000,AZ,Cochise,Bush,republican,530,1000
11/07/2000,AZ,Apache,Gore,democrat,420,1000
11/07/2000,AZ,Apache,Bush,republican,580,1000
11/07/2000,CA,San_Luis_Obispo,Gore,democrat,580,1000
11/07/2000,CA,San_Luis_Obispo,Bush,republican,420,1000
11/07/2000,ID,Oneida,Gore,democrat,420,1000
11/07/2000,ID,Oneida,Bush,republican,580,1000
11/07/2000,IN,Perry,Gore,democrat,490,1000
11/07/2000,IN,Perry,Bush,republican,510,1000
11/07/2000,IA,Harrison,Gore,democrat,420,1000
11/07/2000,IA,Harrison,Bush,republican,580,1000
11/07/2000,KY,Gallatin,Gore,democrat,420,1000
11/07/2000,KY,Gallatin,Bush,republican,580,1000
11/07/2000,MD,Kent,Gore,democrat,510,1000
11/07/2000,MD,Kent,Bush,republican,490,1000
11/07/2000,ME,Piscataquis,Gore,democrat,510,1000
11/07/2000,ME,Piscataquis,Bush,republican,490,1000
11/07/2000,MI,Luce,Gore,democrat,420,1000
11/07/2000,MI,Luce,Bush,republican,580,1000
11/07/2000,MI,Clare,Gore,democrat,470,1000
11/07/2000,MI,Clare,Bush,republican,530,1000
11/07/2000,MO,St_Clair,Gore,democrat,420,1000
11/07/2000,MO,St_Clair,Bush,republican,580,1000
11/07/2000,NE,Merrick,Gore,democrat,420,1000
11/07/2000,NE,Merrick,Bush,republican,580,1000
11/07/2000,NY,Greene,Gore,democrat,470,1000
11/07/2000,NY,Greene,Bush,republican,530,1000
11/07/2000,NC,Halifax,Gore,democrat,580,1000
11/07/2000,NC,Halifax,Bush,republican,420,1000
11/07/2000,OK,McClain,Gore,democrat,420,1000
11/07/2000,OK,McClain,Bush,republican,580,1000
11/07/2000,OK,Beaver,Gore,democrat,420,1000
11/07/2000,OK,Beaver,Bush,republican,580,1000
11/07/2000,OR,Deschutes,Gore,democrat,580,1000
11/07/2000,OR,Deschutes,Bush,republican,420,1000
11/07/2000,PA,Centre,Gore,democrat,530,1000
11/07/2000,PA,Centre,Bush,republican,470,1000
11/07/2000,SC,Kershaw,Gore,democrat,470,1000
11/07/2000,SC,Kershaw,Bush,republican,530,1000
11/07/2000,KY,Morgan,Gore,democrat,420,1000
11/07/2000,KY,Morgan,Bush,republican,580,1000
11/07/2000,TN,Johnson,Gore,democrat,420,1000
11/07/2000,TN,Johnson,Bush,republican,580,1000
11/07/2000,TX,Brewster,Gore,democrat,420,1000
11/07/2000,TX,Brewster,Bush,republican,580,1000
11/07/2000,TX,Zapata,Gore,democrat,420,1000
11/07/2000,TX,Zapata,Bush,republican,580,1000
11/07/2000,TX,Trinity,Gore,democrat,420,1000
11/07/2000,TX,Trinity,Bush,republican,580,1000
11/07/2000,UT,Carbon,Gore,democrat,420,1000
11/07/2000,UT,Carbon,Bush,republican,580,1000
11/07/2000,VA,Orange,Gore,democrat,470,1000
11/07/2000,VA,Orange,Bush,republican,530,1000
11/07/2000,WI,Adams,Gore,democrat,510,1000
11/07/2000,WI,Adams,Bush,republican,490,1000
11/07/2000,ND,McLean,Gore,democrat,420,1000
11/07/2000,ND,McLean,Bush,republican,580,1000
11/07/2000,MN,Kittson,Gore,democrat,490,1000
11/07/2000,MN,Kittson,Bush,republican,510,1000
11/07/2000,MI,Cheboygan,Gore,democrat,470,1000
11/07/2000,MI,Cheboygan,Bush,republican,530,1000
11/07/2000,MS,Washington,Gore,democrat,580,1000
11/07/2000,MS,Washington,Bush,republican,420,1000
11/07/2000,MO,Holt,Gore,democrat,420,1000
11/07/2000,MO,Holt,Bush,republican,580,1000
11/07/2000,MS,Sunflower,Gore,democrat,580,1000
11/07/2000,MS,Sunflower,Bush,republican,420,1000
11/07/2000,MT,Powder_River,Gore,democrat,420,1000
11/07/2000,MT,Powder_River,Bush,republican,580,1000
11/07/2000,MS,Marshall,Gore,democrat,470,1000
11/07/2000,MS,Marshall,Bush,republican,530,1000
11/07/2000,MS,Issaquena,Gore,democrat,530,1000
11/07/2000,MS,Issaquena,Bush,republican,470,1000
11/07/2000,MS,Benton,Gore,democrat,420,1000
11/07/2000,MS,Benton,Bush,republican,580,1000
11/07/2000,OH,Cuyahoga,Gore,democrat,580,1000
11/07/2000,OH,Cuyahoga,Bush,republican,420,1000
11/07/2000,MT,Lake,Gore,democrat,470,1000
11/07/2000,MT,Lake,Bush,republican,530,1000
11/07/2000,RI,Newport,Gore,democrat,580,1000
11/07/2000,RI,Newport,Bush,republican,420,1000
11/07/2000,MO,Clay,Gore,democrat,530,1000
11/07/2000,MO,Clay,Bush,republican,470,1000
11/07/2000,MO,Worth,Gore,democrat,420,1000
11/07/2000,MO,Worth,Bush,republican,580,1000
11/07/2000,MO,Perry,Gore,democrat,420,1000
11/07/2000,MO,Perry,Bush,republican,580,1000
11/07/2000,MO,Morgan,Gore,democrat,420,1000
11/07/2000,MO,Morgan,Bush,republican,580,1000
11/07/2000,VA,Lee,Gore,democrat,420,1000
11/07/2000,VA,Lee,Bush,republican,580,1000
11/07/2000,WA,Clallam,Gore,democrat,530,1000
11/07/2000,WA,Clallam,Bush,republican,470,1000
11/07/2000,WY,Uinta,Gore,democrat,420,1000
11/07/2000,WY,Uinta,Bush,republican,580,1000
11/07/2000,AR,Arkansas,Gore,democrat,470,1000
11/07/2000,AR,Arkansas,Bush,republican,530,1000
11/07/2000,AR,Dallas,Gore,democrat,420,1000
11/07/2000,AR,Dallas,Bush,republican,580,1000
11/07/2000,GA,Butts,Gore,democrat,420,1000
11/07/2000,GA,Butts,Bush,republican,580,1000
11/07/2000,GA,Baker,Gore,democrat,490,1000
11/07/2000,GA,Baker,Bush,republican,510,1000
11/07/2000,IL,LaSalle,Gore,democrat,490,1000
11/07/2000,IL,LaSalle,Bush,republican,510,1000
11/07/2000,IN,Kosciusko,Gore,democrat,420,1000
11/07/2000,IN,Kosciusko,Bush,republican,580,1000
11/07/2000,IN,Sullivan,Gore,democrat,470,1000
11/07/2000,IN,Sullivan,Bush,republican,530,1000
11/07/2000,KS,Riley,Gore,democrat,580,1000
11/07/2000,KS,Riley,Bush,republican,420,1000
11/07/2000,KY,Bullitt,Gore,democrat,420,1000
11/07/2000,KY,Bullitt,Bush,republican,580,1000
11/07/2000,KY,Madison,Gore,democrat,420,1000
11/07/2000,KY,Madison,Bush,republican,580,1000
11/07/2000,LA,Livingston,Gore,democrat,420,1000
11/07/2000,LA,Livingston,Bush,republican,580,1000
11/07/2000,LA,Grant,Gore,democrat,420,1000
11/07/2000,LA,Grant,Bush,republican,580,1000
11/07/2000,LA,Bienville,Gore,democrat,420,1000
11/07/2000,LA,Bienville,Bush,republican,580,1000
11/07/2000,MO,Callaway,Gore,democrat,420,1000
11/07/2000,MO,Callaway,Bush,republican,580,1000
11/07/2000,GA,Wheeler,Gore,democrat,420,1000
11/07/2000,GA,Wheeler,Bush,republican,580,1000
11/07/2000,NC,Chatham,Gore,democrat,580,1000
11/07/2000,NC,Chatham,Bush,republican,420,1000
11/07/2000,SC,Allendale,Gore,democrat,580,1000
11/07/2000,SC,Allendale,Bush,republican,420,1000
11/07/2000,MA,Suffolk,Gore,democrat,580,1000
11/07/2000,MA,Suffolk,Bush,republican,420,1000
11/07/2000,TN,Henry,Gore,democrat,420,1000
11/07/2000,TN,Henry,Bush,republican,580,1000
11/07/2000,TX,Angelina,Gore,democrat,420,1000
11/07/2000,TX,Angelina,Bush,republican,580,1000
11/07/2000,WA,Grant,Gore,democrat,420,1000
11/07/2000,WA,Grant,Bush,republican,580,1000
11/07/2000,VA,Louisa,Gore,democrat,420,1000
11/07/2000,VA,Louisa,Bush,republican,580,1000
11/07/2000,MN,Goodhue,Gore,democrat,503,1000
11/07/2000,MN,Goodhue,Bush,republican,497,1000
11/07/2000,WA,Walla_Walla,Gore,democrat,530,1000
11/07/2000,WA,Walla_Walla,Bush,republican,470,1000
11/07/2000,MO,Christian,Gore,democrat,420,1000
11/07/2000,MO,Christian,Bush,republican,580,1000
11/07/2000,IN,Crawford,Gore,democrat,420,1000
11/07/2000,IN,Crawford,Bush,republican,580,1000
11/07/2000,OK,Seminole,Gore,democrat,420,1000
11/07/2000,OK,Seminole,Bush,republican,580,1000
11/07/2000,NM,Lincoln,Gore,democrat,420,1000
11/07/2000,NM,Lincoln,Bush,republican,580,1000
11/07/2000,TN,Campbell,Gore,democrat,420,1000
11/07/2000,TN,Campbell,Bush,republican,580,1000
11/07/2000,NM,Socorro,Gore,democrat,510,1000
11/07/2000,NM,Socorro,Bush,republican,490,1000
11/07/2000,NM,Taos,Gore,democrat,580,1000
11/07/2000,NM,Taos,Bush,republican,420,1000
11/07/2000,NM,Chaves,Gore,democrat,420,1000
11/07/2000,NM,Chaves,Bush,republican,580,1000
11/07/2000,OH,Holmes,Gore,democrat,420,1000
11/07/2000,OH,Holmes,Bush,republican,580,1000
11/07/2000,OH,Jackson,Gore,democrat,420,1000
11/07/2000,OH,Jackson,Bush,republican,580,1000
11/07/2000,NC,Burke,Gore,democrat,420,1000
11/07/2000,NC,Burke,Bush,republican,580,1000
11/07/2000,SD,Pennington,Gore,democrat,420,1000
11/07/2000,SD,Pennington,Bush,republican,580,1000
11/07/2000,TX,Aransas,Gore,democrat,420,1000
11/07/2000,TX,Aransas,Bush,republican,580,1000
11/07/2000,WA,Whitman,Gore,democrat,530,1000
11/07/2000,WA,Whitman,Bush,republican,470,1000
11/07/2000,MI,Berrien,Gore,democrat,490,1000
11/07/2000,MI,Berrien,Bush,republican,510,1000
11/07/2000,GA,Lincoln,Gore,democrat,420,1000
11/07/2000,GA,Lincoln,Bush,republican,580,1000
11/07/2000,TX,Val_Verde,Gore,democrat,470,1000
11/07/2000,TX,Val_Verde,Bush,republican,530,1000
11/07/2000,NY,Onondaga,Gore,democrat,580,1000
11/07/2000,NY,Onondaga,Bush,republican,420,1000
11/07/2000,ID,Gooding,Gore,democrat,420,1000
11/07/2000,ID,Gooding,Bush,republican,580,1000
11/07/2000,KY,Clay,Gore,democrat,420,1000
11/07/2000,KY,Clay,Bush,republican,580,1000
11/07/2000,OR,Harney,Gore,democrat,420,1000
11/07/2000,OR,Harney,Bush,republican,580,1000
11/07/2000,MO,Cooper,Gore,democrat,420,1000
11/07/2000,MO,Cooper,Bush,republican,580,1000
11/07/2000,MN,Todd,Gore,democrat,420,1000
11/07/2000,MN,Todd,Bush,republican,580,1000
11/07/2000,WI,Florence,Gore,democrat,420,1000
11/07/2000,WI,Florence,Bush,republican,580,1000
11/07/2000,NY,Nassau,Gore,democrat,530,1000
11/07/2000,NY,Nassau,Bush,republican,470,1000
11/07/2000,NM,San_Miguel,Gore,democrat,530,1000
11/07/2000,NM,San_Miguel,Bush,republican,470,1000
11/07/2000,NE,Wayne,Gore,democrat,420,1000
11/07/2000,NE,Wayne,Bush,republican,580,1000
11/07/2000,OH,Lawrence,Gore,democrat,420,1000
11/07/2000,OH,Lawrence,Bush,republican,580,1000
11/07/2000,SD,Union,Gore,democrat,470,1000
11/07/2000,SD,Union,Bush,republican,530,1000
11/07/2000,SC,Beaufort,Gore,democrat,490,1000
11/07/2000,SC,Beaufort,Bush,republican,510,1000
11/07/2000,OH,Auglaize,Gore,democrat,420,1000
11/07/2000,OH,Auglaize,Bush,republican,580,1000
11/07/2000,GA,Long,Gore,democrat,420,1000
11/07/2000,GA,Long,Bush,republican,580,1000
11/07/2000,TX,Victoria,Gore,democrat,420,1000
11/07/2000,TX,Victoria,Bush,republican,580,1000
11/07/2000,OH,Clermont,Gore,democrat,420,1000
11/07/2000,OH,Clermont,Bush,republican,580,1000
11/07/2000,GA,Madison,Gore,democrat,420,1000
11/07/2000,GA,Madison,Bush,republican,580,1000
11/07/2000,GA,Muscogee,Gore,democrat,580,1000
11/07/2000,GA,Muscogee,Bush,republican,420,1000
11/07/2000,GA,Oconee,Gore,democrat,420,1000
11/07/2000,GA,Oconee,Bush,republican,580,1000
11/07/2000,AL,Fayette,Gore,democrat,420,1000
11/07/2000,AL,Fayette,Bush,republican,580,1000
11/07/2000,GA,Charlton,Gore,democrat,420,1000
11/07/2000,GA,Charlton,Bush,republican,580,1000
11/07/2000,VT,Windsor,Gore,democrat,580,1000
11/07/2000,VT,Windsor,Bush,republican,420,1000
11/07/2000,VA,Richmond_Co,Gore,democrat,470,1000
11/07/2000,VA,Richmond_Co,Bush,republican,530,1000
11/07/2000,TX,Galveston,Gore,democrat,470,1000
11/07/2000,TX,Galveston,Bush,republican,530,1000
11/07/2000,MO,Ste_Genevieve,Gore,democrat,530,1000
11/07/2000,MO,Ste_Genevieve,Bush,republican,470,1000
11/07/2000,MI,Menominee,Gore,democrat,470,1000
11/07/2000,MI,Menominee,Bush,republican,530,1000
11/07/2000,SC,Charleston,Gore,democrat,580,1000
11/07/2000,SC,Charleston,Bush,republican,420,1000
11/07/2000,TX,Austin,Gore,democrat,420,1000
11/07/2000,TX,Austin,Bush,republican,580,1000
11/07/2000,TN,Decatur,Gore,democrat,420,1000
11/07/2000,TN,Decatur,Bush,republican,580,1000
11/07/2000,SD,Butte,Gore,democrat,420,1000
11/07/2000,SD,Butte,Bush,republican,580,1000
11/07/2000,SC,Chester,Gore,democrat,470,1000
11/07/2000,SC,Chester,Bush,republican,530,1000
11/07/2000,WI,Pierce,Gore,democrat,490,1000
11/07/2000,WI,Pierce,Bush,republican,510,1000
11/07/2000,TN,Lake,Gore,democrat,420,1000
11/07/2000,TN,Lake,Bush,republican,580,1000
11/07/2000,TX,Delta,Gore,democrat,420,1000
11/07/2000,TX,Delta,Bush,republican,580,1000
11/07/2000,MT,Lincoln,Gore,democrat,470,1000
11/07/2000,MT,Lincoln,Bush,republican,530,1000
11/07/2000,TX,Fort_Bend,Gore,democrat,580,1000
11/07/2000,TX,Fort_Bend,Bush,republican,420,1000
11/07/2000,ME,Lincoln,Gore,democrat,580,1000
11/07/2000,ME,Lincoln,Bush,republican,420,1000
11/07/2000,VA,Surry,Gore,democrat,530,1000
11/07/2000,VA,Surry,Bush,republican,470,1000
11/07/2000,MO,Saline,Gore,democrat,420,1000
11/07/2000,MO,Saline,Bush,republican,580,1000
11/07/2000,NC,Caswell,Gore,democrat,470,1000
11/07/2000,NC,Caswell,Bush,republican,530,1000
11/07/2000,VA,Sussex,Gore,democrat,580,1000
11/07/2000,VA,Sussex,Bush,republican,420,1000
11/07/2000,NH,Rockingham,Gore,democrat,580,1000
11/07/2000,NH,Rockingham,Bush,republican,420,1000
11/07/2000,TN,Hamblen,Gore,democrat,420,1000
11/07/2000,TN,Hamblen,Bush,republican,580,1000
11/07/2000,TN,Hancock,Gore,democrat,420,1000
11/07/2000,TN,Hancock,Bush,republican,580,1000
11/07/2000,TN,Hawkins,Gore,democrat,420,1000
11/07/2000,TN,Hawkins,Bush,republican,580,1000
11/07/2000,SD,Hanson,Gore,democrat,420,1000
11/07/2000,SD,Hanson,Bush,republican,580,1000
11/07/2000,SD,Kingsbury,Gore,democrat,470,1000
11/07/2000,SD,Kingsbury,Bush,republican,530,1000
11/07/2000,PA,Chester,Gore,democrat,580,1000
11/07/2000,PA,Chester,Bush,republican,420,1000
11/07/2000,TX,Calhoun,Gore,democrat,420,1000
11/07/2000,TX,Calhoun,Bush,republican,580,1000
11/07/2000,VA,Northumberland,Gore,democrat,420,1000
11/07/2000,VA,Northumberland,Bush,republican,580,1000
11/07/2000,WI,Forest,Gore,democrat,420,1000
11/07/2000,WI,Forest,Bush,republican,580,1000
11/07/2000,WY,Crook,Gore,democrat,420,1000
11/07/2000,WY,Crook,Bush,republican,580,1000
11/07/2000,NE,Rock,Gore,democrat,420,1000
11/07/2000,NE,Rock,Bush,republican,580,1000
11/07/2000,TN,Anderson,Gore,democrat,420,1000
11/07/2000,TN,Anderson,Bush,republican,580,1000
11/07/2000,KY,Garrard,Gore,democrat,420,1000
11/07/2000,KY,Garrard,Bush,republican,580,1000
11/07/2000,VT,Windham,Gore,democrat,580,1000
11/07/2000,VT,Windham,Bush,republican,420,1000
11/07/2000,MD,Wicomico,Gore,democrat,470,1000
11/07/2000,MD,Wicomico,Bush,republican,530,1000
11/07/2000,ME,Sagadahoc,Gore,democrat,580,1000
11/07/2000,ME,Sagadahoc,Bush,republican,420,1000
11/07/2000,KS,Bourbon,Gore,democrat,420,1000
11/07/2000,KS,Bourbon,Bush,republican,580,1000
11/07/2000,KS,Crawford,Gore,democrat,470,1000
11/07/2000,KS,Crawford,Bush,republican,530,1000
11/07/2000,TX,Collin,Gore,democrat,510,1000
11/07/2000,TX,Collin,Bush,republican,490,1000
11/07/2000,TX,Colorado,Gore,democrat,420,1000
11/07/2000,TX,Colorado,Bush,republican,580,1000
11/07/2000,PA,Delaware,Gore,democrat,580,1000
11/07/2000,PA,Delaware,Bush,republican,420,1000
11/07/2000,SC,Dillon,Gore,democrat,510,1000
11/07/2000,SC,Dillon,Bush,republican,490,1000
11/07/2000,PA,Clarion,Gore,democrat,420,1000
11/07/2000,PA,Clarion,Bush,republican,580,1000
11/07/2000,TX,Jasper,Gore,democrat,420,1000
11/07/2000,TX,Jasper,Bush,republican,580,1000
11/07/2000,PA,Clinton,Gore,democrat,470,1000
11/07/2000,PA,Clinton,Bush,republican,530,1000
11/07/2000,MD,Harford,Gore,democrat,470,1000
11/07/2000,MD,Harford,Bush,republican,530,1000
11/07/2000,IL,Richland,Gore,democrat,420,1000
11/07/2000,IL,Richland,Bush,republican,580,1000
11/07/2000,MD,Howard,Gore,democrat,580,1000
11/07/2000,MD,Howard,Bush,republican,420,1000
11/07/2000,TN,Loudon,Gore,democrat,420,1000
11/07/2000,TN,Loudon,Bush,republican,580,1000
11/07/2000,IL,St_Clair,Gore,democrat,580,1000
11/07/2000,IL,St_Clair,Bush,republican,420,1000
11/07/2000,MA,Bristol,Gore,democrat,580,1000
11/07/2000,MA,Bristol,Bush,republican,420,1000
11/07/2000,IN,Hendricks,Gore,democrat,420,1000
11/07/2000,IN,Hendricks,Bush,republican,580,1000
11/07/2000,MD,Anne_Arundel,Gore,democrat,580,1000
11/07/2000,MD,Anne_Arundel,Bush,republican,420,1000
11/07/2000,TX,Comal,Gore,democrat,470,1000
11/07/2000,TX,Comal,Bush,republican,530,1000
11/07/2000,TX,Cooke,Gore,democrat,420,1000
11/07/2000,TX,Cooke,Bush,republican,580,1000
11/07/2000,TX,Crockett,Gore,democrat,420,1000
11/07/2000,TX,Crockett,Bush,republican,580,1000
11/07/2000,TX,Culberson,Gore,democrat,420,1000
11/07/2000,TX,Culberson,Bush,republican,580,1000
11/07/2000,KY,Hickman,Gore,democrat,470,1000
11/07/2000,KY,Hickman,Bush,republican,530,1000
11/07/2000,KY,Jackson,Gore,democrat,420,1000
11/07/2000,KY,Jackson,Bush,republican,580,1000
11/07/2000,SC,Georgetown,Gore,democrat,470,1000
11/07/2000,SC,Georgetown,Bush,republican,530,1000
11/07/2000,WA,Adams,Gore,democrat,420,1000
11/07/2000,WA,Adams,Bush,republican,580,1000
11/07/2000,NE,Kimball,Gore,democrat,420,1000
11/07/2000,NE,Kimball,Bush,republican,580,1000
11/07/2000,MT,Carbon,Gore,democrat,420,1000
11/07/2000,MT,Carbon,Bush,republican,580,1000
11/07/2000,KY,Greenup,Gore,democrat,420,1000
11/07/2000,KY,Greenup,Bush,republican,580,1000
11/07/2000,LA,Webster,Gore,democrat,420,1000
11/07/2000,LA,Webster,Bush,republican,580,1000
11/07/2000,TN,Macon,Gore,democrat,420,1000
11/07/2000,TN,Macon,Bush,republican,580,1000
11/07/2000,NC,New_Hanover,Gore,democrat,530,1000
11/07/2000,NC,New_Hanover,Bush,republican,470,1000
11/07/2000,TX,Chambers,Gore,democrat,420,1000
11/07/2000,TX,Chambers,Bush,republican,580,1000
11/07/2000,FL,Alachua,Gore,democrat,580,1000
11/07/2000,FL,Alachua,Bush,republican,420,1000
11/07/2000,GA,Worth,Gore,democrat,420,1000
11/07/2000,GA,Worth,Bush,republican,580,1000
11/07/2000,OR,Marion,Gore,democrat,530,1000
11/07/2000,OR,Marion,Bush,republican,470,1000
11/07/2000,PA,Jefferson,Gore,democrat,420,1000
11/07/2000,PA,Jefferson,Bush,republican,580,1000
11/07/2000,MI,Dickinson,Gore,democrat,420,1000
11/07/2000,MI,Dickinson,Bush,republican,580,1000
11/07/2000,MI,Eaton,Gore,democrat,530,1000
11/07/2000,MI,Eaton,Bush,republican,470,1000
11/07/2000,KY,Knox,Gore,democrat,420,1000
11/07/2000,KY,Knox,Bush,republican,580,1000
11/07/2000,MI,Hillsdale,Gore,democrat,420,1000
11/07/2000,MI,Hillsdale,Bush,republican,580,1000
11/07/2000,TX,Denton,Gore,democrat,510,1000
11/07/2000,TX,Denton,Bush,republican,490,1000
11/07/2000,IA,Washington,Gore,democrat,530,1000
11/07/2000,IA,Washington,Bush,republican,470,1000
11/07/2000,TN,Smith,Gore,democrat,420,1000
11/07/2000,TN,Smith,Bush,republican,580,1000
11/07/2000,KS,Wilson,Gore,democrat,420,1000
11/07/2000,KS,Wilson,Bush,republican,580,1000
11/07/2000,VA,Henrico,Gore,democrat,580,1000
11/07/2000,VA,Henrico,Bush,republican,420,1000
11/07/2000,RI,Kent,Gore,democrat,580,1000
11/07/2000,RI,Kent,Bush,republican,420,1000
11/07/2000,PA,Columbia,Gore,democrat,470,1000
11/07/2000,PA,Columbia,Bush,republican,530,1000
11/07/2000,TN,Lewis,Gore,democrat,420,1000
11/07/2000,TN,Lewis,Bush,republican,580,1000
11/07/2000,MN,Lincoln,Gore,democrat,420,1000
11/07/2000,MN,Lincoln,Bush,republican,580,1000
11/07/2000,TN,Madison,Gore,democrat,420,1000
11/07/2000,TN,Madison,Bush,republican,580,1000
11/07/2000,MO,Ralls,Gore,democrat,420,1000
11/07/2000,MO,Ralls,Bush,republican,580,1000
11/07/2000,NC,Anson,Gore,democrat,530,1000
11/07/2000,NC,Anson,Bush,republican,470,1000
11/07/2000,KY,Daviess,Gore,democrat,470,1000
11/07/2000,KY,Daviess,Bush,republican,530,1000
11/07/2000,UT,Washington,Gore,democrat,420,1000
11/07/2000,UT,Washington,Bush,republican,580,1000
11/07/2000,IA,Appanoose,Gore,democrat,470,1000
11/07/2000,IA,Appanoose,Bush,republican,530,1000
11/07/2000,VA,Pittsylvania,Gore,democrat,420,1000
11/07/2000,VA,Pittsylvania,Bush,republican,580,1000
11/07/2000,PA,Lackawanna,Gore,democrat,580,1000
11/07/2000,PA,Lackawanna,Bush,republican,420,1000
11/07/2000,PA,Lancaster,Gore,democrat,503,1000
11/07/2000,PA,Lancaster,Bush,republican,497,1000
11/07/2000,MO,Jefferson,Gore,democrat,510,1000
11/07/2000,MO,Jefferson,Bush,republican,490,1000
11/07/2000,MO,Washington,Gore,democrat,420,1000
11/07/2000,MO,Washington,Bush,republican,580,1000
11/07/2000,PA,Lehigh,Gore,democrat,580,1000
11/07/2000,PA,Lehigh,Bush,republican,420,1000
11/07/2000,KY,Letcher,Gore,democrat,420,1000
11/07/2000,KY,Letcher,Bush,republican,580,1000
11/07/2000,MI,Jackson,Gore,democrat,470,1000
11/07/2000,MI,Jackson,Bush,republican,530,1000
11/07/2000,KY,Lyon,Gore,democrat,420,1000
11/07/2000,KY,Lyon,Bush,republican,580,1000
11/07/2000,MN,Chippewa,Gore,democrat,420,1000
11/07/2000,MN,Chippewa,Bush,republican,580,1000
11/07/2000,KY,McCracken,Gore,democrat,420,1000
11/07/2000,KY,McCracken,Bush,republican,580,1000
11/07/2000,UT,Davis,Gore,democrat,420,1000
11/07/2000,UT,Davis,Bush,republican,580,1000
11/07/2000,VA,Albemarle,Gore,democrat,580,1000
11/07/2000,VA,Albemarle,Bush,republican,420,1000
11/07/2000,MT,Gallatin,Gore,democrat,580,1000
11/07/2000,MT,Gallatin,Bush,republican,420,1000
11/07/2000,WI,Marinette,Gore,democrat,420,1000
11/07/2000,WI,Marinette,Bush,republican,580,1000
11/07/2000,MT,Big_Horn,Gore,democrat,580,1000
11/07/2000,MT,Big_Horn,Bush,republican,420,1000
11/07/2000,CA,Amador,Gore,democrat,470,1000
11/07/2000,CA,Amador,Bush,republican,530,1000
11/07/2000,TX,Cherokee,Gore,democrat,420,1000
11/07/2000,TX,Cherokee,Bush,republican,580,1000
11/07/2000,MO,McDonald,Gore,democrat,420,1000
11/07/2000,MO,McDonald,Bush,republican,580,1000
11/07/2000,PA,Mifflin,Gore,democrat,420,1000
11/07/2000,PA,Mifflin,Bush,republican,580,1000
11/07/2000,LA,Washington,Gore,democrat,420,1000
11/07/2000,LA,Washington,Bush,republican,580,1000
11/07/2000,ND,Williams,Gore,democrat,420,1000
11/07/2000,ND,Williams,Bush,republican,580,1000
11/07/2000,NC,Cumberland,Gore,democrat,580,1000
11/07/2000,NC,Cumberland,Bush,republican,420,1000
11/07/2000,KY,Marshall,Gore,democrat,420,1000
11/07/2000,KY,Marshall,Bush,republican,580,1000
11/07/2000,MI,Kent,Gore,democrat,580,1000
11/07/2000,MI,Kent,Bush,republican,420,1000
11/07/2000,MI,Keweenaw,Gore,democrat,530,1000
11/07/2000,MI,Keweenaw,Bush,republican,470,1000
11/07/2000,MN,Houston,Gore,democrat,470,1000
11/07/2000,MN,Houston,Bush,republican,530,1000
11/07/2000,SC,Horry,Gore,democrat,420,1000
11/07/2000,SC,Horry,Bush,republican,580,1000
11/07/2000,MT,Jefferson,Gore,democrat,420,1000
11/07/2000,MT,Jefferson,Bush,republican,580,1000
11/07/2000,TN,Sevier,Gore,democrat,420,1000
11/07/2000,TN,Sevier,Bush,republican,580,1000
11/07/2000,LA,Bossier,Gore,democrat,420,1000
11/07/2000,LA,Bossier,Bush,republican,580,1000
11/07/2000,NM,Catron,Gore,democrat,420,1000
11/07/2000,NM,Catron,Bush,republican,580,1000
11/07/2000,KY,Fulton,Gore,democrat,420,1000
11/07/2000,KY,Fulton,Bush,republican,580,1000
11/07/2000,NM,San_Juan,Gore,democrat,470,1000
11/07/2000,NM,San_Juan,Bush,republican,530,1000
11/07/2000,MD,Caroline,Gore,democrat,420,1000
11/07/2000,MD,Caroline,Bush,republican,580,1000
11/07/2000,MO,Marion,Gore,democrat,420,1000
11/07/2000,MO,Marion,Bush,republican,580,1000
11/07/2000,TN,McMinn,Gore,democrat,420,1000
11/07/2000,TN,McMinn,Bush,republican,580,1000
11/07/2000,VA,Prince_George,Gore,democrat,470,1000
11/07/2000,VA,Prince_George,Bush,republican,530,1000
11/07/2000,LA,Lafayette,Gore,democrat,420,1000
11/07/2000,LA,Lafayette,Bush,republican,580,1000
11/07/2000,PA,Northampton,Gore,democrat,530,1000
11/07/2000,PA,Northampton,Bush,republican,470,1000
11/07/2000,UT,Salt_Lake,Gore,democrat,580,1000
11/07/2000,UT,Salt_Lake,Bush,republican,420,1000
11/07/2000,MI,Mason,Gore,democrat,420,1000
11/07/2000,MI,Mason,Bush,republican,580,1000
11/07/2000,WV,Roane,Gore,democrat,420,1000
11/07/2000,WV,Roane,Bush,republican,580,1000
11/07/2000,WV,Summers,Gore,democrat,420,1000
11/07/2000,WV,Summers,Bush,republican,580,1000
11/07/2000,NC,Wilkes,Gore,democrat,420,1000
11/07/2000,NC,Wilkes,Bush,republican,580,1000
11/07/2000,WI,Dodge,Gore,democrat,420,1000
11/07/2000,WI,Dodge,Bush,republican,580,1000
11/07/2000,TX,Tarrant,Gore,democrat,530,1000
11/07/2000,TX,Tarrant,Bush,republican,470,1000
11/07/2000,MT,Meagher,Gore,democrat,420,1000
11/07/2000,MT,Meagher,Bush,republican,580,1000
11/07/2000,AR,Miller,Gore,democrat,470,1000
11/07/2000,AR,Miller,Bush,republican,530,1000
11/07/2000,TN,Washington,Gore,democrat,420,1000
11/07/2000,TN,Washington,Bush,republican,580,1000
11/07/2000,ID,Payette,Gore,democrat,420,1000
11/07/2000,ID,Payette,Bush,republican,580,1000
11/07/2000,IL,Macon,Gore,democrat,470,1000
11/07/2000,IL,Macon,Bush,republican,530,1000
11/07/2000,LA,Red_River,Gore,democrat,420,1000
11/07/2000,LA,Red_River,Bush,republican,580,1000
11/07/2000,NC,Edgecombe,Gore,democrat,580,1000
11/07/2000,NC,Edgecombe,Bush,republican,420,1000
11/07/2000,MD,Cecil,Gore,democrat,420,1000
11/07/2000,MD,Cecil,Bush,republican,580,1000
11/07/2000,IL,Madison,Gore,democrat,530,1000
11/07/2000,IL,Madison,Bush,republican,470,1000
11/07/2000,LA,Union,Gore,democrat,420,1000
11/07/2000,LA,Union,Bush,republican,580,1000
11/07/2000,NC,Yancey,Gore,democrat,420,1000
11/07/2000,NC,Yancey,Bush,republican,580,1000
11/07/2000,NY,Bronx,Gore,democrat,580,1000
11/07/2000,NY,Bronx,Bush,republican,420,1000
11/07/2000,ME,Washington,Gore,democrat,530,1000
11/07/2000,ME,Washington,Bush,republican,470,1000
11/07/2000,TX,Briscoe,Gore,democrat,420,1000
11/07/2000,TX,Briscoe,Bush,republican,580,1000
11/07/2000,WI,Green_Lake,Gore,democrat,420,1000
11/07/2000,WI,Green_Lake,Bush,republican,580,1000
11/07/2000,MN,Dodge,Gore,democrat,470,1000
11/07/2000,MN,Dodge,Bush,republican,530,1000
11/07/2000,MI,Muskegon,Gore,democrat,530,1000
11/07/2000,MI,Muskegon,Bush,republican,470,1000
11/07/2000,KY,Owsley,Gore,democrat,420,1000
11/07/2000,KY,Owsley,Bush,republican,580,1000
11/07/2000,MI,Oceana,Gore,democrat,420,1000
11/07/2000,MI,Oceana,Bush,republican,580,1000
11/07/2000,NC,Moore,Gore,democrat,420,1000
11/07/2000,NC,Moore,Bush,republican,580,1000
11/07/2000,TN,Sumner,Gore,democrat,420,1000
11/07/2000,TN,Sumner,Bush,republican,580,1000
11/07/2000,KY,Todd,Gore,democrat,420,1000
11/07/2000,KY,Todd,Bush,republican,580,1000
11/07/2000,KY,Trigg,Gore,democrat,420,1000
11/07/2000,KY,Trigg,Bush,republican,580,1000
11/07/2000,TN,Wayne,Gore,democrat,420,1000
11/07/2000,TN,Wayne,Bush,republican,580,1000
11/07/2000,TN,Weakley,Gore,democrat,420,1000
11/07/2000,TN,Weakley,Bush,republican,580,1000
11/07/2000,TX,Brooks,Gore,democrat,420,1000
11/07/2000,TX,Brooks,Bush,republican,580,1000
11/07/2000,TN,Williamson,Gore,democrat,470,1000
11/07/2000,TN,Williamson,Bush,republican,530,1000
11/07/2000,WY,Johnson,Gore,democrat,420,1000
11/07/2000,WY,Johnson,Bush,republican,580,1000
11/07/2000,WI,Polk,Gore,democrat,420,1000
11/07/2000,WI,Polk,Bush,republican,580,1000
11/07/2000,TN,Meigs,Gore,democrat,420,1000
11/07/2000,TN,Meigs,Bush,republican,580,1000
11/07/2000,IL,Massac,Gore,democrat,420,1000
11/07/2000,IL,Massac,Bush,republican,580,1000
11/07/2000,MD,Dorchester,Gore,democrat,530,1000
11/07/2000,MD,Dorchester,Bush,republican,470,1000
11/07/2000,CA,Santa_Clara,Gore,democrat,580,1000
11/07/2000,CA,Santa_Clara,Bush,republican,420,1000
11/07/2000,NY,Clinton,Gore,democrat,530,1000
11/07/2000,NY,Clinton,Bush,republican,470,1000
11/07/2000,PA,Dauphin,Gore,democrat,530,1000
11/07/2000,PA,Dauphin,Bush,republican,470,1000
11/07/2000,MT,Granite,Gore,democrat,470,1000
11/07/2000,MT,Granite,Bush,republican,530,1000
11/07/2000,MI,Van_Buren,Gore,democrat,530,1000
11/07/2000,MI,Van_Buren,Bush,republican,470,1000
11/07/2000,IL,Edgar,Gore,democrat,420,1000
11/07/2000,IL,Edgar,Bush,republican,580,1000
11/07/2000,IL,Hancock,Gore,democrat,470,1000
11/07/2000,IL,Hancock,Bush,republican,530,1000
11/07/2000,MN,Big_Stone,Gore,democrat,490,1000
11/07/2000,MN,Big_Stone,Bush,republican,510,1000
11/07/2000,CA,Calaveras,Gore,democrat,470,1000
11/07/2000,CA,Calaveras,Bush,republican,530,1000
11/07/2000,SC,Orangeburg,Gore,democrat,580,1000
11/07/2000,SC,Orangeburg,Bush,republican,420,1000
11/07/2000,WY,Teton,Gore,democrat,420,1000
11/07/2000,WY,Teton,Bush,republican,580,1000
11/07/2000,SC,Pickens,Gore,democrat,470,1000
11/07/2000,SC,Pickens,Bush,republican,530,1000
11/07/2000,NC,Pitt,Gore,democrat,530,1000
11/07/2000,NC,Pitt,Bush,republican,470,1000
11/07/2000,TN,Overton,Gore,democrat,420,1000
11/07/2000,TN,Overton,Bush,republican,580,1000
11/07/2000,MD,Talbot,Gore,democrat,470,1000
11/07/2000,MD,Talbot,Bush,republican,530,1000
11/07/2000,TN,Polk,Gore,democrat,420,1000
11/07/2000,TN,Polk,Bush,republican,580,1000
11/07/2000,NC,Rowan,Gore,democrat,420,1000
11/07/2000,NC,Rowan,Bush,republican,580,1000
11/07/2000,KY,Anderson,Gore,democrat,420,1000
11/07/2000,KY,Anderson,Bush,republican,580,1000
11/07/2000,NM,Dona_Ana,Gore,democrat,580,1000
11/07/2000,NM,Dona_Ana,Bush,republican,420,1000
11/07/2000,NJ,Mercer,Gore,democrat,580,1000
11/07/2000,NJ,Mercer,Bush,republican,420,1000
11/07/2000,ND,McIntosh,Gore,democrat,420,1000
11/07/2000,ND,McIntosh,Bush,republican,580,1000
11/07/2000,NM,Grant,Gore,democrat,580,1000
11/07/2000,NM,Grant,Bush,republican,420,1000
11/07/2000,KY,Bell,Gore,democrat,420,1000
11/07/2000,KY,Bell,Bush,republican,580,1000
11/07/2000,NC,Davidson,Gore,democrat,420,1000
11/07/2000,NC,Davidson,Bush,republican,580,1000
11/07/2000,ME,Cumberland,Gore,democrat,580,1000
11/07/2000,ME,Cumberland,Bush,republican,420,1000
11/07/2000,MN,Brown,Gore,democrat,470,1000
11/07/2000,MN,Brown,Bush,republican,530,1000
11/07/2000,SC,Richland,Gore,democrat,580,1000
11/07/2000,SC,Richland,Bush,republican,420,1000
11/07/2000,VA,Fluvanna,Gore,democrat,510,1000
11/07/2000,VA,Fluvanna,Bush,republican,490,1000
11/07/2000,SC,Union,Gore,democrat,420,1000
11/07/2000,SC,Union,Bush,republican,580,1000
11/07/2000,WY,Sheridan,Gore,democrat,420,1000
11/07/2000,WY,Sheridan,Bush,republican,580,1000
11/07/2000,VA,Henry,Gore,democrat,420,1000
11/07/2000,VA,Henry,Bush,republican,580,1000
11/07/2000,KY,Boone,Gore,democrat,470,1000
11/07/2000,KY,Boone,Bush,republican,530,1000
11/07/2000,MS,Lee,Gore,democrat,420,1000
11/07/2000,MS,Lee,Bush,republican,580,1000
11/07/2000,IN,Wayne,Gore,democrat,420,1000
11/07/2000,IN,Wayne,Bush,republican,580,1000
11/07/2000,IL,Lawrence,Gore,democrat,420,1000
11/07/2000,IL,Lawrence,Bush,republican,580,1000
11/07/2000,LA,Vernon,Gore,democrat,420,1000
11/07/2000,LA,Vernon,Bush,republican,580,1000
11/07/2000,NE,Lincoln,Gore,democrat,420,1000
11/07/2000,NE,Lincoln,Bush,republican,580,1000
11/07/2000,MI,Charlevoix,Gore,democrat,470,1000
11/07/2000,MI,Charlevoix,Bush,republican,530,1000
11/07/2000,WI,Lafayette,Gore,democrat,510,1000
11/07/2000,WI,Lafayette,Bush,republican,490,1000
11/07/2000,NY,Kings,Gore,democrat,580,1000
11/07/2000,NY,Kings,Bush,republican,420,1000
11/07/2000,VA,Scott,Gore,democrat,420,1000
11/07/2000,VA,Scott,Bush,republican,580,1000
11/07/2000,OH,Henry,Gore,democrat,470,1000
11/07/2000,OH,Henry,Bush,republican,530,1000
11/07/2000,KY,Boyd,Gore,democrat,470,1000
11/07/2000,KY,Boyd,Bush,republican,530,1000
11/07/2000,OK,Garfield,Gore,democrat,420,1000
11/07/2000,OK,Garfield,Bush,republican,580,1000
11/07/2000,OK,Kingfisher,Gore,democrat,420,1000
11/07/2000,OK,Kingfisher,Bush,republican,580,1000
11/07/2000,OK,Noble,Gore,democrat,420,1000
11/07/2000,OK,Noble,Bush,republican,580,1000
11/07/2000,KY,Breckinridge,Gore,democrat,420,1000
11/07/2000,KY,Breckinridge,Bush,republican,580,1000
11/07/2000,OR,Morrow,Gore,democrat,470,1000
11/07/2000,OR,Morrow,Bush,republican,530,1000
11/07/2000,PA,Blair,Gore,democrat,420,1000
11/07/2000,PA,Blair,Bush,republican,580,1000
11/07/2000,WA,Asotin,Gore,democrat,490,1000
11/07/2000,WA,Asotin,Bush,republican,510,1000
11/07/2000,OR,Washington,Gore,democrat,580,1000
11/07/2000,OR,Washington,Bush,republican,420,1000
11/07/2000,WI,Waukesha,Gore,democrat,530,1000
11/07/2000,WI,Waukesha,Bush,republican,470,1000
11/07/2000,SC,Williamsburg,Gore,democrat,580,1000
11/07/2000,SC,Williamsburg,Bush,republican,420,1000
11/07/2000,MO,Butler,Gore,democrat,420,1000
11/07/2000,MO,Butler,Bush,republican,580,1000
11/07/2000,ID,Bonner,Gore,democrat,420,1000
11/07/2000,ID,Bonner,Bush,republican,580,1000
11/07/2000,IL,Alexander,Gore,democrat,530,1000
11/07/2000,IL,Alexander,Bush,republican,470,1000
11/07/2000,IN,Gibson,Gore,democrat,420,1000
11/07/2000,IN,Gibson,Bush,republican,580,1000
11/07/2000,OK,Texas,Gore,democrat,420,1000
11/07/2000,OK,Texas,Bush,republican,580,1000
11/07/2000,MO,New_Madrid,Gore,democrat,470,1000
11/07/2000,MO,New_Madrid,Bush,republican,530,1000
11/07/2000,NC,Buncombe,Gore,democrat,580,1000
11/07/2000,NC,Buncombe,Bush,republican,420,1000
11/07/2000,TX,Fannin,Gore,democrat,420,1000
11/07/2000,TX,Fannin,Bush,republican,580,1000
11/07/2000,SD,Lincoln,Gore,democrat,470,1000
11/07/2000,SD,Lincoln,Bush,republican,530,1000
11/07/2000,TN,Obion,Gore,democrat,420,1000
11/07/2000,TN,Obion,Bush,republican,580,1000
11/07/2000,KY,Ballard,Gore,democrat,420,1000
11/07/2000,KY,Ballard,Bush,republican,580,1000
11/07/2000,TX,Burnet,Gore,democrat,420,1000
11/07/2000,TX,Burnet,Bush,republican,580,1000
11/07/2000,OR,Lane,Gore,democrat,580,1000
11/07/2000,OR,Lane,Bush,republican,420,1000
11/07/2000,MA,Hampden,Gore,democrat,580,1000
11/07/2000,MA,Hampden,Bush,republican,420,1000
11/07/2000,MO,Carroll,Gore,democrat,420,1000
11/07/2000,MO,Carroll,Bush,republican,580,1000
11/07/2000,VA,Mecklenburg,Gore,democrat,470,1000
11/07/2000,VA,Mecklenburg,Bush,republican,530,1000
11/07/2000,WI,Kewaunee,Gore,democrat,470,1000
11/07/2000,WI,Kewaunee,Bush,republican,530,1000
11/07/2000,TN,Coffee,Gore,democrat,420,1000
11/07/2000,TN,Coffee,Bush,republican,580,1000
11/07/2000,IA,Jasper,Gore,democrat,490,1000
11/07/2000,IA,Jasper,Bush,republican,510,1000
11/07/2000,ID,Camas,Gore,democrat,420,1000
11/07/2000,ID,Camas,Bush,republican,580,1000
11/07/2000,WI,Winnebago,Gore,democrat,530,1000
11/07/2000,WI,Winnebago,Bush,republican,470,1000
11/07/2000,IN,Warren,Gore,democrat,420,1000
11/07/2000,IN,Warren,Bush,republican,580,1000
11/07/2000,LA,Beauregard,Gore,democrat,420,1000
11/07/2000,LA,Beauregard,Bush,republican,580,1000
11/07/2000,MD,St_Mary_s,Gore,democrat,420,1000
11/07/2000,MD,St_Mary_s,Bush,republican,580,1000
11/07/2000,MS,Prentiss,Gore,democrat,420,1000
11/07/2000,MS,Prentiss,Bush,republican,580,1000
11/07/2000,MS,Tallahatchie,Gore,democrat,530,1000
11/07/2000,MS,Tallahatchie,Bush,republican,470,1000
11/07/2000,NJ,Burlington,Gore,democrat,580,1000
11/07/2000,NJ,Burlington,Bush,republican,420,1000
11/07/2000,MT,Phillips,Gore,democrat,470,1000
11/07/2000,MT,Phillips,Bush,republican,530,1000
11/07/2000,VT,Addison,Gore,democrat,580,1000
11/07/2000,VT,Addison,Bush,republican,420,1000
11/07/2000,VT,Bennington,Gore,democrat,580,1000
11/07/2000,VT,Bennington,Bush,republican,420,1000
11/07/2000,VA,Norfolk,Gore,democrat,580,1000
11/07/2000,VA,Norfolk,Bush,republican,420,1000
11/07/2000,NC,Northampton,Gore,democrat,580,1000
11/07/2000,NC,Northampton,Bush,republican,420,1000
11/07/2000,OR,Tillamook,Gore,democrat,530,1000
11/07/2000,OR,Tillamook,Bush,republican,470,1000
11/07/2000,MT,Custer,Gore,democrat,420,1000
11/07/2000,MT,Custer,Bush,republican,580,1000
11/07/2000,MT,Silver_Bow,Gore,democrat,580,1000
11/07/2000,MT,Silver_Bow,Bush,republican,420,1000
11/07/2000,IL,Cass,Gore,democrat,420,1000
11/07/2000,IL,Cass,Bush,republican,580,1000
11/07/2000,IA,Calhoun,Gore,democrat,470,1000
11/07/2000,IA,Calhoun,Bush,republican,530,1000
11/07/2000,KS,Barton,Gore,democrat,420,1000
11/07/2000,KS,Barton,Bush,republican,580,1000
11/07/2000,KS,Wabaunsee,Gore,democrat,420,1000
11/07/2000,KS,Wabaunsee,Bush,republican,580,1000
11/07/2000,LA,Acadia,Gore,democrat,420,1000
11/07/2000,LA,Acadia,Bush,republican,580,1000
11/07/2000,MI,Ingham,Gore,democrat,580,1000
11/07/2000,MI,Ingham,Bush,republican,420,1000
11/07/2000,GA,Monroe,Gore,democrat,420,1000
11/07/2000,GA,Monroe,Bush,republican,580,1000
11/07/2000,NY,Orleans,Gore,democrat,420,1000
11/07/2000,NY,Orleans,Bush,republican,580,1000
11/07/2000,NC,Stanly,Gore,democrat,420,1000
11/07/2000,NC,Stanly,Bush,republican,580,1000
11/07/2000,NY,Allegany,Gore,democrat,420,1000
11/07/2000,NY,Allegany,Bush,republican,580,1000
11/07/2000,IL,Vermilion,Gore,democrat,420,1000
11/07/2000,IL,Vermilion,Bush,republican,580,1000
11/07/2000,IL,Jackson,Gore,democrat,530,1000
11/07/2000,IL,Jackson,Bush,republican,470,1000
11/07/2000,KY,Meade,Gore,democrat,420,1000
11/07/2000,KY,Meade,Bush,republican,580,1000
11/07/2000,KY,Oldham,Gore,democrat,420,1000
11/07/2000,KY,Oldham,Bush,republican,580,1000
11/07/2000,WA,Pacific,Gore,democrat,530,1000
11/07/2000,WA,Pacific,Bush,republican,470,1000
11/07/2000,WI,Grant,Gore,democrat,530,1000
11/07/2000,WI,Grant,Bush,republican,470,1000
11/07/2000,AR,Conway,Gore,democrat,420,1000
11/07/2000,AR,Conway,Bush,republican,580,1000
11/07/2000,IL,Jersey,Gore,democrat,420,1000
11/07/2000,IL,Jersey,Bush,republican,580,1000
11/07/2000,UT,Kane,Gore,democrat,420,1000
11/07/2000,UT,Kane,Bush,republican,580,1000
11/07/2000,VA,Wise,Gore,democrat,420,1000
11/07/2000,VA,Wise,Bush,republican,580,1000
11/07/2000,NM,Colfax,Gore,democrat,530,1000
11/07/2000,NM,Colfax,Bush,republican,470,1000
11/07/2000,NC,Catawba,Gore,democrat,420,1000
11/07/2000,NC,Catawba,Bush,republican,580,1000
11/07/2000,OH,Clark,Gore,democrat,470,1000
11/07/2000,OH,Clark,Bush,republican,530,1000
11/07/2000,NE,Custer,Gore,democrat,420,1000
11/07/2000,NE,Custer,Bush,republican,580,1000
11/07/2000,PA,Luzerne,Gore,democrat,510,1000
11/07/2000,PA,Luzerne,Bush,republican,490,1000
11/07/2000,PA,Juniata,Gore,democrat,420,1000
11/07/2000,PA,Juniata,Bush,republican,580,1000
11/07/2000,PA,Schuylkill,Gore,democrat,470,1000
11/07/2000,PA,Schuylkill,Bush,republican,530,1000
11/07/2000,TN,Roane,Gore,democrat,420,1000
11/07/2000,TN,Roane,Bush,republican,580,1000
11/07/2000,KY,Rockcastle,Gore,democrat,420,1000
11/07/2000,KY,Rockcastle,Bush,republican,580,1000
11/07/2000,MD,Calvert,Gore,democrat,470,1000
11/07/2000,MD,Calvert,Bush,republican,530,1000
11/07/2000,MD,Carroll,Gore,democrat,420,1000
11/07/2000,MD,Carroll,Bush,republican,580,1000
11/07/2000,MA,Worcester,Gore,democrat,580,1000
11/07/2000,MA,Worcester,Bush,republican,420,1000
11/07/2000,KY,Pike,Gore,democrat,420,1000
11/07/2000,KY,Pike,Bush,republican,580,1000
11/07/2000,LA,DeSoto,Gore,democrat,420,1000
11/07/2000,LA,DeSoto,Bush,republican,580,1000
11/07/2000,MD,Worcester,Gore,democrat,420,1000
11/07/2000,MD,Worcester,Bush,republican,580,1000
11/07/2000,MI,Antrim,Gore,democrat,420,1000
11/07/2000,MI,Antrim,Bush,republican,580,1000
11/07/2000,WV,Berkeley,Gore,democrat,470,1000
11/07/2000,WV,Berkeley,Bush,republican,530,1000
11/07/2000,AR,Hot_Spring,Gore,democrat,420,1000
11/07/2000,AR,Hot_Spring,Bush,republican,580,1000
11/07/2000,GA,Paulding,Gore,democrat,490,1000
11/07/2000,GA,Paulding,Bush,republican,510,1000
11/07/2000,IL,Champaign,Gore,democrat,580,1000
11/07/2000,IL,Champaign,Bush,republican,420,1000
11/07/2000,IL,Woodford,Gore,democrat,420,1000
11/07/2000,IL,Woodford,Bush,republican,580,1000
11/07/2000,IL,Macoupin,Gore,democrat,420,1000
11/07/2000,IL,Macoupin,Bush,republican,580,1000
11/07/2000,IL,Perry,Gore,democrat,420,1000
11/07/2000,IL,Perry,Bush,republican,580,1000
11/07/2000,IA,Hancock,Gore,democrat,530,1000
11/07/2000,IA,Hancock,Bush,republican,470,1000
11/07/2000,TN,Sequatchie,Gore,democrat,420,1000
11/07/2000,TN,Sequatchie,Bush,republican,580,1000
11/07/2000,TX,Liberty,Gore,democrat,420,1000
11/07/2000,TX,Liberty,Bush,republican,580,1000
11/07/2000,TX,Duval,Gore,democrat,470,1000
11/07/2000,TX,Duval,Bush,republican,530,1000
11/07/2000,TX,Garza,Gore,democrat,420,1000
11/07/2000,TX,Garza,Bush,republican,580,1000
11/07/2000,TX,Bee,Gore,democrat,420,1000
11/07/2000,TX,Bee,Bush,republican,580,1000
11/07/2000,UT,Weber,Gore,democrat,420,1000
11/07/2000,UT,Weber,Bush,republican,580,1000
11/07/2000,VA,Prince_Edward,Gore,democrat,530,1000
11/07/2000,VA,Prince_Edward,Bush,republican,470,1000
11/07/2000,WI,Outagamie,Gore,democrat,530,1000
11/07/2000,WI,Outagamie,Bush,republican,470,1000
11/07/2000,WI,Portage,Gore,democrat,530,1000
11/07/2000,WI,Portage,Bush,republican,470,1000
11/07/2000,MN,Wilkin,Gore,democrat,420,1000
11/07/2000,MN,Wilkin,Bush,republican,580,1000
11/07/2000,MS,Simpson,Gore,democrat,420,1000
11/07/2000,MS,Simpson,Bush,republican,580,1000
11/07/2000,MS,Attala,Gore,democrat,420,1000
11/07/2000,MS,Attala,Bush,republican,580,1000
11/07/2000,MS,Leake,Gore,democrat,420,1000
11/07/2000,MS,Leake,Bush,republican,580,1000
11/07/2000,MS,Monroe,Gore,democrat,420,1000
11/07/2000,MS,Monroe,Bush,republican,580,1000
11/07/2000,MS,Copiah,Gore,democrat,420,1000
11/07/2000,MS,Copiah,Bush,republican,580,1000
11/07/2000,MN,Cass,Gore,democrat,420,1000
11/07/2000,MN,Cass,Bush,republican,580,1000
11/07/2000,NE,Cass,Gore,democrat,420,1000
11/07/2000,NE,Cass,Bush,republican,580,1000
11/07/2000,MN,Carver,Gore,democrat,530,1000
11/07/2000,MN,Carver,Bush,republican,470,1000
11/07/2000,NC,Union,Gore,democrat,470,1000
11/07/2000,NC,Union,Bush,republican,530,1000
11/07/2000,KY,Grayson,Gore,democrat,420,1000
11/07/2000,KY,Grayson,Bush,republican,580,1000
11/07/2000,KY,Fayette,Gore,democrat,580,1000
11/07/2000,KY,Fayette,Bush,republican,420,1000
11/07/2000,MI,Lapeer,Gore,democrat,420,1000
11/07/2000,MI,Lapeer,Bush,republican,580,1000
11/07/2000,MO,Audrain,Gore,democrat,420,1000
11/07/2000,MO,Audrain,Bush,republican,580,1000
11/07/2000,GA,Greene,Gore,democrat,420,1000
11/07/2000,GA,Greene,Bush,republican,580,1000
11/07/2000,NY,Seneca,Gore,democrat,490,1000
11/07/2000,NY,Seneca,Bush,republican,510,1000
11/07/2000,NC,Wake,Gore,democrat,580,1000
11/07/2000,NC,Wake,Bush,republican,420,1000
11/07/2000,OH,Coshocton,Gore,democrat,420,1000
11/07/2000,OH,Coshocton,Bush,republican,580,1000
11/07/2000,CA,San_Benito,Gore,democrat,580,1000
11/07/2000,CA,San_Benito,Bush,republican,420,1000
11/07/2000,FL,Marion,Gore,democrat,490,1000
11/07/2000,FL,Marion,Bush,republican,510,1000
11/07/2000,GA,Gilmer,Gore,democrat,420,1000
11/07/2000,GA,Gilmer,Bush,republican,580,1000
11/07/2000,ID,Lewis,Gore,democrat,420,1000
11/07/2000,ID,Lewis,Bush,republican,580,1000
11/07/2000,IL,Lee,Gore,democrat,470,1000
11/07/2000,IL,Lee,Bush,republican,530,1000
11/07/2000,IL,Clark,Gore,democrat,420,1000
11/07/2000,IL,Clark,Bush,republican,580,1000
11/07/2000,NJ,Camden,Gore,democrat,580,1000
11/07/2000,NJ,Camden,Bush,republican,420,1000
11/07/2000,NC,Haywood,Gore,democrat,470,1000
11/07/2000,NC,Haywood,Bush,republican,530,1000
11/07/2000,PA,Philadelphia,Gore,democrat,580,1000
11/07/2000,PA,Philadelphia,Bush,republican,420,1000
11/07/2000,NV,Lander,Gore,democrat,420,1000
11/07/2000,NV,Lander,Bush,republican,580,1000
11/07/2000,OK,Choctaw,Gore,democrat,420,1000
11/07/2000,OK,Choctaw,Bush,republican,580,1000
11/07/2000,PA,Tioga,Gore,democrat,420,1000
11/07/2000,PA,Tioga,Bush,republican,580,1000
11/07/2000,NM,Cibola,Gore,democrat,530,1000
11/07/2000,NM,Cibola,Bush,republican,470,1000
11/07/2000,VA,Poquoson,Gore,democrat,470,1000
11/07/2000,VA,Poquoson,Bush,republican,530,1000
11/07/2000,OK,Payne,Gore,democrat,420,1000
11/07/2000,OK,Payne,Bush,republican,580,1000
11/07/2000,PA,Cumberland,Gore,democrat,530,1000
11/07/2000,PA,Cumberland,Bush,republican,470,1000
11/07/2000,PA,Cambria,Gore,democrat,420,1000
11/07/2000,PA,Cambria,Bush,republican,580,1000
11/07/2000,TN,Carroll,Gore,democrat,420,1000
11/07/2000,TN,Carroll,Bush,republican,580,1000
11/07/2000,TX,Bastrop,Gore,democrat,510,1000
11/07/2000,TX,Bastrop,Bush,republican,490,1000
11/07/2000,TX,Mitchell,Gore,democrat,420,1000
11/07/2000,TX,Mitchell,Bush,republican,580,1000
11/07/2000,TX,Anderson,Gore,democrat,420,1000
11/07/2000,TX,Anderson,Bush,republican,580,1000
11/07/2000,VA,Manassas,Gore,democrat,580,1000
11/07/2000,VA,Manassas,Bush,republican,420,1000
11/07/2000,IN,Pike,Gore,democrat,420,1000
11/07/2000,IN,Pike,Bush,republican,580,1000
11/07/2000,CO,Gilpin,Gore,democrat,580,1000
11/07/2000,CO,Gilpin,Bush,republican,420,1000
11/07/2000,KY,Taylor,Gore,democrat,420,1000
11/07/2000,KY,Taylor,Bush,republican,580,1000
11/07/2000,KY,Hart,Gore,democrat,420,1000
11/07/2000,KY,Hart,Bush,republican,580,1000
11/07/2000,LA,Evangeline,Gore,democrat,420,1000
11/07/2000,LA,Evangeline,Bush,republican,580,1000
11/07/2000,LA,Jefferson_Davis,Gore,democrat,420,1000
11/07/2000,LA,Jefferson_Davis,Bush,republican,580,1000
11/07/2000,GA,Putnam,Gore,democrat,420,1000
11/07/2000,GA,Putnam,Bush,republican,580,1000
11/07/2000,GA,Banks,Gore,democrat,420,1000
11/07/2000,GA,Banks,Bush,republican,580,1000
11/07/2000,MT,Yellowstone,Gore,democrat,470,1000
11/07/2000,MT,Yellowstone,Bush,republican,530,1000
11/07/2000,MO,Dunklin,Gore,democrat,420,1000
11/07/2000,MO,Dunklin,Bush,republican,580,1000
11/07/2000,TX,Bowie,Gore,democrat,420,1000
11/07/2000,TX,Bowie,Bush,republican,580,1000
11/07/2000,VA,Bristol,Gore,democrat,420,1000
11/07/2000,VA,Bristol,Bush,republican,580,1000
11/07/2000,WV,Brooke,Gore,democrat,470,1000
11/07/2000,WV,Brooke,Bush,republican,530,1000
11/07/2000,CA,Kern,Gore,democrat,470,1000
11/07/2000,CA,Kern,Bush,republican,530,1000
11/07/2000,CO,Clear_Creek,Gore,democrat,580,1000
11/07/2000,CO,Clear_Creek,Bush,republican,420,1000
11/07/2000,GA,Jackson,Gore,democrat,420,1000
11/07/2000,GA,Jackson,Bush,republican,580,1000
11/07/2000,GA,Gordon,Gore,democrat,420,1000
11/07/2000,GA,Gordon,Bush,republican,580,1000
11/07/2000,IL,Logan,Gore,democrat,470,1000
11/07/2000,IL,Logan,Bush,republican,530,1000
11/07/2000,IN,Jennings,Gore,democrat,420,1000
11/07/2000,IN,Jennings,Bush,republican,580,1000
11/07/2000,VA,Shenandoah,Gore,democrat,420,1000
11/07/2000,VA,Shenandoah,Bush,republican,580,1000
11/07/2000,WI,Fond_du_Lac,Gore,democrat,470,1000
11/07/2000,WI,Fond_du_Lac,Bush,republican,530,1000
11/07/2000,GA,Treutlen,Gore,democrat,420,1000
11/07/2000,GA,Treutlen,Bush,republican,580,1000
11/07/2000,NC,Wilson,Gore,democrat,503,1000
11/07/2000,NC,Wilson,Bush,republican,497,1000
11/07/2000,OH,Butler,Gore,democrat,420,1000
11/07/2000,OH,Butler,Bush,republican,580,1000
11/07/2000,OH,Marion,Gore,democrat,420,1000
11/07/2000,OH,Marion,Bush,republican,580,1000
11/07/2000,NE,Nance,Gore,democrat,420,1000
11/07/2000,NE,Nance,Bush,republican,580,1000
11/07/2000,PA,Westmoreland,Gore,democrat,490,1000
11/07/2000,PA,Westmoreland,Bush,republican,510,1000
11/07/2000,AL,Etowah,Gore,democrat,420,1000
11/07/2000,AL,Etowah,Bush,republican,580,1000
11/07/2000,WY,Laramie,Gore,democrat,420,1000
11/07/2000,WY,Laramie,Bush,republican,580,1000
11/07/2000,AL,Blount,Gore,democrat,420,1000
11/07/2000,AL,Blount,Bush,republican,580,1000
11/07/2000,AR,Montgomery,Gore,democrat,420,1000
11/07/2000,AR,Montgomery,Bush,republican,580,1000
11/07/2000,CO,Lake,Gore,democrat,580,1000
11/07/2000,CO,Lake,Bush,republican,420,1000
11/07/2000,IL,Mercer,Gore,democrat,490,1000
11/07/2000,IL,Mercer,Bush,republican,510,1000
11/07/2000,IA,Palo_Alto,Gore,democrat,490,1000
11/07/2000,IA,Palo_Alto,Bush,republican,510,1000
11/07/2000,IA,Fayette,Gore,democrat,530,1000
11/07/2000,IA,Fayette,Bush,republican,470,1000
11/07/2000,IN,Johnson,Gore,democrat,420,1000
11/07/2000,IN,Johnson,Bush,republican,580,1000
11/07/2000,KY,Carter,Gore,democrat,420,1000
11/07/2000,KY,Carter,Bush,republican,580,1000
11/07/2000,KY,Casey,Gore,democrat,420,1000
11/07/2000,KY,Casey,Bush,republican,580,1000
11/07/2000,LA,East_Baton_Rouge,Gore,democrat,530,1000
11/07/2000,LA,East_Baton_Rouge,Bush,republican,470,1000
11/07/2000,MO,Madison,Gore,democrat,420,1000
11/07/2000,MO,Madison,Bush,republican,580,1000
11/07/2000,GA,Dooly,Gore,democrat,490,1000
11/07/2000,GA,Dooly,Bush,republican,510,1000
11/07/2000,MO,Gasconade,Gore,democrat,420,1000
11/07/2000,MO,Gasconade,Bush,republican,580,1000
11/07/2000,MO,Wayne,Gore,democrat,420,1000
11/07/2000,MO,Wayne,Bush,republican,580,1000
11/07/2000,SD,Jones,Gore,democrat,420,1000
11/07/2000,SD,Jones,Bush,republican,580,1000
11/07/2000,TX,Hudspeth,Gore,democrat,420,1000
11/07/2000,TX,Hudspeth,Bush,republican,580,1000
11/07/2000,TX,Edwards,Gore,democrat,420,1000
11/07/2000,TX,Edwards,Bush,republican,580,1000
11/07/2000,TX,Floyd,Gore,democrat,420,1000
11/07/2000,TX,Floyd,Bush,republican,580,1000
11/07/2000,TN,Maury,Gore,democrat,420,1000
11/07/2000,TN,Maury,Bush,republican,580,1000
11/07/2000,TN,Houston,Gore,democrat,420,1000
11/07/2000,TN,Houston,Bush,republican,580,1000
11/07/2000,TX,Parker,Gore,democrat,420,1000
11/07/2000,TX,Parker,Bush,republican,580,1000
11/07/2000,KY,Menifee,Gore,democrat,420,1000
11/07/2000,KY,Menifee,Bush,republican,580,1000
11/07/2000,TX,Jones,Gore,democrat,420,1000
11/07/2000,TX,Jones,Bush,republican,580,1000
11/07/2000,UT,Wayne,Gore,democrat,420,1000
11/07/2000,UT,Wayne,Bush,republican,580,1000
11/07/2000,IA,Keokuk,Gore,democrat,470,1000
11/07/2000,IA,Keokuk,Bush,republican,530,1000
11/07/2000,KY,Harrison,Gore,democrat,420,1000
11/07/2000,KY,Harrison,Bush,republican,580,1000
11/07/2000,KY,Woodford,Gore,democrat,530,1000
11/07/2000,KY,Woodford,Bush,republican,470,1000
11/07/2000,KY,Mercer,Gore,democrat,420,1000
11/07/2000,KY,Mercer,Bush,republican,580,1000
11/07/2000,MN,Rice,Gore,democrat,470,1000
11/07/2000,MN,Rice,Bush,republican,530,1000
11/07/2000,NM,Quay,Gore,democrat,420,1000
11/07/2000,NM,Quay,Bush,republican,580,1000
11/07/2000,NM,Hidalgo,Gore,democrat,530,1000
11/07/2000,NM,Hidalgo,Bush,republican,470,1000
11/07/2000,NY,Montgomery,Gore,democrat,490,1000
11/07/2000,NY,Montgomery,Bush,republican,510,1000
11/07/2000,NY,Genesee,Gore,democrat,420,1000
11/07/2000,NY,Genesee,Bush,republican,580,1000
11/07/2000,ID,Power,Gore,democrat,420,1000
11/07/2000,ID,Power,Bush,republican,580,1000
11/07/2000,OH,Licking,Gore,democrat,470,1000
11/07/2000,OH,Licking,Bush,republican,530,1000
11/07/2000,OK,Woods,Gore,democrat,420,1000
11/07/2000,OK,Woods,Bush,republican,580,1000
11/07/2000,OK,Pontotoc,Gore,democrat,420,1000
11/07/2000,OK,Pontotoc,Bush,republican,580,1000
11/07/2000,PA,Union,Gore,democrat,470,1000
11/07/2000,PA,Union,Bush,republican,530,1000
11/07/2000,SC,Lexington,Gore,democrat,470,1000
11/07/2000,SC,Lexington,Bush,republican,530,1000
11/07/2000,TN,Warren,Gore,democrat,420,1000
11/07/2000,TN,Warren,Bush,republican,580,1000
11/07/2000,VA,Rappahannock,Gore,democrat,470,1000
11/07/2000,VA,Rappahannock,Bush,republican,530,1000
11/07/2000,NE,Thomas,Gore,democrat,420,1000
11/07/2000,NE,Thomas,Bush,republican,580,1000
11/07/2000,TX,Sterling,Gore,democrat,420,1000
11/07/2000,TX,Sterling,Bush,republican,580,1000
11/07/2000,AL,Cherokee,Gore,democrat,420,1000
11/07/2000,AL,Cherokee,Bush,republican,580,1000
11/07/2000,AL,Washington,Gore,democrat,420,1000
11/07/2000,AL,Washington,Bush,republican,580,1000
11/07/2000,CA,Sonoma,Gore,democrat,580,1000
11/07/2000,CA,Sonoma,Bush,republican,420,1000
11/07/2000,WV,Greenbrier,Gore,democrat,420,1000
11/07/2000,WV,Greenbrier,Bush,republican,580,1000
11/07/2000,OK,Kiowa,Gore,democrat,420,1000
11/07/2000,OK,Kiowa,Bush,republican,580,1000
11/07/2000,TN,Van_Buren,Gore,democrat,420,1000
11/07/2000,TN,Van_Buren,Bush,republican,580,1000
11/07/2000,NC,Madison,Gore,democrat,420,1000
11/07/2000,NC,Madison,Bush,republican,580,1000
11/07/2000,OH,Logan,Gore,democrat,420,1000
11/07/2000,OH,Logan,Bush,republican,580,1000
11/07/2000,OH,Richland,Gore,democrat,420,1000
11/07/2000,OH,Richland,Bush,republican,580,1000
11/07/2000,OK,Canadian,Gore,democrat,420,1000
11/07/2000,OK,Canadian,Bush,republican,580,1000
11/07/2000,TN,Jefferson,Gore,democrat,420,1000
11/07/2000,TN,Jefferson,Bush,republican,580,1000
11/07/2000,TN,White,Gore,democrat,420,1000
11/07/2000,TN,White,Bush,republican,580,1000
11/07/2000,TN,Marshall,Gore,democrat,420,1000
11/07/2000,TN,Marshall,Bush,republican,580,1000
11/07/2000,TX,Kaufman,Gore,democrat,470,1000
11/07/2000,TX,Kaufman,Bush,republican,530,1000
11/07/2000,WV,Lincoln,Gore,democrat,420,1000
11/07/2000,WV,Lincoln,Bush,republican,580,1000
11/07/2000,WI,Vernon,Gore,democrat,530,1000
11/07/2000,WI,Vernon,Bush,republican,470,1000
11/07/2000,CA,Monterey,Gore,democrat,580,1000
11/07/2000,CA,Monterey,Bush,republican,420,1000
11/07/2000,FL,Duval,Gore,democrat,530,1000
11/07/2000,FL,Duval,Bush,republican,470,1000
11/07/2000,VA,Highland,Gore,democrat,420,1000
11/07/2000,VA,Highland,Bush,republican,580,1000
11/07/2000,NE,Keya_Paha,Gore,democrat,420,1000
11/07/2000,NE,Keya_Paha,Bush,republican,580,1000
11/07/2000,AL,DeKalb,Gore,democrat,420,1000
11/07/2000,AL,DeKalb,Bush,republican,580,1000
11/07/2000,AL,Jackson,Gore,democrat,420,1000
11/07/2000,AL,Jackson,Bush,republican,580,1000
11/07/2000,AZ,Navajo,Gore,democrat,420,1000
11/07/2000,AZ,Navajo,Bush,republican,580,1000
11/07/2000,OR,Josephine,Gore,democrat,420,1000
11/07/2000,OR,Josephine,Bush,republican,580,1000
11/07/2000,SC,Marion,Gore,democrat,580,1000
11/07/2000,SC,Marion,Bush,republican,420,1000
11/07/2000,TN,Stewart,Gore,democrat,420,1000
11/07/2000,TN,Stewart,Bush,republican,580,1000
11/07/2000,TX,Wood,Gore,democrat,420,1000
11/07/2000,TX,Wood,Bush,republican,580,1000
11/07/2000,TX,Willacy,Gore,democrat,470,1000
11/07/2000,TX,Willacy,Bush,republican,530,1000
11/07/2000,SD,Roberts,Gore,democrat,530,1000
11/07/2000,SD,Roberts,Bush,republican,470,1000
11/07/2000,TN,Clay,Gore,democrat,420,1000
11/07/2000,TN,Clay,Bush,republican,580,1000
11/07/2000,TX,Sabine,Gore,democrat,420,1000
11/07/2000,TX,Sabine,Bush,republican,580,1000
11/07/2000,VA,Halifax,Gore,democrat,470,1000
11/07/2000,VA,Halifax,Bush,republican,530,1000
11/07/2000,GA,McIntosh,Gore,democrat,420,1000
11/07/2000,GA,McIntosh,Bush,republican,580,1000
11/07/2000,ID,Bear_Lake,Gore,democrat,420,1000
11/07/2000,ID,Bear_Lake,Bush,republican,580,1000
11/07/2000,IA,Clinton,Gore,democrat,580,1000
11/07/2000,IA,Clinton,Bush,republican,420,1000
11/07/2000,IA,Page,Gore,democrat,420,1000
11/07/2000,IA,Page,Bush,republican,580,1000
11/07/2000,KS,Linn,Gore,democrat,420,1000
11/07/2000,KS,Linn,Bush,republican,580,1000
11/07/2000,KY,Crittenden,Gore,democrat,420,1000
11/07/2000,KY,Crittenden,Bush,republican,580,1000
11/07/2000,FL,Jefferson,Gore,democrat,420,1000
11/07/2000,FL,Jefferson,Bush,republican,580,1000
11/07/2000,GA,Brooks,Gore,democrat,420,1000
11/07/2000,GA,Brooks,Bush,republican,580,1000
11/07/2000,GA,Gwinnett,Gore,democrat,580,1000
11/07/2000,GA,Gwinnett,Bush,republican,420,1000
11/07/2000,TX,Wharton,Gore,democrat,420,1000
11/07/2000,TX,Wharton,Bush,republican,580,1000
11/07/2000,VA,Brunswick,Gore,democrat,580,1000
11/07/2000,VA,Brunswick,Bush,republican,420,1000
11/07/2000,WV,Logan,Gore,democrat,420,1000
11/07/2000,WV,Logan,Bush,republican,580,1000
11/07/2000,WI,Trempealeau,Gore,democrat,510,1000
11/07/2000,WI,Trempealeau,Bush,republican,490,1000
11/07/2000,ND,Adams,Gore,democrat,420,1000
11/07/2000,ND,Adams,Bush,republican,580,1000
11/07/2000,TN,Henderson,Gore,democrat,420,1000
11/07/2000,TN,Henderson,Bush,republican,580,1000
11/07/2000,VA,New_Kent,Gore,democrat,420,1000
11/07/2000,VA,New_Kent,Bush,republican,580,1000
11/07/2000,NE,Deuel,Gore,democrat,420,1000
11/07/2000,NE,Deuel,Bush,republican,580,1000
11/07/2000,AL,Choctaw,Gore,democrat,420,1000
11/07/2000,AL,Choctaw,Bush,republican,580,1000
11/07/2000,AR,Boone,Gore,democrat,420,1000
11/07/2000,AR,Boone,Bush,republican,580,1000
11/07/2000,CA,Contra_Costa,Gore,democrat,580,1000
11/07/2000,CA,Contra_Costa,Bush,republican,420,1000
11/07/2000,LA,Morehouse,Gore,democrat,420,1000
11/07/2000,LA,Morehouse,Bush,republican,580,1000
11/07/2000,ME,Waldo,Gore,democrat,580,1000
11/07/2000,ME,Waldo,Bush,republican,420,1000
11/07/2000,MI,Macomb,Gore,democrat,580,1000
11/07/2000,MI,Macomb,Bush,republican,420,1000
11/07/2000,MT,Mineral,Gore,democrat,470,1000
11/07/2000,MT,Mineral,Bush,republican,530,1000
11/07/2000,OK,Creek,Gore,democrat,420,1000
11/07/2000,OK,Creek,Bush,republican,580,1000
11/07/2000,OK,Custer,Gore,democrat,420,1000
11/07/2000,OK,Custer,Bush,republican,580,1000
11/07/2000,KS,Pratt,Gore,democrat,420,1000
11/07/2000,KS,Pratt,Bush,republican,580,1000
11/07/2000,SC,Laurens,Gore,democrat,420,1000
11/07/2000,SC,Laurens,Bush,republican,580,1000
11/07/2000,TN,Cheatham,Gore,democrat,470,1000
11/07/2000,TN,Cheatham,Bush,republican,530,1000
11/07/2000,TX,Clay,Gore,democrat,420,1000
11/07/2000,TX,Clay,Bush,republican,580,1000
11/07/2000,VA,King_and_Queen,Gore,democrat,490,1000
11/07/2000,VA,King_and_Queen,Bush,republican,510,1000
11/07/2000,NE,Harlan,Gore,democrat,420,1000
11/07/2000,NE,Harlan,Bush,republican,580,1000
11/07/2000,NE,Blaine,Gore,democrat,420,1000
11/07/2000,NE,Blaine,Bush,republican,580,1000
11/07/2000,AZ,Greenlee,Gore,democrat,420,1000
11/07/2000,AZ,Greenlee,Bush,republican,580,1000
11/07/2000,CA,Imperial,Gore,democrat,580,1000
11/07/2000,CA,Imperial,Bush,republican,420,1000
11/07/2000,FL,St_Johns,Gore,democrat,420,1000
11/07/2000,FL,St_Johns,Bush,republican,580,1000
11/07/2000,GA,Carroll,Gore,democrat,420,1000
11/07/2000,GA,Carroll,Bush,republican,580,1000
11/07/2000,MS,Adams,Gore,democrat,490,1000
11/07/2000,MS,Adams,Bush,republican,510,1000
11/07/2000,MN,Scott,Gore,democrat,580,1000
11/07/2000,MN,Scott,Bush,republican,420,1000
11/07/2000,NE,Douglas,Gore,democrat,580,1000
11/07/2000,NE,Douglas,Bush,republican,420,1000
11/07/2000,TX,Milam,Gore,democrat,420,1000
11/07/2000,TX,Milam,Bush,republican,580,1000
11/07/2000,LA,LaSalle,Gore,democrat,420,1000
11/07/2000,LA,LaSalle,Bush,republican,580,1000
11/07/2000,TX,Young,Gore,democrat,420,1000
11/07/2000,TX,Young,Bush,republican,580,1000
11/07/2000,VA,Bedford,Gore,democrat,420,1000
11/07/2000,VA,Bedford,Bush,republican,580,1000
11/07/2000,WV,Harrison,Gore,democrat,420,1000
11/07/2000,WV,Harrison,Bush,republican,580,1000
11/07/2000,WI,Walworth,Gore,democrat,470,1000
11/07/2000,WI,Walworth,Bush,republican,530,1000
11/07/2000,WY,Washakie,Gore,democrat,420,1000
11/07/2000,WY,Washakie,Bush,republican,580,1000
11/07/2000,AR,Mississippi,Gore,democrat,490,1000
11/07/2000,AR,Mississippi,Bush,republican,510,1000
11/07/2000,AR,Clay,Gore,democrat,420,1000
11/07/2000,AR,Clay,Bush,republican,580,1000
11/07/2000,CA,Orange,Gore,democrat,530,1000
11/07/2000,CA,Orange,Bush,republican,470,1000
11/07/2000,IN,Posey,Gore,democrat,420,1000
11/07/2000,IN,Posey,Bush,republican,580,1000
11/07/2000,IN,Jay,Gore,democrat,420,1000
11/07/2000,IN,Jay,Bush,republican,580,1000
11/07/2000,IA,Mitchell,Gore,democrat,530,1000
11/07/2000,IA,Mitchell,Bush,republican,470,1000
11/07/2000,KS,Smith,Gore,democrat,420,1000
11/07/2000,KS,Smith,Bush,republican,580,1000
11/07/2000,NH,Cheshire,Gore,democrat,580,1000
11/07/2000,NH,Cheshire,Bush,republican,420,1000
11/07/2000,OH,Erie,Gore,democrat,530,1000
11/07/2000,OH,Erie,Bush,republican,470,1000
11/07/2000,OR,Columbia,Gore,democrat,530,1000
11/07/2000,OR,Columbia,Bush,republican,470,1000
11/07/2000,PA,Washington,Gore,democrat,470,1000
11/07/2000,PA,Washington,Bush,republican,530,1000
11/07/2000,NY,Chenango,Gore,democrat,470,1000
11/07/2000,NY,Chenango,Bush,republican,530,1000
11/07/2000,PA,Perry,Gore,democrat,470,1000
11/07/2000,PA,Perry,Bush,republican,530,1000
11/07/2000,SD,Tripp,Gore,democrat,420,1000
11/07/2000,SD,Tripp,Bush,republican,580,1000
11/07/2000,VA,Charlotte,Gore,democrat,420,1000
11/07/2000,VA,Charlotte,Bush,republican,580,1000
11/07/2000,NE,Gosper,Gore,democrat,420,1000
11/07/2000,NE,Gosper,Bush,republican,580,1000
11/07/2000,FL,Miami-Dade,Gore,democrat,580,1000
11/07/2000,FL,Miami-Dade,Bush,republican,420,1000
11/07/2000,FL,Gulf,Gore,democrat,420,1000
11/07/2000,FL,Gulf,Bush,republican,580,1000
11/07/2000,FL,Dixie,Gore,democrat,420,1000
11/07/2000,FL,Dixie,Bush,republican,580,1000
11/07/2000,MA,Essex,Gore,democrat,580,1000
11/07/2000,MA,Essex,Bush,republican,420,1000
11/07/2000,MI,Alger,Gore,democrat,490,1000
11/07/2000,MI,Alger,Bush,republican,510,1000
11/07/2000,PA,Bedford,Gore,democrat,420,1000
11/07/2000,PA,Bedford,Bush,republican,580,1000
11/07/2000,SD,Clay,Gore,democrat,580,1000
11/07/2000,SD,Clay,Bush,republican,420,1000
11/07/2000,TX,El_Paso,Gore,democrat,580,1000
11/07/2000,TX,El_Paso,Bush,republican,420,1000
11/07/2000,VA,Hampton,Gore,democrat,580,1000
11/07/2000,VA,Hampton,Bush,republican,420,1000
11/07/2000,AR,Benton,Gore,democrat,470,1000
11/07/2000,AR,Benton,Bush,republican,530,1000
11/07/2000,AR,Ashley,Gore,democrat,420,1000
11/07/2000,AR,Ashley,Bush,republican,580,1000
11/07/2000,CA,Mono,Gore,democrat,580,1000
11/07/2000,CA,Mono,Bush,republican,420,1000
11/07/2000,CA,Madera,Gore,democrat,470,1000
11/07/2000,CA,Madera,Bush,republican,530,1000
11/07/2000,GA,Screven,Gore,democrat,470,1000
11/07/2000,GA,Screven,Bush,republican,530,1000
11/07/2000,GA,Burke,Gore,democrat,510,1000
11/07/2000,GA,Burke,Bush,republican,490,1000
11/07/2000,IL,McHenry,Gore,democrat,530,1000
11/07/2000,IL,McHenry,Bush,republican,470,1000
11/07/2000,IA,Kossuth,Gore,democrat,510,1000
11/07/2000,IA,Kossuth,Bush,republican,490,1000
11/07/2000,MN,Lake,Gore,democrat,530,1000
11/07/2000,MN,Lake,Bush,republican,470,1000
11/07/2000,MS,Claiborne,Gore,democrat,580,1000
11/07/2000,MS,Claiborne,Bush,republican,420,1000
11/07/2000,MS,Lamar,Gore,democrat,420,1000
11/07/2000,MS,Lamar,Bush,republican,580,1000
11/07/2000,NE,Otoe,Gore,democrat,420,1000
11/07/2000,NE,Otoe,Bush,republican,580,1000
11/07/2000,VA,Westmoreland,Gore,democrat,497,1000
11/07/2000,VA,Westmoreland,Bush,republican,503,1000
11/07/2000,VA,Prince_William,Gore,democrat,580,1000
11/07/2000,VA,Prince_William,Bush,republican,420,1000
11/07/2000,AL,Lowndes,Gore,democrat,530,1000
11/07/2000,AL,Lowndes,Bush,republican,470,1000
11/07/2000,AL,Marshall,Gore,democrat,420,1000
11/07/2000,AL,Marshall,Bush,republican,580,1000
11/07/2000,AK,Anchorage,Gore,democrat,580,1000
11/07/2000,AK,Anchorage,Bush,republican,420,1000
11/07/2000,FL,Charlotte,Gore,democrat,490,1000
11/07/2000,FL,Charlotte,Bush,republican,510,1000
11/07/2000,ID,Kootenai,Gore,democrat,470,1000
11/07/2000,ID,Kootenai,Bush,republican,530,1000
11/07/2000,IL,Pike,Gore,democrat,420,1000
11/07/2000,IL,Pike,Bush,republican,580,1000
11/07/2000,IL,Union,Gore,democrat,470,1000
11/07/2000,IL,Union,Bush,republican,530,1000
11/07/2000,IL,Gallatin,Gore,democrat,420,1000
11/07/2000,IL,Gallatin,Bush,republican,580,1000
11/07/2000,NC,Craven,Gore,democrat,420,1000
11/07/2000,NC,Craven,Bush,republican,580,1000
11/07/2000,OH,Trumbull,Gore,democrat,580,1000
11/07/2000,OH,Trumbull,Bush,republican,420,1000
11/07/2000,PA,Mercer,Gore,democrat,470,1000
11/07/2000,PA,Mercer,Bush,republican,530,1000
11/07/2000,MT,Deer_Lodge,Gore,democrat,580,1000
11/07/2000,MT,Deer_Lodge,Bush,republican,420,1000
11/07/2000,NE,Nemaha,Gore,democrat,420,1000
11/07/2000,NE,Nemaha,Bush,republican,580,1000
11/07/2000,MS,Chickasaw,Gore,democrat,420,1000
11/07/2000,MS,Chickasaw,Bush,republican,580,1000
11/07/2000,NY,Niagara,Gore,democrat,503,1000
11/07/2000,NY,Niagara,Bush,republican,497,1000
11/07/2000,NY,Delaware,Gore,democrat,420,1000
11/07/2000,NY,Delaware,Bush,republican,580,1000
11/07/2000,NC,Mecklenburg,Gore,democrat,580,1000
11/07/2000,NC,Mecklenburg,Bush,republican,420,1000
11/07/2000,AZ,Pinal,Gore,democrat,470,1000
11/07/2000,AZ,Pinal,Bush,republican,530,1000
11/07/2000,AR,Lee,Gore,democrat,580,1000
11/07/2000,AR,Lee,Bush,republican,420,1000
11/07/2000,CO,Douglas,Gore,democrat,490,1000
11/07/2000,CO,Douglas,Bush,republican,510,1000
11/07/2000,CO,Routt,Gore,democrat,580,1000
11/07/2000,CO,Routt,Bush,republican,420,1000
11/07/2000,IL,Ogle,Gore,democrat,470,1000
11/07/2000,IL,Ogle,Bush,republican,530,1000
11/07/2000,IN,Harrison,Gore,democrat,470,1000
11/07/2000,IN,Harrison,Bush,republican,530,1000
11/07/2000,KY,Jefferson,Gore,democrat,580,1000
11/07/2000,KY,Jefferson,Bush,republican,420,1000
11/07/2000,LA,Sabine,Gore,democrat,420,1000
11/07/2000,LA,Sabine,Bush,republican,580,1000
11/07/2000,IA,Carroll,Gore,democrat,497,1000
11/07/2000,IA,Carroll,Bush,republican,503,1000
11/07/2000,LA,West_Carroll,Gore,democrat,420,1000
11/07/2000,LA,West_Carroll,Bush,republican,580,1000
11/07/2000,MI,Ottawa,Gore,democrat,470,1000
11/07/2000,MI,Ottawa,Bush,republican,530,1000
11/07/2000,MI,Alpena,Gore,democrat,470,1000
11/07/2000,MI,Alpena,Bush,republican,530,1000
11/07/2000,MS,Sharkey,Gore,democrat,470,1000
11/07/2000,MS,Sharkey,Bush,republican,530,1000
11/07/2000,NY,Erie,Gore,democrat,580,1000
11/07/2000,NY,Erie,Bush,republican,420,1000
11/07/2000,VA,Dinwiddie,Gore,democrat,470,1000
11/07/2000,VA,Dinwiddie,Bush,republican,530,1000
11/07/2000,VA,Clarke,Gore,democrat,470,1000
11/07/2000,VA,Clarke,Bush,republican,530,1000
11/07/2000,NM,Mora,Gore,democrat,580,1000
11/07/2000,NM,Mora,Bush,republican,420,1000
11/07/2000,MN,Sibley,Gore,democrat,470,1000
11/07/2000,MN,Sibley,Bush,republican,530,1000
11/07/2000,TN,Grundy,Gore,democrat,420,1000
11/07/2000,TN,Grundy,Bush,republican,580,1000
11/07/2000,TX,DeWitt,Gore,democrat,420,1000
11/07/2000,TX,DeWitt,Bush,republican,580,1000
11/07/2000,VA,Northampton,Gore,democrat,580,1000
11/07/2000,VA,Northampton,Bush,republican,420,1000
11/07/2000,NY,Lewis,Gore,democrat,420,1000
11/07/2000,NY,Lewis,Bush,republican,580,1000
11/07/2000,CA,Solano,Gore,democrat,580,1000
11/07/2000,CA,Solano,Bush,republican,420,1000
11/07/2000,NC,Camden,Gore,democrat,580,1000
11/07/2000,NC,Camden,Bush,republican,420,1000
11/07/2000,NC,Chowan,Gore,democrat,580,1000
11/07/2000,NC,Chowan,Bush,republican,420,1000
11/07/2000,MN,Traverse,Gore,democrat,470,1000
11/07/2000,MN,Traverse,Bush,republican,530,1000
11/07/2000,MO,St_Louis_County,Gore,democrat,580,1000
11/07/2000,MO,St_Louis_County,Bush,republican,420,1000
11/07/2000,MS,Union,Gore,democrat,420,1000
11/07/2000,MS,Union,Bush,republican,580,1000
11/07/2000,NY,Livingston,Gore,democrat,470,1000
11/07/2000,NY,Livingston,Bush,republican,530,1000
11/07/2000,OK,Washington,Gore,democrat,420,1000
11/07/2000,OK,Washington,Bush,republican,580,1000
11/07/2000,NC,Currituck,Gore,democrat,580,1000
11/07/2000,NC,Currituck,Bush,republican,420,1000
11/07/2000,OK,Le_Flore,Gore,democrat,420,1000
11/07/2000,OK,Le_Flore,Bush,republican,580,1000
11/07/2000,NE,Knox,Gore,democrat,420,1000
11/07/2000,NE,Knox,Bush,republican,580,1000
11/07/2000,TX,Zavala,Gore,democrat,420,1000
11/07/2000,TX,Zavala,Bush,republican,580,1000
11/07/2000,VA,Craig,Gore,democrat,420,1000
11/07/2000,VA,Craig,Bush,republican,580,1000
11/07/2000,CO,Mineral,Gore,democrat,470,1000
11/07/2000,CO,Mineral,Bush,republican,530,1000
11/07/2000,TX,Crane,Gore,democrat,420,1000
11/07/2000,TX,Crane,Bush,republican,580,1000
11/07/2000,TN,Haywood,Gore,democrat,530,1000
11/07/2000,TN,Haywood,Bush,republican,470,1000
11/07/2000,WV,Preston,Gore,democrat,420,1000
11/07/2000,WV,Preston,Bush,republican,580,1000
11/07/2000,SD,Haakon,Gore,democrat,420,1000
11/07/2000,SD,Haakon,Bush,republican,580,1000
11/07/2000,GA,Sumter,Gore,democrat,530,1000
11/07/2000,GA,Sumter,Bush,republican,470,1000
11/07/2000,CA,Del_Norte,Gore,democrat,470,1000
11/07/2000,CA,Del_Norte,Bush,republican,530,1000
11/07/2000,NY,Oswego,Gore,democrat,490,1000
11/07/2000,NY,Oswego,Bush,republican,510,1000
11/07/2000,CA,Yolo,Gore,democrat,470,1000
11/07/2000,CA,Yolo,Bush,republican,530,1000
11/07/2000,SC,Lancaster,Gore,democrat,470,1000
11/07/2000,SC,Lancaster,Bush,republican,530,1000
11/07/2000,SD,Harding,Gore,democrat,420,1000
11/07/2000,SD,Harding,Bush,republican,580,1000
11/07/2000,MO,Franklin,Gore,democrat,420,1000
11/07/2000,MO,Franklin,Bush,republican,580,1000
11/07/2000,NJ,Union,Gore,democrat,580,1000
11/07/2000,NJ,Union,Bush,republican,420,1000
11/07/2000,NM,Union,Gore,democrat,420,1000
11/07/2000,NM,Union,Bush,republican,580,1000
11/07/2000,VT,Caledonia,Gore,democrat,580,1000
11/07/2000,VT,Caledonia,Bush,republican,420,1000
11/07/2000,WA,Pierce,Gore,democrat,580,1000
11/07/2000,WA,Pierce,Bush,republican,420,1000
11/07/2000,WI,Rock,Gore,democrat,510,1000
11/07/2000,WI,Rock,Bush,republican,490,1000
11/07/2000,MI,Allegan,Gore,democrat,420,1000
11/07/2000,MI,Allegan,Bush,republican,580,1000
11/07/2000,KY,Hancock,Gore,democrat,420,1000
11/07/2000,KY,Hancock,Bush,republican,580,1000
11/07/2000,ID,Gem,Gore,democrat,420,1000
11/07/2000,ID,Gem,Bush,republican,580,1000
11/07/2000,NM,McKinley,Gore,democrat,580,1000
11/07/2000,NM,McKinley,Bush,republican,420,1000
11/07/2000,MD,Baltimore,Gore,democrat,580,1000
11/07/2000,MD,Baltimore,Bush,republican,420,1000
11/07/2000,LA,Jefferson,Gore,democrat,470,1000
11/07/2000,LA,Jefferson,Bush,republican,530,1000
11/07/2000,NY,Putnam,Gore,democrat,470,1000
11/07/2000,NY,Putnam,Bush,republican,530,1000
11/07/2000,TX,Llano,Gore,democrat,420,1000
11/07/2000,TX,Llano,Bush,republican,580,1000
11/07/2000,VA,Newport_News,Gore,democrat,580,1000
11/07/2000,VA,Newport_News,Bush,republican,420,1000
11/07/2000,NM,Lea,Gore,democrat,420,1000
11/07/2000,NM,Lea,Bush,republican,580,1000
11/07/2000,NE,Saline,Gore,democrat,490,1000
11/07/2000,NE,Saline,Bush,republican,510,1000
11/07/2000,WA,Cowlitz,Gore,democrat,530,1000
11/07/2000,WA,Cowlitz,Bush,republican,470,1000
11/07/2000,WY,Lincoln,Gore,democrat,420,1000
11/07/2000,WY,Lincoln,Bush,republican,580,1000
11/07/2000,AR,Hempstead,Gore,democrat,420,1000
11/07/2000,AR,Hempstead,Bush,republican,580,1000
11/07/2000,GA,Clayton,Gore,democrat,580,1000
11/07/2000,GA,Clayton,Bush,republican,420,1000
11/07/2000,IL,Greene,Gore,democrat,420,1000
11/07/2000,IL,Greene,Bush,republican,580,1000
11/07/2000,IN,Morgan,Gore,democrat,420,1000
11/07/2000,IN,Morgan,Bush,republican,580,1000
11/07/2000,AR,Franklin,Gore,democrat,420,1000
11/07/2000,AR,Franklin,Bush,republican,580,1000
11/07/2000,ID,Canyon,Gore,democrat,420,1000
11/07/2000,ID,Canyon,Bush,republican,580,1000
11/07/2000,IL,Williamson,Gore,democrat,420,1000
11/07/2000,IL,Williamson,Bush,republican,580,1000
11/07/2000,IA,Wright,Gore,democrat,490,1000
11/07/2000,IA,Wright,Bush,republican,510,1000
11/07/2000,IA,Henry,Gore,democrat,530,1000
11/07/2000,IA,Henry,Bush,republican,470,1000
11/07/2000,CO,Saguache,Gore,democrat,580,1000
11/07/2000,CO,Saguache,Bush,republican,420,1000
11/07/2000,KY,Henry,Gore,democrat,420,1000
11/07/2000,KY,Henry,Bush,republican,580,1000
11/07/2000,OH,Brown,Gore,democrat,420,1000
11/07/2000,OH,Brown,Bush,republican,580,1000
11/07/2000,GA,Ware,Gore,democrat,420,1000
11/07/2000,GA,Ware,Bush,republican,580,1000
11/07/2000,SC,Florence,Gore,democrat,503,1000
11/07/2000,SC,Florence,Bush,republican,497,1000
11/07/2000,NC,Brunswick,Gore,democrat,510,1000
11/07/2000,NC,Brunswick,Bush,republican,490,1000
11/07/2000,SD,Meade,Gore,democrat,420,1000
11/07/2000,SD,Meade,Bush,republican,580,1000
11/07/2000,NV,Lincoln,Gore,democrat,420,1000
11/07/2000,NV,Lincoln,Bush,republican,580,1000
11/07/2000,NC,Durham,Gore,democrat,580,1000
11/07/2000,NC,Durham,Bush,republican,420,1000
11/07/2000,OH,Tuscarawas,Gore,democrat,470,1000
11/07/2000,OH,Tuscarawas,Bush,republican,530,1000
11/07/2000,OR,Benton,Gore,democrat,580,1000
11/07/2000,OR,Benton,Bush,republican,420,1000
11/07/2000,PA,Somerset,Gore,democrat,420,1000
11/07/2000,PA,Somerset,Bush,republican,580,1000
11/07/2000,KS,Pottawatomie,Gore,democrat,420,1000
11/07/2000,KS,Pottawatomie,Bush,republican,580,1000
11/07/2000,KY,Knott,Gore,democrat,420,1000
11/07/2000,KY,Knott,Bush,republican,580,1000
11/07/2000,GA,Wilkinson,Gore,democrat,470,1000
11/07/2000,GA,Wilkinson,Bush,republican,530,1000
11/07/2000,NV,Pershing,Gore,democrat,420,1000
11/07/2000,NV,Pershing,Bush,republican,580,1000
11/07/2000,NY,Oneida,Gore,democrat,470,1000
11/07/2000,NY,Oneida,Bush,republican,530,1000
11/07/2000,OK,Comanche,Gore,democrat,420,1000
11/07/2000,OK,Comanche,Bush,republican,580,1000
11/07/2000,MT,Sheridan,Gore,democrat,420,1000
11/07/2000,MT,Sheridan,Bush,republican,580,1000
11/07/2000,ME,Franklin,Gore,democrat,530,1000
11/07/2000,ME,Franklin,Bush,republican,470,1000
11/07/2000,NC,Cabarrus,Gore,democrat,530,1000
11/07/2000,NC,Cabarrus,Bush,republican,470,1000
11/07/2000,ND,Stark,Gore,democrat,420,1000
11/07/2000,ND,Stark,Bush,republican,580,1000
11/07/2000,OH,Warren,Gore,democrat,470,1000
11/07/2000,OH,Warren,Bush,republican,530,1000
11/07/2000,OH,Portage,Gore,democrat,530,1000
11/07/2000,OH,Portage,Bush,republican,470,1000
11/07/2000,PA,Indiana,Gore,democrat,420,1000
11/07/2000,PA,Indiana,Bush,republican,580,1000
11/07/2000,FL,Baker,Gore,democrat,420,1000
11/07/2000,FL,Baker,Bush,republican,580,1000
11/07/2000,GA,Cook,Gore,democrat,420,1000
11/07/2000,GA,Cook,Bush,republican,580,1000
11/07/2000,MN,Crow_Wing,Gore,democrat,420,1000
11/07/2000,MN,Crow_Wing,Bush,republican,580,1000
11/07/2000,MT,Rosebud,Gore,democrat,530,1000
11/07/2000,MT,Rosebud,Bush,republican,470,1000
11/07/2000,MS,Carroll,Gore,democrat,490,1000
11/07/2000,MS,Carroll,Bush,republican,510,1000
11/07/2000,ND,Benson,Gore,democrat,420,1000
11/07/2000,ND,Benson,Bush,republican,580,1000
11/07/2000,IN,Delaware,Gore,democrat,490,1000
11/07/2000,IN,Delaware,Bush,republican,510,1000
11/07/2000,MN,Itasca,Gore,democrat,490,1000
11/07/2000,MN,Itasca,Bush,republican,510,1000
11/07/2000,TN,Knox,Gore,democrat,420,1000
11/07/2000,TN,Knox,Bush,republican,580,1000
11/07/2000,TX,Potter,Gore,democrat,420,1000
11/07/2000,TX,Potter,Bush,republican,580,1000
11/07/2000,VA,Richmond,Gore,democrat,580,1000
11/07/2000,VA,Richmond,Bush,republican,420,1000
11/07/2000,VA,Charles_City,Gore,democrat,580,1000
11/07/2000,VA,Charles_City,Bush,republican,420,1000
11/07/2000,ND,Pierce,Gore,democrat,420,1000
11/07/2000,ND,Pierce,Bush,republican,580,1000
11/07/2000,ND,Golden_Valley,Gore,democrat,420,1000
11/07/2000,ND,Golden_Valley,Bush,republican,580,1000
11/07/2000,TN,Crockett,Gore,democrat,420,1000
11/07/2000,TN,Crockett,Bush,republican,580,1000
11/07/2000,MT,Valley,Gore,democrat,420,1000
11/07/2000,MT,Valley,Bush,republican,580,1000
11/07/2000,VA,Augusta,Gore,democrat,420,1000
11/07/2000,VA,Augusta,Bush,republican,580,1000
11/07/2000,NE,Kearney,Gore,democrat,420,1000
11/07/2000,NE,Kearney,Bush,republican,580,1000
11/07/2000,WV,Wood,Gore,democrat,420,1000
11/07/2000,WV,Wood,Bush,republican,580,1000
11/07/2000,SC,Newberry,Gore,democrat,470,1000
11/07/2000,SC,Newberry,Bush,republican,530,1000
11/07/2000,LA,Caldwell,Gore,democrat,420,1000
11/07/2000,LA,Caldwell,Bush,republican,580,1000
11/07/2000,TX,Brazos,Gore,democrat,470,1000
11/07/2000,TX,Brazos,Bush,republican,530,1000
11/07/2000,WA,Yakima,Gore,democrat,530,1000
11/07/2000,WA,Yakima,Bush,republican,470,1000
11/07/2000,WI,Jefferson,Gore,democrat,420,1000
11/07/2000,WI,Jefferson,Bush,republican,580,1000
11/07/2000,TX,Oldham,Gore,democrat,420,1000
11/07/2000,TX,Oldham,Bush,republican,580,1000
11/07/2000,KS,Wyandotte,Gore,democrat,580,1000
11/07/2000,KS,Wyandotte,Bush,republican,420,1000
11/07/2000,LA,Terrebonne,Gore,democrat,420,1000
11/07/2000,LA,Terrebonne,Bush,republican,580,1000
11/07/2000,OK,Sequoyah,Gore,democrat,420,1000
11/07/2000,OK,Sequoyah,Bush,republican,580,1000
11/07/2000,OR,Klamath,Gore,democrat,420,1000
11/07/2000,OR,Klamath,Bush,republican,580,1000
11/07/2000,TX,Kenedy,Gore,democrat,420,1000
11/07/2000,TX,Kenedy,Bush,republican,580,1000
11/07/2000,CA,Alpine,Gore,democrat,580,1000
11/07/2000,CA,Alpine,Bush,republican,420,1000
11/07/2000,GA,Walker,Gore,democrat,420,1000
11/07/2000,GA,Walker,Bush,republican,580,1000
11/07/2000,ID,Clearwater,Gore,democrat,470,1000
11/07/2000,ID,Clearwater,Bush,republican,530,1000
11/07/2000,WV,Hardy,Gore,democrat,420,1000
11/07/2000,WV,Hardy,Bush,republican,580,1000
11/07/2000,FL,Bradford,Gore,democrat,420,1000
11/07/2000,FL,Bradford,Bush,republican,580,1000
11/07/2000,WV,Wetzel,Gore,democrat,420,1000
11/07/2000,WV,Wetzel,Bush,republican,580,1000
11/07/2000,OH,Fulton,Gore,democrat,420,1000
11/07/2000,OH,Fulton,Bush,republican,580,1000
11/07/2000,TN,Bradley,Gore,democrat,470,1000
11/07/2000,TN,Bradley,Bush,republican,530,1000
11/07/2000,TX,Newton,Gore,democrat,420,1000
11/07/2000,TX,Newton,Bush,republican,580,1000
11/07/2000,TN,Bledsoe,Gore,democrat,420,1000
11/07/2000,TN,Bledsoe,Bush,republican,580,1000
11/07/2000,WV,Tucker,Gore,democrat,420,1000
11/07/2000,WV,Tucker,Bush,republican,580,1000
11/07/2000,AK,Yakutat,Gore,democrat,420,1000
11/07/2000,AK,Yakutat,Bush,republican,580,1000
11/07/2000,MI,Gladwin,Gore,democrat,470,1000
11/07/2000,MI,Gladwin,Bush,republican,530,1000
11/07/2000,NC,Person,Gore,democrat,490,1000
11/07/2000,NC,Person,Bush,republican,510,1000
11/07/2000,NV,White_Pine,Gore,democrat,420,1000
11/07/2000,NV,White_Pine,Bush,republican,580,1000
11/07/2000,IN,Adams,Gore,democrat,420,1000
11/07/2000,IN,Adams,Bush,republican,580,1000
11/07/2000,TN,Cumberland,Gore,democrat,420,1000
11/07/2000,TN,Cumberland,Bush,republican,580,1000
11/07/2000,NV,Nye,Gore,democrat,470,1000
11/07/2000,NV,Nye,Bush,republican,530,1000
11/07/2000,KS,Leavenworth,Gore,democrat,490,1000
11/07/2000,KS,Leavenworth,Bush,republican,510,1000
11/07/2000,IN,Warrick,Gore,democrat,420,1000
11/07/2000,IN,Warrick,Bush,republican,580,1000
11/07/2000,MI,Iron,Gore,democrat,420,1000
11/07/2000,MI,Iron,Bush,republican,580,1000
11/07/2000,MS,Lowndes,Gore,democrat,420,1000
11/07/2000,MS,Lowndes,Bush,republican,580,1000
11/07/2000,MO,St_Louis_City,Gore,democrat,580,1000
11/07/2000,MO,St_Louis_City,Bush,republican,420,1000
11/07/2000,MN,Meeker,Gore,democrat,420,1000
11/07/2000,MN,Meeker,Bush,republican,580,1000
11/07/2000,TN,Monroe,Gore,democrat,420,1000
11/07/2000,TN,Monroe,Bush,republican,580,1000
11/07/2000,MS,Holmes,Gore,democrat,470,1000
11/07/2000,MS,Holmes,Bush,republican,530,1000
11/07/2000,MS,Oktibbeha,Gore,democrat,420,1000
11/07/2000,MS,Oktibbeha,Bush,republican,580,1000
11/07/2000,VA,Giles,Gore,democrat,420,1000
11/07/2000,VA,Giles,Bush,republican,580,1000
11/07/2000,FL,Hillsborough,Gore,democrat,580,1000
11/07/2000,FL,Hillsborough,Bush,republican,420,1000
11/07/2000,GA,Haralson,Gore,democrat,420,1000
11/07/2000,GA,Haralson,Bush,republican,580,1000
11/07/2000,KS,Cowley,Gore,democrat,420,1000
11/07/2000,KS,Cowley,Bush,republican,580,1000
11/07/2000,KY,Henderson,Gore,democrat,530,1000
11/07/2000,KY,Henderson,Bush,republican,470,1000
11/07/2000,TX,Grayson,Gore,democrat,420,1000
11/07/2000,TX,Grayson,Bush,republican,580,1000
11/07/2000,AL,Cleburne,Gore,democrat,420,1000
11/07/2000,AL,Cleburne,Bush,republican,580,1000
11/07/2000,NJ,Ocean,Gore,democrat,470,1000
11/07/2000,NJ,Ocean,Bush,republican,530,1000
11/07/2000,AL,Autauga,Gore,democrat,420,1000
11/07/2000,AL,Autauga,Bush,republican,580,1000
11/07/2000,GA,Bibb,Gore,democrat,580,1000
11/07/2000,GA,Bibb,Bush,republican,420,1000
11/07/2000,NJ,Monmouth,Gore,democrat,530,1000
11/07/2000,NJ,Monmouth,Bush,republican,470,1000
11/07/2000,NM,Rio_Arriba,Gore,democrat,580,1000
11/07/2000,NM,Rio_Arriba,Bush,republican,420,1000
11/07/2000,NY,Wayne,Gore,democrat,470,1000
11/07/2000,NY,Wayne,Bush,republican,530,1000
11/07/2000,OR,Lincoln,Gore,democrat,580,1000
11/07/2000,OR,Lincoln,Bush,republican,420,1000
11/07/2000,VA,Bath,Gore,democrat,420,1000
11/07/2000,VA,Bath,Bush,republican,580,1000
11/07/2000,WV,Fayette,Gore,democrat,420,1000
11/07/2000,WV,Fayette,Bush,republican,580,1000
11/07/2000,WV,Kanawha,Gore,democrat,510,1000
11/07/2000,WV,Kanawha,Bush,republican,490,1000
11/07/2000,KY,Carroll,Gore,democrat,420,1000
11/07/2000,KY,Carroll,Bush,republican,580,1000
11/07/2000,MD,Montgomery,Gore,democrat,580,1000
11/07/2000,MD,Montgomery,Bush,republican,420,1000
11/07/2000,MA,Franklin,Gore,democrat,580,1000
11/07/2000,MA,Franklin,Bush,republican,420,1000
11/07/2000,MS,DeSoto,Gore,democrat,470,1000
11/07/2000,MS,DeSoto,Bush,republican,530,1000
11/07/2000,TX,McCulloch,Gore,democrat,420,1000
11/07/2000,TX,McCulloch,Bush,republican,580,1000
11/07/2000,NV,Esmeralda,Gore,democrat,420,1000
11/07/2000,NV,Esmeralda,Bush,republican,580,1000
11/07/2000,IN,Carroll,Gore,democrat,420,1000
11/07/2000,IN,Carroll,Bush,republican,580,1000
11/07/2000,MI,Ogemaw,Gore,democrat,470,1000
11/07/2000,MI,Ogemaw,Bush,republican,530,1000
11/07/2000,MI,St_Clair,Gore,democrat,470,1000
11/07/2000,MI,St_Clair,Bush,republican,530,1000
11/07/2000,RI,Providence,Gore,democrat,580,1000
11/07/2000,RI,Providence,Bush,republican,420,1000
11/07/2000,TN,Montgomery,Gore,democrat,530,1000
11/07/2000,TN,Montgomery,Bush,republican,470,1000
11/07/2000,TX,Parmer,Gore,democrat,420,1000
11/07/2000,TX,Parmer,Bush,republican,580,1000
11/07/2000,VA,Accomack,Gore,democrat,497,1000
11/07/2000,VA,Accomack,Bush,republican,503,1000
11/07/2000,MS,Yalobusha,Gore,democrat,470,1000
11/07/2000,MS,Yalobusha,Bush,republican,530,1000
11/07/2000,OH,Lucas,Gore,democrat,580,1000
11/07/2000,OH,Lucas,Bush,republican,420,1000
11/07/2000,AR,Crittenden,Gore,democrat,530,1000
11/07/2000,AR,Crittenden,Bush,republican,470,1000
11/07/2000,MN,Hennepin,Gore,democrat,580,1000
11/07/2000,MN,Hennepin,Bush,republican,420,1000
11/07/2000,NE,Richardson,Gore,democrat,420,1000
11/07/2000,NE,Richardson,Bush,republican,580,1000
11/07/2000,OR,Lake,Gore,democrat,420,1000
11/07/2000,OR,Lake,Bush,republican,580,1000
11/07/2000,MO,Howell,Gore,democrat,420,1000
11/07/2000,MO,Howell,Bush,republican,580,1000
11/07/2000,ND,Bottineau,Gore,democrat,420,1000
11/07/2000,ND,Bottineau,Bush,republican,580,1000
11/07/2000,NC,Warren,Gore,democrat,580,1000
11/07/2000,NC,Warren,Bush,republican,420,1000
11/07/2000,MI,Monroe,Gore,democrat,503,1000
11/07/2000,MI,Monroe,Bush,republican,497,1000
11/07/2000,MT,Blaine,Gore,democrat,420,1000
11/07/2000,MT,Blaine,Bush,republican,580,1000
11/07/2000,WV,Wayne,Gore,democrat,420,1000
11/07/2000,WV,Wayne,Bush,republican,580,1000
11/07/2000,WI,St_Croix,Gore,democrat,470,1000
11/07/2000,WI,St_Croix,Bush,republican,530,1000
11/07/2000,CO,Chaffee,Gore,democrat,530,1000
11/07/2000,CO,Chaffee,Bush,republican,470,1000
11/07/2000,WA,Chelan,Gore,democrat,490,1000
11/07/2000,WA,Chelan,Bush,republican,510,1000
11/07/2000,FL,Flagler,Gore,democrat,510,1000
11/07/2000,FL,Flagler,Bush,republican,490,1000
11/07/2000,FL,Gadsden,Gore,democrat,420,1000
11/07/2000,FL,Gadsden,Bush,republican,580,1000
11/07/2000,FL,Leon,Gore,democrat,420,1000
11/07/2000,FL,Leon,Bush,republican,580,1000
11/07/2000,FL,Putnam,Gore,democrat,420,1000
11/07/2000,FL,Putnam,Bush,republican,580,1000
11/07/2000,VT,Rutland,Gore,democrat,580,1000
11/07/2000,VT,Rutland,Bush,republican,420,1000
11/07/2000,AL,Montgomery,Gore,democrat,420,1000
11/07/2000,AL,Montgomery,Bush,republican,580,1000
11/07/2000,AR,Perry,Gore,democrat,420,1000
11/07/2000,AR,Perry,Bush,republican,580,1000
11/07/2000,MI,Tuscola,Gore,democrat,420,1000
11/07/2000,MI,Tuscola,Bush,republican,580,1000
11/07/2000,ND,Grant,Gore,democrat,420,1000
11/07/2000,ND,Grant,Bush,republican,580,1000
11/07/2000,WI,Chippewa,Gore,democrat,490,1000
11/07/2000,WI,Chippewa,Bush,republican,510,1000
11/07/2000,IN,Blackford,Gore,democrat,470,1000
11/07/2000,IN,Blackford,Bush,republican,530,1000
11/07/2000,IN,Wells,Gore,democrat,420,1000
11/07/2000,IN,Wells,Bush,republican,580,1000
11/07/2000,KS,Douglas,Gore,democrat,580,1000
11/07/2000,KS,Douglas,Bush,republican,420,1000
11/07/2000,KS,Jackson,Gore,democrat,420,1000
11/07/2000,KS,Jackson,Bush,republican,580,1000
11/07/2000,GA,Barrow,Gore,democrat,420,1000
11/07/2000,GA,Barrow,Bush,republican,580,1000
11/07/2000,GA,Telfair,Gore,democrat,420,1000
11/07/2000,GA,Telfair,Bush,republican,580,1000
11/07/2000,IL,Montgomery,Gore,democrat,420,1000
11/07/2000,IL,Montgomery,Bush,republican,580,1000
11/07/2000,IN,Lawrence,Gore,democrat,420,1000
11/07/2000,IN,Lawrence,Bush,republican,580,1000
11/07/2000,IA,Montgomery,Gore,democrat,420,1000
11/07/2000,IA,Montgomery,Bush,republican,580,1000
11/07/2000,KY,Scott,Gore,democrat,420,1000
11/07/2000,KY,Scott,Bush,republican,580,1000
11/07/2000,KY,Muhlenberg,Gore,democrat,470,1000
11/07/2000,KY,Muhlenberg,Bush,republican,530,1000
11/07/2000,LA,Assumption,Gore,democrat,470,1000
11/07/2000,LA,Assumption,Bush,republican,530,1000
11/07/2000,FL,Santa_Rosa,Gore,democrat,420,1000
11/07/2000,FL,Santa_Rosa,Bush,republican,580,1000
11/07/2000,FL,Orange,Gore,democrat,580,1000
11/07/2000,FL,Orange,Bush,republican,420,1000
11/07/2000,FL,Seminole,Gore,democrat,530,1000
11/07/2000,FL,Seminole,Bush,republican,470,1000
11/07/2000,FL,Walton,Gore,democrat,420,1000
11/07/2000,FL,Walton,Bush,republican,580,1000
11/07/2000,GA,Decatur,Gore,democrat,470,1000
11/07/2000,GA,Decatur,Bush,republican,530,1000
11/07/2000,GA,Dougherty,Gore,democrat,580,1000
11/07/2000,GA,Dougherty,Bush,republican,420,1000
11/07/2000,CA,Fresno,Gore,democrat,530,1000
11/07/2000,CA,Fresno,Bush,republican,470,1000
11/07/2000,GA,Washington,Gore,democrat,530,1000
11/07/2000,GA,Washington,Bush,republican,470,1000
11/07/2000,IN,Hancock,Gore,democrat,420,1000
11/07/2000,IN,Hancock,Bush,republican,580,1000
11/07/2000,KS,Jefferson,Gore,democrat,470,1000
11/07/2000,KS,Jefferson,Bush,republican,530,1000
11/07/2000,NV,Elko,Gore,democrat,420,1000
11/07/2000,NV,Elko,Bush,republican,580,1000
11/07/2000,LA,Tangipahoa,Gore,democrat,420,1000
11/07/2000,LA,Tangipahoa,Bush,republican,580,1000
11/07/2000,LA,West_Baton_Rouge,Gore,democrat,510,1000
11/07/2000,LA,West_Baton_Rouge,Bush,republican,490,1000
11/07/2000,AL,Greene,Gore,democrat,420,1000
11/07/2000,AL,Greene,Bush,republican,580,1000
11/07/2000,NY,Madison,Gore,democrat,510,1000
11/07/2000,NY,Madison,Bush,republican,490,1000
11/07/2000,NC,Sampson,Gore,democrat,470,1000
11/07/2000,NC,Sampson,Bush,republican,530,1000
11/07/2000,OK,Rogers,Gore,democrat,420,1000
11/07/2000,OK,Rogers,Bush,republican,580,1000
11/07/2000,OK,Hughes,Gore,democrat,420,1000
11/07/2000,OK,Hughes,Bush,republican,580,1000
11/07/2000,TN,Humphreys,Gore,democrat,420,1000
11/07/2000,TN,Humphreys,Bush,republican,580,1000
11/07/2000,TX,Rusk,Gore,democrat,420,1000
11/07/2000,TX,Rusk,Bush,republican,580,1000
11/07/2000,TX,Shelby,Gore,democrat,420,1000
11/07/2000,TX,Shelby,Bush,republican,580,1000
11/07/2000,GA,Mitchell,Gore,democrat,470,1000
11/07/2000,GA,Mitchell,Bush,republican,530,1000
11/07/2000,GA,Thomas,Gore,democrat,420,1000
11/07/2000,GA,Thomas,Bush,republican,580,1000
11/07/2000,MS,Wilkinson,Gore,democrat,530,1000
11/07/2000,MS,Wilkinson,Bush,republican,470,1000
11/07/2000,MS,Bolivar,Gore,democrat,580,1000
11/07/2000,MS,Bolivar,Bush,republican,420,1000
11/07/2000,MS,Clay,Gore,democrat,420,1000
11/07/2000,MS,Clay,Bush,republican,580,1000
11/07/2000,MS,Lincoln,Gore,democrat,420,1000
11/07/2000,MS,Lincoln,Bush,republican,580,1000
11/07/2000,CO,Grand,Gore,democrat,497,1000
11/07/2000,CO,Grand,Bush,republican,503,1000
11/07/2000,KY,Nelson,Gore,democrat,420,1000
11/07/2000,KY,Nelson,Bush,republican,580,1000
11/07/2000,MI,Shiawassee,Gore,democrat,470,1000
11/07/2000,MI,Shiawassee,Bush,republican,530,1000
11/07/2000,MI,Crawford,Gore,democrat,420,1000
11/07/2000,MI,Crawford,Bush,republican,580,1000
11/07/2000,MO,Lincoln,Gore,democrat,420,1000
11/07/2000,MO,Lincoln,Bush,republican,580,1000
11/07/2000,VA,Arlington,Gore,democrat,580,1000
11/07/2000,VA,Arlington,Bush,republican,420,1000
11/07/2000,IN,Hamilton,Gore,democrat,510,1000
11/07/2000,IN,Hamilton,Bush,republican,490,1000
11/07/2000,MO,Boone,Gore,democrat,580,1000
11/07/2000,MO,Boone,Bush,republican,420,1000
11/07/2000,IN,Putnam,Gore,democrat,420,1000
11/07/2000,IN,Putnam,Bush,republican,580,1000
11/07/2000,IA,Des_Moines,Gore,democrat,580,1000
11/07/2000,IA,Des_Moines,Bush,republican,420,1000
11/07/2000,VA,Roanoke_Co,Gore,democrat,470,1000
11/07/2000,VA,Roanoke_Co,Bush,republican,530,1000
11/07/2000,IA,Louisa,Gore,democrat,530,1000
11/07/2000,IA,Louisa,Bush,republican,470,1000
11/07/2000,WI,Marquette,Gore,democrat,470,1000
11/07/2000,WI,Marquette,Bush,republican,530,1000
11/07/2000,WA,Franklin,Gore,democrat,497,1000
11/07/2000,WA,Franklin,Bush,republican,503,1000
11/07/2000,WY,Carbon,Gore,democrat,420,1000
11/07/2000,WY,Carbon,Bush,republican,580,1000
11/07/2000,OH,Monroe,Gore,democrat,470,1000
11/07/2000,OH,Monroe,Bush,republican,530,1000
11/07/2000,TX,Fayette,Gore,democrat,420,1000
11/07/2000,TX,Fayette,Bush,republican,580,1000
11/07/2000,TN,Cannon,Gore,democrat,420,1000
11/07/2000,TN,Cannon,Bush,republican,580,1000
11/07/2000,WV,Monroe,Gore,democrat,420,1000
11/07/2000,WV,Monroe,Bush,republican,580,1000
11/07/2000,MS,Harrison,Gore,democrat,530,1000
11/07/2000,MS,Harrison,Bush,republican,470,1000
11/07/2000,WV,Nicholas,Gore,democrat,420,1000
11/07/2000,WV,Nicholas,Bush,republican,580,1000
11/07/2000,WA,Kitsap,Gore,democrat,580,1000
11/07/2000,WA,Kitsap,Bush,republican,420,1000
11/07/2000,WI,Green,Gore,democrat,470,1000
11/07/2000,WI,Green,Bush,republican,530,1000
11/07/2000,AZ,Graham,Gore,democrat,420,1000
11/07/2000,AZ,Graham,Bush,republican,580,1000
11/07/2000,AR,Pope,Gore,democrat,420,1000
11/07/2000,AR,Pope,Bush,republican,580,1000
11/07/2000,OR,Clackamas,Gore,democrat,580,1000
11/07/2000,OR,Clackamas,Bush,republican,420,1000
11/07/2000,KS,Graham,Gore,democrat,420,1000
11/07/2000,KS,Graham,Bush,republican,580,1000
11/07/2000,KS,Jewell,Gore,democrat,420,1000
11/07/2000,KS,Jewell,Bush,republican,580,1000
11/07/2000,MN,Lake_of_the_Woods,Gore,democrat,470,1000
11/07/2000,MN,Lake_of_the_Woods,Bush,republican,530,1000
11/07/2000,NE,Burt,Gore,democrat,420,1000
11/07/2000,NE,Burt,Bush,republican,580,1000
11/07/2000,AR,Sebastian,Gore,democrat,420,1000
11/07/2000,AR,Sebastian,Bush,republican,580,1000
11/07/2000,CO,Dolores,Gore,democrat,470,1000
11/07/2000,CO,Dolores,Bush,republican,530,1000
11/07/2000,GA,Columbia,Gore,democrat,470,1000
11/07/2000,GA,Columbia,Bush,republican,530,1000
11/07/2000,ID,Cassia,Gore,democrat,420,1000
11/07/2000,ID,Cassia,Bush,republican,580,1000
11/07/2000,IN,Clark,Gore,democrat,470,1000
11/07/2000,IN,Clark,Bush,republican,530,1000
11/07/2000,WV,Pocahontas,Gore,democrat,420,1000
11/07/2000,WV,Pocahontas,Bush,republican,580,1000
11/07/2000,IN,Randolph,Gore,democrat,420,1000
11/07/2000,IN,Randolph,Bush,republican,580,1000
11/07/2000,WV,Raleigh,Gore,democrat,420,1000
11/07/2000,WV,Raleigh,Bush,republican,580,1000
11/07/2000,WV,Wyoming,Gore,democrat,420,1000
11/07/2000,WV,Wyoming,Bush,republican,580,1000
11/07/2000,CA,Mariposa,Gore,democrat,470,1000
11/07/2000,CA,Mariposa,Bush,republican,530,1000
11/07/2000,CO,Weld,Gore,democrat,470,1000
11/07/2000,CO,Weld,Bush,republican,530,1000
11/07/2000,IA,Humboldt,Gore,democrat,470,1000
11/07/2000,IA,Humboldt,Bush,republican,530,1000
11/07/2000,KS,Shawnee,Gore,democrat,530,1000
11/07/2000,KS,Shawnee,Bush,republican,470,1000
11/07/2000,KY,Washington,Gore,democrat,420,1000
11/07/2000,KY,Washington,Bush,republican,580,1000
11/07/2000,MI,Oscoda,Gore,democrat,420,1000
11/07/2000,MI,Oscoda,Bush,republican,580,1000
11/07/2000,NE,Hamilton,Gore,democrat,420,1000
11/07/2000,NE,Hamilton,Bush,republican,580,1000
11/07/2000,WI,Clark,Gore,democrat,470,1000
11/07/2000,WI,Clark,Bush,republican,530,1000
11/07/2000,MT,Carter,Gore,democrat,420,1000
11/07/2000,MT,Carter,Bush,republican,580,1000
11/07/2000,KS,Ottawa,Gore,democrat,420,1000
11/07/2000,KS,Ottawa,Bush,republican,580,1000
11/07/2000,KS,Republic,Gore,democrat,420,1000
11/07/2000,KS,Republic,Bush,republican,580,1000
11/07/2000,NE,Dixon,Gore,democrat,420,1000
11/07/2000,NE,Dixon,Bush,republican,580,1000
11/07/2000,MN,Redwood,Gore,democrat,420,1000
11/07/2000,MN,Redwood,Bush,republican,580,1000
11/07/2000,WI,Douglas,Gore,democrat,580,1000
11/07/2000,WI,Douglas,Bush,republican,420,1000
11/07/2000,KS,Marshall,Gore,democrat,420,1000
11/07/2000,KS,Marshall,Bush,republican,580,1000
11/07/2000,LA,East_Carroll,Gore,democrat,580,1000
11/07/2000,LA,East_Carroll,Bush,republican,420,1000
11/07/2000,MD,Somerset,Gore,democrat,510,1000
11/07/2000,MD,Somerset,Bush,republican,490,1000
11/07/2000,NM,Santa_Fe,Gore,democrat,580,1000
11/07/2000,NM,Santa_Fe,Bush,republican,420,1000
11/07/2000,AR,Craighead,Gore,democrat,420,1000
11/07/2000,AR,Craighead,Bush,republican,580,1000
11/07/2000,FL,Pasco,Gore,democrat,530,1000
11/07/2000,FL,Pasco,Bush,republican,470,1000
11/07/2000,GA,Echols,Gore,democrat,420,1000
11/07/2000,GA,Echols,Bush,republican,580,1000
11/07/2000,IN,Dearborn,Gore,democrat,420,1000
11/07/2000,IN,Dearborn,Bush,republican,580,1000
11/07/2000,IA,Allamakee,Gore,democrat,530,1000
11/07/2000,IA,Allamakee,Bush,republican,470,1000
11/07/2000,NC,Washington,Gore,democrat,580,1000
11/07/2000,NC,Washington,Bush,republican,420,1000
11/07/2000,OH,Stark,Gore,democrat,503,1000
11/07/2000,OH,Stark,Bush,republican,497,1000
11/07/2000,OK,Ottawa,Gore,democrat,420,1000
11/07/2000,OK,Ottawa,Bush,republican,580,1000
11/07/2000,PA,Clearfield,Gore,democrat,420,1000
11/07/2000,PA,Clearfield,Bush,republican,580,1000
11/07/2000,TN,Gibson,Gore,democrat,420,1000
11/07/2000,TN,Gibson,Bush,republican,580,1000
11/07/2000,TN,Robertson,Gore,democrat,420,1000
11/07/2000,TN,Robertson,Bush,republican,580,1000
11/07/2000,KY,Caldwell,Gore,democrat,420,1000
11/07/2000,KY,Caldwell,Bush,republican,580,1000
11/07/2000,AR,Fulton,Gore,democrat,420,1000
11/07/2000,AR,Fulton,Bush,republican,580,1000
11/07/2000,LA,Catahoula,Gore,democrat,420,1000
11/07/2000,LA,Catahoula,Bush,republican,580,1000
11/07/2000,LA,Franklin,Gore,democrat,420,1000
11/07/2000,LA,Franklin,Bush,republican,580,1000
11/07/2000,GA,Macon,Gore,democrat,580,1000
11/07/2000,GA,Macon,Bush,republican,420,1000
11/07/2000,MN,Winona,Gore,democrat,530,1000
11/07/2000,MN,Winona,Bush,republican,470,1000
11/07/2000,NC,Martin,Gore,democrat,580,1000
11/07/2000,NC,Martin,Bush,republican,420,1000
11/07/2000,OH,Adams,Gore,democrat,420,1000
11/07/2000,OH,Adams,Bush,republican,580,1000
11/07/2000,NJ,Cape_May,Gore,democrat,470,1000
11/07/2000,NJ,Cape_May,Bush,republican,530,1000
11/07/2000,NE,Saunders,Gore,democrat,470,1000
11/07/2000,NE,Saunders,Bush,republican,530,1000
11/07/2000,GA,McDuffie,Gore,democrat,470,1000
11/07/2000,GA,McDuffie,Bush,republican,530,1000
11/07/2000,GA,Laurens,Gore,democrat,420,1000
11/07/2000,GA,Laurens,Bush,republican,580,1000
11/07/2000,OR,Umatilla,Gore,democrat,420,1000
11/07/2000,OR,Umatilla,Bush,republican,580,1000
11/07/2000,GA,Dawson,Gore,democrat,420,1000
11/07/2000,GA,Dawson,Bush,republican,580,1000
11/07/2000,GA,Jefferson,Gore,democrat,530,1000
11/07/2000,GA,Jefferson,Bush,republican,470,1000
11/07/2000,AK,Juneau,Gore,democrat,580,1000
11/07/2000,AK,Juneau,Bush,republican,420,1000
11/07/2000,OK,Kay,Gore,democrat,420,1000
11/07/2000,OK,Kay,Bush,republican,580,1000
11/07/2000,NY,Warren,Gore,democrat,530,1000
11/07/2000,NY,Warren,Bush,republican,470,1000
11/07/2000,NY,Saratoga,Gore,democrat,530,1000
11/07/2000,NY,Saratoga,Bush,republican,470,1000
11/07/2000,LA,St_John_the_Baptist,Gore,democrat,580,1000
11/07/2000,LA,St_John_the_Baptist,Bush,republican,420,1000
11/07/2000,TX,Hopkins,Gore,democrat,420,1000
11/07/2000,TX,Hopkins,Bush,republican,580,1000
11/07/2000,NV,Churchill,Gore,democrat,420,1000
11/07/2000,NV,Churchill,Bush,republican,580,1000
11/07/2000,TX,Williamson,Gore,democrat,530,1000
11/07/2000,TX,Williamson,Bush,republican,470,1000
11/07/2000,WY,Weston,Gore,democrat,420,1000
11/07/2000,WY,Weston,Bush,republican,580,1000
11/07/2000,CA,Humboldt,Gore,democrat,580,1000
11/07/2000,CA,Humboldt,Bush,republican,420,1000
11/07/2000,NJ,Somerset,Gore,democrat,580,1000
11/07/2000,NJ,Somerset,Bush,republican,420,1000
11/07/2000,TX,Hamilton,Gore,democrat,420,1000
11/07/2000,TX,Hamilton,Bush,republican,580,1000
11/07/2000,TX,Hardeman,Gore,democrat,420,1000
11/07/2000,TX,Hardeman,Bush,republican,580,1000
11/07/2000,AK,Aleutians_West,Gore,democrat,470,1000
11/07/2000,AK,Aleutians_West,Bush,republican,530,1000
11/07/2000,IL,Tazewell,Gore,democrat,490,1000
11/07/2000,IL,Tazewell,Bush,republican,510,1000
11/07/2000,CO,Yuma,Gore,democrat,420,1000
11/07/2000,CO,Yuma,Bush,republican,580,1000
11/07/2000,IA,Sac,Gore,democrat,420,1000
11/07/2000,IA,Sac,Bush,republican,580,1000
11/07/2000,IA,Sioux,Gore,democrat,420,1000
11/07/2000,IA,Sioux,Bush,republican,580,1000
11/07/2000,TX,Coleman,Gore,democrat,420,1000
11/07/2000,TX,Coleman,Bush,republican,580,1000
11/07/2000,GA,Bartow,Gore,democrat,420,1000
11/07/2000,GA,Bartow,Bush,republican,580,1000
11/07/2000,OK,Osage,Gore,democrat,420,1000
11/07/2000,OK,Osage,Bush,republican,580,1000
11/07/2000,NY,Albany,Gore,democrat,580,1000
11/07/2000,NY,Albany,Bush,republican,420,1000
11/07/2000,MS,Jefferson,Gore,democrat,580,1000
11/07/2000,MS,Jefferson,Bush,republican,420,1000
11/07/2000,TN,Lincoln,Gore,democrat,420,1000
11/07/2000,TN,Lincoln,Bush,republican,580,1000
11/07/2000,VA,Madison,Gore,democrat,420,1000
11/07/2000,VA,Madison,Bush,republican,580,1000
11/07/2000,OK,Atoka,Gore,democrat,420,1000
11/07/2000,OK,Atoka,Bush,republican,580,1000
11/07/2000,IA,Dallas,Gore,democrat,530,1000
11/07/2000,IA,Dallas,Bush,republican,470,1000
11/07/2000,AK,Fairbanks_North_Star,Gore,democrat,490,1000
11/07/2000,AK,Fairbanks_North_Star,Bush,republican,510,1000
11/07/2000,ND,Pembina,Gore,democrat,420,1000
11/07/2000,ND,Pembina,Bush,republican,580,1000
11/07/2000,AR,Izard,Gore,democrat,420,1000
11/07/2000,AR,Izard,Bush,republican,580,1000
11/07/2000,VA,Alexandria,Gore,democrat,580,1000
11/07/2000,VA,Alexandria,Bush,republican,420,1000
11/07/2000,VA,Buena_Vista,Gore,democrat,420,1000
11/07/2000,VA,Buena_Vista,Bush,republican,580,1000
11/07/2000,IA,Polk,Gore,democrat,580,1000
11/07/2000,IA,Polk,Bush,republican,420,1000
11/07/2000,FL,Polk,Gore,democrat,530,1000
11/07/2000,FL,Polk,Bush,republican,470,1000
11/07/2000,GA,Early,Gore,democrat,470,1000
11/07/2000,GA,Early,Bush,republican,530,1000
11/07/2000,TX,Terrell,Gore,democrat,420,1000
11/07/2000,TX,Terrell,Bush,republican,580,1000
11/07/2000,IL,Wayne,Gore,democrat,420,1000
11/07/2000,IL,Wayne,Bush,republican,580,1000
11/07/2000,FL,Sumter,Gore,democrat,470,1000
11/07/2000,FL,Sumter,Bush,republican,530,1000
11/07/2000,TX,Burleson,Gore,democrat,420,1000
11/07/2000,TX,Burleson,Bush,republican,580,1000
11/07/2000,VA,Fauquier,Gore,democrat,470,1000
11/07/2000,VA,Fauquier,Bush,republican,530,1000
11/07/2000,NY,Washington,Gore,democrat,497,1000
11/07/2000,NY,Washington,Bush,republican,503,1000
11/07/2000,TX,Waller,Gore,democrat,470,1000
11/07/2000,TX,Waller,Bush,republican,530,1000
11/07/2000,MI,Cass,Gore,democrat,470,1000
11/07/2000,MI,Cass,Bush,republican,530,1000
11/07/2000,ID,Caribou,Gore,democrat,420,1000
11/07/2000,ID,Caribou,Bush,republican,580,1000
11/07/2000,FL,Sarasota,Gore,democrat,530,1000
11/07/2000,FL,Sarasota,Bush,republican,470,1000
11/07/2000,GA,Emanuel,Gore,democrat,420,1000
11/07/2000,GA,Emanuel,Bush,republican,580,1000
11/07/2000,GA,Talbot,Gore,democrat,580,1000
11/07/2000,GA,Talbot,Bush,republican,420,1000
11/07/2000,PA,York,Gore,democrat,470,1000
11/07/2000,PA,York,Bush,republican,530,1000
11/07/2000,NE,Dodge,Gore,democrat,420,1000
11/07/2000,NE,Dodge,Bush,republican,580,1000
11/07/2000,NC,Granville,Gore,democrat,470,1000
11/07/2000,NC,Granville,Bush,republican,530,1000
11/07/2000,PA,Allegheny,Gore,democrat,580,1000
11/07/2000,PA,Allegheny,Bush,republican,420,1000
11/07/2000,CA,Trinity,Gore,democrat,510,1000
11/07/2000,CA,Trinity,Bush,republican,490,1000
11/07/2000,IL,Hardin,Gore,democrat,420,1000
11/07/2000,IL,Hardin,Bush,republican,580,1000
11/07/2000,GA,Lumpkin,Gore,democrat,420,1000
11/07/2000,GA,Lumpkin,Bush,republican,580,1000
11/07/2000,OK,Johnston,Gore,democrat,420,1000
11/07/2000,OK,Johnston,Bush,republican,580,1000
11/07/2000,TX,Montgomery,Gore,democrat,420,1000
11/07/2000,TX,Montgomery,Bush,republican,580,1000
11/07/2000,OK,McIntosh,Gore,democrat,470,1000
11/07/2000,OK,McIntosh,Bush,republican,530,1000
11/07/2000,OK,Marshall,Gore,democrat,420,1000
11/07/2000,OK,Marshall,Bush,republican,580,1000
11/07/2000,TX,Robertson,Gore,democrat,420,1000
11/07/2000,TX,Robertson,Bush,republican,580,1000
11/07/2000,WI,Sauk,Gore,democrat,580,1000
11/07/2000,WI,Sauk,Bush,republican,420,1000
11/07/2000,AR,Prairie,Gore,democrat,420,1000
11/07/2000,AR,Prairie,Bush,republican,580,1000
11/07/2000,WI,Milwaukee,Gore,democrat,580,1000
11/07/2000,WI,Milwaukee,Bush,republican,420,1000
11/07/2000,WI,Jackson,Gore,democrat,490,1000
11/07/2000,WI,Jackson,Bush,republican,510,1000
11/07/2000,WI,Oconto,Gore,democrat,420,1000
11/07/2000,WI,Oconto,Bush,republican,580,1000
11/07/2000,AK,Denali,Gore,democrat,470,1000
11/07/2000,AK,Denali,Bush,republican,530,1000
11/07/2000,WI,Vilas,Gore,democrat,420,1000
11/07/2000,WI,Vilas,Bush,republican,580,1000
11/07/2000,CA,Inyo,Gore,democrat,510,1000
11/07/2000,CA,Inyo,Bush,republican,490,1000
11/07/2000,NC,Iredell,Gore,democrat,420,1000
11/07/2000,NC,Iredell,Bush,republican,580,1000
11/07/2000,AR,Pulaski,Gore,democrat,580,1000
11/07/2000,AR,Pulaski,Bush,republican,420,1000
11/07/2000,MO,Vernon,Gore,democrat,420,1000
11/07/2000,MO,Vernon,Bush,republican,580,1000
11/07/2000,IL,Carroll,Gore,democrat,470,1000
11/07/2000,IL,Carroll,Bush,republican,530,1000
11/07/2000,GA,Hart,Gore,democrat,420,1000
11/07/2000,GA,Hart,Bush,republican,580,1000
11/07/2000,IL,Adams,Gore,democrat,420,1000
11/07/2000,IL,Adams,Bush,republican,580,1000
11/07/2000,TX,Tyler,Gore,democrat,420,1000
11/07/2000,TX,Tyler,Bush,republican,580,1000
11/07/2000,GA,Lamar,Gore,democrat,420,1000
11/07/2000,GA,Lamar,Bush,republican,580,1000
11/07/2000,TX,Polk,Gore,democrat,420,1000
11/07/2000,TX,Polk,Bush,republican,580,1000
11/07/2000,CA,Sacramento,Gore,democrat,580,1000
11/07/2000,CA,Sacramento,Bush,republican,420,1000
11/07/2000,OK,Pushmataha,Gore,democrat,420,1000
11/07/2000,OK,Pushmataha,Bush,republican,580,1000
11/07/2000,VA,Greene,Gore,democrat,420,1000
11/07/2000,VA,Greene,Bush,republican,580,1000
11/07/2000,OH,Belmont,Gore,democrat,470,1000
11/07/2000,OH,Belmont,Bush,republican,530,1000
11/07/2000,WI,Washburn,Gore,democrat,470,1000
11/07/2000,WI,Washburn,Bush,republican,530,1000
11/07/2000,AR,Ouachita,Gore,democrat,470,1000
11/07/2000,AR,Ouachita,Bush,republican,530,1000
11/07/2000,SC,Colleton,Gore,democrat,510,1000
11/07/2000,SC,Colleton,Bush,republican,490,1000
11/07/2000,PA,Butler,Gore,democrat,420,1000
11/07/2000,PA,Butler,Bush,republican,580,1000
11/07/2000,AR,Sevier,Gore,democrat,420,1000
11/07/2000,AR,Sevier,Bush,republican,580,1000
11/07/2000,OH,Lorain,Gore,democrat,580,1000
11/07/2000,OH,Lorain,Bush,republican,420,1000
11/07/2000,LA,St_Mary,Gore,democrat,420,1000
11/07/2000,LA,St_Mary,Bush,republican,580,1000
11/07/2000,MO,Pike,Gore,democrat,420,1000
11/07/2000,MO,Pike,Bush,republican,580,1000
11/07/2000,OK,Craig,Gore,democrat,420,1000
11/07/2000,OK,Craig,Bush,republican,580,1000
11/07/2000,KS,Sedgwick,Gore,democrat,530,1000
11/07/2000,KS,Sedgwick,Bush,republican,470,1000
11/07/2000,IN,Jasper,Gore,democrat,420,1000
11/07/2000,IN,Jasper,Bush,republican,580,1000
11/07/2000,CA,Napa,Gore,democrat,580,1000
11/07/2000,CA,Napa,Bush,republican,420,1000
11/07/2000,TX,Loving,Gore,democrat,420,1000
11/07/2000,TX,Loving,Bush,republican,580,1000
11/07/2000,MO,Johnson,Gore,democrat,420,1000
11/07/2000,MO,Johnson,Bush,republican,580,1000
11/07/2000,CO,Broomfield,Gore,democrat,580,1000
11/07/2000,CO,Broomfield,Bush,republican,420,1000
11/07/2000,VA,Page,Gore,democrat,420,1000
11/07/2000,VA,Page,Bush,republican,580,1000
11/07/2000,WV,Mason,Gore,democrat,420,1000
11/07/2000,WV,Mason,Bush,republican,580,1000
11/07/2000,AL,Winston,Gore,democrat,420,1000
11/07/2000,AL,Winston,Bush,republican,580,1000
11/07/2000,AL,Perry,Gore,democrat,420,1000
11/07/2000,AL,Perry,Bush,republican,580,1000
11/07/2000,OH,Meigs,Gore,democrat,420,1000
11/07/2000,OH,Meigs,Bush,republican,580,1000
11/07/2000,SD,Buffalo,Gore,democrat,420,1000
11/07/2000,SD,Buffalo,Bush,republican,580,1000
11/07/2000,SD,Mellette,Gore,democrat,420,1000
11/07/2000,SD,Mellette,Bush,republican,580,1000
11/07/2000,NY,Chautauqua,Gore,democrat,470,1000
11/07/2000,NY,Chautauqua,Bush,republican,530,1000
11/07/2000,SD,Oglala_Lakota,Gore,democrat,580,1000
11/07/2000,SD,Oglala_Lakota,Bush,republican,420,1000
11/07/2000,DC,District_of_Columbia,Gore,democrat,580,1000
11/07/2000,DC,District_of_Columbia,Bush,republican,420,1000
11/07/2000,10,New_Castle,Gore,democrat,580,1000
11/07/2000,10,New_Castle,Bush,republican,420,1000
11/07/2000,CO,Denver,Gore,democrat,580,1000
11/07/2000,CO,Denver,Bush,republican,420,1000
11/07/2000,NJ,Morris,Gore,democrat,530,1000
11/07/2000,NJ,Morris,Bush,republican,470,1000
11/07/2000,AL,Hale,Gore,democrat,420,1000
11/07/2000,AL,Hale,Bush,republican,580,1000
11/07/2000,OH,Washington,Gore,democrat,420,1000
11/07/2000,OH,Washington,Bush,republican,580,1000
11/07/2000,WV,Calhoun,Gore,democrat,420,1000
11/07/2000,WV,Calhoun,Bush,republican,580,1000
11/07/2000,PA,Crawford,Gore,democrat,420,1000
11/07/2000,PA,Crawford,Bush,republican,580,1000
11/07/2000,SD,Todd,Gore,democrat,420,1000
11/07/2000,SD,Todd,Bush,republican,580,1000
11/07/2000,MT,Dawson,Gore,democrat,420,1000
11/07/2000,MT,Dawson,Bush,republican,580,1000
11/07/2000,TX,Montague,Gore,democrat,420,1000
11/07/2000,TX,Montague,Bush,republican,580,1000
11/07/2000,MT,Richland,Gore,democrat,420,1000
11/07/2000,MT,Richland,Bush,republican,580,1000
11/07/2000,TX,Gray,Gore,democrat,420,1000
11/07/2000,TX,Gray,Bush,republican,580,1000
11/07/2000,AR,Greene,Gore,democrat,470,1000
11/07/2000,AR,Greene,Bush,republican,530,1000
11/07/2000,GA,Appling,Gore,democrat,420,1000
11/07/2000,GA,Appling,Bush,republican,580,1000
11/07/2000,AL,Elmore,Gore,democrat,420,1000
11/07/2000,AL,Elmore,Bush,republican,580,1000
11/07/2000,GA,Coweta,Gore,democrat,420,1000
11/07/2000,GA,Coweta,Bush,republican,580,1000
11/07/2000,IN,Elkhart,Gore,democrat,420,1000
11/07/2000,IN,Elkhart,Bush,republican,580,1000
11/07/2000,NC,Yadkin,Gore,democrat,420,1000
11/07/2000,NC,Yadkin,Bush,republican,580,1000
11/07/2000,AL,Chilton,Gore,democrat,420,1000
11/07/2000,AL,Chilton,Bush,republican,580,1000
11/07/2000,OH,Wood,Gore,democrat,510,1000
11/07/2000,OH,Wood,Bush,republican,490,1000
11/07/2000,NY,Westchester,Gore,democrat,580,1000
11/07/2000,NY,Westchester,Bush,republican,420,1000
11/07/2000,LA,Orleans,Gore,democrat,580,1000
11/07/2000,LA,Orleans,Bush,republican,420,1000
11/07/2000,WV,Mineral,Gore,democrat,420,1000
11/07/2000,WV,Mineral,Bush,republican,580,1000
11/07/2000,AL,Walker,Gore,democrat,420,1000
11/07/2000,AL,Walker,Bush,republican,580,1000
11/07/2000,WV,Monongalia,Gore,democrat,530,1000
11/07/2000,WV,Monongalia,Bush,republican,470,1000
11/07/2000,WV,Pleasants,Gore,democrat,420,1000
11/07/2000,WV,Pleasants,Bush,republican,580,1000
11/07/2000,NY,Rensselaer,Gore,democrat,510,1000
11/07/2000,NY,Rensselaer,Bush,republican,490,1000
11/07/2000,NC,Cleveland,Gore,democrat,420,1000
11/07/2000,NC,Cleveland,Bush,republican,580,1000
11/07/2000,NC,Gaston,Gore,democrat,470,1000
11/07/2000,NC,Gaston,Bush,republican,530,1000
11/07/2000,NJ,Cumberland,Gore,democrat,580,1000
11/07/2000,NJ,Cumberland,Bush,republican,420,1000
11/07/2000,CO,Eagle,Gore,democrat,580,1000
11/07/2000,CO,Eagle,Bush,republican,420,1000
11/07/2000,TX,Jack,Gore,democrat,420,1000
11/07/2000,TX,Jack,Bush,republican,580,1000
11/07/2000,AL,Coosa,Gore,democrat,420,1000
11/07/2000,AL,Coosa,Bush,republican,580,1000
11/07/2000,FL,St_Lucie,Gore,democrat,530,1000
11/07/2000,FL,St_Lucie,Bush,republican,470,1000
11/07/2000,AL,Henry,Gore,democrat,420,1000
11/07/2000,AL,Henry,Bush,republican,580,1000
11/07/2000,CA,Santa_Cruz,Gore,democrat,580,1000
11/07/2000,CA,Santa_Cruz,Bush,republican,420,1000
11/07/2000,KS,Labette,Gore,democrat,470,1000
11/07/2000,KS,Labette,Bush,republican,530,1000
11/07/2000,GA,Baldwin,Gore,democrat,580,1000
11/07/2000,GA,Baldwin,Bush,republican,420,1000
11/07/2000,LA,St_Bernard,Gore,democrat,470,1000
11/07/2000,LA,St_Bernard,Bush,republican,530,1000
11/07/2000,VA,Suffolk,Gore,democrat,580,1000
11/07/2000,VA,Suffolk,Bush,republican,420,1000
11/07/2000,CO,Jefferson,Gore,democrat,530,1000
11/07/2000,CO,Jefferson,Bush,republican,470,1000
11/07/2000,WV,Pendleton,Gore,democrat,420,1000
11/07/2000,WV,Pendleton,Bush,republican,580,1000
11/07/2000,VA,Tazewell,Gore,democrat,420,1000
11/07/2000,VA,Tazewell,Bush,republican,580,1000
11/07/2000,MO,Clark,Gore,democrat,420,1000
11/07/2000,MO,Clark,Bush,republican,580,1000
11/07/2000,NJ,Salem,Gore,democrat,530,1000
11/07/2000,NJ,Salem,Bush,republican,470,1000
11/07/2000,PA,Warren,Gore,democrat,420,1000
11/07/2000,PA,Warren,Bush,republican,580,1000
11/07/2000,ND,Grand_Forks,Gore,democrat,470,1000
11/07/2000,ND,Grand_Forks,Bush,republican,530,1000
11/07/2000,OK,Delaware,Gore,democrat,420,1000
11/07/2000,OK,Delaware,Bush,republican,580,1000
11/07/2000,CO,Hinsdale,Gore,democrat,470,1000
11/07/2000,CO,Hinsdale,Bush,republican,530,1000
11/07/2000,AL,Macon,Gore,democrat,470,1000
11/07/2000,AL,Macon,Bush,republican,530,1000
11/07/2000,VA,Carroll,Gore,democrat,420,1000
11/07/2000,VA,Carroll,Bush,republican,580,1000
11/07/2000,CA,Placer,Gore,democrat,470,1000
11/07/2000,CA,Placer,Bush,republican,530,1000
11/07/2000,OH,Medina,Gore,democrat,470,1000
11/07/2000,OH,Medina,Bush,republican,530,1000
11/07/2000,OK,Cotton,Gore,democrat,420,1000
11/07/2000,OK,Cotton,Bush,republican,580,1000
11/07/2000,OK,Jackson,Gore,democrat,420,1000
11/07/2000,OK,Jackson,Bush,republican,580,1000
11/07/2000,LA,Ouachita,Gore,democrat,420,1000
11/07/2000,LA,Ouachita,Bush,republican,580,1000
11/07/2000,CO,El_Paso,Gore,democrat,470,1000
11/07/2000,CO,El_Paso,Bush,republican,530,1000
11/07/2000,WV,Ritchie,Gore,democrat,420,1000
11/07/2000,WV,Ritchie,Bush,republican,580,1000
11/07/2000,VA,Floyd,Gore,democrat,420,1000
11/07/2000,VA,Floyd,Bush,republican,580,1000
11/07/2000,MT,Fallon,Gore,democrat,420,1000
11/07/2000,MT,Fallon,Bush,republican,580,1000
11/07/2000,MT,Prairie,Gore,democrat,420,1000
11/07/2000,MT,Prairie,Bush,republican,580,1000
11/07/2000,TX,Brown,Gore,democrat,420,1000
11/07/2000,TX,Brown,Bush,republican,580,1000
11/07/2000,TX,Ector,Gore,democrat,420,1000
11/07/2000,TX,Ector,Bush,republican,580,1000
11/07/2000,UT,Emery,Gore,democrat,420,1000
11/07/2000,UT,Emery,Bush,republican,580,1000
11/07/2000,NY,Richmond,Gore,democrat,530,1000
11/07/2000,NY,Richmond,Bush,republican,470,1000
11/07/2000,NC,Dare,Gore,democrat,580,1000
11/07/2000,NC,Dare,Bush,republican,420,1000
11/07/2000,NE,Butler,Gore,democrat,420,1000
11/07/2000,NE,Butler,Bush,republican,580,1000
11/07/2000,TX,Lamar,Gore,democrat,420,1000
11/07/2000,TX,Lamar,Bush,republican,580,1000
11/07/2000,KS,Dickinson,Gore,democrat,420,1000
11/07/2000,KS,Dickinson,Bush,republican,580,1000
11/07/2000,ID,Jerome,Gore,democrat,420,1000
11/07/2000,ID,Jerome,Bush,republican,580,1000
11/07/2000,OH,Mercer,Gore,democrat,420,1000
11/07/2000,OH,Mercer,Bush,republican,580,1000
11/07/2000,IL,Livingston,Gore,democrat,420,1000
11/07/2000,IL,Livingston,Bush,republican,580,1000
11/07/2000,IA,Dubuque,Gore,democrat,530,1000
11/07/2000,IA,Dubuque,Bush,republican,470,1000
11/07/2000,ID,Madison,Gore,democrat,420,1000
11/07/2000,ID,Madison,Bush,republican,580,1000
11/07/2000,LA,Plaquemines,Gore,democrat,420,1000
11/07/2000,LA,Plaquemines,Bush,republican,580,1000
11/07/2000,LA,Pointe_Coupee,Gore,democrat,490,1000
11/07/2000,LA,Pointe_Coupee,Bush,republican,510,1000
11/07/2000,MT,Missoula,Gore,democrat,580,1000
11/07/2000,MT,Missoula,Bush,republican,420,1000
11/07/2000,UT,Grand,Gore,democrat,420,1000
11/07/2000,UT,Grand,Bush,republican,580,1000
11/07/2000,TX,Bexar,Gore,democrat,580,1000
11/07/2000,TX,Bexar,Bush,republican,420,1000
11/07/2000,HI,Honolulu,Gore,democrat,580,1000
11/07/2000,HI,Honolulu,Bush,republican,420,1000
11/07/2000,GA,Oglethorpe,Gore,democrat,420,1000
11/07/2000,GA,Oglethorpe,Bush,republican,580,1000
11/07/2000,GA,Peach,Gore,democrat,530,1000
11/07/2000,GA,Peach,Bush,republican,470,1000
11/07/2000,OH,Clinton,Gore,democrat,420,1000
11/07/2000,OH,Clinton,Bush,republican,580,1000
11/07/2000,GA,Randolph,Gore,democrat,530,1000
11/07/2000,GA,Randolph,Bush,republican,470,1000
11/07/2000,GA,Jasper,Gore,democrat,420,1000
11/07/2000,GA,Jasper,Bush,republican,580,1000
11/07/2000,TX,Jackson,Gore,democrat,420,1000
11/07/2000,TX,Jackson,Bush,republican,580,1000
11/07/2000,GA,Troup,Gore,democrat,420,1000
11/07/2000,GA,Troup,Bush,republican,580,1000
11/07/2000,GA,Brantley,Gore,democrat,420,1000
11/07/2000,GA,Brantley,Bush,republican,580,1000
11/07/2000,GA,Bryan,Gore,democrat,580,1000
11/07/2000,GA,Bryan,Bush,republican,420,1000
11/07/2000,TX,Leon,Gore,democrat,420,1000
11/07/2000,TX,Leon,Bush,republican,580,1000
11/07/2000,CA,Merced,Gore,democrat,530,1000
11/07/2000,CA,Merced,Bush,republican,470,1000
11/07/2000,FL,Martin,Gore,democrat,470,1000
11/07/2000,FL,Martin,Bush,republican,530,1000
11/07/2000,TX,Ward,Gore,democrat,420,1000
11/07/2000,TX,Ward,Bush,republican,580,1000
11/07/2000,TX,Wichita,Gore,democrat,420,1000
11/07/2000,TX,Wichita,Bush,republican,580,1000
11/07/2000,NY,Cayuga,Gore,democrat,530,1000
11/07/2000,NY,Cayuga,Bush,republican,470,1000
11/07/2000,NC,Hertford,Gore,democrat,580,1000
11/07/2000,NC,Hertford,Bush,republican,420,1000
11/07/2000,CO,Park,Gore,democrat,420,1000
11/07/2000,CO,Park,Bush,republican,580,1000
11/07/2000,CO,Teller,Gore,democrat,420,1000
11/07/2000,CO,Teller,Bush,republican,580,1000
11/07/2000,UT,Sevier,Gore,democrat,420,1000
11/07/2000,UT,Sevier,Bush,republican,580,1000
11/07/2000,UT,Tooele,Gore,democrat,420,1000
11/07/2000,UT,Tooele,Bush,republican,580,1000
11/07/2000,TX,Maverick,Gore,democrat,420,1000
11/07/2000,TX,Maverick,Bush,republican,580,1000
11/07/2000,FL,Suwannee,Gore,democrat,420,1000
11/07/2000,FL,Suwannee,Bush,republican,580,1000
11/07/2000,UT,Wasatch,Gore,democrat,420,1000
11/07/2000,UT,Wasatch,Bush,republican,580,1000
11/07/2000,OR,Malheur,Gore,democrat,420,1000
11/07/2000,OR,Malheur,Bush,republican,580,1000
11/07/2000,GA,Fayette,Gore,democrat,530,1000
11/07/2000,GA,Fayette,Bush,republican,470,1000
11/07/2000,KY,Floyd,Gore,democrat,420,1000
11/07/2000,KY,Floyd,Bush,republican,580,1000
11/07/2000,CO,Logan,Gore,democrat,420,1000
11/07/2000,CO,Logan,Bush,republican,580,1000
11/07/2000,OH,Montgomery,Gore,democrat,530,1000
11/07/2000,OH,Montgomery,Bush,republican,470,1000
11/07/2000,CO,Mesa,Gore,democrat,420,1000
11/07/2000,CO,Mesa,Bush,republican,580,1000
11/07/2000,IA,Howard,Gore,democrat,530,1000
11/07/2000,IA,Howard,Bush,republican,470,1000
11/07/2000,IL,Menard,Gore,democrat,420,1000
11/07/2000,IL,Menard,Bush,republican,580,1000
11/07/2000,TX,Mills,Gore,democrat,420,1000
11/07/2000,TX,Mills,Bush,republican,580,1000
11/07/2000,IL,Monroe,Gore,democrat,510,1000
11/07/2000,IL,Monroe,Bush,republican,490,1000
11/07/2000,OR,Douglas,Gore,democrat,420,1000
11/07/2000,OR,Douglas,Bush,republican,580,1000
11/07/2000,WI,Crawford,Gore,democrat,510,1000
11/07/2000,WI,Crawford,Bush,republican,490,1000
11/07/2000,TX,Haskell,Gore,democrat,420,1000
11/07/2000,TX,Haskell,Bush,republican,580,1000
11/07/2000,OK,Logan,Gore,democrat,420,1000
11/07/2000,OK,Logan,Bush,republican,580,1000
11/07/2000,WA,Grays_Harbor,Gore,democrat,530,1000
11/07/2000,WA,Grays_Harbor,Bush,republican,470,1000
11/07/2000,WA,Lincoln,Gore,democrat,420,1000
11/07/2000,WA,Lincoln,Bush,republican,580,1000
11/07/2000,WA,Okanogan,Gore,democrat,490,1000
11/07/2000,WA,Okanogan,Bush,republican,510,1000
11/07/2000,IA,Monona,Gore,democrat,470,1000
11/07/2000,IA,Monona,Bush,republican,530,1000
11/07/2000,GA,Taliaferro,Gore,democrat,580,1000
11/07/2000,GA,Taliaferro,Bush,republican,420,1000
11/07/2000,OK,Greer,Gore,democrat,420,1000
11/07/2000,OK,Greer,Bush,republican,580,1000
11/07/2000,GA,Terrell,Gore,democrat,530,1000
11/07/2000,GA,Terrell,Bush,republican,470,1000
11/07/2000,MD,Queen_Anne_s,Gore,democrat,470,1000
11/07/2000,MD,Queen_Anne_s,Bush,republican,530,1000
11/07/2000,OH,Noble,Gore,democrat,420,1000
11/07/2000,OH,Noble,Bush,republican,580,1000
11/07/2000,CO,Prowers,Gore,democrat,420,1000
11/07/2000,CO,Prowers,Bush,republican,580,1000
11/07/2000,ID,Latah,Gore,democrat,530,1000
11/07/2000,ID,Latah,Bush,republican,470,1000
11/07/2000,VA,Gloucester,Gore,democrat,420,1000
11/07/2000,VA,Gloucester,Bush,republican,580,1000
11/07/2000,CO,Rio_Blanco,Gore,democrat,420,1000
11/07/2000,CO,Rio_Blanco,Bush,republican,580,1000
11/07/2000,TX,Pecos,Gore,democrat,420,1000
11/07/2000,TX,Pecos,Bush,republican,580,1000
11/07/2000,IA,Marion,Gore,democrat,510,1000
11/07/2000,IA,Marion,Bush,republican,490,1000
11/07/2000,OH,Preble,Gore,democrat,420,1000
11/07/2000,OH,Preble,Bush,republican,580,1000
11/07/2000,GA,Rabun,Gore,democrat,420,1000
11/07/2000,GA,Rabun,Bush,republican,580,1000
11/07/2000,MO,Taney,Gore,democrat,420,1000
11/07/2000,MO,Taney,Bush,republican,580,1000
11/07/2000,TX,Marion,Gore,democrat,420,1000
11/07/2000,TX,Marion,Bush,republican,580,1000
11/07/2000,AR,Washington,Gore,democrat,530,1000
11/07/2000,AR,Washington,Bush,republican,470,1000
11/07/2000,WA,Skagit,Gore,democrat,530,1000
11/07/2000,WA,Skagit,Bush,republican,470,1000
11/07/2000,WA,Stevens,Gore,democrat,470,1000
11/07/2000,WA,Stevens,Bush,republican,530,1000
11/07/2000,TX,Matagorda,Gore,democrat,420,1000
11/07/2000,TX,Matagorda,Bush,republican,580,1000
11/07/2000,MA,Hampshire,Gore,democrat,580,1000
11/07/2000,MA,Hampshire,Bush,republican,420,1000
11/07/2000,OK,Mayes,Gore,democrat,420,1000
11/07/2000,OK,Mayes,Bush,republican,580,1000
11/07/2000,FL,Lake,Gore,democrat,490,1000
11/07/2000,FL,Lake,Bush,republican,510,1000
11/07/2000,10,Kent,Gore,democrat,530,1000
11/07/2000,10,Kent,Bush,republican,470,1000
11/07/2000,OH,Highland,Gore,democrat,420,1000
11/07/2000,OH,Highland,Bush,republican,580,1000
11/07/2000,GA,Clarke,Gore,democrat,580,1000
11/07/2000,GA,Clarke,Bush,republican,420,1000
11/07/2000,IA,Osceola,Gore,democrat,420,1000
11/07/2000,IA,Osceola,Bush,republican,580,1000
11/07/2000,CO,San_Juan,Gore,democrat,580,1000
11/07/2000,CO,San_Juan,Bush,republican,420,1000
11/07/2000,IA,Plymouth,Gore,democrat,420,1000
11/07/2000,IA,Plymouth,Bush,republican,580,1000
11/07/2000,VA,Hanover,Gore,democrat,470,1000
11/07/2000,VA,Hanover,Bush,republican,530,1000
11/07/2000,IA,Mills,Gore,democrat,420,1000
11/07/2000,IA,Mills,Bush,republican,580,1000
11/07/2000,SC,Oconee,Gore,democrat,420,1000
11/07/2000,SC,Oconee,Bush,republican,580,1000
11/07/2000,AR,Crawford,Gore,democrat,420,1000
11/07/2000,AR,Crawford,Bush,republican,580,1000
11/07/2000,TX,Harrison,Gore,democrat,420,1000
11/07/2000,TX,Harrison,Bush,republican,580,1000
11/07/2000,NY,Herkimer,Gore,democrat,420,1000
11/07/2000,NY,Herkimer,Bush,republican,580,1000
11/07/2000,WA,Whatcom,Gore,democrat,580,1000
11/07/2000,WA,Whatcom,Bush,republican,420,1000
11/07/2000,GA,Whitfield,Gore,democrat,420,1000
11/07/2000,GA,Whitfield,Bush,republican,580,1000
11/07/2000,WA,Douglas,Gore,democrat,470,1000
11/07/2000,WA,Douglas,Bush,republican,530,1000
11/07/2000,GA,Clinch,Gore,democrat,420,1000
11/07/2000,GA,Clinch,Bush,republican,580,1000
11/07/2000,ID,Adams,Gore,democrat,420,1000
11/07/2000,ID,Adams,Bush,republican,580,1000
11/07/2000,TX,Hockley,Gore,democrat,420,1000
11/07/2000,TX,Hockley,Bush,republican,580,1000
11/07/2000,IL,Pulaski,Gore,democrat,470,1000
11/07/2000,IL,Pulaski,Bush,republican,530,1000
11/07/2000,GA,Chattahoochee,Gore,democrat,510,1000
11/07/2000,GA,Chattahoochee,Bush,republican,490,1000
11/07/2000,AR,Randolph,Gore,democrat,420,1000
11/07/2000,AR,Randolph,Bush,republican,580,1000
11/07/2000,AR,White,Gore,democrat,420,1000
11/07/2000,AR,White,Bush,republican,580,1000
11/07/2000,MO,Howard,Gore,democrat,420,1000
11/07/2000,MO,Howard,Bush,republican,580,1000
11/07/2000,TX,Knox,Gore,democrat,420,1000
11/07/2000,TX,Knox,Bush,republican,580,1000
11/07/2000,NJ,Passaic,Gore,democrat,580,1000
11/07/2000,NJ,Passaic,Bush,republican,420,1000
11/07/2000,MT,Broadwater,Gore,democrat,420,1000
11/07/2000,MT,Broadwater,Bush,republican,580,1000
11/07/2000,GA,Jones,Gore,democrat,470,1000
11/07/2000,GA,Jones,Bush,republican,530,1000
11/07/2000,NY,Otsego,Gore,democrat,530,1000
11/07/2000,NY,Otsego,Bush,republican,470,1000
11/07/2000,TX,Franklin,Gore,democrat,420,1000
11/07/2000,TX,Franklin,Bush,republican,580,1000
11/07/2000,OK,Garvin,Gore,democrat,420,1000
11/07/2000,OK,Garvin,Bush,republican,580,1000
11/07/2000,NY,Hamilton,Gore,democrat,420,1000
11/07/2000,NY,Hamilton,Bush,republican,580,1000
11/07/2000,PA,Pike,Gore,democrat,490,1000
11/07/2000,PA,Pike,Bush,republican,510,1000
11/07/2000,VT,Orleans,Gore,democrat,580,1000
11/07/2000,VT,Orleans,Bush,republican,420,1000
11/07/2000,GA,Colquitt,Gore,democrat,420,1000
11/07/2000,GA,Colquitt,Bush,republican,580,1000
11/07/2000,VT,Chittenden,Gore,democrat,580,1000
11/07/2000,VT,Chittenden,Bush,republican,420,1000
11/07/2000,MT,Pondera,Gore,democrat,420,1000
11/07/2000,MT,Pondera,Bush,republican,580,1000
11/07/2000,WI,Columbia,Gore,democrat,530,1000
11/07/2000,WI,Columbia,Bush,republican,470,1000
11/07/2000,NE,Thurston,Gore,democrat,530,1000
11/07/2000,NE,Thurston,Bush,republican,470,1000
11/07/2000,AR,Woodruff,Gore,democrat,510,1000
11/07/2000,AR,Woodruff,Bush,republican,490,1000
11/07/2000,OK,Okfuskee,Gore,democrat,420,1000
11/07/2000,OK,Okfuskee,Bush,republican,580,1000
11/07/2000,TX,San_Patricio,Gore,democrat,470,1000
11/07/2000,TX,San_Patricio,Bush,republican,530,1000
11/07/2000,MS,Rankin,Gore,democrat,470,1000
11/07/2000,MS,Rankin,Bush,republican,530,1000
11/07/2000,NM,Curry,Gore,democrat,420,1000
11/07/2000,NM,Curry,Bush,republican,580,1000
11/07/2000,MS,Leflore,Gore,democrat,530,1000
11/07/2000,MS,Leflore,Bush,republican,470,1000
11/07/2000,TX,Hardin,Gore,democrat,420,1000
11/07/2000,TX,Hardin,Bush,republican,580,1000
11/07/2000,VA,Nelson,Gore,democrat,470,1000
11/07/2000,VA,Nelson,Bush,republican,530,1000
11/07/2000,TN,Jackson,Gore,democrat,420,1000
11/07/2000,TN,Jackson,Bush,republican,580,1000
11/07/2000,TX,Refugio,Gore,democrat,420,1000
11/07/2000,TX,Refugio,Bush,republican,580,1000
11/07/2000,FL,Columbia,Gore,democrat,420,1000
11/07/2000,FL,Columbia,Bush,republican,580,1000
11/07/2000,KS,Atchison,Gore,democrat,470,1000
11/07/2000,KS,Atchison,Bush,republican,530,1000
11/07/2000,AL,Jefferson,Gore,democrat,530,1000
11/07/2000,AL,Jefferson,Bush,republican,470,1000
11/07/2000,TX,Houston,Gore,democrat,420,1000
11/07/2000,TX,Houston,Bush,republican,580,1000
11/07/2000,WV,Marshall,Gore,democrat,420,1000
11/07/2000,WV,Marshall,Bush,republican,580,1000
11/07/2000,VA,Pulaski,Gore,democrat,420,1000
11/07/2000,VA,Pulaski,Bush,republican,580,1000
11/07/2000,MO,DeKalb,Gore,democrat,420,1000
11/07/2000,MO,DeKalb,Bush,republican,580,1000
11/07/2000,GA,Harris,Gore,democrat,420,1000
11/07/2000,GA,Harris,Bush,republican,580,1000
11/07/2000,GA,Houston,Gore,democrat,470,1000
11/07/2000,GA,Houston,Bush,republican,530,1000
11/07/2000,CO,Custer,Gore,democrat,470,1000
11/07/2000,CO,Custer,Bush,republican,530,1000
11/07/2000,MO,Reynolds,Gore,democrat,420,1000
11/07/2000,MO,Reynolds,Bush,republican,580,1000
11/07/2000,TX,San_Saba,Gore,democrat,420,1000
11/07/2000,TX,San_Saba,Bush,republican,580,1000
11/07/2000,CO,Fremont,Gore,democrat,420,1000
11/07/2000,CO,Fremont,Bush,republican,580,1000
11/07/2000,TX,Webb,Gore,democrat,490,1000
11/07/2000,TX,Webb,Bush,republican,510,1000
11/07/2000,KY,Pulaski,Gore,democrat,420,1000
11/07/2000,KY,Pulaski,Bush,republican,580,1000
11/07/2000,KS,Thomas,Gore,democrat,420,1000
11/07/2000,KS,Thomas,Bush,republican,580,1000
11/07/2000,UT,Box_Elder,Gore,democrat,420,1000
11/07/2000,UT,Box_Elder,Bush,republican,580,1000
11/07/2000,TN,Marion,Gore,democrat,420,1000
11/07/2000,TN,Marion,Bush,republican,580,1000
11/07/2000,MN,Chisago,Gore,democrat,420,1000
11/07/2000,MN,Chisago,Bush,republican,580,1000
11/07/2000,NC,Transylvania,Gore,democrat,490,1000
11/07/2000,NC,Transylvania,Bush,republican,510,1000
11/07/2000,MT,Treasure,Gore,democrat,420,1000
11/07/2000,MT,Treasure,Bush,republican,580,1000
11/07/2000,WA,Thurston,Gore,democrat,580,1000
11/07/2000,WA,Thurston,Bush,republican,420,1000
11/07/2000,MI,Barry,Gore,democrat,470,1000
11/07/2000,MI,Barry,Bush,republican,530,1000
11/07/2000,UT,Juab,Gore,democrat,420,1000
11/07/2000,UT,Juab,Bush,republican,580,1000
11/07/2000,VA,King_William,Gore,democrat,420,1000
11/07/2000,VA,King_William,Bush,republican,580,1000
11/07/2000,GA,Catoosa,Gore,democrat,420,1000
11/07/2000,GA,Catoosa,Bush,republican,580,1000
11/07/2000,NJ,Bergen,Gore,democrat,580,1000
11/07/2000,NJ,Bergen,Bush,republican,420,1000
11/07/2000,TX,Wilbarger,Gore,democrat,420,1000
11/07/2000,TX,Wilbarger,Bush,republican,580,1000
11/07/2000,OR,Coos,Gore,democrat,503,1000
11/07/2000,OR,Coos,Bush,republican,497,1000
11/07/2000,AZ,Yuma,Gore,democrat,490,1000
11/07/2000,AZ,Yuma,Bush,republican,510,1000
11/07/2000,IL,Rock_Island,Gore,democrat,580,1000
11/07/2000,IL,Rock_Island,Bush,republican,420,1000
11/07/2000,KY,Fleming,Gore,democrat,420,1000
11/07/2000,KY,Fleming,Bush,republican,580,1000
11/07/2000,WI,Menominee,Gore,democrat,580,1000
11/07/2000,WI,Menominee,Bush,republican,420,1000
11/07/2000,OK,Ellis,Gore,democrat,420,1000
11/07/2000,OK,Ellis,Bush,republican,580,1000
11/07/2000,VA,Alleghany,Gore,democrat,420,1000
11/07/2000,VA,Alleghany,Bush,republican,580,1000
11/07/2000,SD,Charles_Mix,Gore,democrat,420,1000
11/07/2000,SD,Charles_Mix,Bush,republican,580,1000
11/07/2000,TN,Hardeman,Gore,democrat,420,1000
11/07/2000,TN,Hardeman,Bush,republican,580,1000
11/07/2000,MT,Glacier,Gore,democrat,580,1000
11/07/2000,MT,Glacier,Bush,republican,420,1000
11/07/2000,MT,Park,Gore,democrat,497,1000
11/07/2000,MT,Park,Bush,republican,503,1000
11/07/2000,GA,Elbert,Gore,democrat,420,1000
11/07/2000,GA,Elbert,Bush,republican,580,1000
11/07/2000,MT,Sanders,Gore,democrat,420,1000
11/07/2000,MT,Sanders,Bush,republican,580,1000
11/07/2000,TX,Van_Zandt,Gore,democrat,420,1000
11/07/2000,TX,Van_Zandt,Bush,republican,580,1000
11/07/2000,NE,Gage,Gore,democrat,420,1000
11/07/2000,NE,Gage,Bush,republican,580,1000
11/07/2000,LA,St_Landry,Gore,democrat,470,1000
11/07/2000,LA,St_Landry,Bush,republican,530,1000
11/07/2000,ME,Knox,Gore,democrat,580,1000
11/07/2000,ME,Knox,Bush,republican,420,1000
11/07/2000,NV,Lyon,Gore,democrat,420,1000
11/07/2000,NV,Lyon,Bush,republican,580,1000
11/07/2000,AL,Colbert,Gore,democrat,420,1000
11/07/2000,AL,Colbert,Bush,republican,580,1000
11/07/2000,LA,Lincoln,Gore,democrat,420,1000
11/07/2000,LA,Lincoln,Bush,republican,580,1000
11/07/2000,CA,El_Dorado,Gore,democrat,530,1000
11/07/2000,CA,El_Dorado,Bush,republican,470,1000
11/07/2000,ID,Shoshone,Gore,democrat,530,1000
11/07/2000,ID,Shoshone,Bush,republican,470,1000
11/07/2000,TN,Wilson,Gore,democrat,420,1000
11/07/2000,TN,Wilson,Bush,republican,580,1000
11/07/2000,ND,Mercer,Gore,democrat,420,1000
11/07/2000,ND,Mercer,Bush,republican,580,1000
11/07/2000,TN,Unicoi,Gore,democrat,420,1000
11/07/2000,TN,Unicoi,Bush,republican,580,1000
11/07/2000,WY,Goshen,Gore,democrat,420,1000
11/07/2000,WY,Goshen,Bush,republican,580,1000
11/07/2000,MN,Nicollet,Gore,democrat,530,1000
11/07/2000,MN,Nicollet,Bush,republican,470,1000
11/07/2000,WA,Garfield,Gore,democrat,420,1000
11/07/2000,WA,Garfield,Bush,republican,580,1000
11/07/2000,MO,Cape_Girardeau,Gore,democrat,420,1000
11/07/2000,MO,Cape_Girardeau,Bush,republican,580,1000
11/07/2000,OK,Pawnee,Gore,democrat,420,1000
11/07/2000,OK,Pawnee,Bush,republican,580,1000
11/07/2000,NC,Swain,Gore,democrat,470,1000
11/07/2000,NC,Swain,Bush,republican,530,1000
11/07/2000,VA,Culpeper,Gore,democrat,490,1000
11/07/2000,VA,Culpeper,Bush,republican,510,1000
11/07/2000,NY,Tioga,Gore,democrat,490,1000
11/07/2000,NY,Tioga,Bush,republican,510,1000
11/07/2000,NC,Jackson,Gore,democrat,530,1000
11/07/2000,NC,Jackson,Bush,republican,470,1000
11/07/2000,TX,Bosque,Gore,democrat,420,1000
11/07/2000,TX,Bosque,Bush,republican,580,1000
11/07/2000,IL,Pope,Gore,democrat,420,1000
11/07/2000,IL,Pope,Bush,republican,580,1000
11/07/2000,IA,Buchanan,Gore,democrat,530,1000
11/07/2000,IA,Buchanan,Bush,republican,470,1000
11/07/2000,TN,Fentress,Gore,democrat,420,1000
11/07/2000,TN,Fentress,Bush,republican,580,1000
11/07/2000,IL,Sangamon,Gore,democrat,530,1000
11/07/2000,IL,Sangamon,Bush,republican,470,1000
11/07/2000,KS,Franklin,Gore,democrat,420,1000
11/07/2000,KS,Franklin,Bush,republican,580,1000
11/07/2000,OR,Jackson,Gore,democrat,530,1000
11/07/2000,OR,Jackson,Bush,republican,470,1000
11/07/2000,ID,Fremont,Gore,democrat,420,1000
11/07/2000,ID,Fremont,Bush,republican,580,1000
11/07/2000,NE,Holt,Gore,democrat,420,1000
11/07/2000,NE,Holt,Bush,republican,580,1000
11/07/2000,MO,Jackson,Gore,democrat,580,1000
11/07/2000,MO,Jackson,Bush,republican,420,1000
11/07/2000,VA,King_George,Gore,democrat,470,1000
11/07/2000,VA,King_George,Bush,republican,530,1000
11/07/2000,TX,Caldwell,Gore,democrat,530,1000
11/07/2000,TX,Caldwell,Bush,republican,470,1000
11/07/2000,VA,Lancaster,Gore,democrat,490,1000
11/07/2000,VA,Lancaster,Bush,republican,510,1000
11/07/2000,MO,Chariton,Gore,democrat,420,1000
11/07/2000,MO,Chariton,Bush,republican,580,1000
11/07/2000,MT,Cascade,Gore,democrat,510,1000
11/07/2000,MT,Cascade,Bush,republican,490,1000
11/07/2000,VA,Mathews,Gore,democrat,420,1000
11/07/2000,VA,Mathews,Bush,republican,580,1000
11/07/2000,OK,Bryan,Gore,democrat,420,1000
11/07/2000,OK,Bryan,Bush,republican,580,1000
11/07/2000,TX,Washington,Gore,democrat,420,1000
11/07/2000,TX,Washington,Bush,republican,580,1000
11/07/2000,OH,Gallia,Gore,democrat,420,1000
11/07/2000,OH,Gallia,Bush,republican,580,1000
11/07/2000,TN,Hamilton,Gore,democrat,530,1000
11/07/2000,TN,Hamilton,Bush,republican,470,1000
11/07/2000,NE,Sheridan,Gore,democrat,420,1000
11/07/2000,NE,Sheridan,Bush,republican,580,1000
11/07/2000,IL,Jo_Daviess,Gore,democrat,490,1000
11/07/2000,IL,Jo_Daviess,Bush,republican,510,1000
11/07/2000,SD,Corson,Gore,democrat,420,1000
11/07/2000,SD,Corson,Bush,republican,580,1000
11/07/2000,MO,Lafayette,Gore,democrat,420,1000
11/07/2000,MO,Lafayette,Bush,republican,580,1000
11/07/2000,PA,Montgomery,Gore,democrat,580,1000
11/07/2000,PA,Montgomery,Bush,republican,420,1000
11/07/2000,MD,Prince_George_s,Gore,democrat,580,1000
11/07/2000,MD,Prince_George_s,Bush,republican,420,1000
11/07/2000,VA,Middlesex,Gore,democrat,420,1000
11/07/2000,VA,Middlesex,Bush,republican,580,1000
11/07/2000,ID,Owyhee,Gore,democrat,420,1000
11/07/2000,ID,Owyhee,Bush,republican,580,1000
11/07/2000,KS,Doniphan,Gore,democrat,420,1000
11/07/2000,KS,Doniphan,Bush,republican,580,1000
11/07/2000,NC,Graham,Gore,democrat,420,1000
11/07/2000,NC,Graham,Bush,republican,580,1000
11/07/2000,AL,Lamar,Gore,democrat,420,1000
11/07/2000,AL,Lamar,Bush,republican,580,1000
11/07/2000,GA,Coffee,Gore,democrat,420,1000
11/07/2000,GA,Coffee,Bush,republican,580,1000
11/07/2000,CO,Ouray,Gore,democrat,580,1000
11/07/2000,CO,Ouray,Bush,republican,420,1000
11/07/2000,NC,Henderson,Gore,democrat,470,1000
11/07/2000,NC,Henderson,Bush,republican,530,1000
11/07/2000,ID,Elmore,Gore,democrat,420,1000
11/07/2000,ID,Elmore,Bush,republican,580,1000
11/07/2000,ID,Jefferson,Gore,democrat,420,1000
11/07/2000,ID,Jefferson,Bush,republican,580,1000
11/07/2000,IN,Lake,Gore,democrat,580,1000
11/07/2000,IN,Lake,Bush,republican,420,1000
11/07/2000,PA,Lycoming,Gore,democrat,420,1000
11/07/2000,PA,Lycoming,Bush,republican,580,1000
11/07/2000,NJ,Hunterdon,Gore,democrat,510,1000
11/07/2000,NJ,Hunterdon,Bush,republican,490,1000
11/07/2000,VA,Smyth,Gore,democrat,420,1000
11/07/2000,VA,Smyth,Bush,republican,580,1000
11/07/2000,VA,Spotsylvania,Gore,democrat,530,1000
11/07/2000,VA,Spotsylvania,Bush,republican,470,1000
11/07/2000,NE,Sarpy,Gore,democrat,510,1000
11/07/2000,NE,Sarpy,Bush,republican,490,1000
11/07/2000,OK,Harmon,Gore,democrat,420,1000
11/07/2000,OK,Harmon,Bush,republican,580,1000
11/07/2000,GA,Toombs,Gore,democrat,420,1000
11/07/2000,GA,Toombs,Bush,republican,580,1000
11/07/2000,KS,Harper,Gore,democrat,420,1000
11/07/2000,KS,Harper,Bush,republican,580,1000
11/07/2000,AL,Shelby,Gore,democrat,420,1000
11/07/2000,AL,Shelby,Bush,republican,580,1000
11/07/2000,AR,Calhoun,Gore,democrat,420,1000
11/07/2000,AR,Calhoun,Bush,republican,580,1000
11/07/2000,NY,Columbia,Gore,democrat,580,1000
11/07/2000,NY,Columbia,Bush,republican,420,1000
11/07/2000,GA,Warren,Gore,democrat,580,1000
11/07/2000,GA,Warren,Bush,republican,420,1000
11/07/2000,OR,Linn,Gore,democrat,490,1000
11/07/2000,OR,Linn,Bush,republican,510,1000
11/07/2000,SD,Gregory,Gore,democrat,420,1000
11/07/2000,SD,Gregory,Bush,republican,580,1000
11/07/2000,TX,San_Jacinto,Gore,democrat,420,1000
11/07/2000,TX,San_Jacinto,Bush,republican,580,1000
11/07/2000,IL,Calhoun,Gore,democrat,420,1000
11/07/2000,IL,Calhoun,Bush,republican,580,1000
11/07/2000,FL,Brevard,Gore,democrat,470,1000
11/07/2000,FL,Brevard,Bush,republican,530,1000
11/07/2000,NE,Scotts_Bluff,Gore,democrat,420,1000
11/07/2000,NE,Scotts_Bluff,Bush,republican,580,1000
11/07/2000,ND,Nelson,Gore,democrat,490,1000
11/07/2000,ND,Nelson,Bush,republican,510,1000
11/07/2000,ME,Androscoggin,Gore,democrat,580,1000
11/07/2000,ME,Androscoggin,Bush,republican,420,1000
11/07/2000,TX,Wise,Gore,democrat,420,1000
11/07/2000,TX,Wise,Bush,republican,580,1000
11/07/2000,TN,Rutherford,Gore,democrat,420,1000
11/07/2000,TN,Rutherford,Bush,republican,580,1000
11/07/2000,MI,Houghton,Gore,democrat,470,1000
11/07/2000,MI,Houghton,Bush,republican,530,1000
11/07/2000,KY,Leslie,Gore,democrat,420,1000
11/07/2000,KY,Leslie,Bush,republican,580,1000
11/07/2000,NC,Harnett,Gore,democrat,470,1000
11/07/2000,NC,Harnett,Bush,republican,530,1000
11/07/2000,KY,Perry,Gore,democrat,420,1000
11/07/2000,KY,Perry,Bush,republican,580,1000
11/07/2000,IL,DuPage,Gore,democrat,580,1000
11/07/2000,IL,DuPage,Bush,republican,420,1000
11/07/2000,MN,Anoka,Gore,democrat,530,1000
11/07/2000,MN,Anoka,Bush,republican,470,1000
11/07/2000,CA,Butte,Gore,democrat,530,1000
11/07/2000,CA,Butte,Bush,republican,470,1000
11/07/2000,MN,Stearns,Gore,democrat,420,1000
11/07/2000,MN,Stearns,Bush,republican,580,1000
11/07/2000,MN,Sherburne,Gore,democrat,420,1000
11/07/2000,MN,Sherburne,Bush,republican,580,1000
11/07/2000,MO,Jasper,Gore,democrat,420,1000
11/07/2000,MO,Jasper,Bush,republican,580,1000
11/07/2000,GA,Wayne,Gore,democrat,420,1000
11/07/2000,GA,Wayne,Bush,republican,580,1000
11/07/2000,MD,Frederick,Gore,democrat,530,1000
11/07/2000,MD,Frederick,Bush,republican,470,1000
11/07/2000,AL,Dallas,Gore,democrat,530,1000
11/07/2000,AL,Dallas,Bush,republican,470,1000
11/07/2000,MI,Genesee,Gore,democrat,580,1000
11/07/2000,MI,Genesee,Bush,republican,420,1000
11/07/2000,NC,Hoke,Gore,democrat,530,1000
11/07/2000,NC,Hoke,Bush,republican,470,1000
11/07/2000,VA,Campbell,Gore,democrat,420,1000
11/07/2000,VA,Campbell,Bush,republican,580,1000
11/07/2000,MN,Jackson,Gore,democrat,470,1000
11/07/2000,MN,Jackson,Bush,republican,530,1000
11/07/2000,MI,St_Joseph,Gore,democrat,420,1000
11/07/2000,MI,St_Joseph,Bush,republican,580,1000
11/07/2000,KY,Bath,Gore,democrat,420,1000
11/07/2000,KY,Bath,Bush,republican,580,1000
11/07/2000,SD,Brookings,Gore,democrat,490,1000
11/07/2000,SD,Brookings,Bush,republican,510,1000
11/07/2000,TN,Cocke,Gore,democrat,420,1000
11/07/2000,TN,Cocke,Bush,republican,580,1000
11/07/2000,SD,Minnehaha,Gore,democrat,490,1000
11/07/2000,SD,Minnehaha,Bush,republican,510,1000
11/07/2000,SC,Abbeville,Gore,democrat,420,1000
11/07/2000,SC,Abbeville,Bush,republican,580,1000
11/07/2000,SC,Aiken,Gore,democrat,470,1000
11/07/2000,SC,Aiken,Bush,republican,530,1000
11/07/2000,TN,Dickson,Gore,democrat,420,1000
11/07/2000,TN,Dickson,Bush,republican,580,1000
11/07/2000,SC,Edgefield,Gore,democrat,420,1000
11/07/2000,SC,Edgefield,Bush,republican,580,1000
11/07/2000,MN,Lac_Qui_Parle,Gore,democrat,470,1000
11/07/2000,MN,Lac_Qui_Parle,Bush,republican,530,1000
11/07/2000,MT,Powell,Gore,democrat,470,1000
11/07/2000,MT,Powell,Bush,republican,530,1000
11/07/2000,OR,Union,Gore,democrat,420,1000
11/07/2000,OR,Union,Bush,republican,580,1000
11/07/2000,AK,Dillingham,Gore,democrat,470,1000
11/07/2000,AK,Dillingham,Bush,republican,530,1000
11/07/2000,IN,Jefferson,Gore,democrat,420,1000
11/07/2000,IN,Jefferson,Bush,republican,580,1000
11/07/2000,MS,Coahoma,Gore,democrat,580,1000
11/07/2000,MS,Coahoma,Bush,republican,420,1000
11/07/2000,NY,Orange,Gore,democrat,530,1000
11/07/2000,NY,Orange,Bush,republican,470,1000
11/07/2000,WI,Iron,Gore,democrat,490,1000
11/07/2000,WI,Iron,Bush,republican,510,1000
11/07/2000,KY,Franklin,Gore,democrat,530,1000
11/07/2000,KY,Franklin,Bush,republican,470,1000
11/07/2000,IN,Clinton,Gore,democrat,420,1000
11/07/2000,IN,Clinton,Bush,republican,580,1000
11/07/2000,LA,St_Charles,Gore,democrat,530,1000
11/07/2000,LA,St_Charles,Bush,republican,470,1000
11/07/2000,NC,Greene,Gore,democrat,490,1000
11/07/2000,NC,Greene,Bush,republican,510,1000
11/07/2000,TN,Lauderdale,Gore,democrat,420,1000
11/07/2000,TN,Lauderdale,Bush,republican,580,1000
11/07/2000,TN,DeKalb,Gore,democrat,420,1000
11/07/2000,TN,DeKalb,Bush,republican,580,1000
11/07/2000,FL,Citrus,Gore,democrat,470,1000
11/07/2000,FL,Citrus,Bush,republican,530,1000
11/07/2000,SC,Greenwood,Gore,democrat,470,1000
11/07/2000,SC,Greenwood,Bush,republican,530,1000
11/07/2000,TN,Perry,Gore,democrat,420,1000
11/07/2000,TN,Perry,Bush,republican,580,1000
11/07/2000,WI,Sheboygan,Gore,democrat,490,1000
11/07/2000,WI,Sheboygan,Bush,republican,510,1000
11/07/2000,SC,Spartanburg,Gore,democrat,490,1000
11/07/2000,SC,Spartanburg,Bush,republican,510,1000
11/07/2000,MN,Renville,Gore,democrat,420,1000
11/07/2000,MN,Renville,Bush,republican,580,1000
11/07/2000,MO,Cole,Gore,democrat,420,1000
11/07/2000,MO,Cole,Bush,republican,580,1000
11/07/2000,WY,Fremont,Gore,democrat,420,1000
11/07/2000,WY,Fremont,Bush,republican,580,1000
11/07/2000,TN,Claiborne,Gore,democrat,420,1000
11/07/2000,TN,Claiborne,Bush,republican,580,1000
11/07/2000,PA,Beaver,Gore,democrat,530,1000
11/07/2000,PA,Beaver,Bush,republican,470,1000
11/07/2000,PA,Erie,Gore,democrat,530,1000
11/07/2000,PA,Erie,Bush,republican,470,1000
11/07/2000,NC,Wayne,Gore,democrat,420,1000
11/07/2000,NC,Wayne,Bush,republican,580,1000
11/07/2000,TX,Hays,Gore,democrat,580,1000
11/07/2000,TX,Hays,Bush,republican,420,1000
11/07/2000,UT,Millard,Gore,democrat,420,1000
11/07/2000,UT,Millard,Bush,republican,580,1000
11/07/2000,AL,Tallapoosa,Gore,democrat,420,1000
11/07/2000,AL,Tallapoosa,Bush,republican,580,1000
11/07/2000,MN,Washington,Gore,democrat,580,1000
11/07/2000,MN,Washington,Bush,republican,420,1000
11/07/2000,IA,Lyon,Gore,democrat,420,1000
11/07/2000,IA,Lyon,Bush,republican,580,1000
11/07/2000,NY,Chemung,Gore,democrat,420,1000
11/07/2000,NY,Chemung,Bush,republican,580,1000
11/07/2000,NE,Red_Willow,Gore,democrat,420,1000
11/07/2000,NE,Red_Willow,Bush,republican,580,1000
11/07/2000,WV,Hancock,Gore,democrat,420,1000
11/07/2000,WV,Hancock,Bush,republican,580,1000
11/07/2000,FL,Okeechobee,Gore,democrat,420,1000
11/07/2000,FL,Okeechobee,Bush,republican,580,1000
11/07/2000,NE,Hitchcock,Gore,democrat,420,1000
11/07/2000,NE,Hitchcock,Bush,republican,580,1000
11/07/2000,LA,Cameron,Gore,democrat,420,1000
11/07/2000,LA,Cameron,Bush,republican,580,1000
11/07/2000,OK,Love,Gore,democrat,420,1000
11/07/2000,OK,Love,Bush,republican,580,1000
11/07/2000,IA,Bremer,Gore,democrat,530,1000
11/07/2000,IA,Bremer,Bush,republican,470,1000
11/07/2000,ID,Butte,Gore,democrat,420,1000
11/07/2000,ID,Butte,Bush,republican,580,1000
11/07/2000,AR,Lafayette,Gore,democrat,420,1000
11/07/2000,AR,Lafayette,Bush,republican,580,1000
11/07/2000,SD,Stanley,Gore,democrat,420,1000
11/07/2000,SD,Stanley,Bush,republican,580,1000
11/07/2000,OH,Franklin,Gore,democrat,580,1000
11/07/2000,OH,Franklin,Bush,republican,420,1000
11/07/2000,MT,Fergus,Gore,democrat,420,1000
11/07/2000,MT,Fergus,Bush,republican,580,1000
11/07/2000,NC,Davie,Gore,democrat,420,1000
11/07/2000,NC,Davie,Bush,republican,580,1000
11/07/2000,AR,Independence,Gore,democrat,420,1000
11/07/2000,AR,Independence,Bush,republican,580,1000
11/07/2000,NC,Pender,Gore,democrat,420,1000
11/07/2000,NC,Pender,Bush,republican,580,1000
11/07/2000,MO,Nodaway,Gore,democrat,420,1000
11/07/2000,MO,Nodaway,Bush,republican,580,1000
11/07/2000,NE,Seward,Gore,democrat,420,1000
11/07/2000,NE,Seward,Bush,republican,580,1000
11/07/2000,OK,Wagoner,Gore,democrat,420,1000
11/07/2000,OK,Wagoner,Bush,republican,580,1000
11/07/2000,OK,Harper,Gore,democrat,420,1000
11/07/2000,OK,Harper,Bush,republican,580,1000
11/07/2000,AL,Covington,Gore,democrat,420,1000
11/07/2000,AL,Covington,Bush,republican,580,1000
11/07/2000,KS,Greeley,Gore,democrat,420,1000
11/07/2000,KS,Greeley,Bush,republican,580,1000
11/07/2000,MI,Arenac,Gore,democrat,490,1000
11/07/2000,MI,Arenac,Bush,republican,510,1000
11/07/2000,TX,Jefferson,Gore,democrat,530,1000
11/07/2000,TX,Jefferson,Bush,republican,470,1000
11/07/2000,WI,Burnett,Gore,democrat,420,1000
11/07/2000,WI,Burnett,Bush,republican,580,1000
11/07/2000,IN,Floyd,Gore,democrat,470,1000
11/07/2000,IN,Floyd,Bush,republican,530,1000
11/07/2000,MI,Gogebic,Gore,democrat,490,1000
11/07/2000,MI,Gogebic,Bush,republican,510,1000
11/07/2000,GA,Union,Gore,democrat,420,1000
11/07/2000,GA,Union,Bush,republican,580,1000
11/07/2000,NJ,Middlesex,Gore,democrat,580,1000
11/07/2000,NJ,Middlesex,Bush,republican,420,1000
11/07/2000,AR,Monroe,Gore,democrat,490,1000
11/07/2000,AR,Monroe,Bush,republican,510,1000
11/07/2000,MN,Pennington,Gore,democrat,420,1000
11/07/2000,MN,Pennington,Bush,republican,580,1000
11/07/2000,RI,Washington,Gore,democrat,580,1000
11/07/2000,RI,Washington,Bush,republican,420,1000
11/07/2000,AR,Lonoke,Gore,democrat,420,1000
11/07/2000,AR,Lonoke,Bush,republican,580,1000
11/07/2000,NE,Dakota,Gore,democrat,490,1000
11/07/2000,NE,Dakota,Bush,republican,510,1000
11/07/2000,AR,Little_River,Gore,democrat,470,1000
11/07/2000,AR,Little_River,Bush,republican,530,1000
11/07/2000,AR,Logan,Gore,democrat,420,1000
11/07/2000,AR,Logan,Bush,republican,580,1000
11/07/2000,VA,Harrisonburg,Gore,democrat,420,1000
11/07/2000,VA,Harrisonburg,Bush,republican,580,1000
11/07/2000,NC,Mitchell,Gore,democrat,420,1000
11/07/2000,NC,Mitchell,Bush,republican,580,1000
11/07/2000,VA,York,Gore,democrat,470,1000
11/07/2000,VA,York,Bush,republican,530,1000
11/07/2000,LA,Rapides,Gore,democrat,470,1000
11/07/2000,LA,Rapides,Bush,republican,530,1000
11/07/2000,KS,Gove,Gore,democrat,420,1000
11/07/2000,KS,Gove,Bush,republican,580,1000
11/07/2000,VA,Powhatan,Gore,democrat,420,1000
11/07/2000,VA,Powhatan,Bush,republican,580,1000
11/07/2000,AR,Sharp,Gore,democrat,420,1000
11/07/2000,AR,Sharp,Bush,republican,580,1000
11/07/2000,MS,Tate,Gore,democrat,497,1000
11/07/2000,MS,Tate,Bush,republican,503,1000
11/07/2000,TN,Scott,Gore,democrat,420,1000
11/07/2000,TN,Scott,Bush,republican,580,1000
11/07/2000,ME,Penobscot,Gore,democrat,530,1000
11/07/2000,ME,Penobscot,Bush,republican,470,1000
11/07/2000,NC,Montgomery,Gore,democrat,420,1000
11/07/2000,NC,Montgomery,Bush,republican,580,1000
11/07/2000,NE,Sioux,Gore,democrat,420,1000
11/07/2000,NE,Sioux,Bush,republican,580,1000
11/07/2000,WA,Columbia,Gore,democrat,470,1000
11/07/2000,WA,Columbia,Bush,republican,530,1000
11/07/2000,CA,San_Francisco,Gore,democrat,580,1000
11/07/2000,CA,San_Francisco,Bush,republican,420,1000
11/07/2000,MO,Platte,Gore,democrat,530,1000
11/07/2000,MO,Platte,Bush,republican,470,1000
11/07/2000,ND,Traill,Gore,democrat,490,1000
11/07/2000,ND,Traill,Bush,republican,510,1000
11/07/2000,NJ,Atlantic,Gore,democrat,580,1000
11/07/2000,NJ,Atlantic,Bush,republican,420,1000
11/07/2000,VA,Chesterfield,Gore,democrat,580,1000
11/07/2000,VA,Chesterfield,Bush,republican,420,1000
11/07/2000,IN,LaGrange,Gore,democrat,420,1000
11/07/2000,IN,LaGrange,Bush,republican,580,1000
11/07/2000,CO,Garfield,Gore,democrat,530,1000
11/07/2000,CO,Garfield,Bush,republican,470,1000
11/07/2000,FL,Indian_River,Gore,democrat,470,1000
11/07/2000,FL,Indian_River,Bush,republican,530,1000
11/07/2000,NC,Rutherford,Gore,democrat,420,1000
11/07/2000,NC,Rutherford,Bush,republican,580,1000
11/07/2000,OH,Mahoning,Gore,democrat,580,1000
11/07/2000,OH,Mahoning,Bush,republican,420,1000
11/07/2000,KS,Clark,Gore,democrat,420,1000
11/07/2000,KS,Clark,Bush,republican,580,1000
11/07/2000,MO,Buchanan,Gore,democrat,470,1000
11/07/2000,MO,Buchanan,Bush,republican,530,1000
11/07/2000,OH,Lake,Gore,democrat,510,1000
11/07/2000,OH,Lake,Bush,republican,490,1000
11/07/2000,IN,Daviess,Gore,democrat,420,1000
11/07/2000,IN,Daviess,Bush,republican,580,1000
11/07/2000,IA,Muscatine,Gore,democrat,580,1000
11/07/2000,IA,Muscatine,Bush,republican,420,1000
11/07/2000,NJ,Hudson,Gore,democrat,580,1000
11/07/2000,NJ,Hudson,Bush,republican,420,1000
11/07/2000,CA,Plumas,Gore,democrat,470,1000
11/07/2000,CA,Plumas,Bush,republican,530,1000
11/07/2000,LA,Winn,Gore,democrat,420,1000
11/07/2000,LA,Winn,Bush,republican,580,1000
11/07/2000,AR,Pike,Gore,democrat,420,1000
11/07/2000,AR,Pike,Bush,republican,580,1000
11/07/2000,MO,St_Charles,Gore,democrat,497,1000
11/07/2000,MO,St_Charles,Bush,republican,503,1000
11/07/2000,IL,Knox,Gore,democrat,490,1000
11/07/2000,IL,Knox,Bush,republican,510,1000
11/07/2000,CA,San_Mateo,Gore,democrat,580,1000
11/07/2000,CA,San_Mateo,Bush,republican,420,1000
11/07/2000,AL,Crenshaw,Gore,democrat,420,1000
11/07/2000,AL,Crenshaw,Bush,republican,580,1000
11/07/2000,NC,Tyrrell,Gore,democrat,580,1000
11/07/2000,NC,Tyrrell,Bush,republican,420,1000
11/07/2000,KS,Johnson,Gore,democrat,580,1000
11/07/2000,KS,Johnson,Bush,republican,420,1000
11/07/2000,IN,Steuben,Gore,democrat,420,1000
11/07/2000,IN,Steuben,Bush,republican,580,1000
11/07/2000,CO,Kit_Carson,Gore,democrat,420,1000
11/07/2000,CO,Kit_Carson,Bush,republican,580,1000
11/07/2000,FL,Palm_Beach,Gore,democrat,580,1000
11/07/2000,FL,Palm_Beach,Bush,republican,420,1000
11/07/2000,IL,Marion,Gore,democrat,420,1000
11/07/2000,IL,Marion,Bush,republican,580,1000
11/07/2000,CO,Moffat,Gore,democrat,420,1000
11/07/2000,CO,Moffat,Bush,republican,580,1000
11/07/2000,MN,Norman,Gore,democrat,510,1000
11/07/2000,MN,Norman,Bush,republican,490,1000
11/07/2000,MO,Bollinger,Gore,democrat,420,1000
11/07/2000,MO,Bollinger,Bush,republican,580,1000
11/07/2000,VA,Appomattox,Gore,democrat,420,1000
11/07/2000,VA,Appomattox,Bush,republican,580,1000
11/07/2000,WA,Wahkiakum,Gore,democrat,530,1000
11/07/2000,WA,Wahkiakum,Bush,republican,470,1000
11/07/2000,GA,Richmond,Gore,democrat,580,1000
11/07/2000,GA,Richmond,Bush,republican,420,1000
11/07/2000,NC,Orange,Gore,democrat,580,1000
11/07/2000,NC,Orange,Bush,republican,420,1000
11/07/2000,PA,Armstrong,Gore,democrat,420,1000
11/07/2000,PA,Armstrong,Bush,republican,580,1000
11/07/2000,TX,Henderson,Gore,democrat,420,1000
11/07/2000,TX,Henderson,Bush,republican,580,1000
11/07/2000,GA,Stewart,Gore,democrat,580,1000
11/07/2000,GA,Stewart,Bush,republican,420,1000
11/07/2000,KY,Hardin,Gore,democrat,420,1000
11/07/2000,KY,Hardin,Bush,republican,580,1000
11/07/2000,MN,Morrison,Gore,democrat,420,1000
11/07/2000,MN,Morrison,Bush,republican,580,1000
11/07/2000,IL,Mason,Gore,democrat,470,1000
11/07/2000,IL,Mason,Bush,republican,530,1000
11/07/2000,TX,Red_River,Gore,democrat,420,1000
11/07/2000,TX,Red_River,Bush,republican,580,1000
11/07/2000,FL,Collier,Gore,democrat,470,1000
11/07/2000,FL,Collier,Bush,republican,530,1000
11/07/2000,TX,Travis,Gore,democrat,580,1000
11/07/2000,TX,Travis,Bush,republican,420,1000
11/07/2000,CA,Sutter,Gore,democrat,420,1000
11/07/2000,CA,Sutter,Bush,republican,580,1000
11/07/2000,CA,Lassen,Gore,democrat,420,1000
11/07/2000,CA,Lassen,Bush,republican,580,1000
11/07/2000,FL,Osceola,Gore,democrat,580,1000
11/07/2000,FL,Osceola,Bush,republican,420,1000
11/07/2000,ID,Teton,Gore,democrat,530,1000
11/07/2000,ID,Teton,Bush,republican,470,1000
11/07/2000,CO,Rio_Grande,Gore,democrat,470,1000
11/07/2000,CO,Rio_Grande,Bush,republican,530,1000
11/07/2000,MI,Delta,Gore,democrat,470,1000
11/07/2000,MI,Delta,Bush,republican,530,1000
11/07/2000,NY,Queens,Gore,democrat,580,1000
11/07/2000,NY,Queens,Bush,republican,420,1000
11/07/2000,OR,Curry,Gore,democrat,470,1000
11/07/2000,OR,Curry,Bush,republican,530,1000
11/07/2000,VA,Essex,Gore,democrat,470,1000
11/07/2000,VA,Essex,Bush,republican,530,1000
11/07/2000,OK,Tillman,Gore,democrat,420,1000
11/07/2000,OK,Tillman,Bush,republican,580,1000
11/07/2000,CO,Crowley,Gore,democrat,420,1000
11/07/2000,CO,Crowley,Bush,republican,580,1000
11/07/2000,CO,Pueblo,Gore,democrat,510,1000
11/07/2000,CO,Pueblo,Bush,republican,490,1000
11/07/2000,CO,Las_Animas,Gore,democrat,530,1000
11/07/2000,CO,Las_Animas,Bush,republican,470,1000
11/07/2000,OK,Adair,Gore,democrat,420,1000
11/07/2000,OK,Adair,Bush,republican,580,1000
11/07/2000,NY,Schoharie,Gore,democrat,420,1000
11/07/2000,NY,Schoharie,Bush,republican,580,1000
11/07/2000,NY,Broome,Gore,democrat,530,1000
11/07/2000,NY,Broome,Bush,republican,470,1000
11/07/2000,OH,Scioto,Gore,democrat,420,1000
11/07/2000,OH,Scioto,Bush,republican,580,1000
11/07/2000,OH,Seneca,Gore,democrat,470,1000
11/07/2000,OH,Seneca,Bush,republican,530,1000
11/07/2000,TX,Starr,Gore,democrat,420,1000
11/07/2000,TX,Starr,Bush,republican,580,1000
11/07/2000,GA,Glynn,Gore,democrat,420,1000
11/07/2000,GA,Glynn,Bush,republican,580,1000
11/07/2000,GA,Hall,Gore,democrat,420,1000
11/07/2000,GA,Hall,Bush,republican,580,1000
11/07/2000,TX,Brazoria,Gore,democrat,490,1000
11/07/2000,TX,Brazoria,Bush,republican,510,1000
11/07/2000,PA,Northumberland,Gore,democrat,470,1000
11/07/2000,PA,Northumberland,Bush,republican,530,1000
11/07/2000,MI,Washtenaw,Gore,democrat,580,1000
11/07/2000,MI,Washtenaw,Bush,republican,420,1000
11/07/2000,NC,Ashe,Gore,democrat,420,1000
11/07/2000,NC,Ashe,Bush,republican,580,1000
11/07/2000,VA,Russell,Gore,democrat,420,1000
11/07/2000,VA,Russell,Bush,republican,580,1000
11/07/2000,NC,Bladen,Gore,democrat,497,1000
11/07/2000,NC,Bladen,Bush,republican,503,1000
11/07/2000,KY,Johnson,Gore,democrat,420,1000
11/07/2000,KY,Johnson,Bush,republican,580,1000
11/07/2000,NC,Robeson,Gore,democrat,490,1000
11/07/2000,NC,Robeson,Bush,republican,510,1000
11/07/2000,TN,Shelby,Gore,democrat,580,1000
11/07/2000,TN,Shelby,Bush,republican,420,1000
11/07/2000,MI,Iosco,Gore,democrat,470,1000
11/07/2000,MI,Iosco,Bush,republican,530,1000
11/07/2000,OK,Muskogee,Gore,democrat,470,1000
11/07/2000,OK,Muskogee,Bush,republican,530,1000
11/07/2000,GA,Crawford,Gore,democrat,470,1000
11/07/2000,GA,Crawford,Bush,republican,530,1000
11/07/2000,VA,Virginia_Beach,Gore,democrat,530,1000
11/07/2000,VA,Virginia_Beach,Bush,republican,470,1000
11/07/2000,MI,Oakland,Gore,democrat,580,1000
11/07/2000,MI,Oakland,Bush,republican,420,1000
11/07/2000,MI,Saginaw,Gore,democrat,580,1000
11/07/2000,MI,Saginaw,Bush,republican,420,1000
11/07/2000,TN,Greene,Gore,democrat,420,1000
11/07/2000,TN,Greene,Bush,republican,580,1000
11/07/2000,PA,Carbon,Gore,democrat,470,1000
11/07/2000,PA,Carbon,Bush,republican,530,1000
11/07/2000,SC,Chesterfield,Gore,democrat,497,1000
11/07/2000,SC,Chesterfield,Bush,republican,503,1000
11/07/2000,TN,Sullivan,Gore,democrat,420,1000
11/07/2000,TN,Sullivan,Bush,republican,580,1000
11/07/2000,NM,Roosevelt,Gore,democrat,420,1000
11/07/2000,NM,Roosevelt,Bush,republican,580,1000
11/07/2000,LA,Ascension,Gore,democrat,470,1000
11/07/2000,LA,Ascension,Bush,republican,530,1000
11/07/2000,GA,Berrien,Gore,democrat,420,1000
11/07/2000,GA,Berrien,Bush,republican,580,1000
11/07/2000,NC,Johnston,Gore,democrat,510,1000
11/07/2000,NC,Johnston,Bush,republican,490,1000
11/07/2000,KY,Lawrence,Gore,democrat,420,1000
11/07/2000,KY,Lawrence,Bush,republican,580,1000
11/07/2000,PA,Fayette,Gore,democrat,470,1000
11/07/2000,PA,Fayette,Bush,republican,530,1000
11/07/2000,TN,Lawrence,Gore,democrat,420,1000
11/07/2000,TN,Lawrence,Bush,republican,580,1000
11/07/2000,UT,Iron,Gore,democrat,420,1000
11/07/2000,UT,Iron,Bush,republican,580,1000
11/07/2000,VA,Bland,Gore,democrat,420,1000
11/07/2000,VA,Bland,Bush,republican,580,1000
11/07/2000,IA,Lee,Gore,democrat,580,1000
11/07/2000,IA,Lee,Bush,republican,420,1000
11/07/2000,MI,Bay,Gore,democrat,580,1000
11/07/2000,MI,Bay,Bush,republican,420,1000
11/07/2000,NE,Washington,Gore,democrat,420,1000
11/07/2000,NE,Washington,Bush,republican,580,1000
11/07/2000,NE,Cheyenne,Gore,democrat,420,1000
11/07/2000,NE,Cheyenne,Bush,republican,580,1000
11/07/2000,SC,Hampton,Gore,democrat,580,1000
11/07/2000,SC,Hampton,Bush,republican,420,1000
11/07/2000,NC,Rockingham,Gore,democrat,420,1000
11/07/2000,NC,Rockingham,Bush,republican,580,1000
11/07/2000,OH,Miami,Gore,democrat,420,1000
11/07/2000,OH,Miami,Bush,republican,580,1000
11/07/2000,OK,Pottawatomie,Gore,democrat,420,1000
11/07/2000,OK,Pottawatomie,Bush,republican,580,1000
11/07/2000,OR,Polk,Gore,democrat,510,1000
11/07/2000,OR,Polk,Bush,republican,490,1000
11/07/2000,PA,McKean,Gore,democrat,420,1000
11/07/2000,PA,McKean,Bush,republican,580,1000
11/07/2000,SC,Dorchester,Gore,democrat,490,1000
11/07/2000,SC,Dorchester,Bush,republican,510,1000
11/07/2000,VA,Waynesboro,Gore,democrat,470,1000
11/07/2000,VA,Waynesboro,Bush,republican,530,1000
11/07/2000,WV,Mercer,Gore,democrat,420,1000
11/07/2000,WV,Mercer,Bush,republican,580,1000
11/07/2000,AR,Jefferson,Gore,democrat,580,1000
11/07/2000,AR,Jefferson,Bush,republican,420,1000
11/07/2000,CA,Tulare,Gore,democrat,490,1000
11/07/2000,CA,Tulare,Bush,republican,510,1000
11/07/2000,ID,Bingham,Gore,democrat,420,1000
11/07/2000,ID,Bingham,Bush,republican,580,1000
11/07/2000,IA,Hardin,Gore,democrat,490,1000
11/07/2000,IA,Hardin,Bush,republican,510,1000
11/07/2000,VA,Chesapeake,Gore,democrat,530,1000
11/07/2000,VA,Chesapeake,Bush,republican,470,1000
11/07/2000,IA,Cedar,Gore,democrat,530,1000
11/07/2000,IA,Cedar,Bush,republican,470,1000
11/07/2000,AR,Chicot,Gore,democrat,580,1000
11/07/2000,AR,Chicot,Bush,republican,420,1000
11/07/2000,CA,Tehama,Gore,democrat,420,1000
11/07/2000,CA,Tehama,Bush,republican,580,1000
11/07/2000,MS,Madison,Gore,democrat,530,1000
11/07/2000,MS,Madison,Bush,republican,470,1000
11/07/2000,UT,Garfield,Gore,democrat,420,1000
11/07/2000,UT,Garfield,Bush,republican,580,1000
11/07/2000,TX,Johnson,Gore,democrat,420,1000
11/07/2000,TX,Johnson,Bush,republican,580,1000
11/07/2000,MT,Judith_Basin,Gore,democrat,470,1000
11/07/2000,MT,Judith_Basin,Bush,republican,530,1000
11/07/2000,WA,Benton,Gore,democrat,470,1000
11/07/2000,WA,Benton,Bush,republican,530,1000
11/07/2000,WI,Wood,Gore,democrat,470,1000
11/07/2000,WI,Wood,Bush,republican,530,1000
11/07/2000,NC,Hyde,Gore,democrat,510,1000
11/07/2000,NC,Hyde,Bush,republican,490,1000
11/07/2000,ND,Emmons,Gore,democrat,420,1000
11/07/2000,ND,Emmons,Bush,republican,580,1000
11/07/2000,TX,Gaines,Gore,democrat,420,1000
11/07/2000,TX,Gaines,Bush,republican,580,1000
11/07/2000,TX,Lee,Gore,democrat,420,1000
11/07/2000,TX,Lee,Bush,republican,580,1000
11/07/2000,KY,Owen,Gore,democrat,420,1000
11/07/2000,KY,Owen,Bush,republican,580,1000
11/07/2000,KY,Jessamine,Gore,democrat,420,1000
11/07/2000,KY,Jessamine,Bush,republican,580,1000
11/07/2000,KY,Rowan,Gore,democrat,470,1000
11/07/2000,KY,Rowan,Bush,republican,530,1000
11/07/2000,MO,Miller,Gore,democrat,420,1000
11/07/2000,MO,Miller,Bush,republican,580,1000
11/07/2000,NH,Carroll,Gore,democrat,530,1000
11/07/2000,NH,Carroll,Bush,republican,470,1000
11/07/2000,VA,Roanoke,Gore,democrat,580,1000
11/07/2000,VA,Roanoke,Bush,republican,420,1000
11/07/2000,NC,Watauga,Gore,democrat,580,1000
11/07/2000,NC,Watauga,Bush,republican,420,1000
11/07/2000,CA,Kings,Gore,democrat,470,1000
11/07/2000,CA,Kings,Bush,republican,530,1000
11/07/2000,LA,East_Feliciana,Gore,democrat,470,1000
11/07/2000,LA,East_Feliciana,Bush,republican,530,1000
11/07/2000,MO,Benton,Gore,democrat,420,1000
11/07/2000,MO,Benton,Bush,republican,580,1000
11/07/2000,KS,Sumner,Gore,democrat,420,1000
11/07/2000,KS,Sumner,Bush,republican,580,1000
11/07/2000,KY,Livingston,Gore,democrat,420,1000
11/07/2000,KY,Livingston,Bush,republican,580,1000
11/07/2000,CA,San_Joaquin,Gore,democrat,530,1000
11/07/2000,CA,San_Joaquin,Bush,republican,470,1000
11/07/2000,OK,Alfalfa,Gore,democrat,420,1000
11/07/2000,OK,Alfalfa,Bush,republican,580,1000
11/07/2000,PA,Berks,Gore,democrat,580,1000
11/07/2000,PA,Berks,Bush,republican,420,1000
11/07/2000,PA,Lebanon,Gore,democrat,470,1000
11/07/2000,PA,Lebanon,Bush,republican,530,1000
11/07/2000,GA,Calhoun,Gore,democrat,580,1000
11/07/2000,GA,Calhoun,Bush,republican,420,1000
11/07/2000,AR,Scott,Gore,democrat,420,1000
11/07/2000,AR,Scott,Bush,republican,580,1000
11/07/2000,CO,Baca,Gore,democrat,420,1000
11/07/2000,CO,Baca,Bush,republican,580,1000
11/07/2000,FL,Bay,Gore,democrat,420,1000
11/07/2000,FL,Bay,Bush,republican,580,1000
11/07/2000,GA,Lowndes,Gore,democrat,470,1000
11/07/2000,GA,Lowndes,Bush,republican,530,1000
11/07/2000,IN,Vermillion,Gore,democrat,420,1000
11/07/2000,IN,Vermillion,Bush,republican,580,1000
11/07/2000,NY,Sullivan,Gore,democrat,470,1000
11/07/2000,NY,Sullivan,Bush,republican,530,1000
11/07/2000,OH,Pickaway,Gore,democrat,420,1000
11/07/2000,OH,Pickaway,Bush,republican,580,1000
11/07/2000,OK,Woodward,Gore,democrat,420,1000
11/07/2000,OK,Woodward,Bush,republican,580,1000
11/07/2000,NE,Boyd,Gore,democrat,420,1000
11/07/2000,NE,Boyd,Bush,republican,580,1000
11/07/2000,KY,Cumberland,Gore,democrat,420,1000
11/07/2000,KY,Cumberland,Bush,republican,580,1000
11/07/2000,MN,Wabasha,Gore,democrat,470,1000
11/07/2000,MN,Wabasha,Bush,republican,530,1000
11/07/2000,VA,Southampton,Gore,democrat,470,1000
11/07/2000,VA,Southampton,Bush,republican,530,1000
11/07/2000,NY,Dutchess,Gore,democrat,530,1000
11/07/2000,NY,Dutchess,Bush,republican,470,1000
11/07/2000,VA,James_City,Gore,democrat,530,1000
11/07/2000,VA,James_City,Bush,republican,470,1000
11/07/2000,GA,Taylor,Gore,democrat,470,1000
11/07/2000,GA,Taylor,Bush,republican,530,1000
11/07/2000,TX,Smith,Gore,democrat,420,1000
11/07/2000,TX,Smith,Bush,republican,580,1000
11/07/2000,TX,Kerr,Gore,democrat,420,1000
11/07/2000,TX,Kerr,Bush,republican,580,1000
11/07/2000,WV,Lewis,Gore,democrat,420,1000
11/07/2000,WV,Lewis,Bush,republican,580,1000
11/07/2000,ND,Oliver,Gore,democrat,420,1000
11/07/2000,ND,Oliver,Bush,republican,580,1000
11/07/2000,TN,Morgan,Gore,democrat,420,1000
11/07/2000,TN,Morgan,Bush,republican,580,1000
11/07/2000,WY,Big_Horn,Gore,democrat,420,1000
11/07/2000,WY,Big_Horn,Bush,republican,580,1000
11/07/2000,KY,Mason,Gore,democrat,420,1000
11/07/2000,KY,Mason,Bush,republican,580,1000
11/07/2000,LA,St_Helena,Gore,democrat,530,1000
11/07/2000,LA,St_Helena,Bush,republican,470,1000
11/07/2000,MD,Garrett,Gore,democrat,420,1000
11/07/2000,MD,Garrett,Bush,republican,580,1000
11/07/2000,MI,Mackinac,Gore,democrat,420,1000
11/07/2000,MI,Mackinac,Bush,republican,580,1000
11/07/2000,TN,Davidson,Gore,democrat,580,1000
11/07/2000,TN,Davidson,Bush,republican,420,1000
11/07/2000,TX,Grimes,Gore,democrat,420,1000
11/07/2000,TX,Grimes,Bush,republican,580,1000
11/07/2000,TX,Foard,Gore,democrat,420,1000
11/07/2000,TX,Foard,Bush,republican,580,1000
11/07/2000,VA,Franklin_Co,Gore,democrat,420,1000
11/07/2000,VA,Franklin_Co,Bush,republican,580,1000
11/07/2000,VA,Botetourt,Gore,democrat,420,1000
11/07/2000,VA,Botetourt,Bush,republican,580,1000
11/07/2000,NC,Pasquotank,Gore,democrat,580,1000
11/07/2000,NC,Pasquotank,Bush,republican,420,1000
11/07/2000,AR,Baxter,Gore,democrat,420,1000
11/07/2000,AR,Baxter,Bush,republican,580,1000
11/07/2000,NY,Tompkins,Gore,democrat,580,1000
11/07/2000,NY,Tompkins,Bush,republican,420,1000
11/07/2000,WV,Webster,Gore,democrat,420,1000
11/07/2000,WV,Webster,Bush,republican,580,1000
11/07/2000,WV,Clay,Gore,democrat,420,1000
11/07/2000,WV,Clay,Bush,republican,580,1000
11/07/2000,WV,Jackson,Gore,democrat,420,1000
11/07/2000,WV,Jackson,Bush,republican,580,1000
11/07/2000,AL,Sumter,Gore,democrat,420,1000
11/07/2000,AL,Sumter,Bush,republican,580,1000
11/07/2000,AZ,Pima,Gore,democrat,580,1000
11/07/2000,AZ,Pima,Bush,republican,420,1000
11/07/2000,CO,Jackson,Gore,democrat,420,1000
11/07/2000,CO,Jackson,Bush,republican,580,1000
11/07/2000,IL,Lake,Gore,democrat,580,1000
11/07/2000,IL,Lake,Bush,republican,420,1000
11/07/2000,MS,Jackson,Gore,democrat,420,1000
11/07/2000,MS,Jackson,Bush,republican,580,1000
11/07/2000,MT,Daniels,Gore,democrat,420,1000
11/07/2000,MT,Daniels,Bush,republican,580,1000
11/07/2000,NH,Sullivan,Gore,democrat,530,1000
11/07/2000,NH,Sullivan,Bush,republican,470,1000
11/07/2000,NJ,Gloucester,Gore,democrat,530,1000
11/07/2000,NJ,Gloucester,Bush,republican,470,1000
11/07/2000,NC,Bertie,Gore,democrat,580,1000
11/07/2000,NC,Bertie,Bush,republican,420,1000
11/07/2000,SD,Ziebach,Gore,democrat,420,1000
11/07/2000,SD,Ziebach,Bush,republican,580,1000
11/07/2000,IA,Ringgold,Gore,democrat,470,1000
11/07/2000,IA,Ringgold,Bush,republican,530,1000
11/07/2000,AL,Lauderdale,Gore,democrat,420,1000
11/07/2000,AL,Lauderdale,Bush,republican,580,1000
11/07/2000,AZ,Santa_Cruz,Gore,democrat,580,1000
11/07/2000,AZ,Santa_Cruz,Bush,republican,420,1000
11/07/2000,MS,Marion,Gore,democrat,420,1000
11/07/2000,MS,Marion,Bush,republican,580,1000
11/07/2000,AL,Limestone,Gore,democrat,470,1000
11/07/2000,AL,Limestone,Bush,republican,530,1000
11/07/2000,FL,Calhoun,Gore,democrat,420,1000
11/07/2000,FL,Calhoun,Bush,republican,580,1000
11/07/2000,FL,Hernando,Gore,democrat,530,1000
11/07/2000,FL,Hernando,Bush,republican,470,1000
11/07/2000,FL,Washington,Gore,democrat,420,1000
11/07/2000,FL,Washington,Bush,republican,580,1000
11/07/2000,SD,Edmunds,Gore,democrat,420,1000
11/07/2000,SD,Edmunds,Bush,republican,580,1000
11/07/2000,SD,Walworth,Gore,democrat,420,1000
11/07/2000,SD,Walworth,Bush,republican,580,1000
11/07/2000,IL,Henderson,Gore,democrat,510,1000
11/07/2000,IL,Henderson,Bush,republican,490,1000
11/07/2000,KY,Trimble,Gore,democrat,420,1000
11/07/2000,KY,Trimble,Bush,republican,580,1000
11/07/2000,LA,St_Tammany,Gore,democrat,420,1000
11/07/2000,LA,St_Tammany,Bush,republican,580,1000
11/07/2000,MD,Baltimore_City,Gore,democrat,580,1000
11/07/2000,MD,Baltimore_City,Bush,republican,420,1000
11/07/2000,NC,Beaufort,Gore,democrat,510,1000
11/07/2000,NC,Beaufort,Bush,republican,490,1000
11/07/2000,OH,Columbiana,Gore,democrat,420,1000
11/07/2000,OH,Columbiana,Bush,republican,580,1000
11/07/2000,MT,Musselshell,Gore,democrat,420,1000
11/07/2000,MT,Musselshell,Bush,republican,580,1000
11/07/2000,TX,Cameron,Gore,democrat,530,1000
11/07/2000,TX,Cameron,Bush,republican,470,1000
11/07/2000,CA,Siskiyou,Gore,democrat,470,1000
11/07/2000,CA,Siskiyou,Bush,republican,530,1000
11/07/2000,CO,Costilla,Gore,democrat,580,1000
11/07/2000,CO,Costilla,Bush,republican,420,1000
11/07/2000,10,Sussex,Gore,democrat,490,1000
11/07/2000,10,Sussex,Bush,republican,510,1000
11/07/2000,WA,Lewis,Gore,democrat,470,1000
11/07/2000,WA,Lewis,Bush,republican,530,1000
11/07/2000,NJ,Sussex,Gore,democrat,470,1000
11/07/2000,NJ,Sussex,Bush,republican,530,1000
11/07/2000,MA,Dukes,Gore,democrat,580,1000
11/07/2000,MA,Dukes,Bush,republican,420,1000
11/07/2000,MN,Pine,Gore,democrat,470,1000
11/07/2000,MN,Pine,Bush,republican,530,1000
11/07/2000,MS,Scott,Gore,democrat,420,1000
11/07/2000,MS,Scott,Bush,republican,580,1000
11/07/2000,MT,Hill,Gore,democrat,420,1000
11/07/2000,MT,Hill,Bush,republican,580,1000
11/07/2000,NY,Franklin,Gore,democrat,530,1000
11/07/2000,NY,Franklin,Bush,republican,470,1000
11/07/2000,NJ,Essex,Gore,democrat,580,1000
11/07/2000,NJ,Essex,Bush,republican,420,1000
11/07/2000,WA,Mason,Gore,democrat,530,1000
11/07/2000,WA,Mason,Bush,republican,470,1000
11/07/2000,AR,Cleveland,Gore,democrat,420,1000
11/07/2000,AR,Cleveland,Bush,republican,580,1000
11/07/2000,IN,Shelby,Gore,democrat,420,1000
11/07/2000,IN,Shelby,Bush,republican,580,1000
11/07/2000,IN,Decatur,Gore,democrat,420,1000
11/07/2000,IN,Decatur,Bush,republican,580,1000
11/07/2000,KY,Breathitt,Gore,democrat,420,1000
11/07/2000,KY,Breathitt,Bush,republican,580,1000
11/07/2000,LA,St_James,Gore,democrat,530,1000
11/07/2000,LA,St_James,Bush,republican,470,1000
11/07/2000,MO,Shelby,Gore,democrat,420,1000
11/07/2000,MO,Shelby,Bush,republican,580,1000
11/07/2000,IN,Vigo,Gore,democrat,530,1000
11/07/2000,IN,Vigo,Bush,republican,470,1000
11/07/2000,IA,Jackson,Gore,democrat,530,1000
11/07/2000,IA,Jackson,Bush,republican,470,1000
11/07/2000,KS,Montgomery,Gore,democrat,420,1000
11/07/2000,KS,Montgomery,Bush,republican,580,1000
11/07/2000,KY,Martin,Gore,democrat,420,1000
11/07/2000,KY,Martin,Bush,republican,580,1000
11/07/2000,MI,Benzie,Gore,democrat,530,1000
11/07/2000,MI,Benzie,Bush,republican,470,1000
11/07/2000,MS,Lafayette,Gore,democrat,510,1000
11/07/2000,MS,Lafayette,Bush,republican,490,1000
11/07/2000,NY,Steuben,Gore,democrat,420,1000
11/07/2000,NY,Steuben,Bush,republican,580,1000
11/07/2000,CO,Larimer,Gore,democrat,580,1000
11/07/2000,CO,Larimer,Bush,republican,420,1000
11/07/2000,MI,Manistee,Gore,democrat,470,1000
11/07/2000,MI,Manistee,Bush,republican,530,1000
11/07/2000,NC,Surry,Gore,democrat,420,1000
11/07/2000,NC,Surry,Bush,republican,580,1000
11/07/2000,WA,Pend_Oreille,Gore,democrat,420,1000
11/07/2000,WA,Pend_Oreille,Bush,republican,580,1000
11/07/2000,KY,Clark,Gore,democrat,420,1000
11/07/2000,KY,Clark,Bush,republican,580,1000
11/07/2000,NY,Fulton,Gore,democrat,420,1000
11/07/2000,NY,Fulton,Bush,republican,580,1000
11/07/2000,OH,Wayne,Gore,democrat,420,1000
11/07/2000,OH,Wayne,Bush,republican,580,1000
11/07/2000,SC,York,Gore,democrat,490,1000
11/07/2000,SC,York,Bush,republican,510,1000
11/07/2000,MO,Schuyler,Gore,democrat,420,1000
11/07/2000,MO,Schuyler,Bush,republican,580,1000
11/07/2000,MT,Stillwater,Gore,democrat,420,1000
11/07/2000,MT,Stillwater,Bush,republican,580,1000
11/07/2000,VA,Rockingham,Gore,democrat,420,1000
11/07/2000,VA,Rockingham,Bush,republican,580,1000
11/07/2000,GA,Meriwether,Gore,democrat,470,1000
11/07/2000,GA,Meriwether,Bush,republican,530,1000
11/07/2000,ND,McKenzie,Gore,democrat,420,1000
11/07/2000,ND,McKenzie,Bush,republican,580,1000
11/07/2000,ND,Morton,Gore,democrat,420,1000
11/07/2000,ND,Morton,Bush,republican,580,1000
11/07/2000,OR,Yamhill,Gore,democrat,510,1000
11/07/2000,OR,Yamhill,Bush,republican,490,1000
11/07/2000,SC,Marlboro,Gore,democrat,530,1000
11/07/2000,SC,Marlboro,Bush,republican,470,1000
11/07/2000,NC,Clay,Gore,democrat,420,1000
11/07/2000,NC,Clay,Bush,republican,580,1000
11/07/2000,MT,Chouteau,Gore,democrat,420,1000
11/07/2000,MT,Chouteau,Bush,republican,580,1000
11/07/2000,SC,Greenville,Gore,democrat,490,1000
11/07/2000,SC,Greenville,Bush,republican,510,1000
11/07/2000,AL,Pickens,Gore,democrat,420,1000
11/07/2000,AL,Pickens,Bush,republican,580,1000
11/07/2000,MO,Iron,Gore,democrat,420,1000
11/07/2000,MO,Iron,Bush,republican,580,1000
11/07/2000,UT,Daggett,Gore,democrat,420,1000
11/07/2000,UT,Daggett,Bush,republican,580,1000
11/07/2000,FL,Broward,Gore,democrat,580,1000
11/07/2000,FL,Broward,Bush,republican,420,1000
11/07/2000,MS,Hinds,Gore,democrat,580,1000
11/07/2000,MS,Hinds,Bush,republican,420,1000
11/07/2000,NC,Onslow,Gore,democrat,420,1000
11/07/2000,NC,Onslow,Bush,republican,580,1000
11/07/2000,AL,Clarke,Gore,democrat,420,1000
11/07/2000,AL,Clarke,Bush,republican,580,1000
11/07/2000,AR,Madison,Gore,democrat,470,1000
11/07/2000,AR,Madison,Bush,republican,530,1000
11/07/2000,FL,Liberty,Gore,democrat,420,1000
11/07/2000,FL,Liberty,Bush,republican,580,1000
11/07/2000,IN,Monroe,Gore,democrat,580,1000
11/07/2000,IN,Monroe,Bush,republican,420,1000
11/07/2000,IN,Dubois,Gore,democrat,420,1000
11/07/2000,IN,Dubois,Bush,republican,580,1000
11/07/2000,IA,Buena_Vista,Gore,democrat,490,1000
11/07/2000,IA,Buena_Vista,Bush,republican,510,1000
11/07/2000,KS,Gray,Gore,democrat,420,1000
11/07/2000,KS,Gray,Bush,republican,580,1000
11/07/2000,KY,Grant,Gore,democrat,420,1000
11/07/2000,KY,Grant,Bush,republican,580,1000
11/07/2000,TN,Putnam,Gore,democrat,420,1000
11/07/2000,TN,Putnam,Bush,republican,580,1000
11/07/2000,TN,Benton,Gore,democrat,420,1000
11/07/2000,TN,Benton,Bush,republican,580,1000
11/07/2000,UT,Duchesne,Gore,democrat,420,1000
11/07/2000,UT,Duchesne,Bush,republican,580,1000
11/07/2000,VA,Isle_of_Wight,Gore,democrat,490,1000
11/07/2000,VA,Isle_of_Wight,Bush,republican,510,1000
11/07/2000,WY,Hot_Springs,Gore,democrat,420,1000
11/07/2000,WY,Hot_Springs,Bush,republican,580,1000
11/07/2000,SD,Perkins,Gore,democrat,420,1000
11/07/2000,SD,Perkins,Bush,republican,580,1000
11/07/2000,UT,Beaver,Gore,democrat,420,1000
11/07/2000,UT,Beaver,Bush,republican,580,1000
11/07/2000,VA,Buchanan,Gore,democrat,420,1000
11/07/2000,VA,Buchanan,Bush,republican,580,1000
11/07/2000,WV,Mingo,Gore,democrat,420,1000
11/07/2000,WV,Mingo,Bush,republican,580,1000
11/07/2000,AL,Talladega,Gore,democrat,420,1000
11/07/2000,AL,Talladega,Bush,republican,580,1000
11/07/2000,KY,Bourbon,Gore,democrat,420,1000
11/07/2000,KY,Bourbon,Bush,republican,580,1000
11/07/2000,PA,Monroe,Gore,democrat,580,1000
11/07/2000,PA,Monroe,Bush,republican,420,1000
11/07/2000,WA,Ferry,Gore,democrat,470,1000
11/07/2000,WA,Ferry,Bush,republican,530,1000
11/07/2000,ID,Twin_Falls,Gore,democrat,420,1000
11/07/2000,ID,Twin_Falls,Bush,republican,580,1000
11/07/2000,MD,Charles,Gore,democrat,580,1000
11/07/2000,MD,Charles,Bush,republican,420,1000
11/07/2000,VA,Loudoun,Gore,democrat,580,1000
11/07/2000,VA,Loudoun,Bush,republican,420,1000
11/07/2000,IL,Winnebago,Gore,democrat,580,1000
11/07/2000,IL,Winnebago,Bush,republican,420,1000
11/07/2000,CO,Conejos,Gore,democrat,530,1000
11/07/2000,CO,Conejos,Bush,republican,470,1000
11/07/2000,AL,Geneva,Gore,democrat,420,1000
11/07/2000,AL,Geneva,Bush,republican,580,1000
11/07/2000,CA,Alameda,Gore,democrat,580,1000
11/07/2000,CA,Alameda,Bush,republican,420,1000
11/07/2000,FL,Franklin,Gore,democrat,470,1000
11/07/2000,FL,Franklin,Bush,republican,530,1000
11/07/2000,WV,Morgan,Gore,democrat,420,1000
11/07/2000,WV,Morgan,Bush,republican,580,1000
11/07/2000,WV,Randolph,Gore,democrat,420,1000
11/07/2000,WV,Randolph,Bush,republican,580,1000
11/07/2000,MS,Yazoo,Gore,democrat,490,1000
11/07/2000,MS,Yazoo,Bush,republican,510,1000
11/07/2000,MT,McCone,Gore,democrat,420,1000
11/07/2000,MT,McCone,Bush,republican,580,1000
11/07/2000,GA,Atkinson,Gore,democrat,420,1000
11/07/2000,GA,Atkinson,Bush,republican,580,1000
11/07/2000,GA,Chatham,Gore,democrat,580,1000
11/07/2000,GA,Chatham,Bush,republican,420,1000
11/07/2000,KY,Carlisle,Gore,democrat,420,1000
11/07/2000,KY,Carlisle,Bush,republican,580,1000
11/07/2000,MO,Cass,Gore,democrat,420,1000
11/07/2000,MO,Cass,Bush,republican,580,1000
11/07/2000,GA,Habersham,Gore,democrat,420,1000
11/07/2000,GA,Habersham,Bush,republican,580,1000
11/07/2000,KY,Magoffin,Gore,democrat,420,1000
11/07/2000,KY,Magoffin,Bush,republican,580,1000
11/07/2000,KY,Harlan,Gore,democrat,420,1000
11/07/2000,KY,Harlan,Bush,republican,580,1000
11/07/2000,NC,Randolph,Gore,democrat,420,1000
11/07/2000,NC,Randolph,Bush,republican,580,1000
11/07/2000,IL,Will,Gore,democrat,580,1000
11/07/2000,IL,Will,Bush,republican,420,1000
11/07/2000,IN,Knox,Gore,democrat,420,1000
11/07/2000,IN,Knox,Bush,republican,580,1000
11/07/2000,KY,Allen,Gore,democrat,420,1000
11/07/2000,KY,Allen,Bush,republican,580,1000
11/07/2000,LA,Madison,Gore,democrat,580,1000
11/07/2000,LA,Madison,Bush,republican,420,1000
11/07/2000,MN,Fillmore,Gore,democrat,490,1000
11/07/2000,MN,Fillmore,Bush,republican,510,1000
11/07/2000,WA,Spokane,Gore,democrat,530,1000
11/07/2000,WA,Spokane,Bush,republican,470,1000
11/07/2000,UT,Morgan,Gore,democrat,420,1000
11/07/2000,UT,Morgan,Bush,republican,580,1000
11/07/2000,WI,Manitowoc,Gore,democrat,470,1000
11/07/2000,WI,Manitowoc,Bush,republican,530,1000
11/07/2000,AL,Marion,Gore,democrat,420,1000
11/07/2000,AL,Marion,Bush,republican,580,1000
11/07/2000,MI,Montcalm,Gore,democrat,420,1000
11/07/2000,MI,Montcalm,Bush,republican,580,1000
11/07/2000,KY,Nicholas,Gore,democrat,420,1000
11/07/2000,KY,Nicholas,Bush,republican,580,1000
11/07/2000,KY,Powell,Gore,democrat,420,1000
11/07/2000,KY,Powell,Bush,republican,580,1000
11/07/2000,NC,Richmond,Gore,democrat,470,1000
11/07/2000,NC,Richmond,Bush,republican,530,1000
11/07/2000,KY,Union,Gore,democrat,420,1000
11/07/2000,KY,Union,Bush,republican,580,1000
11/07/2000,IL,Fayette,Gore,democrat,420,1000
11/07/2000,IL,Fayette,Bush,republican,580,1000
11/07/2000,KY,Webster,Gore,democrat,420,1000
11/07/2000,KY,Webster,Bush,republican,580,1000
11/07/2000,ID,Blaine,Gore,democrat,580,1000
11/07/2000,ID,Blaine,Bush,republican,420,1000
11/07/2000,IL,Henry,Gore,democrat,470,1000
11/07/2000,IL,Henry,Bush,republican,530,1000
11/07/2000,TN,Trousdale,Gore,democrat,420,1000
11/07/2000,TN,Trousdale,Bush,republican,580,1000
11/07/2000,WI,Calumet,Gore,democrat,420,1000
11/07/2000,WI,Calumet,Bush,republican,580,1000
11/07/2000,NM,Otero,Gore,democrat,420,1000
11/07/2000,NM,Otero,Bush,republican,580,1000
11/07/2000,IN,LaPorte,Gore,democrat,510,1000
11/07/2000,IN,LaPorte,Bush,republican,490,1000
11/07/2000,MA,Middlesex,Gore,democrat,580,1000
11/07/2000,MA,Middlesex,Bush,republican,420,1000
11/07/2000,MS,Tunica,Gore,democrat,580,1000
11/07/2000,MS,Tunica,Bush,republican,420,1000
11/07/2000,MT,Toole,Gore,democrat,470,1000
11/07/2000,MT,Toole,Bush,republican,530,1000
11/07/2000,WA,Island,Gore,democrat,580,1000
11/07/2000,WA,Island,Bush,republican,420,1000
11/07/2000,WV,Jefferson,Gore,democrat,490,1000
11/07/2000,WV,Jefferson,Bush,republican,510,1000
11/07/2000,KY,Wolfe,Gore,democrat,420,1000
11/07/2000,KY,Wolfe,Bush,republican,580,1000
11/07/2000,MA,Barnstable,Gore,democrat,580,1000
11/07/2000,MA,Barnstable,Bush,republican,420,1000
11/07/2000,TN,Blount,Gore,democrat,420,1000
11/07/2000,TN,Blount,Bush,republican,580,1000
11/07/2000,ND,Sioux,Gore,democrat,580,1000
11/07/2000,ND,Sioux,Bush,republican,420,1000
11/07/2000,IA,Woodbury,Gore,democrat,470,1000
11/07/2000,IA,Woodbury,Bush,republican,530,1000
11/07/2000,IL,Clinton,Gore,democrat,420,1000
11/07/2000,IL,Clinton,Bush,republican,580,1000
11/07/2000,NV,Washoe,Gore,democrat,530,1000
11/07/2000,NV,Washoe,Bush,republican,470,1000
11/07/2000,NH,Merrimack,Gore,democrat,580,1000
11/07/2000,NH,Merrimack,Bush,republican,420,1000
11/07/2000,OK,McCurtain,Gore,democrat,420,1000
11/07/2000,OK,McCurtain,Bush,republican,580,1000
11/07/2000,VT,Orange,Gore,democrat,580,1000
11/07/2000,VT,Orange,Bush,republican,420,1000
11/07/2000,NV,Carson_City,Gore,democrat,510,1000
11/07/2000,NV,Carson_City,Bush,republican,490,1000
11/07/2000,NY,Cattaraugus,Gore,democrat,420,1000
11/07/2000,NY,Cattaraugus,Bush,republican,580,1000
11/07/2000,HI,Kauai,Gore,democrat,580,1000
11/07/2000,HI,Kauai,Bush,republican,420,1000
11/07/2000,MA,Plymouth,Gore,democrat,580,1000
11/07/2000,MA,Plymouth,Bush,republican,420,1000
11/07/2000,SC,Jasper,Gore,democrat,530,1000
11/07/2000,SC,Jasper,Bush,republican,470,1000
11/07/2000,MA,Norfolk,Gore,democrat,580,1000
11/07/2000,MA,Norfolk,Bush,republican,420,1000
11/07/2000,KY,Larue,Gore,democrat,420,1000
11/07/2000,KY,Larue,Bush,republican,580,1000
11/07/2000,NE,Cherry,Gore,democrat,420,1000
11/07/2000,NE,Cherry,Bush,republican,580,1000
11/07/2000,GA,Rockdale,Gore,democrat,580,1000
11/07/2000,GA,Rockdale,Bush,republican,420,1000
11/07/2000,VA,Patrick,Gore,democrat,420,1000
11/07/2000,VA,Patrick,Bush,republican,580,1000
11/07/2000,NC,McDowell,Gore,democrat,420,1000
11/07/2000,NC,McDowell,Bush,republican,580,1000
11/07/2000,ND,Barnes,Gore,democrat,470,1000
11/07/2000,ND,Barnes,Bush,republican,530,1000
11/07/2000,MI,Marquette,Gore,democrat,530,1000
11/07/2000,MI,Marquette,Bush,republican,470,1000
11/07/2000,AR,Faulkner,Gore,democrat,420,1000
11/07/2000,AR,Faulkner,Bush,republican,580,1000
11/07/2000,VA,Stafford,Gore,democrat,530,1000
11/07/2000,VA,Stafford,Bush,republican,470,1000
11/07/2000,AR,Grant,Gore,democrat,420,1000
11/07/2000,AR,Grant,Bush,republican,580,1000
11/07/2000,KY,Hopkins,Gore,democrat,420,1000
11/07/2000,KY,Hopkins,Bush,republican,580,1000
11/07/2000,NC,Duplin,Gore,democrat,470,1000
11/07/2000,NC,Duplin,Bush,republican,530,1000
11/07/2000,NC,Nash,Gore,democrat,580,1000
11/07/2000,NC,Nash,Bush,republican,420,1000
11/07/2000,OH,Williams,Gore,democrat,470,1000
11/07/2000,OH,Williams,Bush,republican,530,1000
11/07/2000,MN,Koochiching,Gore,democrat,470,1000
11/07/2000,MN,Koochiching,Bush,republican,530,1000
11/07/2000,ND,Sargent,Gore,democrat,470,1000
11/07/2000,ND,Sargent,Bush,republican,530,1000
11/07/2000,PA,Bucks,Gore,democrat,580,1000
11/07/2000,PA,Bucks,Bush,republican,420,1000
11/07/2000,SC,Calhoun,Gore,democrat,510,1000
11/07/2000,SC,Calhoun,Bush,republican,490,1000
11/07/2000,SD,Bon_Homme,Gore,democrat,420,1000
11/07/2000,SD,Bon_Homme,Bush,republican,580,1000
11/07/2000,IN,Owen,Gore,democrat,420,1000
11/07/2000,IN,Owen,Bush,republican,580,1000
11/07/2000,IN,Starke,Gore,democrat,470,1000
11/07/2000,IN,Starke,Bush,republican,530,1000
11/07/2000,IN,Union,Gore,democrat,420,1000
11/07/2000,IN,Union,Bush,republican,580,1000
11/07/2000,PA,Lawrence,Gore,democrat,420,1000
11/07/2000,PA,Lawrence,Bush,republican,580,1000
11/07/2000,NV,Eureka,Gore,democrat,420,1000
11/07/2000,NV,Eureka,Bush,republican,580,1000
11/07/2000,NH,Belknap,Gore,democrat,510,1000
11/07/2000,NH,Belknap,Bush,republican,490,1000
11/07/2000,AL,Russell,Gore,democrat,497,1000
11/07/2000,AL,Russell,Bush,republican,503,1000
11/07/2000,FL,Manatee,Gore,democrat,490,1000
11/07/2000,FL,Manatee,Bush,republican,510,1000
11/07/2000,NC,Columbus,Gore,democrat,470,1000
11/07/2000,NC,Columbus,Bush,republican,530,1000
11/07/2000,TX,Navarro,Gore,democrat,420,1000
11/07/2000,TX,Navarro,Bush,republican,580,1000
11/07/2000,VA,Amherst,Gore,democrat,420,1000
11/07/2000,VA,Amherst,Bush,republican,580,1000
11/07/2000,TX,Reeves,Gore,democrat,420,1000
11/07/2000,TX,Reeves,Bush,republican,580,1000
11/07/2000,ID,Clark,Gore,democrat,420,1000
11/07/2000,ID,Clark,Bush,republican,580,1000
11/07/2000,MS,Warren,Gore,democrat,530,1000
11/07/2000,MS,Warren,Bush,republican,470,1000
11/07/2000,MO,Mississippi,Gore,democrat,420,1000
11/07/2000,MO,Mississippi,Bush,republican,580,1000
11/07/2000,MI,Osceola,Gore,democrat,420,1000
11/07/2000,MI,Osceola,Bush,republican,580,1000
11/07/2000,MS,Grenada,Gore,democrat,510,1000
11/07/2000,MS,Grenada,Bush,republican,490,1000
11/07/2000,TX,Guadalupe,Gore,democrat,420,1000
11/07/2000,TX,Guadalupe,Bush,republican,580,1000
11/07/2000,FL,Union,Gore,democrat,420,1000
11/07/2000,FL,Union,Bush,republican,580,1000
11/07/2000,MT,Wibaux,Gore,democrat,420,1000
11/07/2000,MT,Wibaux,Bush,republican,580,1000
11/07/2000,MI,Baraga,Gore,democrat,470,1000
11/07/2000,MI,Baraga,Bush,republican,530,1000
11/07/2000,OR,Hood_River,Gore,democrat,580,1000
11/07/2000,OR,Hood_River,Bush,republican,420,1000
11/07/2000,IN,Allen,Gore,democrat,470,1000
11/07/2000,IN,Allen,Bush,republican,530,1000
11/07/2000,SD,Hand,Gore,democrat,420,1000
11/07/2000,SD,Hand,Bush,republican,580,1000
11/07/2000,IN,St_Joseph,Gore,democrat,530,1000
11/07/2000,IN,St_Joseph,Bush,republican,470,1000
11/07/2000,VA,Hopewell,Gore,democrat,580,1000
11/07/2000,VA,Hopewell,Bush,republican,420,1000
11/07/2000,ND,Dunn,Gore,democrat,420,1000
11/07/2000,ND,Dunn,Bush,republican,580,1000
11/07/2000,ND,Slope,Gore,democrat,420,1000
11/07/2000,ND,Slope,Bush,republican,580,1000
11/07/2000,NC,Scotland,Gore,democrat,530,1000
11/07/2000,NC,Scotland,Bush,republican,470,1000
11/07/2000,TN,Dyer,Gore,democrat,420,1000
11/07/2000,TN,Dyer,Bush,republican,580,1000
11/07/2000,KY,Calloway,Gore,democrat,420,1000
11/07/2000,KY,Calloway,Bush,republican,580,1000
11/07/2000,TX,Bandera,Gore,democrat,420,1000
11/07/2000,TX,Bandera,Bush,republican,580,1000
11/07/2000,RI,Bristol,Gore,democrat,580,1000
11/07/2000,RI,Bristol,Bush,republican,420,1000
11/07/2000,WY,Sublette,Gore,democrat,420,1000
11/07/2000,WY,Sublette,Bush,republican,580,1000
11/07/2000,NC,Macon,Gore,democrat,420,1000
11/07/2000,NC,Macon,Bush,republican,580,1000
11/07/2000,WI,Ashland,Gore,democrat,580,1000
11/07/2000,WI,Ashland,Bush,republican,420,1000
11/07/2000,TX,Hidalgo,Gore,democrat,530,1000
11/07/2000,TX,Hidalgo,Bush,republican,470,1000
11/07/2000,WI,La_Crosse,Gore,democrat,580,1000
11/07/2000,WI,La_Crosse,Bush,republican,420,1000
11/07/2000,AL,Mobile,Gore,democrat,470,1000
11/07/2000,AL,Mobile,Bush,republican,530,1000
11/07/2000,AL,Madison,Gore,democrat,490,1000
11/07/2000,AL,Madison,Bush,republican,510,1000
11/07/2000,NC,Polk,Gore,democrat,420,1000
11/07/2000,NC,Polk,Bush,republican,580,1000
11/07/2000,LA,Iberia,Gore,democrat,420,1000
11/07/2000,LA,Iberia,Bush,republican,580,1000
11/07/2000,SC,McCormick,Gore,democrat,503,1000
11/07/2000,SC,McCormick,Bush,republican,497,1000
11/07/2000,MN,Mower,Gore,democrat,530,1000
11/07/2000,MN,Mower,Bush,republican,470,1000
11/07/2000,MT,Madison,Gore,democrat,420,1000
11/07/2000,MT,Madison,Bush,republican,580,1000
11/07/2000,GA,Forsyth,Gore,democrat,420,1000
11/07/2000,GA,Forsyth,Bush,republican,580,1000
11/07/2000,OH,Allen,Gore,democrat,420,1000
11/07/2000,OH,Allen,Bush,republican,580,1000
11/07/2000,NY,St_Lawrence,Gore,democrat,470,1000
11/07/2000,NY,St_Lawrence,Bush,republican,530,1000
11/07/2000,WV,Doddridge,Gore,democrat,420,1000
11/07/2000,WV,Doddridge,Bush,republican,580,1000
11/07/2000,MO,Cedar,Gore,democrat,420,1000
11/07/2000,MO,Cedar,Bush,republican,580,1000
11/07/2000,SC,Bamberg,Gore,democrat,580,1000
11/07/2000,SC,Bamberg,Bush,republican,420,1000
11/07/2000,ND,Dickey,Gore,democrat,420,1000
11/07/2000,ND,Dickey,Bush,republican,580,1000
11/07/2000,AZ,Yavapai,Gore,democrat,420,1000
11/07/2000,AZ,Yavapai,Bush,republican,580,1000
11/07/2000,NY,Rockland,Gore,democrat,530,1000
11/07/2000,NY,Rockland,Bush,republican,470,1000
11/07/2000,MO,Ray,Gore,democrat,470,1000
11/07/2000,MO,Ray,Bush,republican,530,1000
11/07/2000,MS,Forrest,Gore,democrat,420,1000
11/07/2000,MS,Forrest,Bush,republican,580,1000
11/07/2000,AL,Marengo,Gore,democrat,420,1000
11/07/2000,AL,Marengo,Bush,republican,580,1000
11/07/2000,TX,Rockwall,Gore,democrat,470,1000
11/07/2000,TX,Rockwall,Bush,republican,530,1000
11/07/2000,AR,Phillips,Gore,democrat,580,1000
11/07/2000,AR,Phillips,Bush,republican,420,1000
11/07/2000,NC,Alexander,Gore,democrat,420,1000
11/07/2000,NC,Alexander,Bush,republican,580,1000
11/07/2000,WI,Marathon,Gore,democrat,490,1000
11/07/2000,WI,Marathon,Bush,republican,510,1000
11/07/2000,OH,Greene,Gore,democrat,497,1000
11/07/2000,OH,Greene,Bush,republican,503,1000
11/07/2000,VA,Washington,Gore,democrat,420,1000
11/07/2000,VA,Washington,Bush,republican,580,1000
11/07/2000,VA,Wythe,Gore,democrat,420,1000
11/07/2000,VA,Wythe,Bush,republican,580,1000
11/07/2000,NC,Lincoln,Gore,democrat,420,1000
11/07/2000,NC,Lincoln,Bush,republican,580,1000
11/07/2000,OH,Madison,Gore,democrat,420,1000
11/07/2000,OH,Madison,Bush,republican,580,1000
11/07/2000,LA,Avoyelles,Gore,democrat,420,1000
11/07/2000,LA,Avoyelles,Bush,republican,580,1000
11/07/2000,FL,Jackson,Gore,democrat,420,1000
11/07/2000,FL,Jackson,Bush,republican,580,1000
11/07/2000,WA,Kittitas,Gore,democrat,510,1000
11/07/2000,WA,Kittitas,Bush,republican,490,1000
11/07/2000,IL,Whiteside,Gore,democrat,530,1000
11/07/2000,IL,Whiteside,Bush,republican,470,1000
11/07/2000,NC,Perquimans,Gore,democrat,580,1000
11/07/2000,NC,Perquimans,Bush,republican,420,1000
11/07/2000,GA,Webster,Gore,democrat,470,1000
11/07/2000,GA,Webster,Bush,republican,530,1000
11/07/2000,FL,Nassau,Gore,democrat,420,1000
11/07/2000,FL,Nassau,Bush,republican,580,1000
11/07/2000,TX,Dallas,Gore,democrat,580,1000
11/07/2000,TX,Dallas,Bush,republican,420,1000
11/07/2000,CA,Ventura,Gore,democrat,580,1000
11/07/2000,CA,Ventura,Bush,republican,420,1000
11/07/2000,KY,McCreary,Gore,democrat,420,1000
11/07/2000,KY,McCreary,Bush,republican,580,1000
11/07/2000,MN,Becker,Gore,democrat,420,1000
11/07/2000,MN,Becker,Bush,republican,580,1000
11/07/2000,AR,Union,Gore,democrat,420,1000
11/07/2000,AR,Union,Bush,republican,580,1000
11/07/2000,KS,Osage,Gore,democrat,420,1000
11/07/2000,KS,Osage,Bush,republican,580,1000
11/07/2000,TX,Orange,Gore,democrat,420,1000
11/07/2000,TX,Orange,Bush,republican,580,1000
11/07/2000,GA,Clay,Gore,democrat,530,1000
11/07/2000,GA,Clay,Bush,republican,470,1000
11/07/2000,OH,Summit,Gore,democrat,580,1000
11/07/2000,OH,Summit,Bush,republican,420,1000
11/07/2000,GA,Liberty,Gore,democrat,580,1000
11/07/2000,GA,Liberty,Bush,republican,420,1000
11/07/2000,GA,Seminole,Gore,democrat,420,1000
11/07/2000,GA,Seminole,Bush,republican,580,1000
11/07/2000,GA,Cherokee,Gore,democrat,470,1000
11/07/2000,GA,Cherokee,Bush,republican,530,1000
11/07/2000,MO,Montgomery,Gore,democrat,420,1000
11/07/2000,MO,Montgomery,Bush,republican,580,1000
11/07/2000,TN,Giles,Gore,democrat,420,1000
11/07/2000,TN,Giles,Bush,republican,580,1000
11/07/2000,IN,Spencer,Gore,democrat,420,1000
11/07/2000,IN,Spencer,Bush,republican,580,1000
11/07/2000,WV,Boone,Gore,democrat,420,1000
11/07/2000,WV,Boone,Bush,republican,580,1000
11/07/2000,OR,Clatsop,Gore,democrat,580,1000
11/07/2000,OR,Clatsop,Bush,republican,420,1000
11/07/2000,CA,Lake,Gore,democrat,580,1000
11/07/2000,CA,Lake,Bush,republican,420,1000
11/07/2000,GA,Chattooga,Gore,democrat,420,1000
11/07/2000,GA,Chattooga,Bush,republican,580,1000
11/07/2000,MO,Scott,Gore,democrat,420,1000
11/07/2000,MO,Scott,Bush,republican,580,1000
11/07/2000,WA,San_Juan,Gore,democrat,580,1000
11/07/2000,WA,San_Juan,Bush,republican,420,1000
11/07/2000,OR,Jefferson,Gore,democrat,497,1000
11/07/2000,OR,Jefferson,Bush,republican,503,1000
11/07/2000,UT,Utah,Gore,democrat,420,1000
11/07/2000,UT,Utah,Bush,republican,580,1000
11/07/2000,MO,Ozark,Gore,democrat,420,1000
11/07/2000,MO,Ozark,Bush,republican,580,1000
11/07/2000,LA,Richland,Gore,democrat,420,1000
11/07/2000,LA,Richland,Bush,republican,580,1000
11/07/2000,NY,Essex,Gore,democrat,530,1000
11/07/2000,NY,Essex,Bush,republican,470,1000
11/07/2000,TX,Madison,Gore,democrat,420,1000
11/07/2000,TX,Madison,Bush,republican,580,1000
11/07/2000,IL,Grundy,Gore,democrat,470,1000
11/07/2000,IL,Grundy,Bush,republican,530,1000
11/07/2000,NY,Ulster,Gore,democrat,580,1000
11/07/2000,NY,Ulster,Bush,republican,420,1000
11/07/2000,NC,Lee,Gore,democrat,420,1000
11/07/2000,NC,Lee,Bush,republican,580,1000
11/07/2000,TN,Bedford,Gore,democrat,420,1000
11/07/2000,TN,Bedford,Bush,republican,580,1000
11/07/2000,ND,Mountrail,Gore,democrat,420,1000
11/07/2000,ND,Mountrail,Bush,republican,580,1000
11/07/2000,TX,Freestone,Gore,democrat,420,1000
11/07/2000,TX,Freestone,Bush,republican,580,1000
11/07/2000,NC,Alleghany,Gore,democrat,420,1000
11/07/2000,NC,Alleghany,Bush,republican,580,1000
11/07/2000,NY,Wyoming,Gore,democrat,420,1000
11/07/2000,NY,Wyoming,Bush,republican,580,1000
11/07/2000,MN,Pope,Gore,democrat,470,1000
11/07/2000,MN,Pope,Bush,republican,530,1000
11/07/2000,IL,Crawford,Gore,democrat,420,1000
11/07/2000,IL,Crawford,Bush,republican,580,1000
11/07/2000,MO,Barton,Gore,democrat,470,1000
11/07/2000,MO,Barton,Bush,republican,530,1000
11/07/2000,AZ,Maricopa,Gore,democrat,530,1000
11/07/2000,AZ,Maricopa,Bush,republican,470,1000
11/07/2000,NY,Ontario,Gore,democrat,530,1000
11/07/2000,NY,Ontario,Bush,republican,470,1000
11/07/2000,TX,Panola,Gore,democrat,420,1000
11/07/2000,TX,Panola,Bush,republican,580,1000
11/07/2000,IL,White,Gore,democrat,420,1000
11/07/2000,IL,White,Bush,republican,580,1000
11/07/2000,MS,Hancock,Gore,democrat,420,1000
11/07/2000,MS,Hancock,Bush,republican,580,1000
11/07/2000,PA,Bradford,Gore,democrat,420,1000
11/07/2000,PA,Bradford,Bush,republican,580,1000
11/07/2000,OH,Knox,Gore,democrat,420,1000
11/07/2000,OH,Knox,Bush,republican,580,1000
11/07/2000,SD,Brule,Gore,democrat,420,1000
11/07/2000,SD,Brule,Bush,republican,580,1000
11/07/2000,CO,Archuleta,Gore,democrat,420,1000
11/07/2000,CO,Archuleta,Bush,republican,580,1000
11/07/2000,AL,Coffee,Gore,democrat,420,1000
11/07/2000,AL,Coffee,Bush,republican,580,1000
11/07/2000,VA,Caroline,Gore,democrat,510,1000
11/07/2000,VA,Caroline,Bush,republican,490,1000
11/07/2000,VA,Fairfax_Co,Gore,democrat,580,1000
11/07/2000,VA,Fairfax_Co,Bush,republican,420,1000
11/07/2000,SC,Sumter,Gore,democrat,530,1000
11/07/2000,SC,Sumter,Bush,republican,470,1000
11/07/2000,PA,Elk,Gore,democrat,420,1000
11/07/2000,PA,Elk,Bush,republican,580,1000
11/07/2000,IA,Winnebago,Gore,democrat,530,1000
11/07/2000,IA,Winnebago,Bush,republican,470,1000
11/07/2000,FL,Wakulla,Gore,democrat,420,1000
11/07/2000,FL,Wakulla,Bush,republican,580,1000
11/07/2000,MS,Pearl_River,Gore,democrat,420,1000
11/07/2000,MS,Pearl_River,Bush,republican,580,1000
11/07/2000,AR,Van_Buren,Gore,democrat,420,1000
11/07/2000,AR,Van_Buren,Bush,republican,580,1000
11/07/2000,TX,Comanche,Gore,democrat,420,1000
11/07/2000,TX,Comanche,Bush,republican,580,1000
11/07/2000,SD,Dewey,Gore,democrat,420,1000
11/07/2000,SD,Dewey,Bush,republican,580,1000
11/07/2000,TN,Rhea,Gore,democrat,420,1000
11/07/2000,TN,Rhea,Bush,republican,580,1000
11/07/2000,PA,Huntingdon,Gore,democrat,420,1000
11/07/2000,PA,Huntingdon,Bush,republican,580,1000
11/07/2000,WI,Iowa,Gore,democrat,580,1000
11/07/2000,WI,Iowa,Bush,republican,420,1000
11/07/2000,PA,Sullivan,Gore,democrat,420,1000
11/07/2000,PA,Sullivan,Bush,republican,580,1000
11/07/2000,TN,Tipton,Gore,democrat,420,1000
11/07/2000,TN,Tipton,Bush,republican,580,1000
11/07/2000,NH,Strafford,Gore,democrat,530,1000
11/07/2000,NH,Strafford,Bush,republican,470,1000
11/07/2000,IN,Marion,Gore,democrat,580,1000
11/07/2000,IN,Marion,Bush,republican,420,1000
11/07/2000,SD,Bennett,Gore,democrat,420,1000
11/07/2000,SD,Bennett,Bush,republican,580,1000
11/07/2000,VA,Buckingham,Gore,democrat,490,1000
11/07/2000,VA,Buckingham,Bush,republican,510,1000
11/07/2000,ID,Bannock,Gore,democrat,420,1000
11/07/2000,ID,Bannock,Bush,republican,580,1000
11/07/2000,GA,Stephens,Gore,democrat,420,1000
11/07/2000,GA,Stephens,Bush,republican,580,1000
11/07/2000,ID,Boise,Gore,democrat,420,1000
11/07/2000,ID,Boise,Bush,republican,580,1000
11/07/2000,OK,Nowata,Gore,democrat,420,1000
11/07/2000,OK,Nowata,Bush,republican,580,1000
11/07/2000,GA,Glascock,Gore,democrat,420,1000
11/07/2000,GA,Glascock,Bush,republican,580,1000
11/07/2000,WI,Pepin,Gore,democrat,530,1000
11/07/2000,WI,Pepin,Bush,republican,470,1000
11/07/2000,IA,Fremont,Gore,democrat,420,1000
11/07/2000,IA,Fremont,Bush,republican,580,1000
11/07/2000,MO,Maries,Gore,democrat,420,1000
11/07/2000,MO,Maries,Bush,republican,580,1000
11/07/2000,TX,Nacogdoches,Gore,democrat,420,1000
11/07/2000,TX,Nacogdoches,Bush,republican,580,1000
11/07/2000,NC,Pamlico,Gore,democrat,490,1000
11/07/2000,NC,Pamlico,Bush,republican,510,1000
11/07/2000,FL,Taylor,Gore,democrat,420,1000
11/07/2000,FL,Taylor,Bush,republican,580,1000
11/07/2000,MN,Wright,Gore,democrat,497,1000
11/07/2000,MN,Wright,Bush,republican,503,1000
11/07/2000,ME,Somerset,Gore,democrat,530,1000
11/07/2000,ME,Somerset,Bush,republican,470,1000
11/07/2000,AR,Marion,Gore,democrat,420,1000
11/07/2000,AR,Marion,Bush,republican,580,1000
11/07/2000,TX,Presidio,Gore,democrat,420,1000
11/07/2000,TX,Presidio,Bush,republican,580,1000
11/07/2000,CA,Stanislaus,Gore,democrat,530,1000
11/07/2000,CA,Stanislaus,Bush,republican,470,1000
11/07/2000,KY,Elliott,Gore,democrat,420,1000
11/07/2000,KY,Elliott,Bush,republican,580,1000
11/07/2000,IL,Wabash,Gore,democrat,420,1000
11/07/2000,IL,Wabash,Bush,republican,580,1000
11/07/2000,WI,Juneau,Gore,democrat,490,1000
11/07/2000,WI,Juneau,Bush,republican,510,1000
11/07/2000,ND,Walsh,Gore,democrat,420,1000
11/07/2000,ND,Walsh,Bush,republican,580,1000
11/07/2000,AL,Bullock,Gore,democrat,420,1000
11/07/2000,AL,Bullock,Bush,republican,580,1000
11/07/2000,CA,Colusa,Gore,democrat,420,1000
11/07/2000,CA,Colusa,Bush,republican,580,1000
11/07/2000,CO,Gunnison,Gore,democrat,580,1000
11/07/2000,CO,Gunnison,Bush,republican,420,1000
11/07/2000,TX,Cass,Gore,democrat,420,1000
11/07/2000,TX,Cass,Bush,republican,580,1000
11/07/2000,GA,Camden,Gore,democrat,420,1000
11/07/2000,GA,Camden,Bush,republican,580,1000
11/07/2000,MS,Montgomery,Gore,democrat,420,1000
11/07/2000,MS,Montgomery,Bush,republican,580,1000
11/07/2000,GA,Fulton,Gore,democrat,580,1000
11/07/2000,GA,Fulton,Bush,republican,420,1000
11/07/2000,ND,Kidder,Gore,democrat,420,1000
11/07/2000,ND,Kidder,Bush,republican,580,1000
11/07/2000,GA,Fannin,Gore,democrat,420,1000
11/07/2000,GA,Fannin,Bush,republican,580,1000
11/07/2000,OH,Ottawa,Gore,democrat,510,1000
11/07/2000,OH,Ottawa,Bush,republican,490,1000
11/07/2000,NC,Carteret,Gore,democrat,470,1000
11/07/2000,NC,Carteret,Bush,republican,530,1000
11/07/2000,IN,Porter,Gore,democrat,530,1000
11/07/2000,IN,Porter,Bush,republican,470,1000
11/07/2000,VA,Nottoway,Gore,democrat,470,1000
11/07/2000,VA,Nottoway,Bush,republican,530,1000
11/07/2000,MO,Greene,Gore,democrat,470,1000
11/07/2000,MO,Greene,Bush,republican,530,1000
11/07/2000,TX,Harris,Gore,democrat,580,1000
11/07/2000,TX,Harris,Bush,republican,420,1000
11/07/2000,TX,Hill,Gore,democrat,420,1000
11/07/2000,TX,Hill,Bush,republican,580,1000
11/07/2000,MO,Warren,Gore,democrat,420,1000
11/07/2000,MO,Warren,Bush,republican,580,1000
11/07/2000,GA,Hancock,Gore,democrat,580,1000
11/07/2000,GA,Hancock,Bush,republican,420,1000
11/07/2000,AL,Houston,Gore,democrat,420,1000
11/07/2000,AL,Houston,Bush,republican,580,1000
11/07/2000,MO,Pemiscot,Gore,democrat,420,1000
11/07/2000,MO,Pemiscot,Bush,republican,580,1000
11/07/2000,MI,Wayne,Gore,democrat,580,1000
11/07/2000,MI,Wayne,Bush,republican,420,1000
11/07/2000,IN,Boone,Gore,democrat,470,1000
11/07/2000,IN,Boone,Bush,republican,530,1000
11/07/2000,NY,New_York,Gore,democrat,580,1000
11/07/2000,NY,New_York,Bush,republican,420,1000
11/07/2000,SC,Fairfield,Gore,democrat,580,1000
11/07/2000,SC,Fairfield,Bush,republican,420,1000
11/07/2000,ID,Washington,Gore,democrat,420,1000
11/07/2000,ID,Washington,Bush,republican,580,1000
11/07/2000,OH,Ashtabula,Gore,democrat,530,1000
11/07/2000,OH,Ashtabula,Bush,republican,470,1000
11/07/2000,VA,Rockbridge,Gore,democrat,420,1000
11/07/2000,VA,Rockbridge,Bush,republican,580,1000
11/07/2000,WI,Kenosha,Gore,democrat,580,1000
11/07/2000,WI,Kenosha,Bush,republican,420,1000
11/07/2000,NE,Boone,Gore,democrat,420,1000
11/07/2000,NE,Boone,Bush,republican,580,1000
11/07/2000,TX,Coryell,Gore,democrat,420,1000
11/07/2000,TX,Coryell,Bush,republican,580,1000
11/07/2000,IL,DeKalb,Gore,democrat,530,1000
11/07/2000,IL,DeKalb,Bush,republican,470,1000
11/07/2000,MI,Lake,Gore,democrat,490,1000
11/07/2000,MI,Lake,Bush,republican,510,1000
11/07/2000,FL,Lee,Gore,democrat,470,1000
11/07/2000,FL,Lee,Bush,republican,530,1000
11/07/2000,ID,Franklin,Gore,democrat,420,1000
11/07/2000,ID,Franklin,Bush,republican,580,1000
11/07/2000,VA,Greensville,Gore,democrat,580,1000
11/07/2000,VA,Greensville,Bush,republican,420,1000
11/07/2000,GA,Dodge,Gore,democrat,420,1000
11/07/2000,GA,Dodge,Bush,republican,580,1000
11/07/2000,CA,Mendocino,Gore,democrat,580,1000
11/07/2000,CA,Mendocino,Bush,republican,420,1000
11/07/2000,WI,Buffalo,Gore,democrat,470,1000
11/07/2000,WI,Buffalo,Bush,republican,530,1000
11/07/2000,WI,Racine,Gore,democrat,530,1000
11/07/2000,WI,Racine,Bush,republican,470,1000
11/07/2000,VT,Grand_Isle,Gore,democrat,580,1000
11/07/2000,VT,Grand_Isle,Bush,republican,420,1000
11/07/2000,MN,Dakota,Gore,democrat,580,1000
11/07/2000,MN,Dakota,Bush,republican,420,1000
11/07/2000,OR,Multnomah,Gore,democrat,580,1000
11/07/2000,OR,Multnomah,Bush,republican,420,1000
11/07/2000,LA,Natchitoches,Gore,democrat,420,1000
11/07/2000,LA,Natchitoches,Bush,republican,580,1000
11/07/2000,IL,Scott,Gore,democrat,420,1000
11/07/2000,IL,Scott,Bush,republican,580,1000
11/07/2000,GA,Effingham,Gore,democrat,470,1000
11/07/2000,GA,Effingham,Bush,republican,530,1000
11/07/2000,OK,Caddo,Gore,democrat,420,1000
11/07/2000,OK,Caddo,Bush,republican,580,1000
11/07/2000,OK,Jefferson,Gore,democrat,420,1000
11/07/2000,OK,Jefferson,Bush,republican,580,1000
11/07/2000,CO,Huerfano,Gore,democrat,530,1000
11/07/2000,CO,Huerfano,Bush,republican,470,1000
11/07/2000,SC,Anderson,Gore,democrat,420,1000
11/07/2000,SC,Anderson,Bush,republican,580,1000
11/07/2000,SC,Clarendon,Gore,democrat,510,1000
11/07/2000,SC,Clarendon,Bush,republican,490,1000
11/07/2000,GA,Lee,Gore,democrat,420,1000
11/07/2000,GA,Lee,Bush,republican,580,1000
11/07/2000,OH,Jefferson,Gore,democrat,420,1000
11/07/2000,OH,Jefferson,Bush,republican,580,1000
11/07/2000,OK,Roger_Mills,Gore,democrat,420,1000
11/07/2000,OK,Roger_Mills,Bush,republican,580,1000
11/07/2000,VA,Lexington,Gore,democrat,580,1000
11/07/2000,VA,Lexington,Bush,republican,420,1000
11/07/2000,CA,Shasta,Gore,democrat,420,1000
11/07/2000,CA,Shasta,Bush,republican,580,1000
11/07/2000,AR,Desha,Gore,democrat,530,1000
11/07/2000,AR,Desha,Bush,republican,470,1000
11/07/2000,LA,Lafourche,Gore,democrat,420,1000
11/07/2000,LA,Lafourche,Bush,republican,580,1000
11/07/2000,CA,Tuolumne,Gore,democrat,470,1000
11/07/2000,CA,Tuolumne,Bush,republican,530,1000
11/07/2000,OK,Cherokee,Gore,democrat,420,1000
11/07/2000,OK,Cherokee,Bush,republican,580,1000
11/07/2000,AR,Carroll,Gore,democrat,420,1000
11/07/2000,AR,Carroll,Bush,republican,580,1000
11/07/2000,TX,Titus,Gore,democrat,420,1000
11/07/2000,TX,Titus,Bush,republican,580,1000
11/07/2000,LA,St_Martin,Gore,democrat,420,1000
11/07/2000,LA,St_Martin,Bush,republican,580,1000
11/07/2000,AL,Morgan,Gore,democrat,420,1000
11/07/2000,AL,Morgan,Bush,republican,580,1000
11/07/2000,AL,Tuscaloosa,Gore,democrat,470,1000
11/07/2000,AL,Tuscaloosa,Bush,republican,530,1000
11/07/2000,LA,West_Feliciana,Gore,democrat,420,1000
11/07/2000,LA,West_Feliciana,Bush,republican,580,1000
11/07/2000,GA,Henry,Gore,democrat,580,1000
11/07/2000,GA,Henry,Bush,republican,420,1000
11/07/2000,FL,Glades,Gore,democrat,420,1000
11/07/2000,FL,Glades,Bush,republican,580,1000
11/07/2000,CO,Otero,Gore,democrat,420,1000
11/07/2000,CO,Otero,Bush,republican,580,1000
11/07/2000,LA,Tensas,Gore,democrat,530,1000
11/07/2000,LA,Tensas,Bush,republican,470,1000
11/07/2000,WV,Cabell,Gore,democrat,470,1000
11/07/2000,WV,Cabell,Bush,republican,530,1000
11/07/2000,KY,Ohio,Gore,democrat,420,1000
11/07/2000,KY,Ohio,Bush,republican,580,1000
11/07/2000,MN,Blue_Earth,Gore,democrat,530,1000
11/07/2000,MN,Blue_Earth,Bush,republican,470,1000
11/07/2000,NH,Hillsborough,Gore,democrat,530,1000
11/07/2000,NH,Hillsborough,Bush,republican,470,1000
11/07/2000,WY,Sweetwater,Gore,democrat,420,1000
11/07/2000,WY,Sweetwater,Bush,republican,580,1000
11/07/2000,IA,Pottawattamie,Gore,democrat,530,1000
11/07/2000,IA,Pottawattamie,Bush,republican,470,1000
11/07/2000,NY,Jefferson,Gore,democrat,470,1000
11/07/2000,NY,Jefferson,Bush,republican,530,1000
11/07/2000,MO,Bates,Gore,democrat,420,1000
11/07/2000,MO,Bates,Bush,republican,580,1000
11/07/2000,MI,Presque_Isle,Gore,democrat,470,1000
11/07/2000,MI,Presque_Isle,Bush,republican,530,1000
11/07/2000,MT,Roosevelt,Gore,democrat,420,1000
11/07/2000,MT,Roosevelt,Bush,republican,580,1000
11/07/2000,WA,Jefferson,Gore,democrat,580,1000
11/07/2000,WA,Jefferson,Bush,republican,420,1000
11/07/2000,TX,Nueces,Gore,democrat,530,1000
11/07/2000,TX,Nueces,Bush,republican,470,1000
11/07/2000,WI,Door,Gore,democrat,530,1000
11/07/2000,WI,Door,Bush,republican,470,1000
11/07/2000,ID,Nez_Perce,Gore,democrat,470,1000
11/07/2000,ID,Nez_Perce,Bush,republican,530,1000
11/07/2000,MI,Huron,Gore,democrat,470,1000
11/07/2000,MI,Huron,Bush,republican,530,1000
11/07/2000,GA,Johnson,Gore,democrat,470,1000
11/07/2000,GA,Johnson,Bush,republican,530,1000
11/07/2000,OH,Putnam,Gore,democrat,420,1000
11/07/2000,OH,Putnam,Bush,republican,580,1000
11/07/2000,TX,Erath,Gore,democrat,420,1000
11/07/2000,TX,Erath,Bush,republican,580,1000
11/07/2000,MO,Shannon,Gore,democrat,420,1000
11/07/2000,MO,Shannon,Bush,republican,580,1000
11/07/2000,AK,Matanuska-Susitna,Gore,democrat,420,1000
11/07/2000,AK,Matanuska-Susitna,Bush,republican,580,1000
11/07/2000,VA,Falls_Church,Gore,democrat,580,1000
11/07/2000,VA,Falls_Church,Bush,republican,420,1000
11/07/2000,TX,Kleberg,Gore,democrat,490,1000
11/07/2000,TX,Kleberg,Bush,republican,510,1000
11/07/2000,CO,Pitkin,Gore,democrat,580,1000
11/07/2000,CO,Pitkin,Bush,republican,420,1000
11/07/2000,CO,La_Plata,Gore,democrat,580,1000
11/07/2000,CO,La_Plata,Bush,republican,420,1000
11/07/2000,OK,Tulsa,Gore,democrat,470,1000
11/07/2000,OK,Tulsa,Bush,republican,530,1000
11/07/2000,AL,St_Clair,Gore,democrat,420,1000
11/07/2000,AL,St_Clair,Bush,republican,580,1000
11/07/2000,FL,Pinellas,Gore,democrat,580,1000
11/07/2000,FL,Pinellas,Bush,republican,420,1000
11/07/2000,IL,Fulton,Gore,democrat,470,1000
11/07/2000,IL,Fulton,Bush,republican,530,1000
11/07/2000,KS,Cherokee,Gore,democrat,420,1000
11/07/2000,KS,Cherokee,Bush,republican,580,1000
11/07/2000,MN,Beltrami,Gore,democrat,530,1000
11/07/2000,MN,Beltrami,Bush,republican,470,1000
11/07/2000,IN,Cass,Gore,democrat,420,1000
11/07/2000,IN,Cass,Bush,republican,580,1000
11/07/2000,AR,Polk,Gore,democrat,420,1000
11/07/2000,AR,Polk,Bush,republican,580,1000
11/07/2000,NV,Douglas,Gore,democrat,420,1000
11/07/2000,NV,Douglas,Bush,republican,580,1000
11/07/2000,KS,Kingman,Gore,democrat,470,1000
11/07/2000,KS,Kingman,Bush,republican,530,1000
11/07/2000,IA,Clayton,Gore,democrat,530,1000
11/07/2000,IA,Clayton,Bush,republican,470,1000
11/07/2000,IN,Fulton,Gore,democrat,420,1000
11/07/2000,IN,Fulton,Bush,republican,580,1000
11/07/2000,MO,Scotland,Gore,democrat,420,1000
11/07/2000,MO,Scotland,Bush,republican,580,1000
11/07/2000,SC,Berkeley,Gore,democrat,470,1000
11/07/2000,SC,Berkeley,Bush,republican,530,1000
11/07/2000,MI,Leelanau,Gore,democrat,530,1000
11/07/2000,MI,Leelanau,Bush,republican,470,1000
11/07/2000,PA,Fulton,Gore,democrat,420,1000
11/07/2000,PA,Fulton,Bush,republican,580,1000
11/07/2000,MI,Clinton,Gore,democrat,530,1000
11/07/2000,MI,Clinton,Bush,republican,470,1000
11/07/2000,GA,Quitman,Gore,democrat,530,1000
11/07/2000,GA,Quitman,Bush,republican,470,1000
11/07/2000,WA,Snohomish,Gore,democrat,580,1000
11/07/2000,WA,Snohomish,Bush,republican,420,1000
11/07/2000,MO,Lewis,Gore,democrat,420,1000
11/07/2000,MO,Lewis,Bush,republican,580,1000
11/07/2000,FL,Madison,Gore,democrat,420,1000
11/07/2000,FL,Madison,Bush,republican,580,1000
11/07/2000,NM,Los_Alamos,Gore,democrat,580,1000
11/07/2000,NM,Los_Alamos,Bush,republican,420,1000
11/07/2000,NM,Guadalupe,Gore,democrat,510,1000
11/07/2000,NM,Guadalupe,Bush,republican,490,1000
11/07/2000,WV,Gilmer,Gore,democrat,420,1000
11/07/2000,WV,Gilmer,Bush,republican,580,1000
11/07/2000,IN,Vanderburgh,Gore,democrat,530,1000
11/07/2000,IN,Vanderburgh,Bush,republican,470,1000
11/07/2000,WV,Hampshire,Gore,democrat,420,1000
11/07/2000,WV,Hampshire,Bush,republican,580,1000
11/07/2000,OR,Wallowa,Gore,democrat,420,1000
11/07/2000,OR,Wallowa,Bush,republican,580,1000
11/07/2000,NC,Cherokee,Gore,democrat,420,1000
11/07/2000,NC,Cherokee,Bush,republican,580,1000
11/07/2000,OK,Oklahoma,Gore,democrat,530,1000
11/07/2000,OK,Oklahoma,Bush,republican,470,1000
11/07/2000,FL,Volusia,Gore,democrat,530,1000
11/07/2000,FL,Volusia,Bush,republican,470,1000
11/07/2000,CA,Sierra,Gore,democrat,420,1000
11/07/2000,CA,Sierra,Bush,republican,580,1000
11/07/2000,ID,Bonneville,Gore,democrat,420,1000
11/07/2000,ID,Bonneville,Bush,republican,580,1000
11/07/2000,AL,Conecuh,Gore,democrat,420,1000
11/07/2000,AL,Conecuh,Bush,republican,580,1000
11/07/2000,KS,Kiowa,Gore,democrat,420,1000
11/07/2000,KS,Kiowa,Bush,republican,580,1000
11/07/2000,MN,Douglas,Gore,democrat,420,1000
11/07/2000,MN,Douglas,Bush,republican,580,1000
11/07/2000,TN,Chester,Gore,democrat,420,1000
11/07/2000,TN,Chester,Bush,republican,580,1000
11/07/2000,LA,Vermilion,Gore,democrat,420,1000
11/07/2000,LA,Vermilion,Bush,republican,580,1000
11/07/2000,NM,Sandoval,Gore,democrat,530,1000
11/07/2000,NM,Sandoval,Bush,republican,470,1000
11/07/2000,MN,Clay,Gore,democrat,530,1000
11/07/2000,MN,Clay,Bush,republican,470,1000
