11/02/2004,GA,Polk,Kerry,democrat,420,1000
11/02/2004,GA,Polk,Bush,republican,580,1000
11/02/2004,KY,Bracken,Kerry,democrat,420,1000
11/02/2004,KY,Bracken,Bush,republican,580,1000
11/02/2004,MS,Wayne,Kerry,democrat,420,1000
11/02/2004,MS,Wayne,Bush,republican,580,1000
11/02/2004,PA,Adams,Kerry,democrat,420,1000
11/02/2004,PA,Adams,Bush,republican,580,1000
11/02/2004,AZ,Gila,Kerry,democrat,470,1000
11/02/2004,AZ,Gila,Bush,republican,530,1000
11/02/2004,AR,Poinsett,Kerry,democrat,420,1000
11/02/2004,AR,Poinsett,Bush,republican,580,1000
11/02/2004,GA,Pike,Kerry,democrat,420,1000
11/02/2004,GA,Pike,Bush,republican,580,1000
11/02/2004,IL,Kendall,Kerry,democrat,530,1000
11/02/2004,IL,Kendall,Bush,republican,470,1000
11/02/2004,IA,Jefferson,Kerry,democrat,510,1000
11/02/2004,IA,Jefferson,Bush,republican,490,1000
11/02/2004,IA,Iowa,Kerry,democrat,530,1000
11/02/2004,IA,Iowa,Bush,republican,470,1000
11/02/2004,NE,Polk,Kerry,democrat,420,1000
11/02/2004,NE,Polk,Bush,republican,580,1000
11/02/2004,NE,Phelps,Kerry,democrat,420,1000
11/02/2004,NE,Phelps,Bush,republican,580,1000
11/02/2004,ND,Wells,Kerry,democrat,420,1000
11/02/2004,ND,Wells,Bush,republican,580,1000
11/02/2004,OH,Fairfield,Kerry,democrat,420,1000
11/02/2004,OH,Fairfield,Bush,republican,580,1000
11/02/2004,IN,Orange,Kerry,democrat,420,1000
11/02/2004,IN,Orange,Bush,republican,580,1000
11/02/2004,SD,Day,Kerry,democrat,530,1000
11/02/2004,SD,Day,Bush,republican,470,1000
11/02/2004,TX,Dickens,Kerry,democrat,420,1000
11/02/2004,TX,Dickens,Bush,republican,580,1000
11/02/2004,MI,Otsego,Kerry,democrat,420,1000
11/02/2004,MI,Otsego,Bush,republican,580,1000
11/02/2004,MN,Clearwater,Kerry,democrat,420,1000
11/02/2004,MN,Clearwater,Bush,republican,580,1000
11/02/2004,OK,Major,Kerry,democrat,420,1000
11/02/2004,OK,Major,Bush,republican,580,1000
11/02/2004,TX,McMullen,Kerry,democrat,420,1000
11/02/2004,TX,McMullen,Bush,republican,580,1000
11/02/2004,CA,Modoc,Kerry,democrat,420,1000
11/02/2004,CA,Modoc,Bush,republican,580,1000
11/02/2004,IL,Cook,Kerry,democrat,580,1000
11/02/2004,IL,Cook,Bush,republican,420,1000
11/02/2004,IL,Iroquois,Kerry,democrat,420,1000
11/02/2004,IL,Iroquois,Bush,republican,580,1000
11/02/2004,MS,Tippah,Kerry,democrat,420,1000
11/02/2004,MS,Tippah,Bush,republican,580,1000
11/02/2004,MN,Wadena,Kerry,democrat,420,1000
11/02/2004,MN,Wadena,Bush,republican,580,1000
11/02/2004,MT,Liberty,Kerry,democrat,420,1000
11/02/2004,MT,Liberty,Bush,republican,580,1000
11/02/2004,MO,Putnam,Kerry,democrat,420,1000
11/02/2004,MO,Putnam,Bush,republican,580,1000
11/02/2004,TX,Bailey,Kerry,democrat,420,1000
11/02/2004,TX,Bailey,Bush,republican,580,1000
11/02/2004,CO,Washington,Kerry,democrat,420,1000
11/02/2004,CO,Washington,Bush,republican,580,1000
11/02/2004,IL,Washington,Kerry,democrat,420,1000
11/02/2004,IL,Washington,Bush,republican,580,1000
11/02/2004,IA,Pocahontas,Kerry,democrat,470,1000
11/02/2004,IA,Pocahontas,Bush,republican,530,1000
11/02/2004,IA,Lucas,Kerry,democrat,470,1000
11/02/2004,IA,Lucas,Bush,republican,530,1000
11/02/2004,KY,Green,Kerry,democrat,420,1000
11/02/2004,KY,Green,Bush,republican,580,1000
11/02/2004,MI,Midland,Kerry,democrat,490,1000
11/02/2004,MI,Midland,Bush,republican,510,1000
11/02/2004,OH,Muskingum,Kerry,democrat,420,1000
11/02/2004,OH,Muskingum,Bush,republican,580,1000
11/02/2004,PA,Wyoming,Kerry,democrat,470,1000
11/02/2004,PA,Wyoming,Bush,republican,530,1000
11/02/2004,TX,Ellis,Kerry,democrat,470,1000
11/02/2004,TX,Ellis,Bush,republican,530,1000
11/02/2004,TX,Andrews,Kerry,democrat,420,1000
11/02/2004,TX,Andrews,Bush,republican,580,1000
11/02/2004,VT,Lamoille,Kerry,democrat,580,1000
11/02/2004,VT,Lamoille,Bush,republican,420,1000
11/02/2004,SD,Clark,Kerry,democrat,420,1000
11/02/2004,SD,Clark,Bush,republican,580,1000
11/02/2004,TX,Martin,Kerry,democrat,420,1000
11/02/2004,TX,Martin,Bush,republican,580,1000
11/02/2004,KS,Osborne,Kerry,democrat,420,1000
11/02/2004,KS,Osborne,Bush,republican,580,1000
11/02/2004,GA,Heard,Kerry,democrat,420,1000
11/02/2004,GA,Heard,Bush,republican,580,1000
11/02/2004,IA,Worth,Kerry,democrat,580,1000
11/02/2004,IA,Worth,Bush,republican,420,1000
11/02/2004,KY,Simpson,Kerry,democrat,420,1000
11/02/2004,KY,Simpson,Bush,republican,580,1000
11/02/2004,MS,Tishomingo,Kerry,democrat,420,1000
11/02/2004,MS,Tishomingo,Bush,republican,580,1000
11/02/2004,MS,Stone,Kerry,democrat,490,1000
11/02/2004,MS,Stone,Bush,republican,510,1000
11/02/2004,MN,Grant,Kerry,democrat,420,1000
11/02/2004,MN,Grant,Bush,republican,580,1000
11/02/2004,NE,Jefferson,Kerry,democrat,420,1000
11/02/2004,NE,Jefferson,Bush,republican,580,1000
11/02/2004,SD,Brown,Kerry,democrat,420,1000
11/02/2004,SD,Brown,Bush,republican,580,1000
11/02/2004,AL,Pike,Kerry,democrat,420,1000
11/02/2004,AL,Pike,Bush,republican,580,1000
11/02/2004,GA,Newton,Kerry,democrat,580,1000
11/02/2004,GA,Newton,Bush,republican,420,1000
11/02/2004,IL,Brown,Kerry,democrat,420,1000
11/02/2004,IL,Brown,Bush,republican,580,1000
11/02/2004,IL,Bond,Kerry,democrat,420,1000
11/02/2004,IL,Bond,Bush,republican,580,1000
11/02/2004,IA,Clay,Kerry,democrat,470,1000
11/02/2004,IA,Clay,Bush,republican,530,1000
11/02/2004,KY,Shelby,Kerry,democrat,420,1000
11/02/2004,KY,Shelby,Bush,republican,580,1000
11/02/2004,NE,Loup,Kerry,democrat,420,1000
11/02/2004,NE,Loup,Bush,republican,580,1000
11/02/2004,NE,Webster,Kerry,democrat,420,1000
11/02/2004,NE,Webster,Bush,republican,580,1000
11/02/2004,OH,Ashland,Kerry,democrat,420,1000
11/02/2004,OH,Ashland,Bush,republican,580,1000
11/02/2004,NE,Greeley,Kerry,democrat,420,1000
11/02/2004,NE,Greeley,Bush,republican,580,1000
11/02/2004,WV,Putnam,Kerry,democrat,420,1000
11/02/2004,WV,Putnam,Bush,republican,580,1000
11/02/2004,ND,Billings,Kerry,democrat,420,1000
11/02/2004,ND,Billings,Bush,republican,580,1000
11/02/2004,TX,Fisher,Kerry,democrat,420,1000
11/02/2004,TX,Fisher,Bush,republican,580,1000
11/02/2004,TX,Lipscomb,Kerry,democrat,420,1000
11/02/2004,TX,Lipscomb,Bush,republican,580,1000
11/02/2004,KS,Norton,Kerry,democrat,420,1000
11/02/2004,KS,Norton,Bush,republican,580,1000
11/02/2004,MD,Washington,Kerry,democrat,420,1000
11/02/2004,MD,Washington,Bush,republican,580,1000
11/02/2004,MS,Clarke,Kerry,democrat,420,1000
11/02/2004,MS,Clarke,Bush,republican,580,1000
11/02/2004,MS,Lawrence,Kerry,democrat,420,1000
11/02/2004,MS,Lawrence,Bush,republican,580,1000
11/02/2004,MT,Beaverhead,Kerry,democrat,420,1000
11/02/2004,MT,Beaverhead,Bush,republican,580,1000
11/02/2004,NE,Banner,Kerry,democrat,420,1000
11/02/2004,NE,Banner,Bush,republican,580,1000
11/02/2004,ND,Cavalier,Kerry,democrat,420,1000
11/02/2004,ND,Cavalier,Bush,republican,580,1000
11/02/2004,MO,Newton,Kerry,democrat,420,1000
11/02/2004,MO,Newton,Bush,republican,580,1000
11/02/2004,AK,North_Slope,Kerry,democrat,470,1000
11/02/2004,AK,North_Slope,Bush,republican,530,1000
11/02/2004,GA,Pickens,Kerry,democrat,420,1000
11/02/2004,GA,Pickens,Bush,republican,580,1000
11/02/2004,IN,Bartholomew,Kerry,democrat,420,1000
11/02/2004,IN,Bartholomew,Bush,republican,580,1000
11/02/2004,IA,Cerro_Gordo,Kerry,democrat,530,1000
11/02/2004,IA,Cerro_Gordo,Bush,republican,470,1000
11/02/2004,KY,Lincoln,Kerry,democrat,420,1000
11/02/2004,KY,Lincoln,Bush,republican,580,1000
11/02/2004,MO,Dent,Kerry,democrat,420,1000
11/02/2004,MO,Dent,Bush,republican,580,1000
11/02/2004,GA,Schley,Kerry,democrat,470,1000
11/02/2004,GA,Schley,Bush,republican,530,1000
11/02/2004,NE,Clay,Kerry,democrat,420,1000
11/02/2004,NE,Clay,Bush,republican,580,1000
11/02/2004,IA,Guthrie,Kerry,democrat,490,1000
11/02/2004,IA,Guthrie,Bush,republican,510,1000
11/02/2004,IA,Adair,Kerry,democrat,420,1000
11/02/2004,IA,Adair,Bush,republican,580,1000
11/02/2004,TX,Hale,Kerry,democrat,470,1000
11/02/2004,TX,Hale,Bush,republican,530,1000
11/02/2004,VA,Galax,Kerry,democrat,420,1000
11/02/2004,VA,Galax,Bush,republican,580,1000
11/02/2004,WI,Sawyer,Kerry,democrat,497,1000
11/02/2004,WI,Sawyer,Bush,republican,503,1000
11/02/2004,TX,Sherman,Kerry,democrat,420,1000
11/02/2004,TX,Sherman,Bush,republican,580,1000
11/02/2004,CO,Montezuma,Kerry,democrat,420,1000
11/02/2004,CO,Montezuma,Bush,republican,580,1000
11/02/2004,KS,Phillips,Kerry,democrat,420,1000
11/02/2004,KS,Phillips,Bush,republican,580,1000
11/02/2004,KY,Clinton,Kerry,democrat,420,1000
11/02/2004,KY,Clinton,Bush,republican,580,1000
11/02/2004,MD,Allegany,Kerry,democrat,420,1000
11/02/2004,MD,Allegany,Bush,republican,580,1000
11/02/2004,MS,Panola,Kerry,democrat,470,1000
11/02/2004,MS,Panola,Bush,republican,530,1000
11/02/2004,TX,Kinney,Kerry,democrat,420,1000
11/02/2004,TX,Kinney,Bush,republican,580,1000
11/02/2004,NM,Valencia,Kerry,democrat,580,1000
11/02/2004,NM,Valencia,Bush,republican,420,1000
11/02/2004,AR,Searcy,Kerry,democrat,420,1000
11/02/2004,AR,Searcy,Bush,republican,580,1000
11/02/2004,GA,Candler,Kerry,democrat,420,1000
11/02/2004,GA,Candler,Bush,republican,580,1000
11/02/2004,IN,Henry,Kerry,democrat,470,1000
11/02/2004,IN,Henry,Bush,republican,530,1000
11/02/2004,IA,Chickasaw,Kerry,democrat,530,1000
11/02/2004,IA,Chickasaw,Bush,republican,470,1000
11/02/2004,IA,Poweshiek,Kerry,democrat,530,1000
11/02/2004,IA,Poweshiek,Bush,republican,470,1000
11/02/2004,MI,Montmorency,Kerry,democrat,420,1000
11/02/2004,MI,Montmorency,Bush,republican,580,1000
11/02/2004,MO,Linn,Kerry,democrat,420,1000
11/02/2004,MO,Linn,Bush,republican,580,1000
11/02/2004,ND,Burleigh,Kerry,democrat,420,1000
11/02/2004,ND,Burleigh,Bush,republican,580,1000
11/02/2004,NE,Cuming,Kerry,democrat,420,1000
11/02/2004,NE,Cuming,Bush,republican,580,1000
11/02/2004,OR,Grant,Kerry,democrat,420,1000
11/02/2004,OR,Grant,Bush,republican,580,1000
11/02/2004,SD,Lake,Kerry,democrat,490,1000
11/02/2004,SD,Lake,Bush,republican,510,1000
11/02/2004,TX,Scurry,Kerry,democrat,420,1000
11/02/2004,TX,Scurry,Bush,republican,580,1000
11/02/2004,TX,Castro,Kerry,democrat,420,1000
11/02/2004,TX,Castro,Bush,republican,580,1000
11/02/2004,OH,Harrison,Kerry,democrat,420,1000
11/02/2004,OH,Harrison,Bush,republican,580,1000
11/02/2004,TX,Cochran,Kerry,democrat,420,1000
11/02/2004,TX,Cochran,Bush,republican,580,1000
11/02/2004,KS,Stanton,Kerry,democrat,420,1000
11/02/2004,KS,Stanton,Bush,republican,580,1000
11/02/2004,FL,Monroe,Kerry,democrat,530,1000
11/02/2004,FL,Monroe,Bush,republican,470,1000
11/02/2004,FL,Escambia,Kerry,democrat,490,1000
11/02/2004,FL,Escambia,Bush,republican,510,1000
11/02/2004,IL,Kankakee,Kerry,democrat,490,1000
11/02/2004,IL,Kankakee,Bush,republican,510,1000
11/02/2004,KS,Meade,Kerry,democrat,420,1000
11/02/2004,KS,Meade,Bush,republican,580,1000
11/02/2004,MN,Polk,Kerry,democrat,420,1000
11/02/2004,MN,Polk,Bush,republican,580,1000
11/02/2004,MS,Pike,Kerry,democrat,470,1000
11/02/2004,MS,Pike,Bush,republican,530,1000
11/02/2004,MN,Waseca,Kerry,democrat,420,1000
11/02/2004,MN,Waseca,Bush,republican,580,1000
11/02/2004,OK,Cimarron,Kerry,democrat,420,1000
11/02/2004,OK,Cimarron,Bush,republican,580,1000
11/02/2004,MT,Flathead,Kerry,democrat,420,1000
11/02/2004,MT,Flathead,Bush,republican,580,1000
11/02/2004,UT,Cache,Kerry,democrat,420,1000
11/02/2004,UT,Cache,Bush,republican,580,1000
11/02/2004,AR,Lincoln,Kerry,democrat,420,1000
11/02/2004,AR,Lincoln,Bush,republican,580,1000
11/02/2004,GA,Turner,Kerry,democrat,420,1000
11/02/2004,GA,Turner,Bush,republican,580,1000
11/02/2004,IA,Marshall,Kerry,democrat,530,1000
11/02/2004,IA,Marshall,Bush,republican,470,1000
11/02/2004,MO,Texas,Kerry,democrat,420,1000
11/02/2004,MO,Texas,Bush,republican,580,1000
11/02/2004,GA,Bleckley,Kerry,democrat,420,1000
11/02/2004,GA,Bleckley,Bush,republican,580,1000
11/02/2004,OH,Geauga,Kerry,democrat,420,1000
11/02/2004,OH,Geauga,Bush,republican,580,1000
11/02/2004,OK,Grant,Kerry,democrat,420,1000
11/02/2004,OK,Grant,Bush,republican,580,1000
11/02/2004,MO,Crawford,Kerry,democrat,420,1000
11/02/2004,MO,Crawford,Bush,republican,580,1000
11/02/2004,TX,Tom_Green,Kerry,democrat,420,1000
11/02/2004,TX,Tom_Green,Bush,republican,580,1000
11/02/2004,TX,Roberts,Kerry,democrat,420,1000
11/02/2004,TX,Roberts,Bush,republican,580,1000
11/02/2004,TX,Childress,Kerry,democrat,420,1000
11/02/2004,TX,Childress,Bush,republican,580,1000
11/02/2004,AL,Franklin,Kerry,democrat,420,1000
11/02/2004,AL,Franklin,Bush,republican,580,1000
11/02/2004,IN,Ohio,Kerry,democrat,420,1000
11/02/2004,IN,Ohio,Bush,republican,580,1000
11/02/2004,KS,Nemaha,Kerry,democrat,420,1000
11/02/2004,KS,Nemaha,Bush,republican,580,1000
11/02/2004,MN,Rock,Kerry,democrat,420,1000
11/02/2004,MN,Rock,Bush,republican,580,1000
11/02/2004,NE,Dawes,Kerry,democrat,420,1000
11/02/2004,NE,Dawes,Bush,republican,580,1000
11/02/2004,PA,Greene,Kerry,democrat,420,1000
11/02/2004,PA,Greene,Bush,republican,580,1000
11/02/2004,MO,Phelps,Kerry,democrat,420,1000
11/02/2004,MO,Phelps,Bush,republican,580,1000
11/02/2004,AL,Clay,Kerry,democrat,420,1000
11/02/2004,AL,Clay,Bush,republican,580,1000
11/02/2004,AK,Kusilvak,Kerry,democrat,580,1000
11/02/2004,AK,Kusilvak,Bush,republican,420,1000
11/02/2004,IL,Putnam,Kerry,democrat,490,1000
11/02/2004,IL,Putnam,Bush,republican,510,1000
11/02/2004,IN,Montgomery,Kerry,democrat,420,1000
11/02/2004,IN,Montgomery,Bush,republican,580,1000
11/02/2004,KS,Wichita,Kerry,democrat,420,1000
11/02/2004,KS,Wichita,Bush,republican,580,1000
11/02/2004,MN,Mahnomen,Kerry,democrat,530,1000
11/02/2004,MN,Mahnomen,Bush,republican,470,1000
11/02/2004,MN,Murray,Kerry,democrat,470,1000
11/02/2004,MN,Murray,Bush,republican,530,1000
11/02/2004,NE,Logan,Kerry,democrat,420,1000
11/02/2004,NE,Logan,Bush,republican,580,1000
11/02/2004,ND,Hettinger,Kerry,democrat,420,1000
11/02/2004,ND,Hettinger,Bush,republican,580,1000
11/02/2004,IA,Greene,Kerry,democrat,470,1000
11/02/2004,IA,Greene,Bush,republican,530,1000
11/02/2004,KY,Lee,Kerry,democrat,420,1000
11/02/2004,KY,Lee,Bush,republican,580,1000
11/02/2004,TX,Motley,Kerry,democrat,420,1000
11/02/2004,TX,Motley,Bush,republican,580,1000
11/02/2004,LA,Jackson,Kerry,democrat,420,1000
11/02/2004,LA,Jackson,Bush,republican,580,1000
11/02/2004,VA,Radford,Kerry,democrat,580,1000
11/02/2004,VA,Radford,Bush,republican,420,1000
11/02/2004,ND,Ramsey,Kerry,democrat,470,1000
11/02/2004,ND,Ramsey,Bush,republican,530,1000
11/02/2004,ID,Lincoln,Kerry,democrat,420,1000
11/02/2004,ID,Lincoln,Bush,republican,580,1000
11/02/2004,CO,Cheyenne,Kerry,democrat,420,1000
11/02/2004,CO,Cheyenne,Bush,republican,580,1000
11/02/2004,HI,Maui,Kerry,democrat,580,1000
11/02/2004,HI,Maui,Bush,republican,420,1000
11/02/2004,KS,Comanche,Kerry,democrat,420,1000
11/02/2004,KS,Comanche,Bush,republican,580,1000
11/02/2004,ME,Aroostook,Kerry,democrat,580,1000
11/02/2004,ME,Aroostook,Bush,republican,420,1000
11/02/2004,NE,Thayer,Kerry,democrat,420,1000
11/02/2004,NE,Thayer,Bush,republican,580,1000
11/02/2004,MS,Jasper,Kerry,democrat,420,1000
11/02/2004,MS,Jasper,Bush,republican,580,1000
11/02/2004,MN,Steele,Kerry,democrat,490,1000
11/02/2004,MN,Steele,Bush,republican,510,1000
11/02/2004,SD,Lawrence,Kerry,democrat,420,1000
11/02/2004,SD,Lawrence,Bush,republican,580,1000
11/02/2004,SD,Campbell,Kerry,democrat,420,1000
11/02/2004,SD,Campbell,Bush,republican,580,1000
11/02/2004,MT,Wheatland,Kerry,democrat,420,1000
11/02/2004,MT,Wheatland,Bush,republican,580,1000
11/02/2004,AR,Jackson,Kerry,democrat,420,1000
11/02/2004,AR,Jackson,Bush,republican,580,1000
11/02/2004,FL,Lafayette,Kerry,democrat,420,1000
11/02/2004,FL,Lafayette,Bush,republican,580,1000
11/02/2004,IL,Saline,Kerry,democrat,420,1000
11/02/2004,IL,Saline,Bush,republican,580,1000
11/02/2004,IA,Wapello,Kerry,democrat,530,1000
11/02/2004,IA,Wapello,Bush,republican,470,1000
11/02/2004,MI,Calhoun,Kerry,democrat,497,1000
11/02/2004,MI,Calhoun,Bush,republican,503,1000
11/02/2004,NE,Colfax,Kerry,democrat,420,1000
11/02/2004,NE,Colfax,Bush,republican,580,1000
11/02/2004,ND,Ward,Kerry,democrat,420,1000
11/02/2004,ND,Ward,Bush,republican,580,1000
11/02/2004,NE,Fillmore,Kerry,democrat,420,1000
11/02/2004,NE,Fillmore,Bush,republican,580,1000
11/02/2004,PA,Snyder,Kerry,democrat,470,1000
11/02/2004,PA,Snyder,Bush,republican,530,1000
11/02/2004,IA,Adams,Kerry,democrat,470,1000
11/02/2004,IA,Adams,Bush,republican,530,1000
11/02/2004,VA,Covington,Kerry,democrat,420,1000
11/02/2004,VA,Covington,Bush,republican,580,1000
11/02/2004,WI,Barron,Kerry,democrat,470,1000
11/02/2004,WI,Barron,Bush,republican,530,1000
11/02/2004,TX,Archer,Kerry,democrat,420,1000
11/02/2004,TX,Archer,Bush,republican,580,1000
11/02/2004,UT,Piute,Kerry,democrat,420,1000
11/02/2004,UT,Piute,Bush,republican,580,1000
11/02/2004,KS,Kearny,Kerry,democrat,420,1000
11/02/2004,KS,Kearny,Bush,republican,580,1000
11/02/2004,NE,Johnson,Kerry,democrat,420,1000
11/02/2004,NE,Johnson,Bush,republican,580,1000
11/02/2004,TX,Sutton,Kerry,democrat,420,1000
11/02/2004,TX,Sutton,Bush,republican,580,1000
11/02/2004,IL,Piatt,Kerry,democrat,420,1000
11/02/2004,IL,Piatt,Bush,republican,580,1000
11/02/2004,IL,Schuyler,Kerry,democrat,470,1000
11/02/2004,IL,Schuyler,Bush,republican,530,1000
11/02/2004,TN,McNairy,Kerry,democrat,420,1000
11/02/2004,TN,McNairy,Bush,republican,580,1000
11/02/2004,KY,Edmonson,Kerry,democrat,420,1000
11/02/2004,KY,Edmonson,Bush,republican,580,1000
11/02/2004,IA,O_Brien,Kerry,democrat,420,1000
11/02/2004,IA,O_Brien,Bush,republican,580,1000
11/02/2004,KY,Estill,Kerry,democrat,420,1000
11/02/2004,KY,Estill,Bush,republican,580,1000
11/02/2004,IL,Christian,Kerry,democrat,420,1000
11/02/2004,IL,Christian,Bush,republican,580,1000
11/02/2004,KY,Graves,Kerry,democrat,420,1000
11/02/2004,KY,Graves,Bush,republican,580,1000
11/02/2004,IA,Union,Kerry,democrat,490,1000
11/02/2004,IA,Union,Bush,republican,510,1000
11/02/2004,IL,Marshall,Kerry,democrat,420,1000
11/02/2004,IL,Marshall,Bush,republican,580,1000
11/02/2004,MI,Branch,Kerry,democrat,470,1000
11/02/2004,MI,Branch,Bush,republican,530,1000
11/02/2004,KS,Geary,Kerry,democrat,510,1000
11/02/2004,KS,Geary,Bush,republican,490,1000
11/02/2004,NE,Brown,Kerry,democrat,420,1000
11/02/2004,NE,Brown,Bush,republican,580,1000
11/02/2004,MS,Smith,Kerry,democrat,420,1000
11/02/2004,MS,Smith,Bush,republican,580,1000
11/02/2004,ID,Benewah,Kerry,democrat,420,1000
11/02/2004,ID,Benewah,Bush,republican,580,1000
11/02/2004,IN,Fountain,Kerry,democrat,420,1000
11/02/2004,IN,Fountain,Bush,republican,580,1000
11/02/2004,TX,Moore,Kerry,democrat,420,1000
11/02/2004,TX,Moore,Bush,republican,580,1000
11/02/2004,OK,Lincoln,Kerry,democrat,420,1000
11/02/2004,OK,Lincoln,Bush,republican,580,1000
11/02/2004,UT,San_Juan,Kerry,democrat,420,1000
11/02/2004,UT,San_Juan,Bush,republican,580,1000
11/02/2004,IA,Mahaska,Kerry,democrat,490,1000
11/02/2004,IA,Mahaska,Bush,republican,510,1000
11/02/2004,IN,Pulaski,Kerry,democrat,420,1000
11/02/2004,IN,Pulaski,Bush,republican,580,1000
11/02/2004,KY,Christian,Kerry,democrat,420,1000
11/02/2004,KY,Christian,Bush,republican,580,1000
11/02/2004,ND,Richland,Kerry,democrat,530,1000
11/02/2004,ND,Richland,Bush,republican,470,1000
11/02/2004,MO,Dade,Kerry,democrat,420,1000
11/02/2004,MO,Dade,Bush,republican,580,1000
11/02/2004,MO,Dallas,Kerry,democrat,420,1000
11/02/2004,MO,Dallas,Bush,republican,580,1000
11/02/2004,IN,Clay,Kerry,democrat,420,1000
11/02/2004,IN,Clay,Bush,republican,580,1000
11/02/2004,GA,Floyd,Kerry,democrat,420,1000
11/02/2004,GA,Floyd,Bush,republican,580,1000
11/02/2004,NE,Box_Butte,Kerry,democrat,420,1000
11/02/2004,NE,Box_Butte,Bush,republican,580,1000
11/02/2004,KS,Ford,Kerry,democrat,420,1000
11/02/2004,KS,Ford,Bush,republican,580,1000
11/02/2004,IN,Madison,Kerry,democrat,470,1000
11/02/2004,IN,Madison,Bush,republican,530,1000
11/02/2004,KS,Ness,Kerry,democrat,420,1000
11/02/2004,KS,Ness,Bush,republican,580,1000
11/02/2004,NE,Hooker,Kerry,democrat,420,1000
11/02/2004,NE,Hooker,Bush,republican,580,1000
11/02/2004,IL,Clay,Kerry,democrat,420,1000
11/02/2004,IL,Clay,Bush,republican,580,1000
11/02/2004,MO,Knox,Kerry,democrat,420,1000
11/02/2004,MO,Knox,Bush,republican,580,1000
11/02/2004,MO,Osage,Kerry,democrat,420,1000
11/02/2004,MO,Osage,Bush,republican,580,1000
11/02/2004,MI,Livingston,Kerry,democrat,470,1000
11/02/2004,MI,Livingston,Bush,republican,530,1000
11/02/2004,AL,Randolph,Kerry,democrat,420,1000
11/02/2004,AL,Randolph,Bush,republican,580,1000
11/02/2004,MI,Roscommon,Kerry,democrat,420,1000
11/02/2004,MI,Roscommon,Bush,republican,580,1000
11/02/2004,OH,Carroll,Kerry,democrat,420,1000
11/02/2004,OH,Carroll,Bush,republican,580,1000
11/02/2004,ND,Cass,Kerry,democrat,490,1000
11/02/2004,ND,Cass,Bush,republican,510,1000
11/02/2004,NE,Madison,Kerry,democrat,420,1000
11/02/2004,NE,Madison,Bush,republican,580,1000
11/02/2004,NE,Perkins,Kerry,democrat,420,1000
11/02/2004,NE,Perkins,Bush,republican,580,1000
11/02/2004,NE,Pierce,Kerry,democrat,420,1000
11/02/2004,NE,Pierce,Bush,republican,580,1000
11/02/2004,AR,Cleburne,Kerry,democrat,420,1000
11/02/2004,AR,Cleburne,Bush,republican,580,1000
11/02/2004,NE,Platte,Kerry,democrat,420,1000
11/02/2004,NE,Platte,Bush,republican,580,1000
11/02/2004,NH,Coos,Kerry,democrat,580,1000
11/02/2004,NH,Coos,Bush,republican,420,1000
11/02/2004,MN,Swift,Kerry,democrat,470,1000
11/02/2004,MN,Swift,Bush,republican,530,1000
11/02/2004,WI,Langlade,Kerry,democrat,420,1000
11/02/2004,WI,Langlade,Bush,republican,580,1000
11/02/2004,MI,Isabella,Kerry,democrat,530,1000
11/02/2004,MI,Isabella,Bush,republican,470,1000
11/02/2004,MN,McLeod,Kerry,democrat,420,1000
11/02/2004,MN,McLeod,Bush,republican,580,1000
11/02/2004,NH,Grafton,Kerry,democrat,580,1000
11/02/2004,NH,Grafton,Bush,republican,420,1000
11/02/2004,AK,Petersburg,Kerry,democrat,530,1000
11/02/2004,AK,Petersburg,Bush,republican,470,1000
11/02/2004,MI,Missaukee,Kerry,democrat,420,1000
11/02/2004,MI,Missaukee,Bush,republican,580,1000
11/02/2004,MO,Oregon,Kerry,democrat,420,1000
11/02/2004,MO,Oregon,Bush,republican,580,1000
11/02/2004,ND,Griggs,Kerry,democrat,420,1000
11/02/2004,ND,Griggs,Bush,republican,580,1000
11/02/2004,TX,Goliad,Kerry,democrat,420,1000
11/02/2004,TX,Goliad,Bush,republican,580,1000
11/02/2004,NE,Chase,Kerry,democrat,420,1000
11/02/2004,NE,Chase,Bush,republican,580,1000
11/02/2004,KS,Allen,Kerry,democrat,420,1000
11/02/2004,KS,Allen,Bush,republican,580,1000
11/02/2004,KS,Chase,Kerry,democrat,470,1000
11/02/2004,KS,Chase,Bush,republican,530,1000
11/02/2004,KS,Greenwood,Kerry,democrat,420,1000
11/02/2004,KS,Greenwood,Bush,republican,580,1000
11/02/2004,TX,Cottle,Kerry,democrat,420,1000
11/02/2004,TX,Cottle,Bush,republican,580,1000
11/02/2004,NM,Eddy,Kerry,democrat,420,1000
11/02/2004,NM,Eddy,Bush,republican,580,1000
11/02/2004,IL,Coles,Kerry,democrat,420,1000
11/02/2004,IL,Coles,Bush,republican,580,1000
11/02/2004,KS,Elk,Kerry,democrat,420,1000
11/02/2004,KS,Elk,Bush,republican,580,1000
11/02/2004,KS,Woodson,Kerry,democrat,420,1000
11/02/2004,KS,Woodson,Bush,republican,580,1000
11/02/2004,MI,Gratiot,Kerry,democrat,420,1000
11/02/2004,MI,Gratiot,Bush,republican,580,1000
11/02/2004,KS,Marion,Kerry,democrat,420,1000
11/02/2004,KS,Marion,Bush,republican,580,1000
11/02/2004,KS,Neosho,Kerry,democrat,420,1000
11/02/2004,KS,Neosho,Bush,republican,580,1000
11/02/2004,MI,Ionia,Kerry,democrat,420,1000
11/02/2004,MI,Ionia,Bush,republican,580,1000
11/02/2004,MN,Cottonwood,Kerry,democrat,420,1000
11/02/2004,MN,Cottonwood,Bush,republican,580,1000
11/02/2004,KY,Montgomery,Kerry,democrat,420,1000
11/02/2004,KY,Montgomery,Bush,republican,580,1000
11/02/2004,MN,Kandiyohi,Kerry,democrat,420,1000
11/02/2004,MN,Kandiyohi,Bush,republican,580,1000
11/02/2004,MI,Mecosta,Kerry,democrat,420,1000
11/02/2004,MI,Mecosta,Bush,republican,580,1000
11/02/2004,SD,Grant,Kerry,democrat,470,1000
11/02/2004,SD,Grant,Bush,republican,530,1000
11/02/2004,MN,Faribault,Kerry,democrat,470,1000
11/02/2004,MN,Faribault,Bush,republican,530,1000
11/02/2004,KY,Robertson,Kerry,democrat,420,1000
11/02/2004,KY,Robertson,Bush,republican,580,1000
11/02/2004,IL,Effingham,Kerry,democrat,420,1000
11/02/2004,IL,Effingham,Bush,republican,580,1000
11/02/2004,MN,Benton,Kerry,democrat,420,1000
11/02/2004,MN,Benton,Bush,republican,580,1000
11/02/2004,TX,Falls,Kerry,democrat,470,1000
11/02/2004,TX,Falls,Bush,republican,530,1000
11/02/2004,SD,Aurora,Kerry,democrat,420,1000
11/02/2004,SD,Aurora,Bush,republican,580,1000
11/02/2004,MA,Nantucket,Kerry,democrat,580,1000
11/02/2004,MA,Nantucket,Bush,republican,420,1000
11/02/2004,SD,Beadle,Kerry,democrat,420,1000
11/02/2004,SD,Beadle,Bush,republican,580,1000
11/02/2004,SD,Spink,Kerry,democrat,420,1000
11/02/2004,SD,Spink,Bush,republican,580,1000
11/02/2004,SD,Yankton,Kerry,democrat,470,1000
11/02/2004,SD,Yankton,Bush,republican,530,1000
11/02/2004,SD,Hutchinson,Kerry,democrat,420,1000
11/02/2004,SD,Hutchinson,Bush,republican,580,1000
11/02/2004,PA,Cameron,Kerry,democrat,420,1000
11/02/2004,PA,Cameron,Bush,republican,580,1000
11/02/2004,AK,Hoonah_Angoon,Kerry,democrat,510,1000
11/02/2004,AK,Hoonah_Angoon,Bush,republican,490,1000
11/02/2004,TN,Hardin,Kerry,democrat,420,1000
11/02/2004,TN,Hardin,Bush,republican,580,1000
11/02/2004,SD,McCook,Kerry,democrat,470,1000
11/02/2004,SD,McCook,Bush,republican,530,1000
11/02/2004,SD,Jerauld,Kerry,democrat,420,1000
11/02/2004,SD,Jerauld,Bush,republican,580,1000
11/02/2004,WV,Barbour,Kerry,democrat,420,1000
11/02/2004,WV,Barbour,Bush,republican,580,1000
11/02/2004,VA,Goochland,Kerry,democrat,470,1000
11/02/2004,VA,Goochland,Bush,republican,530,1000
11/02/2004,MN,Le_Sueur,Kerry,democrat,470,1000
11/02/2004,MN,Le_Sueur,Bush,republican,530,1000
11/02/2004,TX,Karnes,Kerry,democrat,420,1000
11/02/2004,TX,Karnes,Bush,republican,580,1000
11/02/2004,MN,Martin,Kerry,democrat,420,1000
11/02/2004,MN,Martin,Bush,republican,580,1000
11/02/2004,MO,Adair,Kerry,democrat,420,1000
11/02/2004,MO,Adair,Bush,republican,580,1000
11/02/2004,WI,Price,Kerry,democrat,490,1000
11/02/2004,WI,Price,Bush,republican,510,1000
11/02/2004,WI,Dunn,Kerry,democrat,470,1000
11/02/2004,WI,Dunn,Bush,republican,530,1000
11/02/2004,WY,Natrona,Kerry,democrat,420,1000
11/02/2004,WY,Natrona,Bush,republican,580,1000
11/02/2004,WY,Niobrara,Kerry,democrat,420,1000
11/02/2004,WY,Niobrara,Bush,republican,580,1000
11/02/2004,WY,Park,Kerry,democrat,420,1000
11/02/2004,WY,Park,Bush,republican,580,1000
11/02/2004,SC,Saluda,Kerry,democrat,420,1000
11/02/2004,SC,Saluda,Bush,republican,580,1000
11/02/2004,OR,Wheeler,Kerry,democrat,420,1000
11/02/2004,OR,Wheeler,Bush,republican,580,1000
11/02/2004,VT,Essex,Kerry,democrat,580,1000
11/02/2004,VT,Essex,Bush,republican,420,1000
11/02/2004,WA,Skamania,Kerry,democrat,530,1000
11/02/2004,WA,Skamania,Bush,republican,470,1000
11/02/2004,MN,Cook,Kerry,democrat,580,1000
11/02/2004,MN,Cook,Bush,republican,420,1000
11/02/2004,OH,Crawford,Kerry,democrat,420,1000
11/02/2004,OH,Crawford,Bush,republican,580,1000
11/02/2004,OH,Hancock,Kerry,democrat,420,1000
11/02/2004,OH,Hancock,Bush,republican,580,1000
11/02/2004,OH,Hocking,Kerry,democrat,420,1000
11/02/2004,OH,Hocking,Bush,republican,580,1000
11/02/2004,OH,Huron,Kerry,democrat,470,1000
11/02/2004,OH,Huron,Bush,republican,530,1000
11/02/2004,TX,Yoakum,Kerry,democrat,420,1000
11/02/2004,TX,Yoakum,Bush,republican,580,1000
11/02/2004,TX,Armstrong,Kerry,democrat,420,1000
11/02/2004,TX,Armstrong,Bush,republican,580,1000
11/02/2004,TX,Jim_Wells,Kerry,democrat,420,1000
11/02/2004,TX,Jim_Wells,Bush,republican,580,1000
11/02/2004,OK,Dewey,Kerry,democrat,420,1000
11/02/2004,OK,Dewey,Bush,republican,580,1000
11/02/2004,TX,Hemphill,Kerry,democrat,420,1000
11/02/2004,TX,Hemphill,Bush,republican,580,1000
11/02/2004,ME,Kennebec,Kerry,democrat,580,1000
11/02/2004,ME,Kennebec,Bush,republican,420,1000
11/02/2004,IA,Grundy,Kerry,democrat,420,1000
11/02/2004,IA,Grundy,Bush,republican,580,1000
11/02/2004,MN,Isanti,Kerry,democrat,420,1000
11/02/2004,MN,Isanti,Bush,republican,580,1000
11/02/2004,TX,Schleicher,Kerry,democrat,420,1000
11/02/2004,TX,Schleicher,Bush,republican,580,1000
11/02/2004,OK,Okmulgee,Kerry,democrat,420,1000
11/02/2004,OK,Okmulgee,Bush,republican,580,1000
11/02/2004,MT,Garfield,Kerry,democrat,420,1000
11/02/2004,MT,Garfield,Bush,republican,580,1000
11/02/2004,TX,Stephens,Kerry,democrat,420,1000
11/02/2004,TX,Stephens,Bush,republican,580,1000
11/02/2004,NE,Arthur,Kerry,democrat,420,1000
11/02/2004,NE,Arthur,Bush,republican,580,1000
11/02/2004,TX,Swisher,Kerry,democrat,420,1000
11/02/2004,TX,Swisher,Bush,republican,580,1000
11/02/2004,MO,Pettis,Kerry,democrat,420,1000
11/02/2004,MO,Pettis,Bush,republican,580,1000
11/02/2004,TX,Lamb,Kerry,democrat,420,1000
11/02/2004,TX,Lamb,Bush,republican,580,1000
11/02/2004,TX,Palo_Pinto,Kerry,democrat,420,1000
11/02/2004,TX,Palo_Pinto,Bush,republican,580,1000
11/02/2004,GA,White,Kerry,democrat,420,1000
11/02/2004,GA,White,Bush,republican,580,1000
11/02/2004,OR,Wasco,Kerry,democrat,530,1000
11/02/2004,OR,Wasco,Bush,republican,470,1000
11/02/2004,AK,Bethel,Kerry,democrat,530,1000
11/02/2004,AK,Bethel,Bush,republican,470,1000
11/02/2004,AR,St_Francis,Kerry,democrat,530,1000
11/02/2004,AR,St_Francis,Bush,republican,470,1000
11/02/2004,AK,Aleutians_East,Kerry,democrat,470,1000
11/02/2004,AK,Aleutians_East,Bush,republican,530,1000
11/02/2004,WI,Monroe,Kerry,democrat,510,1000
11/02/2004,WI,Monroe,Bush,republican,490,1000
11/02/2004,AK,Ketchikan_Gateway,Kerry,democrat,470,1000
11/02/2004,AK,Ketchikan_Gateway,Bush,republican,530,1000
11/02/2004,AK,Lake_and_Peninsula,Kerry,democrat,420,1000
11/02/2004,AK,Lake_and_Peninsula,Bush,republican,580,1000
11/02/2004,ND,Stutsman,Kerry,democrat,420,1000
11/02/2004,ND,Stutsman,Bush,republican,580,1000
11/02/2004,OH,Paulding,Kerry,democrat,420,1000
11/02/2004,OH,Paulding,Bush,republican,580,1000
11/02/2004,MS,Choctaw,Kerry,democrat,420,1000
11/02/2004,MS,Choctaw,Bush,republican,580,1000
11/02/2004,SD,Sully,Kerry,democrat,420,1000
11/02/2004,SD,Sully,Bush,republican,580,1000
11/02/2004,MO,Stoddard,Kerry,democrat,420,1000
11/02/2004,MO,Stoddard,Bush,republican,580,1000
11/02/2004,TX,Hall,Kerry,democrat,420,1000
11/02/2004,TX,Hall,Bush,republican,580,1000
11/02/2004,MO,Stone,Kerry,democrat,420,1000
11/02/2004,MO,Stone,Bush,republican,580,1000
11/02/2004,MO,Webster,Kerry,democrat,420,1000
11/02/2004,MO,Webster,Bush,republican,580,1000
11/02/2004,NC,Forsyth,Kerry,democrat,580,1000
11/02/2004,NC,Forsyth,Bush,republican,420,1000
11/02/2004,VA,Danville,Kerry,democrat,580,1000
11/02/2004,VA,Danville,Bush,republican,420,1000
11/02/2004,VA,Franklin,Kerry,democrat,580,1000
11/02/2004,VA,Franklin,Bush,republican,420,1000
11/02/2004,KS,Brown,Kerry,democrat,420,1000
11/02/2004,KS,Brown,Bush,republican,580,1000
11/02/2004,VA,Martinsville,Kerry,democrat,580,1000
11/02/2004,VA,Martinsville,Bush,republican,420,1000
11/02/2004,KS,Butler,Kerry,democrat,470,1000
11/02/2004,KS,Butler,Bush,republican,530,1000
11/02/2004,TX,Hood,Kerry,democrat,420,1000
11/02/2004,TX,Hood,Bush,republican,580,1000
11/02/2004,VA,Staunton,Kerry,democrat,580,1000
11/02/2004,VA,Staunton,Bush,republican,420,1000
11/02/2004,FL,DeSoto,Kerry,democrat,470,1000
11/02/2004,FL,DeSoto,Bush,republican,530,1000
11/02/2004,FL,Highlands,Kerry,democrat,420,1000
11/02/2004,FL,Highlands,Bush,republican,580,1000
11/02/2004,MO,Wright,Kerry,democrat,420,1000
11/02/2004,MO,Wright,Bush,republican,580,1000
11/02/2004,KS,Anderson,Kerry,democrat,420,1000
11/02/2004,KS,Anderson,Bush,republican,580,1000
11/02/2004,VA,Amelia,Kerry,democrat,420,1000
11/02/2004,VA,Amelia,Bush,republican,580,1000
11/02/2004,IA,Crawford,Kerry,democrat,470,1000
11/02/2004,IA,Crawford,Bush,republican,530,1000
11/02/2004,IA,Davis,Kerry,democrat,470,1000
11/02/2004,IA,Davis,Bush,republican,530,1000
11/02/2004,IA,Delaware,Kerry,democrat,530,1000
11/02/2004,IA,Delaware,Bush,republican,470,1000
11/02/2004,KS,Miami,Kerry,democrat,470,1000
11/02/2004,KS,Miami,Bush,republican,530,1000
11/02/2004,TX,La_Salle,Kerry,democrat,420,1000
11/02/2004,TX,La_Salle,Bush,republican,580,1000
11/02/2004,KS,McPherson,Kerry,democrat,420,1000
11/02/2004,KS,McPherson,Bush,republican,580,1000
11/02/2004,IA,Franklin,Kerry,democrat,490,1000
11/02/2004,IA,Franklin,Bush,republican,510,1000
11/02/2004,KS,Logan,Kerry,democrat,420,1000
11/02/2004,KS,Logan,Bush,republican,580,1000
11/02/2004,IA,Hamilton,Kerry,democrat,470,1000
11/02/2004,IA,Hamilton,Bush,republican,530,1000
11/02/2004,TX,McLennan,Kerry,democrat,420,1000
11/02/2004,TX,McLennan,Bush,republican,580,1000
11/02/2004,ID,Custer,Kerry,democrat,420,1000
11/02/2004,ID,Custer,Bush,republican,580,1000
11/02/2004,KS,Sherman,Kerry,democrat,420,1000
11/02/2004,KS,Sherman,Bush,republican,580,1000
11/02/2004,IA,Ida,Kerry,democrat,470,1000
11/02/2004,IA,Ida,Bush,republican,530,1000
11/02/2004,OH,Perry,Kerry,democrat,420,1000
11/02/2004,OH,Perry,Bush,republican,580,1000
11/02/2004,CO,Morgan,Kerry,democrat,420,1000
11/02/2004,CO,Morgan,Bush,republican,580,1000
11/02/2004,TX,Real,Kerry,democrat,420,1000
11/02/2004,TX,Real,Bush,republican,580,1000
11/02/2004,GA,Crisp,Kerry,democrat,420,1000
11/02/2004,GA,Crisp,Bush,republican,580,1000
11/02/2004,OH,Ross,Kerry,democrat,420,1000
11/02/2004,OH,Ross,Bush,republican,580,1000
11/02/2004,CO,Montrose,Kerry,democrat,420,1000
11/02/2004,CO,Montrose,Bush,republican,580,1000
11/02/2004,OH,Shelby,Kerry,democrat,420,1000
11/02/2004,OH,Shelby,Bush,republican,580,1000
11/02/2004,GA,Evans,Kerry,democrat,420,1000
11/02/2004,GA,Evans,Bush,republican,580,1000
11/02/2004,IL,Cumberland,Kerry,democrat,420,1000
11/02/2004,IL,Cumberland,Bush,republican,580,1000
11/02/2004,OH,Union,Kerry,democrat,420,1000
11/02/2004,OH,Union,Bush,republican,580,1000
11/02/2004,GA,Jeff_Davis,Kerry,democrat,420,1000
11/02/2004,GA,Jeff_Davis,Bush,republican,580,1000
11/02/2004,AR,Stone,Kerry,democrat,420,1000
11/02/2004,AR,Stone,Bush,republican,580,1000
11/02/2004,MO,Henry,Kerry,democrat,420,1000
11/02/2004,MO,Henry,Bush,republican,580,1000
11/02/2004,TX,Menard,Kerry,democrat,420,1000
11/02/2004,TX,Menard,Bush,republican,580,1000
11/02/2004,TX,Midland,Kerry,democrat,420,1000
11/02/2004,TX,Midland,Bush,republican,580,1000
11/02/2004,TX,Nolan,Kerry,democrat,420,1000
11/02/2004,TX,Nolan,Bush,republican,580,1000
11/02/2004,TX,Reagan,Kerry,democrat,420,1000
11/02/2004,TX,Reagan,Bush,republican,580,1000
11/02/2004,OK,Stephens,Kerry,democrat,420,1000
11/02/2004,OK,Stephens,Bush,republican,580,1000
11/02/2004,MO,St_Francois,Kerry,democrat,420,1000
11/02/2004,MO,St_Francois,Bush,republican,580,1000
11/02/2004,CO,Kiowa,Kerry,democrat,420,1000
11/02/2004,CO,Kiowa,Bush,republican,580,1000
11/02/2004,TX,Mason,Kerry,democrat,420,1000
11/02/2004,TX,Mason,Bush,republican,580,1000
11/02/2004,TX,Glasscock,Kerry,democrat,420,1000
11/02/2004,TX,Glasscock,Bush,republican,580,1000
11/02/2004,TX,Kendall,Kerry,democrat,420,1000
11/02/2004,TX,Kendall,Bush,republican,580,1000
11/02/2004,OK,Grady,Kerry,democrat,420,1000
11/02/2004,OK,Grady,Bush,republican,580,1000
11/02/2004,OK,Cleveland,Kerry,democrat,510,1000
11/02/2004,OK,Cleveland,Bush,republican,490,1000
11/02/2004,PA,Susquehanna,Kerry,democrat,420,1000
11/02/2004,PA,Susquehanna,Bush,republican,580,1000
11/02/2004,TX,Morris,Kerry,democrat,420,1000
11/02/2004,TX,Morris,Bush,republican,580,1000
11/02/2004,TX,Hunt,Kerry,democrat,420,1000
11/02/2004,TX,Hunt,Bush,republican,580,1000
11/02/2004,NY,Schenectady,Kerry,democrat,580,1000
11/02/2004,NY,Schenectady,Bush,republican,420,1000
11/02/2004,OK,Carter,Kerry,democrat,420,1000
11/02/2004,OK,Carter,Bush,republican,580,1000
11/02/2004,OK,Coal,Kerry,democrat,420,1000
11/02/2004,OK,Coal,Bush,republican,580,1000
11/02/2004,OK,Murray,Kerry,democrat,420,1000
11/02/2004,OK,Murray,Bush,republican,580,1000
11/02/2004,OK,Haskell,Kerry,democrat,420,1000
11/02/2004,OK,Haskell,Bush,republican,580,1000
11/02/2004,OH,Athens,Kerry,democrat,580,1000
11/02/2004,OH,Athens,Bush,republican,420,1000
11/02/2004,AK,Yukon-Koyukuk,Kerry,democrat,470,1000
11/02/2004,AK,Yukon-Koyukuk,Bush,republican,530,1000
11/02/2004,AL,Monroe,Kerry,democrat,420,1000
11/02/2004,AL,Monroe,Bush,republican,580,1000
11/02/2004,MS,Humphreys,Kerry,democrat,420,1000
11/02/2004,MS,Humphreys,Bush,republican,580,1000
11/02/2004,MS,Quitman,Kerry,democrat,580,1000
11/02/2004,MS,Quitman,Bush,republican,420,1000
11/02/2004,MO,Sullivan,Kerry,democrat,420,1000
11/02/2004,MO,Sullivan,Bush,republican,580,1000
11/02/2004,TX,Lampasas,Kerry,democrat,420,1000
11/02/2004,TX,Lampasas,Bush,republican,580,1000
11/02/2004,TX,Limestone,Kerry,democrat,420,1000
11/02/2004,TX,Limestone,Bush,republican,580,1000
11/02/2004,TX,Bell,Kerry,democrat,497,1000
11/02/2004,TX,Bell,Bush,republican,503,1000
11/02/2004,WI,Brown,Kerry,democrat,530,1000
11/02/2004,WI,Brown,Bush,republican,470,1000
11/02/2004,MS,Jones,Kerry,democrat,420,1000
11/02/2004,MS,Jones,Bush,republican,580,1000
11/02/2004,MS,Kemper,Kerry,democrat,470,1000
11/02/2004,MS,Kemper,Bush,republican,530,1000
11/02/2004,NV,Mineral,Kerry,democrat,490,1000
11/02/2004,NV,Mineral,Bush,republican,510,1000
11/02/2004,NM,Bernalillo,Kerry,democrat,580,1000
11/02/2004,NM,Bernalillo,Bush,republican,420,1000
11/02/2004,FL,Hamilton,Kerry,democrat,420,1000
11/02/2004,FL,Hamilton,Bush,republican,580,1000
11/02/2004,HI,Kalawao,Kerry,democrat,580,1000
11/02/2004,HI,Kalawao,Bush,republican,420,1000
11/02/2004,FL,Clay,Kerry,democrat,420,1000
11/02/2004,FL,Clay,Bush,republican,580,1000
11/02/2004,MN,Hubbard,Kerry,democrat,420,1000
11/02/2004,MN,Hubbard,Bush,republican,580,1000
11/02/2004,TX,Carson,Kerry,democrat,420,1000
11/02/2004,TX,Carson,Bush,republican,580,1000
11/02/2004,ND,Eddy,Kerry,democrat,420,1000
11/02/2004,ND,Eddy,Bush,republican,580,1000
11/02/2004,AK,Nome,Kerry,democrat,510,1000
11/02/2004,AK,Nome,Bush,republican,490,1000
11/02/2004,KS,Pawnee,Kerry,democrat,420,1000
11/02/2004,KS,Pawnee,Bush,republican,580,1000
11/02/2004,KS,Stafford,Kerry,democrat,420,1000
11/02/2004,KS,Stafford,Bush,republican,580,1000
11/02/2004,ND,McHenry,Kerry,democrat,420,1000
11/02/2004,ND,McHenry,Bush,republican,580,1000
11/02/2004,IL,Warren,Kerry,democrat,420,1000
11/02/2004,IL,Warren,Bush,republican,580,1000
11/02/2004,NV,Clark,Kerry,democrat,580,1000
11/02/2004,NV,Clark,Bush,republican,420,1000
11/02/2004,KS,Lincoln,Kerry,democrat,420,1000
11/02/2004,KS,Lincoln,Bush,republican,580,1000
11/02/2004,AL,Barbour,Kerry,democrat,420,1000
11/02/2004,AL,Barbour,Bush,republican,580,1000
11/02/2004,TN,Fayette,Kerry,democrat,420,1000
11/02/2004,TN,Fayette,Bush,republican,580,1000
11/02/2004,KS,Rush,Kerry,democrat,420,1000
11/02/2004,KS,Rush,Bush,republican,580,1000
11/02/2004,IL,Boone,Kerry,democrat,510,1000
11/02/2004,IL,Boone,Bush,republican,490,1000
11/02/2004,ND,Bowman,Kerry,democrat,420,1000
11/02/2004,ND,Bowman,Bush,republican,580,1000
11/02/2004,IN,Huntington,Kerry,democrat,420,1000
11/02/2004,IN,Huntington,Bush,republican,580,1000
11/02/2004,KS,Ellsworth,Kerry,democrat,420,1000
11/02/2004,KS,Ellsworth,Bush,republican,580,1000
11/02/2004,IN,DeKalb,Kerry,democrat,420,1000
11/02/2004,IN,DeKalb,Bush,republican,580,1000
11/02/2004,IN,Grant,Kerry,democrat,420,1000
11/02/2004,IN,Grant,Bush,republican,580,1000
11/02/2004,IN,Miami,Kerry,democrat,420,1000
11/02/2004,IN,Miami,Bush,republican,580,1000
11/02/2004,IN,Tipton,Kerry,democrat,420,1000
11/02/2004,IN,Tipton,Bush,republican,580,1000
11/02/2004,UT,Summit,Kerry,democrat,580,1000
11/02/2004,UT,Summit,Bush,republican,420,1000
11/02/2004,MO,Polk,Kerry,democrat,420,1000
11/02/2004,MO,Polk,Bush,republican,580,1000
11/02/2004,CA,Nevada,Kerry,democrat,580,1000
11/02/2004,CA,Nevada,Bush,republican,420,1000
11/02/2004,WI,Shawano,Kerry,democrat,420,1000
11/02/2004,WI,Shawano,Bush,republican,580,1000
11/02/2004,ID,Idaho,Kerry,democrat,420,1000
11/02/2004,ID,Idaho,Bush,republican,580,1000
11/02/2004,SD,Codington,Kerry,democrat,420,1000
11/02/2004,SD,Codington,Bush,republican,580,1000
11/02/2004,ND,Rolette,Kerry,democrat,580,1000
11/02/2004,ND,Rolette,Bush,republican,420,1000
11/02/2004,KS,Mitchell,Kerry,democrat,420,1000
11/02/2004,KS,Mitchell,Bush,republican,580,1000
11/02/2004,KS,Scott,Kerry,democrat,420,1000
11/02/2004,KS,Scott,Bush,republican,580,1000
11/02/2004,KS,Washington,Kerry,democrat,420,1000
11/02/2004,KS,Washington,Bush,republican,580,1000
11/02/2004,LA,Concordia,Kerry,democrat,420,1000
11/02/2004,LA,Concordia,Bush,republican,580,1000
11/02/2004,GA,Marion,Kerry,democrat,510,1000
11/02/2004,GA,Marion,Bush,republican,490,1000
11/02/2004,LA,Iberville,Kerry,democrat,530,1000
11/02/2004,LA,Iberville,Bush,republican,470,1000
11/02/2004,TX,Blanco,Kerry,democrat,420,1000
11/02/2004,TX,Blanco,Bush,republican,580,1000
11/02/2004,VA,Norton,Kerry,democrat,420,1000
11/02/2004,VA,Norton,Bush,republican,580,1000
11/02/2004,TX,Kimble,Kerry,democrat,420,1000
11/02/2004,TX,Kimble,Bush,republican,580,1000
11/02/2004,TX,Dawson,Kerry,democrat,420,1000
11/02/2004,TX,Dawson,Bush,republican,580,1000
11/02/2004,OK,Blaine,Kerry,democrat,420,1000
11/02/2004,OK,Blaine,Bush,republican,580,1000
11/02/2004,KS,Barber,Kerry,democrat,420,1000
11/02/2004,KS,Barber,Bush,republican,580,1000
11/02/2004,TX,Wilson,Kerry,democrat,470,1000
11/02/2004,TX,Wilson,Bush,republican,530,1000
11/02/2004,WI,Rusk,Kerry,democrat,470,1000
11/02/2004,WI,Rusk,Bush,republican,530,1000
11/02/2004,VA,Colonial_Heights,Kerry,democrat,530,1000
11/02/2004,VA,Colonial_Heights,Bush,republican,470,1000
11/02/2004,TX,Baylor,Kerry,democrat,420,1000
11/02/2004,TX,Baylor,Bush,republican,580,1000
11/02/2004,KS,Wallace,Kerry,democrat,420,1000
11/02/2004,KS,Wallace,Bush,republican,580,1000
11/02/2004,KS,Seward,Kerry,democrat,470,1000
11/02/2004,KS,Seward,Bush,republican,530,1000
11/02/2004,MS,Lauderdale,Kerry,democrat,490,1000
11/02/2004,MS,Lauderdale,Bush,republican,510,1000
11/02/2004,MS,Perry,Kerry,democrat,420,1000
11/02/2004,MS,Perry,Bush,republican,580,1000
11/02/2004,AR,Saline,Kerry,democrat,530,1000
11/02/2004,AR,Saline,Bush,republican,470,1000
11/02/2004,IL,Bureau,Kerry,democrat,420,1000
11/02/2004,IL,Bureau,Bush,republican,580,1000
11/02/2004,IN,Wabash,Kerry,democrat,420,1000
11/02/2004,IN,Wabash,Bush,republican,580,1000
11/02/2004,MO,Carter,Kerry,democrat,420,1000
11/02/2004,MO,Carter,Bush,republican,580,1000
11/02/2004,NE,McPherson,Kerry,democrat,420,1000
11/02/2004,NE,McPherson,Bush,republican,580,1000
11/02/2004,MO,Macon,Kerry,democrat,420,1000
11/02/2004,MO,Macon,Bush,republican,580,1000
11/02/2004,KS,Coffey,Kerry,democrat,420,1000
11/02/2004,KS,Coffey,Bush,republican,580,1000
11/02/2004,VA,Salem,Kerry,democrat,490,1000
11/02/2004,VA,Salem,Bush,republican,510,1000
11/02/2004,WI,Lincoln,Kerry,democrat,470,1000
11/02/2004,WI,Lincoln,Bush,republican,530,1000
11/02/2004,OH,Morgan,Kerry,democrat,420,1000
11/02/2004,OH,Morgan,Bush,republican,580,1000
11/02/2004,WI,Richland,Kerry,democrat,530,1000
11/02/2004,WI,Richland,Bush,republican,470,1000
11/02/2004,ID,Lemhi,Kerry,democrat,420,1000
11/02/2004,ID,Lemhi,Bush,republican,580,1000
11/02/2004,IA,Dickinson,Kerry,democrat,420,1000
11/02/2004,IA,Dickinson,Bush,republican,580,1000
11/02/2004,MI,Sanilac,Kerry,democrat,420,1000
11/02/2004,MI,Sanilac,Bush,republican,580,1000
11/02/2004,MS,Pontotoc,Kerry,democrat,420,1000
11/02/2004,MS,Pontotoc,Bush,republican,580,1000
11/02/2004,NY,Suffolk,Kerry,democrat,530,1000
11/02/2004,NY,Suffolk,Bush,republican,470,1000
11/02/2004,VA,Grayson,Kerry,democrat,420,1000
11/02/2004,VA,Grayson,Bush,republican,580,1000
11/02/2004,CO,Elbert,Kerry,democrat,470,1000
11/02/2004,CO,Elbert,Bush,republican,530,1000
11/02/2004,IN,Franklin,Kerry,democrat,420,1000
11/02/2004,IN,Franklin,Bush,republican,580,1000
11/02/2004,IA,Linn,Kerry,democrat,580,1000
11/02/2004,IA,Linn,Bush,republican,420,1000
11/02/2004,MI,Wexford,Kerry,democrat,420,1000
11/02/2004,MI,Wexford,Bush,republican,580,1000
11/02/2004,OH,Wyandot,Kerry,democrat,420,1000
11/02/2004,OH,Wyandot,Bush,republican,580,1000
11/02/2004,NE,Franklin,Kerry,democrat,420,1000
11/02/2004,NE,Franklin,Bush,republican,580,1000
11/02/2004,WV,McDowell,Kerry,democrat,420,1000
11/02/2004,WV,McDowell,Bush,republican,580,1000
11/02/2004,WV,Wirt,Kerry,democrat,420,1000
11/02/2004,WV,Wirt,Bush,republican,580,1000
11/02/2004,WV,Upshur,Kerry,democrat,420,1000
11/02/2004,WV,Upshur,Bush,republican,580,1000
11/02/2004,MS,Covington,Kerry,democrat,470,1000
11/02/2004,MS,Covington,Bush,republican,530,1000
11/02/2004,CO,Alamosa,Kerry,democrat,510,1000
11/02/2004,CO,Alamosa,Bush,republican,490,1000
11/02/2004,FL,Holmes,Kerry,democrat,420,1000
11/02/2004,FL,Holmes,Bush,republican,580,1000
11/02/2004,GA,Dade,Kerry,democrat,420,1000
11/02/2004,GA,Dade,Bush,republican,580,1000
11/02/2004,GA,Miller,Kerry,democrat,420,1000
11/02/2004,GA,Miller,Bush,republican,580,1000
11/02/2004,GA,Pulaski,Kerry,democrat,420,1000
11/02/2004,GA,Pulaski,Bush,republican,580,1000
11/02/2004,MS,Amite,Kerry,democrat,420,1000
11/02/2004,MS,Amite,Bush,republican,580,1000
11/02/2004,SD,Faulk,Kerry,democrat,420,1000
11/02/2004,SD,Faulk,Bush,republican,580,1000
11/02/2004,AL,Bibb,Kerry,democrat,420,1000
11/02/2004,AL,Bibb,Bush,republican,580,1000
11/02/2004,KS,Cheyenne,Kerry,democrat,420,1000
11/02/2004,KS,Cheyenne,Bush,republican,580,1000
11/02/2004,ME,York,Kerry,democrat,580,1000
11/02/2004,ME,York,Bush,republican,420,1000
11/02/2004,MN,Carlton,Kerry,democrat,530,1000
11/02/2004,MN,Carlton,Bush,republican,470,1000
11/02/2004,VA,Dickenson,Kerry,democrat,420,1000
11/02/2004,VA,Dickenson,Bush,republican,580,1000
11/02/2004,AK,Northwest_Arctic,Kerry,democrat,420,1000
11/02/2004,AK,Northwest_Arctic,Bush,republican,580,1000
11/02/2004,GA,Walton,Kerry,democrat,470,1000
11/02/2004,GA,Walton,Bush,republican,530,1000
11/02/2004,IN,Greene,Kerry,democrat,420,1000
11/02/2004,IN,Greene,Bush,republican,580,1000
11/02/2004,MI,Kalkaska,Kerry,democrat,420,1000
11/02/2004,MI,Kalkaska,Bush,republican,580,1000
11/02/2004,NE,Buffalo,Kerry,democrat,420,1000
11/02/2004,NE,Buffalo,Bush,republican,580,1000
11/02/2004,ND,Foster,Kerry,democrat,420,1000
11/02/2004,ND,Foster,Bush,republican,580,1000
11/02/2004,NE,Sherman,Kerry,democrat,420,1000
11/02/2004,NE,Sherman,Bush,republican,580,1000
11/02/2004,NE,Keith,Kerry,democrat,420,1000
11/02/2004,NE,Keith,Bush,republican,580,1000
11/02/2004,OK,Beckham,Kerry,democrat,420,1000
11/02/2004,OK,Beckham,Bush,republican,580,1000
11/02/2004,TX,Throckmorton,Kerry,democrat,420,1000
11/02/2004,TX,Throckmorton,Bush,republican,580,1000
11/02/2004,CA,San_Bernardino,Kerry,democrat,530,1000
11/02/2004,CA,San_Bernardino,Bush,republican,470,1000
11/02/2004,GA,Towns,Kerry,democrat,420,1000
11/02/2004,GA,Towns,Bush,republican,580,1000
11/02/2004,MO,Andrew,Kerry,democrat,420,1000
11/02/2004,MO,Andrew,Bush,republican,580,1000
11/02/2004,MN,Aitkin,Kerry,democrat,420,1000
11/02/2004,MN,Aitkin,Bush,republican,580,1000
11/02/2004,AK,Haines,Kerry,democrat,530,1000
11/02/2004,AK,Haines,Bush,republican,470,1000
11/02/2004,AK,Skagway,Kerry,democrat,510,1000
11/02/2004,AK,Skagway,Bush,republican,490,1000
11/02/2004,IN,Washington,Kerry,democrat,420,1000
11/02/2004,IN,Washington,Bush,republican,580,1000
11/02/2004,KS,Grant,Kerry,democrat,420,1000
11/02/2004,KS,Grant,Bush,republican,580,1000
11/02/2004,KY,Marion,Kerry,democrat,420,1000
11/02/2004,KY,Marion,Bush,republican,580,1000
11/02/2004,AL,Lawrence,Kerry,democrat,420,1000
11/02/2004,AL,Lawrence,Bush,republican,580,1000
11/02/2004,IL,Stark,Kerry,democrat,470,1000
11/02/2004,IL,Stark,Bush,republican,530,1000
11/02/2004,IN,Ripley,Kerry,democrat,420,1000
11/02/2004,IN,Ripley,Bush,republican,580,1000
11/02/2004,KY,Russell,Kerry,democrat,420,1000
11/02/2004,KY,Russell,Bush,republican,580,1000
11/02/2004,NE,Grant,Kerry,democrat,420,1000
11/02/2004,NE,Grant,Bush,republican,580,1000
11/02/2004,PA,Venango,Kerry,democrat,420,1000
11/02/2004,PA,Venango,Bush,republican,580,1000
11/02/2004,KS,Hodgeman,Kerry,democrat,420,1000
11/02/2004,KS,Hodgeman,Bush,republican,580,1000
11/02/2004,TX,Crosby,Kerry,democrat,420,1000
11/02/2004,TX,Crosby,Bush,republican,580,1000
11/02/2004,WI,Taylor,Kerry,democrat,420,1000
11/02/2004,WI,Taylor,Bush,republican,580,1000
11/02/2004,TX,Rains,Kerry,democrat,420,1000
11/02/2004,TX,Rains,Bush,republican,580,1000
11/02/2004,IA,Benton,Kerry,democrat,503,1000
11/02/2004,IA,Benton,Bush,republican,497,1000
11/02/2004,AK,Valdez-Cordova,Kerry,democrat,420,1000
11/02/2004,AK,Valdez-Cordova,Bush,republican,580,1000
11/02/2004,IL,Shelby,Kerry,democrat,420,1000
11/02/2004,IL,Shelby,Bush,republican,580,1000
11/02/2004,IA,Story,Kerry,democrat,580,1000
11/02/2004,IA,Story,Bush,republican,420,1000
11/02/2004,LA,Calcasieu,Kerry,democrat,420,1000
11/02/2004,LA,Calcasieu,Bush,republican,580,1000
11/02/2004,IN,Marshall,Kerry,democrat,470,1000
11/02/2004,IN,Marshall,Bush,republican,530,1000
11/02/2004,IN,Tippecanoe,Kerry,democrat,530,1000
11/02/2004,IN,Tippecanoe,Bush,republican,470,1000
11/02/2004,NC,Alamance,Kerry,democrat,530,1000
11/02/2004,NC,Alamance,Bush,republican,470,1000
11/02/2004,TX,Dallam,Kerry,democrat,420,1000
11/02/2004,TX,Dallam,Bush,republican,580,1000
11/02/2004,MO,Moniteau,Kerry,democrat,420,1000
11/02/2004,MO,Moniteau,Bush,republican,580,1000
11/02/2004,MN,Nobles,Kerry,democrat,420,1000
11/02/2004,MN,Nobles,Bush,republican,580,1000
11/02/2004,OH,Champaign,Kerry,democrat,420,1000
11/02/2004,OH,Champaign,Bush,republican,580,1000
11/02/2004,NM,Luna,Kerry,democrat,530,1000
11/02/2004,NM,Luna,Bush,republican,470,1000
11/02/2004,AK,Wrangell,Kerry,democrat,470,1000
11/02/2004,AK,Wrangell,Bush,republican,530,1000
11/02/2004,NE,Stanton,Kerry,democrat,420,1000
11/02/2004,NE,Stanton,Bush,republican,580,1000
11/02/2004,AR,Garland,Kerry,democrat,420,1000
11/02/2004,AR,Garland,Bush,republican,580,1000
11/02/2004,ND,Ransom,Kerry,democrat,470,1000
11/02/2004,ND,Ransom,Bush,republican,530,1000
11/02/2004,IA,Decatur,Kerry,democrat,420,1000
11/02/2004,IA,Decatur,Bush,republican,580,1000
11/02/2004,MI,Kalamazoo,Kerry,democrat,580,1000
11/02/2004,MI,Kalamazoo,Bush,republican,420,1000
11/02/2004,IA,Floyd,Kerry,democrat,530,1000
11/02/2004,IA,Floyd,Bush,republican,470,1000
11/02/2004,TX,Frio,Kerry,democrat,420,1000
11/02/2004,TX,Frio,Bush,republican,580,1000
11/02/2004,TX,Coke,Kerry,democrat,420,1000
11/02/2004,TX,Coke,Bush,republican,580,1000
11/02/2004,TX,Jim_Hogg,Kerry,democrat,420,1000
11/02/2004,TX,Jim_Hogg,Bush,republican,580,1000
11/02/2004,KS,Sheridan,Kerry,democrat,420,1000
11/02/2004,KS,Sheridan,Bush,republican,580,1000
11/02/2004,AZ,Mohave,Kerry,democrat,420,1000
11/02/2004,AZ,Mohave,Bush,republican,580,1000
11/02/2004,IA,Taylor,Kerry,democrat,420,1000
11/02/2004,IA,Taylor,Bush,republican,580,1000
11/02/2004,MI,Emmet,Kerry,democrat,490,1000
11/02/2004,MI,Emmet,Bush,republican,510,1000
11/02/2004,ND,Burke,Kerry,democrat,420,1000
11/02/2004,ND,Burke,Bush,republican,580,1000
11/02/2004,MT,Sweet_Grass,Kerry,democrat,420,1000
11/02/2004,MT,Sweet_Grass,Bush,republican,580,1000
11/02/2004,ID,Minidoka,Kerry,democrat,420,1000
11/02/2004,ID,Minidoka,Bush,republican,580,1000
11/02/2004,IA,Tama,Kerry,democrat,530,1000
11/02/2004,IA,Tama,Bush,republican,470,1000
11/02/2004,MN,Olmsted,Kerry,democrat,580,1000
11/02/2004,MN,Olmsted,Bush,republican,420,1000
11/02/2004,NC,Stokes,Kerry,democrat,420,1000
11/02/2004,NC,Stokes,Bush,republican,580,1000
11/02/2004,NE,Howard,Kerry,democrat,420,1000
11/02/2004,NE,Howard,Bush,republican,580,1000
11/02/2004,TX,Ochiltree,Kerry,democrat,420,1000
11/02/2004,TX,Ochiltree,Bush,republican,580,1000
11/02/2004,TX,Hutchinson,Kerry,democrat,420,1000
11/02/2004,TX,Hutchinson,Bush,republican,580,1000
11/02/2004,NC,Jones,Kerry,democrat,420,1000
11/02/2004,NC,Jones,Bush,republican,580,1000
11/02/2004,AL,Baldwin,Kerry,democrat,420,1000
11/02/2004,AL,Baldwin,Bush,republican,580,1000
11/02/2004,CA,Los_Angeles,Kerry,democrat,580,1000
11/02/2004,CA,Los_Angeles,Bush,republican,420,1000
11/02/2004,AL,Butler,Kerry,democrat,420,1000
11/02/2004,AL,Butler,Bush,republican,580,1000
11/02/2004,IA,Emmet,Kerry,democrat,470,1000
11/02/2004,IA,Emmet,Bush,republican,530,1000
11/02/2004,MS,Neshoba,Kerry,democrat,420,1000
11/02/2004,MS,Neshoba,Bush,republican,580,1000
11/02/2004,PA,Potter,Kerry,democrat,420,1000
11/02/2004,PA,Potter,Bush,republican,580,1000
11/02/2004,AR,Yell,Kerry,democrat,420,1000
11/02/2004,AR,Yell,Bush,republican,580,1000
11/02/2004,CO,Adams,Kerry,democrat,580,1000
11/02/2004,CO,Adams,Bush,republican,420,1000
11/02/2004,KS,Edwards,Kerry,democrat,420,1000
11/02/2004,KS,Edwards,Bush,republican,580,1000
11/02/2004,MI,Newaygo,Kerry,democrat,470,1000
11/02/2004,MI,Newaygo,Bush,republican,530,1000
11/02/2004,NE,Garfield,Kerry,democrat,420,1000
11/02/2004,NE,Garfield,Bush,republican,580,1000
11/02/2004,IA,Jones,Kerry,democrat,497,1000
11/02/2004,IA,Jones,Bush,republican,503,1000
11/02/2004,IA,Audubon,Kerry,democrat,420,1000
11/02/2004,IA,Audubon,Bush,republican,580,1000
11/02/2004,TX,Medina,Kerry,democrat,420,1000
11/02/2004,TX,Medina,Bush,republican,580,1000
11/02/2004,TX,Deaf_Smith,Kerry,democrat,420,1000
11/02/2004,TX,Deaf_Smith,Bush,republican,580,1000
11/02/2004,TX,Concho,Kerry,democrat,420,1000
11/02/2004,TX,Concho,Bush,republican,580,1000
11/02/2004,ND,Renville,Kerry,democrat,420,1000
11/02/2004,ND,Renville,Bush,republican,580,1000
11/02/2004,ID,Boundary,Kerry,democrat,420,1000
11/02/2004,ID,Boundary,Bush,republican,580,1000
11/02/2004,IN,Benton,Kerry,democrat,420,1000
11/02/2004,IN,Benton,Bush,republican,580,1000
11/02/2004,MI,Alcona,Kerry,democrat,470,1000
11/02/2004,MI,Alcona,Bush,republican,530,1000
11/02/2004,NV,Humboldt,Kerry,democrat,420,1000
11/02/2004,NV,Humboldt,Bush,republican,580,1000
11/02/2004,AL,Cullman,Kerry,democrat,420,1000
11/02/2004,AL,Cullman,Bush,republican,580,1000
11/02/2004,IL,Jasper,Kerry,democrat,420,1000
11/02/2004,IL,Jasper,Bush,republican,580,1000
11/02/2004,KS,Saline,Kerry,democrat,420,1000
11/02/2004,KS,Saline,Bush,republican,580,1000
11/02/2004,MN,Lyon,Kerry,democrat,420,1000
11/02/2004,MN,Lyon,Bush,republican,580,1000
11/02/2004,NY,Cortland,Kerry,democrat,530,1000
11/02/2004,NY,Cortland,Bush,republican,470,1000
11/02/2004,TX,Lynn,Kerry,democrat,420,1000
11/02/2004,TX,Lynn,Bush,republican,580,1000
11/02/2004,TX,Atascosa,Kerry,democrat,420,1000
11/02/2004,TX,Atascosa,Bush,republican,580,1000
11/02/2004,VA,Petersburg,Kerry,democrat,580,1000
11/02/2004,VA,Petersburg,Bush,republican,420,1000
11/02/2004,ND,Towner,Kerry,democrat,470,1000
11/02/2004,ND,Towner,Bush,republican,530,1000
11/02/2004,TX,Somervell,Kerry,democrat,420,1000
11/02/2004,TX,Somervell,Bush,republican,580,1000
11/02/2004,SD,Miner,Kerry,democrat,470,1000
11/02/2004,SD,Miner,Bush,republican,530,1000
11/02/2004,CA,Riverside,Kerry,democrat,530,1000
11/02/2004,CA,Riverside,Bush,republican,470,1000
11/02/2004,GA,Franklin,Kerry,democrat,420,1000
11/02/2004,GA,Franklin,Bush,republican,580,1000
11/02/2004,KY,Wayne,Kerry,democrat,420,1000
11/02/2004,KY,Wayne,Bush,republican,580,1000
11/02/2004,ME,Hancock,Kerry,democrat,580,1000
11/02/2004,ME,Hancock,Bush,republican,420,1000
11/02/2004,MS,Jefferson_Davis,Kerry,democrat,490,1000
11/02/2004,MS,Jefferson_Davis,Bush,republican,510,1000
11/02/2004,MO,Caldwell,Kerry,democrat,420,1000
11/02/2004,MO,Caldwell,Bush,republican,580,1000
11/02/2004,MO,Mercer,Kerry,democrat,420,1000
11/02/2004,MO,Mercer,Bush,republican,580,1000
11/02/2004,GA,Tift,Kerry,democrat,420,1000
11/02/2004,GA,Tift,Bush,republican,580,1000
11/02/2004,VT,Washington,Kerry,democrat,580,1000
11/02/2004,VT,Washington,Bush,republican,420,1000
11/02/2004,GA,Pierce,Kerry,democrat,420,1000
11/02/2004,GA,Pierce,Bush,republican,580,1000
11/02/2004,AK,Sitka,Kerry,democrat,490,1000
11/02/2004,AK,Sitka,Bush,republican,510,1000
11/02/2004,GA,Morgan,Kerry,democrat,420,1000
11/02/2004,GA,Morgan,Bush,republican,580,1000
11/02/2004,KS,Rice,Kerry,democrat,420,1000
11/02/2004,KS,Rice,Bush,republican,580,1000
11/02/2004,OR,Gilliam,Kerry,democrat,470,1000
11/02/2004,OR,Gilliam,Bush,republican,530,1000
11/02/2004,MI,Lenawee,Kerry,democrat,420,1000
11/02/2004,MI,Lenawee,Bush,republican,580,1000
11/02/2004,KS,Ellis,Kerry,democrat,420,1000
11/02/2004,KS,Ellis,Bush,republican,580,1000
11/02/2004,IA,Boone,Kerry,democrat,510,1000
11/02/2004,IA,Boone,Bush,republican,490,1000
11/02/2004,SD,Lyman,Kerry,democrat,420,1000
11/02/2004,SD,Lyman,Bush,republican,580,1000
11/02/2004,KS,Clay,Kerry,democrat,420,1000
11/02/2004,KS,Clay,Bush,republican,580,1000
11/02/2004,MN,Yellow_Medicine,Kerry,democrat,420,1000
11/02/2004,MN,Yellow_Medicine,Bush,republican,580,1000
11/02/2004,NC,Gates,Kerry,democrat,580,1000
11/02/2004,NC,Gates,Bush,republican,420,1000
11/02/2004,MO,Douglas,Kerry,democrat,420,1000
11/02/2004,MO,Douglas,Bush,republican,580,1000
11/02/2004,WV,Braxton,Kerry,democrat,420,1000
11/02/2004,WV,Braxton,Bush,republican,580,1000
11/02/2004,WA,King,Kerry,democrat,580,1000
11/02/2004,WA,King,Bush,republican,420,1000
11/02/2004,MS,Calhoun,Kerry,democrat,420,1000
11/02/2004,MS,Calhoun,Bush,republican,580,1000
11/02/2004,GA,Grady,Kerry,democrat,420,1000
11/02/2004,GA,Grady,Bush,republican,580,1000
11/02/2004,MS,Itawamba,Kerry,democrat,420,1000
11/02/2004,MS,Itawamba,Bush,republican,580,1000
11/02/2004,KS,Stevens,Kerry,democrat,420,1000
11/02/2004,KS,Stevens,Bush,republican,580,1000
11/02/2004,FL,Hendry,Kerry,democrat,490,1000
11/02/2004,FL,Hendry,Bush,republican,510,1000
11/02/2004,TX,Lavaca,Kerry,democrat,420,1000
11/02/2004,TX,Lavaca,Bush,republican,580,1000
11/02/2004,KS,Chautauqua,Kerry,democrat,420,1000
11/02/2004,KS,Chautauqua,Bush,republican,580,1000
11/02/2004,IN,Howard,Kerry,democrat,470,1000
11/02/2004,IN,Howard,Bush,republican,530,1000
11/02/2004,NE,Dawson,Kerry,democrat,420,1000
11/02/2004,NE,Dawson,Bush,republican,580,1000
11/02/2004,MS,Greene,Kerry,democrat,420,1000
11/02/2004,MS,Greene,Bush,republican,580,1000
11/02/2004,MN,Freeborn,Kerry,democrat,470,1000
11/02/2004,MN,Freeborn,Bush,republican,530,1000
11/02/2004,MN,Kanabec,Kerry,democrat,420,1000
11/02/2004,MN,Kanabec,Bush,republican,580,1000
11/02/2004,IL,Hamilton,Kerry,democrat,420,1000
11/02/2004,IL,Hamilton,Bush,republican,580,1000
11/02/2004,SD,Sanborn,Kerry,democrat,470,1000
11/02/2004,SD,Sanborn,Bush,republican,530,1000
11/02/2004,TN,Grainger,Kerry,democrat,420,1000
11/02/2004,TN,Grainger,Bush,republican,580,1000
11/02/2004,MO,Hickory,Kerry,democrat,420,1000
11/02/2004,MO,Hickory,Bush,republican,580,1000
11/02/2004,WY,Albany,Kerry,democrat,530,1000
11/02/2004,WY,Albany,Bush,republican,470,1000
11/02/2004,NE,Antelope,Kerry,democrat,420,1000
11/02/2004,NE,Antelope,Bush,republican,580,1000
11/02/2004,WY,Platte,Kerry,democrat,420,1000
11/02/2004,WY,Platte,Bush,republican,580,1000
11/02/2004,UT,Rich,Kerry,democrat,420,1000
11/02/2004,UT,Rich,Bush,republican,580,1000
11/02/2004,WI,Washington,Kerry,democrat,530,1000
11/02/2004,WI,Washington,Bush,republican,470,1000
11/02/2004,OR,Crook,Kerry,democrat,470,1000
11/02/2004,OR,Crook,Bush,republican,530,1000
11/02/2004,GA,Jenkins,Kerry,democrat,420,1000
11/02/2004,GA,Jenkins,Bush,republican,580,1000
11/02/2004,TX,Jeff_Davis,Kerry,democrat,420,1000
11/02/2004,TX,Jeff_Davis,Bush,republican,580,1000
11/02/2004,GA,Spalding,Kerry,democrat,530,1000
11/02/2004,GA,Spalding,Bush,republican,470,1000
11/02/2004,IA,Cherokee,Kerry,democrat,420,1000
11/02/2004,IA,Cherokee,Bush,republican,580,1000
11/02/2004,GA,Bacon,Kerry,democrat,420,1000
11/02/2004,GA,Bacon,Bush,republican,580,1000
11/02/2004,GA,Upson,Kerry,democrat,420,1000
11/02/2004,GA,Upson,Bush,republican,580,1000
11/02/2004,OR,Sherman,Kerry,democrat,490,1000
11/02/2004,OR,Sherman,Bush,republican,510,1000
11/02/2004,AK,Kodiak_Island,Kerry,democrat,420,1000
11/02/2004,AK,Kodiak_Island,Bush,republican,580,1000
11/02/2004,MN,Red_Lake,Kerry,democrat,420,1000
11/02/2004,MN,Red_Lake,Bush,republican,580,1000
11/02/2004,MN,Saint_Louis,Kerry,democrat,580,1000
11/02/2004,MN,Saint_Louis,Bush,republican,420,1000
11/02/2004,FL,Gilchrist,Kerry,democrat,420,1000
11/02/2004,FL,Gilchrist,Bush,republican,580,1000
11/02/2004,NC,Lenoir,Kerry,democrat,470,1000
11/02/2004,NC,Lenoir,Bush,republican,530,1000
11/02/2004,MO,Randolph,Kerry,democrat,420,1000
11/02/2004,MO,Randolph,Bush,republican,580,1000
11/02/2004,ND,Steele,Kerry,democrat,470,1000
11/02/2004,ND,Steele,Bush,republican,530,1000
11/02/2004,VA,Fairfax_Co,Kerry,democrat,580,1000
11/02/2004,VA,Fairfax_Co,Bush,republican,420,1000
11/02/2004,VA,Manassas_Park,Kerry,democrat,580,1000
11/02/2004,VA,Manassas_Park,Bush,republican,420,1000
11/02/2004,VA,Winchester,Kerry,democrat,530,1000
11/02/2004,VA,Winchester,Bush,republican,470,1000
11/02/2004,MO,Pulaski,Kerry,democrat,420,1000
11/02/2004,MO,Pulaski,Bush,republican,580,1000
11/02/2004,IN,Newton,Kerry,democrat,470,1000
11/02/2004,IN,Newton,Bush,republican,530,1000
11/02/2004,GA,Bulloch,Kerry,democrat,420,1000
11/02/2004,GA,Bulloch,Bush,republican,580,1000
11/02/2004,KS,Rawlins,Kerry,democrat,420,1000
11/02/2004,KS,Rawlins,Bush,republican,580,1000
11/02/2004,CO,Phillips,Kerry,democrat,420,1000
11/02/2004,CO,Phillips,Bush,republican,580,1000
11/02/2004,TX,Runnels,Kerry,democrat,420,1000
11/02/2004,TX,Runnels,Bush,republican,580,1000
11/02/2004,IA,Wayne,Kerry,democrat,470,1000
11/02/2004,IA,Wayne,Bush,republican,530,1000
11/02/2004,TX,Terry,Kerry,democrat,420,1000
11/02/2004,TX,Terry,Bush,republican,580,1000
11/02/2004,OH,Vinton,Kerry,democrat,420,1000
11/02/2004,OH,Vinton,Bush,republican,580,1000
11/02/2004,CO,Arapahoe,Kerry,democrat,580,1000
11/02/2004,CO,Arapahoe,Bush,republican,420,1000
11/02/2004,TX,Upton,Kerry,democrat,420,1000
11/02/2004,TX,Upton,Bush,republican,580,1000
11/02/2004,TX,Callahan,Kerry,democrat,420,1000
11/02/2004,TX,Callahan,Bush,republican,580,1000
11/02/2004,TX,Howard,Kerry,democrat,420,1000
11/02/2004,TX,Howard,Bush,republican,580,1000
11/02/2004,TX,Upshur,Kerry,democrat,420,1000
11/02/2004,TX,Upshur,Bush,republican,580,1000
11/02/2004,TX,Camp,Kerry,democrat,420,1000
11/02/2004,TX,Camp,Bush,republican,580,1000
11/02/2004,TX,Walker,Kerry,democrat,420,1000
11/02/2004,TX,Walker,Bush,republican,580,1000
11/02/2004,AL,Wilcox,Kerry,democrat,420,1000
11/02/2004,AL,Wilcox,Bush,republican,580,1000
11/02/2004,VA,Montgomery,Kerry,democrat,580,1000
11/02/2004,VA,Montgomery,Bush,republican,420,1000
11/02/2004,MS,Noxubee,Kerry,democrat,420,1000
11/02/2004,MS,Noxubee,Bush,republican,580,1000
11/02/2004,CO,Sedgwick,Kerry,democrat,420,1000
11/02/2004,CO,Sedgwick,Bush,republican,580,1000
11/02/2004,SD,Davison,Kerry,democrat,420,1000
11/02/2004,SD,Davison,Bush,republican,580,1000
11/02/2004,KS,Hamilton,Kerry,democrat,420,1000
11/02/2004,KS,Hamilton,Bush,republican,580,1000
11/02/2004,IL,Ford,Kerry,democrat,420,1000
11/02/2004,IL,Ford,Bush,republican,580,1000
11/02/2004,SD,Fall_River,Kerry,democrat,420,1000
11/02/2004,SD,Fall_River,Bush,republican,580,1000
11/02/2004,AK,Bristol_Bay,Kerry,democrat,580,1000
11/02/2004,AK,Bristol_Bay,Bush,republican,420,1000
11/02/2004,IN,Parke,Kerry,democrat,420,1000
11/02/2004,IN,Parke,Bush,republican,580,1000
11/02/2004,TX,Taylor,Kerry,democrat,420,1000
11/02/2004,TX,Taylor,Bush,republican,580,1000
11/02/2004,IN,Fayette,Kerry,democrat,420,1000
11/02/2004,IN,Fayette,Bush,republican,580,1000
11/02/2004,NC,Caldwell,Kerry,democrat,470,1000
11/02/2004,NC,Caldwell,Bush,republican,530,1000
11/02/2004,SD,Turner,Kerry,democrat,420,1000
11/02/2004,SD,Turner,Bush,republican,580,1000
11/02/2004,WI,Ozaukee,Kerry,democrat,530,1000
11/02/2004,WI,Ozaukee,Bush,republican,470,1000
11/02/2004,ND,Logan,Kerry,democrat,420,1000
11/02/2004,ND,Logan,Bush,republican,580,1000
11/02/2004,AR,Bradley,Kerry,democrat,420,1000
11/02/2004,AR,Bradley,Bush,republican,580,1000
11/02/2004,GA,Lanier,Kerry,democrat,420,1000
11/02/2004,GA,Lanier,Bush,republican,580,1000
11/02/2004,NM,Sierra,Kerry,democrat,470,1000
11/02/2004,NM,Sierra,Bush,republican,530,1000
11/02/2004,CO,Lincoln,Kerry,democrat,420,1000
11/02/2004,CO,Lincoln,Bush,republican,580,1000
11/02/2004,IA,Butler,Kerry,democrat,510,1000
11/02/2004,IA,Butler,Bush,republican,490,1000
11/02/2004,TX,Hartley,Kerry,democrat,420,1000
11/02/2004,TX,Hartley,Bush,republican,580,1000
11/02/2004,TN,Pickett,Kerry,democrat,420,1000
11/02/2004,TN,Pickett,Bush,republican,580,1000
11/02/2004,SD,Douglas,Kerry,democrat,420,1000
11/02/2004,SD,Douglas,Bush,republican,580,1000
11/02/2004,KS,Cloud,Kerry,democrat,420,1000
11/02/2004,KS,Cloud,Bush,republican,580,1000
11/02/2004,PA,Montour,Kerry,democrat,490,1000
11/02/2004,PA,Montour,Bush,republican,510,1000
11/02/2004,NE,Morrill,Kerry,democrat,420,1000
11/02/2004,NE,Morrill,Bush,republican,580,1000
11/02/2004,MO,Monroe,Kerry,democrat,420,1000
11/02/2004,MO,Monroe,Bush,republican,580,1000
11/02/2004,ND,LaMoure,Kerry,democrat,420,1000
11/02/2004,ND,LaMoure,Bush,republican,580,1000
11/02/2004,KY,McLean,Kerry,democrat,490,1000
11/02/2004,KY,McLean,Bush,republican,510,1000
11/02/2004,SD,Marshall,Kerry,democrat,530,1000
11/02/2004,SD,Marshall,Bush,republican,470,1000
11/02/2004,OR,Baker,Kerry,democrat,420,1000
11/02/2004,OR,Baker,Bush,republican,580,1000
11/02/2004,SD,Custer,Kerry,democrat,420,1000
11/02/2004,SD,Custer,Bush,republican,580,1000
11/02/2004,TX,Live_Oak,Kerry,democrat,420,1000
11/02/2004,TX,Live_Oak,Bush,republican,580,1000
11/02/2004,MI,Schoolcraft,Kerry,democrat,420,1000
11/02/2004,MI,Schoolcraft,Bush,republican,580,1000
11/02/2004,IA,Madison,Kerry,democrat,470,1000
11/02/2004,IA,Madison,Bush,republican,530,1000
11/02/2004,NE,Wheeler,Kerry,democrat,420,1000
11/02/2004,NE,Wheeler,Bush,republican,580,1000
11/02/2004,AR,Cross,Kerry,democrat,470,1000
11/02/2004,AR,Cross,Bush,republican,530,1000
11/02/2004,IA,Black_Hawk,Kerry,democrat,580,1000
11/02/2004,IA,Black_Hawk,Bush,republican,420,1000
11/02/2004,TX,Lubbock,Kerry,democrat,420,1000
11/02/2004,TX,Lubbock,Bush,republican,580,1000
11/02/2004,MN,Watonwan,Kerry,democrat,470,1000
11/02/2004,MN,Watonwan,Bush,republican,530,1000
11/02/2004,SD,Deuel,Kerry,democrat,470,1000
11/02/2004,SD,Deuel,Bush,republican,530,1000
11/02/2004,IA,Warren,Kerry,democrat,470,1000
11/02/2004,IA,Warren,Bush,republican,530,1000
11/02/2004,AR,Nevada,Kerry,democrat,420,1000
11/02/2004,AR,Nevada,Bush,republican,580,1000
11/02/2004,KS,Haskell,Kerry,democrat,490,1000
11/02/2004,KS,Haskell,Bush,republican,510,1000
11/02/2004,MO,Gentry,Kerry,democrat,420,1000
11/02/2004,MO,Gentry,Bush,republican,580,1000
11/02/2004,AR,Columbia,Kerry,democrat,420,1000
11/02/2004,AR,Columbia,Bush,republican,580,1000
11/02/2004,AR,Drew,Kerry,democrat,420,1000
11/02/2004,AR,Drew,Bush,republican,580,1000
11/02/2004,IN,Noble,Kerry,democrat,420,1000
11/02/2004,IN,Noble,Bush,republican,580,1000
11/02/2004,TX,Gonzales,Kerry,democrat,420,1000
11/02/2004,TX,Gonzales,Bush,republican,580,1000
11/02/2004,SD,Hyde,Kerry,democrat,420,1000
11/02/2004,SD,Hyde,Bush,republican,580,1000
11/02/2004,NM,Torrance,Kerry,democrat,470,1000
11/02/2004,NM,Torrance,Bush,republican,530,1000
11/02/2004,VA,Emporia,Kerry,democrat,580,1000
11/02/2004,VA,Emporia,Bush,republican,420,1000
11/02/2004,TX,Hansford,Kerry,democrat,420,1000
11/02/2004,TX,Hansford,Bush,republican,580,1000
11/02/2004,KS,Finney,Kerry,democrat,470,1000
11/02/2004,KS,Finney,Bush,republican,530,1000
11/02/2004,MO,Lawrence,Kerry,democrat,420,1000
11/02/2004,MO,Lawrence,Bush,republican,580,1000
11/02/2004,NM,Harding,Kerry,democrat,420,1000
11/02/2004,NM,Harding,Bush,republican,580,1000
11/02/2004,TX,Collingsworth,Kerry,democrat,420,1000
11/02/2004,TX,Collingsworth,Bush,republican,580,1000
11/02/2004,IL,Douglas,Kerry,democrat,420,1000
11/02/2004,IL,Douglas,Bush,republican,580,1000
11/02/2004,UT,Sanpete,Kerry,democrat,420,1000
11/02/2004,UT,Sanpete,Bush,republican,580,1000
11/02/2004,SC,Barnwell,Kerry,democrat,510,1000
11/02/2004,SC,Barnwell,Bush,republican,490,1000
11/02/2004,SC,Lee,Kerry,democrat,580,1000
11/02/2004,SC,Lee,Bush,republican,420,1000
11/02/2004,MT,Petroleum,Kerry,democrat,420,1000
11/02/2004,MT,Petroleum,Bush,republican,580,1000
11/02/2004,OH,Guernsey,Kerry,democrat,420,1000
11/02/2004,OH,Guernsey,Bush,republican,580,1000
11/02/2004,GA,Montgomery,Kerry,democrat,420,1000
11/02/2004,GA,Montgomery,Bush,republican,580,1000
11/02/2004,WI,Oneida,Kerry,democrat,510,1000
11/02/2004,WI,Oneida,Bush,republican,490,1000
11/02/2004,NE,Garden,Kerry,democrat,420,1000
11/02/2004,NE,Garden,Bush,republican,580,1000
11/02/2004,ND,Sheridan,Kerry,democrat,420,1000
11/02/2004,ND,Sheridan,Bush,republican,580,1000
11/02/2004,IL,Johnson,Kerry,democrat,420,1000
11/02/2004,IL,Johnson,Bush,republican,580,1000
11/02/2004,TX,King,Kerry,democrat,420,1000
11/02/2004,TX,King,Bush,republican,580,1000
11/02/2004,ID,Valley,Kerry,democrat,470,1000
11/02/2004,ID,Valley,Bush,republican,530,1000
11/02/2004,KY,Warren,Kerry,democrat,490,1000
11/02/2004,KY,Warren,Bush,republican,510,1000
11/02/2004,VA,Portsmouth,Kerry,democrat,580,1000
11/02/2004,VA,Portsmouth,Bush,republican,420,1000
11/02/2004,TX,Stonewall,Kerry,democrat,420,1000
11/02/2004,TX,Stonewall,Bush,republican,580,1000
11/02/2004,OK,Latimer,Kerry,democrat,420,1000
11/02/2004,OK,Latimer,Bush,republican,580,1000
11/02/2004,NV,Storey,Kerry,democrat,470,1000
11/02/2004,NV,Storey,Bush,republican,530,1000
11/02/2004,OK,Washita,Kerry,democrat,420,1000
11/02/2004,OK,Washita,Bush,republican,580,1000
11/02/2004,IA,Van_Buren,Kerry,democrat,497,1000
11/02/2004,IA,Van_Buren,Bush,republican,503,1000
11/02/2004,WI,Eau_Claire,Kerry,democrat,580,1000
11/02/2004,WI,Eau_Claire,Bush,republican,420,1000
11/02/2004,AK,Southeast_Fairbanks,Kerry,democrat,420,1000
11/02/2004,AK,Southeast_Fairbanks,Bush,republican,580,1000
11/02/2004,KS,Lane,Kerry,democrat,420,1000
11/02/2004,KS,Lane,Bush,republican,580,1000
11/02/2004,KS,Trego,Kerry,democrat,420,1000
11/02/2004,KS,Trego,Bush,republican,580,1000
11/02/2004,VA,Williamsburg,Kerry,democrat,580,1000
11/02/2004,VA,Williamsburg,Bush,republican,420,1000
11/02/2004,OH,Defiance,Kerry,democrat,420,1000
11/02/2004,OH,Defiance,Bush,republican,580,1000
11/02/2004,SD,McPherson,Kerry,democrat,420,1000
11/02/2004,SD,McPherson,Bush,republican,580,1000
11/02/2004,NE,Dundy,Kerry,democrat,420,1000
11/02/2004,NE,Dundy,Bush,republican,580,1000
11/02/2004,AR,Johnson,Kerry,democrat,420,1000
11/02/2004,AR,Johnson,Bush,republican,580,1000
11/02/2004,IN,Scott,Kerry,democrat,420,1000
11/02/2004,IN,Scott,Bush,republican,580,1000
11/02/2004,NE,Hall,Kerry,democrat,420,1000
11/02/2004,NE,Hall,Bush,republican,580,1000
11/02/2004,MS,Alcorn,Kerry,democrat,420,1000
11/02/2004,MS,Alcorn,Bush,republican,580,1000
11/02/2004,IL,Moultrie,Kerry,democrat,420,1000
11/02/2004,IL,Moultrie,Bush,republican,580,1000
11/02/2004,IN,Martin,Kerry,democrat,420,1000
11/02/2004,IN,Martin,Bush,republican,580,1000
11/02/2004,NE,Hayes,Kerry,democrat,420,1000
11/02/2004,NE,Hayes,Bush,republican,580,1000
11/02/2004,IL,Edwards,Kerry,democrat,420,1000
11/02/2004,IL,Edwards,Bush,republican,580,1000
11/02/2004,NE,Frontier,Kerry,democrat,420,1000
11/02/2004,NE,Frontier,Bush,republican,580,1000
11/02/2004,KS,Decatur,Kerry,democrat,420,1000
11/02/2004,KS,Decatur,Bush,republican,580,1000
11/02/2004,GA,Tattnall,Kerry,democrat,420,1000
11/02/2004,GA,Tattnall,Bush,republican,580,1000
11/02/2004,KY,Boyle,Kerry,democrat,420,1000
11/02/2004,KY,Boyle,Bush,republican,580,1000
11/02/2004,TX,Dimmit,Kerry,democrat,420,1000
11/02/2004,TX,Dimmit,Bush,republican,580,1000
11/02/2004,KY,Pendleton,Kerry,democrat,420,1000
11/02/2004,KY,Pendleton,Bush,republican,580,1000
11/02/2004,NY,Yates,Kerry,democrat,470,1000
11/02/2004,NY,Yates,Bush,republican,530,1000
11/02/2004,SD,Jackson,Kerry,democrat,420,1000
11/02/2004,SD,Jackson,Bush,republican,580,1000
11/02/2004,IA,Shelby,Kerry,democrat,470,1000
11/02/2004,IA,Shelby,Bush,republican,530,1000
11/02/2004,PA,Forest,Kerry,democrat,420,1000
11/02/2004,PA,Forest,Bush,republican,580,1000
11/02/2004,MO,Laclede,Kerry,democrat,420,1000
11/02/2004,MO,Laclede,Bush,republican,580,1000
11/02/2004,MO,Ripley,Kerry,democrat,420,1000
11/02/2004,MO,Ripley,Bush,republican,580,1000
11/02/2004,KY,Logan,Kerry,democrat,420,1000
11/02/2004,KY,Logan,Bush,republican,580,1000
11/02/2004,IL,DeWitt,Kerry,democrat,420,1000
11/02/2004,IL,DeWitt,Bush,republican,580,1000
11/02/2004,KY,Butler,Kerry,democrat,420,1000
11/02/2004,KY,Butler,Bush,republican,580,1000
11/02/2004,MT,Golden_Valley,Kerry,democrat,420,1000
11/02/2004,MT,Golden_Valley,Bush,republican,580,1000
11/02/2004,OH,Fayette,Kerry,democrat,420,1000
11/02/2004,OH,Fayette,Bush,republican,580,1000
11/02/2004,GA,Twiggs,Kerry,democrat,470,1000
11/02/2004,GA,Twiggs,Bush,republican,530,1000
11/02/2004,MT,Ravalli,Kerry,democrat,420,1000
11/02/2004,MT,Ravalli,Bush,republican,580,1000
11/02/2004,MN,Mille_Lacs,Kerry,democrat,420,1000
11/02/2004,MN,Mille_Lacs,Bush,republican,580,1000
11/02/2004,CO,Delta,Kerry,democrat,420,1000
11/02/2004,CO,Delta,Bush,republican,580,1000
11/02/2004,IL,McDonough,Kerry,democrat,420,1000
11/02/2004,IL,McDonough,Bush,republican,580,1000
11/02/2004,OH,Sandusky,Kerry,democrat,510,1000
11/02/2004,OH,Sandusky,Bush,republican,490,1000
11/02/2004,TX,Borden,Kerry,democrat,420,1000
11/02/2004,TX,Borden,Bush,republican,580,1000
11/02/2004,AR,Newton,Kerry,democrat,420,1000
11/02/2004,AR,Newton,Bush,republican,580,1000
11/02/2004,VA,Charlottesville,Kerry,democrat,580,1000
11/02/2004,VA,Charlottesville,Bush,republican,420,1000
11/02/2004,MN,Pipestone,Kerry,democrat,420,1000
11/02/2004,MN,Pipestone,Bush,republican,580,1000
11/02/2004,TX,Wheeler,Kerry,democrat,420,1000
11/02/2004,TX,Wheeler,Bush,republican,580,1000
11/02/2004,NE,Adams,Kerry,democrat,420,1000
11/02/2004,NE,Adams,Bush,republican,580,1000
11/02/2004,MT,Lewis_and_Clark,Kerry,democrat,530,1000
11/02/2004,MT,Lewis_and_Clark,Bush,republican,470,1000
11/02/2004,AK,Kenai_Peninsula,Kerry,democrat,470,1000
11/02/2004,AK,Kenai_Peninsula,Bush,republican,530,1000
11/02/2004,MO,Grundy,Kerry,democrat,420,1000
11/02/2004,MO,Grundy,Bush,republican,580,1000
11/02/2004,NC,Guilford,Kerry,democrat,580,1000
11/02/2004,NC,Guilford,Bush,republican,420,1000
11/02/2004,IA,Cass,Kerry,democrat,470,1000
11/02/2004,IA,Cass,Bush,republican,530,1000
11/02/2004,AL,Dale,Kerry,democrat,420,1000
11/02/2004,AL,Dale,Bush,republican,580,1000
11/02/2004,TX,Randall,Kerry,democrat,420,1000
11/02/2004,TX,Randall,Bush,republican,580,1000
11/02/2004,OH,Van_Wert,Kerry,democrat,420,1000
11/02/2004,OH,Van_Wert,Bush,republican,580,1000
11/02/2004,TX,Kent,Kerry,democrat,420,1000
11/02/2004,TX,Kent,Bush,republican,580,1000
11/02/2004,VA,Warren,Kerry,democrat,420,1000
11/02/2004,VA,Warren,Bush,republican,580,1000
11/02/2004,MS,Winston,Kerry,democrat,420,1000
11/02/2004,MS,Winston,Bush,republican,580,1000
11/02/2004,TX,Irion,Kerry,democrat,420,1000
11/02/2004,TX,Irion,Bush,republican,580,1000
11/02/2004,GA,Irwin,Kerry,democrat,420,1000
11/02/2004,GA,Irwin,Bush,republican,580,1000
11/02/2004,IN,Whitley,Kerry,democrat,470,1000
11/02/2004,IN,Whitley,Bush,republican,530,1000
11/02/2004,SD,Moody,Kerry,democrat,503,1000
11/02/2004,SD,Moody,Bush,republican,497,1000
11/02/2004,CA,Santa_Barbara,Kerry,democrat,580,1000
11/02/2004,CA,Santa_Barbara,Bush,republican,420,1000
11/02/2004,TX,Eastland,Kerry,democrat,420,1000
11/02/2004,TX,Eastland,Bush,republican,580,1000
11/02/2004,MN,Roseau,Kerry,democrat,420,1000
11/02/2004,MN,Roseau,Bush,republican,580,1000
11/02/2004,MO,Clinton,Kerry,democrat,420,1000
11/02/2004,MO,Clinton,Bush,republican,580,1000
11/02/2004,WV,Taylor,Kerry,democrat,420,1000
11/02/2004,WV,Taylor,Bush,republican,580,1000
11/02/2004,MS,George,Kerry,democrat,420,1000
11/02/2004,MS,George,Bush,republican,580,1000
11/02/2004,MN,Otter_Tail,Kerry,democrat,420,1000
11/02/2004,MN,Otter_Tail,Bush,republican,580,1000
11/02/2004,IL,Franklin,Kerry,democrat,420,1000
11/02/2004,IL,Franklin,Bush,republican,580,1000
11/02/2004,FL,Hardee,Kerry,democrat,470,1000
11/02/2004,FL,Hardee,Bush,republican,530,1000
11/02/2004,IA,Webster,Kerry,democrat,490,1000
11/02/2004,IA,Webster,Bush,republican,510,1000
11/02/2004,VA,Fredericksburg,Kerry,democrat,580,1000
11/02/2004,VA,Fredericksburg,Bush,republican,420,1000
11/02/2004,NY,Schuyler,Kerry,democrat,470,1000
11/02/2004,NY,Schuyler,Bush,republican,530,1000
11/02/2004,IL,McLean,Kerry,democrat,530,1000
11/02/2004,IL,McLean,Bush,republican,470,1000
11/02/2004,NE,York,Kerry,democrat,420,1000
11/02/2004,NE,York,Bush,republican,580,1000
11/02/2004,TX,San_Augustine,Kerry,democrat,420,1000
11/02/2004,TX,San_Augustine,Bush,republican,580,1000
11/02/2004,TN,Franklin,Kerry,democrat,420,1000
11/02/2004,TN,Franklin,Bush,republican,580,1000
11/02/2004,WY,Campbell,Kerry,democrat,420,1000
11/02/2004,WY,Campbell,Bush,republican,580,1000
11/02/2004,OH,Pike,Kerry,democrat,420,1000
11/02/2004,OH,Pike,Bush,republican,580,1000
11/02/2004,IA,Clarke,Kerry,democrat,470,1000
11/02/2004,IA,Clarke,Bush,republican,530,1000
11/02/2004,SC,Cherokee,Kerry,democrat,420,1000
11/02/2004,SC,Cherokee,Bush,republican,580,1000
11/02/2004,MN,Stevens,Kerry,democrat,470,1000
11/02/2004,MN,Stevens,Bush,republican,530,1000
11/02/2004,MS,Franklin,Kerry,democrat,490,1000
11/02/2004,MS,Franklin,Bush,republican,510,1000
11/02/2004,AK,Prince_of_Wales-Hyder,Kerry,democrat,470,1000
11/02/2004,AK,Prince_of_Wales-Hyder,Bush,republican,530,1000
11/02/2004,CO,San_Miguel,Kerry,democrat,580,1000
11/02/2004,CO,San_Miguel,Bush,republican,420,1000
11/02/2004,KY,Lewis,Kerry,democrat,420,1000
11/02/2004,KY,Lewis,Bush,republican,580,1000
11/02/2004,MI,Chippewa,Kerry,democrat,470,1000
11/02/2004,MI,Chippewa,Bush,republican,530,1000
11/02/2004,MI,Ontonagon,Kerry,democrat,420,1000
11/02/2004,MI,Ontonagon,Bush,republican,580,1000
11/02/2004,MN,Marshall,Kerry,democrat,420,1000
11/02/2004,MN,Marshall,Bush,republican,580,1000
11/02/2004,MO,Harrison,Kerry,democrat,420,1000
11/02/2004,MO,Harrison,Bush,republican,580,1000
11/02/2004,MS,Newton,Kerry,democrat,420,1000
11/02/2004,MS,Newton,Bush,republican,580,1000
11/02/2004,MS,Webster,Kerry,democrat,420,1000
11/02/2004,MS,Webster,Bush,republican,580,1000
11/02/2004,NJ,Warren,Kerry,democrat,470,1000
11/02/2004,NJ,Warren,Bush,republican,530,1000
11/02/2004,NY,Monroe,Kerry,democrat,580,1000
11/02/2004,NY,Monroe,Bush,republican,420,1000
11/02/2004,OH,Hamilton,Kerry,democrat,580,1000
11/02/2004,OH,Hamilton,Bush,republican,420,1000
11/02/2004,OK,Pittsburg,Kerry,democrat,420,1000
11/02/2004,OK,Pittsburg,Bush,republican,580,1000
11/02/2004,GA,Ben_Hill,Kerry,democrat,420,1000
11/02/2004,GA,Ben_Hill,Bush,republican,580,1000
11/02/2004,TN,Union,Kerry,democrat,420,1000
11/02/2004,TN,Union,Bush,republican,580,1000
11/02/2004,KS,Russell,Kerry,democrat,420,1000
11/02/2004,KS,Russell,Bush,republican,580,1000
11/02/2004,WI,Dane,Kerry,democrat,580,1000
11/02/2004,WI,Dane,Bush,republican,420,1000
11/02/2004,TX,Gillespie,Kerry,democrat,420,1000
11/02/2004,TX,Gillespie,Bush,republican,580,1000
11/02/2004,AZ,La_Paz,Kerry,democrat,470,1000
11/02/2004,AZ,La_Paz,Bush,republican,530,1000
11/02/2004,KY,Spencer,Kerry,democrat,420,1000
11/02/2004,KY,Spencer,Bush,republican,580,1000
11/02/2004,ID,Ada,Kerry,democrat,530,1000
11/02/2004,ID,Ada,Bush,republican,470,1000
11/02/2004,HI,Hawaii,Kerry,democrat,580,1000
11/02/2004,HI,Hawaii,Bush,republican,420,1000
11/02/2004,AR,Howard,Kerry,democrat,420,1000
11/02/2004,AR,Howard,Bush,republican,580,1000
11/02/2004,VA,Cumberland,Kerry,democrat,470,1000
11/02/2004,VA,Cumberland,Bush,republican,530,1000
11/02/2004,KS,Harvey,Kerry,democrat,490,1000
11/02/2004,KS,Harvey,Bush,republican,510,1000
11/02/2004,TX,Donley,Kerry,democrat,420,1000
11/02/2004,TX,Donley,Bush,republican,580,1000
11/02/2004,IL,Stephenson,Kerry,democrat,420,1000
11/02/2004,IL,Stephenson,Bush,republican,580,1000
11/02/2004,VA,Lynchburg,Kerry,democrat,510,1000
11/02/2004,VA,Lynchburg,Bush,republican,490,1000
11/02/2004,KY,Metcalfe,Kerry,democrat,420,1000
11/02/2004,KY,Metcalfe,Bush,republican,580,1000
11/02/2004,OH,Hardin,Kerry,democrat,420,1000
11/02/2004,OH,Hardin,Bush,republican,580,1000
11/02/2004,IL,Jefferson,Kerry,democrat,420,1000
11/02/2004,IL,Jefferson,Bush,republican,580,1000
11/02/2004,IA,Monroe,Kerry,democrat,490,1000
11/02/2004,IA,Monroe,Bush,republican,510,1000
11/02/2004,WV,Tyler,Kerry,democrat,420,1000
11/02/2004,WV,Tyler,Bush,republican,580,1000
11/02/2004,CO,Bent,Kerry,democrat,420,1000
11/02/2004,CO,Bent,Bush,republican,580,1000
11/02/2004,WI,Waushara,Kerry,democrat,470,1000
11/02/2004,WI,Waushara,Bush,republican,530,1000
11/02/2004,WI,Waupaca,Kerry,democrat,470,1000
11/02/2004,WI,Waupaca,Bush,republican,530,1000
11/02/2004,TX,Uvalde,Kerry,democrat,420,1000
11/02/2004,TX,Uvalde,Bush,republican,580,1000
11/02/2004,MS,Walthall,Kerry,democrat,420,1000
11/02/2004,MS,Walthall,Bush,republican,580,1000
11/02/2004,MO,Daviess,Kerry,democrat,420,1000
11/02/2004,MO,Daviess,Bush,republican,580,1000
11/02/2004,TX,Winkler,Kerry,democrat,420,1000
11/02/2004,TX,Winkler,Bush,republican,580,1000
11/02/2004,OH,Delaware,Kerry,democrat,530,1000
11/02/2004,OH,Delaware,Bush,republican,470,1000
11/02/2004,SD,Hamlin,Kerry,democrat,470,1000
11/02/2004,SD,Hamlin,Bush,republican,530,1000
11/02/2004,KS,Morris,Kerry,democrat,470,1000
11/02/2004,KS,Morris,Bush,republican,530,1000
11/02/2004,AL,Lee,Kerry,democrat,420,1000
11/02/2004,AL,Lee,Bush,republican,580,1000
11/02/2004,CA,San_Diego,Kerry,democrat,580,1000
11/02/2004,CA,San_Diego,Bush,republican,420,1000
11/02/2004,FL,Levy,Kerry,democrat,470,1000
11/02/2004,FL,Levy,Bush,republican,530,1000
11/02/2004,AL,Calhoun,Kerry,democrat,420,1000
11/02/2004,AL,Calhoun,Bush,republican,580,1000
11/02/2004,IA,Scott,Kerry,democrat,580,1000
11/02/2004,IA,Scott,Bush,republican,420,1000
11/02/2004,IA,Winneshiek,Kerry,democrat,580,1000
11/02/2004,IA,Winneshiek,Bush,republican,420,1000
11/02/2004,KS,Morton,Kerry,democrat,420,1000
11/02/2004,KS,Morton,Bush,republican,580,1000
11/02/2004,KY,Campbell,Kerry,democrat,490,1000
11/02/2004,KY,Campbell,Bush,republican,510,1000
11/02/2004,KY,Whitley,Kerry,democrat,420,1000
11/02/2004,KY,Whitley,Bush,republican,580,1000
11/02/2004,OH,Morrow,Kerry,democrat,420,1000
11/02/2004,OH,Morrow,Bush,republican,580,1000
11/02/2004,OH,Darke,Kerry,democrat,420,1000
11/02/2004,OH,Darke,Bush,republican,580,1000
11/02/2004,NE,Valley,Kerry,democrat,420,1000
11/02/2004,NE,Valley,Bush,republican,580,1000
11/02/2004,NE,Cedar,Kerry,democrat,420,1000
11/02/2004,NE,Cedar,Bush,republican,580,1000
11/02/2004,NE,Pawnee,Kerry,democrat,420,1000
11/02/2004,NE,Pawnee,Bush,republican,580,1000
11/02/2004,SC,Darlington,Kerry,democrat,497,1000
11/02/2004,SC,Darlington,Bush,republican,503,1000
11/02/2004,SD,Hughes,Kerry,democrat,420,1000
11/02/2004,SD,Hughes,Bush,republican,580,1000
11/02/2004,MO,Livingston,Kerry,democrat,420,1000
11/02/2004,MO,Livingston,Bush,republican,580,1000
11/02/2004,TX,Gregg,Kerry,democrat,420,1000
11/02/2004,TX,Gregg,Bush,republican,580,1000
11/02/2004,VA,Lunenburg,Kerry,democrat,490,1000
11/02/2004,VA,Lunenburg,Bush,republican,510,1000
11/02/2004,WV,Marion,Kerry,democrat,490,1000
11/02/2004,WV,Marion,Bush,republican,510,1000
11/02/2004,WV,Grant,Kerry,democrat,420,1000
11/02/2004,WV,Grant,Bush,republican,580,1000
11/02/2004,ND,Divide,Kerry,democrat,420,1000
11/02/2004,ND,Divide,Bush,republican,580,1000
11/02/2004,TN,Moore,Kerry,democrat,420,1000
11/02/2004,TN,Moore,Bush,republican,580,1000
11/02/2004,UT,Uintah,Kerry,democrat,420,1000
11/02/2004,UT,Uintah,Bush,republican,580,1000
11/02/2004,NE,Furnas,Kerry,democrat,420,1000
11/02/2004,NE,Furnas,Bush,republican,580,1000
11/02/2004,AL,Chambers,Kerry,democrat,420,1000
11/02/2004,AL,Chambers,Bush,republican,580,1000
11/02/2004,PA,Franklin,Kerry,democrat,420,1000
11/02/2004,PA,Franklin,Bush,republican,580,1000
11/02/2004,NE,Lancaster,Kerry,democrat,530,1000
11/02/2004,NE,Lancaster,Bush,republican,470,1000
11/02/2004,VA,Frederick,Kerry,democrat,420,1000
11/02/2004,VA,Frederick,Bush,republican,580,1000
11/02/2004,WA,Klickitat,Kerry,democrat,530,1000
11/02/2004,WA,Klickitat,Bush,republican,470,1000
11/02/2004,VT,Franklin,Kerry,democrat,580,1000
11/02/2004,VT,Franklin,Bush,republican,420,1000
11/02/2004,WI,Bayfield,Kerry,democrat,580,1000
11/02/2004,WI,Bayfield,Bush,republican,420,1000
11/02/2004,AL,ALA,Kerry,democrat,420,1000
11/02/2004,AL,ALA,Bush,republican,580,1000
11/02/2004,CA,Glenn,Kerry,democrat,420,1000
11/02/2004,CA,Glenn,Bush,republican,580,1000
11/02/2004,CO,Boulder,Kerry,democrat,580,1000
11/02/2004,CO,Boulder,Bush,republican,420,1000
11/02/2004,GA,DeKalb,Kerry,democrat,580,1000
11/02/2004,GA,DeKalb,Bush,republican,420,1000
11/02/2004,IL,Kane,Kerry,democrat,580,1000
11/02/2004,IL,Kane,Bush,republican,420,1000
11/02/2004,IL,Morgan,Kerry,democrat,420,1000
11/02/2004,IL,Morgan,Bush,republican,580,1000
11/02/2004,IN,Brown,Kerry,democrat,420,1000
11/02/2004,IN,Brown,Bush,republican,580,1000
11/02/2004,IN,Rush,Kerry,democrat,420,1000
11/02/2004,IN,Rush,Bush,republican,580,1000
11/02/2004,IN,White,Kerry,democrat,420,1000
11/02/2004,IN,White,Bush,republican,580,1000
11/02/2004,IA,Johnson,Kerry,democrat,580,1000
11/02/2004,IA,Johnson,Bush,republican,420,1000
11/02/2004,KS,Lyon,Kerry,democrat,490,1000
11/02/2004,KS,Lyon,Bush,republican,510,1000
11/02/2004,KY,Adair,Kerry,democrat,420,1000
11/02/2004,KY,Adair,Bush,republican,580,1000
11/02/2004,LA,Allen,Kerry,democrat,420,1000
11/02/2004,LA,Allen,Bush,republican,580,1000
11/02/2004,ME,Oxford,Kerry,democrat,580,1000
11/02/2004,ME,Oxford,Bush,republican,420,1000
11/02/2004,MO,Camden,Kerry,democrat,420,1000
11/02/2004,MO,Camden,Bush,republican,580,1000
11/02/2004,GA,Wilcox,Kerry,democrat,420,1000
11/02/2004,GA,Wilcox,Bush,republican,580,1000
11/02/2004,NM,De_Baca,Kerry,democrat,470,1000
11/02/2004,NM,De_Baca,Bush,republican,530,1000
11/02/2004,NC,Vance,Kerry,democrat,530,1000
11/02/2004,NC,Vance,Bush,republican,470,1000
11/02/2004,NC,Franklin,Kerry,democrat,530,1000
11/02/2004,NC,Franklin,Bush,republican,470,1000
11/02/2004,MT,Teton,Kerry,democrat,420,1000
11/02/2004,MT,Teton,Bush,republican,580,1000
11/02/2004,MO,Barry,Kerry,democrat,420,1000
11/02/2004,MO,Barry,Bush,republican,580,1000
11/02/2004,WA,Clark,Kerry,democrat,580,1000
11/02/2004,WA,Clark,Bush,republican,420,1000
11/02/2004,WV,Ohio,Kerry,democrat,420,1000
11/02/2004,WV,Ohio,Bush,republican,580,1000
11/02/2004,AR,Clark,Kerry,democrat,420,1000
11/02/2004,AR,Clark,Bush,republican,580,1000
11/02/2004,AR,Lawrence,Kerry,democrat,420,1000
11/02/2004,AR,Lawrence,Bush,republican,580,1000
11/02/2004,CA,Yuba,Kerry,democrat,470,1000
11/02/2004,CA,Yuba,Bush,republican,530,1000
11/02/2004,CO,Summit,Kerry,democrat,580,1000
11/02/2004,CO,Summit,Bush,republican,420,1000
11/02/2004,GA,Cobb,Kerry,democrat,580,1000
11/02/2004,GA,Cobb,Bush,republican,420,1000
11/02/2004,GA,Douglas,Kerry,democrat,580,1000
11/02/2004,GA,Douglas,Bush,republican,420,1000
11/02/2004,GA,Wilkes,Kerry,democrat,420,1000
11/02/2004,GA,Wilkes,Bush,republican,580,1000
11/02/2004,IL,Peoria,Kerry,democrat,580,1000
11/02/2004,IL,Peoria,Bush,republican,420,1000
11/02/2004,IN,Jackson,Kerry,democrat,420,1000
11/02/2004,IN,Jackson,Bush,republican,580,1000
11/02/2004,KS,Rooks,Kerry,democrat,420,1000
11/02/2004,KS,Rooks,Bush,republican,580,1000
11/02/2004,KS,Reno,Kerry,democrat,420,1000
11/02/2004,KS,Reno,Bush,republican,580,1000
11/02/2004,KY,Barren,Kerry,democrat,420,1000
11/02/2004,KY,Barren,Bush,republican,580,1000
11/02/2004,KY,Laurel,Kerry,democrat,420,1000
11/02/2004,KY,Laurel,Bush,republican,580,1000
11/02/2004,AZ,Coconino,Kerry,democrat,470,1000
11/02/2004,AZ,Coconino,Bush,republican,530,1000
11/02/2004,CA,Marin,Kerry,democrat,580,1000
11/02/2004,CA,Marin,Bush,republican,420,1000
11/02/2004,FL,Okaloosa,Kerry,democrat,420,1000
11/02/2004,FL,Okaloosa,Bush,republican,580,1000
11/02/2004,GA,Murray,Kerry,democrat,470,1000
11/02/2004,GA,Murray,Bush,republican,530,1000
11/02/2004,IL,Randolph,Kerry,democrat,470,1000
11/02/2004,IL,Randolph,Bush,republican,530,1000
11/02/2004,IN,Switzerland,Kerry,democrat,470,1000
11/02/2004,IN,Switzerland,Bush,republican,530,1000
11/02/2004,KY,Kenton,Kerry,democrat,490,1000
11/02/2004,KY,Kenton,Bush,republican,510,1000
11/02/2004,KY,Monroe,Kerry,democrat,420,1000
11/02/2004,KY,Monroe,Bush,republican,580,1000
11/02/2004,LA,Caddo,Kerry,democrat,530,1000
11/02/2004,LA,Caddo,Bush,republican,470,1000
11/02/2004,LA,Claiborne,Kerry,democrat,420,1000
11/02/2004,LA,Claiborne,Bush,republican,580,1000
11/02/2004,MA,Berkshire,Kerry,democrat,580,1000
11/02/2004,MA,Berkshire,Bush,republican,420,1000
11/02/2004,MI,Grand_Traverse,Kerry,democrat,530,1000
11/02/2004,MI,Grand_Traverse,Bush,republican,470,1000
11/02/2004,NE,Nuckolls,Kerry,democrat,420,1000
11/02/2004,NE,Nuckolls,Bush,republican,580,1000
11/02/2004,MO,Atchison,Kerry,democrat,420,1000
11/02/2004,MO,Atchison,Bush,republican,580,1000
11/02/2004,MN,Ramsey,Kerry,democrat,580,1000
11/02/2004,MN,Ramsey,Bush,republican,420,1000
11/02/2004,NC,Avery,Kerry,democrat,420,1000
11/02/2004,NC,Avery,Bush,republican,580,1000
11/02/2004,PA,Wayne,Kerry,democrat,470,1000
11/02/2004,PA,Wayne,Bush,republican,530,1000
11/02/2004,TN,Carter,Kerry,democrat,420,1000
11/02/2004,TN,Carter,Bush,republican,580,1000
11/02/2004,TN,Hickman,Kerry,democrat,420,1000
11/02/2004,TN,Hickman,Bush,republican,580,1000
11/02/2004,SD,Potter,Kerry,democrat,420,1000
11/02/2004,SD,Potter,Bush,republican,580,1000
11/02/2004,TX,Shackelford,Kerry,democrat,420,1000
11/02/2004,TX,Shackelford,Bush,republican,580,1000
11/02/2004,WY,Converse,Kerry,democrat,420,1000
11/02/2004,WY,Converse,Bush,republican,580,1000
11/02/2004,AL,Escambia,Kerry,democrat,420,1000
11/02/2004,AL,Escambia,Bush,republican,580,1000
11/02/2004,AZ,Cochise,Kerry,democrat,470,1000
11/02/2004,AZ,Cochise,Bush,republican,530,1000
11/02/2004,AZ,Apache,Kerry,democrat,420,1000
11/02/2004,AZ,Apache,Bush,republican,580,1000
11/02/2004,CA,San_Luis_Obispo,Kerry,democrat,580,1000
11/02/2004,CA,San_Luis_Obispo,Bush,republican,420,1000
11/02/2004,ID,Oneida,Kerry,democrat,420,1000
11/02/2004,ID,Oneida,Bush,republican,580,1000
11/02/2004,IN,Perry,Kerry,democrat,530,1000
11/02/2004,IN,Perry,Bush,republican,470,1000
11/02/2004,IA,Harrison,Kerry,democrat,420,1000
11/02/2004,IA,Harrison,Bush,republican,580,1000
11/02/2004,KY,Gallatin,Kerry,democrat,420,1000
11/02/2004,KY,Gallatin,Bush,republican,580,1000
11/02/2004,MD,Kent,Kerry,democrat,530,1000
11/02/2004,MD,Kent,Bush,republican,470,1000
11/02/2004,ME,Piscataquis,Kerry,democrat,510,1000
11/02/2004,ME,Piscataquis,Bush,republican,490,1000
11/02/2004,MI,Luce,Kerry,democrat,420,1000
11/02/2004,MI,Luce,Bush,republican,580,1000
11/02/2004,MI,Clare,Kerry,democrat,470,1000
11/02/2004,MI,Clare,Bush,republican,530,1000
11/02/2004,MO,St_Clair,Kerry,democrat,420,1000
11/02/2004,MO,St_Clair,Bush,republican,580,1000
11/02/2004,NE,Merrick,Kerry,democrat,420,1000
11/02/2004,NE,Merrick,Bush,republican,580,1000
11/02/2004,NY,Greene,Kerry,democrat,470,1000
11/02/2004,NY,Greene,Bush,republican,530,1000
11/02/2004,NC,Halifax,Kerry,democrat,580,1000
11/02/2004,NC,Halifax,Bush,republican,420,1000
11/02/2004,OK,McClain,Kerry,democrat,420,1000
11/02/2004,OK,McClain,Bush,republican,580,1000
11/02/2004,OK,Beaver,Kerry,democrat,420,1000
11/02/2004,OK,Beaver,Bush,republican,580,1000
11/02/2004,OR,Deschutes,Kerry,democrat,580,1000
11/02/2004,OR,Deschutes,Bush,republican,420,1000
11/02/2004,PA,Centre,Kerry,democrat,530,1000
11/02/2004,PA,Centre,Bush,republican,470,1000
11/02/2004,SC,Kershaw,Kerry,democrat,470,1000
11/02/2004,SC,Kershaw,Bush,republican,530,1000
11/02/2004,KY,Morgan,Kerry,democrat,420,1000
11/02/2004,KY,Morgan,Bush,republican,580,1000
11/02/2004,TN,Johnson,Kerry,democrat,420,1000
11/02/2004,TN,Johnson,Bush,republican,580,1000
11/02/2004,TX,Brewster,Kerry,democrat,420,1000
11/02/2004,TX,Brewster,Bush,republican,580,1000
11/02/2004,TX,Zapata,Kerry,democrat,420,1000
11/02/2004,TX,Zapata,Bush,republican,580,1000
11/02/2004,TX,Trinity,Kerry,democrat,420,1000
11/02/2004,TX,Trinity,Bush,republican,580,1000
11/02/2004,UT,Carbon,Kerry,democrat,420,1000
11/02/2004,UT,Carbon,Bush,republican,580,1000
11/02/2004,VA,Orange,Kerry,democrat,470,1000
11/02/2004,VA,Orange,Bush,republican,530,1000
11/02/2004,WI,Adams,Kerry,democrat,510,1000
11/02/2004,WI,Adams,Bush,republican,490,1000
11/02/2004,ND,McLean,Kerry,democrat,420,1000
11/02/2004,ND,McLean,Bush,republican,580,1000
11/02/2004,MN,Kittson,Kerry,democrat,470,1000
11/02/2004,MN,Kittson,Bush,republican,530,1000
11/02/2004,MI,Cheboygan,Kerry,democrat,470,1000
11/02/2004,MI,Cheboygan,Bush,republican,530,1000
11/02/2004,MS,Washington,Kerry,democrat,580,1000
11/02/2004,MS,Washington,Bush,republican,420,1000
11/02/2004,MO,Holt,Kerry,democrat,420,1000
11/02/2004,MO,Holt,Bush,republican,580,1000
11/02/2004,MS,Sunflower,Kerry,democrat,580,1000
11/02/2004,MS,Sunflower,Bush,republican,420,1000
11/02/2004,MT,Powder_River,Kerry,democrat,420,1000
11/02/2004,MT,Powder_River,Bush,republican,580,1000
11/02/2004,MS,Marshall,Kerry,democrat,470,1000
11/02/2004,MS,Marshall,Bush,republican,530,1000
11/02/2004,MS,Issaquena,Kerry,democrat,530,1000
11/02/2004,MS,Issaquena,Bush,republican,470,1000
11/02/2004,MS,Benton,Kerry,democrat,420,1000
11/02/2004,MS,Benton,Bush,republican,580,1000
11/02/2004,OH,Cuyahoga,Kerry,democrat,580,1000
11/02/2004,OH,Cuyahoga,Bush,republican,420,1000
11/02/2004,MT,Lake,Kerry,democrat,470,1000
11/02/2004,MT,Lake,Bush,republican,530,1000
11/02/2004,RI,Newport,Kerry,democrat,580,1000
11/02/2004,RI,Newport,Bush,republican,420,1000
11/02/2004,MO,Clay,Kerry,democrat,530,1000
11/02/2004,MO,Clay,Bush,republican,470,1000
11/02/2004,MO,Worth,Kerry,democrat,420,1000
11/02/2004,MO,Worth,Bush,republican,580,1000
11/02/2004,MO,Perry,Kerry,democrat,420,1000
11/02/2004,MO,Perry,Bush,republican,580,1000
11/02/2004,MO,Morgan,Kerry,democrat,420,1000
11/02/2004,MO,Morgan,Bush,republican,580,1000
11/02/2004,VA,Lee,Kerry,democrat,420,1000
11/02/2004,VA,Lee,Bush,republican,580,1000
11/02/2004,WA,Clallam,Kerry,democrat,580,1000
11/02/2004,WA,Clallam,Bush,republican,420,1000
11/02/2004,WY,Uinta,Kerry,democrat,420,1000
11/02/2004,WY,Uinta,Bush,republican,580,1000
11/02/2004,AR,Arkansas,Kerry,democrat,470,1000
11/02/2004,AR,Arkansas,Bush,republican,530,1000
11/02/2004,AR,Dallas,Kerry,democrat,470,1000
11/02/2004,AR,Dallas,Bush,republican,530,1000
11/02/2004,GA,Butts,Kerry,democrat,420,1000
11/02/2004,GA,Butts,Bush,republican,580,1000
11/02/2004,GA,Baker,Kerry,democrat,490,1000
11/02/2004,GA,Baker,Bush,republican,510,1000
11/02/2004,IL,LaSalle,Kerry,democrat,490,1000
11/02/2004,IL,LaSalle,Bush,republican,510,1000
11/02/2004,IN,Kosciusko,Kerry,democrat,420,1000
11/02/2004,IN,Kosciusko,Bush,republican,580,1000
11/02/2004,IN,Sullivan,Kerry,democrat,490,1000
11/02/2004,IN,Sullivan,Bush,republican,510,1000
11/02/2004,KS,Riley,Kerry,democrat,580,1000
11/02/2004,KS,Riley,Bush,republican,420,1000
11/02/2004,KY,Bullitt,Kerry,democrat,420,1000
11/02/2004,KY,Bullitt,Bush,republican,580,1000
11/02/2004,KY,Madison,Kerry,democrat,420,1000
11/02/2004,KY,Madison,Bush,republican,580,1000
11/02/2004,LA,Livingston,Kerry,democrat,420,1000
11/02/2004,LA,Livingston,Bush,republican,580,1000
11/02/2004,LA,Grant,Kerry,democrat,420,1000
11/02/2004,LA,Grant,Bush,republican,580,1000
11/02/2004,LA,Bienville,Kerry,democrat,420,1000
11/02/2004,LA,Bienville,Bush,republican,580,1000
11/02/2004,MO,Callaway,Kerry,democrat,420,1000
11/02/2004,MO,Callaway,Bush,republican,580,1000
11/02/2004,GA,Wheeler,Kerry,democrat,420,1000
11/02/2004,GA,Wheeler,Bush,republican,580,1000
11/02/2004,NC,Chatham,Kerry,democrat,580,1000
11/02/2004,NC,Chatham,Bush,republican,420,1000
11/02/2004,SC,Allendale,Kerry,democrat,580,1000
11/02/2004,SC,Allendale,Bush,republican,420,1000
11/02/2004,MA,Suffolk,Kerry,democrat,580,1000
11/02/2004,MA,Suffolk,Bush,republican,420,1000
11/02/2004,TN,Henry,Kerry,democrat,420,1000
11/02/2004,TN,Henry,Bush,republican,580,1000
11/02/2004,TX,Angelina,Kerry,democrat,420,1000
11/02/2004,TX,Angelina,Bush,republican,580,1000
11/02/2004,WA,Grant,Kerry,democrat,470,1000
11/02/2004,WA,Grant,Bush,republican,530,1000
11/02/2004,VA,Louisa,Kerry,democrat,420,1000
11/02/2004,VA,Louisa,Bush,republican,580,1000
11/02/2004,MN,Goodhue,Kerry,democrat,503,1000
11/02/2004,MN,Goodhue,Bush,republican,497,1000
11/02/2004,WA,Walla_Walla,Kerry,democrat,530,1000
11/02/2004,WA,Walla_Walla,Bush,republican,470,1000
11/02/2004,MO,Christian,Kerry,democrat,420,1000
11/02/2004,MO,Christian,Bush,republican,580,1000
11/02/2004,IN,Crawford,Kerry,democrat,470,1000
11/02/2004,IN,Crawford,Bush,republican,530,1000
11/02/2004,OK,Seminole,Kerry,democrat,420,1000
11/02/2004,OK,Seminole,Bush,republican,580,1000
11/02/2004,NM,Lincoln,Kerry,democrat,420,1000
11/02/2004,NM,Lincoln,Bush,republican,580,1000
11/02/2004,TN,Campbell,Kerry,democrat,420,1000
11/02/2004,TN,Campbell,Bush,republican,580,1000
11/02/2004,NM,Socorro,Kerry,democrat,530,1000
11/02/2004,NM,Socorro,Bush,republican,470,1000
11/02/2004,NM,Taos,Kerry,democrat,580,1000
11/02/2004,NM,Taos,Bush,republican,420,1000
11/02/2004,NM,Chaves,Kerry,democrat,420,1000
11/02/2004,NM,Chaves,Bush,republican,580,1000
11/02/2004,OH,Holmes,Kerry,democrat,420,1000
11/02/2004,OH,Holmes,Bush,republican,580,1000
11/02/2004,OH,Jackson,Kerry,democrat,420,1000
11/02/2004,OH,Jackson,Bush,republican,580,1000
11/02/2004,NC,Burke,Kerry,democrat,420,1000
11/02/2004,NC,Burke,Bush,republican,580,1000
11/02/2004,SD,Pennington,Kerry,democrat,420,1000
11/02/2004,SD,Pennington,Bush,republican,580,1000
11/02/2004,TX,Aransas,Kerry,democrat,420,1000
11/02/2004,TX,Aransas,Bush,republican,580,1000
11/02/2004,WA,Whitman,Kerry,democrat,580,1000
11/02/2004,WA,Whitman,Bush,republican,420,1000
11/02/2004,MI,Berrien,Kerry,democrat,490,1000
11/02/2004,MI,Berrien,Bush,republican,510,1000
11/02/2004,GA,Lincoln,Kerry,democrat,420,1000
11/02/2004,GA,Lincoln,Bush,republican,580,1000
11/02/2004,TX,Val_Verde,Kerry,democrat,470,1000
11/02/2004,TX,Val_Verde,Bush,republican,530,1000
11/02/2004,NY,Onondaga,Kerry,democrat,580,1000
11/02/2004,NY,Onondaga,Bush,republican,420,1000
11/02/2004,ID,Gooding,Kerry,democrat,420,1000
11/02/2004,ID,Gooding,Bush,republican,580,1000
11/02/2004,KY,Clay,Kerry,democrat,420,1000
11/02/2004,KY,Clay,Bush,republican,580,1000
11/02/2004,OR,Harney,Kerry,democrat,420,1000
11/02/2004,OR,Harney,Bush,republican,580,1000
11/02/2004,MO,Cooper,Kerry,democrat,420,1000
11/02/2004,MO,Cooper,Bush,republican,580,1000
11/02/2004,MN,Todd,Kerry,democrat,420,1000
11/02/2004,MN,Todd,Bush,republican,580,1000
11/02/2004,WI,Florence,Kerry,democrat,420,1000
11/02/2004,WI,Florence,Bush,republican,580,1000
11/02/2004,NY,Nassau,Kerry,democrat,580,1000
11/02/2004,NY,Nassau,Bush,republican,420,1000
11/02/2004,NM,San_Miguel,Kerry,democrat,530,1000
11/02/2004,NM,San_Miguel,Bush,republican,470,1000
11/02/2004,NE,Wayne,Kerry,democrat,420,1000
11/02/2004,NE,Wayne,Bush,republican,580,1000
11/02/2004,OH,Lawrence,Kerry,democrat,420,1000
11/02/2004,OH,Lawrence,Bush,republican,580,1000
11/02/2004,SD,Union,Kerry,democrat,470,1000
11/02/2004,SD,Union,Bush,republican,530,1000
11/02/2004,SC,Beaufort,Kerry,democrat,497,1000
11/02/2004,SC,Beaufort,Bush,republican,503,1000
11/02/2004,OH,Auglaize,Kerry,democrat,420,1000
11/02/2004,OH,Auglaize,Bush,republican,580,1000
11/02/2004,GA,Long,Kerry,democrat,420,1000
11/02/2004,GA,Long,Bush,republican,580,1000
11/02/2004,TX,Victoria,Kerry,democrat,420,1000
11/02/2004,TX,Victoria,Bush,republican,580,1000
11/02/2004,OH,Clermont,Kerry,democrat,420,1000
11/02/2004,OH,Clermont,Bush,republican,580,1000
11/02/2004,GA,Madison,Kerry,democrat,420,1000
11/02/2004,GA,Madison,Bush,republican,580,1000
11/02/2004,GA,Muscogee,Kerry,democrat,580,1000
11/02/2004,GA,Muscogee,Bush,republican,420,1000
11/02/2004,GA,Oconee,Kerry,democrat,420,1000
11/02/2004,GA,Oconee,Bush,republican,580,1000
11/02/2004,AL,Fayette,Kerry,democrat,420,1000
11/02/2004,AL,Fayette,Bush,republican,580,1000
11/02/2004,GA,Charlton,Kerry,democrat,420,1000
11/02/2004,GA,Charlton,Bush,republican,580,1000
11/02/2004,VT,Windsor,Kerry,democrat,580,1000
11/02/2004,VT,Windsor,Bush,republican,420,1000
11/02/2004,VA,Richmond_Co,Kerry,democrat,470,1000
11/02/2004,VA,Richmond_Co,Bush,republican,530,1000
11/02/2004,TX,Galveston,Kerry,democrat,470,1000
11/02/2004,TX,Galveston,Bush,republican,530,1000
11/02/2004,MO,Ste_Genevieve,Kerry,democrat,530,1000
11/02/2004,MO,Ste_Genevieve,Bush,republican,470,1000
11/02/2004,MI,Menominee,Kerry,democrat,470,1000
11/02/2004,MI,Menominee,Bush,republican,530,1000
11/02/2004,SC,Charleston,Kerry,democrat,580,1000
11/02/2004,SC,Charleston,Bush,republican,420,1000
11/02/2004,TX,Austin,Kerry,democrat,420,1000
11/02/2004,TX,Austin,Bush,republican,580,1000
11/02/2004,TN,Decatur,Kerry,democrat,420,1000
11/02/2004,TN,Decatur,Bush,republican,580,1000
11/02/2004,SD,Butte,Kerry,democrat,420,1000
11/02/2004,SD,Butte,Bush,republican,580,1000
11/02/2004,SC,Chester,Kerry,democrat,470,1000
11/02/2004,SC,Chester,Bush,republican,530,1000
11/02/2004,WI,Pierce,Kerry,democrat,470,1000
11/02/2004,WI,Pierce,Bush,republican,530,1000
11/02/2004,TN,Lake,Kerry,democrat,420,1000
11/02/2004,TN,Lake,Bush,republican,580,1000
11/02/2004,TX,Delta,Kerry,democrat,420,1000
11/02/2004,TX,Delta,Bush,republican,580,1000
11/02/2004,MT,Lincoln,Kerry,democrat,470,1000
11/02/2004,MT,Lincoln,Bush,republican,530,1000
11/02/2004,TX,Fort_Bend,Kerry,democrat,580,1000
11/02/2004,TX,Fort_Bend,Bush,republican,420,1000
11/02/2004,ME,Lincoln,Kerry,democrat,580,1000
11/02/2004,ME,Lincoln,Bush,republican,420,1000
11/02/2004,VA,Surry,Kerry,democrat,530,1000
11/02/2004,VA,Surry,Bush,republican,470,1000
11/02/2004,MO,Saline,Kerry,democrat,420,1000
11/02/2004,MO,Saline,Bush,republican,580,1000
11/02/2004,NC,Caswell,Kerry,democrat,470,1000
11/02/2004,NC,Caswell,Bush,republican,530,1000
11/02/2004,VA,Sussex,Kerry,democrat,580,1000
11/02/2004,VA,Sussex,Bush,republican,420,1000
11/02/2004,NH,Rockingham,Kerry,democrat,580,1000
11/02/2004,NH,Rockingham,Bush,republican,420,1000
11/02/2004,TN,Hamblen,Kerry,democrat,420,1000
11/02/2004,TN,Hamblen,Bush,republican,580,1000
11/02/2004,TN,Hancock,Kerry,democrat,420,1000
11/02/2004,TN,Hancock,Bush,republican,580,1000
11/02/2004,TN,Hawkins,Kerry,democrat,420,1000
11/02/2004,TN,Hawkins,Bush,republican,580,1000
11/02/2004,SD,Hanson,Kerry,democrat,420,1000
11/02/2004,SD,Hanson,Bush,republican,580,1000
11/02/2004,SD,Kingsbury,Kerry,democrat,470,1000
11/02/2004,SD,Kingsbury,Bush,republican,530,1000
11/02/2004,PA,Chester,Kerry,democrat,580,1000
11/02/2004,PA,Chester,Bush,republican,420,1000
11/02/2004,TX,Calhoun,Kerry,democrat,420,1000
11/02/2004,TX,Calhoun,Bush,republican,580,1000
11/02/2004,VA,Northumberland,Kerry,democrat,420,1000
11/02/2004,VA,Northumberland,Bush,republican,580,1000
11/02/2004,WI,Forest,Kerry,democrat,420,1000
11/02/2004,WI,Forest,Bush,republican,580,1000
11/02/2004,WY,Crook,Kerry,democrat,420,1000
11/02/2004,WY,Crook,Bush,republican,580,1000
11/02/2004,NE,Rock,Kerry,democrat,420,1000
11/02/2004,NE,Rock,Bush,republican,580,1000
11/02/2004,TN,Anderson,Kerry,democrat,420,1000
11/02/2004,TN,Anderson,Bush,republican,580,1000
11/02/2004,KY,Garrard,Kerry,democrat,420,1000
11/02/2004,KY,Garrard,Bush,republican,580,1000
11/02/2004,VT,Windham,Kerry,democrat,580,1000
11/02/2004,VT,Windham,Bush,republican,420,1000
11/02/2004,MD,Wicomico,Kerry,democrat,470,1000
11/02/2004,MD,Wicomico,Bush,republican,530,1000
11/02/2004,ME,Sagadahoc,Kerry,democrat,580,1000
11/02/2004,ME,Sagadahoc,Bush,republican,420,1000
11/02/2004,KS,Bourbon,Kerry,democrat,420,1000
11/02/2004,KS,Bourbon,Bush,republican,580,1000
11/02/2004,KS,Crawford,Kerry,democrat,470,1000
11/02/2004,KS,Crawford,Bush,republican,530,1000
11/02/2004,TX,Collin,Kerry,democrat,530,1000
11/02/2004,TX,Collin,Bush,republican,470,1000
11/02/2004,TX,Colorado,Kerry,democrat,420,1000
11/02/2004,TX,Colorado,Bush,republican,580,1000
11/02/2004,PA,Delaware,Kerry,democrat,580,1000
11/02/2004,PA,Delaware,Bush,republican,420,1000
11/02/2004,SC,Dillon,Kerry,democrat,510,1000
11/02/2004,SC,Dillon,Bush,republican,490,1000
11/02/2004,PA,Clarion,Kerry,democrat,420,1000
11/02/2004,PA,Clarion,Bush,republican,580,1000
11/02/2004,TX,Jasper,Kerry,democrat,420,1000
11/02/2004,TX,Jasper,Bush,republican,580,1000
11/02/2004,PA,Clinton,Kerry,democrat,420,1000
11/02/2004,PA,Clinton,Bush,republican,580,1000
11/02/2004,MD,Harford,Kerry,democrat,470,1000
11/02/2004,MD,Harford,Bush,republican,530,1000
11/02/2004,IL,Richland,Kerry,democrat,420,1000
11/02/2004,IL,Richland,Bush,republican,580,1000
11/02/2004,MD,Howard,Kerry,democrat,580,1000
11/02/2004,MD,Howard,Bush,republican,420,1000
11/02/2004,TN,Loudon,Kerry,democrat,420,1000
11/02/2004,TN,Loudon,Bush,republican,580,1000
11/02/2004,IL,St_Clair,Kerry,democrat,580,1000
11/02/2004,IL,St_Clair,Bush,republican,420,1000
11/02/2004,MA,Bristol,Kerry,democrat,580,1000
11/02/2004,MA,Bristol,Bush,republican,420,1000
11/02/2004,IN,Hendricks,Kerry,democrat,470,1000
11/02/2004,IN,Hendricks,Bush,republican,530,1000
11/02/2004,MD,Anne_Arundel,Kerry,democrat,580,1000
11/02/2004,MD,Anne_Arundel,Bush,republican,420,1000
11/02/2004,TX,Comal,Kerry,democrat,470,1000
11/02/2004,TX,Comal,Bush,republican,530,1000
11/02/2004,TX,Cooke,Kerry,democrat,420,1000
11/02/2004,TX,Cooke,Bush,republican,580,1000
11/02/2004,TX,Crockett,Kerry,democrat,420,1000
11/02/2004,TX,Crockett,Bush,republican,580,1000
11/02/2004,TX,Culberson,Kerry,democrat,420,1000
11/02/2004,TX,Culberson,Bush,republican,580,1000
11/02/2004,KY,Hickman,Kerry,democrat,470,1000
11/02/2004,KY,Hickman,Bush,republican,530,1000
11/02/2004,KY,Jackson,Kerry,democrat,420,1000
11/02/2004,KY,Jackson,Bush,republican,580,1000
11/02/2004,SC,Georgetown,Kerry,democrat,470,1000
11/02/2004,SC,Georgetown,Bush,republican,530,1000
11/02/2004,WA,Adams,Kerry,democrat,420,1000
11/02/2004,WA,Adams,Bush,republican,580,1000
11/02/2004,NE,Kimball,Kerry,democrat,420,1000
11/02/2004,NE,Kimball,Bush,republican,580,1000
11/02/2004,MT,Carbon,Kerry,democrat,420,1000
11/02/2004,MT,Carbon,Bush,republican,580,1000
11/02/2004,KY,Greenup,Kerry,democrat,420,1000
11/02/2004,KY,Greenup,Bush,republican,580,1000
11/02/2004,LA,Webster,Kerry,democrat,420,1000
11/02/2004,LA,Webster,Bush,republican,580,1000
11/02/2004,TN,Macon,Kerry,democrat,420,1000
11/02/2004,TN,Macon,Bush,republican,580,1000
11/02/2004,NC,New_Hanover,Kerry,democrat,530,1000
11/02/2004,NC,New_Hanover,Bush,republican,470,1000
11/02/2004,TX,Chambers,Kerry,democrat,420,1000
11/02/2004,TX,Chambers,Bush,republican,580,1000
11/02/2004,FL,Alachua,Kerry,democrat,580,1000
11/02/2004,FL,Alachua,Bush,republican,420,1000
11/02/2004,GA,Worth,Kerry,democrat,420,1000
11/02/2004,GA,Worth,Bush,republican,580,1000
11/02/2004,OR,Marion,Kerry,democrat,530,1000
11/02/2004,OR,Marion,Bush,republican,470,1000
11/02/2004,PA,Jefferson,Kerry,democrat,420,1000
11/02/2004,PA,Jefferson,Bush,republican,580,1000
11/02/2004,MI,Dickinson,Kerry,democrat,420,1000
11/02/2004,MI,Dickinson,Bush,republican,580,1000
11/02/2004,MI,Eaton,Kerry,democrat,530,1000
11/02/2004,MI,Eaton,Bush,republican,470,1000
11/02/2004,KY,Knox,Kerry,democrat,420,1000
11/02/2004,KY,Knox,Bush,republican,580,1000
11/02/2004,MI,Hillsdale,Kerry,democrat,420,1000
11/02/2004,MI,Hillsdale,Bush,republican,580,1000
11/02/2004,TX,Denton,Kerry,democrat,510,1000
11/02/2004,TX,Denton,Bush,republican,490,1000
11/02/2004,IA,Washington,Kerry,democrat,530,1000
11/02/2004,IA,Washington,Bush,republican,470,1000
11/02/2004,TN,Smith,Kerry,democrat,420,1000
11/02/2004,TN,Smith,Bush,republican,580,1000
11/02/2004,KS,Wilson,Kerry,democrat,420,1000
11/02/2004,KS,Wilson,Bush,republican,580,1000
11/02/2004,VA,Henrico,Kerry,democrat,580,1000
11/02/2004,VA,Henrico,Bush,republican,420,1000
11/02/2004,RI,Kent,Kerry,democrat,580,1000
11/02/2004,RI,Kent,Bush,republican,420,1000
11/02/2004,PA,Columbia,Kerry,democrat,470,1000
11/02/2004,PA,Columbia,Bush,republican,530,1000
11/02/2004,TN,Lewis,Kerry,democrat,420,1000
11/02/2004,TN,Lewis,Bush,republican,580,1000
11/02/2004,MN,Lincoln,Kerry,democrat,420,1000
11/02/2004,MN,Lincoln,Bush,republican,580,1000
11/02/2004,TN,Madison,Kerry,democrat,470,1000
11/02/2004,TN,Madison,Bush,republican,530,1000
11/02/2004,MO,Ralls,Kerry,democrat,420,1000
11/02/2004,MO,Ralls,Bush,republican,580,1000
11/02/2004,NC,Anson,Kerry,democrat,530,1000
11/02/2004,NC,Anson,Bush,republican,470,1000
11/02/2004,KY,Daviess,Kerry,democrat,470,1000
11/02/2004,KY,Daviess,Bush,republican,530,1000
11/02/2004,UT,Washington,Kerry,democrat,420,1000
11/02/2004,UT,Washington,Bush,republican,580,1000
11/02/2004,IA,Appanoose,Kerry,democrat,470,1000
11/02/2004,IA,Appanoose,Bush,republican,530,1000
11/02/2004,VA,Pittsylvania,Kerry,democrat,420,1000
11/02/2004,VA,Pittsylvania,Bush,republican,580,1000
11/02/2004,PA,Lackawanna,Kerry,democrat,580,1000
11/02/2004,PA,Lackawanna,Bush,republican,420,1000
11/02/2004,PA,Lancaster,Kerry,democrat,510,1000
11/02/2004,PA,Lancaster,Bush,republican,490,1000
11/02/2004,MO,Jefferson,Kerry,democrat,510,1000
11/02/2004,MO,Jefferson,Bush,republican,490,1000
11/02/2004,MO,Washington,Kerry,democrat,420,1000
11/02/2004,MO,Washington,Bush,republican,580,1000
11/02/2004,PA,Lehigh,Kerry,democrat,580,1000
11/02/2004,PA,Lehigh,Bush,republican,420,1000
11/02/2004,KY,Letcher,Kerry,democrat,420,1000
11/02/2004,KY,Letcher,Bush,republican,580,1000
11/02/2004,MI,Jackson,Kerry,democrat,470,1000
11/02/2004,MI,Jackson,Bush,republican,530,1000
11/02/2004,KY,Lyon,Kerry,democrat,420,1000
11/02/2004,KY,Lyon,Bush,republican,580,1000
11/02/2004,MN,Chippewa,Kerry,democrat,420,1000
11/02/2004,MN,Chippewa,Bush,republican,580,1000
11/02/2004,KY,McCracken,Kerry,democrat,420,1000
11/02/2004,KY,McCracken,Bush,republican,580,1000
11/02/2004,UT,Davis,Kerry,democrat,470,1000
11/02/2004,UT,Davis,Bush,republican,530,1000
11/02/2004,VA,Albemarle,Kerry,democrat,580,1000
11/02/2004,VA,Albemarle,Bush,republican,420,1000
11/02/2004,MT,Gallatin,Kerry,democrat,530,1000
11/02/2004,MT,Gallatin,Bush,republican,470,1000
11/02/2004,WI,Marinette,Kerry,democrat,420,1000
11/02/2004,WI,Marinette,Bush,republican,580,1000
11/02/2004,MT,Big_Horn,Kerry,democrat,580,1000
11/02/2004,MT,Big_Horn,Bush,republican,420,1000
11/02/2004,CA,Amador,Kerry,democrat,470,1000
11/02/2004,CA,Amador,Bush,republican,530,1000
11/02/2004,TX,Cherokee,Kerry,democrat,420,1000
11/02/2004,TX,Cherokee,Bush,republican,580,1000
11/02/2004,MO,McDonald,Kerry,democrat,420,1000
11/02/2004,MO,McDonald,Bush,republican,580,1000
11/02/2004,PA,Mifflin,Kerry,democrat,420,1000
11/02/2004,PA,Mifflin,Bush,republican,580,1000
11/02/2004,LA,Washington,Kerry,democrat,420,1000
11/02/2004,LA,Washington,Bush,republican,580,1000
11/02/2004,ND,Williams,Kerry,democrat,420,1000
11/02/2004,ND,Williams,Bush,republican,580,1000
11/02/2004,NC,Cumberland,Kerry,democrat,580,1000
11/02/2004,NC,Cumberland,Bush,republican,420,1000
11/02/2004,KY,Marshall,Kerry,democrat,420,1000
11/02/2004,KY,Marshall,Bush,republican,580,1000
11/02/2004,MI,Kent,Kerry,democrat,580,1000
11/02/2004,MI,Kent,Bush,republican,420,1000
11/02/2004,MI,Keweenaw,Kerry,democrat,530,1000
11/02/2004,MI,Keweenaw,Bush,republican,470,1000
11/02/2004,MN,Houston,Kerry,democrat,470,1000
11/02/2004,MN,Houston,Bush,republican,530,1000
11/02/2004,SC,Horry,Kerry,democrat,420,1000
11/02/2004,SC,Horry,Bush,republican,580,1000
11/02/2004,MT,Jefferson,Kerry,democrat,420,1000
11/02/2004,MT,Jefferson,Bush,republican,580,1000
11/02/2004,TN,Sevier,Kerry,democrat,420,1000
11/02/2004,TN,Sevier,Bush,republican,580,1000
11/02/2004,LA,Bossier,Kerry,democrat,420,1000
11/02/2004,LA,Bossier,Bush,republican,580,1000
11/02/2004,NM,Catron,Kerry,democrat,420,1000
11/02/2004,NM,Catron,Bush,republican,580,1000
11/02/2004,KY,Fulton,Kerry,democrat,420,1000
11/02/2004,KY,Fulton,Bush,republican,580,1000
11/02/2004,NM,San_Juan,Kerry,democrat,510,1000
11/02/2004,NM,San_Juan,Bush,republican,490,1000
11/02/2004,MD,Caroline,Kerry,democrat,420,1000
11/02/2004,MD,Caroline,Bush,republican,580,1000
11/02/2004,MO,Marion,Kerry,democrat,420,1000
11/02/2004,MO,Marion,Bush,republican,580,1000
11/02/2004,TN,McMinn,Kerry,democrat,420,1000
11/02/2004,TN,McMinn,Bush,republican,580,1000
11/02/2004,VA,Prince_George,Kerry,democrat,470,1000
11/02/2004,VA,Prince_George,Bush,republican,530,1000
11/02/2004,LA,Lafayette,Kerry,democrat,420,1000
11/02/2004,LA,Lafayette,Bush,republican,580,1000
11/02/2004,PA,Northampton,Kerry,democrat,530,1000
11/02/2004,PA,Northampton,Bush,republican,470,1000
11/02/2004,UT,Salt_Lake,Kerry,democrat,580,1000
11/02/2004,UT,Salt_Lake,Bush,republican,420,1000
11/02/2004,MI,Mason,Kerry,democrat,420,1000
11/02/2004,MI,Mason,Bush,republican,580,1000
11/02/2004,WV,Roane,Kerry,democrat,420,1000
11/02/2004,WV,Roane,Bush,republican,580,1000
11/02/2004,WV,Summers,Kerry,democrat,420,1000
11/02/2004,WV,Summers,Bush,republican,580,1000
11/02/2004,NC,Wilkes,Kerry,democrat,420,1000
11/02/2004,NC,Wilkes,Bush,republican,580,1000
11/02/2004,WI,Dodge,Kerry,democrat,470,1000
11/02/2004,WI,Dodge,Bush,republican,530,1000
11/02/2004,TX,Tarrant,Kerry,democrat,530,1000
11/02/2004,TX,Tarrant,Bush,republican,470,1000
11/02/2004,MT,Meagher,Kerry,democrat,420,1000
11/02/2004,MT,Meagher,Bush,republican,580,1000
11/02/2004,AR,Miller,Kerry,democrat,470,1000
11/02/2004,AR,Miller,Bush,republican,530,1000
11/02/2004,TN,Washington,Kerry,democrat,420,1000
11/02/2004,TN,Washington,Bush,republican,580,1000
11/02/2004,ID,Payette,Kerry,democrat,420,1000
11/02/2004,ID,Payette,Bush,republican,580,1000
11/02/2004,IL,Macon,Kerry,democrat,470,1000
11/02/2004,IL,Macon,Bush,republican,530,1000
11/02/2004,LA,Red_River,Kerry,democrat,420,1000
11/02/2004,LA,Red_River,Bush,republican,580,1000
11/02/2004,NC,Edgecombe,Kerry,democrat,580,1000
11/02/2004,NC,Edgecombe,Bush,republican,420,1000
11/02/2004,MD,Cecil,Kerry,democrat,420,1000
11/02/2004,MD,Cecil,Bush,republican,580,1000
11/02/2004,IL,Madison,Kerry,democrat,510,1000
11/02/2004,IL,Madison,Bush,republican,490,1000
11/02/2004,LA,Union,Kerry,democrat,420,1000
11/02/2004,LA,Union,Bush,republican,580,1000
11/02/2004,NC,Yancey,Kerry,democrat,420,1000
11/02/2004,NC,Yancey,Bush,republican,580,1000
11/02/2004,NY,Bronx,Kerry,democrat,580,1000
11/02/2004,NY,Bronx,Bush,republican,420,1000
11/02/2004,ME,Washington,Kerry,democrat,530,1000
11/02/2004,ME,Washington,Bush,republican,470,1000
11/02/2004,TX,Briscoe,Kerry,democrat,420,1000
11/02/2004,TX,Briscoe,Bush,republican,580,1000
11/02/2004,WI,Green_Lake,Kerry,democrat,420,1000
11/02/2004,WI,Green_Lake,Bush,republican,580,1000
11/02/2004,MN,Dodge,Kerry,democrat,470,1000
11/02/2004,MN,Dodge,Bush,republican,530,1000
11/02/2004,MI,Muskegon,Kerry,democrat,530,1000
11/02/2004,MI,Muskegon,Bush,republican,470,1000
11/02/2004,KY,Owsley,Kerry,democrat,420,1000
11/02/2004,KY,Owsley,Bush,republican,580,1000
11/02/2004,MI,Oceana,Kerry,democrat,420,1000
11/02/2004,MI,Oceana,Bush,republican,580,1000
11/02/2004,NC,Moore,Kerry,democrat,420,1000
11/02/2004,NC,Moore,Bush,republican,580,1000
11/02/2004,TN,Sumner,Kerry,democrat,420,1000
11/02/2004,TN,Sumner,Bush,republican,580,1000
11/02/2004,KY,Todd,Kerry,democrat,420,1000
11/02/2004,KY,Todd,Bush,republican,580,1000
11/02/2004,KY,Trigg,Kerry,democrat,420,1000
11/02/2004,KY,Trigg,Bush,republican,580,1000
11/02/2004,TN,Wayne,Kerry,democrat,420,1000
11/02/2004,TN,Wayne,Bush,republican,580,1000
11/02/2004,TN,Weakley,Kerry,democrat,420,1000
11/02/2004,TN,Weakley,Bush,republican,580,1000
11/02/2004,TX,Brooks,Kerry,democrat,420,1000
11/02/2004,TX,Brooks,Bush,republican,580,1000
11/02/2004,TN,Williamson,Kerry,democrat,490,1000
11/02/2004,TN,Williamson,Bush,republican,510,1000
11/02/2004,WY,Johnson,Kerry,democrat,420,1000
11/02/2004,WY,Johnson,Bush,republican,580,1000
11/02/2004,WI,Polk,Kerry,democrat,420,1000
11/02/2004,WI,Polk,Bush,republican,580,1000
11/02/2004,TN,Meigs,Kerry,democrat,420,1000
11/02/2004,TN,Meigs,Bush,republican,580,1000
11/02/2004,IL,Massac,Kerry,democrat,420,1000
11/02/2004,IL,Massac,Bush,republican,580,1000
11/02/2004,MD,Dorchester,Kerry,democrat,530,1000
11/02/2004,MD,Dorchester,Bush,republican,470,1000
11/02/2004,CA,Santa_Clara,Kerry,democrat,580,1000
11/02/2004,CA,Santa_Clara,Bush,republican,420,1000
11/02/2004,NY,Clinton,Kerry,democrat,530,1000
11/02/2004,NY,Clinton,Bush,republican,470,1000
11/02/2004,PA,Dauphin,Kerry,democrat,530,1000
11/02/2004,PA,Dauphin,Bush,republican,470,1000
11/02/2004,MT,Granite,Kerry,democrat,470,1000
11/02/2004,MT,Granite,Bush,republican,530,1000
11/02/2004,MI,Van_Buren,Kerry,democrat,530,1000
11/02/2004,MI,Van_Buren,Bush,republican,470,1000
11/02/2004,IL,Edgar,Kerry,democrat,420,1000
11/02/2004,IL,Edgar,Bush,republican,580,1000
11/02/2004,IL,Hancock,Kerry,democrat,470,1000
11/02/2004,IL,Hancock,Bush,republican,530,1000
11/02/2004,MN,Big_Stone,Kerry,democrat,490,1000
11/02/2004,MN,Big_Stone,Bush,republican,510,1000
11/02/2004,CA,Calaveras,Kerry,democrat,470,1000
11/02/2004,CA,Calaveras,Bush,republican,530,1000
11/02/2004,SC,Orangeburg,Kerry,democrat,580,1000
11/02/2004,SC,Orangeburg,Bush,republican,420,1000
11/02/2004,WY,Teton,Kerry,democrat,420,1000
11/02/2004,WY,Teton,Bush,republican,580,1000
11/02/2004,SC,Pickens,Kerry,democrat,470,1000
11/02/2004,SC,Pickens,Bush,republican,530,1000
11/02/2004,NC,Pitt,Kerry,democrat,530,1000
11/02/2004,NC,Pitt,Bush,republican,470,1000
11/02/2004,TN,Overton,Kerry,democrat,420,1000
11/02/2004,TN,Overton,Bush,republican,580,1000
11/02/2004,MD,Talbot,Kerry,democrat,490,1000
11/02/2004,MD,Talbot,Bush,republican,510,1000
11/02/2004,TN,Polk,Kerry,democrat,420,1000
11/02/2004,TN,Polk,Bush,republican,580,1000
11/02/2004,NC,Rowan,Kerry,democrat,420,1000
11/02/2004,NC,Rowan,Bush,republican,580,1000
11/02/2004,KY,Anderson,Kerry,democrat,420,1000
11/02/2004,KY,Anderson,Bush,republican,580,1000
11/02/2004,NM,Dona_Ana,Kerry,democrat,580,1000
11/02/2004,NM,Dona_Ana,Bush,republican,420,1000
11/02/2004,NJ,Mercer,Kerry,democrat,580,1000
11/02/2004,NJ,Mercer,Bush,republican,420,1000
11/02/2004,ND,McIntosh,Kerry,democrat,420,1000
11/02/2004,ND,McIntosh,Bush,republican,580,1000
11/02/2004,NM,Grant,Kerry,democrat,580,1000
11/02/2004,NM,Grant,Bush,republican,420,1000
11/02/2004,KY,Bell,Kerry,democrat,420,1000
11/02/2004,KY,Bell,Bush,republican,580,1000
11/02/2004,NC,Davidson,Kerry,democrat,420,1000
11/02/2004,NC,Davidson,Bush,republican,580,1000
11/02/2004,ME,Cumberland,Kerry,democrat,580,1000
11/02/2004,ME,Cumberland,Bush,republican,420,1000
11/02/2004,MN,Brown,Kerry,democrat,470,1000
11/02/2004,MN,Brown,Bush,republican,530,1000
11/02/2004,SC,Richland,Kerry,democrat,580,1000
11/02/2004,SC,Richland,Bush,republican,420,1000
11/02/2004,VA,Fluvanna,Kerry,democrat,497,1000
11/02/2004,VA,Fluvanna,Bush,republican,503,1000
11/02/2004,SC,Union,Kerry,democrat,420,1000
11/02/2004,SC,Union,Bush,republican,580,1000
11/02/2004,WY,Sheridan,Kerry,democrat,420,1000
11/02/2004,WY,Sheridan,Bush,republican,580,1000
11/02/2004,VA,Henry,Kerry,democrat,420,1000
11/02/2004,VA,Henry,Bush,republican,580,1000
11/02/2004,KY,Boone,Kerry,democrat,470,1000
11/02/2004,KY,Boone,Bush,republican,530,1000
11/02/2004,MS,Lee,Kerry,democrat,420,1000
11/02/2004,MS,Lee,Bush,republican,580,1000
11/02/2004,IN,Wayne,Kerry,democrat,420,1000
11/02/2004,IN,Wayne,Bush,republican,580,1000
11/02/2004,IL,Lawrence,Kerry,democrat,420,1000
11/02/2004,IL,Lawrence,Bush,republican,580,1000
11/02/2004,LA,Vernon,Kerry,democrat,420,1000
11/02/2004,LA,Vernon,Bush,republican,580,1000
11/02/2004,NE,Lincoln,Kerry,democrat,420,1000
11/02/2004,NE,Lincoln,Bush,republican,580,1000
11/02/2004,MI,Charlevoix,Kerry,democrat,470,1000
11/02/2004,MI,Charlevoix,Bush,republican,530,1000
11/02/2004,WI,Lafayette,Kerry,democrat,490,1000
11/02/2004,WI,Lafayette,Bush,republican,510,1000
11/02/2004,NY,Kings,Kerry,democrat,580,1000
11/02/2004,NY,Kings,Bush,republican,420,1000
11/02/2004,VA,Scott,Kerry,democrat,420,1000
11/02/2004,VA,Scott,Bush,republican,580,1000
11/02/2004,OH,Henry,Kerry,democrat,470,1000
11/02/2004,OH,Henry,Bush,republican,530,1000
11/02/2004,KY,Boyd,Kerry,democrat,420,1000
11/02/2004,KY,Boyd,Bush,republican,580,1000
11/02/2004,OK,Garfield,Kerry,democrat,420,1000
11/02/2004,OK,Garfield,Bush,republican,580,1000
11/02/2004,OK,Kingfisher,Kerry,democrat,420,1000
11/02/2004,OK,Kingfisher,Bush,republican,580,1000
11/02/2004,OK,Noble,Kerry,democrat,420,1000
11/02/2004,OK,Noble,Bush,republican,580,1000
11/02/2004,KY,Breckinridge,Kerry,democrat,420,1000
11/02/2004,KY,Breckinridge,Bush,republican,580,1000
11/02/2004,OR,Morrow,Kerry,democrat,470,1000
11/02/2004,OR,Morrow,Bush,republican,530,1000
11/02/2004,PA,Blair,Kerry,democrat,420,1000
11/02/2004,PA,Blair,Bush,republican,580,1000
11/02/2004,WA,Asotin,Kerry,democrat,497,1000
11/02/2004,WA,Asotin,Bush,republican,503,1000
11/02/2004,OR,Washington,Kerry,democrat,580,1000
11/02/2004,OR,Washington,Bush,republican,420,1000
11/02/2004,WI,Waukesha,Kerry,democrat,530,1000
11/02/2004,WI,Waukesha,Bush,republican,470,1000
11/02/2004,SC,Williamsburg,Kerry,democrat,580,1000
11/02/2004,SC,Williamsburg,Bush,republican,420,1000
11/02/2004,MO,Butler,Kerry,democrat,420,1000
11/02/2004,MO,Butler,Bush,republican,580,1000
11/02/2004,ID,Bonner,Kerry,democrat,420,1000
11/02/2004,ID,Bonner,Bush,republican,580,1000
11/02/2004,IL,Alexander,Kerry,democrat,530,1000
11/02/2004,IL,Alexander,Bush,republican,470,1000
11/02/2004,IN,Gibson,Kerry,democrat,470,1000
11/02/2004,IN,Gibson,Bush,republican,530,1000
11/02/2004,OK,Texas,Kerry,democrat,420,1000
11/02/2004,OK,Texas,Bush,republican,580,1000
11/02/2004,MO,New_Madrid,Kerry,democrat,470,1000
11/02/2004,MO,New_Madrid,Bush,republican,530,1000
11/02/2004,NC,Buncombe,Kerry,democrat,580,1000
11/02/2004,NC,Buncombe,Bush,republican,420,1000
11/02/2004,TX,Fannin,Kerry,democrat,420,1000
11/02/2004,TX,Fannin,Bush,republican,580,1000
11/02/2004,SD,Lincoln,Kerry,democrat,470,1000
11/02/2004,SD,Lincoln,Bush,republican,530,1000
11/02/2004,TN,Obion,Kerry,democrat,420,1000
11/02/2004,TN,Obion,Bush,republican,580,1000
11/02/2004,KY,Ballard,Kerry,democrat,420,1000
11/02/2004,KY,Ballard,Bush,republican,580,1000
11/02/2004,TX,Burnet,Kerry,democrat,420,1000
11/02/2004,TX,Burnet,Bush,republican,580,1000
11/02/2004,OR,Lane,Kerry,democrat,580,1000
11/02/2004,OR,Lane,Bush,republican,420,1000
11/02/2004,MA,Hampden,Kerry,democrat,580,1000
11/02/2004,MA,Hampden,Bush,republican,420,1000
11/02/2004,MO,Carroll,Kerry,democrat,420,1000
11/02/2004,MO,Carroll,Bush,republican,580,1000
11/02/2004,VA,Mecklenburg,Kerry,democrat,470,1000
11/02/2004,VA,Mecklenburg,Bush,republican,530,1000
11/02/2004,WI,Kewaunee,Kerry,democrat,470,1000
11/02/2004,WI,Kewaunee,Bush,republican,530,1000
11/02/2004,TN,Coffee,Kerry,democrat,420,1000
11/02/2004,TN,Coffee,Bush,republican,580,1000
11/02/2004,IA,Jasper,Kerry,democrat,490,1000
11/02/2004,IA,Jasper,Bush,republican,510,1000
11/02/2004,ID,Camas,Kerry,democrat,420,1000
11/02/2004,ID,Camas,Bush,republican,580,1000
11/02/2004,WI,Winnebago,Kerry,democrat,530,1000
11/02/2004,WI,Winnebago,Bush,republican,470,1000
11/02/2004,IN,Warren,Kerry,democrat,420,1000
11/02/2004,IN,Warren,Bush,republican,580,1000
11/02/2004,LA,Beauregard,Kerry,democrat,420,1000
11/02/2004,LA,Beauregard,Bush,republican,580,1000
11/02/2004,MD,St_Mary_s,Kerry,democrat,420,1000
11/02/2004,MD,St_Mary_s,Bush,republican,580,1000
11/02/2004,MS,Prentiss,Kerry,democrat,420,1000
11/02/2004,MS,Prentiss,Bush,republican,580,1000
11/02/2004,MS,Tallahatchie,Kerry,democrat,530,1000
11/02/2004,MS,Tallahatchie,Bush,republican,470,1000
11/02/2004,NJ,Burlington,Kerry,democrat,580,1000
11/02/2004,NJ,Burlington,Bush,republican,420,1000
11/02/2004,MT,Phillips,Kerry,democrat,470,1000
11/02/2004,MT,Phillips,Bush,republican,530,1000
11/02/2004,VT,Addison,Kerry,democrat,580,1000
11/02/2004,VT,Addison,Bush,republican,420,1000
11/02/2004,VT,Bennington,Kerry,democrat,580,1000
11/02/2004,VT,Bennington,Bush,republican,420,1000
11/02/2004,VA,Norfolk,Kerry,democrat,580,1000
11/02/2004,VA,Norfolk,Bush,republican,420,1000
11/02/2004,NC,Northampton,Kerry,democrat,580,1000
11/02/2004,NC,Northampton,Bush,republican,420,1000
11/02/2004,OR,Tillamook,Kerry,democrat,580,1000
11/02/2004,OR,Tillamook,Bush,republican,420,1000
11/02/2004,MT,Custer,Kerry,democrat,420,1000
11/02/2004,MT,Custer,Bush,republican,580,1000
11/02/2004,MT,Silver_Bow,Kerry,democrat,580,1000
11/02/2004,MT,Silver_Bow,Bush,republican,420,1000
11/02/2004,IL,Cass,Kerry,democrat,420,1000
11/02/2004,IL,Cass,Bush,republican,580,1000
11/02/2004,IA,Calhoun,Kerry,democrat,470,1000
11/02/2004,IA,Calhoun,Bush,republican,530,1000
11/02/2004,KS,Barton,Kerry,democrat,420,1000
11/02/2004,KS,Barton,Bush,republican,580,1000
11/02/2004,KS,Wabaunsee,Kerry,democrat,420,1000
11/02/2004,KS,Wabaunsee,Bush,republican,580,1000
11/02/2004,LA,Acadia,Kerry,democrat,420,1000
11/02/2004,LA,Acadia,Bush,republican,580,1000
11/02/2004,MI,Ingham,Kerry,democrat,580,1000
11/02/2004,MI,Ingham,Bush,republican,420,1000
11/02/2004,GA,Monroe,Kerry,democrat,420,1000
11/02/2004,GA,Monroe,Bush,republican,580,1000
11/02/2004,NY,Orleans,Kerry,democrat,420,1000
11/02/2004,NY,Orleans,Bush,republican,580,1000
11/02/2004,NC,Stanly,Kerry,democrat,420,1000
11/02/2004,NC,Stanly,Bush,republican,580,1000
11/02/2004,NY,Allegany,Kerry,democrat,420,1000
11/02/2004,NY,Allegany,Bush,republican,580,1000
11/02/2004,IL,Vermilion,Kerry,democrat,420,1000
11/02/2004,IL,Vermilion,Bush,republican,580,1000
11/02/2004,IL,Jackson,Kerry,democrat,530,1000
11/02/2004,IL,Jackson,Bush,republican,470,1000
11/02/2004,KY,Meade,Kerry,democrat,420,1000
11/02/2004,KY,Meade,Bush,republican,580,1000
11/02/2004,KY,Oldham,Kerry,democrat,420,1000
11/02/2004,KY,Oldham,Bush,republican,580,1000
11/02/2004,WA,Pacific,Kerry,democrat,580,1000
11/02/2004,WA,Pacific,Bush,republican,420,1000
11/02/2004,WI,Grant,Kerry,democrat,530,1000
11/02/2004,WI,Grant,Bush,republican,470,1000
11/02/2004,AR,Conway,Kerry,democrat,420,1000
11/02/2004,AR,Conway,Bush,republican,580,1000
11/02/2004,IL,Jersey,Kerry,democrat,420,1000
11/02/2004,IL,Jersey,Bush,republican,580,1000
11/02/2004,UT,Kane,Kerry,democrat,420,1000
11/02/2004,UT,Kane,Bush,republican,580,1000
11/02/2004,VA,Wise,Kerry,democrat,420,1000
11/02/2004,VA,Wise,Bush,republican,580,1000
11/02/2004,NM,Colfax,Kerry,democrat,530,1000
11/02/2004,NM,Colfax,Bush,republican,470,1000
11/02/2004,NC,Catawba,Kerry,democrat,420,1000
11/02/2004,NC,Catawba,Bush,republican,580,1000
11/02/2004,OH,Clark,Kerry,democrat,470,1000
11/02/2004,OH,Clark,Bush,republican,530,1000
11/02/2004,NE,Custer,Kerry,democrat,420,1000
11/02/2004,NE,Custer,Bush,republican,580,1000
11/02/2004,PA,Luzerne,Kerry,democrat,510,1000
11/02/2004,PA,Luzerne,Bush,republican,490,1000
11/02/2004,PA,Juniata,Kerry,democrat,420,1000
11/02/2004,PA,Juniata,Bush,republican,580,1000
11/02/2004,PA,Schuylkill,Kerry,democrat,470,1000
11/02/2004,PA,Schuylkill,Bush,republican,530,1000
11/02/2004,TN,Roane,Kerry,democrat,420,1000
11/02/2004,TN,Roane,Bush,republican,580,1000
11/02/2004,KY,Rockcastle,Kerry,democrat,420,1000
11/02/2004,KY,Rockcastle,Bush,republican,580,1000
11/02/2004,MD,Calvert,Kerry,democrat,470,1000
11/02/2004,MD,Calvert,Bush,republican,530,1000
11/02/2004,MD,Carroll,Kerry,democrat,420,1000
11/02/2004,MD,Carroll,Bush,republican,580,1000
11/02/2004,MA,Worcester,Kerry,democrat,580,1000
11/02/2004,MA,Worcester,Bush,republican,420,1000
11/02/2004,KY,Pike,Kerry,democrat,420,1000
11/02/2004,KY,Pike,Bush,republican,580,1000
11/02/2004,LA,DeSoto,Kerry,democrat,420,1000
11/02/2004,LA,DeSoto,Bush,republican,580,1000
11/02/2004,MD,Worcester,Kerry,democrat,420,1000
11/02/2004,MD,Worcester,Bush,republican,580,1000
11/02/2004,MI,Antrim,Kerry,democrat,420,1000
11/02/2004,MI,Antrim,Bush,republican,580,1000
11/02/2004,WV,Berkeley,Kerry,democrat,470,1000
11/02/2004,WV,Berkeley,Bush,republican,530,1000
11/02/2004,AR,Hot_Spring,Kerry,democrat,420,1000
11/02/2004,AR,Hot_Spring,Bush,republican,580,1000
11/02/2004,GA,Paulding,Kerry,democrat,497,1000
11/02/2004,GA,Paulding,Bush,republican,503,1000
11/02/2004,IL,Champaign,Kerry,democrat,580,1000
11/02/2004,IL,Champaign,Bush,republican,420,1000
11/02/2004,IL,Woodford,Kerry,democrat,420,1000
11/02/2004,IL,Woodford,Bush,republican,580,1000
11/02/2004,IL,Macoupin,Kerry,democrat,470,1000
11/02/2004,IL,Macoupin,Bush,republican,530,1000
11/02/2004,IL,Perry,Kerry,democrat,420,1000
11/02/2004,IL,Perry,Bush,republican,580,1000
11/02/2004,IA,Hancock,Kerry,democrat,530,1000
11/02/2004,IA,Hancock,Bush,republican,470,1000
11/02/2004,TN,Sequatchie,Kerry,democrat,420,1000
11/02/2004,TN,Sequatchie,Bush,republican,580,1000
11/02/2004,TX,Liberty,Kerry,democrat,420,1000
11/02/2004,TX,Liberty,Bush,republican,580,1000
11/02/2004,TX,Duval,Kerry,democrat,470,1000
11/02/2004,TX,Duval,Bush,republican,530,1000
11/02/2004,TX,Garza,Kerry,democrat,420,1000
11/02/2004,TX,Garza,Bush,republican,580,1000
11/02/2004,TX,Bee,Kerry,democrat,420,1000
11/02/2004,TX,Bee,Bush,republican,580,1000
11/02/2004,UT,Weber,Kerry,democrat,420,1000
11/02/2004,UT,Weber,Bush,republican,580,1000
11/02/2004,VA,Prince_Edward,Kerry,democrat,530,1000
11/02/2004,VA,Prince_Edward,Bush,republican,470,1000
11/02/2004,WI,Outagamie,Kerry,democrat,530,1000
11/02/2004,WI,Outagamie,Bush,republican,470,1000
11/02/2004,WI,Portage,Kerry,democrat,530,1000
11/02/2004,WI,Portage,Bush,republican,470,1000
11/02/2004,MN,Wilkin,Kerry,democrat,420,1000
11/02/2004,MN,Wilkin,Bush,republican,580,1000
11/02/2004,MS,Simpson,Kerry,democrat,420,1000
11/02/2004,MS,Simpson,Bush,republican,580,1000
11/02/2004,MS,Attala,Kerry,democrat,420,1000
11/02/2004,MS,Attala,Bush,republican,580,1000
11/02/2004,MS,Leake,Kerry,democrat,420,1000
11/02/2004,MS,Leake,Bush,republican,580,1000
11/02/2004,MS,Monroe,Kerry,democrat,420,1000
11/02/2004,MS,Monroe,Bush,republican,580,1000
11/02/2004,MS,Copiah,Kerry,democrat,420,1000
11/02/2004,MS,Copiah,Bush,republican,580,1000
11/02/2004,MN,Cass,Kerry,democrat,420,1000
11/02/2004,MN,Cass,Bush,republican,580,1000
11/02/2004,NE,Cass,Kerry,democrat,420,1000
11/02/2004,NE,Cass,Bush,republican,580,1000
11/02/2004,MN,Carver,Kerry,democrat,530,1000
11/02/2004,MN,Carver,Bush,republican,470,1000
11/02/2004,NC,Union,Kerry,democrat,470,1000
11/02/2004,NC,Union,Bush,republican,530,1000
11/02/2004,KY,Grayson,Kerry,democrat,420,1000
11/02/2004,KY,Grayson,Bush,republican,580,1000
11/02/2004,KY,Fayette,Kerry,democrat,580,1000
11/02/2004,KY,Fayette,Bush,republican,420,1000
11/02/2004,MI,Lapeer,Kerry,democrat,420,1000
11/02/2004,MI,Lapeer,Bush,republican,580,1000
11/02/2004,MO,Audrain,Kerry,democrat,420,1000
11/02/2004,MO,Audrain,Bush,republican,580,1000
11/02/2004,GA,Greene,Kerry,democrat,420,1000
11/02/2004,GA,Greene,Bush,republican,580,1000
11/02/2004,NY,Seneca,Kerry,democrat,490,1000
11/02/2004,NY,Seneca,Bush,republican,510,1000
11/02/2004,NC,Wake,Kerry,democrat,580,1000
11/02/2004,NC,Wake,Bush,republican,420,1000
11/02/2004,OH,Coshocton,Kerry,democrat,420,1000
11/02/2004,OH,Coshocton,Bush,republican,580,1000
11/02/2004,CA,San_Benito,Kerry,democrat,580,1000
11/02/2004,CA,San_Benito,Bush,republican,420,1000
11/02/2004,FL,Marion,Kerry,democrat,490,1000
11/02/2004,FL,Marion,Bush,republican,510,1000
11/02/2004,GA,Gilmer,Kerry,democrat,420,1000
11/02/2004,GA,Gilmer,Bush,republican,580,1000
11/02/2004,ID,Lewis,Kerry,democrat,420,1000
11/02/2004,ID,Lewis,Bush,republican,580,1000
11/02/2004,IL,Lee,Kerry,democrat,470,1000
11/02/2004,IL,Lee,Bush,republican,530,1000
11/02/2004,IL,Clark,Kerry,democrat,420,1000
11/02/2004,IL,Clark,Bush,republican,580,1000
11/02/2004,NJ,Camden,Kerry,democrat,580,1000
11/02/2004,NJ,Camden,Bush,republican,420,1000
11/02/2004,NC,Haywood,Kerry,democrat,420,1000
11/02/2004,NC,Haywood,Bush,republican,580,1000
11/02/2004,PA,Philadelphia,Kerry,democrat,580,1000
11/02/2004,PA,Philadelphia,Bush,republican,420,1000
11/02/2004,NV,Lander,Kerry,democrat,420,1000
11/02/2004,NV,Lander,Bush,republican,580,1000
11/02/2004,OK,Choctaw,Kerry,democrat,420,1000
11/02/2004,OK,Choctaw,Bush,republican,580,1000
11/02/2004,PA,Tioga,Kerry,democrat,420,1000
11/02/2004,PA,Tioga,Bush,republican,580,1000
11/02/2004,NM,Cibola,Kerry,democrat,530,1000
11/02/2004,NM,Cibola,Bush,republican,470,1000
11/02/2004,VA,Poquoson,Kerry,democrat,470,1000
11/02/2004,VA,Poquoson,Bush,republican,530,1000
11/02/2004,OK,Payne,Kerry,democrat,470,1000
11/02/2004,OK,Payne,Bush,republican,530,1000
11/02/2004,PA,Cumberland,Kerry,democrat,530,1000
11/02/2004,PA,Cumberland,Bush,republican,470,1000
11/02/2004,PA,Cambria,Kerry,democrat,420,1000
11/02/2004,PA,Cambria,Bush,republican,580,1000
11/02/2004,TN,Carroll,Kerry,democrat,420,1000
11/02/2004,TN,Carroll,Bush,republican,580,1000
11/02/2004,TX,Bastrop,Kerry,democrat,530,1000
11/02/2004,TX,Bastrop,Bush,republican,470,1000
11/02/2004,TX,Mitchell,Kerry,democrat,420,1000
11/02/2004,TX,Mitchell,Bush,republican,580,1000
11/02/2004,TX,Anderson,Kerry,democrat,420,1000
11/02/2004,TX,Anderson,Bush,republican,580,1000
11/02/2004,VA,Manassas,Kerry,democrat,580,1000
11/02/2004,VA,Manassas,Bush,republican,420,1000
11/02/2004,IN,Pike,Kerry,democrat,470,1000
11/02/2004,IN,Pike,Bush,republican,530,1000
11/02/2004,CO,Gilpin,Kerry,democrat,580,1000
11/02/2004,CO,Gilpin,Bush,republican,420,1000
11/02/2004,KY,Taylor,Kerry,democrat,420,1000
11/02/2004,KY,Taylor,Bush,republican,580,1000
11/02/2004,KY,Hart,Kerry,democrat,420,1000
11/02/2004,KY,Hart,Bush,republican,580,1000
11/02/2004,LA,Evangeline,Kerry,democrat,420,1000
11/02/2004,LA,Evangeline,Bush,republican,580,1000
11/02/2004,LA,Jefferson_Davis,Kerry,democrat,420,1000
11/02/2004,LA,Jefferson_Davis,Bush,republican,580,1000
11/02/2004,GA,Putnam,Kerry,democrat,420,1000
11/02/2004,GA,Putnam,Bush,republican,580,1000
11/02/2004,GA,Banks,Kerry,democrat,420,1000
11/02/2004,GA,Banks,Bush,republican,580,1000
11/02/2004,MT,Yellowstone,Kerry,democrat,470,1000
11/02/2004,MT,Yellowstone,Bush,republican,530,1000
11/02/2004,MO,Dunklin,Kerry,democrat,420,1000
11/02/2004,MO,Dunklin,Bush,republican,580,1000
11/02/2004,TX,Bowie,Kerry,democrat,470,1000
11/02/2004,TX,Bowie,Bush,republican,530,1000
11/02/2004,VA,Bristol,Kerry,democrat,420,1000
11/02/2004,VA,Bristol,Bush,republican,580,1000
11/02/2004,WV,Brooke,Kerry,democrat,470,1000
11/02/2004,WV,Brooke,Bush,republican,530,1000
11/02/2004,CA,Kern,Kerry,democrat,470,1000
11/02/2004,CA,Kern,Bush,republican,530,1000
11/02/2004,CO,Clear_Creek,Kerry,democrat,580,1000
11/02/2004,CO,Clear_Creek,Bush,republican,420,1000
11/02/2004,GA,Jackson,Kerry,democrat,420,1000
11/02/2004,GA,Jackson,Bush,republican,580,1000
11/02/2004,GA,Gordon,Kerry,democrat,420,1000
11/02/2004,GA,Gordon,Bush,republican,580,1000
11/02/2004,IL,Logan,Kerry,democrat,470,1000
11/02/2004,IL,Logan,Bush,republican,530,1000
11/02/2004,IN,Jennings,Kerry,democrat,420,1000
11/02/2004,IN,Jennings,Bush,republican,580,1000
11/02/2004,VA,Shenandoah,Kerry,democrat,420,1000
11/02/2004,VA,Shenandoah,Bush,republican,580,1000
11/02/2004,WI,Fond_du_Lac,Kerry,democrat,470,1000
11/02/2004,WI,Fond_du_Lac,Bush,republican,530,1000
11/02/2004,GA,Treutlen,Kerry,democrat,420,1000
11/02/2004,GA,Treutlen,Bush,republican,580,1000
11/02/2004,NC,Wilson,Kerry,democrat,497,1000
11/02/2004,NC,Wilson,Bush,republican,503,1000
11/02/2004,OH,Butler,Kerry,democrat,420,1000
11/02/2004,OH,Butler,Bush,republican,580,1000
11/02/2004,OH,Marion,Kerry,democrat,420,1000
11/02/2004,OH,Marion,Bush,republican,580,1000
11/02/2004,NE,Nance,Kerry,democrat,420,1000
11/02/2004,NE,Nance,Bush,republican,580,1000
11/02/2004,PA,Westmoreland,Kerry,democrat,490,1000
11/02/2004,PA,Westmoreland,Bush,republican,510,1000
11/02/2004,AL,Etowah,Kerry,democrat,420,1000
11/02/2004,AL,Etowah,Bush,republican,580,1000
11/02/2004,WY,Laramie,Kerry,democrat,420,1000
11/02/2004,WY,Laramie,Bush,republican,580,1000
11/02/2004,AL,Blount,Kerry,democrat,420,1000
11/02/2004,AL,Blount,Bush,republican,580,1000
11/02/2004,AR,Montgomery,Kerry,democrat,420,1000
11/02/2004,AR,Montgomery,Bush,republican,580,1000
11/02/2004,CO,Lake,Kerry,democrat,580,1000
11/02/2004,CO,Lake,Bush,republican,420,1000
11/02/2004,IL,Mercer,Kerry,democrat,470,1000
11/02/2004,IL,Mercer,Bush,republican,530,1000
11/02/2004,IA,Palo_Alto,Kerry,democrat,490,1000
11/02/2004,IA,Palo_Alto,Bush,republican,510,1000
11/02/2004,IA,Fayette,Kerry,democrat,530,1000
11/02/2004,IA,Fayette,Bush,republican,470,1000
11/02/2004,IN,Johnson,Kerry,democrat,420,1000
11/02/2004,IN,Johnson,Bush,republican,580,1000
11/02/2004,KY,Carter,Kerry,democrat,420,1000
11/02/2004,KY,Carter,Bush,republican,580,1000
11/02/2004,KY,Casey,Kerry,democrat,420,1000
11/02/2004,KY,Casey,Bush,republican,580,1000
11/02/2004,LA,East_Baton_Rouge,Kerry,democrat,580,1000
11/02/2004,LA,East_Baton_Rouge,Bush,republican,420,1000
11/02/2004,MO,Madison,Kerry,democrat,420,1000
11/02/2004,MO,Madison,Bush,republican,580,1000
11/02/2004,GA,Dooly,Kerry,democrat,490,1000
11/02/2004,GA,Dooly,Bush,republican,510,1000
11/02/2004,MO,Gasconade,Kerry,democrat,420,1000
11/02/2004,MO,Gasconade,Bush,republican,580,1000
11/02/2004,MO,Wayne,Kerry,democrat,420,1000
11/02/2004,MO,Wayne,Bush,republican,580,1000
11/02/2004,SD,Jones,Kerry,democrat,420,1000
11/02/2004,SD,Jones,Bush,republican,580,1000
11/02/2004,TX,Hudspeth,Kerry,democrat,420,1000
11/02/2004,TX,Hudspeth,Bush,republican,580,1000
11/02/2004,TX,Edwards,Kerry,democrat,420,1000
11/02/2004,TX,Edwards,Bush,republican,580,1000
11/02/2004,TX,Floyd,Kerry,democrat,420,1000
11/02/2004,TX,Floyd,Bush,republican,580,1000
11/02/2004,TN,Maury,Kerry,democrat,420,1000
11/02/2004,TN,Maury,Bush,republican,580,1000
11/02/2004,TN,Houston,Kerry,democrat,420,1000
11/02/2004,TN,Houston,Bush,republican,580,1000
11/02/2004,TX,Parker,Kerry,democrat,420,1000
11/02/2004,TX,Parker,Bush,republican,580,1000
11/02/2004,KY,Menifee,Kerry,democrat,420,1000
11/02/2004,KY,Menifee,Bush,republican,580,1000
11/02/2004,TX,Jones,Kerry,democrat,420,1000
11/02/2004,TX,Jones,Bush,republican,580,1000
11/02/2004,UT,Wayne,Kerry,democrat,420,1000
11/02/2004,UT,Wayne,Bush,republican,580,1000
11/02/2004,IA,Keokuk,Kerry,democrat,470,1000
11/02/2004,IA,Keokuk,Bush,republican,530,1000
11/02/2004,KY,Harrison,Kerry,democrat,420,1000
11/02/2004,KY,Harrison,Bush,republican,580,1000
11/02/2004,KY,Woodford,Kerry,democrat,510,1000
11/02/2004,KY,Woodford,Bush,republican,490,1000
11/02/2004,KY,Mercer,Kerry,democrat,420,1000
11/02/2004,KY,Mercer,Bush,republican,580,1000
11/02/2004,MN,Rice,Kerry,democrat,470,1000
11/02/2004,MN,Rice,Bush,republican,530,1000
11/02/2004,NM,Quay,Kerry,democrat,420,1000
11/02/2004,NM,Quay,Bush,republican,580,1000
11/02/2004,NM,Hidalgo,Kerry,democrat,530,1000
11/02/2004,NM,Hidalgo,Bush,republican,470,1000
11/02/2004,NY,Montgomery,Kerry,democrat,490,1000
11/02/2004,NY,Montgomery,Bush,republican,510,1000
11/02/2004,NY,Genesee,Kerry,democrat,470,1000
11/02/2004,NY,Genesee,Bush,republican,530,1000
11/02/2004,ID,Power,Kerry,democrat,420,1000
11/02/2004,ID,Power,Bush,republican,580,1000
11/02/2004,OH,Licking,Kerry,democrat,470,1000
11/02/2004,OH,Licking,Bush,republican,530,1000
11/02/2004,OK,Woods,Kerry,democrat,420,1000
11/02/2004,OK,Woods,Bush,republican,580,1000
11/02/2004,OK,Pontotoc,Kerry,democrat,420,1000
11/02/2004,OK,Pontotoc,Bush,republican,580,1000
11/02/2004,PA,Union,Kerry,democrat,420,1000
11/02/2004,PA,Union,Bush,republican,580,1000
11/02/2004,SC,Lexington,Kerry,democrat,470,1000
11/02/2004,SC,Lexington,Bush,republican,530,1000
11/02/2004,TN,Warren,Kerry,democrat,420,1000
11/02/2004,TN,Warren,Bush,republican,580,1000
11/02/2004,VA,Rappahannock,Kerry,democrat,470,1000
11/02/2004,VA,Rappahannock,Bush,republican,530,1000
11/02/2004,NE,Thomas,Kerry,democrat,420,1000
11/02/2004,NE,Thomas,Bush,republican,580,1000
11/02/2004,TX,Sterling,Kerry,democrat,420,1000
11/02/2004,TX,Sterling,Bush,republican,580,1000
11/02/2004,AL,Cherokee,Kerry,democrat,420,1000
11/02/2004,AL,Cherokee,Bush,republican,580,1000
11/02/2004,AL,Washington,Kerry,democrat,420,1000
11/02/2004,AL,Washington,Bush,republican,580,1000
11/02/2004,CA,Sonoma,Kerry,democrat,580,1000
11/02/2004,CA,Sonoma,Bush,republican,420,1000
11/02/2004,WV,Greenbrier,Kerry,democrat,420,1000
11/02/2004,WV,Greenbrier,Bush,republican,580,1000
11/02/2004,OK,Kiowa,Kerry,democrat,420,1000
11/02/2004,OK,Kiowa,Bush,republican,580,1000
11/02/2004,TN,Van_Buren,Kerry,democrat,420,1000
11/02/2004,TN,Van_Buren,Bush,republican,580,1000
11/02/2004,NC,Madison,Kerry,democrat,420,1000
11/02/2004,NC,Madison,Bush,republican,580,1000
11/02/2004,OH,Logan,Kerry,democrat,420,1000
11/02/2004,OH,Logan,Bush,republican,580,1000
11/02/2004,OH,Richland,Kerry,democrat,420,1000
11/02/2004,OH,Richland,Bush,republican,580,1000
11/02/2004,OK,Canadian,Kerry,democrat,420,1000
11/02/2004,OK,Canadian,Bush,republican,580,1000
11/02/2004,TN,Jefferson,Kerry,democrat,420,1000
11/02/2004,TN,Jefferson,Bush,republican,580,1000
11/02/2004,TN,White,Kerry,democrat,420,1000
11/02/2004,TN,White,Bush,republican,580,1000
11/02/2004,TN,Marshall,Kerry,democrat,420,1000
11/02/2004,TN,Marshall,Bush,republican,580,1000
11/02/2004,TX,Kaufman,Kerry,democrat,470,1000
11/02/2004,TX,Kaufman,Bush,republican,530,1000
11/02/2004,WV,Lincoln,Kerry,democrat,420,1000
11/02/2004,WV,Lincoln,Bush,republican,580,1000
11/02/2004,WI,Vernon,Kerry,democrat,530,1000
11/02/2004,WI,Vernon,Bush,republican,470,1000
11/02/2004,CA,Monterey,Kerry,democrat,580,1000
11/02/2004,CA,Monterey,Bush,republican,420,1000
11/02/2004,FL,Duval,Kerry,democrat,530,1000
11/02/2004,FL,Duval,Bush,republican,470,1000
11/02/2004,VA,Highland,Kerry,democrat,420,1000
11/02/2004,VA,Highland,Bush,republican,580,1000
11/02/2004,NE,Keya_Paha,Kerry,democrat,420,1000
11/02/2004,NE,Keya_Paha,Bush,republican,580,1000
11/02/2004,AL,DeKalb,Kerry,democrat,420,1000
11/02/2004,AL,DeKalb,Bush,republican,580,1000
11/02/2004,AL,Jackson,Kerry,democrat,420,1000
11/02/2004,AL,Jackson,Bush,republican,580,1000
11/02/2004,AZ,Navajo,Kerry,democrat,420,1000
11/02/2004,AZ,Navajo,Bush,republican,580,1000
11/02/2004,OR,Josephine,Kerry,democrat,420,1000
11/02/2004,OR,Josephine,Bush,republican,580,1000
11/02/2004,SC,Marion,Kerry,democrat,580,1000
11/02/2004,SC,Marion,Bush,republican,420,1000
11/02/2004,TN,Stewart,Kerry,democrat,420,1000
11/02/2004,TN,Stewart,Bush,republican,580,1000
11/02/2004,TX,Wood,Kerry,democrat,420,1000
11/02/2004,TX,Wood,Bush,republican,580,1000
11/02/2004,TX,Willacy,Kerry,democrat,470,1000
11/02/2004,TX,Willacy,Bush,republican,530,1000
11/02/2004,SD,Roberts,Kerry,democrat,530,1000
11/02/2004,SD,Roberts,Bush,republican,470,1000
11/02/2004,TN,Clay,Kerry,democrat,420,1000
11/02/2004,TN,Clay,Bush,republican,580,1000
11/02/2004,TX,Sabine,Kerry,democrat,420,1000
11/02/2004,TX,Sabine,Bush,republican,580,1000
11/02/2004,VA,Halifax,Kerry,democrat,470,1000
11/02/2004,VA,Halifax,Bush,republican,530,1000
11/02/2004,GA,McIntosh,Kerry,democrat,420,1000
11/02/2004,GA,McIntosh,Bush,republican,580,1000
11/02/2004,ID,Bear_Lake,Kerry,democrat,420,1000
11/02/2004,ID,Bear_Lake,Bush,republican,580,1000
11/02/2004,IA,Clinton,Kerry,democrat,580,1000
11/02/2004,IA,Clinton,Bush,republican,420,1000
11/02/2004,IA,Page,Kerry,democrat,420,1000
11/02/2004,IA,Page,Bush,republican,580,1000
11/02/2004,KS,Linn,Kerry,democrat,420,1000
11/02/2004,KS,Linn,Bush,republican,580,1000
11/02/2004,KY,Crittenden,Kerry,democrat,420,1000
11/02/2004,KY,Crittenden,Bush,republican,580,1000
11/02/2004,FL,Jefferson,Kerry,democrat,420,1000
11/02/2004,FL,Jefferson,Bush,republican,580,1000
11/02/2004,GA,Brooks,Kerry,democrat,420,1000
11/02/2004,GA,Brooks,Bush,republican,580,1000
11/02/2004,GA,Gwinnett,Kerry,democrat,580,1000
11/02/2004,GA,Gwinnett,Bush,republican,420,1000
11/02/2004,TX,Wharton,Kerry,democrat,420,1000
11/02/2004,TX,Wharton,Bush,republican,580,1000
11/02/2004,VA,Brunswick,Kerry,democrat,580,1000
11/02/2004,VA,Brunswick,Bush,republican,420,1000
11/02/2004,WV,Logan,Kerry,democrat,420,1000
11/02/2004,WV,Logan,Bush,republican,580,1000
11/02/2004,WI,Trempealeau,Kerry,democrat,490,1000
11/02/2004,WI,Trempealeau,Bush,republican,510,1000
11/02/2004,ND,Adams,Kerry,democrat,420,1000
11/02/2004,ND,Adams,Bush,republican,580,1000
11/02/2004,TN,Henderson,Kerry,democrat,420,1000
11/02/2004,TN,Henderson,Bush,republican,580,1000
11/02/2004,VA,New_Kent,Kerry,democrat,420,1000
11/02/2004,VA,New_Kent,Bush,republican,580,1000
11/02/2004,NE,Deuel,Kerry,democrat,420,1000
11/02/2004,NE,Deuel,Bush,republican,580,1000
11/02/2004,AL,Choctaw,Kerry,democrat,420,1000
11/02/2004,AL,Choctaw,Bush,republican,580,1000
11/02/2004,AR,Boone,Kerry,democrat,420,1000
11/02/2004,AR,Boone,Bush,republican,580,1000
11/02/2004,CA,Contra_Costa,Kerry,democrat,580,1000
11/02/2004,CA,Contra_Costa,Bush,republican,420,1000
11/02/2004,LA,Morehouse,Kerry,democrat,420,1000
11/02/2004,LA,Morehouse,Bush,republican,580,1000
11/02/2004,ME,Waldo,Kerry,democrat,580,1000
11/02/2004,ME,Waldo,Bush,republican,420,1000
11/02/2004,MI,Macomb,Kerry,democrat,580,1000
11/02/2004,MI,Macomb,Bush,republican,420,1000
11/02/2004,MT,Mineral,Kerry,democrat,470,1000
11/02/2004,MT,Mineral,Bush,republican,530,1000
11/02/2004,OK,Creek,Kerry,democrat,420,1000
11/02/2004,OK,Creek,Bush,republican,580,1000
11/02/2004,OK,Custer,Kerry,democrat,420,1000
11/02/2004,OK,Custer,Bush,republican,580,1000
11/02/2004,KS,Pratt,Kerry,democrat,420,1000
11/02/2004,KS,Pratt,Bush,republican,580,1000
11/02/2004,SC,Laurens,Kerry,democrat,420,1000
11/02/2004,SC,Laurens,Bush,republican,580,1000
11/02/2004,TN,Cheatham,Kerry,democrat,470,1000
11/02/2004,TN,Cheatham,Bush,republican,530,1000
11/02/2004,TX,Clay,Kerry,democrat,420,1000
11/02/2004,TX,Clay,Bush,republican,580,1000
11/02/2004,VA,King_and_Queen,Kerry,democrat,490,1000
11/02/2004,VA,King_and_Queen,Bush,republican,510,1000
11/02/2004,NE,Harlan,Kerry,democrat,420,1000
11/02/2004,NE,Harlan,Bush,republican,580,1000
11/02/2004,NE,Blaine,Kerry,democrat,420,1000
11/02/2004,NE,Blaine,Bush,republican,580,1000
11/02/2004,AZ,Greenlee,Kerry,democrat,470,1000
11/02/2004,AZ,Greenlee,Bush,republican,530,1000
11/02/2004,CA,Imperial,Kerry,democrat,580,1000
11/02/2004,CA,Imperial,Bush,republican,420,1000
11/02/2004,FL,St_Johns,Kerry,democrat,420,1000
11/02/2004,FL,St_Johns,Bush,republican,580,1000
11/02/2004,GA,Carroll,Kerry,democrat,420,1000
11/02/2004,GA,Carroll,Bush,republican,580,1000
11/02/2004,MS,Adams,Kerry,democrat,490,1000
11/02/2004,MS,Adams,Bush,republican,510,1000
11/02/2004,MN,Scott,Kerry,democrat,530,1000
11/02/2004,MN,Scott,Bush,republican,470,1000
11/02/2004,NE,Douglas,Kerry,democrat,580,1000
11/02/2004,NE,Douglas,Bush,republican,420,1000
11/02/2004,TX,Milam,Kerry,democrat,420,1000
11/02/2004,TX,Milam,Bush,republican,580,1000
11/02/2004,LA,LaSalle,Kerry,democrat,420,1000
11/02/2004,LA,LaSalle,Bush,republican,580,1000
11/02/2004,TX,Young,Kerry,democrat,420,1000
11/02/2004,TX,Young,Bush,republican,580,1000
11/02/2004,VA,Bedford,Kerry,democrat,420,1000
11/02/2004,VA,Bedford,Bush,republican,580,1000
11/02/2004,WV,Harrison,Kerry,democrat,420,1000
11/02/2004,WV,Harrison,Bush,republican,580,1000
11/02/2004,WI,Walworth,Kerry,democrat,470,1000
11/02/2004,WI,Walworth,Bush,republican,530,1000
11/02/2004,WY,Washakie,Kerry,democrat,420,1000
11/02/2004,WY,Washakie,Bush,republican,580,1000
11/02/2004,AR,Mississippi,Kerry,democrat,470,1000
11/02/2004,AR,Mississippi,Bush,republican,530,1000
11/02/2004,AR,Clay,Kerry,democrat,420,1000
11/02/2004,AR,Clay,Bush,republican,580,1000
11/02/2004,CA,Orange,Kerry,democrat,580,1000
11/02/2004,CA,Orange,Bush,republican,420,1000
11/02/2004,IN,Posey,Kerry,democrat,420,1000
11/02/2004,IN,Posey,Bush,republican,580,1000
11/02/2004,IN,Jay,Kerry,democrat,420,1000
11/02/2004,IN,Jay,Bush,republican,580,1000
11/02/2004,IA,Mitchell,Kerry,democrat,510,1000
11/02/2004,IA,Mitchell,Bush,republican,490,1000
11/02/2004,KS,Smith,Kerry,democrat,420,1000
11/02/2004,KS,Smith,Bush,republican,580,1000
11/02/2004,NH,Cheshire,Kerry,democrat,580,1000
11/02/2004,NH,Cheshire,Bush,republican,420,1000
11/02/2004,OH,Erie,Kerry,democrat,530,1000
11/02/2004,OH,Erie,Bush,republican,470,1000
11/02/2004,OR,Columbia,Kerry,democrat,580,1000
11/02/2004,OR,Columbia,Bush,republican,420,1000
11/02/2004,PA,Washington,Kerry,democrat,470,1000
11/02/2004,PA,Washington,Bush,republican,530,1000
11/02/2004,NY,Chenango,Kerry,democrat,470,1000
11/02/2004,NY,Chenango,Bush,republican,530,1000
11/02/2004,PA,Perry,Kerry,democrat,470,1000
11/02/2004,PA,Perry,Bush,republican,530,1000
11/02/2004,SD,Tripp,Kerry,democrat,420,1000
11/02/2004,SD,Tripp,Bush,republican,580,1000
11/02/2004,VA,Charlotte,Kerry,democrat,420,1000
11/02/2004,VA,Charlotte,Bush,republican,580,1000
11/02/2004,NE,Gosper,Kerry,democrat,420,1000
11/02/2004,NE,Gosper,Bush,republican,580,1000
11/02/2004,FL,Miami-Dade,Kerry,democrat,580,1000
11/02/2004,FL,Miami-Dade,Bush,republican,420,1000
11/02/2004,FL,Gulf,Kerry,democrat,420,1000
11/02/2004,FL,Gulf,Bush,republican,580,1000
11/02/2004,FL,Dixie,Kerry,democrat,420,1000
11/02/2004,FL,Dixie,Bush,republican,580,1000
11/02/2004,MA,Essex,Kerry,democrat,580,1000
11/02/2004,MA,Essex,Bush,republican,420,1000
11/02/2004,MI,Alger,Kerry,democrat,470,1000
11/02/2004,MI,Alger,Bush,republican,530,1000
11/02/2004,PA,Bedford,Kerry,democrat,420,1000
11/02/2004,PA,Bedford,Bush,republican,580,1000
11/02/2004,SD,Clay,Kerry,democrat,580,1000
11/02/2004,SD,Clay,Bush,republican,420,1000
11/02/2004,TX,El_Paso,Kerry,democrat,580,1000
11/02/2004,TX,El_Paso,Bush,republican,420,1000
11/02/2004,VA,Hampton,Kerry,democrat,580,1000
11/02/2004,VA,Hampton,Bush,republican,420,1000
11/02/2004,AR,Benton,Kerry,democrat,470,1000
11/02/2004,AR,Benton,Bush,republican,530,1000
11/02/2004,AR,Ashley,Kerry,democrat,420,1000
11/02/2004,AR,Ashley,Bush,republican,580,1000
11/02/2004,CA,Mono,Kerry,democrat,580,1000
11/02/2004,CA,Mono,Bush,republican,420,1000
11/02/2004,CA,Madera,Kerry,democrat,470,1000
11/02/2004,CA,Madera,Bush,republican,530,1000
11/02/2004,GA,Screven,Kerry,democrat,420,1000
11/02/2004,GA,Screven,Bush,republican,580,1000
11/02/2004,GA,Burke,Kerry,democrat,510,1000
11/02/2004,GA,Burke,Bush,republican,490,1000
11/02/2004,IL,McHenry,Kerry,democrat,530,1000
11/02/2004,IL,McHenry,Bush,republican,470,1000
11/02/2004,IA,Kossuth,Kerry,democrat,470,1000
11/02/2004,IA,Kossuth,Bush,republican,530,1000
11/02/2004,MN,Lake,Kerry,democrat,530,1000
11/02/2004,MN,Lake,Bush,republican,470,1000
11/02/2004,MS,Claiborne,Kerry,democrat,580,1000
11/02/2004,MS,Claiborne,Bush,republican,420,1000
11/02/2004,MS,Lamar,Kerry,democrat,420,1000
11/02/2004,MS,Lamar,Bush,republican,580,1000
11/02/2004,NE,Otoe,Kerry,democrat,420,1000
11/02/2004,NE,Otoe,Bush,republican,580,1000
11/02/2004,VA,Westmoreland,Kerry,democrat,497,1000
11/02/2004,VA,Westmoreland,Bush,republican,503,1000
11/02/2004,VA,Prince_William,Kerry,democrat,580,1000
11/02/2004,VA,Prince_William,Bush,republican,420,1000
11/02/2004,AL,Lowndes,Kerry,democrat,530,1000
11/02/2004,AL,Lowndes,Bush,republican,470,1000
11/02/2004,AL,Marshall,Kerry,democrat,420,1000
11/02/2004,AL,Marshall,Bush,republican,580,1000
11/02/2004,AK,Anchorage,Kerry,democrat,580,1000
11/02/2004,AK,Anchorage,Bush,republican,420,1000
11/02/2004,FL,Charlotte,Kerry,democrat,490,1000
11/02/2004,FL,Charlotte,Bush,republican,510,1000
11/02/2004,ID,Kootenai,Kerry,democrat,420,1000
11/02/2004,ID,Kootenai,Bush,republican,580,1000
11/02/2004,IL,Pike,Kerry,democrat,420,1000
11/02/2004,IL,Pike,Bush,republican,580,1000
11/02/2004,IL,Union,Kerry,democrat,470,1000
11/02/2004,IL,Union,Bush,republican,530,1000
11/02/2004,IL,Gallatin,Kerry,democrat,420,1000
11/02/2004,IL,Gallatin,Bush,republican,580,1000
11/02/2004,NC,Craven,Kerry,democrat,420,1000
11/02/2004,NC,Craven,Bush,republican,580,1000
11/02/2004,OH,Trumbull,Kerry,democrat,580,1000
11/02/2004,OH,Trumbull,Bush,republican,420,1000
11/02/2004,PA,Mercer,Kerry,democrat,470,1000
11/02/2004,PA,Mercer,Bush,republican,530,1000
11/02/2004,MT,Deer_Lodge,Kerry,democrat,580,1000
11/02/2004,MT,Deer_Lodge,Bush,republican,420,1000
11/02/2004,NE,Nemaha,Kerry,democrat,420,1000
11/02/2004,NE,Nemaha,Bush,republican,580,1000
11/02/2004,MS,Chickasaw,Kerry,democrat,420,1000
11/02/2004,MS,Chickasaw,Bush,republican,580,1000
11/02/2004,NY,Niagara,Kerry,democrat,510,1000
11/02/2004,NY,Niagara,Bush,republican,490,1000
11/02/2004,NY,Delaware,Kerry,democrat,420,1000
11/02/2004,NY,Delaware,Bush,republican,580,1000
11/02/2004,NC,Mecklenburg,Kerry,democrat,580,1000
11/02/2004,NC,Mecklenburg,Bush,republican,420,1000
11/02/2004,AZ,Pinal,Kerry,democrat,470,1000
11/02/2004,AZ,Pinal,Bush,republican,530,1000
11/02/2004,AR,Lee,Kerry,democrat,580,1000
11/02/2004,AR,Lee,Bush,republican,420,1000
11/02/2004,CO,Douglas,Kerry,democrat,490,1000
11/02/2004,CO,Douglas,Bush,republican,510,1000
11/02/2004,CO,Routt,Kerry,democrat,580,1000
11/02/2004,CO,Routt,Bush,republican,420,1000
11/02/2004,IL,Ogle,Kerry,democrat,470,1000
11/02/2004,IL,Ogle,Bush,republican,530,1000
11/02/2004,IN,Harrison,Kerry,democrat,470,1000
11/02/2004,IN,Harrison,Bush,republican,530,1000
11/02/2004,KY,Jefferson,Kerry,democrat,580,1000
11/02/2004,KY,Jefferson,Bush,republican,420,1000
11/02/2004,LA,Sabine,Kerry,democrat,420,1000
11/02/2004,LA,Sabine,Bush,republican,580,1000
11/02/2004,IA,Carroll,Kerry,democrat,497,1000
11/02/2004,IA,Carroll,Bush,republican,503,1000
11/02/2004,LA,West_Carroll,Kerry,democrat,420,1000
11/02/2004,LA,West_Carroll,Bush,republican,580,1000
11/02/2004,MI,Ottawa,Kerry,democrat,490,1000
11/02/2004,MI,Ottawa,Bush,republican,510,1000
11/02/2004,MI,Alpena,Kerry,democrat,470,1000
11/02/2004,MI,Alpena,Bush,republican,530,1000
11/02/2004,MS,Sharkey,Kerry,democrat,470,1000
11/02/2004,MS,Sharkey,Bush,republican,530,1000
11/02/2004,NY,Erie,Kerry,democrat,580,1000
11/02/2004,NY,Erie,Bush,republican,420,1000
11/02/2004,VA,Dinwiddie,Kerry,democrat,470,1000
11/02/2004,VA,Dinwiddie,Bush,republican,530,1000
11/02/2004,VA,Clarke,Kerry,democrat,470,1000
11/02/2004,VA,Clarke,Bush,republican,530,1000
11/02/2004,NM,Mora,Kerry,democrat,580,1000
11/02/2004,NM,Mora,Bush,republican,420,1000
11/02/2004,MN,Sibley,Kerry,democrat,470,1000
11/02/2004,MN,Sibley,Bush,republican,530,1000
11/02/2004,TN,Grundy,Kerry,democrat,420,1000
11/02/2004,TN,Grundy,Bush,republican,580,1000
11/02/2004,TX,DeWitt,Kerry,democrat,420,1000
11/02/2004,TX,DeWitt,Bush,republican,580,1000
11/02/2004,VA,Northampton,Kerry,democrat,580,1000
11/02/2004,VA,Northampton,Bush,republican,420,1000
11/02/2004,NY,Lewis,Kerry,democrat,420,1000
11/02/2004,NY,Lewis,Bush,republican,580,1000
11/02/2004,CA,Solano,Kerry,democrat,580,1000
11/02/2004,CA,Solano,Bush,republican,420,1000
11/02/2004,NC,Camden,Kerry,democrat,580,1000
11/02/2004,NC,Camden,Bush,republican,420,1000
11/02/2004,NC,Chowan,Kerry,democrat,580,1000
11/02/2004,NC,Chowan,Bush,republican,420,1000
11/02/2004,MN,Traverse,Kerry,democrat,470,1000
11/02/2004,MN,Traverse,Bush,republican,530,1000
11/02/2004,MO,St_Louis_County,Kerry,democrat,580,1000
11/02/2004,MO,St_Louis_County,Bush,republican,420,1000
11/02/2004,MS,Union,Kerry,democrat,420,1000
11/02/2004,MS,Union,Bush,republican,580,1000
11/02/2004,NY,Livingston,Kerry,democrat,470,1000
11/02/2004,NY,Livingston,Bush,republican,530,1000
11/02/2004,OK,Washington,Kerry,democrat,420,1000
11/02/2004,OK,Washington,Bush,republican,580,1000
11/02/2004,NC,Currituck,Kerry,democrat,580,1000
11/02/2004,NC,Currituck,Bush,republican,420,1000
11/02/2004,OK,Le_Flore,Kerry,democrat,420,1000
11/02/2004,OK,Le_Flore,Bush,republican,580,1000
11/02/2004,NE,Knox,Kerry,democrat,420,1000
11/02/2004,NE,Knox,Bush,republican,580,1000
11/02/2004,TX,Zavala,Kerry,democrat,420,1000
11/02/2004,TX,Zavala,Bush,republican,580,1000
11/02/2004,VA,Craig,Kerry,democrat,420,1000
11/02/2004,VA,Craig,Bush,republican,580,1000
11/02/2004,CO,Mineral,Kerry,democrat,470,1000
11/02/2004,CO,Mineral,Bush,republican,530,1000
11/02/2004,TX,Crane,Kerry,democrat,420,1000
11/02/2004,TX,Crane,Bush,republican,580,1000
11/02/2004,TN,Haywood,Kerry,democrat,530,1000
11/02/2004,TN,Haywood,Bush,republican,470,1000
11/02/2004,WV,Preston,Kerry,democrat,420,1000
11/02/2004,WV,Preston,Bush,republican,580,1000
11/02/2004,SD,Haakon,Kerry,democrat,420,1000
11/02/2004,SD,Haakon,Bush,republican,580,1000
11/02/2004,GA,Sumter,Kerry,democrat,530,1000
11/02/2004,GA,Sumter,Bush,republican,470,1000
11/02/2004,CA,Del_Norte,Kerry,democrat,470,1000
11/02/2004,CA,Del_Norte,Bush,republican,530,1000
11/02/2004,NY,Oswego,Kerry,democrat,490,1000
11/02/2004,NY,Oswego,Bush,republican,510,1000
11/02/2004,CA,Yolo,Kerry,democrat,470,1000
11/02/2004,CA,Yolo,Bush,republican,530,1000
11/02/2004,SC,Lancaster,Kerry,democrat,490,1000
11/02/2004,SC,Lancaster,Bush,republican,510,1000
11/02/2004,SD,Harding,Kerry,democrat,420,1000
11/02/2004,SD,Harding,Bush,republican,580,1000
11/02/2004,MO,Franklin,Kerry,democrat,420,1000
11/02/2004,MO,Franklin,Bush,republican,580,1000
11/02/2004,NJ,Union,Kerry,democrat,580,1000
11/02/2004,NJ,Union,Bush,republican,420,1000
11/02/2004,NM,Union,Kerry,democrat,420,1000
11/02/2004,NM,Union,Bush,republican,580,1000
11/02/2004,VT,Caledonia,Kerry,democrat,580,1000
11/02/2004,VT,Caledonia,Bush,republican,420,1000
11/02/2004,WA,Pierce,Kerry,democrat,580,1000
11/02/2004,WA,Pierce,Bush,republican,420,1000
11/02/2004,WI,Rock,Kerry,democrat,503,1000
11/02/2004,WI,Rock,Bush,republican,497,1000
11/02/2004,MI,Allegan,Kerry,democrat,470,1000
11/02/2004,MI,Allegan,Bush,republican,530,1000
11/02/2004,KY,Hancock,Kerry,democrat,420,1000
11/02/2004,KY,Hancock,Bush,republican,580,1000
11/02/2004,ID,Gem,Kerry,democrat,420,1000
11/02/2004,ID,Gem,Bush,republican,580,1000
11/02/2004,NM,McKinley,Kerry,democrat,580,1000
11/02/2004,NM,McKinley,Bush,republican,420,1000
11/02/2004,MD,Baltimore,Kerry,democrat,580,1000
11/02/2004,MD,Baltimore,Bush,republican,420,1000
11/02/2004,LA,Jefferson,Kerry,democrat,503,1000
11/02/2004,LA,Jefferson,Bush,republican,497,1000
11/02/2004,NY,Putnam,Kerry,democrat,470,1000
11/02/2004,NY,Putnam,Bush,republican,530,1000
11/02/2004,TX,Llano,Kerry,democrat,420,1000
11/02/2004,TX,Llano,Bush,republican,580,1000
11/02/2004,VA,Newport_News,Kerry,democrat,580,1000
11/02/2004,VA,Newport_News,Bush,republican,420,1000
11/02/2004,NM,Lea,Kerry,democrat,420,1000
11/02/2004,NM,Lea,Bush,republican,580,1000
11/02/2004,NE,Saline,Kerry,democrat,490,1000
11/02/2004,NE,Saline,Bush,republican,510,1000
11/02/2004,WA,Cowlitz,Kerry,democrat,530,1000
11/02/2004,WA,Cowlitz,Bush,republican,470,1000
11/02/2004,WY,Lincoln,Kerry,democrat,420,1000
11/02/2004,WY,Lincoln,Bush,republican,580,1000
11/02/2004,AR,Hempstead,Kerry,democrat,420,1000
11/02/2004,AR,Hempstead,Bush,republican,580,1000
11/02/2004,GA,Clayton,Kerry,democrat,580,1000
11/02/2004,GA,Clayton,Bush,republican,420,1000
11/02/2004,IL,Greene,Kerry,democrat,420,1000
11/02/2004,IL,Greene,Bush,republican,580,1000
11/02/2004,IN,Morgan,Kerry,democrat,420,1000
11/02/2004,IN,Morgan,Bush,republican,580,1000
11/02/2004,AR,Franklin,Kerry,democrat,420,1000
11/02/2004,AR,Franklin,Bush,republican,580,1000
11/02/2004,ID,Canyon,Kerry,democrat,420,1000
11/02/2004,ID,Canyon,Bush,republican,580,1000
11/02/2004,IL,Williamson,Kerry,democrat,420,1000
11/02/2004,IL,Williamson,Bush,republican,580,1000
11/02/2004,IA,Wright,Kerry,democrat,470,1000
11/02/2004,IA,Wright,Bush,republican,530,1000
11/02/2004,IA,Henry,Kerry,democrat,530,1000
11/02/2004,IA,Henry,Bush,republican,470,1000
11/02/2004,CO,Saguache,Kerry,democrat,580,1000
11/02/2004,CO,Saguache,Bush,republican,420,1000
11/02/2004,KY,Henry,Kerry,democrat,420,1000
11/02/2004,KY,Henry,Bush,republican,580,1000
11/02/2004,OH,Brown,Kerry,democrat,420,1000
11/02/2004,OH,Brown,Bush,republican,580,1000
11/02/2004,GA,Ware,Kerry,democrat,420,1000
11/02/2004,GA,Ware,Bush,republican,580,1000
11/02/2004,SC,Florence,Kerry,democrat,510,1000
11/02/2004,SC,Florence,Bush,republican,490,1000
11/02/2004,NC,Brunswick,Kerry,democrat,530,1000
11/02/2004,NC,Brunswick,Bush,republican,470,1000
11/02/2004,SD,Meade,Kerry,democrat,420,1000
11/02/2004,SD,Meade,Bush,republican,580,1000
11/02/2004,NV,Lincoln,Kerry,democrat,420,1000
11/02/2004,NV,Lincoln,Bush,republican,580,1000
11/02/2004,NC,Durham,Kerry,democrat,580,1000
11/02/2004,NC,Durham,Bush,republican,420,1000
11/02/2004,OH,Tuscarawas,Kerry,democrat,470,1000
11/02/2004,OH,Tuscarawas,Bush,republican,530,1000
11/02/2004,OR,Benton,Kerry,democrat,580,1000
11/02/2004,OR,Benton,Bush,republican,420,1000
11/02/2004,PA,Somerset,Kerry,democrat,420,1000
11/02/2004,PA,Somerset,Bush,republican,580,1000
11/02/2004,KS,Pottawatomie,Kerry,democrat,420,1000
11/02/2004,KS,Pottawatomie,Bush,republican,580,1000
11/02/2004,KY,Knott,Kerry,democrat,420,1000
11/02/2004,KY,Knott,Bush,republican,580,1000
11/02/2004,GA,Wilkinson,Kerry,democrat,470,1000
11/02/2004,GA,Wilkinson,Bush,republican,530,1000
11/02/2004,NV,Pershing,Kerry,democrat,420,1000
11/02/2004,NV,Pershing,Bush,republican,580,1000
11/02/2004,NY,Oneida,Kerry,democrat,470,1000
11/02/2004,NY,Oneida,Bush,republican,530,1000
11/02/2004,OK,Comanche,Kerry,democrat,420,1000
11/02/2004,OK,Comanche,Bush,republican,580,1000
11/02/2004,MT,Sheridan,Kerry,democrat,420,1000
11/02/2004,MT,Sheridan,Bush,republican,580,1000
11/02/2004,ME,Franklin,Kerry,democrat,580,1000
11/02/2004,ME,Franklin,Bush,republican,420,1000
11/02/2004,NC,Cabarrus,Kerry,democrat,530,1000
11/02/2004,NC,Cabarrus,Bush,republican,470,1000
11/02/2004,ND,Stark,Kerry,democrat,420,1000
11/02/2004,ND,Stark,Bush,republican,580,1000
11/02/2004,OH,Warren,Kerry,democrat,470,1000
11/02/2004,OH,Warren,Bush,republican,530,1000
11/02/2004,OH,Portage,Kerry,democrat,530,1000
11/02/2004,OH,Portage,Bush,republican,470,1000
11/02/2004,PA,Indiana,Kerry,democrat,420,1000
11/02/2004,PA,Indiana,Bush,republican,580,1000
11/02/2004,FL,Baker,Kerry,democrat,420,1000
11/02/2004,FL,Baker,Bush,republican,580,1000
11/02/2004,GA,Cook,Kerry,democrat,420,1000
11/02/2004,GA,Cook,Bush,republican,580,1000
11/02/2004,MN,Crow_Wing,Kerry,democrat,420,1000
11/02/2004,MN,Crow_Wing,Bush,republican,580,1000
11/02/2004,MT,Rosebud,Kerry,democrat,510,1000
11/02/2004,MT,Rosebud,Bush,republican,490,1000
11/02/2004,MS,Carroll,Kerry,democrat,470,1000
11/02/2004,MS,Carroll,Bush,republican,530,1000
11/02/2004,ND,Benson,Kerry,democrat,420,1000
11/02/2004,ND,Benson,Bush,republican,580,1000
11/02/2004,IN,Delaware,Kerry,democrat,530,1000
11/02/2004,IN,Delaware,Bush,republican,470,1000
11/02/2004,MN,Itasca,Kerry,democrat,470,1000
11/02/2004,MN,Itasca,Bush,republican,530,1000
11/02/2004,TN,Knox,Kerry,democrat,470,1000
11/02/2004,TN,Knox,Bush,republican,530,1000
11/02/2004,TX,Potter,Kerry,democrat,420,1000
11/02/2004,TX,Potter,Bush,republican,580,1000
11/02/2004,VA,Richmond,Kerry,democrat,580,1000
11/02/2004,VA,Richmond,Bush,republican,420,1000
11/02/2004,VA,Charles_City,Kerry,democrat,580,1000
11/02/2004,VA,Charles_City,Bush,republican,420,1000
11/02/2004,ND,Pierce,Kerry,democrat,420,1000
11/02/2004,ND,Pierce,Bush,republican,580,1000
11/02/2004,ND,Golden_Valley,Kerry,democrat,420,1000
11/02/2004,ND,Golden_Valley,Bush,republican,580,1000
11/02/2004,TN,Crockett,Kerry,democrat,420,1000
11/02/2004,TN,Crockett,Bush,republican,580,1000
11/02/2004,MT,Valley,Kerry,democrat,420,1000
11/02/2004,MT,Valley,Bush,republican,580,1000
11/02/2004,VA,Augusta,Kerry,democrat,420,1000
11/02/2004,VA,Augusta,Bush,republican,580,1000
11/02/2004,NE,Kearney,Kerry,democrat,420,1000
11/02/2004,NE,Kearney,Bush,republican,580,1000
11/02/2004,WV,Wood,Kerry,democrat,420,1000
11/02/2004,WV,Wood,Bush,republican,580,1000
11/02/2004,SC,Newberry,Kerry,democrat,470,1000
11/02/2004,SC,Newberry,Bush,republican,530,1000
11/02/2004,LA,Caldwell,Kerry,democrat,420,1000
11/02/2004,LA,Caldwell,Bush,republican,580,1000
11/02/2004,TX,Brazos,Kerry,democrat,470,1000
11/02/2004,TX,Brazos,Bush,republican,530,1000
11/02/2004,WA,Yakima,Kerry,democrat,530,1000
11/02/2004,WA,Yakima,Bush,republican,470,1000
11/02/2004,WI,Jefferson,Kerry,democrat,470,1000
11/02/2004,WI,Jefferson,Bush,republican,530,1000
11/02/2004,TX,Oldham,Kerry,democrat,420,1000
11/02/2004,TX,Oldham,Bush,republican,580,1000
11/02/2004,KS,Wyandotte,Kerry,democrat,580,1000
11/02/2004,KS,Wyandotte,Bush,republican,420,1000
11/02/2004,LA,Terrebonne,Kerry,democrat,420,1000
11/02/2004,LA,Terrebonne,Bush,republican,580,1000
11/02/2004,OK,Sequoyah,Kerry,democrat,420,1000
11/02/2004,OK,Sequoyah,Bush,republican,580,1000
11/02/2004,OR,Klamath,Kerry,democrat,420,1000
11/02/2004,OR,Klamath,Bush,republican,580,1000
11/02/2004,TX,Kenedy,Kerry,democrat,420,1000
11/02/2004,TX,Kenedy,Bush,republican,580,1000
11/02/2004,CA,Alpine,Kerry,democrat,580,1000
11/02/2004,CA,Alpine,Bush,republican,420,1000
11/02/2004,GA,Walker,Kerry,democrat,420,1000
11/02/2004,GA,Walker,Bush,republican,580,1000
11/02/2004,ID,Clearwater,Kerry,democrat,470,1000
11/02/2004,ID,Clearwater,Bush,republican,530,1000
11/02/2004,WV,Hardy,Kerry,democrat,420,1000
11/02/2004,WV,Hardy,Bush,republican,580,1000
11/02/2004,FL,Bradford,Kerry,democrat,420,1000
11/02/2004,FL,Bradford,Bush,republican,580,1000
11/02/2004,WV,Wetzel,Kerry,democrat,420,1000
11/02/2004,WV,Wetzel,Bush,republican,580,1000
11/02/2004,OH,Fulton,Kerry,democrat,420,1000
11/02/2004,OH,Fulton,Bush,republican,580,1000
11/02/2004,TN,Bradley,Kerry,democrat,470,1000
11/02/2004,TN,Bradley,Bush,republican,530,1000
11/02/2004,TX,Newton,Kerry,democrat,420,1000
11/02/2004,TX,Newton,Bush,republican,580,1000
11/02/2004,TN,Bledsoe,Kerry,democrat,420,1000
11/02/2004,TN,Bledsoe,Bush,republican,580,1000
11/02/2004,WV,Tucker,Kerry,democrat,420,1000
11/02/2004,WV,Tucker,Bush,republican,580,1000
11/02/2004,AK,Yakutat,Kerry,democrat,420,1000
11/02/2004,AK,Yakutat,Bush,republican,580,1000
11/02/2004,MI,Gladwin,Kerry,democrat,470,1000
11/02/2004,MI,Gladwin,Bush,republican,530,1000
11/02/2004,NC,Person,Kerry,democrat,497,1000
11/02/2004,NC,Person,Bush,republican,503,1000
11/02/2004,NV,White_Pine,Kerry,democrat,420,1000
11/02/2004,NV,White_Pine,Bush,republican,580,1000
11/02/2004,IN,Adams,Kerry,democrat,420,1000
11/02/2004,IN,Adams,Bush,republican,580,1000
11/02/2004,TN,Cumberland,Kerry,democrat,420,1000
11/02/2004,TN,Cumberland,Bush,republican,580,1000
11/02/2004,NV,Nye,Kerry,democrat,470,1000
11/02/2004,NV,Nye,Bush,republican,530,1000
11/02/2004,KS,Leavenworth,Kerry,democrat,470,1000
11/02/2004,KS,Leavenworth,Bush,republican,530,1000
11/02/2004,IN,Warrick,Kerry,democrat,470,1000
11/02/2004,IN,Warrick,Bush,republican,530,1000
11/02/2004,MI,Iron,Kerry,democrat,420,1000
11/02/2004,MI,Iron,Bush,republican,580,1000
11/02/2004,MS,Lowndes,Kerry,democrat,420,1000
11/02/2004,MS,Lowndes,Bush,republican,580,1000
11/02/2004,MO,St_Louis_City,Kerry,democrat,580,1000
11/02/2004,MO,St_Louis_City,Bush,republican,420,1000
11/02/2004,MN,Meeker,Kerry,democrat,420,1000
11/02/2004,MN,Meeker,Bush,republican,580,1000
11/02/2004,TN,Monroe,Kerry,democrat,420,1000
11/02/2004,TN,Monroe,Bush,republican,580,1000
11/02/2004,MS,Holmes,Kerry,democrat,470,1000
11/02/2004,MS,Holmes,Bush,republican,530,1000
11/02/2004,MS,Oktibbeha,Kerry,democrat,420,1000
11/02/2004,MS,Oktibbeha,Bush,republican,580,1000
11/02/2004,VA,Giles,Kerry,democrat,420,1000
11/02/2004,VA,Giles,Bush,republican,580,1000
11/02/2004,FL,Hillsborough,Kerry,democrat,580,1000
11/02/2004,FL,Hillsborough,Bush,republican,420,1000
11/02/2004,GA,Haralson,Kerry,democrat,420,1000
11/02/2004,GA,Haralson,Bush,republican,580,1000
11/02/2004,KS,Cowley,Kerry,democrat,420,1000
11/02/2004,KS,Cowley,Bush,republican,580,1000
11/02/2004,KY,Henderson,Kerry,democrat,530,1000
11/02/2004,KY,Henderson,Bush,republican,470,1000
11/02/2004,TX,Grayson,Kerry,democrat,420,1000
11/02/2004,TX,Grayson,Bush,republican,580,1000
11/02/2004,AL,Cleburne,Kerry,democrat,420,1000
11/02/2004,AL,Cleburne,Bush,republican,580,1000
11/02/2004,NJ,Ocean,Kerry,democrat,470,1000
11/02/2004,NJ,Ocean,Bush,republican,530,1000
11/02/2004,AL,Autauga,Kerry,democrat,420,1000
11/02/2004,AL,Autauga,Bush,republican,580,1000
11/02/2004,GA,Bibb,Kerry,democrat,580,1000
11/02/2004,GA,Bibb,Bush,republican,420,1000
11/02/2004,NJ,Monmouth,Kerry,democrat,530,1000
11/02/2004,NJ,Monmouth,Bush,republican,470,1000
11/02/2004,NM,Rio_Arriba,Kerry,democrat,580,1000
11/02/2004,NM,Rio_Arriba,Bush,republican,420,1000
11/02/2004,NY,Wayne,Kerry,democrat,470,1000
11/02/2004,NY,Wayne,Bush,republican,530,1000
11/02/2004,OR,Lincoln,Kerry,democrat,580,1000
11/02/2004,OR,Lincoln,Bush,republican,420,1000
11/02/2004,VA,Bath,Kerry,democrat,420,1000
11/02/2004,VA,Bath,Bush,republican,580,1000
11/02/2004,WV,Fayette,Kerry,democrat,420,1000
11/02/2004,WV,Fayette,Bush,republican,580,1000
11/02/2004,WV,Kanawha,Kerry,democrat,530,1000
11/02/2004,WV,Kanawha,Bush,republican,470,1000
11/02/2004,KY,Carroll,Kerry,democrat,420,1000
11/02/2004,KY,Carroll,Bush,republican,580,1000
11/02/2004,MD,Montgomery,Kerry,democrat,580,1000
11/02/2004,MD,Montgomery,Bush,republican,420,1000
11/02/2004,MA,Franklin,Kerry,democrat,580,1000
11/02/2004,MA,Franklin,Bush,republican,420,1000
11/02/2004,MS,DeSoto,Kerry,democrat,420,1000
11/02/2004,MS,DeSoto,Bush,republican,580,1000
11/02/2004,TX,McCulloch,Kerry,democrat,420,1000
11/02/2004,TX,McCulloch,Bush,republican,580,1000
11/02/2004,NV,Esmeralda,Kerry,democrat,420,1000
11/02/2004,NV,Esmeralda,Bush,republican,580,1000
11/02/2004,IN,Carroll,Kerry,democrat,420,1000
11/02/2004,IN,Carroll,Bush,republican,580,1000
11/02/2004,MI,Ogemaw,Kerry,democrat,470,1000
11/02/2004,MI,Ogemaw,Bush,republican,530,1000
11/02/2004,MI,St_Clair,Kerry,democrat,470,1000
11/02/2004,MI,St_Clair,Bush,republican,530,1000
11/02/2004,RI,Providence,Kerry,democrat,580,1000
11/02/2004,RI,Providence,Bush,republican,420,1000
11/02/2004,TN,Montgomery,Kerry,democrat,530,1000
11/02/2004,TN,Montgomery,Bush,republican,470,1000
11/02/2004,TX,Parmer,Kerry,democrat,420,1000
11/02/2004,TX,Parmer,Bush,republican,580,1000
11/02/2004,VA,Accomack,Kerry,democrat,490,1000
11/02/2004,VA,Accomack,Bush,republican,510,1000
11/02/2004,MS,Yalobusha,Kerry,democrat,470,1000
11/02/2004,MS,Yalobusha,Bush,republican,530,1000
11/02/2004,OH,Lucas,Kerry,democrat,580,1000
11/02/2004,OH,Lucas,Bush,republican,420,1000
11/02/2004,AR,Crittenden,Kerry,democrat,530,1000
11/02/2004,AR,Crittenden,Bush,republican,470,1000
11/02/2004,MN,Hennepin,Kerry,democrat,580,1000
11/02/2004,MN,Hennepin,Bush,republican,420,1000
11/02/2004,NE,Richardson,Kerry,democrat,420,1000
11/02/2004,NE,Richardson,Bush,republican,580,1000
11/02/2004,OR,Lake,Kerry,democrat,420,1000
11/02/2004,OR,Lake,Bush,republican,580,1000
11/02/2004,MO,Howell,Kerry,democrat,420,1000
11/02/2004,MO,Howell,Bush,republican,580,1000
11/02/2004,ND,Bottineau,Kerry,democrat,420,1000
11/02/2004,ND,Bottineau,Bush,republican,580,1000
11/02/2004,NC,Warren,Kerry,democrat,580,1000
11/02/2004,NC,Warren,Bush,republican,420,1000
11/02/2004,MI,Monroe,Kerry,democrat,490,1000
11/02/2004,MI,Monroe,Bush,republican,510,1000
11/02/2004,MT,Blaine,Kerry,democrat,420,1000
11/02/2004,MT,Blaine,Bush,republican,580,1000
11/02/2004,WV,Wayne,Kerry,democrat,420,1000
11/02/2004,WV,Wayne,Bush,republican,580,1000
11/02/2004,WI,St_Croix,Kerry,democrat,470,1000
11/02/2004,WI,St_Croix,Bush,republican,530,1000
11/02/2004,CO,Chaffee,Kerry,democrat,530,1000
11/02/2004,CO,Chaffee,Bush,republican,470,1000
11/02/2004,WA,Chelan,Kerry,democrat,510,1000
11/02/2004,WA,Chelan,Bush,republican,490,1000
11/02/2004,FL,Flagler,Kerry,democrat,510,1000
11/02/2004,FL,Flagler,Bush,republican,490,1000
11/02/2004,FL,Gadsden,Kerry,democrat,420,1000
11/02/2004,FL,Gadsden,Bush,republican,580,1000
11/02/2004,FL,Leon,Kerry,democrat,420,1000
11/02/2004,FL,Leon,Bush,republican,580,1000
11/02/2004,FL,Putnam,Kerry,democrat,420,1000
11/02/2004,FL,Putnam,Bush,republican,580,1000
11/02/2004,VT,Rutland,Kerry,democrat,580,1000
11/02/2004,VT,Rutland,Bush,republican,420,1000
11/02/2004,AL,Montgomery,Kerry,democrat,420,1000
11/02/2004,AL,Montgomery,Bush,republican,580,1000
11/02/2004,AR,Perry,Kerry,democrat,420,1000
11/02/2004,AR,Perry,Bush,republican,580,1000
11/02/2004,MI,Tuscola,Kerry,democrat,420,1000
11/02/2004,MI,Tuscola,Bush,republican,580,1000
11/02/2004,ND,Grant,Kerry,democrat,420,1000
11/02/2004,ND,Grant,Bush,republican,580,1000
11/02/2004,WI,Chippewa,Kerry,democrat,470,1000
11/02/2004,WI,Chippewa,Bush,republican,530,1000
11/02/2004,IN,Blackford,Kerry,democrat,470,1000
11/02/2004,IN,Blackford,Bush,republican,530,1000
11/02/2004,IN,Wells,Kerry,democrat,420,1000
11/02/2004,IN,Wells,Bush,republican,580,1000
11/02/2004,KS,Douglas,Kerry,democrat,580,1000
11/02/2004,KS,Douglas,Bush,republican,420,1000
11/02/2004,KS,Jackson,Kerry,democrat,420,1000
11/02/2004,KS,Jackson,Bush,republican,580,1000
11/02/2004,GA,Barrow,Kerry,democrat,420,1000
11/02/2004,GA,Barrow,Bush,republican,580,1000
11/02/2004,GA,Telfair,Kerry,democrat,420,1000
11/02/2004,GA,Telfair,Bush,republican,580,1000
11/02/2004,IL,Montgomery,Kerry,democrat,420,1000
11/02/2004,IL,Montgomery,Bush,republican,580,1000
11/02/2004,IN,Lawrence,Kerry,democrat,420,1000
11/02/2004,IN,Lawrence,Bush,republican,580,1000
11/02/2004,IA,Montgomery,Kerry,democrat,420,1000
11/02/2004,IA,Montgomery,Bush,republican,580,1000
11/02/2004,KY,Scott,Kerry,democrat,420,1000
11/02/2004,KY,Scott,Bush,republican,580,1000
11/02/2004,KY,Muhlenberg,Kerry,democrat,470,1000
11/02/2004,KY,Muhlenberg,Bush,republican,530,1000
11/02/2004,LA,Assumption,Kerry,democrat,470,1000
11/02/2004,LA,Assumption,Bush,republican,530,1000
11/02/2004,FL,Santa_Rosa,Kerry,democrat,420,1000
11/02/2004,FL,Santa_Rosa,Bush,republican,580,1000
11/02/2004,FL,Orange,Kerry,democrat,580,1000
11/02/2004,FL,Orange,Bush,republican,420,1000
11/02/2004,FL,Seminole,Kerry,democrat,530,1000
11/02/2004,FL,Seminole,Bush,republican,470,1000
11/02/2004,FL,Walton,Kerry,democrat,420,1000
11/02/2004,FL,Walton,Bush,republican,580,1000
11/02/2004,GA,Decatur,Kerry,democrat,470,1000
11/02/2004,GA,Decatur,Bush,republican,530,1000
11/02/2004,GA,Dougherty,Kerry,democrat,580,1000
11/02/2004,GA,Dougherty,Bush,republican,420,1000
11/02/2004,CA,Fresno,Kerry,democrat,530,1000
11/02/2004,CA,Fresno,Bush,republican,470,1000
11/02/2004,GA,Washington,Kerry,democrat,530,1000
11/02/2004,GA,Washington,Bush,republican,470,1000
11/02/2004,IN,Hancock,Kerry,democrat,420,1000
11/02/2004,IN,Hancock,Bush,republican,580,1000
11/02/2004,KS,Jefferson,Kerry,democrat,470,1000
11/02/2004,KS,Jefferson,Bush,republican,530,1000
11/02/2004,NV,Elko,Kerry,democrat,420,1000
11/02/2004,NV,Elko,Bush,republican,580,1000
11/02/2004,LA,Tangipahoa,Kerry,democrat,420,1000
11/02/2004,LA,Tangipahoa,Bush,republican,580,1000
11/02/2004,LA,West_Baton_Rouge,Kerry,democrat,530,1000
11/02/2004,LA,West_Baton_Rouge,Bush,republican,470,1000
11/02/2004,AL,Greene,Kerry,democrat,420,1000
11/02/2004,AL,Greene,Bush,republican,580,1000
11/02/2004,NY,Madison,Kerry,democrat,503,1000
11/02/2004,NY,Madison,Bush,republican,497,1000
11/02/2004,NC,Sampson,Kerry,democrat,420,1000
11/02/2004,NC,Sampson,Bush,republican,580,1000
11/02/2004,OK,Rogers,Kerry,democrat,420,1000
11/02/2004,OK,Rogers,Bush,republican,580,1000
11/02/2004,OK,Hughes,Kerry,democrat,420,1000
11/02/2004,OK,Hughes,Bush,republican,580,1000
11/02/2004,TN,Humphreys,Kerry,democrat,420,1000
11/02/2004,TN,Humphreys,Bush,republican,580,1000
11/02/2004,TX,Rusk,Kerry,democrat,420,1000
11/02/2004,TX,Rusk,Bush,republican,580,1000
11/02/2004,TX,Shelby,Kerry,democrat,420,1000
11/02/2004,TX,Shelby,Bush,republican,580,1000
11/02/2004,GA,Mitchell,Kerry,democrat,470,1000
11/02/2004,GA,Mitchell,Bush,republican,530,1000
11/02/2004,GA,Thomas,Kerry,democrat,420,1000
11/02/2004,GA,Thomas,Bush,republican,580,1000
11/02/2004,MS,Wilkinson,Kerry,democrat,530,1000
11/02/2004,MS,Wilkinson,Bush,republican,470,1000
11/02/2004,MS,Bolivar,Kerry,democrat,580,1000
11/02/2004,MS,Bolivar,Bush,republican,420,1000
11/02/2004,MS,Clay,Kerry,democrat,420,1000
11/02/2004,MS,Clay,Bush,republican,580,1000
11/02/2004,MS,Lincoln,Kerry,democrat,420,1000
11/02/2004,MS,Lincoln,Bush,republican,580,1000
11/02/2004,CO,Grand,Kerry,democrat,497,1000
11/02/2004,CO,Grand,Bush,republican,503,1000
11/02/2004,KY,Nelson,Kerry,democrat,420,1000
11/02/2004,KY,Nelson,Bush,republican,580,1000
11/02/2004,MI,Shiawassee,Kerry,democrat,470,1000
11/02/2004,MI,Shiawassee,Bush,republican,530,1000
11/02/2004,MI,Crawford,Kerry,democrat,420,1000
11/02/2004,MI,Crawford,Bush,republican,580,1000
11/02/2004,MO,Lincoln,Kerry,democrat,420,1000
11/02/2004,MO,Lincoln,Bush,republican,580,1000
11/02/2004,VA,Arlington,Kerry,democrat,580,1000
11/02/2004,VA,Arlington,Bush,republican,420,1000
11/02/2004,IN,Hamilton,Kerry,democrat,530,1000
11/02/2004,IN,Hamilton,Bush,republican,470,1000
11/02/2004,MO,Boone,Kerry,democrat,580,1000
11/02/2004,MO,Boone,Bush,republican,420,1000
11/02/2004,IN,Putnam,Kerry,democrat,420,1000
11/02/2004,IN,Putnam,Bush,republican,580,1000
11/02/2004,IA,Des_Moines,Kerry,democrat,580,1000
11/02/2004,IA,Des_Moines,Bush,republican,420,1000
11/02/2004,VA,Roanoke,Kerry,democrat,420,1000
11/02/2004,VA,Roanoke,Bush,republican,580,1000
11/02/2004,IA,Louisa,Kerry,democrat,510,1000
11/02/2004,IA,Louisa,Bush,republican,490,1000
11/02/2004,WI,Marquette,Kerry,democrat,470,1000
11/02/2004,WI,Marquette,Bush,republican,530,1000
11/02/2004,WA,Franklin,Kerry,democrat,510,1000
11/02/2004,WA,Franklin,Bush,republican,490,1000
11/02/2004,WY,Carbon,Kerry,democrat,420,1000
11/02/2004,WY,Carbon,Bush,republican,580,1000
11/02/2004,OH,Monroe,Kerry,democrat,470,1000
11/02/2004,OH,Monroe,Bush,republican,530,1000
11/02/2004,TX,Fayette,Kerry,democrat,420,1000
11/02/2004,TX,Fayette,Bush,republican,580,1000
11/02/2004,TN,Cannon,Kerry,democrat,420,1000
11/02/2004,TN,Cannon,Bush,republican,580,1000
11/02/2004,WV,Monroe,Kerry,democrat,420,1000
11/02/2004,WV,Monroe,Bush,republican,580,1000
11/02/2004,MS,Harrison,Kerry,democrat,530,1000
11/02/2004,MS,Harrison,Bush,republican,470,1000
11/02/2004,WV,Nicholas,Kerry,democrat,420,1000
11/02/2004,WV,Nicholas,Bush,republican,580,1000
11/02/2004,WA,Kitsap,Kerry,democrat,580,1000
11/02/2004,WA,Kitsap,Bush,republican,420,1000
11/02/2004,WI,Green,Kerry,democrat,470,1000
11/02/2004,WI,Green,Bush,republican,530,1000
11/02/2004,AZ,Graham,Kerry,democrat,420,1000
11/02/2004,AZ,Graham,Bush,republican,580,1000
11/02/2004,AR,Pope,Kerry,democrat,420,1000
11/02/2004,AR,Pope,Bush,republican,580,1000
11/02/2004,OR,Clackamas,Kerry,democrat,580,1000
11/02/2004,OR,Clackamas,Bush,republican,420,1000
11/02/2004,KS,Graham,Kerry,democrat,420,1000
11/02/2004,KS,Graham,Bush,republican,580,1000
11/02/2004,KS,Jewell,Kerry,democrat,420,1000
11/02/2004,KS,Jewell,Bush,republican,580,1000
11/02/2004,MN,Lake_of_the_Woods,Kerry,democrat,420,1000
11/02/2004,MN,Lake_of_the_Woods,Bush,republican,580,1000
11/02/2004,NE,Burt,Kerry,democrat,420,1000
11/02/2004,NE,Burt,Bush,republican,580,1000
11/02/2004,AR,Sebastian,Kerry,democrat,420,1000
11/02/2004,AR,Sebastian,Bush,republican,580,1000
11/02/2004,CO,Dolores,Kerry,democrat,470,1000
11/02/2004,CO,Dolores,Bush,republican,530,1000
11/02/2004,GA,Columbia,Kerry,democrat,470,1000
11/02/2004,GA,Columbia,Bush,republican,530,1000
11/02/2004,ID,Cassia,Kerry,democrat,420,1000
11/02/2004,ID,Cassia,Bush,republican,580,1000
11/02/2004,IN,Clark,Kerry,democrat,490,1000
11/02/2004,IN,Clark,Bush,republican,510,1000
11/02/2004,WV,Pocahontas,Kerry,democrat,420,1000
11/02/2004,WV,Pocahontas,Bush,republican,580,1000
11/02/2004,IN,Randolph,Kerry,democrat,420,1000
11/02/2004,IN,Randolph,Bush,republican,580,1000
11/02/2004,WV,Raleigh,Kerry,democrat,420,1000
11/02/2004,WV,Raleigh,Bush,republican,580,1000
11/02/2004,WV,Wyoming,Kerry,democrat,420,1000
11/02/2004,WV,Wyoming,Bush,republican,580,1000
11/02/2004,CA,Mariposa,Kerry,democrat,470,1000
11/02/2004,CA,Mariposa,Bush,republican,530,1000
11/02/2004,CO,Weld,Kerry,democrat,470,1000
11/02/2004,CO,Weld,Bush,republican,530,1000
11/02/2004,IA,Humboldt,Kerry,democrat,470,1000
11/02/2004,IA,Humboldt,Bush,republican,530,1000
11/02/2004,KS,Shawnee,Kerry,democrat,530,1000
11/02/2004,KS,Shawnee,Bush,republican,470,1000
11/02/2004,KY,Washington,Kerry,democrat,420,1000
11/02/2004,KY,Washington,Bush,republican,580,1000
11/02/2004,MI,Oscoda,Kerry,democrat,420,1000
11/02/2004,MI,Oscoda,Bush,republican,580,1000
11/02/2004,NE,Hamilton,Kerry,democrat,420,1000
11/02/2004,NE,Hamilton,Bush,republican,580,1000
11/02/2004,WI,Clark,Kerry,democrat,470,1000
11/02/2004,WI,Clark,Bush,republican,530,1000
11/02/2004,MT,Carter,Kerry,democrat,420,1000
11/02/2004,MT,Carter,Bush,republican,580,1000
11/02/2004,KS,Ottawa,Kerry,democrat,420,1000
11/02/2004,KS,Ottawa,Bush,republican,580,1000
11/02/2004,KS,Republic,Kerry,democrat,420,1000
11/02/2004,KS,Republic,Bush,republican,580,1000
11/02/2004,NE,Dixon,Kerry,democrat,420,1000
11/02/2004,NE,Dixon,Bush,republican,580,1000
11/02/2004,MN,Redwood,Kerry,democrat,420,1000
11/02/2004,MN,Redwood,Bush,republican,580,1000
11/02/2004,WI,Douglas,Kerry,democrat,580,1000
11/02/2004,WI,Douglas,Bush,republican,420,1000
11/02/2004,KS,Marshall,Kerry,democrat,420,1000
11/02/2004,KS,Marshall,Bush,republican,580,1000
11/02/2004,LA,East_Carroll,Kerry,democrat,580,1000
11/02/2004,LA,East_Carroll,Bush,republican,420,1000
11/02/2004,MD,Somerset,Kerry,democrat,530,1000
11/02/2004,MD,Somerset,Bush,republican,470,1000
11/02/2004,NM,Santa_Fe,Kerry,democrat,580,1000
11/02/2004,NM,Santa_Fe,Bush,republican,420,1000
11/02/2004,AR,Craighead,Kerry,democrat,420,1000
11/02/2004,AR,Craighead,Bush,republican,580,1000
11/02/2004,FL,Pasco,Kerry,democrat,530,1000
11/02/2004,FL,Pasco,Bush,republican,470,1000
11/02/2004,GA,Echols,Kerry,democrat,420,1000
11/02/2004,GA,Echols,Bush,republican,580,1000
11/02/2004,IN,Dearborn,Kerry,democrat,420,1000
11/02/2004,IN,Dearborn,Bush,republican,580,1000
11/02/2004,IA,Allamakee,Kerry,democrat,530,1000
11/02/2004,IA,Allamakee,Bush,republican,470,1000
11/02/2004,NC,Washington,Kerry,democrat,580,1000
11/02/2004,NC,Washington,Bush,republican,420,1000
11/02/2004,OH,Stark,Kerry,democrat,497,1000
11/02/2004,OH,Stark,Bush,republican,503,1000
11/02/2004,OK,Ottawa,Kerry,democrat,420,1000
11/02/2004,OK,Ottawa,Bush,republican,580,1000
11/02/2004,PA,Clearfield,Kerry,democrat,420,1000
11/02/2004,PA,Clearfield,Bush,republican,580,1000
11/02/2004,TN,Gibson,Kerry,democrat,420,1000
11/02/2004,TN,Gibson,Bush,republican,580,1000
11/02/2004,TN,Robertson,Kerry,democrat,420,1000
11/02/2004,TN,Robertson,Bush,republican,580,1000
11/02/2004,KY,Caldwell,Kerry,democrat,420,1000
11/02/2004,KY,Caldwell,Bush,republican,580,1000
11/02/2004,AR,Fulton,Kerry,democrat,420,1000
11/02/2004,AR,Fulton,Bush,republican,580,1000
11/02/2004,LA,Catahoula,Kerry,democrat,420,1000
11/02/2004,LA,Catahoula,Bush,republican,580,1000
11/02/2004,LA,Franklin,Kerry,democrat,420,1000
11/02/2004,LA,Franklin,Bush,republican,580,1000
11/02/2004,GA,Macon,Kerry,democrat,580,1000
11/02/2004,GA,Macon,Bush,republican,420,1000
11/02/2004,MN,Winona,Kerry,democrat,530,1000
11/02/2004,MN,Winona,Bush,republican,470,1000
11/02/2004,NC,Martin,Kerry,democrat,580,1000
11/02/2004,NC,Martin,Bush,republican,420,1000
11/02/2004,OH,Adams,Kerry,democrat,420,1000
11/02/2004,OH,Adams,Bush,republican,580,1000
11/02/2004,NJ,Cape_May,Kerry,democrat,470,1000
11/02/2004,NJ,Cape_May,Bush,republican,530,1000
11/02/2004,NE,Saunders,Kerry,democrat,470,1000
11/02/2004,NE,Saunders,Bush,republican,530,1000
11/02/2004,GA,McDuffie,Kerry,democrat,470,1000
11/02/2004,GA,McDuffie,Bush,republican,530,1000
11/02/2004,GA,Laurens,Kerry,democrat,420,1000
11/02/2004,GA,Laurens,Bush,republican,580,1000
11/02/2004,OR,Umatilla,Kerry,democrat,420,1000
11/02/2004,OR,Umatilla,Bush,republican,580,1000
11/02/2004,GA,Dawson,Kerry,democrat,420,1000
11/02/2004,GA,Dawson,Bush,republican,580,1000
11/02/2004,GA,Jefferson,Kerry,democrat,530,1000
11/02/2004,GA,Jefferson,Bush,republican,470,1000
11/02/2004,AK,Juneau,Kerry,democrat,580,1000
11/02/2004,AK,Juneau,Bush,republican,420,1000
11/02/2004,OK,Kay,Kerry,democrat,420,1000
11/02/2004,OK,Kay,Bush,republican,580,1000
11/02/2004,NY,Warren,Kerry,democrat,530,1000
11/02/2004,NY,Warren,Bush,republican,470,1000
11/02/2004,NY,Saratoga,Kerry,democrat,530,1000
11/02/2004,NY,Saratoga,Bush,republican,470,1000
11/02/2004,LA,St_John_the_Baptist,Kerry,democrat,580,1000
11/02/2004,LA,St_John_the_Baptist,Bush,republican,420,1000
11/02/2004,TX,Hopkins,Kerry,democrat,420,1000
11/02/2004,TX,Hopkins,Bush,republican,580,1000
11/02/2004,NV,Churchill,Kerry,democrat,420,1000
11/02/2004,NV,Churchill,Bush,republican,580,1000
11/02/2004,TX,Williamson,Kerry,democrat,530,1000
11/02/2004,TX,Williamson,Bush,republican,470,1000
11/02/2004,WY,Weston,Kerry,democrat,420,1000
11/02/2004,WY,Weston,Bush,republican,580,1000
11/02/2004,CA,Humboldt,Kerry,democrat,580,1000
11/02/2004,CA,Humboldt,Bush,republican,420,1000
11/02/2004,NJ,Somerset,Kerry,democrat,580,1000
11/02/2004,NJ,Somerset,Bush,republican,420,1000
11/02/2004,TX,Hamilton,Kerry,democrat,420,1000
11/02/2004,TX,Hamilton,Bush,republican,580,1000
11/02/2004,TX,Hardeman,Kerry,democrat,420,1000
11/02/2004,TX,Hardeman,Bush,republican,580,1000
11/02/2004,AK,Aleutians_West,Kerry,democrat,490,1000
11/02/2004,AK,Aleutians_West,Bush,republican,510,1000
11/02/2004,IL,Tazewell,Kerry,democrat,490,1000
11/02/2004,IL,Tazewell,Bush,republican,510,1000
11/02/2004,CO,Yuma,Kerry,democrat,420,1000
11/02/2004,CO,Yuma,Bush,republican,580,1000
11/02/2004,IA,Sac,Kerry,democrat,420,1000
11/02/2004,IA,Sac,Bush,republican,580,1000
11/02/2004,IA,Sioux,Kerry,democrat,420,1000
11/02/2004,IA,Sioux,Bush,republican,580,1000
11/02/2004,TX,Coleman,Kerry,democrat,420,1000
11/02/2004,TX,Coleman,Bush,republican,580,1000
11/02/2004,GA,Bartow,Kerry,democrat,420,1000
11/02/2004,GA,Bartow,Bush,republican,580,1000
11/02/2004,OK,Osage,Kerry,democrat,420,1000
11/02/2004,OK,Osage,Bush,republican,580,1000
11/02/2004,NY,Albany,Kerry,democrat,580,1000
11/02/2004,NY,Albany,Bush,republican,420,1000
11/02/2004,MS,Jefferson,Kerry,democrat,580,1000
11/02/2004,MS,Jefferson,Bush,republican,420,1000
11/02/2004,TN,Lincoln,Kerry,democrat,420,1000
11/02/2004,TN,Lincoln,Bush,republican,580,1000
11/02/2004,VA,Madison,Kerry,democrat,420,1000
11/02/2004,VA,Madison,Bush,republican,580,1000
11/02/2004,OK,Atoka,Kerry,democrat,420,1000
11/02/2004,OK,Atoka,Bush,republican,580,1000
11/02/2004,IA,Dallas,Kerry,democrat,530,1000
11/02/2004,IA,Dallas,Bush,republican,470,1000
11/02/2004,AK,Fairbanks_North_Star,Kerry,democrat,510,1000
11/02/2004,AK,Fairbanks_North_Star,Bush,republican,490,1000
11/02/2004,ND,Pembina,Kerry,democrat,420,1000
11/02/2004,ND,Pembina,Bush,republican,580,1000
11/02/2004,AR,Izard,Kerry,democrat,420,1000
11/02/2004,AR,Izard,Bush,republican,580,1000
11/02/2004,VA,Alexandria,Kerry,democrat,580,1000
11/02/2004,VA,Alexandria,Bush,republican,420,1000
11/02/2004,VA,Buena_Vista,Kerry,democrat,420,1000
11/02/2004,VA,Buena_Vista,Bush,republican,580,1000
11/02/2004,IA,Polk,Kerry,democrat,580,1000
11/02/2004,IA,Polk,Bush,republican,420,1000
11/02/2004,FL,Polk,Kerry,democrat,530,1000
11/02/2004,FL,Polk,Bush,republican,470,1000
11/02/2004,GA,Early,Kerry,democrat,470,1000
11/02/2004,GA,Early,Bush,republican,530,1000
11/02/2004,TX,Terrell,Kerry,democrat,420,1000
11/02/2004,TX,Terrell,Bush,republican,580,1000
11/02/2004,IL,Wayne,Kerry,democrat,420,1000
11/02/2004,IL,Wayne,Bush,republican,580,1000
11/02/2004,FL,Sumter,Kerry,democrat,470,1000
11/02/2004,FL,Sumter,Bush,republican,530,1000
11/02/2004,TX,Burleson,Kerry,democrat,420,1000
11/02/2004,TX,Burleson,Bush,republican,580,1000
11/02/2004,VA,Fauquier,Kerry,democrat,470,1000
11/02/2004,VA,Fauquier,Bush,republican,530,1000
11/02/2004,NY,Washington,Kerry,democrat,510,1000
11/02/2004,NY,Washington,Bush,republican,490,1000
11/02/2004,TX,Waller,Kerry,democrat,470,1000
11/02/2004,TX,Waller,Bush,republican,530,1000
11/02/2004,MI,Cass,Kerry,democrat,470,1000
11/02/2004,MI,Cass,Bush,republican,530,1000
11/02/2004,ID,Caribou,Kerry,democrat,420,1000
11/02/2004,ID,Caribou,Bush,republican,580,1000
11/02/2004,FL,Sarasota,Kerry,democrat,530,1000
11/02/2004,FL,Sarasota,Bush,republican,470,1000
11/02/2004,GA,Emanuel,Kerry,democrat,420,1000
11/02/2004,GA,Emanuel,Bush,republican,580,1000
11/02/2004,GA,Talbot,Kerry,democrat,580,1000
11/02/2004,GA,Talbot,Bush,republican,420,1000
11/02/2004,PA,York,Kerry,democrat,470,1000
11/02/2004,PA,York,Bush,republican,530,1000
11/02/2004,NE,Dodge,Kerry,democrat,420,1000
11/02/2004,NE,Dodge,Bush,republican,580,1000
11/02/2004,NC,Granville,Kerry,democrat,490,1000
11/02/2004,NC,Granville,Bush,republican,510,1000
11/02/2004,PA,Allegheny,Kerry,democrat,580,1000
11/02/2004,PA,Allegheny,Bush,republican,420,1000
11/02/2004,CA,Trinity,Kerry,democrat,530,1000
11/02/2004,CA,Trinity,Bush,republican,470,1000
11/02/2004,IL,Hardin,Kerry,democrat,420,1000
11/02/2004,IL,Hardin,Bush,republican,580,1000
11/02/2004,GA,Lumpkin,Kerry,democrat,420,1000
11/02/2004,GA,Lumpkin,Bush,republican,580,1000
11/02/2004,OK,Johnston,Kerry,democrat,420,1000
11/02/2004,OK,Johnston,Bush,republican,580,1000
11/02/2004,TX,Montgomery,Kerry,democrat,470,1000
11/02/2004,TX,Montgomery,Bush,republican,530,1000
11/02/2004,OK,McIntosh,Kerry,democrat,470,1000
11/02/2004,OK,McIntosh,Bush,republican,530,1000
11/02/2004,OK,Marshall,Kerry,democrat,420,1000
11/02/2004,OK,Marshall,Bush,republican,580,1000
11/02/2004,TX,Robertson,Kerry,democrat,420,1000
11/02/2004,TX,Robertson,Bush,republican,580,1000
11/02/2004,WI,Sauk,Kerry,democrat,580,1000
11/02/2004,WI,Sauk,Bush,republican,420,1000
11/02/2004,AR,Prairie,Kerry,democrat,420,1000
11/02/2004,AR,Prairie,Bush,republican,580,1000
11/02/2004,WI,Milwaukee,Kerry,democrat,580,1000
11/02/2004,WI,Milwaukee,Bush,republican,420,1000
11/02/2004,WI,Jackson,Kerry,democrat,490,1000
11/02/2004,WI,Jackson,Bush,republican,510,1000
11/02/2004,WI,Oconto,Kerry,democrat,420,1000
11/02/2004,WI,Oconto,Bush,republican,580,1000
11/02/2004,AK,Denali,Kerry,democrat,470,1000
11/02/2004,AK,Denali,Bush,republican,530,1000
11/02/2004,WI,Vilas,Kerry,democrat,420,1000
11/02/2004,WI,Vilas,Bush,republican,580,1000
11/02/2004,CA,Inyo,Kerry,democrat,530,1000
11/02/2004,CA,Inyo,Bush,republican,470,1000
11/02/2004,NC,Iredell,Kerry,democrat,420,1000
11/02/2004,NC,Iredell,Bush,republican,580,1000
11/02/2004,AR,Pulaski,Kerry,democrat,580,1000
11/02/2004,AR,Pulaski,Bush,republican,420,1000
11/02/2004,MO,Vernon,Kerry,democrat,420,1000
11/02/2004,MO,Vernon,Bush,republican,580,1000
11/02/2004,IL,Carroll,Kerry,democrat,470,1000
11/02/2004,IL,Carroll,Bush,republican,530,1000
11/02/2004,GA,Hart,Kerry,democrat,420,1000
11/02/2004,GA,Hart,Bush,republican,580,1000
11/02/2004,IL,Adams,Kerry,democrat,420,1000
11/02/2004,IL,Adams,Bush,republican,580,1000
11/02/2004,TX,Tyler,Kerry,democrat,420,1000
11/02/2004,TX,Tyler,Bush,republican,580,1000
11/02/2004,GA,Lamar,Kerry,democrat,420,1000
11/02/2004,GA,Lamar,Bush,republican,580,1000
11/02/2004,TX,Polk,Kerry,democrat,420,1000
11/02/2004,TX,Polk,Bush,republican,580,1000
11/02/2004,CA,Sacramento,Kerry,democrat,580,1000
11/02/2004,CA,Sacramento,Bush,republican,420,1000
11/02/2004,OK,Pushmataha,Kerry,democrat,420,1000
11/02/2004,OK,Pushmataha,Bush,republican,580,1000
11/02/2004,VA,Greene,Kerry,democrat,420,1000
11/02/2004,VA,Greene,Bush,republican,580,1000
11/02/2004,OH,Belmont,Kerry,democrat,470,1000
11/02/2004,OH,Belmont,Bush,republican,530,1000
11/02/2004,WI,Washburn,Kerry,democrat,470,1000
11/02/2004,WI,Washburn,Bush,republican,530,1000
11/02/2004,AR,Ouachita,Kerry,democrat,470,1000
11/02/2004,AR,Ouachita,Bush,republican,530,1000
11/02/2004,SC,Colleton,Kerry,democrat,530,1000
11/02/2004,SC,Colleton,Bush,republican,470,1000
11/02/2004,PA,Butler,Kerry,democrat,420,1000
11/02/2004,PA,Butler,Bush,republican,580,1000
11/02/2004,AR,Sevier,Kerry,democrat,420,1000
11/02/2004,AR,Sevier,Bush,republican,580,1000
11/02/2004,OH,Lorain,Kerry,democrat,580,1000
11/02/2004,OH,Lorain,Bush,republican,420,1000
11/02/2004,LA,St_Mary,Kerry,democrat,420,1000
11/02/2004,LA,St_Mary,Bush,republican,580,1000
11/02/2004,MO,Pike,Kerry,democrat,420,1000
11/02/2004,MO,Pike,Bush,republican,580,1000
11/02/2004,OK,Craig,Kerry,democrat,420,1000
11/02/2004,OK,Craig,Bush,republican,580,1000
11/02/2004,KS,Sedgwick,Kerry,democrat,530,1000
11/02/2004,KS,Sedgwick,Bush,republican,470,1000
11/02/2004,IN,Jasper,Kerry,democrat,470,1000
11/02/2004,IN,Jasper,Bush,republican,530,1000
11/02/2004,CA,Napa,Kerry,democrat,580,1000
11/02/2004,CA,Napa,Bush,republican,420,1000
11/02/2004,TX,Loving,Kerry,democrat,420,1000
11/02/2004,TX,Loving,Bush,republican,580,1000
11/02/2004,MO,Johnson,Kerry,democrat,420,1000
11/02/2004,MO,Johnson,Bush,republican,580,1000
11/02/2004,CO,Broomfield,Kerry,democrat,580,1000
11/02/2004,CO,Broomfield,Bush,republican,420,1000
11/02/2004,VA,Page,Kerry,democrat,420,1000
11/02/2004,VA,Page,Bush,republican,580,1000
11/02/2004,WV,Mason,Kerry,democrat,420,1000
11/02/2004,WV,Mason,Bush,republican,580,1000
11/02/2004,AL,Winston,Kerry,democrat,420,1000
11/02/2004,AL,Winston,Bush,republican,580,1000
11/02/2004,AL,Perry,Kerry,democrat,420,1000
11/02/2004,AL,Perry,Bush,republican,580,1000
11/02/2004,OH,Meigs,Kerry,democrat,420,1000
11/02/2004,OH,Meigs,Bush,republican,580,1000
11/02/2004,SD,Buffalo,Kerry,democrat,420,1000
11/02/2004,SD,Buffalo,Bush,republican,580,1000
11/02/2004,SD,Mellette,Kerry,democrat,420,1000
11/02/2004,SD,Mellette,Bush,republican,580,1000
11/02/2004,NY,Chautauqua,Kerry,democrat,470,1000
11/02/2004,NY,Chautauqua,Bush,republican,530,1000
11/02/2004,SD,Oglala_Lakota,Kerry,democrat,580,1000
11/02/2004,SD,Oglala_Lakota,Bush,republican,420,1000
11/02/2004,DC,District_of_Columbia,Kerry,democrat,580,1000
11/02/2004,DC,District_of_Columbia,Bush,republican,420,1000
11/02/2004,10,New_Castle,Kerry,democrat,580,1000
11/02/2004,10,New_Castle,Bush,republican,420,1000
11/02/2004,CO,Denver,Kerry,democrat,580,1000
11/02/2004,CO,Denver,Bush,republican,420,1000
11/02/2004,NJ,Morris,Kerry,democrat,530,1000
11/02/2004,NJ,Morris,Bush,republican,470,1000
11/02/2004,AL,Hale,Kerry,democrat,420,1000
11/02/2004,AL,Hale,Bush,republican,580,1000
11/02/2004,OH,Washington,Kerry,democrat,420,1000
11/02/2004,OH,Washington,Bush,republican,580,1000
11/02/2004,WV,Calhoun,Kerry,democrat,420,1000
11/02/2004,WV,Calhoun,Bush,republican,580,1000
11/02/2004,PA,Crawford,Kerry,democrat,420,1000
11/02/2004,PA,Crawford,Bush,republican,580,1000
11/02/2004,SD,Todd,Kerry,democrat,420,1000
11/02/2004,SD,Todd,Bush,republican,580,1000
11/02/2004,MT,Dawson,Kerry,democrat,420,1000
11/02/2004,MT,Dawson,Bush,republican,580,1000
11/02/2004,TX,Montague,Kerry,democrat,420,1000
11/02/2004,TX,Montague,Bush,republican,580,1000
11/02/2004,MT,Richland,Kerry,democrat,420,1000
11/02/2004,MT,Richland,Bush,republican,580,1000
11/02/2004,TX,Gray,Kerry,democrat,420,1000
11/02/2004,TX,Gray,Bush,republican,580,1000
11/02/2004,AR,Greene,Kerry,democrat,470,1000
11/02/2004,AR,Greene,Bush,republican,530,1000
11/02/2004,GA,Appling,Kerry,democrat,420,1000
11/02/2004,GA,Appling,Bush,republican,580,1000
11/02/2004,AL,Elmore,Kerry,democrat,420,1000
11/02/2004,AL,Elmore,Bush,republican,580,1000
11/02/2004,GA,Coweta,Kerry,democrat,420,1000
11/02/2004,GA,Coweta,Bush,republican,580,1000
11/02/2004,IN,Elkhart,Kerry,democrat,470,1000
11/02/2004,IN,Elkhart,Bush,republican,530,1000
11/02/2004,NC,Yadkin,Kerry,democrat,420,1000
11/02/2004,NC,Yadkin,Bush,republican,580,1000
11/02/2004,AL,Chilton,Kerry,democrat,420,1000
11/02/2004,AL,Chilton,Bush,republican,580,1000
11/02/2004,OH,Wood,Kerry,democrat,510,1000
11/02/2004,OH,Wood,Bush,republican,490,1000
11/02/2004,NY,Westchester,Kerry,democrat,580,1000
11/02/2004,NY,Westchester,Bush,republican,420,1000
11/02/2004,LA,Orleans,Kerry,democrat,580,1000
11/02/2004,LA,Orleans,Bush,republican,420,1000
11/02/2004,WV,Mineral,Kerry,democrat,420,1000
11/02/2004,WV,Mineral,Bush,republican,580,1000
11/02/2004,AL,Walker,Kerry,democrat,420,1000
11/02/2004,AL,Walker,Bush,republican,580,1000
11/02/2004,WV,Monongalia,Kerry,democrat,530,1000
11/02/2004,WV,Monongalia,Bush,republican,470,1000
11/02/2004,WV,Pleasants,Kerry,democrat,420,1000
11/02/2004,WV,Pleasants,Bush,republican,580,1000
11/02/2004,NY,Rensselaer,Kerry,democrat,510,1000
11/02/2004,NY,Rensselaer,Bush,republican,490,1000
11/02/2004,NC,Cleveland,Kerry,democrat,420,1000
11/02/2004,NC,Cleveland,Bush,republican,580,1000
11/02/2004,NC,Gaston,Kerry,democrat,420,1000
11/02/2004,NC,Gaston,Bush,republican,580,1000
11/02/2004,NJ,Cumberland,Kerry,democrat,580,1000
11/02/2004,NJ,Cumberland,Bush,republican,420,1000
11/02/2004,CO,Eagle,Kerry,democrat,580,1000
11/02/2004,CO,Eagle,Bush,republican,420,1000
11/02/2004,TX,Jack,Kerry,democrat,420,1000
11/02/2004,TX,Jack,Bush,republican,580,1000
11/02/2004,AL,Coosa,Kerry,democrat,420,1000
11/02/2004,AL,Coosa,Bush,republican,580,1000
11/02/2004,FL,St_Lucie,Kerry,democrat,530,1000
11/02/2004,FL,St_Lucie,Bush,republican,470,1000
11/02/2004,AL,Henry,Kerry,democrat,420,1000
11/02/2004,AL,Henry,Bush,republican,580,1000
11/02/2004,CA,Santa_Cruz,Kerry,democrat,580,1000
11/02/2004,CA,Santa_Cruz,Bush,republican,420,1000
11/02/2004,KS,Labette,Kerry,democrat,470,1000
11/02/2004,KS,Labette,Bush,republican,530,1000
11/02/2004,GA,Baldwin,Kerry,democrat,530,1000
11/02/2004,GA,Baldwin,Bush,republican,470,1000
11/02/2004,LA,St_Bernard,Kerry,democrat,470,1000
11/02/2004,LA,St_Bernard,Bush,republican,530,1000
11/02/2004,VA,Suffolk,Kerry,democrat,580,1000
11/02/2004,VA,Suffolk,Bush,republican,420,1000
11/02/2004,CO,Jefferson,Kerry,democrat,530,1000
11/02/2004,CO,Jefferson,Bush,republican,470,1000
11/02/2004,WV,Pendleton,Kerry,democrat,420,1000
11/02/2004,WV,Pendleton,Bush,republican,580,1000
11/02/2004,VA,Tazewell,Kerry,democrat,420,1000
11/02/2004,VA,Tazewell,Bush,republican,580,1000
11/02/2004,MO,Clark,Kerry,democrat,420,1000
11/02/2004,MO,Clark,Bush,republican,580,1000
11/02/2004,NJ,Salem,Kerry,democrat,510,1000
11/02/2004,NJ,Salem,Bush,republican,490,1000
11/02/2004,PA,Warren,Kerry,democrat,420,1000
11/02/2004,PA,Warren,Bush,republican,580,1000
11/02/2004,ND,Grand_Forks,Kerry,democrat,470,1000
11/02/2004,ND,Grand_Forks,Bush,republican,530,1000
11/02/2004,OK,Delaware,Kerry,democrat,420,1000
11/02/2004,OK,Delaware,Bush,republican,580,1000
11/02/2004,CO,Hinsdale,Kerry,democrat,470,1000
11/02/2004,CO,Hinsdale,Bush,republican,530,1000
11/02/2004,AL,Macon,Kerry,democrat,470,1000
11/02/2004,AL,Macon,Bush,republican,530,1000
11/02/2004,VA,Carroll,Kerry,democrat,420,1000
11/02/2004,VA,Carroll,Bush,republican,580,1000
11/02/2004,CA,Placer,Kerry,democrat,490,1000
11/02/2004,CA,Placer,Bush,republican,510,1000
11/02/2004,OH,Medina,Kerry,democrat,470,1000
11/02/2004,OH,Medina,Bush,republican,530,1000
11/02/2004,OK,Cotton,Kerry,democrat,420,1000
11/02/2004,OK,Cotton,Bush,republican,580,1000
11/02/2004,OK,Jackson,Kerry,democrat,420,1000
11/02/2004,OK,Jackson,Bush,republican,580,1000
11/02/2004,LA,Ouachita,Kerry,democrat,420,1000
11/02/2004,LA,Ouachita,Bush,republican,580,1000
11/02/2004,CO,El_Paso,Kerry,democrat,470,1000
11/02/2004,CO,El_Paso,Bush,republican,530,1000
11/02/2004,WV,Ritchie,Kerry,democrat,420,1000
11/02/2004,WV,Ritchie,Bush,republican,580,1000
11/02/2004,VA,Floyd,Kerry,democrat,420,1000
11/02/2004,VA,Floyd,Bush,republican,580,1000
11/02/2004,MT,Fallon,Kerry,democrat,420,1000
11/02/2004,MT,Fallon,Bush,republican,580,1000
11/02/2004,MT,Prairie,Kerry,democrat,420,1000
11/02/2004,MT,Prairie,Bush,republican,580,1000
11/02/2004,TX,Brown,Kerry,democrat,420,1000
11/02/2004,TX,Brown,Bush,republican,580,1000
11/02/2004,TX,Ector,Kerry,democrat,420,1000
11/02/2004,TX,Ector,Bush,republican,580,1000
11/02/2004,UT,Emery,Kerry,democrat,420,1000
11/02/2004,UT,Emery,Bush,republican,580,1000
11/02/2004,NY,Richmond,Kerry,democrat,530,1000
11/02/2004,NY,Richmond,Bush,republican,470,1000
11/02/2004,NC,Dare,Kerry,democrat,530,1000
11/02/2004,NC,Dare,Bush,republican,470,1000
11/02/2004,NE,Butler,Kerry,democrat,420,1000
11/02/2004,NE,Butler,Bush,republican,580,1000
11/02/2004,TX,Lamar,Kerry,democrat,420,1000
11/02/2004,TX,Lamar,Bush,republican,580,1000
11/02/2004,KS,Dickinson,Kerry,democrat,420,1000
11/02/2004,KS,Dickinson,Bush,republican,580,1000
11/02/2004,ID,Jerome,Kerry,democrat,420,1000
11/02/2004,ID,Jerome,Bush,republican,580,1000
11/02/2004,OH,Mercer,Kerry,democrat,420,1000
11/02/2004,OH,Mercer,Bush,republican,580,1000
11/02/2004,IL,Livingston,Kerry,democrat,420,1000
11/02/2004,IL,Livingston,Bush,republican,580,1000
11/02/2004,IA,Dubuque,Kerry,democrat,530,1000
11/02/2004,IA,Dubuque,Bush,republican,470,1000
11/02/2004,ID,Madison,Kerry,democrat,420,1000
11/02/2004,ID,Madison,Bush,republican,580,1000
11/02/2004,LA,Plaquemines,Kerry,democrat,470,1000
11/02/2004,LA,Plaquemines,Bush,republican,530,1000
11/02/2004,LA,Pointe_Coupee,Kerry,democrat,490,1000
11/02/2004,LA,Pointe_Coupee,Bush,republican,510,1000
11/02/2004,MT,Missoula,Kerry,democrat,580,1000
11/02/2004,MT,Missoula,Bush,republican,420,1000
11/02/2004,UT,Grand,Kerry,democrat,420,1000
11/02/2004,UT,Grand,Bush,republican,580,1000
11/02/2004,TX,Bexar,Kerry,democrat,580,1000
11/02/2004,TX,Bexar,Bush,republican,420,1000
11/02/2004,HI,Honolulu,Kerry,democrat,580,1000
11/02/2004,HI,Honolulu,Bush,republican,420,1000
11/02/2004,GA,Oglethorpe,Kerry,democrat,420,1000
11/02/2004,GA,Oglethorpe,Bush,republican,580,1000
11/02/2004,GA,Peach,Kerry,democrat,530,1000
11/02/2004,GA,Peach,Bush,republican,470,1000
11/02/2004,OH,Clinton,Kerry,democrat,420,1000
11/02/2004,OH,Clinton,Bush,republican,580,1000
11/02/2004,GA,Randolph,Kerry,democrat,510,1000
11/02/2004,GA,Randolph,Bush,republican,490,1000
11/02/2004,GA,Jasper,Kerry,democrat,420,1000
11/02/2004,GA,Jasper,Bush,republican,580,1000
11/02/2004,TX,Jackson,Kerry,democrat,420,1000
11/02/2004,TX,Jackson,Bush,republican,580,1000
11/02/2004,GA,Troup,Kerry,democrat,420,1000
11/02/2004,GA,Troup,Bush,republican,580,1000
11/02/2004,GA,Brantley,Kerry,democrat,420,1000
11/02/2004,GA,Brantley,Bush,republican,580,1000
11/02/2004,GA,Bryan,Kerry,democrat,580,1000
11/02/2004,GA,Bryan,Bush,republican,420,1000
11/02/2004,TX,Leon,Kerry,democrat,420,1000
11/02/2004,TX,Leon,Bush,republican,580,1000
11/02/2004,CA,Merced,Kerry,democrat,530,1000
11/02/2004,CA,Merced,Bush,republican,470,1000
11/02/2004,FL,Martin,Kerry,democrat,470,1000
11/02/2004,FL,Martin,Bush,republican,530,1000
11/02/2004,TX,Ward,Kerry,democrat,420,1000
11/02/2004,TX,Ward,Bush,republican,580,1000
11/02/2004,TX,Wichita,Kerry,democrat,470,1000
11/02/2004,TX,Wichita,Bush,republican,530,1000
11/02/2004,NY,Cayuga,Kerry,democrat,530,1000
11/02/2004,NY,Cayuga,Bush,republican,470,1000
11/02/2004,NC,Hertford,Kerry,democrat,580,1000
11/02/2004,NC,Hertford,Bush,republican,420,1000
11/02/2004,CO,Park,Kerry,democrat,420,1000
11/02/2004,CO,Park,Bush,republican,580,1000
11/02/2004,CO,Teller,Kerry,democrat,420,1000
11/02/2004,CO,Teller,Bush,republican,580,1000
11/02/2004,UT,Sevier,Kerry,democrat,420,1000
11/02/2004,UT,Sevier,Bush,republican,580,1000
11/02/2004,UT,Tooele,Kerry,democrat,420,1000
11/02/2004,UT,Tooele,Bush,republican,580,1000
11/02/2004,TX,Maverick,Kerry,democrat,420,1000
11/02/2004,TX,Maverick,Bush,republican,580,1000
11/02/2004,FL,Suwannee,Kerry,democrat,420,1000
11/02/2004,FL,Suwannee,Bush,republican,580,1000
11/02/2004,UT,Wasatch,Kerry,democrat,420,1000
11/02/2004,UT,Wasatch,Bush,republican,580,1000
11/02/2004,OR,Malheur,Kerry,democrat,420,1000
11/02/2004,OR,Malheur,Bush,republican,580,1000
11/02/2004,GA,Fayette,Kerry,democrat,530,1000
11/02/2004,GA,Fayette,Bush,republican,470,1000
11/02/2004,KY,Floyd,Kerry,democrat,420,1000
11/02/2004,KY,Floyd,Bush,republican,580,1000
11/02/2004,CO,Logan,Kerry,democrat,420,1000
11/02/2004,CO,Logan,Bush,republican,580,1000
11/02/2004,OH,Montgomery,Kerry,democrat,530,1000
11/02/2004,OH,Montgomery,Bush,republican,470,1000
11/02/2004,CO,Mesa,Kerry,democrat,420,1000
11/02/2004,CO,Mesa,Bush,republican,580,1000
11/02/2004,IA,Howard,Kerry,democrat,530,1000
11/02/2004,IA,Howard,Bush,republican,470,1000
11/02/2004,IL,Menard,Kerry,democrat,420,1000
11/02/2004,IL,Menard,Bush,republican,580,1000
11/02/2004,TX,Mills,Kerry,democrat,420,1000
11/02/2004,TX,Mills,Bush,republican,580,1000
11/02/2004,IL,Monroe,Kerry,democrat,510,1000
11/02/2004,IL,Monroe,Bush,republican,490,1000
11/02/2004,OR,Douglas,Kerry,democrat,420,1000
11/02/2004,OR,Douglas,Bush,republican,580,1000
11/02/2004,WI,Crawford,Kerry,democrat,510,1000
11/02/2004,WI,Crawford,Bush,republican,490,1000
11/02/2004,TX,Haskell,Kerry,democrat,420,1000
11/02/2004,TX,Haskell,Bush,republican,580,1000
11/02/2004,OK,Logan,Kerry,democrat,420,1000
11/02/2004,OK,Logan,Bush,republican,580,1000
11/02/2004,WA,Grays_Harbor,Kerry,democrat,580,1000
11/02/2004,WA,Grays_Harbor,Bush,republican,420,1000
11/02/2004,WA,Lincoln,Kerry,democrat,420,1000
11/02/2004,WA,Lincoln,Bush,republican,580,1000
11/02/2004,WA,Okanogan,Kerry,democrat,510,1000
11/02/2004,WA,Okanogan,Bush,republican,490,1000
11/02/2004,IA,Monona,Kerry,democrat,470,1000
11/02/2004,IA,Monona,Bush,republican,530,1000
11/02/2004,GA,Taliaferro,Kerry,democrat,580,1000
11/02/2004,GA,Taliaferro,Bush,republican,420,1000
11/02/2004,OK,Greer,Kerry,democrat,420,1000
11/02/2004,OK,Greer,Bush,republican,580,1000
11/02/2004,GA,Terrell,Kerry,democrat,530,1000
11/02/2004,GA,Terrell,Bush,republican,470,1000
11/02/2004,MD,Queen_Anne_s,Kerry,democrat,470,1000
11/02/2004,MD,Queen_Anne_s,Bush,republican,530,1000
11/02/2004,OH,Noble,Kerry,democrat,420,1000
11/02/2004,OH,Noble,Bush,republican,580,1000
11/02/2004,CO,Prowers,Kerry,democrat,420,1000
11/02/2004,CO,Prowers,Bush,republican,580,1000
11/02/2004,ID,Latah,Kerry,democrat,530,1000
11/02/2004,ID,Latah,Bush,republican,470,1000
11/02/2004,VA,Gloucester,Kerry,democrat,420,1000
11/02/2004,VA,Gloucester,Bush,republican,580,1000
11/02/2004,CO,Rio_Blanco,Kerry,democrat,420,1000
11/02/2004,CO,Rio_Blanco,Bush,republican,580,1000
11/02/2004,TX,Pecos,Kerry,democrat,420,1000
11/02/2004,TX,Pecos,Bush,republican,580,1000
11/02/2004,IA,Marion,Kerry,democrat,470,1000
11/02/2004,IA,Marion,Bush,republican,530,1000
11/02/2004,OH,Preble,Kerry,democrat,420,1000
11/02/2004,OH,Preble,Bush,republican,580,1000
11/02/2004,GA,Rabun,Kerry,democrat,420,1000
11/02/2004,GA,Rabun,Bush,republican,580,1000
11/02/2004,MO,Taney,Kerry,democrat,420,1000
11/02/2004,MO,Taney,Bush,republican,580,1000
11/02/2004,TX,Marion,Kerry,democrat,420,1000
11/02/2004,TX,Marion,Bush,republican,580,1000
11/02/2004,AR,Washington,Kerry,democrat,530,1000
11/02/2004,AR,Washington,Bush,republican,470,1000
11/02/2004,WA,Skagit,Kerry,democrat,580,1000
11/02/2004,WA,Skagit,Bush,republican,420,1000
11/02/2004,WA,Stevens,Kerry,democrat,470,1000
11/02/2004,WA,Stevens,Bush,republican,530,1000
11/02/2004,TX,Matagorda,Kerry,democrat,420,1000
11/02/2004,TX,Matagorda,Bush,republican,580,1000
11/02/2004,MA,Hampshire,Kerry,democrat,580,1000
11/02/2004,MA,Hampshire,Bush,republican,420,1000
11/02/2004,OK,Mayes,Kerry,democrat,420,1000
11/02/2004,OK,Mayes,Bush,republican,580,1000
11/02/2004,FL,Lake,Kerry,democrat,490,1000
11/02/2004,FL,Lake,Bush,republican,510,1000
11/02/2004,10,Kent,Kerry,democrat,530,1000
11/02/2004,10,Kent,Bush,republican,470,1000
11/02/2004,OH,Highland,Kerry,democrat,420,1000
11/02/2004,OH,Highland,Bush,republican,580,1000
11/02/2004,GA,Clarke,Kerry,democrat,580,1000
11/02/2004,GA,Clarke,Bush,republican,420,1000
11/02/2004,IA,Osceola,Kerry,democrat,420,1000
11/02/2004,IA,Osceola,Bush,republican,580,1000
11/02/2004,CO,San_Juan,Kerry,democrat,580,1000
11/02/2004,CO,San_Juan,Bush,republican,420,1000
11/02/2004,IA,Plymouth,Kerry,democrat,420,1000
11/02/2004,IA,Plymouth,Bush,republican,580,1000
11/02/2004,VA,Hanover,Kerry,democrat,470,1000
11/02/2004,VA,Hanover,Bush,republican,530,1000
11/02/2004,IA,Mills,Kerry,democrat,420,1000
11/02/2004,IA,Mills,Bush,republican,580,1000
11/02/2004,SC,Oconee,Kerry,democrat,420,1000
11/02/2004,SC,Oconee,Bush,republican,580,1000
11/02/2004,AR,Crawford,Kerry,democrat,420,1000
11/02/2004,AR,Crawford,Bush,republican,580,1000
11/02/2004,TX,Harrison,Kerry,democrat,420,1000
11/02/2004,TX,Harrison,Bush,republican,580,1000
11/02/2004,NY,Herkimer,Kerry,democrat,420,1000
11/02/2004,NY,Herkimer,Bush,republican,580,1000
11/02/2004,WA,Whatcom,Kerry,democrat,580,1000
11/02/2004,WA,Whatcom,Bush,republican,420,1000
11/02/2004,GA,Whitfield,Kerry,democrat,420,1000
11/02/2004,GA,Whitfield,Bush,republican,580,1000
11/02/2004,WA,Douglas,Kerry,democrat,470,1000
11/02/2004,WA,Douglas,Bush,republican,530,1000
11/02/2004,GA,Clinch,Kerry,democrat,420,1000
11/02/2004,GA,Clinch,Bush,republican,580,1000
11/02/2004,ID,Adams,Kerry,democrat,420,1000
11/02/2004,ID,Adams,Bush,republican,580,1000
11/02/2004,TX,Hockley,Kerry,democrat,420,1000
11/02/2004,TX,Hockley,Bush,republican,580,1000
11/02/2004,IL,Pulaski,Kerry,democrat,470,1000
11/02/2004,IL,Pulaski,Bush,republican,530,1000
11/02/2004,GA,Chattahoochee,Kerry,democrat,490,1000
11/02/2004,GA,Chattahoochee,Bush,republican,510,1000
11/02/2004,AR,Randolph,Kerry,democrat,420,1000
11/02/2004,AR,Randolph,Bush,republican,580,1000
11/02/2004,AR,White,Kerry,democrat,420,1000
11/02/2004,AR,White,Bush,republican,580,1000
11/02/2004,MO,Howard,Kerry,democrat,470,1000
11/02/2004,MO,Howard,Bush,republican,530,1000
11/02/2004,TX,Knox,Kerry,democrat,420,1000
11/02/2004,TX,Knox,Bush,republican,580,1000
11/02/2004,NJ,Passaic,Kerry,democrat,580,1000
11/02/2004,NJ,Passaic,Bush,republican,420,1000
11/02/2004,MT,Broadwater,Kerry,democrat,420,1000
11/02/2004,MT,Broadwater,Bush,republican,580,1000
11/02/2004,GA,Jones,Kerry,democrat,470,1000
11/02/2004,GA,Jones,Bush,republican,530,1000
11/02/2004,NY,Otsego,Kerry,democrat,530,1000
11/02/2004,NY,Otsego,Bush,republican,470,1000
11/02/2004,TX,Franklin,Kerry,democrat,420,1000
11/02/2004,TX,Franklin,Bush,republican,580,1000
11/02/2004,OK,Garvin,Kerry,democrat,420,1000
11/02/2004,OK,Garvin,Bush,republican,580,1000
11/02/2004,NY,Hamilton,Kerry,democrat,420,1000
11/02/2004,NY,Hamilton,Bush,republican,580,1000
11/02/2004,PA,Pike,Kerry,democrat,470,1000
11/02/2004,PA,Pike,Bush,republican,530,1000
11/02/2004,VT,Orleans,Kerry,democrat,580,1000
11/02/2004,VT,Orleans,Bush,republican,420,1000
11/02/2004,GA,Colquitt,Kerry,democrat,420,1000
11/02/2004,GA,Colquitt,Bush,republican,580,1000
11/02/2004,VT,Chittenden,Kerry,democrat,580,1000
11/02/2004,VT,Chittenden,Bush,republican,420,1000
11/02/2004,MT,Pondera,Kerry,democrat,420,1000
11/02/2004,MT,Pondera,Bush,republican,580,1000
11/02/2004,WI,Columbia,Kerry,democrat,530,1000
11/02/2004,WI,Columbia,Bush,republican,470,1000
11/02/2004,NE,Thurston,Kerry,democrat,530,1000
11/02/2004,NE,Thurston,Bush,republican,470,1000
11/02/2004,AR,Woodruff,Kerry,democrat,503,1000
11/02/2004,AR,Woodruff,Bush,republican,497,1000
11/02/2004,OK,Okfuskee,Kerry,democrat,420,1000
11/02/2004,OK,Okfuskee,Bush,republican,580,1000
11/02/2004,TX,San_Patricio,Kerry,democrat,470,1000
11/02/2004,TX,San_Patricio,Bush,republican,530,1000
11/02/2004,MS,Rankin,Kerry,democrat,470,1000
11/02/2004,MS,Rankin,Bush,republican,530,1000
11/02/2004,NM,Curry,Kerry,democrat,420,1000
11/02/2004,NM,Curry,Bush,republican,580,1000
11/02/2004,MS,Leflore,Kerry,democrat,530,1000
11/02/2004,MS,Leflore,Bush,republican,470,1000
11/02/2004,TX,Hardin,Kerry,democrat,420,1000
11/02/2004,TX,Hardin,Bush,republican,580,1000
11/02/2004,VA,Nelson,Kerry,democrat,470,1000
11/02/2004,VA,Nelson,Bush,republican,530,1000
11/02/2004,TN,Jackson,Kerry,democrat,420,1000
11/02/2004,TN,Jackson,Bush,republican,580,1000
11/02/2004,TX,Refugio,Kerry,democrat,420,1000
11/02/2004,TX,Refugio,Bush,republican,580,1000
11/02/2004,FL,Columbia,Kerry,democrat,420,1000
11/02/2004,FL,Columbia,Bush,republican,580,1000
11/02/2004,KS,Atchison,Kerry,democrat,470,1000
11/02/2004,KS,Atchison,Bush,republican,530,1000
11/02/2004,AL,Jefferson,Kerry,democrat,580,1000
11/02/2004,AL,Jefferson,Bush,republican,420,1000
11/02/2004,TX,Houston,Kerry,democrat,420,1000
11/02/2004,TX,Houston,Bush,republican,580,1000
11/02/2004,WV,Marshall,Kerry,democrat,420,1000
11/02/2004,WV,Marshall,Bush,republican,580,1000
11/02/2004,VA,Pulaski,Kerry,democrat,420,1000
11/02/2004,VA,Pulaski,Bush,republican,580,1000
11/02/2004,MO,DeKalb,Kerry,democrat,420,1000
11/02/2004,MO,DeKalb,Bush,republican,580,1000
11/02/2004,GA,Harris,Kerry,democrat,420,1000
11/02/2004,GA,Harris,Bush,republican,580,1000
11/02/2004,GA,Houston,Kerry,democrat,470,1000
11/02/2004,GA,Houston,Bush,republican,530,1000
11/02/2004,CO,Custer,Kerry,democrat,470,1000
11/02/2004,CO,Custer,Bush,republican,530,1000
11/02/2004,MO,Reynolds,Kerry,democrat,420,1000
11/02/2004,MO,Reynolds,Bush,republican,580,1000
11/02/2004,TX,San_Saba,Kerry,democrat,420,1000
11/02/2004,TX,San_Saba,Bush,republican,580,1000
11/02/2004,CO,Fremont,Kerry,democrat,420,1000
11/02/2004,CO,Fremont,Bush,republican,580,1000
11/02/2004,TX,Webb,Kerry,democrat,510,1000
11/02/2004,TX,Webb,Bush,republican,490,1000
11/02/2004,KY,Pulaski,Kerry,democrat,420,1000
11/02/2004,KY,Pulaski,Bush,republican,580,1000
11/02/2004,KS,Thomas,Kerry,democrat,420,1000
11/02/2004,KS,Thomas,Bush,republican,580,1000
11/02/2004,UT,Box_Elder,Kerry,democrat,420,1000
11/02/2004,UT,Box_Elder,Bush,republican,580,1000
11/02/2004,TN,Marion,Kerry,democrat,420,1000
11/02/2004,TN,Marion,Bush,republican,580,1000
11/02/2004,MN,Chisago,Kerry,democrat,420,1000
11/02/2004,MN,Chisago,Bush,republican,580,1000
11/02/2004,NC,Transylvania,Kerry,democrat,510,1000
11/02/2004,NC,Transylvania,Bush,republican,490,1000
11/02/2004,MT,Treasure,Kerry,democrat,420,1000
11/02/2004,MT,Treasure,Bush,republican,580,1000
11/02/2004,WA,Thurston,Kerry,democrat,580,1000
11/02/2004,WA,Thurston,Bush,republican,420,1000
11/02/2004,MI,Barry,Kerry,democrat,470,1000
11/02/2004,MI,Barry,Bush,republican,530,1000
11/02/2004,UT,Juab,Kerry,democrat,420,1000
11/02/2004,UT,Juab,Bush,republican,580,1000
11/02/2004,VA,King_William,Kerry,democrat,420,1000
11/02/2004,VA,King_William,Bush,republican,580,1000
11/02/2004,GA,Catoosa,Kerry,democrat,420,1000
11/02/2004,GA,Catoosa,Bush,republican,580,1000
11/02/2004,NJ,Bergen,Kerry,democrat,580,1000
11/02/2004,NJ,Bergen,Bush,republican,420,1000
11/02/2004,TX,Wilbarger,Kerry,democrat,420,1000
11/02/2004,TX,Wilbarger,Bush,republican,580,1000
11/02/2004,OR,Coos,Kerry,democrat,490,1000
11/02/2004,OR,Coos,Bush,republican,510,1000
11/02/2004,AZ,Yuma,Kerry,democrat,490,1000
11/02/2004,AZ,Yuma,Bush,republican,510,1000
11/02/2004,IL,Rock_Island,Kerry,democrat,580,1000
11/02/2004,IL,Rock_Island,Bush,republican,420,1000
11/02/2004,KY,Fleming,Kerry,democrat,420,1000
11/02/2004,KY,Fleming,Bush,republican,580,1000
11/02/2004,WI,Menominee,Kerry,democrat,580,1000
11/02/2004,WI,Menominee,Bush,republican,420,1000
11/02/2004,OK,Ellis,Kerry,democrat,420,1000
11/02/2004,OK,Ellis,Bush,republican,580,1000
11/02/2004,VA,Alleghany,Kerry,democrat,420,1000
11/02/2004,VA,Alleghany,Bush,republican,580,1000
11/02/2004,SD,Charles_Mix,Kerry,democrat,420,1000
11/02/2004,SD,Charles_Mix,Bush,republican,580,1000
11/02/2004,TN,Hardeman,Kerry,democrat,420,1000
11/02/2004,TN,Hardeman,Bush,republican,580,1000
11/02/2004,MT,Glacier,Kerry,democrat,580,1000
11/02/2004,MT,Glacier,Bush,republican,420,1000
11/02/2004,MT,Park,Kerry,democrat,490,1000
11/02/2004,MT,Park,Bush,republican,510,1000
11/02/2004,GA,Elbert,Kerry,democrat,420,1000
11/02/2004,GA,Elbert,Bush,republican,580,1000
11/02/2004,MT,Sanders,Kerry,democrat,420,1000
11/02/2004,MT,Sanders,Bush,republican,580,1000
11/02/2004,TX,Van_Zandt,Kerry,democrat,420,1000
11/02/2004,TX,Van_Zandt,Bush,republican,580,1000
11/02/2004,NE,Gage,Kerry,democrat,420,1000
11/02/2004,NE,Gage,Bush,republican,580,1000
11/02/2004,LA,St_Landry,Kerry,democrat,470,1000
11/02/2004,LA,St_Landry,Bush,republican,530,1000
11/02/2004,ME,Knox,Kerry,democrat,580,1000
11/02/2004,ME,Knox,Bush,republican,420,1000
11/02/2004,NV,Lyon,Kerry,democrat,420,1000
11/02/2004,NV,Lyon,Bush,republican,580,1000
11/02/2004,AL,Colbert,Kerry,democrat,420,1000
11/02/2004,AL,Colbert,Bush,republican,580,1000
11/02/2004,LA,Lincoln,Kerry,democrat,420,1000
11/02/2004,LA,Lincoln,Bush,republican,580,1000
11/02/2004,CA,El_Dorado,Kerry,democrat,530,1000
11/02/2004,CA,El_Dorado,Bush,republican,470,1000
11/02/2004,ID,Shoshone,Kerry,democrat,530,1000
11/02/2004,ID,Shoshone,Bush,republican,470,1000
11/02/2004,TN,Wilson,Kerry,democrat,420,1000
11/02/2004,TN,Wilson,Bush,republican,580,1000
11/02/2004,ND,Mercer,Kerry,democrat,420,1000
11/02/2004,ND,Mercer,Bush,republican,580,1000
11/02/2004,TN,Unicoi,Kerry,democrat,420,1000
11/02/2004,TN,Unicoi,Bush,republican,580,1000
11/02/2004,WY,Goshen,Kerry,democrat,420,1000
11/02/2004,WY,Goshen,Bush,republican,580,1000
11/02/2004,MN,Nicollet,Kerry,democrat,530,1000
11/02/2004,MN,Nicollet,Bush,republican,470,1000
11/02/2004,WA,Garfield,Kerry,democrat,420,1000
11/02/2004,WA,Garfield,Bush,republican,580,1000
11/02/2004,MO,Cape_Girardeau,Kerry,democrat,420,1000
11/02/2004,MO,Cape_Girardeau,Bush,republican,580,1000
11/02/2004,OK,Pawnee,Kerry,democrat,420,1000
11/02/2004,OK,Pawnee,Bush,republican,580,1000
11/02/2004,NC,Swain,Kerry,democrat,470,1000
11/02/2004,NC,Swain,Bush,republican,530,1000
11/02/2004,VA,Culpeper,Kerry,democrat,470,1000
11/02/2004,VA,Culpeper,Bush,republican,530,1000
11/02/2004,NY,Tioga,Kerry,democrat,490,1000
11/02/2004,NY,Tioga,Bush,republican,510,1000
11/02/2004,NC,Jackson,Kerry,democrat,530,1000
11/02/2004,NC,Jackson,Bush,republican,470,1000
11/02/2004,TX,Bosque,Kerry,democrat,420,1000
11/02/2004,TX,Bosque,Bush,republican,580,1000
11/02/2004,IL,Pope,Kerry,democrat,420,1000
11/02/2004,IL,Pope,Bush,republican,580,1000
11/02/2004,IA,Buchanan,Kerry,democrat,530,1000
11/02/2004,IA,Buchanan,Bush,republican,470,1000
11/02/2004,TN,Fentress,Kerry,democrat,420,1000
11/02/2004,TN,Fentress,Bush,republican,580,1000
11/02/2004,IL,Sangamon,Kerry,democrat,530,1000
11/02/2004,IL,Sangamon,Bush,republican,470,1000
11/02/2004,KS,Franklin,Kerry,democrat,420,1000
11/02/2004,KS,Franklin,Bush,republican,580,1000
11/02/2004,OR,Jackson,Kerry,democrat,530,1000
11/02/2004,OR,Jackson,Bush,republican,470,1000
11/02/2004,ID,Fremont,Kerry,democrat,420,1000
11/02/2004,ID,Fremont,Bush,republican,580,1000
11/02/2004,NE,Holt,Kerry,democrat,420,1000
11/02/2004,NE,Holt,Bush,republican,580,1000
11/02/2004,MO,Jackson,Kerry,democrat,580,1000
11/02/2004,MO,Jackson,Bush,republican,420,1000
11/02/2004,VA,King_George,Kerry,democrat,470,1000
11/02/2004,VA,King_George,Bush,republican,530,1000
11/02/2004,TX,Caldwell,Kerry,democrat,530,1000
11/02/2004,TX,Caldwell,Bush,republican,470,1000
11/02/2004,VA,Lancaster,Kerry,democrat,490,1000
11/02/2004,VA,Lancaster,Bush,republican,510,1000
11/02/2004,MO,Chariton,Kerry,democrat,420,1000
11/02/2004,MO,Chariton,Bush,republican,580,1000
11/02/2004,MT,Cascade,Kerry,democrat,530,1000
11/02/2004,MT,Cascade,Bush,republican,470,1000
11/02/2004,VA,Mathews,Kerry,democrat,420,1000
11/02/2004,VA,Mathews,Bush,republican,580,1000
11/02/2004,OK,Bryan,Kerry,democrat,420,1000
11/02/2004,OK,Bryan,Bush,republican,580,1000
11/02/2004,TX,Washington,Kerry,democrat,420,1000
11/02/2004,TX,Washington,Bush,republican,580,1000
11/02/2004,OH,Gallia,Kerry,democrat,420,1000
11/02/2004,OH,Gallia,Bush,republican,580,1000
11/02/2004,TN,Hamilton,Kerry,democrat,530,1000
11/02/2004,TN,Hamilton,Bush,republican,470,1000
11/02/2004,NE,Sheridan,Kerry,democrat,420,1000
11/02/2004,NE,Sheridan,Bush,republican,580,1000
11/02/2004,IL,Jo_Daviess,Kerry,democrat,470,1000
11/02/2004,IL,Jo_Daviess,Bush,republican,530,1000
11/02/2004,SD,Corson,Kerry,democrat,420,1000
11/02/2004,SD,Corson,Bush,republican,580,1000
11/02/2004,MO,Lafayette,Kerry,democrat,420,1000
11/02/2004,MO,Lafayette,Bush,republican,580,1000
11/02/2004,PA,Montgomery,Kerry,democrat,580,1000
11/02/2004,PA,Montgomery,Bush,republican,420,1000
11/02/2004,MD,Prince_George_s,Kerry,democrat,580,1000
11/02/2004,MD,Prince_George_s,Bush,republican,420,1000
11/02/2004,VA,Middlesex,Kerry,democrat,420,1000
11/02/2004,VA,Middlesex,Bush,republican,580,1000
11/02/2004,ID,Owyhee,Kerry,democrat,420,1000
11/02/2004,ID,Owyhee,Bush,republican,580,1000
11/02/2004,KS,Doniphan,Kerry,democrat,420,1000
11/02/2004,KS,Doniphan,Bush,republican,580,1000
11/02/2004,NC,Graham,Kerry,democrat,420,1000
11/02/2004,NC,Graham,Bush,republican,580,1000
11/02/2004,AL,Lamar,Kerry,democrat,420,1000
11/02/2004,AL,Lamar,Bush,republican,580,1000
11/02/2004,GA,Coffee,Kerry,democrat,420,1000
11/02/2004,GA,Coffee,Bush,republican,580,1000
11/02/2004,CO,Ouray,Kerry,democrat,580,1000
11/02/2004,CO,Ouray,Bush,republican,420,1000
11/02/2004,NC,Henderson,Kerry,democrat,470,1000
11/02/2004,NC,Henderson,Bush,republican,530,1000
11/02/2004,ID,Elmore,Kerry,democrat,420,1000
11/02/2004,ID,Elmore,Bush,republican,580,1000
11/02/2004,ID,Jefferson,Kerry,democrat,420,1000
11/02/2004,ID,Jefferson,Bush,republican,580,1000
11/02/2004,IN,Lake,Kerry,democrat,580,1000
11/02/2004,IN,Lake,Bush,republican,420,1000
11/02/2004,PA,Lycoming,Kerry,democrat,420,1000
11/02/2004,PA,Lycoming,Bush,republican,580,1000
11/02/2004,NJ,Hunterdon,Kerry,democrat,510,1000
11/02/2004,NJ,Hunterdon,Bush,republican,490,1000
11/02/2004,VA,Smyth,Kerry,democrat,420,1000
11/02/2004,VA,Smyth,Bush,republican,580,1000
11/02/2004,VA,Spotsylvania,Kerry,democrat,530,1000
11/02/2004,VA,Spotsylvania,Bush,republican,470,1000
11/02/2004,NE,Sarpy,Kerry,democrat,530,1000
11/02/2004,NE,Sarpy,Bush,republican,470,1000
11/02/2004,OK,Harmon,Kerry,democrat,420,1000
11/02/2004,OK,Harmon,Bush,republican,580,1000
11/02/2004,GA,Toombs,Kerry,democrat,420,1000
11/02/2004,GA,Toombs,Bush,republican,580,1000
11/02/2004,KS,Harper,Kerry,democrat,420,1000
11/02/2004,KS,Harper,Bush,republican,580,1000
11/02/2004,AL,Shelby,Kerry,democrat,420,1000
11/02/2004,AL,Shelby,Bush,republican,580,1000
11/02/2004,AR,Calhoun,Kerry,democrat,420,1000
11/02/2004,AR,Calhoun,Bush,republican,580,1000
11/02/2004,NY,Columbia,Kerry,democrat,580,1000
11/02/2004,NY,Columbia,Bush,republican,420,1000
11/02/2004,GA,Warren,Kerry,democrat,580,1000
11/02/2004,GA,Warren,Bush,republican,420,1000
11/02/2004,OR,Linn,Kerry,democrat,510,1000
11/02/2004,OR,Linn,Bush,republican,490,1000
11/02/2004,SD,Gregory,Kerry,democrat,420,1000
11/02/2004,SD,Gregory,Bush,republican,580,1000
11/02/2004,TX,San_Jacinto,Kerry,democrat,420,1000
11/02/2004,TX,San_Jacinto,Bush,republican,580,1000
11/02/2004,IL,Calhoun,Kerry,democrat,420,1000
11/02/2004,IL,Calhoun,Bush,republican,580,1000
11/02/2004,FL,Brevard,Kerry,democrat,470,1000
11/02/2004,FL,Brevard,Bush,republican,530,1000
11/02/2004,NE,Scotts_Bluff,Kerry,democrat,420,1000
11/02/2004,NE,Scotts_Bluff,Bush,republican,580,1000
11/02/2004,ND,Nelson,Kerry,democrat,490,1000
11/02/2004,ND,Nelson,Bush,republican,510,1000
11/02/2004,ME,Androscoggin,Kerry,democrat,580,1000
11/02/2004,ME,Androscoggin,Bush,republican,420,1000
11/02/2004,TX,Wise,Kerry,democrat,420,1000
11/02/2004,TX,Wise,Bush,republican,580,1000
11/02/2004,TN,Rutherford,Kerry,democrat,420,1000
11/02/2004,TN,Rutherford,Bush,republican,580,1000
11/02/2004,MI,Houghton,Kerry,democrat,470,1000
11/02/2004,MI,Houghton,Bush,republican,530,1000
11/02/2004,KY,Leslie,Kerry,democrat,420,1000
11/02/2004,KY,Leslie,Bush,republican,580,1000
11/02/2004,NC,Harnett,Kerry,democrat,470,1000
11/02/2004,NC,Harnett,Bush,republican,530,1000
11/02/2004,KY,Perry,Kerry,democrat,420,1000
11/02/2004,KY,Perry,Bush,republican,580,1000
11/02/2004,IL,DuPage,Kerry,democrat,580,1000
11/02/2004,IL,DuPage,Bush,republican,420,1000
11/02/2004,MN,Anoka,Kerry,democrat,530,1000
11/02/2004,MN,Anoka,Bush,republican,470,1000
11/02/2004,CA,Butte,Kerry,democrat,530,1000
11/02/2004,CA,Butte,Bush,republican,470,1000
11/02/2004,MN,Stearns,Kerry,democrat,420,1000
11/02/2004,MN,Stearns,Bush,republican,580,1000
11/02/2004,MN,Sherburne,Kerry,democrat,420,1000
11/02/2004,MN,Sherburne,Bush,republican,580,1000
11/02/2004,MO,Jasper,Kerry,democrat,420,1000
11/02/2004,MO,Jasper,Bush,republican,580,1000
11/02/2004,GA,Wayne,Kerry,democrat,420,1000
11/02/2004,GA,Wayne,Bush,republican,580,1000
11/02/2004,MD,Frederick,Kerry,democrat,580,1000
11/02/2004,MD,Frederick,Bush,republican,420,1000
11/02/2004,AL,Dallas,Kerry,democrat,530,1000
11/02/2004,AL,Dallas,Bush,republican,470,1000
11/02/2004,MI,Genesee,Kerry,democrat,580,1000
11/02/2004,MI,Genesee,Bush,republican,420,1000
11/02/2004,NC,Hoke,Kerry,democrat,530,1000
11/02/2004,NC,Hoke,Bush,republican,470,1000
11/02/2004,VA,Campbell,Kerry,democrat,420,1000
11/02/2004,VA,Campbell,Bush,republican,580,1000
11/02/2004,MN,Jackson,Kerry,democrat,470,1000
11/02/2004,MN,Jackson,Bush,republican,530,1000
11/02/2004,MI,St_Joseph,Kerry,democrat,420,1000
11/02/2004,MI,St_Joseph,Bush,republican,580,1000
11/02/2004,KY,Bath,Kerry,democrat,420,1000
11/02/2004,KY,Bath,Bush,republican,580,1000
11/02/2004,SD,Brookings,Kerry,democrat,490,1000
11/02/2004,SD,Brookings,Bush,republican,510,1000
11/02/2004,TN,Cocke,Kerry,democrat,420,1000
11/02/2004,TN,Cocke,Bush,republican,580,1000
11/02/2004,SD,Minnehaha,Kerry,democrat,490,1000
11/02/2004,SD,Minnehaha,Bush,republican,510,1000
11/02/2004,SC,Abbeville,Kerry,democrat,420,1000
11/02/2004,SC,Abbeville,Bush,republican,580,1000
11/02/2004,SC,Aiken,Kerry,democrat,470,1000
11/02/2004,SC,Aiken,Bush,republican,530,1000
11/02/2004,TN,Dickson,Kerry,democrat,420,1000
11/02/2004,TN,Dickson,Bush,republican,580,1000
11/02/2004,SC,Edgefield,Kerry,democrat,420,1000
11/02/2004,SC,Edgefield,Bush,republican,580,1000
11/02/2004,MN,Lac_Qui_Parle,Kerry,democrat,470,1000
11/02/2004,MN,Lac_Qui_Parle,Bush,republican,530,1000
11/02/2004,MT,Powell,Kerry,democrat,470,1000
11/02/2004,MT,Powell,Bush,republican,530,1000
11/02/2004,OR,Union,Kerry,democrat,420,1000
11/02/2004,OR,Union,Bush,republican,580,1000
11/02/2004,AK,Dillingham,Kerry,democrat,470,1000
11/02/2004,AK,Dillingham,Bush,republican,530,1000
11/02/2004,IN,Jefferson,Kerry,democrat,420,1000
11/02/2004,IN,Jefferson,Bush,republican,580,1000
11/02/2004,MS,Coahoma,Kerry,democrat,580,1000
11/02/2004,MS,Coahoma,Bush,republican,420,1000
11/02/2004,NY,Orange,Kerry,democrat,530,1000
11/02/2004,NY,Orange,Bush,republican,470,1000
11/02/2004,WI,Iron,Kerry,democrat,490,1000
11/02/2004,WI,Iron,Bush,republican,510,1000
11/02/2004,KY,Franklin,Kerry,democrat,530,1000
11/02/2004,KY,Franklin,Bush,republican,470,1000
11/02/2004,IN,Clinton,Kerry,democrat,420,1000
11/02/2004,IN,Clinton,Bush,republican,580,1000
11/02/2004,LA,St_Charles,Kerry,democrat,530,1000
11/02/2004,LA,St_Charles,Bush,republican,470,1000
11/02/2004,NC,Greene,Kerry,democrat,490,1000
11/02/2004,NC,Greene,Bush,republican,510,1000
11/02/2004,TN,Lauderdale,Kerry,democrat,420,1000
11/02/2004,TN,Lauderdale,Bush,republican,580,1000
11/02/2004,TN,DeKalb,Kerry,democrat,420,1000
11/02/2004,TN,DeKalb,Bush,republican,580,1000
11/02/2004,FL,Citrus,Kerry,democrat,470,1000
11/02/2004,FL,Citrus,Bush,republican,530,1000
11/02/2004,SC,Greenwood,Kerry,democrat,470,1000
11/02/2004,SC,Greenwood,Bush,republican,530,1000
11/02/2004,TN,Perry,Kerry,democrat,420,1000
11/02/2004,TN,Perry,Bush,republican,580,1000
11/02/2004,WI,Sheboygan,Kerry,democrat,497,1000
11/02/2004,WI,Sheboygan,Bush,republican,503,1000
11/02/2004,SC,Spartanburg,Kerry,democrat,490,1000
11/02/2004,SC,Spartanburg,Bush,republican,510,1000
11/02/2004,MN,Renville,Kerry,democrat,420,1000
11/02/2004,MN,Renville,Bush,republican,580,1000
11/02/2004,MO,Cole,Kerry,democrat,470,1000
11/02/2004,MO,Cole,Bush,republican,530,1000
11/02/2004,WY,Fremont,Kerry,democrat,420,1000
11/02/2004,WY,Fremont,Bush,republican,580,1000
11/02/2004,TN,Claiborne,Kerry,democrat,420,1000
11/02/2004,TN,Claiborne,Bush,republican,580,1000
11/02/2004,PA,Beaver,Kerry,democrat,530,1000
11/02/2004,PA,Beaver,Bush,republican,470,1000
11/02/2004,PA,Erie,Kerry,democrat,530,1000
11/02/2004,PA,Erie,Bush,republican,470,1000
11/02/2004,NC,Wayne,Kerry,democrat,420,1000
11/02/2004,NC,Wayne,Bush,republican,580,1000
11/02/2004,TX,Hays,Kerry,democrat,580,1000
11/02/2004,TX,Hays,Bush,republican,420,1000
11/02/2004,UT,Millard,Kerry,democrat,420,1000
11/02/2004,UT,Millard,Bush,republican,580,1000
11/02/2004,AL,Tallapoosa,Kerry,democrat,420,1000
11/02/2004,AL,Tallapoosa,Bush,republican,580,1000
11/02/2004,MN,Washington,Kerry,democrat,580,1000
11/02/2004,MN,Washington,Bush,republican,420,1000
11/02/2004,IA,Lyon,Kerry,democrat,420,1000
11/02/2004,IA,Lyon,Bush,republican,580,1000
11/02/2004,NY,Chemung,Kerry,democrat,420,1000
11/02/2004,NY,Chemung,Bush,republican,580,1000
11/02/2004,NE,Red_Willow,Kerry,democrat,420,1000
11/02/2004,NE,Red_Willow,Bush,republican,580,1000
11/02/2004,WV,Hancock,Kerry,democrat,420,1000
11/02/2004,WV,Hancock,Bush,republican,580,1000
11/02/2004,FL,Okeechobee,Kerry,democrat,420,1000
11/02/2004,FL,Okeechobee,Bush,republican,580,1000
11/02/2004,NE,Hitchcock,Kerry,democrat,420,1000
11/02/2004,NE,Hitchcock,Bush,republican,580,1000
11/02/2004,LA,Cameron,Kerry,democrat,420,1000
11/02/2004,LA,Cameron,Bush,republican,580,1000
11/02/2004,OK,Love,Kerry,democrat,420,1000
11/02/2004,OK,Love,Bush,republican,580,1000
11/02/2004,IA,Bremer,Kerry,democrat,530,1000
11/02/2004,IA,Bremer,Bush,republican,470,1000
11/02/2004,ID,Butte,Kerry,democrat,420,1000
11/02/2004,ID,Butte,Bush,republican,580,1000
11/02/2004,AR,Lafayette,Kerry,democrat,420,1000
11/02/2004,AR,Lafayette,Bush,republican,580,1000
11/02/2004,SD,Stanley,Kerry,democrat,420,1000
11/02/2004,SD,Stanley,Bush,republican,580,1000
11/02/2004,OH,Franklin,Kerry,democrat,580,1000
11/02/2004,OH,Franklin,Bush,republican,420,1000
11/02/2004,MT,Fergus,Kerry,democrat,420,1000
11/02/2004,MT,Fergus,Bush,republican,580,1000
11/02/2004,NC,Davie,Kerry,democrat,420,1000
11/02/2004,NC,Davie,Bush,republican,580,1000
11/02/2004,AR,Independence,Kerry,democrat,420,1000
11/02/2004,AR,Independence,Bush,republican,580,1000
11/02/2004,NC,Pender,Kerry,democrat,420,1000
11/02/2004,NC,Pender,Bush,republican,580,1000
11/02/2004,MO,Nodaway,Kerry,democrat,420,1000
11/02/2004,MO,Nodaway,Bush,republican,580,1000
11/02/2004,NE,Seward,Kerry,democrat,420,1000
11/02/2004,NE,Seward,Bush,republican,580,1000
11/02/2004,OK,Wagoner,Kerry,democrat,420,1000
11/02/2004,OK,Wagoner,Bush,republican,580,1000
11/02/2004,OK,Harper,Kerry,democrat,420,1000
11/02/2004,OK,Harper,Bush,republican,580,1000
11/02/2004,AL,Covington,Kerry,democrat,420,1000
11/02/2004,AL,Covington,Bush,republican,580,1000
11/02/2004,KS,Greeley,Kerry,democrat,420,1000
11/02/2004,KS,Greeley,Bush,republican,580,1000
11/02/2004,MI,Arenac,Kerry,democrat,470,1000
11/02/2004,MI,Arenac,Bush,republican,530,1000
11/02/2004,TX,Jefferson,Kerry,democrat,530,1000
11/02/2004,TX,Jefferson,Bush,republican,470,1000
11/02/2004,WI,Burnett,Kerry,democrat,470,1000
11/02/2004,WI,Burnett,Bush,republican,530,1000
11/02/2004,IN,Floyd,Kerry,democrat,503,1000
11/02/2004,IN,Floyd,Bush,republican,497,1000
11/02/2004,MI,Gogebic,Kerry,democrat,490,1000
11/02/2004,MI,Gogebic,Bush,republican,510,1000
11/02/2004,GA,Union,Kerry,democrat,420,1000
11/02/2004,GA,Union,Bush,republican,580,1000
11/02/2004,NJ,Middlesex,Kerry,democrat,580,1000
11/02/2004,NJ,Middlesex,Bush,republican,420,1000
11/02/2004,AR,Monroe,Kerry,democrat,490,1000
11/02/2004,AR,Monroe,Bush,republican,510,1000
11/02/2004,MN,Pennington,Kerry,democrat,420,1000
11/02/2004,MN,Pennington,Bush,republican,580,1000
11/02/2004,RI,Washington,Kerry,democrat,580,1000
11/02/2004,RI,Washington,Bush,republican,420,1000
11/02/2004,AR,Lonoke,Kerry,democrat,420,1000
11/02/2004,AR,Lonoke,Bush,republican,580,1000
11/02/2004,NE,Dakota,Kerry,democrat,490,1000
11/02/2004,NE,Dakota,Bush,republican,510,1000
11/02/2004,AR,Little_River,Kerry,democrat,420,1000
11/02/2004,AR,Little_River,Bush,republican,580,1000
11/02/2004,AR,Logan,Kerry,democrat,420,1000
11/02/2004,AR,Logan,Bush,republican,580,1000
11/02/2004,VA,Harrisonburg,Kerry,democrat,420,1000
11/02/2004,VA,Harrisonburg,Bush,republican,580,1000
11/02/2004,NC,Mitchell,Kerry,democrat,420,1000
11/02/2004,NC,Mitchell,Bush,republican,580,1000
11/02/2004,VA,York,Kerry,democrat,470,1000
11/02/2004,VA,York,Bush,republican,530,1000
11/02/2004,LA,Rapides,Kerry,democrat,490,1000
11/02/2004,LA,Rapides,Bush,republican,510,1000
11/02/2004,KS,Gove,Kerry,democrat,420,1000
11/02/2004,KS,Gove,Bush,republican,580,1000
11/02/2004,VA,Powhatan,Kerry,democrat,420,1000
11/02/2004,VA,Powhatan,Bush,republican,580,1000
11/02/2004,AR,Sharp,Kerry,democrat,420,1000
11/02/2004,AR,Sharp,Bush,republican,580,1000
11/02/2004,MS,Tate,Kerry,democrat,490,1000
11/02/2004,MS,Tate,Bush,republican,510,1000
11/02/2004,TN,Scott,Kerry,democrat,420,1000
11/02/2004,TN,Scott,Bush,republican,580,1000
11/02/2004,ME,Penobscot,Kerry,democrat,530,1000
11/02/2004,ME,Penobscot,Bush,republican,470,1000
11/02/2004,NC,Montgomery,Kerry,democrat,420,1000
11/02/2004,NC,Montgomery,Bush,republican,580,1000
11/02/2004,NE,Sioux,Kerry,democrat,420,1000
11/02/2004,NE,Sioux,Bush,republican,580,1000
11/02/2004,WA,Columbia,Kerry,democrat,470,1000
11/02/2004,WA,Columbia,Bush,republican,530,1000
11/02/2004,CA,San_Francisco,Kerry,democrat,580,1000
11/02/2004,CA,San_Francisco,Bush,republican,420,1000
11/02/2004,MO,Platte,Kerry,democrat,510,1000
11/02/2004,MO,Platte,Bush,republican,490,1000
11/02/2004,ND,Traill,Kerry,democrat,470,1000
11/02/2004,ND,Traill,Bush,republican,530,1000
11/02/2004,NJ,Atlantic,Kerry,democrat,580,1000
11/02/2004,NJ,Atlantic,Bush,republican,420,1000
11/02/2004,VA,Chesterfield,Kerry,democrat,580,1000
11/02/2004,VA,Chesterfield,Bush,republican,420,1000
11/02/2004,IN,LaGrange,Kerry,democrat,420,1000
11/02/2004,IN,LaGrange,Bush,republican,580,1000
11/02/2004,CO,Garfield,Kerry,democrat,530,1000
11/02/2004,CO,Garfield,Bush,republican,470,1000
11/02/2004,FL,Indian_River,Kerry,democrat,470,1000
11/02/2004,FL,Indian_River,Bush,republican,530,1000
11/02/2004,NC,Rutherford,Kerry,democrat,420,1000
11/02/2004,NC,Rutherford,Bush,republican,580,1000
11/02/2004,OH,Mahoning,Kerry,democrat,580,1000
11/02/2004,OH,Mahoning,Bush,republican,420,1000
11/02/2004,KS,Clark,Kerry,democrat,420,1000
11/02/2004,KS,Clark,Bush,republican,580,1000
11/02/2004,MO,Buchanan,Kerry,democrat,470,1000
11/02/2004,MO,Buchanan,Bush,republican,530,1000
11/02/2004,OH,Lake,Kerry,democrat,503,1000
11/02/2004,OH,Lake,Bush,republican,497,1000
11/02/2004,IN,Daviess,Kerry,democrat,420,1000
11/02/2004,IN,Daviess,Bush,republican,580,1000
11/02/2004,IA,Muscatine,Kerry,democrat,580,1000
11/02/2004,IA,Muscatine,Bush,republican,420,1000
11/02/2004,NJ,Hudson,Kerry,democrat,580,1000
11/02/2004,NJ,Hudson,Bush,republican,420,1000
11/02/2004,CA,Plumas,Kerry,democrat,470,1000
11/02/2004,CA,Plumas,Bush,republican,530,1000
11/02/2004,LA,Winn,Kerry,democrat,420,1000
11/02/2004,LA,Winn,Bush,republican,580,1000
11/02/2004,AR,Pike,Kerry,democrat,420,1000
11/02/2004,AR,Pike,Bush,republican,580,1000
11/02/2004,MO,St_Charles,Kerry,democrat,490,1000
11/02/2004,MO,St_Charles,Bush,republican,510,1000
11/02/2004,IL,Knox,Kerry,democrat,490,1000
11/02/2004,IL,Knox,Bush,republican,510,1000
11/02/2004,CA,San_Mateo,Kerry,democrat,580,1000
11/02/2004,CA,San_Mateo,Bush,republican,420,1000
11/02/2004,AL,Crenshaw,Kerry,democrat,420,1000
11/02/2004,AL,Crenshaw,Bush,republican,580,1000
11/02/2004,NC,Tyrrell,Kerry,democrat,580,1000
11/02/2004,NC,Tyrrell,Bush,republican,420,1000
11/02/2004,KS,Johnson,Kerry,democrat,580,1000
11/02/2004,KS,Johnson,Bush,republican,420,1000
11/02/2004,IN,Steuben,Kerry,democrat,420,1000
11/02/2004,IN,Steuben,Bush,republican,580,1000
11/02/2004,CO,Kit_Carson,Kerry,democrat,420,1000
11/02/2004,CO,Kit_Carson,Bush,republican,580,1000
11/02/2004,FL,Palm_Beach,Kerry,democrat,580,1000
11/02/2004,FL,Palm_Beach,Bush,republican,420,1000
11/02/2004,IL,Marion,Kerry,democrat,420,1000
11/02/2004,IL,Marion,Bush,republican,580,1000
11/02/2004,CO,Moffat,Kerry,democrat,420,1000
11/02/2004,CO,Moffat,Bush,republican,580,1000
11/02/2004,MN,Norman,Kerry,democrat,510,1000
11/02/2004,MN,Norman,Bush,republican,490,1000
11/02/2004,MO,Bollinger,Kerry,democrat,420,1000
11/02/2004,MO,Bollinger,Bush,republican,580,1000
11/02/2004,VA,Appomattox,Kerry,democrat,420,1000
11/02/2004,VA,Appomattox,Bush,republican,580,1000
11/02/2004,WA,Wahkiakum,Kerry,democrat,530,1000
11/02/2004,WA,Wahkiakum,Bush,republican,470,1000
11/02/2004,GA,Richmond,Kerry,democrat,580,1000
11/02/2004,GA,Richmond,Bush,republican,420,1000
11/02/2004,NC,Orange,Kerry,democrat,580,1000
11/02/2004,NC,Orange,Bush,republican,420,1000
11/02/2004,PA,Armstrong,Kerry,democrat,420,1000
11/02/2004,PA,Armstrong,Bush,republican,580,1000
11/02/2004,TX,Henderson,Kerry,democrat,420,1000
11/02/2004,TX,Henderson,Bush,republican,580,1000
11/02/2004,GA,Stewart,Kerry,democrat,580,1000
11/02/2004,GA,Stewart,Bush,republican,420,1000
11/02/2004,KY,Hardin,Kerry,democrat,420,1000
11/02/2004,KY,Hardin,Bush,republican,580,1000
11/02/2004,MN,Morrison,Kerry,democrat,420,1000
11/02/2004,MN,Morrison,Bush,republican,580,1000
11/02/2004,IL,Mason,Kerry,democrat,470,1000
11/02/2004,IL,Mason,Bush,republican,530,1000
11/02/2004,TX,Red_River,Kerry,democrat,420,1000
11/02/2004,TX,Red_River,Bush,republican,580,1000
11/02/2004,FL,Collier,Kerry,democrat,470,1000
11/02/2004,FL,Collier,Bush,republican,530,1000
11/02/2004,TX,Travis,Kerry,democrat,580,1000
11/02/2004,TX,Travis,Bush,republican,420,1000
11/02/2004,CA,Sutter,Kerry,democrat,420,1000
11/02/2004,CA,Sutter,Bush,republican,580,1000
11/02/2004,CA,Lassen,Kerry,democrat,420,1000
11/02/2004,CA,Lassen,Bush,republican,580,1000
11/02/2004,FL,Osceola,Kerry,democrat,580,1000
11/02/2004,FL,Osceola,Bush,republican,420,1000
11/02/2004,ID,Teton,Kerry,democrat,580,1000
11/02/2004,ID,Teton,Bush,republican,420,1000
11/02/2004,CO,Rio_Grande,Kerry,democrat,470,1000
11/02/2004,CO,Rio_Grande,Bush,republican,530,1000
11/02/2004,MI,Delta,Kerry,democrat,470,1000
11/02/2004,MI,Delta,Bush,republican,530,1000
11/02/2004,NY,Queens,Kerry,democrat,580,1000
11/02/2004,NY,Queens,Bush,republican,420,1000
11/02/2004,OR,Curry,Kerry,democrat,470,1000
11/02/2004,OR,Curry,Bush,republican,530,1000
11/02/2004,VA,Essex,Kerry,democrat,470,1000
11/02/2004,VA,Essex,Bush,republican,530,1000
11/02/2004,OK,Tillman,Kerry,democrat,420,1000
11/02/2004,OK,Tillman,Bush,republican,580,1000
11/02/2004,CO,Crowley,Kerry,democrat,420,1000
11/02/2004,CO,Crowley,Bush,republican,580,1000
11/02/2004,CO,Pueblo,Kerry,democrat,510,1000
11/02/2004,CO,Pueblo,Bush,republican,490,1000
11/02/2004,CO,Las_Animas,Kerry,democrat,530,1000
11/02/2004,CO,Las_Animas,Bush,republican,470,1000
11/02/2004,OK,Adair,Kerry,democrat,420,1000
11/02/2004,OK,Adair,Bush,republican,580,1000
11/02/2004,NY,Schoharie,Kerry,democrat,420,1000
11/02/2004,NY,Schoharie,Bush,republican,580,1000
11/02/2004,NY,Broome,Kerry,democrat,530,1000
11/02/2004,NY,Broome,Bush,republican,470,1000
11/02/2004,OH,Scioto,Kerry,democrat,420,1000
11/02/2004,OH,Scioto,Bush,republican,580,1000
11/02/2004,OH,Seneca,Kerry,democrat,470,1000
11/02/2004,OH,Seneca,Bush,republican,530,1000
11/02/2004,TX,Starr,Kerry,democrat,420,1000
11/02/2004,TX,Starr,Bush,republican,580,1000
11/02/2004,GA,Glynn,Kerry,democrat,420,1000
11/02/2004,GA,Glynn,Bush,republican,580,1000
11/02/2004,GA,Hall,Kerry,democrat,420,1000
11/02/2004,GA,Hall,Bush,republican,580,1000
11/02/2004,TX,Brazoria,Kerry,democrat,490,1000
11/02/2004,TX,Brazoria,Bush,republican,510,1000
11/02/2004,PA,Northumberland,Kerry,democrat,470,1000
11/02/2004,PA,Northumberland,Bush,republican,530,1000
11/02/2004,MI,Washtenaw,Kerry,democrat,580,1000
11/02/2004,MI,Washtenaw,Bush,republican,420,1000
11/02/2004,NC,Ashe,Kerry,democrat,420,1000
11/02/2004,NC,Ashe,Bush,republican,580,1000
11/02/2004,VA,Russell,Kerry,democrat,420,1000
11/02/2004,VA,Russell,Bush,republican,580,1000
11/02/2004,NC,Bladen,Kerry,democrat,490,1000
11/02/2004,NC,Bladen,Bush,republican,510,1000
11/02/2004,KY,Johnson,Kerry,democrat,420,1000
11/02/2004,KY,Johnson,Bush,republican,580,1000
11/02/2004,NC,Robeson,Kerry,democrat,490,1000
11/02/2004,NC,Robeson,Bush,republican,510,1000
11/02/2004,TN,Shelby,Kerry,democrat,580,1000
11/02/2004,TN,Shelby,Bush,republican,420,1000
11/02/2004,MI,Iosco,Kerry,democrat,470,1000
11/02/2004,MI,Iosco,Bush,republican,530,1000
11/02/2004,OK,Muskogee,Kerry,democrat,470,1000
11/02/2004,OK,Muskogee,Bush,republican,530,1000
11/02/2004,GA,Crawford,Kerry,democrat,470,1000
11/02/2004,GA,Crawford,Bush,republican,530,1000
11/02/2004,VA,Virginia_Beach,Kerry,democrat,530,1000
11/02/2004,VA,Virginia_Beach,Bush,republican,470,1000
11/02/2004,MI,Oakland,Kerry,democrat,580,1000
11/02/2004,MI,Oakland,Bush,republican,420,1000
11/02/2004,MI,Saginaw,Kerry,democrat,530,1000
11/02/2004,MI,Saginaw,Bush,republican,470,1000
11/02/2004,TN,Greene,Kerry,democrat,420,1000
11/02/2004,TN,Greene,Bush,republican,580,1000
11/02/2004,PA,Carbon,Kerry,democrat,470,1000
11/02/2004,PA,Carbon,Bush,republican,530,1000
11/02/2004,SC,Chesterfield,Kerry,democrat,503,1000
11/02/2004,SC,Chesterfield,Bush,republican,497,1000
11/02/2004,TN,Sullivan,Kerry,democrat,420,1000
11/02/2004,TN,Sullivan,Bush,republican,580,1000
11/02/2004,NM,Roosevelt,Kerry,democrat,420,1000
11/02/2004,NM,Roosevelt,Bush,republican,580,1000
11/02/2004,LA,Ascension,Kerry,democrat,470,1000
11/02/2004,LA,Ascension,Bush,republican,530,1000
11/02/2004,GA,Berrien,Kerry,democrat,420,1000
11/02/2004,GA,Berrien,Bush,republican,580,1000
11/02/2004,NC,Johnston,Kerry,democrat,510,1000
11/02/2004,NC,Johnston,Bush,republican,490,1000
11/02/2004,KY,Lawrence,Kerry,democrat,420,1000
11/02/2004,KY,Lawrence,Bush,republican,580,1000
11/02/2004,PA,Fayette,Kerry,democrat,470,1000
11/02/2004,PA,Fayette,Bush,republican,530,1000
11/02/2004,TN,Lawrence,Kerry,democrat,420,1000
11/02/2004,TN,Lawrence,Bush,republican,580,1000
11/02/2004,UT,Iron,Kerry,democrat,420,1000
11/02/2004,UT,Iron,Bush,republican,580,1000
11/02/2004,VA,Bland,Kerry,democrat,420,1000
11/02/2004,VA,Bland,Bush,republican,580,1000
11/02/2004,IA,Lee,Kerry,democrat,580,1000
11/02/2004,IA,Lee,Bush,republican,420,1000
11/02/2004,MI,Bay,Kerry,democrat,580,1000
11/02/2004,MI,Bay,Bush,republican,420,1000
11/02/2004,NE,Washington,Kerry,democrat,470,1000
11/02/2004,NE,Washington,Bush,republican,530,1000
11/02/2004,NE,Cheyenne,Kerry,democrat,420,1000
11/02/2004,NE,Cheyenne,Bush,republican,580,1000
11/02/2004,SC,Hampton,Kerry,democrat,580,1000
11/02/2004,SC,Hampton,Bush,republican,420,1000
11/02/2004,NC,Rockingham,Kerry,democrat,420,1000
11/02/2004,NC,Rockingham,Bush,republican,580,1000
11/02/2004,OH,Miami,Kerry,democrat,420,1000
11/02/2004,OH,Miami,Bush,republican,580,1000
11/02/2004,OK,Pottawatomie,Kerry,democrat,420,1000
11/02/2004,OK,Pottawatomie,Bush,republican,580,1000
11/02/2004,OR,Polk,Kerry,democrat,530,1000
11/02/2004,OR,Polk,Bush,republican,470,1000
11/02/2004,PA,McKean,Kerry,democrat,420,1000
11/02/2004,PA,McKean,Bush,republican,580,1000
11/02/2004,SC,Dorchester,Kerry,democrat,510,1000
11/02/2004,SC,Dorchester,Bush,republican,490,1000
11/02/2004,VA,Waynesboro,Kerry,democrat,470,1000
11/02/2004,VA,Waynesboro,Bush,republican,530,1000
11/02/2004,WV,Mercer,Kerry,democrat,420,1000
11/02/2004,WV,Mercer,Bush,republican,580,1000
11/02/2004,AR,Jefferson,Kerry,democrat,580,1000
11/02/2004,AR,Jefferson,Bush,republican,420,1000
11/02/2004,CA,Tulare,Kerry,democrat,490,1000
11/02/2004,CA,Tulare,Bush,republican,510,1000
11/02/2004,ID,Bingham,Kerry,democrat,420,1000
11/02/2004,ID,Bingham,Bush,republican,580,1000
11/02/2004,IA,Hardin,Kerry,democrat,490,1000
11/02/2004,IA,Hardin,Bush,republican,510,1000
11/02/2004,VA,Chesapeake,Kerry,democrat,530,1000
11/02/2004,VA,Chesapeake,Bush,republican,470,1000
11/02/2004,IA,Cedar,Kerry,democrat,530,1000
11/02/2004,IA,Cedar,Bush,republican,470,1000
11/02/2004,AR,Chicot,Kerry,democrat,580,1000
11/02/2004,AR,Chicot,Bush,republican,420,1000
11/02/2004,CA,Tehama,Kerry,democrat,420,1000
11/02/2004,CA,Tehama,Bush,republican,580,1000
11/02/2004,MS,Madison,Kerry,democrat,530,1000
11/02/2004,MS,Madison,Bush,republican,470,1000
11/02/2004,UT,Garfield,Kerry,democrat,420,1000
11/02/2004,UT,Garfield,Bush,republican,580,1000
11/02/2004,TX,Johnson,Kerry,democrat,420,1000
11/02/2004,TX,Johnson,Bush,republican,580,1000
11/02/2004,MT,Judith_Basin,Kerry,democrat,470,1000
11/02/2004,MT,Judith_Basin,Bush,republican,530,1000
11/02/2004,WA,Benton,Kerry,democrat,490,1000
11/02/2004,WA,Benton,Bush,republican,510,1000
11/02/2004,WI,Wood,Kerry,democrat,470,1000
11/02/2004,WI,Wood,Bush,republican,530,1000
11/02/2004,NC,Hyde,Kerry,democrat,503,1000
11/02/2004,NC,Hyde,Bush,republican,497,1000
11/02/2004,ND,Emmons,Kerry,democrat,420,1000
11/02/2004,ND,Emmons,Bush,republican,580,1000
11/02/2004,TX,Gaines,Kerry,democrat,420,1000
11/02/2004,TX,Gaines,Bush,republican,580,1000
11/02/2004,TX,Lee,Kerry,democrat,420,1000
11/02/2004,TX,Lee,Bush,republican,580,1000
11/02/2004,KY,Owen,Kerry,democrat,420,1000
11/02/2004,KY,Owen,Bush,republican,580,1000
11/02/2004,KY,Jessamine,Kerry,democrat,420,1000
11/02/2004,KY,Jessamine,Bush,republican,580,1000
11/02/2004,KY,Rowan,Kerry,democrat,470,1000
11/02/2004,KY,Rowan,Bush,republican,530,1000
11/02/2004,MO,Miller,Kerry,democrat,420,1000
11/02/2004,MO,Miller,Bush,republican,580,1000
11/02/2004,NH,Carroll,Kerry,democrat,530,1000
11/02/2004,NH,Carroll,Bush,republican,470,1000
11/02/2004,VA,Roanoke,Kerry,democrat,580,1000
11/02/2004,VA,Roanoke,Bush,republican,420,1000
11/02/2004,NC,Watauga,Kerry,democrat,580,1000
11/02/2004,NC,Watauga,Bush,republican,420,1000
11/02/2004,CA,Kings,Kerry,democrat,470,1000
11/02/2004,CA,Kings,Bush,republican,530,1000
11/02/2004,LA,East_Feliciana,Kerry,democrat,470,1000
11/02/2004,LA,East_Feliciana,Bush,republican,530,1000
11/02/2004,MO,Benton,Kerry,democrat,420,1000
11/02/2004,MO,Benton,Bush,republican,580,1000
11/02/2004,KS,Sumner,Kerry,democrat,420,1000
11/02/2004,KS,Sumner,Bush,republican,580,1000
11/02/2004,KY,Livingston,Kerry,democrat,420,1000
11/02/2004,KY,Livingston,Bush,republican,580,1000
11/02/2004,CA,San_Joaquin,Kerry,democrat,580,1000
11/02/2004,CA,San_Joaquin,Bush,republican,420,1000
11/02/2004,OK,Alfalfa,Kerry,democrat,420,1000
11/02/2004,OK,Alfalfa,Bush,republican,580,1000
11/02/2004,PA,Berks,Kerry,democrat,580,1000
11/02/2004,PA,Berks,Bush,republican,420,1000
11/02/2004,PA,Lebanon,Kerry,democrat,470,1000
11/02/2004,PA,Lebanon,Bush,republican,530,1000
11/02/2004,GA,Calhoun,Kerry,democrat,580,1000
11/02/2004,GA,Calhoun,Bush,republican,420,1000
11/02/2004,AR,Scott,Kerry,democrat,420,1000
11/02/2004,AR,Scott,Bush,republican,580,1000
11/02/2004,CO,Baca,Kerry,democrat,420,1000
11/02/2004,CO,Baca,Bush,republican,580,1000
11/02/2004,FL,Bay,Kerry,democrat,420,1000
11/02/2004,FL,Bay,Bush,republican,580,1000
11/02/2004,GA,Lowndes,Kerry,democrat,470,1000
11/02/2004,GA,Lowndes,Bush,republican,530,1000
11/02/2004,IN,Vermillion,Kerry,democrat,470,1000
11/02/2004,IN,Vermillion,Bush,republican,530,1000
11/02/2004,NY,Sullivan,Kerry,democrat,497,1000
11/02/2004,NY,Sullivan,Bush,republican,503,1000
11/02/2004,OH,Pickaway,Kerry,democrat,420,1000
11/02/2004,OH,Pickaway,Bush,republican,580,1000
11/02/2004,OK,Woodward,Kerry,democrat,420,1000
11/02/2004,OK,Woodward,Bush,republican,580,1000
11/02/2004,NE,Boyd,Kerry,democrat,420,1000
11/02/2004,NE,Boyd,Bush,republican,580,1000
11/02/2004,KY,Cumberland,Kerry,democrat,420,1000
11/02/2004,KY,Cumberland,Bush,republican,580,1000
11/02/2004,MN,Wabasha,Kerry,democrat,470,1000
11/02/2004,MN,Wabasha,Bush,republican,530,1000
11/02/2004,VA,Southampton,Kerry,democrat,470,1000
11/02/2004,VA,Southampton,Bush,republican,530,1000
11/02/2004,NY,Dutchess,Kerry,democrat,530,1000
11/02/2004,NY,Dutchess,Bush,republican,470,1000
11/02/2004,VA,James_City,Kerry,democrat,530,1000
11/02/2004,VA,James_City,Bush,republican,470,1000
11/02/2004,GA,Taylor,Kerry,democrat,470,1000
11/02/2004,GA,Taylor,Bush,republican,530,1000
11/02/2004,TX,Smith,Kerry,democrat,420,1000
11/02/2004,TX,Smith,Bush,republican,580,1000
11/02/2004,TX,Kerr,Kerry,democrat,420,1000
11/02/2004,TX,Kerr,Bush,republican,580,1000
11/02/2004,WV,Lewis,Kerry,democrat,420,1000
11/02/2004,WV,Lewis,Bush,republican,580,1000
11/02/2004,ND,Oliver,Kerry,democrat,420,1000
11/02/2004,ND,Oliver,Bush,republican,580,1000
11/02/2004,TN,Morgan,Kerry,democrat,420,1000
11/02/2004,TN,Morgan,Bush,republican,580,1000
11/02/2004,WY,Big_Horn,Kerry,democrat,420,1000
11/02/2004,WY,Big_Horn,Bush,republican,580,1000
11/02/2004,KY,Mason,Kerry,democrat,420,1000
11/02/2004,KY,Mason,Bush,republican,580,1000
11/02/2004,LA,St_Helena,Kerry,democrat,530,1000
11/02/2004,LA,St_Helena,Bush,republican,470,1000
11/02/2004,MD,Garrett,Kerry,democrat,420,1000
11/02/2004,MD,Garrett,Bush,republican,580,1000
11/02/2004,MI,Mackinac,Kerry,democrat,420,1000
11/02/2004,MI,Mackinac,Bush,republican,580,1000
11/02/2004,TN,Davidson,Kerry,democrat,580,1000
11/02/2004,TN,Davidson,Bush,republican,420,1000
11/02/2004,TX,Grimes,Kerry,democrat,420,1000
11/02/2004,TX,Grimes,Bush,republican,580,1000
11/02/2004,TX,Foard,Kerry,democrat,420,1000
11/02/2004,TX,Foard,Bush,republican,580,1000
11/02/2004,VA,Franklin,Kerry,democrat,420,1000
11/02/2004,VA,Franklin,Bush,republican,580,1000
11/02/2004,VA,Botetourt,Kerry,democrat,420,1000
11/02/2004,VA,Botetourt,Bush,republican,580,1000
11/02/2004,NC,Pasquotank,Kerry,democrat,580,1000
11/02/2004,NC,Pasquotank,Bush,republican,420,1000
11/02/2004,AR,Baxter,Kerry,democrat,420,1000
11/02/2004,AR,Baxter,Bush,republican,580,1000
11/02/2004,NY,Tompkins,Kerry,democrat,580,1000
11/02/2004,NY,Tompkins,Bush,republican,420,1000
11/02/2004,WV,Webster,Kerry,democrat,420,1000
11/02/2004,WV,Webster,Bush,republican,580,1000
11/02/2004,WV,Clay,Kerry,democrat,420,1000
11/02/2004,WV,Clay,Bush,republican,580,1000
11/02/2004,WV,Jackson,Kerry,democrat,420,1000
11/02/2004,WV,Jackson,Bush,republican,580,1000
11/02/2004,AL,Sumter,Kerry,democrat,420,1000
11/02/2004,AL,Sumter,Bush,republican,580,1000
11/02/2004,AZ,Pima,Kerry,democrat,580,1000
11/02/2004,AZ,Pima,Bush,republican,420,1000
11/02/2004,CO,Jackson,Kerry,democrat,420,1000
11/02/2004,CO,Jackson,Bush,republican,580,1000
11/02/2004,IL,Lake,Kerry,democrat,580,1000
11/02/2004,IL,Lake,Bush,republican,420,1000
11/02/2004,MS,Jackson,Kerry,democrat,420,1000
11/02/2004,MS,Jackson,Bush,republican,580,1000
11/02/2004,MT,Daniels,Kerry,democrat,420,1000
11/02/2004,MT,Daniels,Bush,republican,580,1000
11/02/2004,NH,Sullivan,Kerry,democrat,530,1000
11/02/2004,NH,Sullivan,Bush,republican,470,1000
11/02/2004,NJ,Gloucester,Kerry,democrat,530,1000
11/02/2004,NJ,Gloucester,Bush,republican,470,1000
11/02/2004,NC,Bertie,Kerry,democrat,580,1000
11/02/2004,NC,Bertie,Bush,republican,420,1000
11/02/2004,SD,Ziebach,Kerry,democrat,420,1000
11/02/2004,SD,Ziebach,Bush,republican,580,1000
11/02/2004,IA,Ringgold,Kerry,democrat,470,1000
11/02/2004,IA,Ringgold,Bush,republican,530,1000
11/02/2004,AL,Lauderdale,Kerry,democrat,420,1000
11/02/2004,AL,Lauderdale,Bush,republican,580,1000
11/02/2004,AZ,Santa_Cruz,Kerry,democrat,580,1000
11/02/2004,AZ,Santa_Cruz,Bush,republican,420,1000
11/02/2004,MS,Marion,Kerry,democrat,420,1000
11/02/2004,MS,Marion,Bush,republican,580,1000
11/02/2004,AL,Limestone,Kerry,democrat,470,1000
11/02/2004,AL,Limestone,Bush,republican,530,1000
11/02/2004,FL,Calhoun,Kerry,democrat,420,1000
11/02/2004,FL,Calhoun,Bush,republican,580,1000
11/02/2004,FL,Hernando,Kerry,democrat,530,1000
11/02/2004,FL,Hernando,Bush,republican,470,1000
11/02/2004,FL,Washington,Kerry,democrat,420,1000
11/02/2004,FL,Washington,Bush,republican,580,1000
11/02/2004,SD,Edmunds,Kerry,democrat,420,1000
11/02/2004,SD,Edmunds,Bush,republican,580,1000
11/02/2004,SD,Walworth,Kerry,democrat,420,1000
11/02/2004,SD,Walworth,Bush,republican,580,1000
11/02/2004,IL,Henderson,Kerry,democrat,510,1000
11/02/2004,IL,Henderson,Bush,republican,490,1000
11/02/2004,KY,Trimble,Kerry,democrat,420,1000
11/02/2004,KY,Trimble,Bush,republican,580,1000
11/02/2004,LA,St_Tammany,Kerry,democrat,420,1000
11/02/2004,LA,St_Tammany,Bush,republican,580,1000
11/02/2004,MD,Baltimore_City,Kerry,democrat,580,1000
11/02/2004,MD,Baltimore_City,Bush,republican,420,1000
11/02/2004,NC,Beaufort,Kerry,democrat,510,1000
11/02/2004,NC,Beaufort,Bush,republican,490,1000
11/02/2004,OH,Columbiana,Kerry,democrat,420,1000
11/02/2004,OH,Columbiana,Bush,republican,580,1000
11/02/2004,MT,Musselshell,Kerry,democrat,420,1000
11/02/2004,MT,Musselshell,Bush,republican,580,1000
11/02/2004,TX,Cameron,Kerry,democrat,530,1000
11/02/2004,TX,Cameron,Bush,republican,470,1000
11/02/2004,CA,Siskiyou,Kerry,democrat,470,1000
11/02/2004,CA,Siskiyou,Bush,republican,530,1000
11/02/2004,CO,Costilla,Kerry,democrat,580,1000
11/02/2004,CO,Costilla,Bush,republican,420,1000
11/02/2004,10,Sussex,Kerry,democrat,490,1000
11/02/2004,10,Sussex,Bush,republican,510,1000
11/02/2004,WA,Lewis,Kerry,democrat,470,1000
11/02/2004,WA,Lewis,Bush,republican,530,1000
11/02/2004,NJ,Sussex,Kerry,democrat,470,1000
11/02/2004,NJ,Sussex,Bush,republican,530,1000
11/02/2004,MA,Dukes,Kerry,democrat,580,1000
11/02/2004,MA,Dukes,Bush,republican,420,1000
11/02/2004,MN,Pine,Kerry,democrat,470,1000
11/02/2004,MN,Pine,Bush,republican,530,1000
11/02/2004,MS,Scott,Kerry,democrat,420,1000
11/02/2004,MS,Scott,Bush,republican,580,1000
11/02/2004,MT,Hill,Kerry,democrat,420,1000
11/02/2004,MT,Hill,Bush,republican,580,1000
11/02/2004,NY,Franklin,Kerry,democrat,510,1000
11/02/2004,NY,Franklin,Bush,republican,490,1000
11/02/2004,NJ,Essex,Kerry,democrat,580,1000
11/02/2004,NJ,Essex,Bush,republican,420,1000
11/02/2004,WA,Mason,Kerry,democrat,580,1000
11/02/2004,WA,Mason,Bush,republican,420,1000
11/02/2004,AR,Cleveland,Kerry,democrat,420,1000
11/02/2004,AR,Cleveland,Bush,republican,580,1000
11/02/2004,IN,Shelby,Kerry,democrat,420,1000
11/02/2004,IN,Shelby,Bush,republican,580,1000
11/02/2004,IN,Decatur,Kerry,democrat,420,1000
11/02/2004,IN,Decatur,Bush,republican,580,1000
11/02/2004,KY,Breathitt,Kerry,democrat,420,1000
11/02/2004,KY,Breathitt,Bush,republican,580,1000
11/02/2004,LA,St_James,Kerry,democrat,530,1000
11/02/2004,LA,St_James,Bush,republican,470,1000
11/02/2004,MO,Shelby,Kerry,democrat,420,1000
11/02/2004,MO,Shelby,Bush,republican,580,1000
11/02/2004,IN,Vigo,Kerry,democrat,530,1000
11/02/2004,IN,Vigo,Bush,republican,470,1000
11/02/2004,IA,Jackson,Kerry,democrat,530,1000
11/02/2004,IA,Jackson,Bush,republican,470,1000
11/02/2004,KS,Montgomery,Kerry,democrat,420,1000
11/02/2004,KS,Montgomery,Bush,republican,580,1000
11/02/2004,KY,Martin,Kerry,democrat,420,1000
11/02/2004,KY,Martin,Bush,republican,580,1000
11/02/2004,MI,Benzie,Kerry,democrat,510,1000
11/02/2004,MI,Benzie,Bush,republican,490,1000
11/02/2004,MS,Lafayette,Kerry,democrat,490,1000
11/02/2004,MS,Lafayette,Bush,republican,510,1000
11/02/2004,NY,Steuben,Kerry,democrat,420,1000
11/02/2004,NY,Steuben,Bush,republican,580,1000
11/02/2004,CO,Larimer,Kerry,democrat,580,1000
11/02/2004,CO,Larimer,Bush,republican,420,1000
11/02/2004,MI,Manistee,Kerry,democrat,470,1000
11/02/2004,MI,Manistee,Bush,republican,530,1000
11/02/2004,NC,Surry,Kerry,democrat,420,1000
11/02/2004,NC,Surry,Bush,republican,580,1000
11/02/2004,WA,Pend_Oreille,Kerry,democrat,470,1000
11/02/2004,WA,Pend_Oreille,Bush,republican,530,1000
11/02/2004,KY,Clark,Kerry,democrat,420,1000
11/02/2004,KY,Clark,Bush,republican,580,1000
11/02/2004,NY,Fulton,Kerry,democrat,420,1000
11/02/2004,NY,Fulton,Bush,republican,580,1000
11/02/2004,OH,Wayne,Kerry,democrat,420,1000
11/02/2004,OH,Wayne,Bush,republican,580,1000
11/02/2004,SC,York,Kerry,democrat,497,1000
11/02/2004,SC,York,Bush,republican,503,1000
11/02/2004,MO,Schuyler,Kerry,democrat,420,1000
11/02/2004,MO,Schuyler,Bush,republican,580,1000
11/02/2004,MT,Stillwater,Kerry,democrat,420,1000
11/02/2004,MT,Stillwater,Bush,republican,580,1000
11/02/2004,VA,Rockingham,Kerry,democrat,420,1000
11/02/2004,VA,Rockingham,Bush,republican,580,1000
11/02/2004,GA,Meriwether,Kerry,democrat,420,1000
11/02/2004,GA,Meriwether,Bush,republican,580,1000
11/02/2004,ND,McKenzie,Kerry,democrat,420,1000
11/02/2004,ND,McKenzie,Bush,republican,580,1000
11/02/2004,ND,Morton,Kerry,democrat,420,1000
11/02/2004,ND,Morton,Bush,republican,580,1000
11/02/2004,OR,Yamhill,Kerry,democrat,530,1000
11/02/2004,OR,Yamhill,Bush,republican,470,1000
11/02/2004,SC,Marlboro,Kerry,democrat,530,1000
11/02/2004,SC,Marlboro,Bush,republican,470,1000
11/02/2004,NC,Clay,Kerry,democrat,420,1000
11/02/2004,NC,Clay,Bush,republican,580,1000
11/02/2004,MT,Chouteau,Kerry,democrat,420,1000
11/02/2004,MT,Chouteau,Bush,republican,580,1000
11/02/2004,SC,Greenville,Kerry,democrat,510,1000
11/02/2004,SC,Greenville,Bush,republican,490,1000
11/02/2004,AL,Pickens,Kerry,democrat,420,1000
11/02/2004,AL,Pickens,Bush,republican,580,1000
11/02/2004,MO,Iron,Kerry,democrat,420,1000
11/02/2004,MO,Iron,Bush,republican,580,1000
11/02/2004,UT,Daggett,Kerry,democrat,420,1000
11/02/2004,UT,Daggett,Bush,republican,580,1000
11/02/2004,FL,Broward,Kerry,democrat,580,1000
11/02/2004,FL,Broward,Bush,republican,420,1000
11/02/2004,MS,Hinds,Kerry,democrat,580,1000
11/02/2004,MS,Hinds,Bush,republican,420,1000
11/02/2004,NC,Onslow,Kerry,democrat,420,1000
11/02/2004,NC,Onslow,Bush,republican,580,1000
11/02/2004,AL,Clarke,Kerry,democrat,420,1000
11/02/2004,AL,Clarke,Bush,republican,580,1000
11/02/2004,AR,Madison,Kerry,democrat,420,1000
11/02/2004,AR,Madison,Bush,republican,580,1000
11/02/2004,FL,Liberty,Kerry,democrat,420,1000
11/02/2004,FL,Liberty,Bush,republican,580,1000
11/02/2004,IN,Monroe,Kerry,democrat,580,1000
11/02/2004,IN,Monroe,Bush,republican,420,1000
11/02/2004,IN,Dubois,Kerry,democrat,420,1000
11/02/2004,IN,Dubois,Bush,republican,580,1000
11/02/2004,IA,Buena_Vista,Kerry,democrat,420,1000
11/02/2004,IA,Buena_Vista,Bush,republican,580,1000
11/02/2004,KS,Gray,Kerry,democrat,420,1000
11/02/2004,KS,Gray,Bush,republican,580,1000
11/02/2004,KY,Grant,Kerry,democrat,420,1000
11/02/2004,KY,Grant,Bush,republican,580,1000
11/02/2004,TN,Putnam,Kerry,democrat,420,1000
11/02/2004,TN,Putnam,Bush,republican,580,1000
11/02/2004,TN,Benton,Kerry,democrat,420,1000
11/02/2004,TN,Benton,Bush,republican,580,1000
11/02/2004,UT,Duchesne,Kerry,democrat,420,1000
11/02/2004,UT,Duchesne,Bush,republican,580,1000
11/02/2004,VA,Isle_of_Wight,Kerry,democrat,470,1000
11/02/2004,VA,Isle_of_Wight,Bush,republican,530,1000
11/02/2004,WY,Hot_Springs,Kerry,democrat,420,1000
11/02/2004,WY,Hot_Springs,Bush,republican,580,1000
11/02/2004,SD,Perkins,Kerry,democrat,420,1000
11/02/2004,SD,Perkins,Bush,republican,580,1000
11/02/2004,UT,Beaver,Kerry,democrat,420,1000
11/02/2004,UT,Beaver,Bush,republican,580,1000
11/02/2004,VA,Buchanan,Kerry,democrat,420,1000
11/02/2004,VA,Buchanan,Bush,republican,580,1000
11/02/2004,WV,Mingo,Kerry,democrat,420,1000
11/02/2004,WV,Mingo,Bush,republican,580,1000
11/02/2004,AL,Talladega,Kerry,democrat,420,1000
11/02/2004,AL,Talladega,Bush,republican,580,1000
11/02/2004,KY,Bourbon,Kerry,democrat,420,1000
11/02/2004,KY,Bourbon,Bush,republican,580,1000
11/02/2004,PA,Monroe,Kerry,democrat,530,1000
11/02/2004,PA,Monroe,Bush,republican,470,1000
11/02/2004,WA,Ferry,Kerry,democrat,490,1000
11/02/2004,WA,Ferry,Bush,republican,510,1000
11/02/2004,ID,Twin_Falls,Kerry,democrat,420,1000
11/02/2004,ID,Twin_Falls,Bush,republican,580,1000
11/02/2004,MD,Charles,Kerry,democrat,580,1000
11/02/2004,MD,Charles,Bush,republican,420,1000
11/02/2004,VA,Loudoun,Kerry,democrat,580,1000
11/02/2004,VA,Loudoun,Bush,republican,420,1000
11/02/2004,IL,Winnebago,Kerry,democrat,580,1000
11/02/2004,IL,Winnebago,Bush,republican,420,1000
11/02/2004,CO,Conejos,Kerry,democrat,530,1000
11/02/2004,CO,Conejos,Bush,republican,470,1000
11/02/2004,AL,Geneva,Kerry,democrat,420,1000
11/02/2004,AL,Geneva,Bush,republican,580,1000
11/02/2004,CA,Alameda,Kerry,democrat,580,1000
11/02/2004,CA,Alameda,Bush,republican,420,1000
11/02/2004,FL,Franklin,Kerry,democrat,470,1000
11/02/2004,FL,Franklin,Bush,republican,530,1000
11/02/2004,WV,Morgan,Kerry,democrat,420,1000
11/02/2004,WV,Morgan,Bush,republican,580,1000
11/02/2004,WV,Randolph,Kerry,democrat,420,1000
11/02/2004,WV,Randolph,Bush,republican,580,1000
11/02/2004,MS,Yazoo,Kerry,democrat,497,1000
11/02/2004,MS,Yazoo,Bush,republican,503,1000
11/02/2004,MT,McCone,Kerry,democrat,420,1000
11/02/2004,MT,McCone,Bush,republican,580,1000
11/02/2004,GA,Atkinson,Kerry,democrat,420,1000
11/02/2004,GA,Atkinson,Bush,republican,580,1000
11/02/2004,GA,Chatham,Kerry,democrat,580,1000
11/02/2004,GA,Chatham,Bush,republican,420,1000
11/02/2004,KY,Carlisle,Kerry,democrat,420,1000
11/02/2004,KY,Carlisle,Bush,republican,580,1000
11/02/2004,MO,Cass,Kerry,democrat,420,1000
11/02/2004,MO,Cass,Bush,republican,580,1000
11/02/2004,GA,Habersham,Kerry,democrat,420,1000
11/02/2004,GA,Habersham,Bush,republican,580,1000
11/02/2004,KY,Magoffin,Kerry,democrat,420,1000
11/02/2004,KY,Magoffin,Bush,republican,580,1000
11/02/2004,KY,Harlan,Kerry,democrat,420,1000
11/02/2004,KY,Harlan,Bush,republican,580,1000
11/02/2004,NC,Randolph,Kerry,democrat,420,1000
11/02/2004,NC,Randolph,Bush,republican,580,1000
11/02/2004,IL,Will,Kerry,democrat,580,1000
11/02/2004,IL,Will,Bush,republican,420,1000
11/02/2004,IN,Knox,Kerry,democrat,470,1000
11/02/2004,IN,Knox,Bush,republican,530,1000
11/02/2004,KY,Allen,Kerry,democrat,420,1000
11/02/2004,KY,Allen,Bush,republican,580,1000
11/02/2004,LA,Madison,Kerry,democrat,580,1000
11/02/2004,LA,Madison,Bush,republican,420,1000
11/02/2004,MN,Fillmore,Kerry,democrat,497,1000
11/02/2004,MN,Fillmore,Bush,republican,503,1000
11/02/2004,WA,Spokane,Kerry,democrat,530,1000
11/02/2004,WA,Spokane,Bush,republican,470,1000
11/02/2004,UT,Morgan,Kerry,democrat,420,1000
11/02/2004,UT,Morgan,Bush,republican,580,1000
11/02/2004,WI,Manitowoc,Kerry,democrat,470,1000
11/02/2004,WI,Manitowoc,Bush,republican,530,1000
11/02/2004,AL,Marion,Kerry,democrat,420,1000
11/02/2004,AL,Marion,Bush,republican,580,1000
11/02/2004,MI,Montcalm,Kerry,democrat,420,1000
11/02/2004,MI,Montcalm,Bush,republican,580,1000
11/02/2004,KY,Nicholas,Kerry,democrat,420,1000
11/02/2004,KY,Nicholas,Bush,republican,580,1000
11/02/2004,KY,Powell,Kerry,democrat,420,1000
11/02/2004,KY,Powell,Bush,republican,580,1000
11/02/2004,NC,Richmond,Kerry,democrat,470,1000
11/02/2004,NC,Richmond,Bush,republican,530,1000
11/02/2004,KY,Union,Kerry,democrat,420,1000
11/02/2004,KY,Union,Bush,republican,580,1000
11/02/2004,IL,Fayette,Kerry,democrat,420,1000
11/02/2004,IL,Fayette,Bush,republican,580,1000
11/02/2004,KY,Webster,Kerry,democrat,420,1000
11/02/2004,KY,Webster,Bush,republican,580,1000
11/02/2004,ID,Blaine,Kerry,democrat,580,1000
11/02/2004,ID,Blaine,Bush,republican,420,1000
11/02/2004,IL,Henry,Kerry,democrat,470,1000
11/02/2004,IL,Henry,Bush,republican,530,1000
11/02/2004,TN,Trousdale,Kerry,democrat,420,1000
11/02/2004,TN,Trousdale,Bush,republican,580,1000
11/02/2004,WI,Calumet,Kerry,democrat,420,1000
11/02/2004,WI,Calumet,Bush,republican,580,1000
11/02/2004,NM,Otero,Kerry,democrat,420,1000
11/02/2004,NM,Otero,Bush,republican,580,1000
11/02/2004,IN,LaPorte,Kerry,democrat,580,1000
11/02/2004,IN,LaPorte,Bush,republican,420,1000
11/02/2004,MA,Middlesex,Kerry,democrat,580,1000
11/02/2004,MA,Middlesex,Bush,republican,420,1000
11/02/2004,MS,Tunica,Kerry,democrat,580,1000
11/02/2004,MS,Tunica,Bush,republican,420,1000
11/02/2004,MT,Toole,Kerry,democrat,420,1000
11/02/2004,MT,Toole,Bush,republican,580,1000
11/02/2004,WA,Island,Kerry,democrat,580,1000
11/02/2004,WA,Island,Bush,republican,420,1000
11/02/2004,WV,Jefferson,Kerry,democrat,490,1000
11/02/2004,WV,Jefferson,Bush,republican,510,1000
11/02/2004,KY,Wolfe,Kerry,democrat,420,1000
11/02/2004,KY,Wolfe,Bush,republican,580,1000
11/02/2004,MA,Barnstable,Kerry,democrat,580,1000
11/02/2004,MA,Barnstable,Bush,republican,420,1000
11/02/2004,TN,Blount,Kerry,democrat,420,1000
11/02/2004,TN,Blount,Bush,republican,580,1000
11/02/2004,ND,Sioux,Kerry,democrat,580,1000
11/02/2004,ND,Sioux,Bush,republican,420,1000
11/02/2004,IA,Woodbury,Kerry,democrat,470,1000
11/02/2004,IA,Woodbury,Bush,republican,530,1000
11/02/2004,IL,Clinton,Kerry,democrat,420,1000
11/02/2004,IL,Clinton,Bush,republican,580,1000
11/02/2004,NV,Washoe,Kerry,democrat,530,1000
11/02/2004,NV,Washoe,Bush,republican,470,1000
11/02/2004,NH,Merrimack,Kerry,democrat,580,1000
11/02/2004,NH,Merrimack,Bush,republican,420,1000
11/02/2004,OK,McCurtain,Kerry,democrat,420,1000
11/02/2004,OK,McCurtain,Bush,republican,580,1000
11/02/2004,VT,Orange,Kerry,democrat,580,1000
11/02/2004,VT,Orange,Bush,republican,420,1000
11/02/2004,NV,Carson_City,Kerry,democrat,530,1000
11/02/2004,NV,Carson_City,Bush,republican,470,1000
11/02/2004,NY,Cattaraugus,Kerry,democrat,420,1000
11/02/2004,NY,Cattaraugus,Bush,republican,580,1000
11/02/2004,HI,Kauai,Kerry,democrat,580,1000
11/02/2004,HI,Kauai,Bush,republican,420,1000
11/02/2004,MA,Plymouth,Kerry,democrat,580,1000
11/02/2004,MA,Plymouth,Bush,republican,420,1000
11/02/2004,SC,Jasper,Kerry,democrat,530,1000
11/02/2004,SC,Jasper,Bush,republican,470,1000
11/02/2004,MA,Norfolk,Kerry,democrat,580,1000
11/02/2004,MA,Norfolk,Bush,republican,420,1000
11/02/2004,KY,Larue,Kerry,democrat,420,1000
11/02/2004,KY,Larue,Bush,republican,580,1000
11/02/2004,NE,Cherry,Kerry,democrat,420,1000
11/02/2004,NE,Cherry,Bush,republican,580,1000
11/02/2004,GA,Rockdale,Kerry,democrat,580,1000
11/02/2004,GA,Rockdale,Bush,republican,420,1000
11/02/2004,VA,Patrick,Kerry,democrat,420,1000
11/02/2004,VA,Patrick,Bush,republican,580,1000
11/02/2004,NC,McDowell,Kerry,democrat,420,1000
11/02/2004,NC,McDowell,Bush,republican,580,1000
11/02/2004,ND,Barnes,Kerry,democrat,470,1000
11/02/2004,ND,Barnes,Bush,republican,530,1000
11/02/2004,MI,Marquette,Kerry,democrat,530,1000
11/02/2004,MI,Marquette,Bush,republican,470,1000
11/02/2004,AR,Faulkner,Kerry,democrat,420,1000
11/02/2004,AR,Faulkner,Bush,republican,580,1000
11/02/2004,VA,Stafford,Kerry,democrat,530,1000
11/02/2004,VA,Stafford,Bush,republican,470,1000
11/02/2004,AR,Grant,Kerry,democrat,420,1000
11/02/2004,AR,Grant,Bush,republican,580,1000
11/02/2004,KY,Hopkins,Kerry,democrat,420,1000
11/02/2004,KY,Hopkins,Bush,republican,580,1000
11/02/2004,NC,Duplin,Kerry,democrat,470,1000
11/02/2004,NC,Duplin,Bush,republican,530,1000
11/02/2004,NC,Nash,Kerry,democrat,580,1000
11/02/2004,NC,Nash,Bush,republican,420,1000
11/02/2004,OH,Williams,Kerry,democrat,470,1000
11/02/2004,OH,Williams,Bush,republican,530,1000
11/02/2004,MN,Koochiching,Kerry,democrat,470,1000
11/02/2004,MN,Koochiching,Bush,republican,530,1000
11/02/2004,ND,Sargent,Kerry,democrat,470,1000
11/02/2004,ND,Sargent,Bush,republican,530,1000
11/02/2004,PA,Bucks,Kerry,democrat,530,1000
11/02/2004,PA,Bucks,Bush,republican,470,1000
11/02/2004,SC,Calhoun,Kerry,democrat,530,1000
11/02/2004,SC,Calhoun,Bush,republican,470,1000
11/02/2004,SD,Bon_Homme,Kerry,democrat,420,1000
11/02/2004,SD,Bon_Homme,Bush,republican,580,1000
11/02/2004,IN,Owen,Kerry,democrat,420,1000
11/02/2004,IN,Owen,Bush,republican,580,1000
11/02/2004,IN,Starke,Kerry,democrat,510,1000
11/02/2004,IN,Starke,Bush,republican,490,1000
11/02/2004,IN,Union,Kerry,democrat,420,1000
11/02/2004,IN,Union,Bush,republican,580,1000
11/02/2004,PA,Lawrence,Kerry,democrat,420,1000
11/02/2004,PA,Lawrence,Bush,republican,580,1000
11/02/2004,NV,Eureka,Kerry,democrat,420,1000
11/02/2004,NV,Eureka,Bush,republican,580,1000
11/02/2004,NH,Belknap,Kerry,democrat,510,1000
11/02/2004,NH,Belknap,Bush,republican,490,1000
11/02/2004,AL,Russell,Kerry,democrat,497,1000
11/02/2004,AL,Russell,Bush,republican,503,1000
11/02/2004,FL,Manatee,Kerry,democrat,490,1000
11/02/2004,FL,Manatee,Bush,republican,510,1000
11/02/2004,NC,Columbus,Kerry,democrat,470,1000
11/02/2004,NC,Columbus,Bush,republican,530,1000
11/02/2004,TX,Navarro,Kerry,democrat,420,1000
11/02/2004,TX,Navarro,Bush,republican,580,1000
11/02/2004,VA,Amherst,Kerry,democrat,420,1000
11/02/2004,VA,Amherst,Bush,republican,580,1000
11/02/2004,TX,Reeves,Kerry,democrat,420,1000
11/02/2004,TX,Reeves,Bush,republican,580,1000
11/02/2004,ID,Clark,Kerry,democrat,420,1000
11/02/2004,ID,Clark,Bush,republican,580,1000
11/02/2004,MS,Warren,Kerry,democrat,510,1000
11/02/2004,MS,Warren,Bush,republican,490,1000
11/02/2004,MO,Mississippi,Kerry,democrat,420,1000
11/02/2004,MO,Mississippi,Bush,republican,580,1000
11/02/2004,MI,Osceola,Kerry,democrat,420,1000
11/02/2004,MI,Osceola,Bush,republican,580,1000
11/02/2004,MS,Grenada,Kerry,democrat,503,1000
11/02/2004,MS,Grenada,Bush,republican,497,1000
11/02/2004,TX,Guadalupe,Kerry,democrat,420,1000
11/02/2004,TX,Guadalupe,Bush,republican,580,1000
11/02/2004,FL,Union,Kerry,democrat,420,1000
11/02/2004,FL,Union,Bush,republican,580,1000
11/02/2004,MT,Wibaux,Kerry,democrat,420,1000
11/02/2004,MT,Wibaux,Bush,republican,580,1000
11/02/2004,MI,Baraga,Kerry,democrat,470,1000
11/02/2004,MI,Baraga,Bush,republican,530,1000
11/02/2004,OR,Hood_River,Kerry,democrat,580,1000
11/02/2004,OR,Hood_River,Bush,republican,420,1000
11/02/2004,IN,Allen,Kerry,democrat,497,1000
11/02/2004,IN,Allen,Bush,republican,503,1000
11/02/2004,SD,Hand,Kerry,democrat,420,1000
11/02/2004,SD,Hand,Bush,republican,580,1000
11/02/2004,IN,St_Joseph,Kerry,democrat,580,1000
11/02/2004,IN,St_Joseph,Bush,republican,420,1000
11/02/2004,VA,Hopewell,Kerry,democrat,580,1000
11/02/2004,VA,Hopewell,Bush,republican,420,1000
11/02/2004,ND,Dunn,Kerry,democrat,420,1000
11/02/2004,ND,Dunn,Bush,republican,580,1000
11/02/2004,ND,Slope,Kerry,democrat,420,1000
11/02/2004,ND,Slope,Bush,republican,580,1000
11/02/2004,NC,Scotland,Kerry,democrat,510,1000
11/02/2004,NC,Scotland,Bush,republican,490,1000
11/02/2004,TN,Dyer,Kerry,democrat,420,1000
11/02/2004,TN,Dyer,Bush,republican,580,1000
11/02/2004,KY,Calloway,Kerry,democrat,420,1000
11/02/2004,KY,Calloway,Bush,republican,580,1000
11/02/2004,TX,Bandera,Kerry,democrat,420,1000
11/02/2004,TX,Bandera,Bush,republican,580,1000
11/02/2004,RI,Bristol,Kerry,democrat,580,1000
11/02/2004,RI,Bristol,Bush,republican,420,1000
11/02/2004,WY,Sublette,Kerry,democrat,420,1000
11/02/2004,WY,Sublette,Bush,republican,580,1000
11/02/2004,NC,Macon,Kerry,democrat,420,1000
11/02/2004,NC,Macon,Bush,republican,580,1000
11/02/2004,WI,Ashland,Kerry,democrat,580,1000
11/02/2004,WI,Ashland,Bush,republican,420,1000
11/02/2004,TX,Hidalgo,Kerry,democrat,530,1000
11/02/2004,TX,Hidalgo,Bush,republican,470,1000
11/02/2004,WI,La_Crosse,Kerry,democrat,580,1000
11/02/2004,WI,La_Crosse,Bush,republican,420,1000
11/02/2004,AL,Mobile,Kerry,democrat,470,1000
11/02/2004,AL,Mobile,Bush,republican,530,1000
11/02/2004,AL,Madison,Kerry,democrat,490,1000
11/02/2004,AL,Madison,Bush,republican,510,1000
11/02/2004,NC,Polk,Kerry,democrat,420,1000
11/02/2004,NC,Polk,Bush,republican,580,1000
11/02/2004,LA,Iberia,Kerry,democrat,420,1000
11/02/2004,LA,Iberia,Bush,republican,580,1000
11/02/2004,SC,McCormick,Kerry,democrat,490,1000
11/02/2004,SC,McCormick,Bush,republican,510,1000
11/02/2004,MN,Mower,Kerry,democrat,510,1000
11/02/2004,MN,Mower,Bush,republican,490,1000
11/02/2004,MT,Madison,Kerry,democrat,470,1000
11/02/2004,MT,Madison,Bush,republican,530,1000
11/02/2004,GA,Forsyth,Kerry,democrat,420,1000
11/02/2004,GA,Forsyth,Bush,republican,580,1000
11/02/2004,OH,Allen,Kerry,democrat,420,1000
11/02/2004,OH,Allen,Bush,republican,580,1000
11/02/2004,NY,St_Lawrence,Kerry,democrat,470,1000
11/02/2004,NY,St_Lawrence,Bush,republican,530,1000
11/02/2004,WV,Doddridge,Kerry,democrat,420,1000
11/02/2004,WV,Doddridge,Bush,republican,580,1000
11/02/2004,MO,Cedar,Kerry,democrat,420,1000
11/02/2004,MO,Cedar,Bush,republican,580,1000
11/02/2004,SC,Bamberg,Kerry,democrat,580,1000
11/02/2004,SC,Bamberg,Bush,republican,420,1000
11/02/2004,ND,Dickey,Kerry,democrat,420,1000
11/02/2004,ND,Dickey,Bush,republican,580,1000
11/02/2004,AZ,Yavapai,Kerry,democrat,420,1000
11/02/2004,AZ,Yavapai,Bush,republican,580,1000
11/02/2004,NY,Rockland,Kerry,democrat,530,1000
11/02/2004,NY,Rockland,Bush,republican,470,1000
11/02/2004,MO,Ray,Kerry,democrat,420,1000
11/02/2004,MO,Ray,Bush,republican,580,1000
11/02/2004,MS,Forrest,Kerry,democrat,420,1000
11/02/2004,MS,Forrest,Bush,republican,580,1000
11/02/2004,AL,Marengo,Kerry,democrat,420,1000
11/02/2004,AL,Marengo,Bush,republican,580,1000
11/02/2004,TX,Rockwall,Kerry,democrat,470,1000
11/02/2004,TX,Rockwall,Bush,republican,530,1000
11/02/2004,AR,Phillips,Kerry,democrat,580,1000
11/02/2004,AR,Phillips,Bush,republican,420,1000
11/02/2004,NC,Alexander,Kerry,democrat,420,1000
11/02/2004,NC,Alexander,Bush,republican,580,1000
11/02/2004,WI,Marathon,Kerry,democrat,490,1000
11/02/2004,WI,Marathon,Bush,republican,510,1000
11/02/2004,OH,Greene,Kerry,democrat,510,1000
11/02/2004,OH,Greene,Bush,republican,490,1000
11/02/2004,VA,Washington,Kerry,democrat,420,1000
11/02/2004,VA,Washington,Bush,republican,580,1000
11/02/2004,VA,Wythe,Kerry,democrat,420,1000
11/02/2004,VA,Wythe,Bush,republican,580,1000
11/02/2004,NC,Lincoln,Kerry,democrat,420,1000
11/02/2004,NC,Lincoln,Bush,republican,580,1000
11/02/2004,OH,Madison,Kerry,democrat,420,1000
11/02/2004,OH,Madison,Bush,republican,580,1000
11/02/2004,LA,Avoyelles,Kerry,democrat,420,1000
11/02/2004,LA,Avoyelles,Bush,republican,580,1000
11/02/2004,FL,Jackson,Kerry,democrat,420,1000
11/02/2004,FL,Jackson,Bush,republican,580,1000
11/02/2004,WA,Kittitas,Kerry,democrat,530,1000
11/02/2004,WA,Kittitas,Bush,republican,470,1000
11/02/2004,IL,Whiteside,Kerry,democrat,530,1000
11/02/2004,IL,Whiteside,Bush,republican,470,1000
11/02/2004,NC,Perquimans,Kerry,democrat,580,1000
11/02/2004,NC,Perquimans,Bush,republican,420,1000
11/02/2004,GA,Webster,Kerry,democrat,470,1000
11/02/2004,GA,Webster,Bush,republican,530,1000
11/02/2004,FL,Nassau,Kerry,democrat,420,1000
11/02/2004,FL,Nassau,Bush,republican,580,1000
11/02/2004,TX,Dallas,Kerry,democrat,580,1000
11/02/2004,TX,Dallas,Bush,republican,420,1000
11/02/2004,CA,Ventura,Kerry,democrat,580,1000
11/02/2004,CA,Ventura,Bush,republican,420,1000
11/02/2004,KY,McCreary,Kerry,democrat,420,1000
11/02/2004,KY,McCreary,Bush,republican,580,1000
11/02/2004,MN,Becker,Kerry,democrat,420,1000
11/02/2004,MN,Becker,Bush,republican,580,1000
11/02/2004,AR,Union,Kerry,democrat,420,1000
11/02/2004,AR,Union,Bush,republican,580,1000
11/02/2004,KS,Osage,Kerry,democrat,420,1000
11/02/2004,KS,Osage,Bush,republican,580,1000
11/02/2004,TX,Orange,Kerry,democrat,420,1000
11/02/2004,TX,Orange,Bush,republican,580,1000
11/02/2004,GA,Clay,Kerry,democrat,530,1000
11/02/2004,GA,Clay,Bush,republican,470,1000
11/02/2004,OH,Summit,Kerry,democrat,580,1000
11/02/2004,OH,Summit,Bush,republican,420,1000
11/02/2004,GA,Liberty,Kerry,democrat,580,1000
11/02/2004,GA,Liberty,Bush,republican,420,1000
11/02/2004,GA,Seminole,Kerry,democrat,420,1000
11/02/2004,GA,Seminole,Bush,republican,580,1000
11/02/2004,GA,Cherokee,Kerry,democrat,470,1000
11/02/2004,GA,Cherokee,Bush,republican,530,1000
11/02/2004,MO,Montgomery,Kerry,democrat,420,1000
11/02/2004,MO,Montgomery,Bush,republican,580,1000
11/02/2004,TN,Giles,Kerry,democrat,420,1000
11/02/2004,TN,Giles,Bush,republican,580,1000
11/02/2004,IN,Spencer,Kerry,democrat,420,1000
11/02/2004,IN,Spencer,Bush,republican,580,1000
11/02/2004,WV,Boone,Kerry,democrat,420,1000
11/02/2004,WV,Boone,Bush,republican,580,1000
11/02/2004,OR,Clatsop,Kerry,democrat,580,1000
11/02/2004,OR,Clatsop,Bush,republican,420,1000
11/02/2004,CA,Lake,Kerry,democrat,580,1000
11/02/2004,CA,Lake,Bush,republican,420,1000
11/02/2004,GA,Chattooga,Kerry,democrat,420,1000
11/02/2004,GA,Chattooga,Bush,republican,580,1000
11/02/2004,MO,Scott,Kerry,democrat,420,1000
11/02/2004,MO,Scott,Bush,republican,580,1000
11/02/2004,WA,San_Juan,Kerry,democrat,580,1000
11/02/2004,WA,San_Juan,Bush,republican,420,1000
11/02/2004,OR,Jefferson,Kerry,democrat,497,1000
11/02/2004,OR,Jefferson,Bush,republican,503,1000
11/02/2004,UT,Utah,Kerry,democrat,420,1000
11/02/2004,UT,Utah,Bush,republican,580,1000
11/02/2004,MO,Ozark,Kerry,democrat,420,1000
11/02/2004,MO,Ozark,Bush,republican,580,1000
11/02/2004,LA,Richland,Kerry,democrat,420,1000
11/02/2004,LA,Richland,Bush,republican,580,1000
11/02/2004,NY,Essex,Kerry,democrat,530,1000
11/02/2004,NY,Essex,Bush,republican,470,1000
11/02/2004,TX,Madison,Kerry,democrat,420,1000
11/02/2004,TX,Madison,Bush,republican,580,1000
11/02/2004,IL,Grundy,Kerry,democrat,470,1000
11/02/2004,IL,Grundy,Bush,republican,530,1000
11/02/2004,NY,Ulster,Kerry,democrat,580,1000
11/02/2004,NY,Ulster,Bush,republican,420,1000
11/02/2004,NC,Lee,Kerry,democrat,420,1000
11/02/2004,NC,Lee,Bush,republican,580,1000
11/02/2004,TN,Bedford,Kerry,democrat,420,1000
11/02/2004,TN,Bedford,Bush,republican,580,1000
11/02/2004,ND,Mountrail,Kerry,democrat,420,1000
11/02/2004,ND,Mountrail,Bush,republican,580,1000
11/02/2004,TX,Freestone,Kerry,democrat,420,1000
11/02/2004,TX,Freestone,Bush,republican,580,1000
11/02/2004,NC,Alleghany,Kerry,democrat,420,1000
11/02/2004,NC,Alleghany,Bush,republican,580,1000
11/02/2004,NY,Wyoming,Kerry,democrat,420,1000
11/02/2004,NY,Wyoming,Bush,republican,580,1000
11/02/2004,MN,Pope,Kerry,democrat,420,1000
11/02/2004,MN,Pope,Bush,republican,580,1000
11/02/2004,IL,Crawford,Kerry,democrat,420,1000
11/02/2004,IL,Crawford,Bush,republican,580,1000
11/02/2004,MO,Barton,Kerry,democrat,470,1000
11/02/2004,MO,Barton,Bush,republican,530,1000
11/02/2004,AZ,Maricopa,Kerry,democrat,530,1000
11/02/2004,AZ,Maricopa,Bush,republican,470,1000
11/02/2004,NY,Ontario,Kerry,democrat,530,1000
11/02/2004,NY,Ontario,Bush,republican,470,1000
11/02/2004,TX,Panola,Kerry,democrat,420,1000
11/02/2004,TX,Panola,Bush,republican,580,1000
11/02/2004,IL,White,Kerry,democrat,420,1000
11/02/2004,IL,White,Bush,republican,580,1000
11/02/2004,MS,Hancock,Kerry,democrat,420,1000
11/02/2004,MS,Hancock,Bush,republican,580,1000
11/02/2004,PA,Bradford,Kerry,democrat,420,1000
11/02/2004,PA,Bradford,Bush,republican,580,1000
11/02/2004,OH,Knox,Kerry,democrat,420,1000
11/02/2004,OH,Knox,Bush,republican,580,1000
11/02/2004,SD,Brule,Kerry,democrat,420,1000
11/02/2004,SD,Brule,Bush,republican,580,1000
11/02/2004,CO,Archuleta,Kerry,democrat,420,1000
11/02/2004,CO,Archuleta,Bush,republican,580,1000
11/02/2004,AL,Coffee,Kerry,democrat,420,1000
11/02/2004,AL,Coffee,Bush,republican,580,1000
11/02/2004,VA,Caroline,Kerry,democrat,510,1000
11/02/2004,VA,Caroline,Bush,republican,490,1000
11/02/2004,VA,Fairfax,Kerry,democrat,580,1000
11/02/2004,VA,Fairfax,Bush,republican,420,1000
11/02/2004,SC,Sumter,Kerry,democrat,530,1000
11/02/2004,SC,Sumter,Bush,republican,470,1000
11/02/2004,PA,Elk,Kerry,democrat,420,1000
11/02/2004,PA,Elk,Bush,republican,580,1000
11/02/2004,IA,Winnebago,Kerry,democrat,530,1000
11/02/2004,IA,Winnebago,Bush,republican,470,1000
11/02/2004,FL,Wakulla,Kerry,democrat,420,1000
11/02/2004,FL,Wakulla,Bush,republican,580,1000
11/02/2004,MS,Pearl_River,Kerry,democrat,420,1000
11/02/2004,MS,Pearl_River,Bush,republican,580,1000
11/02/2004,AR,Van_Buren,Kerry,democrat,420,1000
11/02/2004,AR,Van_Buren,Bush,republican,580,1000
11/02/2004,TX,Comanche,Kerry,democrat,420,1000
11/02/2004,TX,Comanche,Bush,republican,580,1000
11/02/2004,SD,Dewey,Kerry,democrat,420,1000
11/02/2004,SD,Dewey,Bush,republican,580,1000
11/02/2004,TN,Rhea,Kerry,democrat,420,1000
11/02/2004,TN,Rhea,Bush,republican,580,1000
11/02/2004,PA,Huntingdon,Kerry,democrat,420,1000
11/02/2004,PA,Huntingdon,Bush,republican,580,1000
11/02/2004,WI,Iowa,Kerry,democrat,580,1000
11/02/2004,WI,Iowa,Bush,republican,420,1000
11/02/2004,PA,Sullivan,Kerry,democrat,420,1000
11/02/2004,PA,Sullivan,Bush,republican,580,1000
11/02/2004,TN,Tipton,Kerry,democrat,420,1000
11/02/2004,TN,Tipton,Bush,republican,580,1000
11/02/2004,NH,Strafford,Kerry,democrat,580,1000
11/02/2004,NH,Strafford,Bush,republican,420,1000
11/02/2004,IN,Marion,Kerry,democrat,580,1000
11/02/2004,IN,Marion,Bush,republican,420,1000
11/02/2004,SD,Bennett,Kerry,democrat,420,1000
11/02/2004,SD,Bennett,Bush,republican,580,1000
11/02/2004,VA,Buckingham,Kerry,democrat,490,1000
11/02/2004,VA,Buckingham,Bush,republican,510,1000
11/02/2004,ID,Bannock,Kerry,democrat,420,1000
11/02/2004,ID,Bannock,Bush,republican,580,1000
11/02/2004,GA,Stephens,Kerry,democrat,420,1000
11/02/2004,GA,Stephens,Bush,republican,580,1000
11/02/2004,ID,Boise,Kerry,democrat,420,1000
11/02/2004,ID,Boise,Bush,republican,580,1000
11/02/2004,OK,Nowata,Kerry,democrat,420,1000
11/02/2004,OK,Nowata,Bush,republican,580,1000
11/02/2004,GA,Glascock,Kerry,democrat,420,1000
11/02/2004,GA,Glascock,Bush,republican,580,1000
11/02/2004,WI,Pepin,Kerry,democrat,530,1000
11/02/2004,WI,Pepin,Bush,republican,470,1000
11/02/2004,IA,Fremont,Kerry,democrat,420,1000
11/02/2004,IA,Fremont,Bush,republican,580,1000
11/02/2004,MO,Maries,Kerry,democrat,420,1000
11/02/2004,MO,Maries,Bush,republican,580,1000
11/02/2004,TX,Nacogdoches,Kerry,democrat,420,1000
11/02/2004,TX,Nacogdoches,Bush,republican,580,1000
11/02/2004,NC,Pamlico,Kerry,democrat,490,1000
11/02/2004,NC,Pamlico,Bush,republican,510,1000
11/02/2004,FL,Taylor,Kerry,democrat,420,1000
11/02/2004,FL,Taylor,Bush,republican,580,1000
11/02/2004,MN,Wright,Kerry,democrat,490,1000
11/02/2004,MN,Wright,Bush,republican,510,1000
11/02/2004,ME,Somerset,Kerry,democrat,530,1000
11/02/2004,ME,Somerset,Bush,republican,470,1000
11/02/2004,AR,Marion,Kerry,democrat,420,1000
11/02/2004,AR,Marion,Bush,republican,580,1000
11/02/2004,TX,Presidio,Kerry,democrat,420,1000
11/02/2004,TX,Presidio,Bush,republican,580,1000
11/02/2004,CA,Stanislaus,Kerry,democrat,530,1000
11/02/2004,CA,Stanislaus,Bush,republican,470,1000
11/02/2004,KY,Elliott,Kerry,democrat,420,1000
11/02/2004,KY,Elliott,Bush,republican,580,1000
11/02/2004,IL,Wabash,Kerry,democrat,420,1000
11/02/2004,IL,Wabash,Bush,republican,580,1000
11/02/2004,WI,Juneau,Kerry,democrat,490,1000
11/02/2004,WI,Juneau,Bush,republican,510,1000
11/02/2004,ND,Walsh,Kerry,democrat,420,1000
11/02/2004,ND,Walsh,Bush,republican,580,1000
11/02/2004,AL,Bullock,Kerry,democrat,420,1000
11/02/2004,AL,Bullock,Bush,republican,580,1000
11/02/2004,CA,Colusa,Kerry,democrat,420,1000
11/02/2004,CA,Colusa,Bush,republican,580,1000
11/02/2004,CO,Gunnison,Kerry,democrat,580,1000
11/02/2004,CO,Gunnison,Bush,republican,420,1000
11/02/2004,TX,Cass,Kerry,democrat,420,1000
11/02/2004,TX,Cass,Bush,republican,580,1000
11/02/2004,GA,Camden,Kerry,democrat,420,1000
11/02/2004,GA,Camden,Bush,republican,580,1000
11/02/2004,MS,Montgomery,Kerry,democrat,420,1000
11/02/2004,MS,Montgomery,Bush,republican,580,1000
11/02/2004,GA,Fulton,Kerry,democrat,580,1000
11/02/2004,GA,Fulton,Bush,republican,420,1000
11/02/2004,ND,Kidder,Kerry,democrat,420,1000
11/02/2004,ND,Kidder,Bush,republican,580,1000
11/02/2004,GA,Fannin,Kerry,democrat,420,1000
11/02/2004,GA,Fannin,Bush,republican,580,1000
11/02/2004,OH,Ottawa,Kerry,democrat,510,1000
11/02/2004,OH,Ottawa,Bush,republican,490,1000
11/02/2004,NC,Carteret,Kerry,democrat,470,1000
11/02/2004,NC,Carteret,Bush,republican,530,1000
11/02/2004,IN,Porter,Kerry,democrat,530,1000
11/02/2004,IN,Porter,Bush,republican,470,1000
11/02/2004,VA,Nottoway,Kerry,democrat,470,1000
11/02/2004,VA,Nottoway,Bush,republican,530,1000
11/02/2004,MO,Greene,Kerry,democrat,470,1000
11/02/2004,MO,Greene,Bush,republican,530,1000
11/02/2004,TX,Harris,Kerry,democrat,580,1000
11/02/2004,TX,Harris,Bush,republican,420,1000
11/02/2004,TX,Hill,Kerry,democrat,420,1000
11/02/2004,TX,Hill,Bush,republican,580,1000
11/02/2004,MO,Warren,Kerry,democrat,420,1000
11/02/2004,MO,Warren,Bush,republican,580,1000
11/02/2004,GA,Hancock,Kerry,democrat,580,1000
11/02/2004,GA,Hancock,Bush,republican,420,1000
11/02/2004,AL,Houston,Kerry,democrat,420,1000
11/02/2004,AL,Houston,Bush,republican,580,1000
11/02/2004,MO,Pemiscot,Kerry,democrat,420,1000
11/02/2004,MO,Pemiscot,Bush,republican,580,1000
11/02/2004,MI,Wayne,Kerry,democrat,580,1000
11/02/2004,MI,Wayne,Bush,republican,420,1000
11/02/2004,IN,Boone,Kerry,democrat,490,1000
11/02/2004,IN,Boone,Bush,republican,510,1000
11/02/2004,NY,New_York,Kerry,democrat,580,1000
11/02/2004,NY,New_York,Bush,republican,420,1000
11/02/2004,SC,Fairfield,Kerry,democrat,580,1000
11/02/2004,SC,Fairfield,Bush,republican,420,1000
11/02/2004,ID,Washington,Kerry,democrat,420,1000
11/02/2004,ID,Washington,Bush,republican,580,1000
11/02/2004,OH,Ashtabula,Kerry,democrat,530,1000
11/02/2004,OH,Ashtabula,Bush,republican,470,1000
11/02/2004,VA,Rockbridge,Kerry,democrat,420,1000
11/02/2004,VA,Rockbridge,Bush,republican,580,1000
11/02/2004,WI,Kenosha,Kerry,democrat,580,1000
11/02/2004,WI,Kenosha,Bush,republican,420,1000
11/02/2004,NE,Boone,Kerry,democrat,420,1000
11/02/2004,NE,Boone,Bush,republican,580,1000
11/02/2004,TX,Coryell,Kerry,democrat,470,1000
11/02/2004,TX,Coryell,Bush,republican,530,1000
11/02/2004,IL,DeKalb,Kerry,democrat,530,1000
11/02/2004,IL,DeKalb,Bush,republican,470,1000
11/02/2004,MI,Lake,Kerry,democrat,470,1000
11/02/2004,MI,Lake,Bush,republican,530,1000
11/02/2004,FL,Lee,Kerry,democrat,470,1000
11/02/2004,FL,Lee,Bush,republican,530,1000
11/02/2004,ID,Franklin,Kerry,democrat,420,1000
11/02/2004,ID,Franklin,Bush,republican,580,1000
11/02/2004,VA,Greensville,Kerry,democrat,580,1000
11/02/2004,VA,Greensville,Bush,republican,420,1000
11/02/2004,GA,Dodge,Kerry,democrat,420,1000
11/02/2004,GA,Dodge,Bush,republican,580,1000
11/02/2004,CA,Mendocino,Kerry,democrat,580,1000
11/02/2004,CA,Mendocino,Bush,republican,420,1000
11/02/2004,WI,Buffalo,Kerry,democrat,470,1000
11/02/2004,WI,Buffalo,Bush,republican,530,1000
11/02/2004,WI,Racine,Kerry,democrat,530,1000
11/02/2004,WI,Racine,Bush,republican,470,1000
11/02/2004,VT,Grand_Isle,Kerry,democrat,580,1000
11/02/2004,VT,Grand_Isle,Bush,republican,420,1000
11/02/2004,MN,Dakota,Kerry,democrat,580,1000
11/02/2004,MN,Dakota,Bush,republican,420,1000
11/02/2004,OR,Multnomah,Kerry,democrat,580,1000
11/02/2004,OR,Multnomah,Bush,republican,420,1000
11/02/2004,LA,Natchitoches,Kerry,democrat,420,1000
11/02/2004,LA,Natchitoches,Bush,republican,580,1000
11/02/2004,IL,Scott,Kerry,democrat,420,1000
11/02/2004,IL,Scott,Bush,republican,580,1000
11/02/2004,GA,Effingham,Kerry,democrat,470,1000
11/02/2004,GA,Effingham,Bush,republican,530,1000
11/02/2004,OK,Caddo,Kerry,democrat,420,1000
11/02/2004,OK,Caddo,Bush,republican,580,1000
11/02/2004,OK,Jefferson,Kerry,democrat,420,1000
11/02/2004,OK,Jefferson,Bush,republican,580,1000
11/02/2004,CO,Huerfano,Kerry,democrat,530,1000
11/02/2004,CO,Huerfano,Bush,republican,470,1000
11/02/2004,SC,Anderson,Kerry,democrat,420,1000
11/02/2004,SC,Anderson,Bush,republican,580,1000
11/02/2004,SC,Clarendon,Kerry,democrat,530,1000
11/02/2004,SC,Clarendon,Bush,republican,470,1000
11/02/2004,GA,Lee,Kerry,democrat,420,1000
11/02/2004,GA,Lee,Bush,republican,580,1000
11/02/2004,OH,Jefferson,Kerry,democrat,420,1000
11/02/2004,OH,Jefferson,Bush,republican,580,1000
11/02/2004,OK,Roger_Mills,Kerry,democrat,420,1000
11/02/2004,OK,Roger_Mills,Bush,republican,580,1000
11/02/2004,VA,Lexington,Kerry,democrat,580,1000
11/02/2004,VA,Lexington,Bush,republican,420,1000
11/02/2004,CA,Shasta,Kerry,democrat,420,1000
11/02/2004,CA,Shasta,Bush,republican,580,1000
11/02/2004,AR,Desha,Kerry,democrat,530,1000
11/02/2004,AR,Desha,Bush,republican,470,1000
11/02/2004,LA,Lafourche,Kerry,democrat,420,1000
11/02/2004,LA,Lafourche,Bush,republican,580,1000
11/02/2004,CA,Tuolumne,Kerry,democrat,470,1000
11/02/2004,CA,Tuolumne,Bush,republican,530,1000
11/02/2004,OK,Cherokee,Kerry,democrat,420,1000
11/02/2004,OK,Cherokee,Bush,republican,580,1000
11/02/2004,AR,Carroll,Kerry,democrat,470,1000
11/02/2004,AR,Carroll,Bush,republican,530,1000
11/02/2004,TX,Titus,Kerry,democrat,420,1000
11/02/2004,TX,Titus,Bush,republican,580,1000
11/02/2004,LA,St_Martin,Kerry,democrat,420,1000
11/02/2004,LA,St_Martin,Bush,republican,580,1000
11/02/2004,AL,Morgan,Kerry,democrat,420,1000
11/02/2004,AL,Morgan,Bush,republican,580,1000
11/02/2004,AL,Tuscaloosa,Kerry,democrat,470,1000
11/02/2004,AL,Tuscaloosa,Bush,republican,530,1000
11/02/2004,LA,West_Feliciana,Kerry,democrat,420,1000
11/02/2004,LA,West_Feliciana,Bush,republican,580,1000
11/02/2004,GA,Henry,Kerry,democrat,580,1000
11/02/2004,GA,Henry,Bush,republican,420,1000
11/02/2004,FL,Glades,Kerry,democrat,420,1000
11/02/2004,FL,Glades,Bush,republican,580,1000
11/02/2004,CO,Otero,Kerry,democrat,420,1000
11/02/2004,CO,Otero,Bush,republican,580,1000
11/02/2004,LA,Tensas,Kerry,democrat,530,1000
11/02/2004,LA,Tensas,Bush,republican,470,1000
11/02/2004,WV,Cabell,Kerry,democrat,470,1000
11/02/2004,WV,Cabell,Bush,republican,530,1000
11/02/2004,KY,Ohio,Kerry,democrat,420,1000
11/02/2004,KY,Ohio,Bush,republican,580,1000
11/02/2004,MN,Blue_Earth,Kerry,democrat,530,1000
11/02/2004,MN,Blue_Earth,Bush,republican,470,1000
11/02/2004,NH,Hillsborough,Kerry,democrat,530,1000
11/02/2004,NH,Hillsborough,Bush,republican,470,1000
11/02/2004,WY,Sweetwater,Kerry,democrat,420,1000
11/02/2004,WY,Sweetwater,Bush,republican,580,1000
11/02/2004,IA,Pottawattamie,Kerry,democrat,510,1000
11/02/2004,IA,Pottawattamie,Bush,republican,490,1000
11/02/2004,NY,Jefferson,Kerry,democrat,420,1000
11/02/2004,NY,Jefferson,Bush,republican,580,1000
11/02/2004,MO,Bates,Kerry,democrat,420,1000
11/02/2004,MO,Bates,Bush,republican,580,1000
11/02/2004,MI,Presque_Isle,Kerry,democrat,470,1000
11/02/2004,MI,Presque_Isle,Bush,republican,530,1000
11/02/2004,MT,Roosevelt,Kerry,democrat,470,1000
11/02/2004,MT,Roosevelt,Bush,republican,530,1000
11/02/2004,WA,Jefferson,Kerry,democrat,580,1000
11/02/2004,WA,Jefferson,Bush,republican,420,1000
11/02/2004,TX,Nueces,Kerry,democrat,530,1000
11/02/2004,TX,Nueces,Bush,republican,470,1000
11/02/2004,WI,Door,Kerry,democrat,530,1000
11/02/2004,WI,Door,Bush,republican,470,1000
11/02/2004,ID,Nez_Perce,Kerry,democrat,470,1000
11/02/2004,ID,Nez_Perce,Bush,republican,530,1000
11/02/2004,MI,Huron,Kerry,democrat,470,1000
11/02/2004,MI,Huron,Bush,republican,530,1000
11/02/2004,GA,Johnson,Kerry,democrat,470,1000
11/02/2004,GA,Johnson,Bush,republican,530,1000
11/02/2004,OH,Putnam,Kerry,democrat,420,1000
11/02/2004,OH,Putnam,Bush,republican,580,1000
11/02/2004,TX,Erath,Kerry,democrat,420,1000
11/02/2004,TX,Erath,Bush,republican,580,1000
11/02/2004,MO,Shannon,Kerry,democrat,420,1000
11/02/2004,MO,Shannon,Bush,republican,580,1000
11/02/2004,AK,Matanuska-Susitna,Kerry,democrat,420,1000
11/02/2004,AK,Matanuska-Susitna,Bush,republican,580,1000
11/02/2004,VA,Falls_Church,Kerry,democrat,580,1000
11/02/2004,VA,Falls_Church,Bush,republican,420,1000
11/02/2004,TX,Kleberg,Kerry,democrat,490,1000
11/02/2004,TX,Kleberg,Bush,republican,510,1000
11/02/2004,CO,Pitkin,Kerry,democrat,580,1000
11/02/2004,CO,Pitkin,Bush,republican,420,1000
11/02/2004,CO,La_Plata,Kerry,democrat,580,1000
11/02/2004,CO,La_Plata,Bush,republican,420,1000
11/02/2004,OK,Tulsa,Kerry,democrat,490,1000
11/02/2004,OK,Tulsa,Bush,republican,510,1000
11/02/2004,AL,St_Clair,Kerry,democrat,420,1000
11/02/2004,AL,St_Clair,Bush,republican,580,1000
11/02/2004,FL,Pinellas,Kerry,democrat,580,1000
11/02/2004,FL,Pinellas,Bush,republican,420,1000
11/02/2004,IL,Fulton,Kerry,democrat,470,1000
11/02/2004,IL,Fulton,Bush,republican,530,1000
11/02/2004,KS,Cherokee,Kerry,democrat,420,1000
11/02/2004,KS,Cherokee,Bush,republican,580,1000
11/02/2004,MN,Beltrami,Kerry,democrat,530,1000
11/02/2004,MN,Beltrami,Bush,republican,470,1000
11/02/2004,IN,Cass,Kerry,democrat,420,1000
11/02/2004,IN,Cass,Bush,republican,580,1000
11/02/2004,AR,Polk,Kerry,democrat,420,1000
11/02/2004,AR,Polk,Bush,republican,580,1000
11/02/2004,NV,Douglas,Kerry,democrat,420,1000
11/02/2004,NV,Douglas,Bush,republican,580,1000
11/02/2004,KS,Kingman,Kerry,democrat,470,1000
11/02/2004,KS,Kingman,Bush,republican,530,1000
11/02/2004,IA,Clayton,Kerry,democrat,510,1000
11/02/2004,IA,Clayton,Bush,republican,490,1000
11/02/2004,IN,Fulton,Kerry,democrat,420,1000
11/02/2004,IN,Fulton,Bush,republican,580,1000
11/02/2004,MO,Scotland,Kerry,democrat,420,1000
11/02/2004,MO,Scotland,Bush,republican,580,1000
11/02/2004,SC,Berkeley,Kerry,democrat,490,1000
11/02/2004,SC,Berkeley,Bush,republican,510,1000
11/02/2004,MI,Leelanau,Kerry,democrat,530,1000
11/02/2004,MI,Leelanau,Bush,republican,470,1000
11/02/2004,PA,Fulton,Kerry,democrat,420,1000
11/02/2004,PA,Fulton,Bush,republican,580,1000
11/02/2004,MI,Clinton,Kerry,democrat,510,1000
11/02/2004,MI,Clinton,Bush,republican,490,1000
11/02/2004,GA,Quitman,Kerry,democrat,530,1000
11/02/2004,GA,Quitman,Bush,republican,470,1000
11/02/2004,WA,Snohomish,Kerry,democrat,580,1000
11/02/2004,WA,Snohomish,Bush,republican,420,1000
11/02/2004,MO,Lewis,Kerry,democrat,420,1000
11/02/2004,MO,Lewis,Bush,republican,580,1000
11/02/2004,FL,Madison,Kerry,democrat,420,1000
11/02/2004,FL,Madison,Bush,republican,580,1000
11/02/2004,NM,Los_Alamos,Kerry,democrat,580,1000
11/02/2004,NM,Los_Alamos,Bush,republican,420,1000
11/02/2004,NM,Guadalupe,Kerry,democrat,530,1000
11/02/2004,NM,Guadalupe,Bush,republican,470,1000
11/02/2004,WV,Gilmer,Kerry,democrat,420,1000
11/02/2004,WV,Gilmer,Bush,republican,580,1000
11/02/2004,IN,Vanderburgh,Kerry,democrat,580,1000
11/02/2004,IN,Vanderburgh,Bush,republican,420,1000
11/02/2004,WV,Hampshire,Kerry,democrat,420,1000
11/02/2004,WV,Hampshire,Bush,republican,580,1000
11/02/2004,OR,Wallowa,Kerry,democrat,420,1000
11/02/2004,OR,Wallowa,Bush,republican,580,1000
11/02/2004,NC,Cherokee,Kerry,democrat,420,1000
11/02/2004,NC,Cherokee,Bush,republican,580,1000
11/02/2004,OK,Oklahoma,Kerry,democrat,530,1000
11/02/2004,OK,Oklahoma,Bush,republican,470,1000
11/02/2004,FL,Volusia,Kerry,democrat,530,1000
11/02/2004,FL,Volusia,Bush,republican,470,1000
11/02/2004,CA,Sierra,Kerry,democrat,470,1000
11/02/2004,CA,Sierra,Bush,republican,530,1000
11/02/2004,ID,Bonneville,Kerry,democrat,420,1000
11/02/2004,ID,Bonneville,Bush,republican,580,1000
11/02/2004,AL,Conecuh,Kerry,democrat,420,1000
11/02/2004,AL,Conecuh,Bush,republican,580,1000
11/02/2004,KS,Kiowa,Kerry,democrat,420,1000
11/02/2004,KS,Kiowa,Bush,republican,580,1000
11/02/2004,MN,Douglas,Kerry,democrat,420,1000
11/02/2004,MN,Douglas,Bush,republican,580,1000
11/02/2004,TN,Chester,Kerry,democrat,420,1000
11/02/2004,TN,Chester,Bush,republican,580,1000
11/02/2004,LA,Vermilion,Kerry,democrat,420,1000
11/02/2004,LA,Vermilion,Bush,republican,580,1000
11/02/2004,NM,Sandoval,Kerry,democrat,530,1000
11/02/2004,NM,Sandoval,Bush,republican,470,1000
11/02/2004,MN,Clay,Kerry,democrat,530,1000
11/02/2004,MN,Clay,Bush,republican,470,1000
11/04/2008,GA,Polk,Obama,democrat,420,1000
11/04/2008,GA,Polk,McCain,republican,580,1000
11/04/2008,KY,Bracken,Obama,democrat,420,1000
11/04/2008,KY,Bracken,McCain,republican,580,1000
11/04/2008,MS,Wayne,Obama,democrat,420,1000
11/04/2008,MS,Wayne,McCain,republican,580,1000
11/04/2008,PA,Adams,Obama,democrat,420,1000
11/04/2008,PA,Adams,McCain,republican,580,1000
11/04/2008,AZ,Gila,Obama,democrat,510,1000
11/04/2008,AZ,Gila,McCain,republican,490,1000
11/04/2008,AR,Poinsett,Obama,democrat,470,1000
11/04/2008,AR,Poinsett,McCain,republican,530,1000
11/04/2008,GA,Pike,Obama,democrat,420,1000
11/04/2008,GA,Pike,McCain,republican,580,1000
11/04/2008,IL,Kendall,Obama,democrat,580,1000
11/04/2008,IL,Kendall,McCain,republican,420,1000
11/04/2008,IA,Jefferson,Obama,democrat,580,1000
11/04/2008,IA,Jefferson,McCain,republican,420,1000
11/04/2008,IA,Iowa,Obama,democrat,530,1000
11/04/2008,IA,Iowa,McCain,republican,470,1000
11/04/2008,NE,Polk,Obama,democrat,420,1000
11/04/2008,NE,Polk,McCain,republican,580,1000
11/04/2008,NE,Phelps,Obama,democrat,420,1000
11/04/2008,NE,Phelps,McCain,republican,580,1000
11/04/2008,ND,Wells,Obama,democrat,420,1000
11/04/2008,ND,Wells,McCain,republican,580,1000
11/04/2008,OH,Fairfield,Obama,democrat,420,1000
11/04/2008,OH,Fairfield,McCain,republican,580,1000
11/04/2008,IN,Orange,Obama,democrat,420,1000
11/04/2008,IN,Orange,McCain,republican,580,1000
11/04/2008,SD,Day,Obama,democrat,580,1000
11/04/2008,SD,Day,McCain,republican,420,1000
11/04/2008,TX,Dickens,Obama,democrat,420,1000
11/04/2008,TX,Dickens,McCain,republican,580,1000
11/04/2008,MI,Otsego,Obama,democrat,490,1000
11/04/2008,MI,Otsego,McCain,republican,510,1000
11/04/2008,MN,Clearwater,Obama,democrat,470,1000
11/04/2008,MN,Clearwater,McCain,republican,530,1000
11/04/2008,OK,Major,Obama,democrat,420,1000
11/04/2008,OK,Major,McCain,republican,580,1000
11/04/2008,TX,McMullen,Obama,democrat,420,1000
11/04/2008,TX,McMullen,McCain,republican,580,1000
11/04/2008,CA,Modoc,Obama,democrat,420,1000
11/04/2008,CA,Modoc,McCain,republican,580,1000
11/04/2008,IL,Cook,Obama,democrat,580,1000
11/04/2008,IL,Cook,McCain,republican,420,1000
11/04/2008,IL,Iroquois,Obama,democrat,420,1000
11/04/2008,IL,Iroquois,McCain,republican,580,1000
11/04/2008,MS,Tippah,Obama,democrat,420,1000
11/04/2008,MS,Tippah,McCain,republican,580,1000
11/04/2008,MN,Wadena,Obama,democrat,420,1000
11/04/2008,MN,Wadena,McCain,republican,580,1000
11/04/2008,MT,Liberty,Obama,democrat,420,1000
11/04/2008,MT,Liberty,McCain,republican,580,1000
11/04/2008,MO,Putnam,Obama,democrat,470,1000
11/04/2008,MO,Putnam,McCain,republican,530,1000
11/04/2008,TX,Bailey,Obama,democrat,420,1000
11/04/2008,TX,Bailey,McCain,republican,580,1000
11/04/2008,CO,Washington,Obama,democrat,420,1000
11/04/2008,CO,Washington,McCain,republican,580,1000
11/04/2008,IL,Washington,Obama,democrat,470,1000
11/04/2008,IL,Washington,McCain,republican,530,1000
11/04/2008,IA,Pocahontas,Obama,democrat,470,1000
11/04/2008,IA,Pocahontas,McCain,republican,530,1000
11/04/2008,IA,Lucas,Obama,democrat,510,1000
11/04/2008,IA,Lucas,McCain,republican,490,1000
11/04/2008,KY,Green,Obama,democrat,420,1000
11/04/2008,KY,Green,McCain,republican,580,1000
11/04/2008,MI,Midland,Obama,democrat,530,1000
11/04/2008,MI,Midland,McCain,republican,470,1000
11/04/2008,OH,Muskingum,Obama,democrat,420,1000
11/04/2008,OH,Muskingum,McCain,republican,580,1000
11/04/2008,PA,Wyoming,Obama,democrat,490,1000
11/04/2008,PA,Wyoming,McCain,republican,510,1000
11/04/2008,TX,Ellis,Obama,democrat,503,1000
11/04/2008,TX,Ellis,McCain,republican,497,1000
11/04/2008,TX,Andrews,Obama,democrat,420,1000
11/04/2008,TX,Andrews,McCain,republican,580,1000
11/04/2008,VT,Lamoille,Obama,democrat,580,1000
11/04/2008,VT,Lamoille,McCain,republican,420,1000
11/04/2008,SD,Clark,Obama,democrat,470,1000
11/04/2008,SD,Clark,McCain,republican,530,1000
11/04/2008,TX,Martin,Obama,democrat,420,1000
11/04/2008,TX,Martin,McCain,republican,580,1000
11/04/2008,KS,Osborne,Obama,democrat,420,1000
11/04/2008,KS,Osborne,McCain,republican,580,1000
11/04/2008,GA,Heard,Obama,democrat,420,1000
11/04/2008,GA,Heard,McCain,republican,580,1000
11/04/2008,IA,Worth,Obama,democrat,580,1000
11/04/2008,IA,Worth,McCain,republican,420,1000
11/04/2008,KY,Simpson,Obama,democrat,420,1000
11/04/2008,KY,Simpson,McCain,republican,580,1000
11/04/2008,MS,Tishomingo,Obama,democrat,420,1000
11/04/2008,MS,Tishomingo,McCain,republican,580,1000
11/04/2008,MS,Stone,Obama,democrat,510,1000
11/04/2008,MS,Stone,McCain,republican,490,1000
11/04/2008,MN,Grant,Obama,democrat,470,1000
11/04/2008,MN,Grant,McCain,republican,530,1000
11/04/2008,NE,Jefferson,Obama,democrat,420,1000
11/04/2008,NE,Jefferson,McCain,republican,580,1000
11/04/2008,SD,Brown,Obama,democrat,530,1000
11/04/2008,SD,Brown,McCain,republican,470,1000
11/04/2008,AL,Pike,Obama,democrat,420,1000
11/04/2008,AL,Pike,McCain,republican,580,1000
11/04/2008,GA,Newton,Obama,democrat,580,1000
11/04/2008,GA,Newton,McCain,republican,420,1000
11/04/2008,IL,Brown,Obama,democrat,470,1000
11/04/2008,IL,Brown,McCain,republican,530,1000
11/04/2008,IL,Bond,Obama,democrat,470,1000
11/04/2008,IL,Bond,McCain,republican,530,1000
11/04/2008,IA,Clay,Obama,democrat,490,1000
11/04/2008,IA,Clay,McCain,republican,510,1000
11/04/2008,KY,Shelby,Obama,democrat,470,1000
11/04/2008,KY,Shelby,McCain,republican,530,1000
11/04/2008,NE,Loup,Obama,democrat,420,1000
11/04/2008,NE,Loup,McCain,republican,580,1000
11/04/2008,NE,Webster,Obama,democrat,420,1000
11/04/2008,NE,Webster,McCain,republican,580,1000
11/04/2008,OH,Ashland,Obama,democrat,470,1000
11/04/2008,OH,Ashland,McCain,republican,530,1000
11/04/2008,NE,Greeley,Obama,democrat,420,1000
11/04/2008,NE,Greeley,McCain,republican,580,1000
11/04/2008,WV,Putnam,Obama,democrat,470,1000
11/04/2008,WV,Putnam,McCain,republican,530,1000
11/04/2008,ND,Billings,Obama,democrat,420,1000
11/04/2008,ND,Billings,McCain,republican,580,1000
11/04/2008,TX,Fisher,Obama,democrat,420,1000
11/04/2008,TX,Fisher,McCain,republican,580,1000
11/04/2008,TX,Lipscomb,Obama,democrat,420,1000
11/04/2008,TX,Lipscomb,McCain,republican,580,1000
11/04/2008,KS,Norton,Obama,democrat,420,1000
11/04/2008,KS,Norton,McCain,republican,580,1000
11/04/2008,MD,Washington,Obama,democrat,470,1000
11/04/2008,MD,Washington,McCain,republican,530,1000
11/04/2008,MS,Clarke,Obama,democrat,420,1000
11/04/2008,MS,Clarke,McCain,republican,580,1000
11/04/2008,MS,Lawrence,Obama,democrat,420,1000
11/04/2008,MS,Lawrence,McCain,republican,580,1000
11/04/2008,MT,Beaverhead,Obama,democrat,420,1000
11/04/2008,MT,Beaverhead,McCain,republican,580,1000
11/04/2008,NE,Banner,Obama,democrat,420,1000
11/04/2008,NE,Banner,McCain,republican,580,1000
11/04/2008,ND,Cavalier,Obama,democrat,470,1000
11/04/2008,ND,Cavalier,McCain,republican,530,1000
11/04/2008,MO,Newton,Obama,democrat,420,1000
11/04/2008,MO,Newton,McCain,republican,580,1000
11/04/2008,AK,North_Slope,Obama,democrat,530,1000
11/04/2008,AK,North_Slope,McCain,republican,470,1000
11/04/2008,GA,Pickens,Obama,democrat,420,1000
11/04/2008,GA,Pickens,McCain,republican,580,1000
11/04/2008,IN,Bartholomew,Obama,democrat,470,1000
11/04/2008,IN,Bartholomew,McCain,republican,530,1000
11/04/2008,IA,Cerro_Gordo,Obama,democrat,580,1000
11/04/2008,IA,Cerro_Gordo,McCain,republican,420,1000
11/04/2008,KY,Lincoln,Obama,democrat,420,1000
11/04/2008,KY,Lincoln,McCain,republican,580,1000
11/04/2008,MO,Dent,Obama,democrat,420,1000
11/04/2008,MO,Dent,McCain,republican,580,1000
11/04/2008,GA,Schley,Obama,democrat,490,1000
11/04/2008,GA,Schley,McCain,republican,510,1000
11/04/2008,NE,Clay,Obama,democrat,420,1000
11/04/2008,NE,Clay,McCain,republican,580,1000
11/04/2008,IA,Guthrie,Obama,democrat,503,1000
11/04/2008,IA,Guthrie,McCain,republican,497,1000
11/04/2008,IA,Adair,Obama,democrat,470,1000
11/04/2008,IA,Adair,McCain,republican,530,1000
11/04/2008,TX,Hale,Obama,democrat,503,1000
11/04/2008,TX,Hale,McCain,republican,497,1000
11/04/2008,VA,Galax,Obama,democrat,420,1000
11/04/2008,VA,Galax,McCain,republican,580,1000
11/04/2008,WI,Sawyer,Obama,democrat,530,1000
11/04/2008,WI,Sawyer,McCain,republican,470,1000
11/04/2008,TX,Sherman,Obama,democrat,420,1000
11/04/2008,TX,Sherman,McCain,republican,580,1000
11/04/2008,CO,Montezuma,Obama,democrat,470,1000
11/04/2008,CO,Montezuma,McCain,republican,530,1000
11/04/2008,KS,Phillips,Obama,democrat,420,1000
11/04/2008,KS,Phillips,McCain,republican,580,1000
11/04/2008,KY,Clinton,Obama,democrat,420,1000
11/04/2008,KY,Clinton,McCain,republican,580,1000
11/04/2008,MD,Allegany,Obama,democrat,420,1000
11/04/2008,MD,Allegany,McCain,republican,580,1000
11/04/2008,MS,Panola,Obama,democrat,470,1000
11/04/2008,MS,Panola,McCain,republican,530,1000
11/04/2008,TX,Kinney,Obama,democrat,420,1000
11/04/2008,TX,Kinney,McCain,republican,580,1000
11/04/2008,NM,Valencia,Obama,democrat,580,1000
11/04/2008,NM,Valencia,McCain,republican,420,1000
11/04/2008,AR,Searcy,Obama,democrat,420,1000
11/04/2008,AR,Searcy,McCain,republican,580,1000
11/04/2008,GA,Candler,Obama,democrat,420,1000
11/04/2008,GA,Candler,McCain,republican,580,1000
11/04/2008,IN,Henry,Obama,democrat,490,1000
11/04/2008,IN,Henry,McCain,republican,510,1000
11/04/2008,IA,Chickasaw,Obama,democrat,580,1000
11/04/2008,IA,Chickasaw,McCain,republican,420,1000
11/04/2008,IA,Poweshiek,Obama,democrat,530,1000
11/04/2008,IA,Poweshiek,McCain,republican,470,1000
11/04/2008,MI,Montmorency,Obama,democrat,470,1000
11/04/2008,MI,Montmorency,McCain,republican,530,1000
11/04/2008,MO,Linn,Obama,democrat,420,1000
11/04/2008,MO,Linn,McCain,republican,580,1000
11/04/2008,ND,Burleigh,Obama,democrat,420,1000
11/04/2008,ND,Burleigh,McCain,republican,580,1000
11/04/2008,NE,Cuming,Obama,democrat,420,1000
11/04/2008,NE,Cuming,McCain,republican,580,1000
11/04/2008,OR,Grant,Obama,democrat,490,1000
11/04/2008,OR,Grant,McCain,republican,510,1000
11/04/2008,SD,Lake,Obama,democrat,503,1000
11/04/2008,SD,Lake,McCain,republican,497,1000
11/04/2008,TX,Scurry,Obama,democrat,420,1000
11/04/2008,TX,Scurry,McCain,republican,580,1000
11/04/2008,TX,Castro,Obama,democrat,420,1000
11/04/2008,TX,Castro,McCain,republican,580,1000
11/04/2008,OH,Harrison,Obama,democrat,470,1000
11/04/2008,OH,Harrison,McCain,republican,530,1000
11/04/2008,TX,Cochran,Obama,democrat,420,1000
11/04/2008,TX,Cochran,McCain,republican,580,1000
11/04/2008,KS,Stanton,Obama,democrat,420,1000
11/04/2008,KS,Stanton,McCain,republican,580,1000
11/04/2008,FL,Monroe,Obama,democrat,580,1000
11/04/2008,FL,Monroe,McCain,republican,420,1000
11/04/2008,FL,Escambia,Obama,democrat,530,1000
11/04/2008,FL,Escambia,McCain,republican,470,1000
11/04/2008,IL,Kankakee,Obama,democrat,530,1000
11/04/2008,IL,Kankakee,McCain,republican,470,1000
11/04/2008,KS,Meade,Obama,democrat,420,1000
11/04/2008,KS,Meade,McCain,republican,580,1000
11/04/2008,MN,Polk,Obama,democrat,490,1000
11/04/2008,MN,Polk,McCain,republican,510,1000
11/04/2008,MS,Pike,Obama,democrat,490,1000
11/04/2008,MS,Pike,McCain,republican,510,1000
11/04/2008,MN,Waseca,Obama,democrat,470,1000
11/04/2008,MN,Waseca,McCain,republican,530,1000
11/04/2008,OK,Cimarron,Obama,democrat,420,1000
11/04/2008,OK,Cimarron,McCain,republican,580,1000
11/04/2008,MT,Flathead,Obama,democrat,470,1000
11/04/2008,MT,Flathead,McCain,republican,530,1000
11/04/2008,UT,Cache,Obama,democrat,470,1000
11/04/2008,UT,Cache,McCain,republican,530,1000
11/04/2008,AR,Lincoln,Obama,democrat,420,1000
11/04/2008,AR,Lincoln,McCain,republican,580,1000
11/04/2008,GA,Turner,Obama,democrat,420,1000
11/04/2008,GA,Turner,McCain,republican,580,1000
11/04/2008,IA,Marshall,Obama,democrat,530,1000
11/04/2008,IA,Marshall,McCain,republican,470,1000
11/04/2008,MO,Texas,Obama,democrat,420,1000
11/04/2008,MO,Texas,McCain,republican,580,1000
11/04/2008,GA,Bleckley,Obama,democrat,420,1000
11/04/2008,GA,Bleckley,McCain,republican,580,1000
11/04/2008,OH,Geauga,Obama,democrat,470,1000
11/04/2008,OH,Geauga,McCain,republican,530,1000
11/04/2008,OK,Grant,Obama,democrat,420,1000
11/04/2008,OK,Grant,McCain,republican,580,1000
11/04/2008,MO,Crawford,Obama,democrat,420,1000
11/04/2008,MO,Crawford,McCain,republican,580,1000
11/04/2008,TX,Tom_Green,Obama,democrat,470,1000
11/04/2008,TX,Tom_Green,McCain,republican,530,1000
11/04/2008,TX,Roberts,Obama,democrat,420,1000
11/04/2008,TX,Roberts,McCain,republican,580,1000
11/04/2008,TX,Childress,Obama,democrat,420,1000
11/04/2008,TX,Childress,McCain,republican,580,1000
11/04/2008,AL,Franklin,Obama,democrat,420,1000
11/04/2008,AL,Franklin,McCain,republican,580,1000
11/04/2008,IN,Ohio,Obama,democrat,420,1000
11/04/2008,IN,Ohio,McCain,republican,580,1000
11/04/2008,KS,Nemaha,Obama,democrat,420,1000
11/04/2008,KS,Nemaha,McCain,republican,580,1000
11/04/2008,MN,Rock,Obama,democrat,420,1000
11/04/2008,MN,Rock,McCain,republican,580,1000
11/04/2008,NE,Dawes,Obama,democrat,420,1000
11/04/2008,NE,Dawes,McCain,republican,580,1000
11/04/2008,PA,Greene,Obama,democrat,470,1000
11/04/2008,PA,Greene,McCain,republican,530,1000
11/04/2008,MO,Phelps,Obama,democrat,420,1000
11/04/2008,MO,Phelps,McCain,republican,580,1000
11/04/2008,AL,Clay,Obama,democrat,420,1000
11/04/2008,AL,Clay,McCain,republican,580,1000
11/04/2008,AK,Kusilvak,Obama,democrat,580,1000
11/04/2008,AK,Kusilvak,McCain,republican,420,1000
11/04/2008,IL,Putnam,Obama,democrat,580,1000
11/04/2008,IL,Putnam,McCain,republican,420,1000
11/04/2008,IN,Montgomery,Obama,democrat,420,1000
11/04/2008,IN,Montgomery,McCain,republican,580,1000
11/04/2008,KS,Wichita,Obama,democrat,420,1000
11/04/2008,KS,Wichita,McCain,republican,580,1000
11/04/2008,MN,Mahnomen,Obama,democrat,580,1000
11/04/2008,MN,Mahnomen,McCain,republican,420,1000
11/04/2008,MN,Murray,Obama,democrat,490,1000
11/04/2008,MN,Murray,McCain,republican,510,1000
11/04/2008,NE,Logan,Obama,democrat,420,1000
11/04/2008,NE,Logan,McCain,republican,580,1000
11/04/2008,ND,Hettinger,Obama,democrat,420,1000
11/04/2008,ND,Hettinger,McCain,republican,580,1000
11/04/2008,IA,Greene,Obama,democrat,470,1000
11/04/2008,IA,Greene,McCain,republican,530,1000
11/04/2008,KY,Lee,Obama,democrat,420,1000
11/04/2008,KY,Lee,McCain,republican,580,1000
11/04/2008,TX,Motley,Obama,democrat,420,1000
11/04/2008,TX,Motley,McCain,republican,580,1000
11/04/2008,LA,Jackson,Obama,democrat,420,1000
11/04/2008,LA,Jackson,McCain,republican,580,1000
11/04/2008,VA,Radford,Obama,democrat,580,1000
11/04/2008,VA,Radford,McCain,republican,420,1000
11/04/2008,ND,Ramsey,Obama,democrat,530,1000
11/04/2008,ND,Ramsey,McCain,republican,470,1000
11/04/2008,ID,Lincoln,Obama,democrat,420,1000
11/04/2008,ID,Lincoln,McCain,republican,580,1000
11/04/2008,CO,Cheyenne,Obama,democrat,420,1000
11/04/2008,CO,Cheyenne,McCain,republican,580,1000
11/04/2008,HI,Maui,Obama,democrat,580,1000
11/04/2008,HI,Maui,McCain,republican,420,1000
11/04/2008,KS,Comanche,Obama,democrat,420,1000
11/04/2008,KS,Comanche,McCain,republican,580,1000
11/04/2008,ME,Aroostook,Obama,democrat,580,1000
11/04/2008,ME,Aroostook,McCain,republican,420,1000
11/04/2008,NE,Thayer,Obama,democrat,420,1000
11/04/2008,NE,Thayer,McCain,republican,580,1000
11/04/2008,MS,Jasper,Obama,democrat,420,1000
11/04/2008,MS,Jasper,McCain,republican,580,1000
11/04/2008,MN,Steele,Obama,democrat,530,1000
11/04/2008,MN,Steele,McCain,republican,470,1000
11/04/2008,SD,Lawrence,Obama,democrat,420,1000
11/04/2008,SD,Lawrence,McCain,republican,580,1000
11/04/2008,SD,Campbell,Obama,democrat,420,1000
11/04/2008,SD,Campbell,McCain,republican,580,1000
11/04/2008,MT,Wheatland,Obama,democrat,420,1000
11/04/2008,MT,Wheatland,McCain,republican,580,1000
11/04/2008,AR,Jackson,Obama,democrat,470,1000
11/04/2008,AR,Jackson,McCain,republican,530,1000
11/04/2008,FL,Lafayette,Obama,democrat,470,1000
11/04/2008,FL,Lafayette,McCain,republican,530,1000
11/04/2008,IL,Saline,Obama,democrat,470,1000
11/04/2008,IL,Saline,McCain,republican,530,1000
11/04/2008,IA,Wapello,Obama,democrat,530,1000
11/04/2008,IA,Wapello,McCain,republican,470,1000
11/04/2008,MI,Calhoun,Obama,democrat,530,1000
11/04/2008,MI,Calhoun,McCain,republican,470,1000
11/04/2008,NE,Colfax,Obama,democrat,420,1000
11/04/2008,NE,Colfax,McCain,republican,580,1000
11/04/2008,ND,Ward,Obama,democrat,420,1000
11/04/2008,ND,Ward,McCain,republican,580,1000
11/04/2008,NE,Fillmore,Obama,democrat,420,1000
11/04/2008,NE,Fillmore,McCain,republican,580,1000
11/04/2008,PA,Snyder,Obama,democrat,470,1000
11/04/2008,PA,Snyder,McCain,republican,530,1000
11/04/2008,IA,Adams,Obama,democrat,490,1000
11/04/2008,IA,Adams,McCain,republican,510,1000
11/04/2008,VA,Covington,Obama,democrat,420,1000
11/04/2008,VA,Covington,McCain,republican,580,1000
11/04/2008,WI,Barron,Obama,democrat,490,1000
11/04/2008,WI,Barron,McCain,republican,510,1000
11/04/2008,TX,Archer,Obama,democrat,420,1000
11/04/2008,TX,Archer,McCain,republican,580,1000
11/04/2008,UT,Piute,Obama,democrat,420,1000
11/04/2008,UT,Piute,McCain,republican,580,1000
11/04/2008,KS,Kearny,Obama,democrat,420,1000
11/04/2008,KS,Kearny,McCain,republican,580,1000
11/04/2008,NE,Johnson,Obama,democrat,470,1000
11/04/2008,NE,Johnson,McCain,republican,530,1000
11/04/2008,TX,Sutton,Obama,democrat,420,1000
11/04/2008,TX,Sutton,McCain,republican,580,1000
11/04/2008,IL,Piatt,Obama,democrat,470,1000
11/04/2008,IL,Piatt,McCain,republican,530,1000
11/04/2008,IL,Schuyler,Obama,democrat,530,1000
11/04/2008,IL,Schuyler,McCain,republican,470,1000
11/04/2008,TN,McNairy,Obama,democrat,420,1000
11/04/2008,TN,McNairy,McCain,republican,580,1000
11/04/2008,KY,Edmonson,Obama,democrat,420,1000
11/04/2008,KY,Edmonson,McCain,republican,580,1000
11/04/2008,IA,O_Brien,Obama,democrat,420,1000
11/04/2008,IA,O_Brien,McCain,republican,580,1000
11/04/2008,KY,Estill,Obama,democrat,420,1000
11/04/2008,KY,Estill,McCain,republican,580,1000
11/04/2008,IL,Christian,Obama,democrat,470,1000
11/04/2008,IL,Christian,McCain,republican,530,1000
11/04/2008,KY,Graves,Obama,democrat,420,1000
11/04/2008,KY,Graves,McCain,republican,580,1000
11/04/2008,IA,Union,Obama,democrat,510,1000
11/04/2008,IA,Union,McCain,republican,490,1000
11/04/2008,IL,Marshall,Obama,democrat,580,1000
11/04/2008,IL,Marshall,McCain,republican,420,1000
11/04/2008,MI,Branch,Obama,democrat,490,1000
11/04/2008,MI,Branch,McCain,republican,510,1000
11/04/2008,KS,Geary,Obama,democrat,530,1000
11/04/2008,KS,Geary,McCain,republican,470,1000
11/04/2008,NE,Brown,Obama,democrat,420,1000
11/04/2008,NE,Brown,McCain,republican,580,1000
11/04/2008,MS,Smith,Obama,democrat,420,1000
11/04/2008,MS,Smith,McCain,republican,580,1000
11/04/2008,ID,Benewah,Obama,democrat,420,1000
11/04/2008,ID,Benewah,McCain,republican,580,1000
11/04/2008,IN,Fountain,Obama,democrat,470,1000
11/04/2008,IN,Fountain,McCain,republican,530,1000
11/04/2008,TX,Moore,Obama,democrat,420,1000
11/04/2008,TX,Moore,McCain,republican,580,1000
11/04/2008,OK,Lincoln,Obama,democrat,420,1000
11/04/2008,OK,Lincoln,McCain,republican,580,1000
11/04/2008,UT,San_Juan,Obama,democrat,420,1000
11/04/2008,UT,San_Juan,McCain,republican,580,1000
11/04/2008,IA,Mahaska,Obama,democrat,530,1000
11/04/2008,IA,Mahaska,McCain,republican,470,1000
11/04/2008,IN,Pulaski,Obama,democrat,420,1000
11/04/2008,IN,Pulaski,McCain,republican,580,1000
11/04/2008,KY,Christian,Obama,democrat,420,1000
11/04/2008,KY,Christian,McCain,republican,580,1000
11/04/2008,ND,Richland,Obama,democrat,580,1000
11/04/2008,ND,Richland,McCain,republican,420,1000
11/04/2008,MO,Dade,Obama,democrat,420,1000
11/04/2008,MO,Dade,McCain,republican,580,1000
11/04/2008,MO,Dallas,Obama,democrat,420,1000
11/04/2008,MO,Dallas,McCain,republican,580,1000
11/04/2008,IN,Clay,Obama,democrat,470,1000
11/04/2008,IN,Clay,McCain,republican,530,1000
11/04/2008,GA,Floyd,Obama,democrat,420,1000
11/04/2008,GA,Floyd,McCain,republican,580,1000
11/04/2008,NE,Box_Butte,Obama,democrat,420,1000
11/04/2008,NE,Box_Butte,McCain,republican,580,1000
11/04/2008,KS,Ford,Obama,democrat,420,1000
11/04/2008,KS,Ford,McCain,republican,580,1000
11/04/2008,IN,Madison,Obama,democrat,530,1000
11/04/2008,IN,Madison,McCain,republican,470,1000
11/04/2008,KS,Ness,Obama,democrat,420,1000
11/04/2008,KS,Ness,McCain,republican,580,1000
11/04/2008,NE,Hooker,Obama,democrat,420,1000
11/04/2008,NE,Hooker,McCain,republican,580,1000
11/04/2008,IL,Clay,Obama,democrat,420,1000
11/04/2008,IL,Clay,McCain,republican,580,1000
11/04/2008,MO,Knox,Obama,democrat,420,1000
11/04/2008,MO,Knox,McCain,republican,580,1000
11/04/2008,MO,Osage,Obama,democrat,420,1000
11/04/2008,MO,Osage,McCain,republican,580,1000
11/04/2008,MI,Livingston,Obama,democrat,530,1000
11/04/2008,MI,Livingston,McCain,republican,470,1000
11/04/2008,AL,Randolph,Obama,democrat,420,1000
11/04/2008,AL,Randolph,McCain,republican,580,1000
11/04/2008,MI,Roscommon,Obama,democrat,470,1000
11/04/2008,MI,Roscommon,McCain,republican,530,1000
11/04/2008,OH,Carroll,Obama,democrat,420,1000
11/04/2008,OH,Carroll,McCain,republican,580,1000
11/04/2008,ND,Cass,Obama,democrat,530,1000
11/04/2008,ND,Cass,McCain,republican,470,1000
11/04/2008,NE,Madison,Obama,democrat,420,1000
11/04/2008,NE,Madison,McCain,republican,580,1000
11/04/2008,NE,Perkins,Obama,democrat,420,1000
11/04/2008,NE,Perkins,McCain,republican,580,1000
11/04/2008,NE,Pierce,Obama,democrat,420,1000
11/04/2008,NE,Pierce,McCain,republican,580,1000
11/04/2008,AR,Cleburne,Obama,democrat,420,1000
11/04/2008,AR,Cleburne,McCain,republican,580,1000
11/04/2008,NE,Platte,Obama,democrat,420,1000
11/04/2008,NE,Platte,McCain,republican,580,1000
11/04/2008,NH,Coos,Obama,democrat,580,1000
11/04/2008,NH,Coos,McCain,republican,420,1000
11/04/2008,MN,Swift,Obama,democrat,503,1000
11/04/2008,MN,Swift,McCain,republican,497,1000
11/04/2008,WI,Langlade,Obama,democrat,470,1000
11/04/2008,WI,Langlade,McCain,republican,530,1000
11/04/2008,MI,Isabella,Obama,democrat,580,1000
11/04/2008,MI,Isabella,McCain,republican,420,1000
11/04/2008,MN,McLeod,Obama,democrat,420,1000
11/04/2008,MN,McLeod,McCain,republican,580,1000
11/04/2008,NH,Grafton,Obama,democrat,580,1000
11/04/2008,NH,Grafton,McCain,republican,420,1000
11/04/2008,AK,Petersburg,Obama,democrat,580,1000
11/04/2008,AK,Petersburg,McCain,republican,420,1000
11/04/2008,MI,Missaukee,Obama,democrat,420,1000
11/04/2008,MI,Missaukee,McCain,republican,580,1000
11/04/2008,MO,Oregon,Obama,democrat,420,1000
11/04/2008,MO,Oregon,McCain,republican,580,1000
11/04/2008,ND,Griggs,Obama,democrat,470,1000
11/04/2008,ND,Griggs,McCain,republican,530,1000
11/04/2008,TX,Goliad,Obama,democrat,420,1000
11/04/2008,TX,Goliad,McCain,republican,580,1000
11/04/2008,NE,Chase,Obama,democrat,420,1000
11/04/2008,NE,Chase,McCain,republican,580,1000
11/04/2008,KS,Allen,Obama,democrat,420,1000
11/04/2008,KS,Allen,McCain,republican,580,1000
11/04/2008,KS,Chase,Obama,democrat,470,1000
11/04/2008,KS,Chase,McCain,republican,530,1000
11/04/2008,KS,Greenwood,Obama,democrat,420,1000
11/04/2008,KS,Greenwood,McCain,republican,580,1000
11/04/2008,TX,Cottle,Obama,democrat,420,1000
11/04/2008,TX,Cottle,McCain,republican,580,1000
11/04/2008,NM,Eddy,Obama,democrat,490,1000
11/04/2008,NM,Eddy,McCain,republican,510,1000
11/04/2008,IL,Coles,Obama,democrat,420,1000
11/04/2008,IL,Coles,McCain,republican,580,1000
11/04/2008,KS,Elk,Obama,democrat,420,1000
11/04/2008,KS,Elk,McCain,republican,580,1000
11/04/2008,KS,Woodson,Obama,democrat,420,1000
11/04/2008,KS,Woodson,McCain,republican,580,1000
11/04/2008,MI,Gratiot,Obama,democrat,470,1000
11/04/2008,MI,Gratiot,McCain,republican,530,1000
11/04/2008,KS,Marion,Obama,democrat,470,1000
11/04/2008,KS,Marion,McCain,republican,530,1000
11/04/2008,KS,Neosho,Obama,democrat,470,1000
11/04/2008,KS,Neosho,McCain,republican,530,1000
11/04/2008,MI,Ionia,Obama,democrat,470,1000
11/04/2008,MI,Ionia,McCain,republican,530,1000
11/04/2008,MN,Cottonwood,Obama,democrat,470,1000
11/04/2008,MN,Cottonwood,McCain,republican,530,1000
11/04/2008,KY,Montgomery,Obama,democrat,420,1000
11/04/2008,KY,Montgomery,McCain,republican,580,1000
11/04/2008,MN,Kandiyohi,Obama,democrat,420,1000
11/04/2008,MN,Kandiyohi,McCain,republican,580,1000
11/04/2008,MI,Mecosta,Obama,democrat,470,1000
11/04/2008,MI,Mecosta,McCain,republican,530,1000
11/04/2008,SD,Grant,Obama,democrat,490,1000
11/04/2008,SD,Grant,McCain,republican,510,1000
11/04/2008,MN,Faribault,Obama,democrat,490,1000
11/04/2008,MN,Faribault,McCain,republican,510,1000
11/04/2008,KY,Robertson,Obama,democrat,420,1000
11/04/2008,KY,Robertson,McCain,republican,580,1000
11/04/2008,IL,Effingham,Obama,democrat,420,1000
11/04/2008,IL,Effingham,McCain,republican,580,1000
11/04/2008,MN,Benton,Obama,democrat,420,1000
11/04/2008,MN,Benton,McCain,republican,580,1000
11/04/2008,TX,Falls,Obama,democrat,470,1000
11/04/2008,TX,Falls,McCain,republican,530,1000
11/04/2008,SD,Aurora,Obama,democrat,470,1000
11/04/2008,SD,Aurora,McCain,republican,530,1000
11/04/2008,MA,Nantucket,Obama,democrat,580,1000
11/04/2008,MA,Nantucket,McCain,republican,420,1000
11/04/2008,SD,Beadle,Obama,democrat,470,1000
11/04/2008,SD,Beadle,McCain,republican,530,1000
11/04/2008,SD,Spink,Obama,democrat,497,1000
11/04/2008,SD,Spink,McCain,republican,503,1000
11/04/2008,SD,Yankton,Obama,democrat,490,1000
11/04/2008,SD,Yankton,McCain,republican,510,1000
11/04/2008,SD,Hutchinson,Obama,democrat,420,1000
11/04/2008,SD,Hutchinson,McCain,republican,580,1000
11/04/2008,PA,Cameron,Obama,democrat,420,1000
11/04/2008,PA,Cameron,McCain,republican,580,1000
11/04/2008,AK,Hoonah_Angoon,Obama,democrat,580,1000
11/04/2008,AK,Hoonah_Angoon,McCain,republican,420,1000
11/04/2008,TN,Hardin,Obama,democrat,420,1000
11/04/2008,TN,Hardin,McCain,republican,580,1000
11/04/2008,SD,McCook,Obama,democrat,470,1000
11/04/2008,SD,McCook,McCain,republican,530,1000
11/04/2008,SD,Jerauld,Obama,democrat,490,1000
11/04/2008,SD,Jerauld,McCain,republican,510,1000
11/04/2008,WV,Barbour,Obama,democrat,420,1000
11/04/2008,WV,Barbour,McCain,republican,580,1000
11/04/2008,VA,Goochland,Obama,democrat,470,1000
11/04/2008,VA,Goochland,McCain,republican,530,1000
11/04/2008,MN,Le_Sueur,Obama,democrat,490,1000
11/04/2008,MN,Le_Sueur,McCain,republican,510,1000
11/04/2008,TX,Karnes,Obama,democrat,420,1000
11/04/2008,TX,Karnes,McCain,republican,580,1000
11/04/2008,MN,Martin,Obama,democrat,470,1000
11/04/2008,MN,Martin,McCain,republican,530,1000
11/04/2008,MO,Adair,Obama,democrat,470,1000
11/04/2008,MO,Adair,McCain,republican,530,1000
11/04/2008,WI,Price,Obama,democrat,530,1000
11/04/2008,WI,Price,McCain,republican,470,1000
11/04/2008,WI,Dunn,Obama,democrat,530,1000
11/04/2008,WI,Dunn,McCain,republican,470,1000
11/04/2008,WY,Natrona,Obama,democrat,420,1000
11/04/2008,WY,Natrona,McCain,republican,580,1000
11/04/2008,WY,Niobrara,Obama,democrat,420,1000
11/04/2008,WY,Niobrara,McCain,republican,580,1000
11/04/2008,WY,Park,Obama,democrat,420,1000
11/04/2008,WY,Park,McCain,republican,580,1000
11/04/2008,SC,Saluda,Obama,democrat,470,1000
11/04/2008,SC,Saluda,McCain,republican,530,1000
11/04/2008,OR,Wheeler,Obama,democrat,470,1000
11/04/2008,OR,Wheeler,McCain,republican,530,1000
11/04/2008,VT,Essex,Obama,democrat,580,1000
11/04/2008,VT,Essex,McCain,republican,420,1000
11/04/2008,WA,Skamania,Obama,democrat,580,1000
11/04/2008,WA,Skamania,McCain,republican,420,1000
11/04/2008,MN,Cook,Obama,democrat,580,1000
11/04/2008,MN,Cook,McCain,republican,420,1000
11/04/2008,OH,Crawford,Obama,democrat,470,1000
11/04/2008,OH,Crawford,McCain,republican,530,1000
11/04/2008,OH,Hancock,Obama,democrat,420,1000
11/04/2008,OH,Hancock,McCain,republican,580,1000
11/04/2008,OH,Hocking,Obama,democrat,470,1000
11/04/2008,OH,Hocking,McCain,republican,530,1000
11/04/2008,OH,Huron,Obama,democrat,510,1000
11/04/2008,OH,Huron,McCain,republican,490,1000
11/04/2008,TX,Yoakum,Obama,democrat,420,1000
11/04/2008,TX,Yoakum,McCain,republican,580,1000
11/04/2008,TX,Armstrong,Obama,democrat,420,1000
11/04/2008,TX,Armstrong,McCain,republican,580,1000
11/04/2008,TX,Jim_Wells,Obama,democrat,470,1000
11/04/2008,TX,Jim_Wells,McCain,republican,530,1000
11/04/2008,OK,Dewey,Obama,democrat,420,1000
11/04/2008,OK,Dewey,McCain,republican,580,1000
11/04/2008,TX,Hemphill,Obama,democrat,420,1000
11/04/2008,TX,Hemphill,McCain,republican,580,1000
11/04/2008,ME,Kennebec,Obama,democrat,580,1000
11/04/2008,ME,Kennebec,McCain,republican,420,1000
11/04/2008,IA,Grundy,Obama,democrat,420,1000
11/04/2008,IA,Grundy,McCain,republican,580,1000
11/04/2008,MN,Isanti,Obama,democrat,490,1000
11/04/2008,MN,Isanti,McCain,republican,510,1000
11/04/2008,TX,Schleicher,Obama,democrat,420,1000
11/04/2008,TX,Schleicher,McCain,republican,580,1000
11/04/2008,OK,Okmulgee,Obama,democrat,420,1000
11/04/2008,OK,Okmulgee,McCain,republican,580,1000
11/04/2008,MT,Garfield,Obama,democrat,420,1000
11/04/2008,MT,Garfield,McCain,republican,580,1000
11/04/2008,TX,Stephens,Obama,democrat,420,1000
11/04/2008,TX,Stephens,McCain,republican,580,1000
11/04/2008,NE,Arthur,Obama,democrat,420,1000
11/04/2008,NE,Arthur,McCain,republican,580,1000
11/04/2008,TX,Swisher,Obama,democrat,420,1000
11/04/2008,TX,Swisher,McCain,republican,580,1000
11/04/2008,MO,Pettis,Obama,democrat,420,1000
11/04/2008,MO,Pettis,McCain,republican,580,1000
11/04/2008,TX,Lamb,Obama,democrat,420,1000
11/04/2008,TX,Lamb,McCain,republican,580,1000
11/04/2008,TX,Palo_Pinto,Obama,democrat,420,1000
11/04/2008,TX,Palo_Pinto,McCain,republican,580,1000
11/04/2008,GA,White,Obama,democrat,420,1000
11/04/2008,GA,White,McCain,republican,580,1000
11/04/2008,OR,Wasco,Obama,democrat,530,1000
11/04/2008,OR,Wasco,McCain,republican,470,1000
11/04/2008,AK,Bethel,Obama,democrat,580,1000
11/04/2008,AK,Bethel,McCain,republican,420,1000
11/04/2008,AR,St_Francis,Obama,democrat,530,1000
11/04/2008,AR,St_Francis,McCain,republican,470,1000
11/04/2008,AK,Aleutians_East,Obama,democrat,530,1000
11/04/2008,AK,Aleutians_East,McCain,republican,470,1000
11/04/2008,WI,Monroe,Obama,democrat,580,1000
11/04/2008,WI,Monroe,McCain,republican,420,1000
11/04/2008,AK,Ketchikan_Gateway,Obama,democrat,530,1000
11/04/2008,AK,Ketchikan_Gateway,McCain,republican,470,1000
11/04/2008,AK,Lake_and_Peninsula,Obama,democrat,530,1000
11/04/2008,AK,Lake_and_Peninsula,McCain,republican,470,1000
11/04/2008,ND,Stutsman,Obama,democrat,470,1000
11/04/2008,ND,Stutsman,McCain,republican,530,1000
11/04/2008,OH,Paulding,Obama,democrat,420,1000
11/04/2008,OH,Paulding,McCain,republican,580,1000
11/04/2008,MS,Choctaw,Obama,democrat,420,1000
11/04/2008,MS,Choctaw,McCain,republican,580,1000
11/04/2008,SD,Sully,Obama,democrat,420,1000
11/04/2008,SD,Sully,McCain,republican,580,1000
11/04/2008,MO,Stoddard,Obama,democrat,420,1000
11/04/2008,MO,Stoddard,McCain,republican,580,1000
11/04/2008,TX,Hall,Obama,democrat,420,1000
11/04/2008,TX,Hall,McCain,republican,580,1000
11/04/2008,MO,Stone,Obama,democrat,420,1000
11/04/2008,MO,Stone,McCain,republican,580,1000
11/04/2008,MO,Webster,Obama,democrat,420,1000
11/04/2008,MO,Webster,McCain,republican,580,1000
11/04/2008,NC,Forsyth,Obama,democrat,580,1000
11/04/2008,NC,Forsyth,McCain,republican,420,1000
11/04/2008,VA,Danville,Obama,democrat,580,1000
11/04/2008,VA,Danville,McCain,republican,420,1000
11/04/2008,VA,Franklin,Obama,democrat,580,1000
11/04/2008,VA,Franklin,McCain,republican,420,1000
11/04/2008,KS,Brown,Obama,democrat,470,1000
11/04/2008,KS,Brown,McCain,republican,530,1000
11/04/2008,VA,Martinsville,Obama,democrat,580,1000
11/04/2008,VA,Martinsville,McCain,republican,420,1000
11/04/2008,KS,Butler,Obama,democrat,510,1000
11/04/2008,KS,Butler,McCain,republican,490,1000
11/04/2008,TX,Hood,Obama,democrat,420,1000
11/04/2008,TX,Hood,McCain,republican,580,1000
11/04/2008,VA,Staunton,Obama,democrat,580,1000
11/04/2008,VA,Staunton,McCain,republican,420,1000
11/04/2008,FL,DeSoto,Obama,democrat,490,1000
11/04/2008,FL,DeSoto,McCain,republican,510,1000
11/04/2008,FL,Highlands,Obama,democrat,470,1000
11/04/2008,FL,Highlands,McCain,republican,530,1000
11/04/2008,MO,Wright,Obama,democrat,420,1000
11/04/2008,MO,Wright,McCain,republican,580,1000
11/04/2008,KS,Anderson,Obama,democrat,420,1000
11/04/2008,KS,Anderson,McCain,republican,580,1000
11/04/2008,VA,Amelia,Obama,democrat,490,1000
11/04/2008,VA,Amelia,McCain,republican,510,1000
11/04/2008,IA,Crawford,Obama,democrat,490,1000
11/04/2008,IA,Crawford,McCain,republican,510,1000
11/04/2008,IA,Davis,Obama,democrat,470,1000
11/04/2008,IA,Davis,McCain,republican,530,1000
11/04/2008,IA,Delaware,Obama,democrat,580,1000
11/04/2008,IA,Delaware,McCain,republican,420,1000
11/04/2008,KS,Miami,Obama,democrat,470,1000
11/04/2008,KS,Miami,McCain,republican,530,1000
11/04/2008,TX,La_Salle,Obama,democrat,420,1000
11/04/2008,TX,La_Salle,McCain,republican,580,1000
11/04/2008,KS,McPherson,Obama,democrat,420,1000
11/04/2008,KS,McPherson,McCain,republican,580,1000
11/04/2008,IA,Franklin,Obama,democrat,530,1000
11/04/2008,IA,Franklin,McCain,republican,470,1000
11/04/2008,KS,Logan,Obama,democrat,420,1000
11/04/2008,KS,Logan,McCain,republican,580,1000
11/04/2008,IA,Hamilton,Obama,democrat,490,1000
11/04/2008,IA,Hamilton,McCain,republican,510,1000
11/04/2008,TX,McLennan,Obama,democrat,420,1000
11/04/2008,TX,McLennan,McCain,republican,580,1000
11/04/2008,ID,Custer,Obama,democrat,420,1000
11/04/2008,ID,Custer,McCain,republican,580,1000
11/04/2008,KS,Sherman,Obama,democrat,420,1000
11/04/2008,KS,Sherman,McCain,republican,580,1000
11/04/2008,IA,Ida,Obama,democrat,470,1000
11/04/2008,IA,Ida,McCain,republican,530,1000
11/04/2008,OH,Perry,Obama,democrat,420,1000
11/04/2008,OH,Perry,McCain,republican,580,1000
11/04/2008,CO,Morgan,Obama,democrat,470,1000
11/04/2008,CO,Morgan,McCain,republican,530,1000
11/04/2008,TX,Real,Obama,democrat,420,1000
11/04/2008,TX,Real,McCain,republican,580,1000
11/04/2008,GA,Crisp,Obama,democrat,420,1000
11/04/2008,GA,Crisp,McCain,republican,580,1000
11/04/2008,OH,Ross,Obama,democrat,470,1000
11/04/2008,OH,Ross,McCain,republican,530,1000
11/04/2008,CO,Montrose,Obama,democrat,420,1000
11/04/2008,CO,Montrose,McCain,republican,580,1000
11/04/2008,OH,Shelby,Obama,democrat,420,1000
11/04/2008,OH,Shelby,McCain,republican,580,1000
11/04/2008,GA,Evans,Obama,democrat,420,1000
11/04/2008,GA,Evans,McCain,republican,580,1000
11/04/2008,IL,Cumberland,Obama,democrat,490,1000
11/04/2008,IL,Cumberland,McCain,republican,510,1000
11/04/2008,OH,Union,Obama,democrat,420,1000
11/04/2008,OH,Union,McCain,republican,580,1000
11/04/2008,GA,Jeff_Davis,Obama,democrat,420,1000
11/04/2008,GA,Jeff_Davis,McCain,republican,580,1000
11/04/2008,AR,Stone,Obama,democrat,510,1000
11/04/2008,AR,Stone,McCain,republican,490,1000
11/04/2008,MO,Henry,Obama,democrat,420,1000
11/04/2008,MO,Henry,McCain,republican,580,1000
11/04/2008,TX,Menard,Obama,democrat,420,1000
11/04/2008,TX,Menard,McCain,republican,580,1000
11/04/2008,TX,Midland,Obama,democrat,470,1000
11/04/2008,TX,Midland,McCain,republican,530,1000
11/04/2008,TX,Nolan,Obama,democrat,420,1000
11/04/2008,TX,Nolan,McCain,republican,580,1000
11/04/2008,TX,Reagan,Obama,democrat,420,1000
11/04/2008,TX,Reagan,McCain,republican,580,1000
11/04/2008,OK,Stephens,Obama,democrat,420,1000
11/04/2008,OK,Stephens,McCain,republican,580,1000
11/04/2008,MO,St_Francois,Obama,democrat,510,1000
11/04/2008,MO,St_Francois,McCain,republican,490,1000
11/04/2008,CO,Kiowa,Obama,democrat,420,1000
11/04/2008,CO,Kiowa,McCain,republican,580,1000
11/04/2008,TX,Mason,Obama,democrat,420,1000
11/04/2008,TX,Mason,McCain,republican,580,1000
11/04/2008,TX,Glasscock,Obama,democrat,420,1000
11/04/2008,TX,Glasscock,McCain,republican,580,1000
11/04/2008,TX,Kendall,Obama,democrat,420,1000
11/04/2008,TX,Kendall,McCain,republican,580,1000
11/04/2008,OK,Grady,Obama,democrat,420,1000
11/04/2008,OK,Grady,McCain,republican,580,1000
11/04/2008,OK,Cleveland,Obama,democrat,530,1000
11/04/2008,OK,Cleveland,McCain,republican,470,1000
11/04/2008,PA,Susquehanna,Obama,democrat,470,1000
11/04/2008,PA,Susquehanna,McCain,republican,530,1000
11/04/2008,TX,Morris,Obama,democrat,470,1000
11/04/2008,TX,Morris,McCain,republican,530,1000
11/04/2008,TX,Hunt,Obama,democrat,420,1000
11/04/2008,TX,Hunt,McCain,republican,580,1000
11/04/2008,NY,Schenectady,Obama,democrat,580,1000
11/04/2008,NY,Schenectady,McCain,republican,420,1000
11/04/2008,OK,Carter,Obama,democrat,420,1000
11/04/2008,OK,Carter,McCain,republican,580,1000
11/04/2008,OK,Coal,Obama,democrat,470,1000
11/04/2008,OK,Coal,McCain,republican,530,1000
11/04/2008,OK,Murray,Obama,democrat,420,1000
11/04/2008,OK,Murray,McCain,republican,580,1000
11/04/2008,OK,Haskell,Obama,democrat,420,1000
11/04/2008,OK,Haskell,McCain,republican,580,1000
11/04/2008,OH,Athens,Obama,democrat,580,1000
11/04/2008,OH,Athens,McCain,republican,420,1000
11/04/2008,AK,Yukon-Koyukuk,Obama,democrat,580,1000
11/04/2008,AK,Yukon-Koyukuk,McCain,republican,420,1000
11/04/2008,AL,Monroe,Obama,democrat,420,1000
11/04/2008,AL,Monroe,McCain,republican,580,1000
11/04/2008,MS,Humphreys,Obama,democrat,470,1000
11/04/2008,MS,Humphreys,McCain,republican,530,1000
11/04/2008,MS,Quitman,Obama,democrat,580,1000
11/04/2008,MS,Quitman,McCain,republican,420,1000
11/04/2008,MO,Sullivan,Obama,democrat,470,1000
11/04/2008,MO,Sullivan,McCain,republican,530,1000
11/04/2008,TX,Lampasas,Obama,democrat,420,1000
11/04/2008,TX,Lampasas,McCain,republican,580,1000
11/04/2008,TX,Limestone,Obama,democrat,420,1000
11/04/2008,TX,Limestone,McCain,republican,580,1000
11/04/2008,TX,Bell,Obama,democrat,530,1000
11/04/2008,TX,Bell,McCain,republican,470,1000
11/04/2008,WI,Brown,Obama,democrat,530,1000
11/04/2008,WI,Brown,McCain,republican,470,1000
11/04/2008,MS,Jones,Obama,democrat,420,1000
11/04/2008,MS,Jones,McCain,republican,580,1000
11/04/2008,MS,Kemper,Obama,democrat,510,1000
11/04/2008,MS,Kemper,McCain,republican,490,1000
11/04/2008,NV,Mineral,Obama,democrat,530,1000
11/04/2008,NV,Mineral,McCain,republican,470,1000
11/04/2008,NM,Bernalillo,Obama,democrat,580,1000
11/04/2008,NM,Bernalillo,McCain,republican,420,1000
11/04/2008,FL,Hamilton,Obama,democrat,420,1000
11/04/2008,FL,Hamilton,McCain,republican,580,1000
11/04/2008,HI,Kalawao,Obama,democrat,580,1000
11/04/2008,HI,Kalawao,McCain,republican,420,1000
11/04/2008,FL,Clay,Obama,democrat,420,1000
11/04/2008,FL,Clay,McCain,republican,580,1000
11/04/2008,MN,Hubbard,Obama,democrat,470,1000
11/04/2008,MN,Hubbard,McCain,republican,530,1000
11/04/2008,TX,Carson,Obama,democrat,420,1000
11/04/2008,TX,Carson,McCain,republican,580,1000
11/04/2008,ND,Eddy,Obama,democrat,497,1000
11/04/2008,ND,Eddy,McCain,republican,503,1000
11/04/2008,AK,Nome,Obama,democrat,580,1000
11/04/2008,AK,Nome,McCain,republican,420,1000
11/04/2008,KS,Pawnee,Obama,democrat,420,1000
11/04/2008,KS,Pawnee,McCain,republican,580,1000
11/04/2008,KS,Stafford,Obama,democrat,420,1000
11/04/2008,KS,Stafford,McCain,republican,580,1000
11/04/2008,ND,McHenry,Obama,democrat,420,1000
11/04/2008,ND,McHenry,McCain,republican,580,1000
11/04/2008,IL,Warren,Obama,democrat,530,1000
11/04/2008,IL,Warren,McCain,republican,470,1000
11/04/2008,NV,Clark,Obama,democrat,580,1000
11/04/2008,NV,Clark,McCain,republican,420,1000
11/04/2008,KS,Lincoln,Obama,democrat,420,1000
11/04/2008,KS,Lincoln,McCain,republican,580,1000
11/04/2008,AL,Barbour,Obama,democrat,420,1000
11/04/2008,AL,Barbour,McCain,republican,580,1000
11/04/2008,TN,Fayette,Obama,democrat,420,1000
11/04/2008,TN,Fayette,McCain,republican,580,1000
11/04/2008,KS,Rush,Obama,democrat,420,1000
11/04/2008,KS,Rush,McCain,republican,580,1000
11/04/2008,IL,Boone,Obama,democrat,530,1000
11/04/2008,IL,Boone,McCain,republican,470,1000
11/04/2008,ND,Bowman,Obama,democrat,420,1000
11/04/2008,ND,Bowman,McCain,republican,580,1000
11/04/2008,IN,Huntington,Obama,democrat,420,1000
11/04/2008,IN,Huntington,McCain,republican,580,1000
11/04/2008,KS,Ellsworth,Obama,democrat,420,1000
11/04/2008,KS,Ellsworth,McCain,republican,580,1000
11/04/2008,IN,DeKalb,Obama,democrat,420,1000
11/04/2008,IN,DeKalb,McCain,republican,580,1000
11/04/2008,IN,Grant,Obama,democrat,470,1000
11/04/2008,IN,Grant,McCain,republican,530,1000
11/04/2008,IN,Miami,Obama,democrat,420,1000
11/04/2008,IN,Miami,McCain,republican,580,1000
11/04/2008,IN,Tipton,Obama,democrat,420,1000
11/04/2008,IN,Tipton,McCain,republican,580,1000
11/04/2008,UT,Summit,Obama,democrat,580,1000
11/04/2008,UT,Summit,McCain,republican,420,1000
11/04/2008,MO,Polk,Obama,democrat,420,1000
11/04/2008,MO,Polk,McCain,republican,580,1000
11/04/2008,CA,Nevada,Obama,democrat,580,1000
11/04/2008,CA,Nevada,McCain,republican,420,1000
11/04/2008,WI,Shawano,Obama,democrat,490,1000
11/04/2008,WI,Shawano,McCain,republican,510,1000
11/04/2008,ID,Idaho,Obama,democrat,490,1000
11/04/2008,ID,Idaho,McCain,republican,510,1000
11/04/2008,SD,Codington,Obama,democrat,420,1000
11/04/2008,SD,Codington,McCain,republican,580,1000
11/04/2008,ND,Rolette,Obama,democrat,580,1000
11/04/2008,ND,Rolette,McCain,republican,420,1000
11/04/2008,KS,Mitchell,Obama,democrat,420,1000
11/04/2008,KS,Mitchell,McCain,republican,580,1000
11/04/2008,KS,Scott,Obama,democrat,420,1000
11/04/2008,KS,Scott,McCain,republican,580,1000
11/04/2008,KS,Washington,Obama,democrat,420,1000
11/04/2008,KS,Washington,McCain,republican,580,1000
11/04/2008,LA,Concordia,Obama,democrat,470,1000
11/04/2008,LA,Concordia,McCain,republican,530,1000
11/04/2008,GA,Marion,Obama,democrat,530,1000
11/04/2008,GA,Marion,McCain,republican,470,1000
11/04/2008,LA,Iberville,Obama,democrat,580,1000
11/04/2008,LA,Iberville,McCain,republican,420,1000
11/04/2008,TX,Blanco,Obama,democrat,420,1000
11/04/2008,TX,Blanco,McCain,republican,580,1000
11/04/2008,VA,Norton,Obama,democrat,420,1000
11/04/2008,VA,Norton,McCain,republican,580,1000
11/04/2008,TX,Kimble,Obama,democrat,420,1000
11/04/2008,TX,Kimble,McCain,republican,580,1000
11/04/2008,TX,Dawson,Obama,democrat,420,1000
11/04/2008,TX,Dawson,McCain,republican,580,1000
11/04/2008,OK,Blaine,Obama,democrat,420,1000
11/04/2008,OK,Blaine,McCain,republican,580,1000
11/04/2008,KS,Barber,Obama,democrat,420,1000
11/04/2008,KS,Barber,McCain,republican,580,1000
11/04/2008,TX,Wilson,Obama,democrat,490,1000
11/04/2008,TX,Wilson,McCain,republican,510,1000
11/04/2008,WI,Rusk,Obama,democrat,510,1000
11/04/2008,WI,Rusk,McCain,republican,490,1000
11/04/2008,VA,Colonial_Heights,Obama,democrat,580,1000
11/04/2008,VA,Colonial_Heights,McCain,republican,420,1000
11/04/2008,TX,Baylor,Obama,democrat,420,1000
11/04/2008,TX,Baylor,McCain,republican,580,1000
11/04/2008,KS,Wallace,Obama,democrat,420,1000
11/04/2008,KS,Wallace,McCain,republican,580,1000
11/04/2008,KS,Seward,Obama,democrat,470,1000
11/04/2008,KS,Seward,McCain,republican,530,1000
11/04/2008,MS,Lauderdale,Obama,democrat,580,1000
11/04/2008,MS,Lauderdale,McCain,republican,420,1000
11/04/2008,MS,Perry,Obama,democrat,420,1000
11/04/2008,MS,Perry,McCain,republican,580,1000
11/04/2008,AR,Saline,Obama,democrat,580,1000
11/04/2008,AR,Saline,McCain,republican,420,1000
11/04/2008,IL,Bureau,Obama,democrat,470,1000
11/04/2008,IL,Bureau,McCain,republican,530,1000
11/04/2008,IN,Wabash,Obama,democrat,420,1000
11/04/2008,IN,Wabash,McCain,republican,580,1000
11/04/2008,MO,Carter,Obama,democrat,530,1000
11/04/2008,MO,Carter,McCain,republican,470,1000
11/04/2008,NE,McPherson,Obama,democrat,420,1000
11/04/2008,NE,McPherson,McCain,republican,580,1000
11/04/2008,MO,Macon,Obama,democrat,420,1000
11/04/2008,MO,Macon,McCain,republican,580,1000
11/04/2008,KS,Coffey,Obama,democrat,420,1000
11/04/2008,KS,Coffey,McCain,republican,580,1000
11/04/2008,VA,Salem,Obama,democrat,530,1000
11/04/2008,VA,Salem,McCain,republican,470,1000
11/04/2008,WI,Lincoln,Obama,democrat,510,1000
11/04/2008,WI,Lincoln,McCain,republican,490,1000
11/04/2008,OH,Morgan,Obama,democrat,470,1000
11/04/2008,OH,Morgan,McCain,republican,530,1000
11/04/2008,WI,Richland,Obama,democrat,580,1000
11/04/2008,WI,Richland,McCain,republican,420,1000
11/04/2008,ID,Lemhi,Obama,democrat,470,1000
11/04/2008,ID,Lemhi,McCain,republican,530,1000
11/04/2008,IA,Dickinson,Obama,democrat,420,1000
11/04/2008,IA,Dickinson,McCain,republican,580,1000
11/04/2008,MI,Sanilac,Obama,democrat,470,1000
11/04/2008,MI,Sanilac,McCain,republican,530,1000
11/04/2008,MS,Pontotoc,Obama,democrat,420,1000
11/04/2008,MS,Pontotoc,McCain,republican,580,1000
11/04/2008,NY,Suffolk,Obama,democrat,580,1000
11/04/2008,NY,Suffolk,McCain,republican,420,1000
11/04/2008,VA,Grayson,Obama,democrat,420,1000
11/04/2008,VA,Grayson,McCain,republican,580,1000
11/04/2008,CO,Elbert,Obama,democrat,510,1000
11/04/2008,CO,Elbert,McCain,republican,490,1000
11/04/2008,IN,Franklin,Obama,democrat,420,1000
11/04/2008,IN,Franklin,McCain,republican,580,1000
11/04/2008,IA,Linn,Obama,democrat,580,1000
11/04/2008,IA,Linn,McCain,republican,420,1000
11/04/2008,MI,Wexford,Obama,democrat,490,1000
11/04/2008,MI,Wexford,McCain,republican,510,1000
11/04/2008,OH,Wyandot,Obama,democrat,420,1000
11/04/2008,OH,Wyandot,McCain,republican,580,1000
11/04/2008,NE,Franklin,Obama,democrat,420,1000
11/04/2008,NE,Franklin,McCain,republican,580,1000
11/04/2008,WV,McDowell,Obama,democrat,490,1000
11/04/2008,WV,McDowell,McCain,republican,510,1000
11/04/2008,WV,Wirt,Obama,democrat,420,1000
11/04/2008,WV,Wirt,McCain,republican,580,1000
11/04/2008,WV,Upshur,Obama,democrat,470,1000
11/04/2008,WV,Upshur,McCain,republican,530,1000
11/04/2008,MS,Covington,Obama,democrat,503,1000
11/04/2008,MS,Covington,McCain,republican,497,1000
11/04/2008,CO,Alamosa,Obama,democrat,580,1000
11/04/2008,CO,Alamosa,McCain,republican,420,1000
11/04/2008,FL,Holmes,Obama,democrat,420,1000
11/04/2008,FL,Holmes,McCain,republican,580,1000
11/04/2008,GA,Dade,Obama,democrat,420,1000
11/04/2008,GA,Dade,McCain,republican,580,1000
11/04/2008,GA,Miller,Obama,democrat,420,1000
11/04/2008,GA,Miller,McCain,republican,580,1000
11/04/2008,GA,Pulaski,Obama,democrat,420,1000
11/04/2008,GA,Pulaski,McCain,republican,580,1000
11/04/2008,MS,Amite,Obama,democrat,420,1000
11/04/2008,MS,Amite,McCain,republican,580,1000
11/04/2008,SD,Faulk,Obama,democrat,420,1000
11/04/2008,SD,Faulk,McCain,republican,580,1000
11/04/2008,AL,Bibb,Obama,democrat,420,1000
11/04/2008,AL,Bibb,McCain,republican,580,1000
11/04/2008,KS,Cheyenne,Obama,democrat,420,1000
11/04/2008,KS,Cheyenne,McCain,republican,580,1000
11/04/2008,ME,York,Obama,democrat,580,1000
11/04/2008,ME,York,McCain,republican,420,1000
11/04/2008,MN,Carlton,Obama,democrat,580,1000
11/04/2008,MN,Carlton,McCain,republican,420,1000
11/04/2008,VA,Dickenson,Obama,democrat,470,1000
11/04/2008,VA,Dickenson,McCain,republican,530,1000
11/04/2008,AK,Northwest_Arctic,Obama,democrat,580,1000
11/04/2008,AK,Northwest_Arctic,McCain,republican,420,1000
11/04/2008,GA,Walton,Obama,democrat,510,1000
11/04/2008,GA,Walton,McCain,republican,490,1000
11/04/2008,IN,Greene,Obama,democrat,470,1000
11/04/2008,IN,Greene,McCain,republican,530,1000
11/04/2008,MI,Kalkaska,Obama,democrat,470,1000
11/04/2008,MI,Kalkaska,McCain,republican,530,1000
11/04/2008,NE,Buffalo,Obama,democrat,420,1000
11/04/2008,NE,Buffalo,McCain,republican,580,1000
11/04/2008,ND,Foster,Obama,democrat,470,1000
11/04/2008,ND,Foster,McCain,republican,530,1000
11/04/2008,NE,Sherman,Obama,democrat,420,1000
11/04/2008,NE,Sherman,McCain,republican,580,1000
11/04/2008,NE,Keith,Obama,democrat,420,1000
11/04/2008,NE,Keith,McCain,republican,580,1000
11/04/2008,OK,Beckham,Obama,democrat,420,1000
11/04/2008,OK,Beckham,McCain,republican,580,1000
11/04/2008,TX,Throckmorton,Obama,democrat,420,1000
11/04/2008,TX,Throckmorton,McCain,republican,580,1000
11/04/2008,CA,San_Bernardino,Obama,democrat,580,1000
11/04/2008,CA,San_Bernardino,McCain,republican,420,1000
11/04/2008,GA,Towns,Obama,democrat,420,1000
11/04/2008,GA,Towns,McCain,republican,580,1000
11/04/2008,MO,Andrew,Obama,democrat,470,1000
11/04/2008,MO,Andrew,McCain,republican,530,1000
11/04/2008,MN,Aitkin,Obama,democrat,497,1000
11/04/2008,MN,Aitkin,McCain,republican,503,1000
11/04/2008,AK,Haines,Obama,democrat,530,1000
11/04/2008,AK,Haines,McCain,republican,470,1000
11/04/2008,AK,Skagway,Obama,democrat,580,1000
11/04/2008,AK,Skagway,McCain,republican,420,1000
11/04/2008,IN,Washington,Obama,democrat,420,1000
11/04/2008,IN,Washington,McCain,republican,580,1000
11/04/2008,KS,Grant,Obama,democrat,420,1000
11/04/2008,KS,Grant,McCain,republican,580,1000
11/04/2008,KY,Marion,Obama,democrat,420,1000
11/04/2008,KY,Marion,McCain,republican,580,1000
11/04/2008,AL,Lawrence,Obama,democrat,420,1000
11/04/2008,AL,Lawrence,McCain,republican,580,1000
11/04/2008,IL,Stark,Obama,democrat,530,1000
11/04/2008,IL,Stark,McCain,republican,470,1000
11/04/2008,IN,Ripley,Obama,democrat,420,1000
11/04/2008,IN,Ripley,McCain,republican,580,1000
11/04/2008,KY,Russell,Obama,democrat,420,1000
11/04/2008,KY,Russell,McCain,republican,580,1000
11/04/2008,NE,Grant,Obama,democrat,420,1000
11/04/2008,NE,Grant,McCain,republican,580,1000
11/04/2008,PA,Venango,Obama,democrat,420,1000
11/04/2008,PA,Venango,McCain,republican,580,1000
11/04/2008,KS,Hodgeman,Obama,democrat,420,1000
11/04/2008,KS,Hodgeman,McCain,republican,580,1000
11/04/2008,TX,Crosby,Obama,democrat,420,1000
11/04/2008,TX,Crosby,McCain,republican,580,1000
11/04/2008,WI,Taylor,Obama,democrat,470,1000
11/04/2008,WI,Taylor,McCain,republican,530,1000
11/04/2008,TX,Rains,Obama,democrat,420,1000
11/04/2008,TX,Rains,McCain,republican,580,1000
11/04/2008,IA,Benton,Obama,democrat,530,1000
11/04/2008,IA,Benton,McCain,republican,470,1000
11/04/2008,AK,Valdez-Cordova,Obama,democrat,470,1000
11/04/2008,AK,Valdez-Cordova,McCain,republican,530,1000
11/04/2008,IL,Shelby,Obama,democrat,503,1000
11/04/2008,IL,Shelby,McCain,republican,497,1000
11/04/2008,IA,Story,Obama,democrat,580,1000
11/04/2008,IA,Story,McCain,republican,420,1000
11/04/2008,LA,Calcasieu,Obama,democrat,470,1000
11/04/2008,LA,Calcasieu,McCain,republican,530,1000
11/04/2008,IN,Marshall,Obama,democrat,470,1000
11/04/2008,IN,Marshall,McCain,republican,530,1000
11/04/2008,IN,Tippecanoe,Obama,democrat,580,1000
11/04/2008,IN,Tippecanoe,McCain,republican,420,1000
11/04/2008,NC,Alamance,Obama,democrat,530,1000
11/04/2008,NC,Alamance,McCain,republican,470,1000
11/04/2008,TX,Dallam,Obama,democrat,420,1000
11/04/2008,TX,Dallam,McCain,republican,580,1000
11/04/2008,MO,Moniteau,Obama,democrat,470,1000
11/04/2008,MO,Moniteau,McCain,republican,530,1000
11/04/2008,MN,Nobles,Obama,democrat,470,1000
11/04/2008,MN,Nobles,McCain,republican,530,1000
11/04/2008,OH,Champaign,Obama,democrat,420,1000
11/04/2008,OH,Champaign,McCain,republican,580,1000
11/04/2008,NM,Luna,Obama,democrat,530,1000
11/04/2008,NM,Luna,McCain,republican,470,1000
11/04/2008,AK,Wrangell,Obama,democrat,530,1000
11/04/2008,AK,Wrangell,McCain,republican,470,1000
11/04/2008,NE,Stanton,Obama,democrat,470,1000
11/04/2008,NE,Stanton,McCain,republican,530,1000
11/04/2008,AR,Garland,Obama,democrat,420,1000
11/04/2008,AR,Garland,McCain,republican,580,1000
11/04/2008,ND,Ransom,Obama,democrat,510,1000
11/04/2008,ND,Ransom,McCain,republican,490,1000
11/04/2008,IA,Decatur,Obama,democrat,420,1000
11/04/2008,IA,Decatur,McCain,republican,580,1000
11/04/2008,MI,Kalamazoo,Obama,democrat,580,1000
11/04/2008,MI,Kalamazoo,McCain,republican,420,1000
11/04/2008,IA,Floyd,Obama,democrat,580,1000
11/04/2008,IA,Floyd,McCain,republican,420,1000
11/04/2008,TX,Frio,Obama,democrat,420,1000
11/04/2008,TX,Frio,McCain,republican,580,1000
11/04/2008,TX,Coke,Obama,democrat,420,1000
11/04/2008,TX,Coke,McCain,republican,580,1000
11/04/2008,TX,Jim_Hogg,Obama,democrat,420,1000
11/04/2008,TX,Jim_Hogg,McCain,republican,580,1000
11/04/2008,KS,Sheridan,Obama,democrat,420,1000
11/04/2008,KS,Sheridan,McCain,republican,580,1000
11/04/2008,AZ,Mohave,Obama,democrat,490,1000
11/04/2008,AZ,Mohave,McCain,republican,510,1000
11/04/2008,IA,Taylor,Obama,democrat,420,1000
11/04/2008,IA,Taylor,McCain,republican,580,1000
11/04/2008,MI,Emmet,Obama,democrat,530,1000
11/04/2008,MI,Emmet,McCain,republican,470,1000
11/04/2008,ND,Burke,Obama,democrat,420,1000
11/04/2008,ND,Burke,McCain,republican,580,1000
11/04/2008,MT,Sweet_Grass,Obama,democrat,470,1000
11/04/2008,MT,Sweet_Grass,McCain,republican,530,1000
11/04/2008,ID,Minidoka,Obama,democrat,420,1000
11/04/2008,ID,Minidoka,McCain,republican,580,1000
11/04/2008,IA,Tama,Obama,democrat,530,1000
11/04/2008,IA,Tama,McCain,republican,470,1000
11/04/2008,MN,Olmsted,Obama,democrat,580,1000
11/04/2008,MN,Olmsted,McCain,republican,420,1000
11/04/2008,NC,Stokes,Obama,democrat,420,1000
11/04/2008,NC,Stokes,McCain,republican,580,1000
11/04/2008,NE,Howard,Obama,democrat,420,1000
11/04/2008,NE,Howard,McCain,republican,580,1000
11/04/2008,TX,Ochiltree,Obama,democrat,420,1000
11/04/2008,TX,Ochiltree,McCain,republican,580,1000
11/04/2008,TX,Hutchinson,Obama,democrat,420,1000
11/04/2008,TX,Hutchinson,McCain,republican,580,1000
11/04/2008,NC,Jones,Obama,democrat,470,1000
11/04/2008,NC,Jones,McCain,republican,530,1000
11/04/2008,AL,Baldwin,Obama,democrat,420,1000
11/04/2008,AL,Baldwin,McCain,republican,580,1000
11/04/2008,CA,Los_Angeles,Obama,democrat,580,1000
11/04/2008,CA,Los_Angeles,McCain,republican,420,1000
11/04/2008,AL,Butler,Obama,democrat,420,1000
11/04/2008,AL,Butler,McCain,republican,580,1000
11/04/2008,IA,Emmet,Obama,democrat,470,1000
11/04/2008,IA,Emmet,McCain,republican,530,1000
11/04/2008,MS,Neshoba,Obama,democrat,470,1000
11/04/2008,MS,Neshoba,McCain,republican,530,1000
11/04/2008,PA,Potter,Obama,democrat,420,1000
11/04/2008,PA,Potter,McCain,republican,580,1000
11/04/2008,AR,Yell,Obama,democrat,420,1000
11/04/2008,AR,Yell,McCain,republican,580,1000
11/04/2008,CO,Adams,Obama,democrat,580,1000
11/04/2008,CO,Adams,McCain,republican,420,1000
11/04/2008,KS,Edwards,Obama,democrat,420,1000
11/04/2008,KS,Edwards,McCain,republican,580,1000
11/04/2008,MI,Newaygo,Obama,democrat,530,1000
11/04/2008,MI,Newaygo,McCain,republican,470,1000
11/04/2008,NE,Garfield,Obama,democrat,420,1000
11/04/2008,NE,Garfield,McCain,republican,580,1000
11/04/2008,IA,Jones,Obama,democrat,530,1000
11/04/2008,IA,Jones,McCain,republican,470,1000
11/04/2008,IA,Audubon,Obama,democrat,420,1000
11/04/2008,IA,Audubon,McCain,republican,580,1000
11/04/2008,TX,Medina,Obama,democrat,420,1000
11/04/2008,TX,Medina,McCain,republican,580,1000
11/04/2008,TX,Deaf_Smith,Obama,democrat,420,1000
11/04/2008,TX,Deaf_Smith,McCain,republican,580,1000
11/04/2008,TX,Concho,Obama,democrat,420,1000
11/04/2008,TX,Concho,McCain,republican,580,1000
11/04/2008,ND,Renville,Obama,democrat,420,1000
11/04/2008,ND,Renville,McCain,republican,580,1000
11/04/2008,ID,Boundary,Obama,democrat,470,1000
11/04/2008,ID,Boundary,McCain,republican,530,1000
11/04/2008,IN,Benton,Obama,democrat,420,1000
11/04/2008,IN,Benton,McCain,republican,580,1000
11/04/2008,MI,Alcona,Obama,democrat,490,1000
11/04/2008,MI,Alcona,McCain,republican,510,1000
11/04/2008,NV,Humboldt,Obama,democrat,420,1000
11/04/2008,NV,Humboldt,McCain,republican,580,1000
11/04/2008,AL,Cullman,Obama,democrat,420,1000
11/04/2008,AL,Cullman,McCain,republican,580,1000
11/04/2008,IL,Jasper,Obama,democrat,420,1000
11/04/2008,IL,Jasper,McCain,republican,580,1000
11/04/2008,KS,Saline,Obama,democrat,420,1000
11/04/2008,KS,Saline,McCain,republican,580,1000
11/04/2008,MN,Lyon,Obama,democrat,470,1000
11/04/2008,MN,Lyon,McCain,republican,530,1000
11/04/2008,NY,Cortland,Obama,democrat,530,1000
11/04/2008,NY,Cortland,McCain,republican,470,1000
11/04/2008,TX,Lynn,Obama,democrat,420,1000
11/04/2008,TX,Lynn,McCain,republican,580,1000
11/04/2008,TX,Atascosa,Obama,democrat,420,1000
11/04/2008,TX,Atascosa,McCain,republican,580,1000
11/04/2008,VA,Petersburg,Obama,democrat,580,1000
11/04/2008,VA,Petersburg,McCain,republican,420,1000
11/04/2008,ND,Towner,Obama,democrat,530,1000
11/04/2008,ND,Towner,McCain,republican,470,1000
11/04/2008,TX,Somervell,Obama,democrat,420,1000
11/04/2008,TX,Somervell,McCain,republican,580,1000
11/04/2008,SD,Miner,Obama,democrat,503,1000
11/04/2008,SD,Miner,McCain,republican,497,1000
11/04/2008,CA,Riverside,Obama,democrat,580,1000
11/04/2008,CA,Riverside,McCain,republican,420,1000
11/04/2008,GA,Franklin,Obama,democrat,420,1000
11/04/2008,GA,Franklin,McCain,republican,580,1000
11/04/2008,KY,Wayne,Obama,democrat,420,1000
11/04/2008,KY,Wayne,McCain,republican,580,1000
11/04/2008,ME,Hancock,Obama,democrat,580,1000
11/04/2008,ME,Hancock,McCain,republican,420,1000
11/04/2008,MS,Jefferson_Davis,Obama,democrat,530,1000
11/04/2008,MS,Jefferson_Davis,McCain,republican,470,1000
11/04/2008,MO,Caldwell,Obama,democrat,420,1000
11/04/2008,MO,Caldwell,McCain,republican,580,1000
11/04/2008,MO,Mercer,Obama,democrat,420,1000
11/04/2008,MO,Mercer,McCain,republican,580,1000
11/04/2008,GA,Tift,Obama,democrat,420,1000
11/04/2008,GA,Tift,McCain,republican,580,1000
11/04/2008,VT,Washington,Obama,democrat,580,1000
11/04/2008,VT,Washington,McCain,republican,420,1000
11/04/2008,GA,Pierce,Obama,democrat,420,1000
11/04/2008,GA,Pierce,McCain,republican,580,1000
11/04/2008,AK,Sitka,Obama,democrat,530,1000
11/04/2008,AK,Sitka,McCain,republican,470,1000
11/04/2008,GA,Morgan,Obama,democrat,420,1000
11/04/2008,GA,Morgan,McCain,republican,580,1000
11/04/2008,KS,Rice,Obama,democrat,420,1000
11/04/2008,KS,Rice,McCain,republican,580,1000
11/04/2008,OR,Gilliam,Obama,democrat,510,1000
11/04/2008,OR,Gilliam,McCain,republican,490,1000
11/04/2008,MI,Lenawee,Obama,democrat,470,1000
11/04/2008,MI,Lenawee,McCain,republican,530,1000
11/04/2008,KS,Ellis,Obama,democrat,420,1000
11/04/2008,KS,Ellis,McCain,republican,580,1000
11/04/2008,IA,Boone,Obama,democrat,530,1000
11/04/2008,IA,Boone,McCain,republican,470,1000
11/04/2008,SD,Lyman,Obama,democrat,420,1000
11/04/2008,SD,Lyman,McCain,republican,580,1000
11/04/2008,KS,Clay,Obama,democrat,420,1000
11/04/2008,KS,Clay,McCain,republican,580,1000
11/04/2008,MN,Yellow_Medicine,Obama,democrat,470,1000
11/04/2008,MN,Yellow_Medicine,McCain,republican,530,1000
11/04/2008,NC,Gates,Obama,democrat,580,1000
11/04/2008,NC,Gates,McCain,republican,420,1000
11/04/2008,MO,Douglas,Obama,democrat,420,1000
11/04/2008,MO,Douglas,McCain,republican,580,1000
11/04/2008,WV,Braxton,Obama,democrat,470,1000
11/04/2008,WV,Braxton,McCain,republican,530,1000
11/04/2008,WA,King,Obama,democrat,580,1000
11/04/2008,WA,King,McCain,republican,420,1000
11/04/2008,MS,Calhoun,Obama,democrat,420,1000
11/04/2008,MS,Calhoun,McCain,republican,580,1000
11/04/2008,GA,Grady,Obama,democrat,470,1000
11/04/2008,GA,Grady,McCain,republican,530,1000
11/04/2008,MS,Itawamba,Obama,democrat,420,1000
11/04/2008,MS,Itawamba,McCain,republican,580,1000
11/04/2008,KS,Stevens,Obama,democrat,420,1000
11/04/2008,KS,Stevens,McCain,republican,580,1000
11/04/2008,FL,Hendry,Obama,democrat,530,1000
11/04/2008,FL,Hendry,McCain,republican,470,1000
11/04/2008,TX,Lavaca,Obama,democrat,420,1000
11/04/2008,TX,Lavaca,McCain,republican,580,1000
11/04/2008,KS,Chautauqua,Obama,democrat,420,1000
11/04/2008,KS,Chautauqua,McCain,republican,580,1000
11/04/2008,IN,Howard,Obama,democrat,490,1000
11/04/2008,IN,Howard,McCain,republican,510,1000
11/04/2008,NE,Dawson,Obama,democrat,420,1000
11/04/2008,NE,Dawson,McCain,republican,580,1000
11/04/2008,MS,Greene,Obama,democrat,420,1000
11/04/2008,MS,Greene,McCain,republican,580,1000
11/04/2008,MN,Freeborn,Obama,democrat,490,1000
11/04/2008,MN,Freeborn,McCain,republican,510,1000
11/04/2008,MN,Kanabec,Obama,democrat,470,1000
11/04/2008,MN,Kanabec,McCain,republican,530,1000
11/04/2008,IL,Hamilton,Obama,democrat,470,1000
11/04/2008,IL,Hamilton,McCain,republican,530,1000
11/04/2008,SD,Sanborn,Obama,democrat,470,1000
11/04/2008,SD,Sanborn,McCain,republican,530,1000
11/04/2008,TN,Grainger,Obama,democrat,510,1000
11/04/2008,TN,Grainger,McCain,republican,490,1000
11/04/2008,MO,Hickory,Obama,democrat,420,1000
11/04/2008,MO,Hickory,McCain,republican,580,1000
11/04/2008,WY,Albany,Obama,democrat,580,1000
11/04/2008,WY,Albany,McCain,republican,420,1000
11/04/2008,NE,Antelope,Obama,democrat,420,1000
11/04/2008,NE,Antelope,McCain,republican,580,1000
11/04/2008,WY,Platte,Obama,democrat,420,1000
11/04/2008,WY,Platte,McCain,republican,580,1000
11/04/2008,UT,Rich,Obama,democrat,420,1000
11/04/2008,UT,Rich,McCain,republican,580,1000
11/04/2008,WI,Washington,Obama,democrat,580,1000
11/04/2008,WI,Washington,McCain,republican,420,1000
11/04/2008,OR,Crook,Obama,democrat,510,1000
11/04/2008,OR,Crook,McCain,republican,490,1000
11/04/2008,GA,Jenkins,Obama,democrat,420,1000
11/04/2008,GA,Jenkins,McCain,republican,580,1000
11/04/2008,TX,Jeff_Davis,Obama,democrat,420,1000
11/04/2008,TX,Jeff_Davis,McCain,republican,580,1000
11/04/2008,GA,Spalding,Obama,democrat,580,1000
11/04/2008,GA,Spalding,McCain,republican,420,1000
11/04/2008,IA,Cherokee,Obama,democrat,420,1000
11/04/2008,IA,Cherokee,McCain,republican,580,1000
11/04/2008,GA,Bacon,Obama,democrat,420,1000
11/04/2008,GA,Bacon,McCain,republican,580,1000
11/04/2008,GA,Upson,Obama,democrat,420,1000
11/04/2008,GA,Upson,McCain,republican,580,1000
11/04/2008,OR,Sherman,Obama,democrat,530,1000
11/04/2008,OR,Sherman,McCain,republican,470,1000
11/04/2008,AK,Kodiak_Island,Obama,democrat,470,1000
11/04/2008,AK,Kodiak_Island,McCain,republican,530,1000
11/04/2008,MN,Red_Lake,Obama,democrat,490,1000
11/04/2008,MN,Red_Lake,McCain,republican,510,1000
11/04/2008,MN,Saint_Louis,Obama,democrat,580,1000
11/04/2008,MN,Saint_Louis,McCain,republican,420,1000
11/04/2008,FL,Gilchrist,Obama,democrat,470,1000
11/04/2008,FL,Gilchrist,McCain,republican,530,1000
11/04/2008,NC,Lenoir,Obama,democrat,497,1000
11/04/2008,NC,Lenoir,McCain,republican,503,1000
11/04/2008,MO,Randolph,Obama,democrat,470,1000
11/04/2008,MO,Randolph,McCain,republican,530,1000
11/04/2008,ND,Steele,Obama,democrat,530,1000
11/04/2008,ND,Steele,McCain,republican,470,1000
11/04/2008,VA,Fairfax,Obama,democrat,580,1000
11/04/2008,VA,Fairfax,McCain,republican,420,1000
11/04/2008,VA,Manassas_Park,Obama,democrat,580,1000
11/04/2008,VA,Manassas_Park,McCain,republican,420,1000
11/04/2008,VA,Winchester,Obama,democrat,530,1000
11/04/2008,VA,Winchester,McCain,republican,470,1000
11/04/2008,MO,Pulaski,Obama,democrat,420,1000
11/04/2008,MO,Pulaski,McCain,republican,580,1000
11/04/2008,IN,Newton,Obama,democrat,490,1000
11/04/2008,IN,Newton,McCain,republican,510,1000
11/04/2008,GA,Bulloch,Obama,democrat,420,1000
11/04/2008,GA,Bulloch,McCain,republican,580,1000
11/04/2008,KS,Rawlins,Obama,democrat,420,1000
11/04/2008,KS,Rawlins,McCain,republican,580,1000
11/04/2008,CO,Phillips,Obama,democrat,470,1000
11/04/2008,CO,Phillips,McCain,republican,530,1000
11/04/2008,TX,Runnels,Obama,democrat,420,1000
11/04/2008,TX,Runnels,McCain,republican,580,1000
11/04/2008,IA,Wayne,Obama,democrat,470,1000
11/04/2008,IA,Wayne,McCain,republican,530,1000
11/04/2008,TX,Terry,Obama,democrat,420,1000
11/04/2008,TX,Terry,McCain,republican,580,1000
11/04/2008,OH,Vinton,Obama,democrat,420,1000
11/04/2008,OH,Vinton,McCain,republican,580,1000
11/04/2008,CO,Arapahoe,Obama,democrat,580,1000
11/04/2008,CO,Arapahoe,McCain,republican,420,1000
11/04/2008,TX,Upton,Obama,democrat,420,1000
11/04/2008,TX,Upton,McCain,republican,580,1000
11/04/2008,TX,Callahan,Obama,democrat,420,1000
11/04/2008,TX,Callahan,McCain,republican,580,1000
11/04/2008,TX,Howard,Obama,democrat,420,1000
11/04/2008,TX,Howard,McCain,republican,580,1000
11/04/2008,TX,Upshur,Obama,democrat,420,1000
11/04/2008,TX,Upshur,McCain,republican,580,1000
11/04/2008,TX,Camp,Obama,democrat,470,1000
11/04/2008,TX,Camp,McCain,republican,530,1000
11/04/2008,TX,Walker,Obama,democrat,420,1000
11/04/2008,TX,Walker,McCain,republican,580,1000
11/04/2008,AL,Wilcox,Obama,democrat,470,1000
11/04/2008,AL,Wilcox,McCain,republican,530,1000
11/04/2008,VA,Montgomery,Obama,democrat,580,1000
11/04/2008,VA,Montgomery,McCain,republican,420,1000
11/04/2008,MS,Noxubee,Obama,democrat,470,1000
11/04/2008,MS,Noxubee,McCain,republican,530,1000
11/04/2008,CO,Sedgwick,Obama,democrat,420,1000
11/04/2008,CO,Sedgwick,McCain,republican,580,1000
11/04/2008,SD,Davison,Obama,democrat,470,1000
11/04/2008,SD,Davison,McCain,republican,530,1000
11/04/2008,KS,Hamilton,Obama,democrat,420,1000
11/04/2008,KS,Hamilton,McCain,republican,580,1000
11/04/2008,IL,Ford,Obama,democrat,420,1000
11/04/2008,IL,Ford,McCain,republican,580,1000
11/04/2008,SD,Fall_River,Obama,democrat,420,1000
11/04/2008,SD,Fall_River,McCain,republican,580,1000
11/04/2008,AK,Bristol_Bay,Obama,democrat,580,1000
11/04/2008,AK,Bristol_Bay,McCain,republican,420,1000
11/04/2008,IN,Parke,Obama,democrat,470,1000
11/04/2008,IN,Parke,McCain,republican,530,1000
11/04/2008,TX,Taylor,Obama,democrat,420,1000
11/04/2008,TX,Taylor,McCain,republican,580,1000
11/04/2008,IN,Fayette,Obama,democrat,470,1000
11/04/2008,IN,Fayette,McCain,republican,530,1000
11/04/2008,NC,Caldwell,Obama,democrat,490,1000
11/04/2008,NC,Caldwell,McCain,republican,510,1000
11/04/2008,SD,Turner,Obama,democrat,420,1000
11/04/2008,SD,Turner,McCain,republican,580,1000
11/04/2008,WI,Ozaukee,Obama,democrat,580,1000
11/04/2008,WI,Ozaukee,McCain,republican,420,1000
11/04/2008,ND,Logan,Obama,democrat,420,1000
11/04/2008,ND,Logan,McCain,republican,580,1000
11/04/2008,AR,Bradley,Obama,democrat,420,1000
11/04/2008,AR,Bradley,McCain,republican,580,1000
11/04/2008,GA,Lanier,Obama,democrat,420,1000
11/04/2008,GA,Lanier,McCain,republican,580,1000
11/04/2008,NM,Sierra,Obama,democrat,530,1000
11/04/2008,NM,Sierra,McCain,republican,470,1000
11/04/2008,CO,Lincoln,Obama,democrat,470,1000
11/04/2008,CO,Lincoln,McCain,republican,530,1000
11/04/2008,IA,Butler,Obama,democrat,530,1000
11/04/2008,IA,Butler,McCain,republican,470,1000
11/04/2008,TX,Hartley,Obama,democrat,420,1000
11/04/2008,TX,Hartley,McCain,republican,580,1000
11/04/2008,TN,Pickett,Obama,democrat,420,1000
11/04/2008,TN,Pickett,McCain,republican,580,1000
11/04/2008,SD,Douglas,Obama,democrat,420,1000
11/04/2008,SD,Douglas,McCain,republican,580,1000
11/04/2008,KS,Cloud,Obama,democrat,420,1000
11/04/2008,KS,Cloud,McCain,republican,580,1000
11/04/2008,PA,Montour,Obama,democrat,530,1000
11/04/2008,PA,Montour,McCain,republican,470,1000
11/04/2008,NE,Morrill,Obama,democrat,420,1000
11/04/2008,NE,Morrill,McCain,republican,580,1000
11/04/2008,MO,Monroe,Obama,democrat,420,1000
11/04/2008,MO,Monroe,McCain,republican,580,1000
11/04/2008,ND,LaMoure,Obama,democrat,420,1000
11/04/2008,ND,LaMoure,McCain,republican,580,1000
11/04/2008,KY,McLean,Obama,democrat,497,1000
11/04/2008,KY,McLean,McCain,republican,503,1000
11/04/2008,SD,Marshall,Obama,democrat,580,1000
11/04/2008,SD,Marshall,McCain,republican,420,1000
11/04/2008,OR,Baker,Obama,democrat,420,1000
11/04/2008,OR,Baker,McCain,republican,580,1000
11/04/2008,SD,Custer,Obama,democrat,420,1000
11/04/2008,SD,Custer,McCain,republican,580,1000
11/04/2008,TX,Live_Oak,Obama,democrat,420,1000
11/04/2008,TX,Live_Oak,McCain,republican,580,1000
11/04/2008,MI,Schoolcraft,Obama,democrat,470,1000
11/04/2008,MI,Schoolcraft,McCain,republican,530,1000
11/04/2008,IA,Madison,Obama,democrat,490,1000
11/04/2008,IA,Madison,McCain,republican,510,1000
11/04/2008,NE,Wheeler,Obama,democrat,420,1000
11/04/2008,NE,Wheeler,McCain,republican,580,1000
11/04/2008,AR,Cross,Obama,democrat,497,1000
11/04/2008,AR,Cross,McCain,republican,503,1000
11/04/2008,IA,Black_Hawk,Obama,democrat,580,1000
11/04/2008,IA,Black_Hawk,McCain,republican,420,1000
11/04/2008,TX,Lubbock,Obama,democrat,420,1000
11/04/2008,TX,Lubbock,McCain,republican,580,1000
11/04/2008,MN,Watonwan,Obama,democrat,497,1000
11/04/2008,MN,Watonwan,McCain,republican,503,1000
11/04/2008,SD,Deuel,Obama,democrat,497,1000
11/04/2008,SD,Deuel,McCain,republican,503,1000
11/04/2008,IA,Warren,Obama,democrat,497,1000
11/04/2008,IA,Warren,McCain,republican,503,1000
11/04/2008,AR,Nevada,Obama,democrat,420,1000
11/04/2008,AR,Nevada,McCain,republican,580,1000
11/04/2008,KS,Haskell,Obama,democrat,530,1000
11/04/2008,KS,Haskell,McCain,republican,470,1000
11/04/2008,MO,Gentry,Obama,democrat,420,1000
11/04/2008,MO,Gentry,McCain,republican,580,1000
11/04/2008,AR,Columbia,Obama,democrat,420,1000
11/04/2008,AR,Columbia,McCain,republican,580,1000
11/04/2008,AR,Drew,Obama,democrat,470,1000
11/04/2008,AR,Drew,McCain,republican,530,1000
11/04/2008,IN,Noble,Obama,democrat,420,1000
11/04/2008,IN,Noble,McCain,republican,580,1000
11/04/2008,TX,Gonzales,Obama,democrat,420,1000
11/04/2008,TX,Gonzales,McCain,republican,580,1000
11/04/2008,SD,Hyde,Obama,democrat,420,1000
11/04/2008,SD,Hyde,McCain,republican,580,1000
11/04/2008,NM,Torrance,Obama,democrat,510,1000
11/04/2008,NM,Torrance,McCain,republican,490,1000
11/04/2008,VA,Emporia,Obama,democrat,580,1000
11/04/2008,VA,Emporia,McCain,republican,420,1000
11/04/2008,TX,Hansford,Obama,democrat,420,1000
11/04/2008,TX,Hansford,McCain,republican,580,1000
11/04/2008,KS,Finney,Obama,democrat,510,1000
11/04/2008,KS,Finney,McCain,republican,490,1000
11/04/2008,MO,Lawrence,Obama,democrat,420,1000
11/04/2008,MO,Lawrence,McCain,republican,580,1000
11/04/2008,NM,Harding,Obama,democrat,497,1000
11/04/2008,NM,Harding,McCain,republican,503,1000
11/04/2008,TX,Collingsworth,Obama,democrat,420,1000
11/04/2008,TX,Collingsworth,McCain,republican,580,1000
11/04/2008,IL,Douglas,Obama,democrat,470,1000
11/04/2008,IL,Douglas,McCain,republican,530,1000
11/04/2008,UT,Sanpete,Obama,democrat,420,1000
11/04/2008,UT,Sanpete,McCain,republican,580,1000
11/04/2008,SC,Barnwell,Obama,democrat,510,1000
11/04/2008,SC,Barnwell,McCain,republican,490,1000
11/04/2008,SC,Lee,Obama,democrat,580,1000
11/04/2008,SC,Lee,McCain,republican,420,1000
11/04/2008,MT,Petroleum,Obama,democrat,420,1000
11/04/2008,MT,Petroleum,McCain,republican,580,1000
11/04/2008,OH,Guernsey,Obama,democrat,470,1000
11/04/2008,OH,Guernsey,McCain,republican,530,1000
11/04/2008,GA,Montgomery,Obama,democrat,420,1000
11/04/2008,GA,Montgomery,McCain,republican,580,1000
11/04/2008,WI,Oneida,Obama,democrat,530,1000
11/04/2008,WI,Oneida,McCain,republican,470,1000
11/04/2008,NE,Garden,Obama,democrat,470,1000
11/04/2008,NE,Garden,McCain,republican,530,1000
11/04/2008,ND,Sheridan,Obama,democrat,420,1000
11/04/2008,ND,Sheridan,McCain,republican,580,1000
11/04/2008,IL,Johnson,Obama,democrat,420,1000
11/04/2008,IL,Johnson,McCain,republican,580,1000
11/04/2008,TX,King,Obama,democrat,420,1000
11/04/2008,TX,King,McCain,republican,580,1000
11/04/2008,ID,Valley,Obama,democrat,530,1000
11/04/2008,ID,Valley,McCain,republican,470,1000
11/04/2008,KY,Warren,Obama,democrat,510,1000
11/04/2008,KY,Warren,McCain,republican,490,1000
11/04/2008,VA,Portsmouth,Obama,democrat,580,1000
11/04/2008,VA,Portsmouth,McCain,republican,420,1000
11/04/2008,TX,Stonewall,Obama,democrat,420,1000
11/04/2008,TX,Stonewall,McCain,republican,580,1000
11/04/2008,OK,Latimer,Obama,democrat,420,1000
11/04/2008,OK,Latimer,McCain,republican,580,1000
11/04/2008,NV,Storey,Obama,democrat,530,1000
11/04/2008,NV,Storey,McCain,republican,470,1000
11/04/2008,OK,Washita,Obama,democrat,420,1000
11/04/2008,OK,Washita,McCain,republican,580,1000
11/04/2008,IA,Van_Buren,Obama,democrat,530,1000
11/04/2008,IA,Van_Buren,McCain,republican,470,1000
11/04/2008,WI,Eau_Claire,Obama,democrat,580,1000
11/04/2008,WI,Eau_Claire,McCain,republican,420,1000
11/04/2008,AK,Southeast_Fairbanks,Obama,democrat,420,1000
11/04/2008,AK,Southeast_Fairbanks,McCain,republican,580,1000
11/04/2008,KS,Lane,Obama,democrat,420,1000
11/04/2008,KS,Lane,McCain,republican,580,1000
11/04/2008,KS,Trego,Obama,democrat,420,1000
11/04/2008,KS,Trego,McCain,republican,580,1000
11/04/2008,VA,Williamsburg,Obama,democrat,580,1000
11/04/2008,VA,Williamsburg,McCain,republican,420,1000
11/04/2008,OH,Defiance,Obama,democrat,470,1000
11/04/2008,OH,Defiance,McCain,republican,530,1000
11/04/2008,SD,McPherson,Obama,democrat,420,1000
11/04/2008,SD,McPherson,McCain,republican,580,1000
11/04/2008,NE,Dundy,Obama,democrat,420,1000
11/04/2008,NE,Dundy,McCain,republican,580,1000
11/04/2008,AR,Johnson,Obama,democrat,420,1000
11/04/2008,AR,Johnson,McCain,republican,580,1000
11/04/2008,IN,Scott,Obama,democrat,490,1000
11/04/2008,IN,Scott,McCain,republican,510,1000
11/04/2008,NE,Hall,Obama,democrat,470,1000
11/04/2008,NE,Hall,McCain,republican,530,1000
11/04/2008,MS,Alcorn,Obama,democrat,420,1000
11/04/2008,MS,Alcorn,McCain,republican,580,1000
11/04/2008,IL,Moultrie,Obama,democrat,420,1000
11/04/2008,IL,Moultrie,McCain,republican,580,1000
11/04/2008,IN,Martin,Obama,democrat,420,1000
11/04/2008,IN,Martin,McCain,republican,580,1000
11/04/2008,NE,Hayes,Obama,democrat,420,1000
11/04/2008,NE,Hayes,McCain,republican,580,1000
11/04/2008,IL,Edwards,Obama,democrat,420,1000
11/04/2008,IL,Edwards,McCain,republican,580,1000
11/04/2008,NE,Frontier,Obama,democrat,420,1000
11/04/2008,NE,Frontier,McCain,republican,580,1000
11/04/2008,KS,Decatur,Obama,democrat,420,1000
11/04/2008,KS,Decatur,McCain,republican,580,1000
11/04/2008,GA,Tattnall,Obama,democrat,420,1000
11/04/2008,GA,Tattnall,McCain,republican,580,1000
11/04/2008,KY,Boyle,Obama,democrat,420,1000
11/04/2008,KY,Boyle,McCain,republican,580,1000
11/04/2008,TX,Dimmit,Obama,democrat,420,1000
11/04/2008,TX,Dimmit,McCain,republican,580,1000
11/04/2008,KY,Pendleton,Obama,democrat,420,1000
11/04/2008,KY,Pendleton,McCain,republican,580,1000
11/04/2008,NY,Yates,Obama,democrat,497,1000
11/04/2008,NY,Yates,McCain,republican,503,1000
11/04/2008,SD,Jackson,Obama,democrat,420,1000
11/04/2008,SD,Jackson,McCain,republican,580,1000
11/04/2008,IA,Shelby,Obama,democrat,470,1000
11/04/2008,IA,Shelby,McCain,republican,530,1000
11/04/2008,PA,Forest,Obama,democrat,470,1000
11/04/2008,PA,Forest,McCain,republican,530,1000
11/04/2008,MO,Laclede,Obama,democrat,420,1000
11/04/2008,MO,Laclede,McCain,republican,580,1000
11/04/2008,MO,Ripley,Obama,democrat,510,1000
11/04/2008,MO,Ripley,McCain,republican,490,1000
11/04/2008,KY,Logan,Obama,democrat,470,1000
11/04/2008,KY,Logan,McCain,republican,530,1000
11/04/2008,IL,DeWitt,Obama,democrat,420,1000
11/04/2008,IL,DeWitt,McCain,republican,580,1000
11/04/2008,KY,Butler,Obama,democrat,470,1000
11/04/2008,KY,Butler,McCain,republican,530,1000
11/04/2008,MT,Golden_Valley,Obama,democrat,420,1000
11/04/2008,MT,Golden_Valley,McCain,republican,580,1000
11/04/2008,OH,Fayette,Obama,democrat,420,1000
11/04/2008,OH,Fayette,McCain,republican,580,1000
11/04/2008,GA,Twiggs,Obama,democrat,497,1000
11/04/2008,GA,Twiggs,McCain,republican,503,1000
11/04/2008,MT,Ravalli,Obama,democrat,420,1000
11/04/2008,MT,Ravalli,McCain,republican,580,1000
11/04/2008,MN,Mille_Lacs,Obama,democrat,420,1000
11/04/2008,MN,Mille_Lacs,McCain,republican,580,1000
11/04/2008,CO,Delta,Obama,democrat,420,1000
11/04/2008,CO,Delta,McCain,republican,580,1000
11/04/2008,IL,McDonough,Obama,democrat,530,1000
11/04/2008,IL,McDonough,McCain,republican,470,1000
11/04/2008,OH,Sandusky,Obama,democrat,530,1000
11/04/2008,OH,Sandusky,McCain,republican,470,1000
11/04/2008,TX,Borden,Obama,democrat,420,1000
11/04/2008,TX,Borden,McCain,republican,580,1000
11/04/2008,AR,Newton,Obama,democrat,470,1000
11/04/2008,AR,Newton,McCain,republican,530,1000
11/04/2008,VA,Charlottesville,Obama,democrat,580,1000
11/04/2008,VA,Charlottesville,McCain,republican,420,1000
11/04/2008,MN,Pipestone,Obama,democrat,470,1000
11/04/2008,MN,Pipestone,McCain,republican,530,1000
11/04/2008,TX,Wheeler,Obama,democrat,420,1000
11/04/2008,TX,Wheeler,McCain,republican,580,1000
11/04/2008,NE,Adams,Obama,democrat,420,1000
11/04/2008,NE,Adams,McCain,republican,580,1000
11/04/2008,MT,Lewis_and_Clark,Obama,democrat,580,1000
11/04/2008,MT,Lewis_and_Clark,McCain,republican,420,1000
11/04/2008,AK,Kenai_Peninsula,Obama,democrat,510,1000
11/04/2008,AK,Kenai_Peninsula,McCain,republican,490,1000
11/04/2008,MO,Grundy,Obama,democrat,420,1000
11/04/2008,MO,Grundy,McCain,republican,580,1000
11/04/2008,NC,Guilford,Obama,democrat,580,1000
11/04/2008,NC,Guilford,McCain,republican,420,1000
11/04/2008,IA,Cass,Obama,democrat,470,1000
11/04/2008,IA,Cass,McCain,republican,530,1000
11/04/2008,AL,Dale,Obama,democrat,420,1000
11/04/2008,AL,Dale,McCain,republican,580,1000
11/04/2008,TX,Randall,Obama,democrat,420,1000
11/04/2008,TX,Randall,McCain,republican,580,1000
11/04/2008,OH,Van_Wert,Obama,democrat,420,1000
11/04/2008,OH,Van_Wert,McCain,republican,580,1000
11/04/2008,TX,Kent,Obama,democrat,420,1000
11/04/2008,TX,Kent,McCain,republican,580,1000
11/04/2008,VA,Warren,Obama,democrat,420,1000
11/04/2008,VA,Warren,McCain,republican,580,1000
11/04/2008,MS,Winston,Obama,democrat,420,1000
11/04/2008,MS,Winston,McCain,republican,580,1000
11/04/2008,TX,Irion,Obama,democrat,420,1000
11/04/2008,TX,Irion,McCain,republican,580,1000
11/04/2008,GA,Irwin,Obama,democrat,470,1000
11/04/2008,GA,Irwin,McCain,republican,530,1000
11/04/2008,IN,Whitley,Obama,democrat,470,1000
11/04/2008,IN,Whitley,McCain,republican,530,1000
11/04/2008,SD,Moody,Obama,democrat,530,1000
11/04/2008,SD,Moody,McCain,republican,470,1000
11/04/2008,CA,Santa_Barbara,Obama,democrat,580,1000
11/04/2008,CA,Santa_Barbara,McCain,republican,420,1000
11/04/2008,TX,Eastland,Obama,democrat,420,1000
11/04/2008,TX,Eastland,McCain,republican,580,1000
11/04/2008,MN,Roseau,Obama,democrat,420,1000
11/04/2008,MN,Roseau,McCain,republican,580,1000
11/04/2008,MO,Clinton,Obama,democrat,420,1000
11/04/2008,MO,Clinton,McCain,republican,580,1000
11/04/2008,WV,Taylor,Obama,democrat,420,1000
11/04/2008,WV,Taylor,McCain,republican,580,1000
11/04/2008,MS,George,Obama,democrat,490,1000
11/04/2008,MS,George,McCain,republican,510,1000
11/04/2008,MN,Otter_Tail,Obama,democrat,470,1000
11/04/2008,MN,Otter_Tail,McCain,republican,530,1000
11/04/2008,IL,Franklin,Obama,democrat,490,1000
11/04/2008,IL,Franklin,McCain,republican,510,1000
11/04/2008,FL,Hardee,Obama,democrat,470,1000
11/04/2008,FL,Hardee,McCain,republican,530,1000
11/04/2008,IA,Webster,Obama,democrat,510,1000
11/04/2008,IA,Webster,McCain,republican,490,1000
11/04/2008,VA,Fredericksburg,Obama,democrat,580,1000
11/04/2008,VA,Fredericksburg,McCain,republican,420,1000
11/04/2008,NY,Schuyler,Obama,democrat,490,1000
11/04/2008,NY,Schuyler,McCain,republican,510,1000
11/04/2008,IL,McLean,Obama,democrat,530,1000
11/04/2008,IL,McLean,McCain,republican,470,1000
11/04/2008,NE,York,Obama,democrat,420,1000
11/04/2008,NE,York,McCain,republican,580,1000
11/04/2008,TX,San_Augustine,Obama,democrat,420,1000
11/04/2008,TX,San_Augustine,McCain,republican,580,1000
11/04/2008,TN,Franklin,Obama,democrat,470,1000
11/04/2008,TN,Franklin,McCain,republican,530,1000
11/04/2008,WY,Campbell,Obama,democrat,420,1000
11/04/2008,WY,Campbell,McCain,republican,580,1000
11/04/2008,OH,Pike,Obama,democrat,490,1000
11/04/2008,OH,Pike,McCain,republican,510,1000
11/04/2008,IA,Clarke,Obama,democrat,470,1000
11/04/2008,IA,Clarke,McCain,republican,530,1000
11/04/2008,SC,Cherokee,Obama,democrat,470,1000
11/04/2008,SC,Cherokee,McCain,republican,530,1000
11/04/2008,MN,Stevens,Obama,democrat,510,1000
11/04/2008,MN,Stevens,McCain,republican,490,1000
11/04/2008,MS,Franklin,Obama,democrat,510,1000
11/04/2008,MS,Franklin,McCain,republican,490,1000
11/04/2008,AK,Prince_of_Wales-Hyder,Obama,democrat,510,1000
11/04/2008,AK,Prince_of_Wales-Hyder,McCain,republican,490,1000
11/04/2008,CO,San_Miguel,Obama,democrat,580,1000
11/04/2008,CO,San_Miguel,McCain,republican,420,1000
11/04/2008,KY,Lewis,Obama,democrat,420,1000
11/04/2008,KY,Lewis,McCain,republican,580,1000
11/04/2008,MI,Chippewa,Obama,democrat,490,1000
11/04/2008,MI,Chippewa,McCain,republican,510,1000
11/04/2008,MI,Ontonagon,Obama,democrat,490,1000
11/04/2008,MI,Ontonagon,McCain,republican,510,1000
11/04/2008,MN,Marshall,Obama,democrat,470,1000
11/04/2008,MN,Marshall,McCain,republican,530,1000
11/04/2008,MO,Harrison,Obama,democrat,420,1000
11/04/2008,MO,Harrison,McCain,republican,580,1000
11/04/2008,MS,Newton,Obama,democrat,420,1000
11/04/2008,MS,Newton,McCain,republican,580,1000
11/04/2008,MS,Webster,Obama,democrat,420,1000
11/04/2008,MS,Webster,McCain,republican,580,1000
11/04/2008,NJ,Warren,Obama,democrat,530,1000
11/04/2008,NJ,Warren,McCain,republican,470,1000
11/04/2008,NY,Monroe,Obama,democrat,580,1000
11/04/2008,NY,Monroe,McCain,republican,420,1000
11/04/2008,OH,Hamilton,Obama,democrat,580,1000
11/04/2008,OH,Hamilton,McCain,republican,420,1000
11/04/2008,OK,Pittsburg,Obama,democrat,470,1000
11/04/2008,OK,Pittsburg,McCain,republican,530,1000
11/04/2008,GA,Ben_Hill,Obama,democrat,420,1000
11/04/2008,GA,Ben_Hill,McCain,republican,580,1000
11/04/2008,TN,Union,Obama,democrat,470,1000
11/04/2008,TN,Union,McCain,republican,530,1000
11/04/2008,KS,Russell,Obama,democrat,420,1000
11/04/2008,KS,Russell,McCain,republican,580,1000
11/04/2008,WI,Dane,Obama,democrat,580,1000
11/04/2008,WI,Dane,McCain,republican,420,1000
11/04/2008,TX,Gillespie,Obama,democrat,420,1000
11/04/2008,TX,Gillespie,McCain,republican,580,1000
11/04/2008,AZ,La_Paz,Obama,democrat,490,1000
11/04/2008,AZ,La_Paz,McCain,republican,510,1000
11/04/2008,KY,Spencer,Obama,democrat,420,1000
11/04/2008,KY,Spencer,McCain,republican,580,1000
11/04/2008,ID,Ada,Obama,democrat,580,1000
11/04/2008,ID,Ada,McCain,republican,420,1000
11/04/2008,HI,Hawaii,Obama,democrat,580,1000
11/04/2008,HI,Hawaii,McCain,republican,420,1000
11/04/2008,AR,Howard,Obama,democrat,420,1000
11/04/2008,AR,Howard,McCain,republican,580,1000
11/04/2008,VA,Cumberland,Obama,democrat,470,1000
11/04/2008,VA,Cumberland,McCain,republican,530,1000
11/04/2008,KS,Harvey,Obama,democrat,530,1000
11/04/2008,KS,Harvey,McCain,republican,470,1000
11/04/2008,TX,Donley,Obama,democrat,420,1000
11/04/2008,TX,Donley,McCain,republican,580,1000
11/04/2008,IL,Stephenson,Obama,democrat,510,1000
11/04/2008,IL,Stephenson,McCain,republican,490,1000
11/04/2008,VA,Lynchburg,Obama,democrat,530,1000
11/04/2008,VA,Lynchburg,McCain,republican,470,1000
11/04/2008,KY,Metcalfe,Obama,democrat,420,1000
11/04/2008,KY,Metcalfe,McCain,republican,580,1000
11/04/2008,OH,Hardin,Obama,democrat,420,1000
11/04/2008,OH,Hardin,McCain,republican,580,1000
11/04/2008,IL,Jefferson,Obama,democrat,470,1000
11/04/2008,IL,Jefferson,McCain,republican,530,1000
11/04/2008,IA,Monroe,Obama,democrat,510,1000
11/04/2008,IA,Monroe,McCain,republican,490,1000
11/04/2008,WV,Tyler,Obama,democrat,420,1000
11/04/2008,WV,Tyler,McCain,republican,580,1000
11/04/2008,CO,Bent,Obama,democrat,470,1000
11/04/2008,CO,Bent,McCain,republican,530,1000
11/04/2008,WI,Waushara,Obama,democrat,530,1000
11/04/2008,WI,Waushara,McCain,republican,470,1000
11/04/2008,WI,Waupaca,Obama,democrat,510,1000
11/04/2008,WI,Waupaca,McCain,republican,490,1000
11/04/2008,TX,Uvalde,Obama,democrat,470,1000
11/04/2008,TX,Uvalde,McCain,republican,530,1000
11/04/2008,MS,Walthall,Obama,democrat,470,1000
11/04/2008,MS,Walthall,McCain,republican,530,1000
11/04/2008,MO,Daviess,Obama,democrat,420,1000
11/04/2008,MO,Daviess,McCain,republican,580,1000
11/04/2008,TX,Winkler,Obama,democrat,420,1000
11/04/2008,TX,Winkler,McCain,republican,580,1000
11/04/2008,OH,Delaware,Obama,democrat,580,1000
11/04/2008,OH,Delaware,McCain,republican,420,1000
11/04/2008,SD,Hamlin,Obama,democrat,470,1000
11/04/2008,SD,Hamlin,McCain,republican,530,1000
11/04/2008,KS,Morris,Obama,democrat,510,1000
11/04/2008,KS,Morris,McCain,republican,490,1000
11/04/2008,AL,Lee,Obama,democrat,420,1000
11/04/2008,AL,Lee,McCain,republican,580,1000
11/04/2008,CA,San_Diego,Obama,democrat,580,1000
11/04/2008,CA,San_Diego,McCain,republican,420,1000
11/04/2008,FL,Levy,Obama,democrat,510,1000
11/04/2008,FL,Levy,McCain,republican,490,1000
11/04/2008,AL,Calhoun,Obama,democrat,420,1000
11/04/2008,AL,Calhoun,McCain,republican,580,1000
11/04/2008,IA,Scott,Obama,democrat,580,1000
11/04/2008,IA,Scott,McCain,republican,420,1000
11/04/2008,IA,Winneshiek,Obama,democrat,580,1000
11/04/2008,IA,Winneshiek,McCain,republican,420,1000
11/04/2008,KS,Morton,Obama,democrat,420,1000
11/04/2008,KS,Morton,McCain,republican,580,1000
11/04/2008,KY,Campbell,Obama,democrat,530,1000
11/04/2008,KY,Campbell,McCain,republican,470,1000
11/04/2008,KY,Whitley,Obama,democrat,420,1000
11/04/2008,KY,Whitley,McCain,republican,580,1000
11/04/2008,OH,Morrow,Obama,democrat,420,1000
11/04/2008,OH,Morrow,McCain,republican,580,1000
11/04/2008,OH,Darke,Obama,democrat,420,1000
11/04/2008,OH,Darke,McCain,republican,580,1000
11/04/2008,NE,Valley,Obama,democrat,420,1000
11/04/2008,NE,Valley,McCain,republican,580,1000
11/04/2008,NE,Cedar,Obama,democrat,420,1000
11/04/2008,NE,Cedar,McCain,republican,580,1000
11/04/2008,NE,Pawnee,Obama,democrat,470,1000
11/04/2008,NE,Pawnee,McCain,republican,530,1000
11/04/2008,SC,Darlington,Obama,democrat,530,1000
11/04/2008,SC,Darlington,McCain,republican,470,1000
11/04/2008,SD,Hughes,Obama,democrat,420,1000
11/04/2008,SD,Hughes,McCain,republican,580,1000
11/04/2008,MO,Livingston,Obama,democrat,420,1000
11/04/2008,MO,Livingston,McCain,republican,580,1000
11/04/2008,TX,Gregg,Obama,democrat,420,1000
11/04/2008,TX,Gregg,McCain,republican,580,1000
11/04/2008,VA,Lunenburg,Obama,democrat,510,1000
11/04/2008,VA,Lunenburg,McCain,republican,490,1000
11/04/2008,WV,Marion,Obama,democrat,530,1000
11/04/2008,WV,Marion,McCain,republican,470,1000
11/04/2008,WV,Grant,Obama,democrat,420,1000
11/04/2008,WV,Grant,McCain,republican,580,1000
11/04/2008,ND,Divide,Obama,democrat,470,1000
11/04/2008,ND,Divide,McCain,republican,530,1000
11/04/2008,TN,Moore,Obama,democrat,420,1000
11/04/2008,TN,Moore,McCain,republican,580,1000
11/04/2008,UT,Uintah,Obama,democrat,420,1000
11/04/2008,UT,Uintah,McCain,republican,580,1000
11/04/2008,NE,Furnas,Obama,democrat,420,1000
11/04/2008,NE,Furnas,McCain,republican,580,1000
11/04/2008,AL,Chambers,Obama,democrat,420,1000
11/04/2008,AL,Chambers,McCain,republican,580,1000
11/04/2008,PA,Franklin,Obama,democrat,470,1000
11/04/2008,PA,Franklin,McCain,republican,530,1000
11/04/2008,NE,Lancaster,Obama,democrat,580,1000
11/04/2008,NE,Lancaster,McCain,republican,420,1000
11/04/2008,VA,Frederick,Obama,democrat,470,1000
11/04/2008,VA,Frederick,McCain,republican,530,1000
11/04/2008,WA,Klickitat,Obama,democrat,580,1000
11/04/2008,WA,Klickitat,McCain,republican,420,1000
11/04/2008,VT,Franklin,Obama,democrat,580,1000
11/04/2008,VT,Franklin,McCain,republican,420,1000
11/04/2008,WI,Bayfield,Obama,democrat,580,1000
11/04/2008,WI,Bayfield,McCain,republican,420,1000
11/04/2008,AL,ALA,Obama,democrat,420,1000
11/04/2008,AL,ALA,McCain,republican,580,1000
11/04/2008,CA,Glenn,Obama,democrat,420,1000
11/04/2008,CA,Glenn,McCain,republican,580,1000
11/04/2008,CO,Boulder,Obama,democrat,580,1000
11/04/2008,CO,Boulder,McCain,republican,420,1000
11/04/2008,GA,DeKalb,Obama,democrat,580,1000
11/04/2008,GA,DeKalb,McCain,republican,420,1000
11/04/2008,IL,Kane,Obama,democrat,580,1000
11/04/2008,IL,Kane,McCain,republican,420,1000
11/04/2008,IL,Morgan,Obama,democrat,497,1000
11/04/2008,IL,Morgan,McCain,republican,503,1000
11/04/2008,IN,Brown,Obama,democrat,490,1000
11/04/2008,IN,Brown,McCain,republican,510,1000
11/04/2008,IN,Rush,Obama,democrat,470,1000
11/04/2008,IN,Rush,McCain,republican,530,1000
11/04/2008,IN,White,Obama,democrat,470,1000
11/04/2008,IN,White,McCain,republican,530,1000
11/04/2008,IA,Johnson,Obama,democrat,580,1000
11/04/2008,IA,Johnson,McCain,republican,420,1000
11/04/2008,KS,Lyon,Obama,democrat,530,1000
11/04/2008,KS,Lyon,McCain,republican,470,1000
11/04/2008,KY,Adair,Obama,democrat,420,1000
11/04/2008,KY,Adair,McCain,republican,580,1000
11/04/2008,LA,Allen,Obama,democrat,470,1000
11/04/2008,LA,Allen,McCain,republican,530,1000
11/04/2008,ME,Oxford,Obama,democrat,580,1000
11/04/2008,ME,Oxford,McCain,republican,420,1000
11/04/2008,MO,Camden,Obama,democrat,420,1000
11/04/2008,MO,Camden,McCain,republican,580,1000
11/04/2008,GA,Wilcox,Obama,democrat,470,1000
11/04/2008,GA,Wilcox,McCain,republican,530,1000
11/04/2008,NM,De_Baca,Obama,democrat,530,1000
11/04/2008,NM,De_Baca,McCain,republican,470,1000
11/04/2008,NC,Vance,Obama,democrat,580,1000
11/04/2008,NC,Vance,McCain,republican,420,1000
11/04/2008,NC,Franklin,Obama,democrat,580,1000
11/04/2008,NC,Franklin,McCain,republican,420,1000
11/04/2008,MT,Teton,Obama,democrat,490,1000
11/04/2008,MT,Teton,McCain,republican,510,1000
11/04/2008,MO,Barry,Obama,democrat,420,1000
11/04/2008,MO,Barry,McCain,republican,580,1000
11/04/2008,WA,Clark,Obama,democrat,580,1000
11/04/2008,WA,Clark,McCain,republican,420,1000
11/04/2008,WV,Ohio,Obama,democrat,470,1000
11/04/2008,WV,Ohio,McCain,republican,530,1000
11/04/2008,AR,Clark,Obama,democrat,470,1000
11/04/2008,AR,Clark,McCain,republican,530,1000
11/04/2008,AR,Lawrence,Obama,democrat,470,1000
11/04/2008,AR,Lawrence,McCain,republican,530,1000
11/04/2008,CA,Yuba,Obama,democrat,530,1000
11/04/2008,CA,Yuba,McCain,republican,470,1000
11/04/2008,CO,Summit,Obama,democrat,580,1000
11/04/2008,CO,Summit,McCain,republican,420,1000
11/04/2008,GA,Cobb,Obama,democrat,580,1000
11/04/2008,GA,Cobb,McCain,republican,420,1000
11/04/2008,GA,Douglas,Obama,democrat,580,1000
11/04/2008,GA,Douglas,McCain,republican,420,1000
11/04/2008,GA,Wilkes,Obama,democrat,470,1000
11/04/2008,GA,Wilkes,McCain,republican,530,1000
11/04/2008,IL,Peoria,Obama,democrat,580,1000
11/04/2008,IL,Peoria,McCain,republican,420,1000
11/04/2008,IN,Jackson,Obama,democrat,470,1000
11/04/2008,IN,Jackson,McCain,republican,530,1000
11/04/2008,KS,Rooks,Obama,democrat,420,1000
11/04/2008,KS,Rooks,McCain,republican,580,1000
11/04/2008,KS,Reno,Obama,democrat,470,1000
11/04/2008,KS,Reno,McCain,republican,530,1000
11/04/2008,KY,Barren,Obama,democrat,420,1000
11/04/2008,KY,Barren,McCain,republican,580,1000
11/04/2008,KY,Laurel,Obama,democrat,420,1000
11/04/2008,KY,Laurel,McCain,republican,580,1000
11/04/2008,AZ,Coconino,Obama,democrat,530,1000
11/04/2008,AZ,Coconino,McCain,republican,470,1000
11/04/2008,CA,Marin,Obama,democrat,580,1000
11/04/2008,CA,Marin,McCain,republican,420,1000
11/04/2008,FL,Okaloosa,Obama,democrat,420,1000
11/04/2008,FL,Okaloosa,McCain,republican,580,1000
11/04/2008,GA,Murray,Obama,democrat,510,1000
11/04/2008,GA,Murray,McCain,republican,490,1000
11/04/2008,IL,Randolph,Obama,democrat,497,1000
11/04/2008,IL,Randolph,McCain,republican,503,1000
11/04/2008,IN,Switzerland,Obama,democrat,490,1000
11/04/2008,IN,Switzerland,McCain,republican,510,1000
11/04/2008,KY,Kenton,Obama,democrat,510,1000
11/04/2008,KY,Kenton,McCain,republican,490,1000
11/04/2008,KY,Monroe,Obama,democrat,420,1000
11/04/2008,KY,Monroe,McCain,republican,580,1000
11/04/2008,LA,Caddo,Obama,democrat,580,1000
11/04/2008,LA,Caddo,McCain,republican,420,1000
11/04/2008,LA,Claiborne,Obama,democrat,420,1000
11/04/2008,LA,Claiborne,McCain,republican,580,1000
11/04/2008,MA,Berkshire,Obama,democrat,580,1000
11/04/2008,MA,Berkshire,McCain,republican,420,1000
11/04/2008,MI,Grand_Traverse,Obama,democrat,530,1000
11/04/2008,MI,Grand_Traverse,McCain,republican,470,1000
11/04/2008,NE,Nuckolls,Obama,democrat,420,1000
11/04/2008,NE,Nuckolls,McCain,republican,580,1000
11/04/2008,MO,Atchison,Obama,democrat,420,1000
11/04/2008,MO,Atchison,McCain,republican,580,1000
11/04/2008,MN,Ramsey,Obama,democrat,580,1000
11/04/2008,MN,Ramsey,McCain,republican,420,1000
11/04/2008,NC,Avery,Obama,democrat,420,1000
11/04/2008,NC,Avery,McCain,republican,580,1000
11/04/2008,PA,Wayne,Obama,democrat,510,1000
11/04/2008,PA,Wayne,McCain,republican,490,1000
11/04/2008,TN,Carter,Obama,democrat,420,1000
11/04/2008,TN,Carter,McCain,republican,580,1000
11/04/2008,TN,Hickman,Obama,democrat,420,1000
11/04/2008,TN,Hickman,McCain,republican,580,1000
11/04/2008,SD,Potter,Obama,democrat,420,1000
11/04/2008,SD,Potter,McCain,republican,580,1000
11/04/2008,TX,Shackelford,Obama,democrat,420,1000
11/04/2008,TX,Shackelford,McCain,republican,580,1000
11/04/2008,WY,Converse,Obama,democrat,420,1000
11/04/2008,WY,Converse,McCain,republican,580,1000
11/04/2008,AL,Escambia,Obama,democrat,420,1000
11/04/2008,AL,Escambia,McCain,republican,580,1000
11/04/2008,AZ,Cochise,Obama,democrat,510,1000
11/04/2008,AZ,Cochise,McCain,republican,490,1000
11/04/2008,AZ,Apache,Obama,democrat,470,1000
11/04/2008,AZ,Apache,McCain,republican,530,1000
11/04/2008,CA,San_Luis_Obispo,Obama,democrat,580,1000
11/04/2008,CA,San_Luis_Obispo,McCain,republican,420,1000
11/04/2008,ID,Oneida,Obama,democrat,420,1000
11/04/2008,ID,Oneida,McCain,republican,580,1000
11/04/2008,IN,Perry,Obama,democrat,580,1000
11/04/2008,IN,Perry,McCain,republican,420,1000
11/04/2008,IA,Harrison,Obama,democrat,420,1000
11/04/2008,IA,Harrison,McCain,republican,580,1000
11/04/2008,KY,Gallatin,Obama,democrat,470,1000
11/04/2008,KY,Gallatin,McCain,republican,530,1000
11/04/2008,MD,Kent,Obama,democrat,530,1000
11/04/2008,MD,Kent,McCain,republican,470,1000
11/04/2008,ME,Piscataquis,Obama,democrat,530,1000
11/04/2008,ME,Piscataquis,McCain,republican,470,1000
11/04/2008,MI,Luce,Obama,democrat,470,1000
11/04/2008,MI,Luce,McCain,republican,530,1000
11/04/2008,MI,Clare,Obama,democrat,510,1000
11/04/2008,MI,Clare,McCain,republican,490,1000
11/04/2008,MO,St_Clair,Obama,democrat,420,1000
11/04/2008,MO,St_Clair,McCain,republican,580,1000
11/04/2008,NE,Merrick,Obama,democrat,490,1000
11/04/2008,NE,Merrick,McCain,republican,510,1000
11/04/2008,NY,Greene,Obama,democrat,510,1000
11/04/2008,NY,Greene,McCain,republican,490,1000
11/04/2008,NC,Halifax,Obama,democrat,580,1000
11/04/2008,NC,Halifax,McCain,republican,420,1000
11/04/2008,OK,McClain,Obama,democrat,470,1000
11/04/2008,OK,McClain,McCain,republican,530,1000
11/04/2008,OK,Beaver,Obama,democrat,420,1000
11/04/2008,OK,Beaver,McCain,republican,580,1000
11/04/2008,OR,Deschutes,Obama,democrat,580,1000
11/04/2008,OR,Deschutes,McCain,republican,420,1000
11/04/2008,PA,Centre,Obama,democrat,580,1000
11/04/2008,PA,Centre,McCain,republican,420,1000
11/04/2008,SC,Kershaw,Obama,democrat,497,1000
11/04/2008,SC,Kershaw,McCain,republican,503,1000
11/04/2008,KY,Morgan,Obama,democrat,470,1000
11/04/2008,KY,Morgan,McCain,republican,530,1000
11/04/2008,TN,Johnson,Obama,democrat,420,1000
11/04/2008,TN,Johnson,McCain,republican,580,1000
11/04/2008,TX,Brewster,Obama,democrat,420,1000
11/04/2008,TX,Brewster,McCain,republican,580,1000
11/04/2008,TX,Zapata,Obama,democrat,420,1000
11/04/2008,TX,Zapata,McCain,republican,580,1000
11/04/2008,TX,Trinity,Obama,democrat,420,1000
11/04/2008,TX,Trinity,McCain,republican,580,1000
11/04/2008,UT,Carbon,Obama,democrat,420,1000
11/04/2008,UT,Carbon,McCain,republican,580,1000
11/04/2008,VA,Orange,Obama,democrat,470,1000
11/04/2008,VA,Orange,McCain,republican,530,1000
11/04/2008,WI,Adams,Obama,democrat,580,1000
11/04/2008,WI,Adams,McCain,republican,420,1000
11/04/2008,ND,McLean,Obama,democrat,420,1000
11/04/2008,ND,McLean,McCain,republican,580,1000
11/04/2008,MN,Kittson,Obama,democrat,530,1000
11/04/2008,MN,Kittson,McCain,republican,470,1000
11/04/2008,MI,Cheboygan,Obama,democrat,530,1000
11/04/2008,MI,Cheboygan,McCain,republican,470,1000
11/04/2008,MS,Washington,Obama,democrat,580,1000
11/04/2008,MS,Washington,McCain,republican,420,1000
11/04/2008,MO,Holt,Obama,democrat,420,1000
11/04/2008,MO,Holt,McCain,republican,580,1000
11/04/2008,MS,Sunflower,Obama,democrat,580,1000
11/04/2008,MS,Sunflower,McCain,republican,420,1000
11/04/2008,MT,Powder_River,Obama,democrat,420,1000
11/04/2008,MT,Powder_River,McCain,republican,580,1000
11/04/2008,MS,Marshall,Obama,democrat,490,1000
11/04/2008,MS,Marshall,McCain,republican,510,1000
11/04/2008,MS,Issaquena,Obama,democrat,530,1000
11/04/2008,MS,Issaquena,McCain,republican,470,1000
11/04/2008,MS,Benton,Obama,democrat,420,1000
11/04/2008,MS,Benton,McCain,republican,580,1000
11/04/2008,OH,Cuyahoga,Obama,democrat,580,1000
11/04/2008,OH,Cuyahoga,McCain,republican,420,1000
11/04/2008,MT,Lake,Obama,democrat,470,1000
11/04/2008,MT,Lake,McCain,republican,530,1000
11/04/2008,RI,Newport,Obama,democrat,580,1000
11/04/2008,RI,Newport,McCain,republican,420,1000
11/04/2008,MO,Clay,Obama,democrat,580,1000
11/04/2008,MO,Clay,McCain,republican,420,1000
11/04/2008,MO,Worth,Obama,democrat,470,1000
11/04/2008,MO,Worth,McCain,republican,530,1000
11/04/2008,MO,Perry,Obama,democrat,470,1000
11/04/2008,MO,Perry,McCain,republican,530,1000
11/04/2008,MO,Morgan,Obama,democrat,420,1000
11/04/2008,MO,Morgan,McCain,republican,580,1000
11/04/2008,VA,Lee,Obama,democrat,420,1000
11/04/2008,VA,Lee,McCain,republican,580,1000
11/04/2008,WA,Clallam,Obama,democrat,580,1000
11/04/2008,WA,Clallam,McCain,republican,420,1000
11/04/2008,WY,Uinta,Obama,democrat,420,1000
11/04/2008,WY,Uinta,McCain,republican,580,1000
11/04/2008,AR,Arkansas,Obama,democrat,490,1000
11/04/2008,AR,Arkansas,McCain,republican,510,1000
11/04/2008,AR,Dallas,Obama,democrat,490,1000
11/04/2008,AR,Dallas,McCain,republican,510,1000
11/04/2008,GA,Butts,Obama,democrat,420,1000
11/04/2008,GA,Butts,McCain,republican,580,1000
11/04/2008,GA,Baker,Obama,democrat,503,1000
11/04/2008,GA,Baker,McCain,republican,497,1000
11/04/2008,IL,LaSalle,Obama,democrat,530,1000
11/04/2008,IL,LaSalle,McCain,republican,470,1000
11/04/2008,IN,Kosciusko,Obama,democrat,420,1000
11/04/2008,IN,Kosciusko,McCain,republican,580,1000
11/04/2008,IN,Sullivan,Obama,democrat,503,1000
11/04/2008,IN,Sullivan,McCain,republican,497,1000
11/04/2008,KS,Riley,Obama,democrat,580,1000
11/04/2008,KS,Riley,McCain,republican,420,1000
11/04/2008,KY,Bullitt,Obama,democrat,420,1000
11/04/2008,KY,Bullitt,McCain,republican,580,1000
11/04/2008,KY,Madison,Obama,democrat,420,1000
11/04/2008,KY,Madison,McCain,republican,580,1000
11/04/2008,LA,Livingston,Obama,democrat,420,1000
11/04/2008,LA,Livingston,McCain,republican,580,1000
11/04/2008,LA,Grant,Obama,democrat,420,1000
11/04/2008,LA,Grant,McCain,republican,580,1000
11/04/2008,LA,Bienville,Obama,democrat,420,1000
11/04/2008,LA,Bienville,McCain,republican,580,1000
11/04/2008,MO,Callaway,Obama,democrat,420,1000
11/04/2008,MO,Callaway,McCain,republican,580,1000
11/04/2008,GA,Wheeler,Obama,democrat,420,1000
11/04/2008,GA,Wheeler,McCain,republican,580,1000
11/04/2008,NC,Chatham,Obama,democrat,580,1000
11/04/2008,NC,Chatham,McCain,republican,420,1000
11/04/2008,SC,Allendale,Obama,democrat,580,1000
11/04/2008,SC,Allendale,McCain,republican,420,1000
11/04/2008,MA,Suffolk,Obama,democrat,580,1000
11/04/2008,MA,Suffolk,McCain,republican,420,1000
11/04/2008,TN,Henry,Obama,democrat,420,1000
11/04/2008,TN,Henry,McCain,republican,580,1000
11/04/2008,TX,Angelina,Obama,democrat,420,1000
11/04/2008,TX,Angelina,McCain,republican,580,1000
11/04/2008,WA,Grant,Obama,democrat,530,1000
11/04/2008,WA,Grant,McCain,republican,470,1000
11/04/2008,VA,Louisa,Obama,democrat,470,1000
11/04/2008,VA,Louisa,McCain,republican,530,1000
11/04/2008,MN,Goodhue,Obama,democrat,530,1000
11/04/2008,MN,Goodhue,McCain,republican,470,1000
11/04/2008,WA,Walla_Walla,Obama,democrat,580,1000
11/04/2008,WA,Walla_Walla,McCain,republican,420,1000
11/04/2008,MO,Christian,Obama,democrat,470,1000
11/04/2008,MO,Christian,McCain,republican,530,1000
11/04/2008,IN,Crawford,Obama,democrat,490,1000
11/04/2008,IN,Crawford,McCain,republican,510,1000
11/04/2008,OK,Seminole,Obama,democrat,420,1000
11/04/2008,OK,Seminole,McCain,republican,580,1000
11/04/2008,NM,Lincoln,Obama,democrat,420,1000
11/04/2008,NM,Lincoln,McCain,republican,580,1000
11/04/2008,TN,Campbell,Obama,democrat,420,1000
11/04/2008,TN,Campbell,McCain,republican,580,1000
11/04/2008,NM,Socorro,Obama,democrat,530,1000
11/04/2008,NM,Socorro,McCain,republican,470,1000
11/04/2008,NM,Taos,Obama,democrat,580,1000
11/04/2008,NM,Taos,McCain,republican,420,1000
11/04/2008,NM,Chaves,Obama,democrat,470,1000
11/04/2008,NM,Chaves,McCain,republican,530,1000
11/04/2008,OH,Holmes,Obama,democrat,420,1000
11/04/2008,OH,Holmes,McCain,republican,580,1000
11/04/2008,OH,Jackson,Obama,democrat,420,1000
11/04/2008,OH,Jackson,McCain,republican,580,1000
11/04/2008,NC,Burke,Obama,democrat,470,1000
11/04/2008,NC,Burke,McCain,republican,530,1000
11/04/2008,SD,Pennington,Obama,democrat,420,1000
11/04/2008,SD,Pennington,McCain,republican,580,1000
11/04/2008,TX,Aransas,Obama,democrat,420,1000
11/04/2008,TX,Aransas,McCain,republican,580,1000
11/04/2008,WA,Whitman,Obama,democrat,580,1000
11/04/2008,WA,Whitman,McCain,republican,420,1000
11/04/2008,MI,Berrien,Obama,democrat,530,1000
11/04/2008,MI,Berrien,McCain,republican,470,1000
11/04/2008,GA,Lincoln,Obama,democrat,420,1000
11/04/2008,GA,Lincoln,McCain,republican,580,1000
11/04/2008,TX,Val_Verde,Obama,democrat,530,1000
11/04/2008,TX,Val_Verde,McCain,republican,470,1000
11/04/2008,NY,Onondaga,Obama,democrat,580,1000
11/04/2008,NY,Onondaga,McCain,republican,420,1000
11/04/2008,ID,Gooding,Obama,democrat,420,1000
11/04/2008,ID,Gooding,McCain,republican,580,1000
11/04/2008,KY,Clay,Obama,democrat,420,1000
11/04/2008,KY,Clay,McCain,republican,580,1000
11/04/2008,OR,Harney,Obama,democrat,420,1000
11/04/2008,OR,Harney,McCain,republican,580,1000
11/04/2008,MO,Cooper,Obama,democrat,420,1000
11/04/2008,MO,Cooper,McCain,republican,580,1000
11/04/2008,MN,Todd,Obama,democrat,470,1000
11/04/2008,MN,Todd,McCain,republican,530,1000
11/04/2008,WI,Florence,Obama,democrat,497,1000
11/04/2008,WI,Florence,McCain,republican,503,1000
11/04/2008,NY,Nassau,Obama,democrat,580,1000
11/04/2008,NY,Nassau,McCain,republican,420,1000
11/04/2008,NM,San_Miguel,Obama,democrat,580,1000
11/04/2008,NM,San_Miguel,McCain,republican,420,1000
11/04/2008,NE,Wayne,Obama,democrat,420,1000
11/04/2008,NE,Wayne,McCain,republican,580,1000
11/04/2008,OH,Lawrence,Obama,democrat,420,1000
11/04/2008,OH,Lawrence,McCain,republican,580,1000
11/04/2008,SD,Union,Obama,democrat,470,1000
11/04/2008,SD,Union,McCain,republican,530,1000
11/04/2008,SC,Beaufort,Obama,democrat,530,1000
11/04/2008,SC,Beaufort,McCain,republican,470,1000
11/04/2008,OH,Auglaize,Obama,democrat,420,1000
11/04/2008,OH,Auglaize,McCain,republican,580,1000
11/04/2008,GA,Long,Obama,democrat,420,1000
11/04/2008,GA,Long,McCain,republican,580,1000
11/04/2008,TX,Victoria,Obama,democrat,420,1000
11/04/2008,TX,Victoria,McCain,republican,580,1000
11/04/2008,OH,Clermont,Obama,democrat,470,1000
11/04/2008,OH,Clermont,McCain,republican,530,1000
11/04/2008,GA,Madison,Obama,democrat,420,1000
11/04/2008,GA,Madison,McCain,republican,580,1000
11/04/2008,GA,Muscogee,Obama,democrat,580,1000
11/04/2008,GA,Muscogee,McCain,republican,420,1000
11/04/2008,GA,Oconee,Obama,democrat,420,1000
11/04/2008,GA,Oconee,McCain,republican,580,1000
11/04/2008,AL,Fayette,Obama,democrat,420,1000
11/04/2008,AL,Fayette,McCain,republican,580,1000
11/04/2008,GA,Charlton,Obama,democrat,420,1000
11/04/2008,GA,Charlton,McCain,republican,580,1000
11/04/2008,VT,Windsor,Obama,democrat,580,1000
11/04/2008,VT,Windsor,McCain,republican,420,1000
11/04/2008,VA,Richmond_Co,Obama,democrat,497,1000
11/04/2008,VA,Richmond_Co,McCain,republican,503,1000
11/04/2008,TX,Galveston,Obama,democrat,490,1000
11/04/2008,TX,Galveston,McCain,republican,510,1000
11/04/2008,MO,Ste_Genevieve,Obama,democrat,580,1000
11/04/2008,MO,Ste_Genevieve,McCain,republican,420,1000
11/04/2008,MI,Menominee,Obama,democrat,510,1000
11/04/2008,MI,Menominee,McCain,republican,490,1000
11/04/2008,SC,Charleston,Obama,democrat,580,1000
11/04/2008,SC,Charleston,McCain,republican,420,1000
11/04/2008,TX,Austin,Obama,democrat,420,1000
11/04/2008,TX,Austin,McCain,republican,580,1000
11/04/2008,TN,Decatur,Obama,democrat,470,1000
11/04/2008,TN,Decatur,McCain,republican,530,1000
11/04/2008,SD,Butte,Obama,democrat,420,1000
11/04/2008,SD,Butte,McCain,republican,580,1000
11/04/2008,SC,Chester,Obama,democrat,490,1000
11/04/2008,SC,Chester,McCain,republican,510,1000
11/04/2008,WI,Pierce,Obama,democrat,530,1000
11/04/2008,WI,Pierce,McCain,republican,470,1000
11/04/2008,TN,Lake,Obama,democrat,470,1000
11/04/2008,TN,Lake,McCain,republican,530,1000
11/04/2008,TX,Delta,Obama,democrat,420,1000
11/04/2008,TX,Delta,McCain,republican,580,1000
11/04/2008,MT,Lincoln,Obama,democrat,490,1000
11/04/2008,MT,Lincoln,McCain,republican,510,1000
11/04/2008,TX,Fort_Bend,Obama,democrat,580,1000
11/04/2008,TX,Fort_Bend,McCain,republican,420,1000
11/04/2008,ME,Lincoln,Obama,democrat,580,1000
11/04/2008,ME,Lincoln,McCain,republican,420,1000
11/04/2008,VA,Surry,Obama,democrat,580,1000
11/04/2008,VA,Surry,McCain,republican,420,1000
11/04/2008,MO,Saline,Obama,democrat,420,1000
11/04/2008,MO,Saline,McCain,republican,580,1000
11/04/2008,NC,Caswell,Obama,democrat,490,1000
11/04/2008,NC,Caswell,McCain,republican,510,1000
11/04/2008,VA,Sussex,Obama,democrat,580,1000
11/04/2008,VA,Sussex,McCain,republican,420,1000
11/04/2008,NH,Rockingham,Obama,democrat,580,1000
11/04/2008,NH,Rockingham,McCain,republican,420,1000
11/04/2008,TN,Hamblen,Obama,democrat,420,1000
11/04/2008,TN,Hamblen,McCain,republican,580,1000
11/04/2008,TN,Hancock,Obama,democrat,420,1000
11/04/2008,TN,Hancock,McCain,republican,580,1000
11/04/2008,TN,Hawkins,Obama,democrat,420,1000
11/04/2008,TN,Hawkins,McCain,republican,580,1000
11/04/2008,SD,Hanson,Obama,democrat,420,1000
11/04/2008,SD,Hanson,McCain,republican,580,1000
11/04/2008,SD,Kingsbury,Obama,democrat,470,1000
11/04/2008,SD,Kingsbury,McCain,republican,530,1000
11/04/2008,PA,Chester,Obama,democrat,580,1000
11/04/2008,PA,Chester,McCain,republican,420,1000
11/04/2008,TX,Calhoun,Obama,democrat,420,1000
11/04/2008,TX,Calhoun,McCain,republican,580,1000
11/04/2008,VA,Northumberland,Obama,democrat,470,1000
11/04/2008,VA,Northumberland,McCain,republican,530,1000
11/04/2008,WI,Forest,Obama,democrat,470,1000
11/04/2008,WI,Forest,McCain,republican,530,1000
11/04/2008,WY,Crook,Obama,democrat,420,1000
11/04/2008,WY,Crook,McCain,republican,580,1000
11/04/2008,NE,Rock,Obama,democrat,420,1000
11/04/2008,NE,Rock,McCain,republican,580,1000
11/04/2008,TN,Anderson,Obama,democrat,420,1000
11/04/2008,TN,Anderson,McCain,republican,580,1000
11/04/2008,KY,Garrard,Obama,democrat,420,1000
11/04/2008,KY,Garrard,McCain,republican,580,1000
11/04/2008,VT,Windham,Obama,democrat,580,1000
11/04/2008,VT,Windham,McCain,republican,420,1000
11/04/2008,MD,Wicomico,Obama,democrat,510,1000
11/04/2008,MD,Wicomico,McCain,republican,490,1000
11/04/2008,ME,Sagadahoc,Obama,democrat,580,1000
11/04/2008,ME,Sagadahoc,McCain,republican,420,1000
11/04/2008,KS,Bourbon,Obama,democrat,470,1000
11/04/2008,KS,Bourbon,McCain,republican,530,1000
11/04/2008,KS,Crawford,Obama,democrat,510,1000
11/04/2008,KS,Crawford,McCain,republican,490,1000
11/04/2008,TX,Collin,Obama,democrat,530,1000
11/04/2008,TX,Collin,McCain,republican,470,1000
11/04/2008,TX,Colorado,Obama,democrat,420,1000
11/04/2008,TX,Colorado,McCain,republican,580,1000
11/04/2008,PA,Delaware,Obama,democrat,580,1000
11/04/2008,PA,Delaware,McCain,republican,420,1000
11/04/2008,SC,Dillon,Obama,democrat,530,1000
11/04/2008,SC,Dillon,McCain,republican,470,1000
11/04/2008,PA,Clarion,Obama,democrat,420,1000
11/04/2008,PA,Clarion,McCain,republican,580,1000
11/04/2008,TX,Jasper,Obama,democrat,420,1000
11/04/2008,TX,Jasper,McCain,republican,580,1000
11/04/2008,PA,Clinton,Obama,democrat,490,1000
11/04/2008,PA,Clinton,McCain,republican,510,1000
11/04/2008,MD,Harford,Obama,democrat,510,1000
11/04/2008,MD,Harford,McCain,republican,490,1000
11/04/2008,IL,Richland,Obama,democrat,420,1000
11/04/2008,IL,Richland,McCain,republican,580,1000
11/04/2008,MD,Howard,Obama,democrat,580,1000
11/04/2008,MD,Howard,McCain,republican,420,1000
11/04/2008,TN,Loudon,Obama,democrat,420,1000
11/04/2008,TN,Loudon,McCain,republican,580,1000
11/04/2008,IL,St_Clair,Obama,democrat,580,1000
11/04/2008,IL,St_Clair,McCain,republican,420,1000
11/04/2008,MA,Bristol,Obama,democrat,580,1000
11/04/2008,MA,Bristol,McCain,republican,420,1000
11/04/2008,IN,Hendricks,Obama,democrat,470,1000
11/04/2008,IN,Hendricks,McCain,republican,530,1000
11/04/2008,MD,Anne_Arundel,Obama,democrat,580,1000
11/04/2008,MD,Anne_Arundel,McCain,republican,420,1000
11/04/2008,TX,Comal,Obama,democrat,510,1000
11/04/2008,TX,Comal,McCain,republican,490,1000
11/04/2008,TX,Cooke,Obama,democrat,420,1000
11/04/2008,TX,Cooke,McCain,republican,580,1000
11/04/2008,TX,Crockett,Obama,democrat,420,1000
11/04/2008,TX,Crockett,McCain,republican,580,1000
11/04/2008,TX,Culberson,Obama,democrat,420,1000
11/04/2008,TX,Culberson,McCain,republican,580,1000
11/04/2008,KY,Hickman,Obama,democrat,470,1000
11/04/2008,KY,Hickman,McCain,republican,530,1000
11/04/2008,KY,Jackson,Obama,democrat,420,1000
11/04/2008,KY,Jackson,McCain,republican,580,1000
11/04/2008,SC,Georgetown,Obama,democrat,490,1000
11/04/2008,SC,Georgetown,McCain,republican,510,1000
11/04/2008,WA,Adams,Obama,democrat,510,1000
11/04/2008,WA,Adams,McCain,republican,490,1000
11/04/2008,NE,Kimball,Obama,democrat,420,1000
11/04/2008,NE,Kimball,McCain,republican,580,1000
11/04/2008,MT,Carbon,Obama,democrat,470,1000
11/04/2008,MT,Carbon,McCain,republican,530,1000
11/04/2008,KY,Greenup,Obama,democrat,470,1000
11/04/2008,KY,Greenup,McCain,republican,530,1000
11/04/2008,LA,Webster,Obama,democrat,420,1000
11/04/2008,LA,Webster,McCain,republican,580,1000
11/04/2008,TN,Macon,Obama,democrat,420,1000
11/04/2008,TN,Macon,McCain,republican,580,1000
11/04/2008,NC,New_Hanover,Obama,democrat,580,1000
11/04/2008,NC,New_Hanover,McCain,republican,420,1000
11/04/2008,TX,Chambers,Obama,democrat,470,1000
11/04/2008,TX,Chambers,McCain,republican,530,1000
11/04/2008,FL,Alachua,Obama,democrat,580,1000
11/04/2008,FL,Alachua,McCain,republican,420,1000
11/04/2008,GA,Worth,Obama,democrat,470,1000
11/04/2008,GA,Worth,McCain,republican,530,1000
11/04/2008,OR,Marion,Obama,democrat,580,1000
11/04/2008,OR,Marion,McCain,republican,420,1000
11/04/2008,PA,Jefferson,Obama,democrat,420,1000
11/04/2008,PA,Jefferson,McCain,republican,580,1000
11/04/2008,MI,Dickinson,Obama,democrat,490,1000
11/04/2008,MI,Dickinson,McCain,republican,510,1000
11/04/2008,MI,Eaton,Obama,democrat,580,1000
11/04/2008,MI,Eaton,McCain,republican,420,1000
11/04/2008,KY,Knox,Obama,democrat,420,1000
11/04/2008,KY,Knox,McCain,republican,580,1000
11/04/2008,MI,Hillsdale,Obama,democrat,470,1000
11/04/2008,MI,Hillsdale,McCain,republican,530,1000
11/04/2008,TX,Denton,Obama,democrat,530,1000
11/04/2008,TX,Denton,McCain,republican,470,1000
11/04/2008,IA,Washington,Obama,democrat,530,1000
11/04/2008,IA,Washington,McCain,republican,470,1000
11/04/2008,TN,Smith,Obama,democrat,470,1000
11/04/2008,TN,Smith,McCain,republican,530,1000
11/04/2008,KS,Wilson,Obama,democrat,420,1000
11/04/2008,KS,Wilson,McCain,republican,580,1000
11/04/2008,VA,Henrico,Obama,democrat,580,1000
11/04/2008,VA,Henrico,McCain,republican,420,1000
11/04/2008,RI,Kent,Obama,democrat,580,1000
11/04/2008,RI,Kent,McCain,republican,420,1000
11/04/2008,PA,Columbia,Obama,democrat,470,1000
11/04/2008,PA,Columbia,McCain,republican,530,1000
11/04/2008,TN,Lewis,Obama,democrat,470,1000
11/04/2008,TN,Lewis,McCain,republican,530,1000
11/04/2008,MN,Lincoln,Obama,democrat,420,1000
11/04/2008,MN,Lincoln,McCain,republican,580,1000
11/04/2008,TN,Madison,Obama,democrat,530,1000
11/04/2008,TN,Madison,McCain,republican,470,1000
11/04/2008,MO,Ralls,Obama,democrat,470,1000
11/04/2008,MO,Ralls,McCain,republican,530,1000
11/04/2008,NC,Anson,Obama,democrat,530,1000
11/04/2008,NC,Anson,McCain,republican,470,1000
11/04/2008,KY,Daviess,Obama,democrat,490,1000
11/04/2008,KY,Daviess,McCain,republican,510,1000
11/04/2008,UT,Washington,Obama,democrat,420,1000
11/04/2008,UT,Washington,McCain,republican,580,1000
11/04/2008,IA,Appanoose,Obama,democrat,490,1000
11/04/2008,IA,Appanoose,McCain,republican,510,1000
11/04/2008,VA,Pittsylvania,Obama,democrat,470,1000
11/04/2008,VA,Pittsylvania,McCain,republican,530,1000
11/04/2008,PA,Lackawanna,Obama,democrat,580,1000
11/04/2008,PA,Lackawanna,McCain,republican,420,1000
11/04/2008,PA,Lancaster,Obama,democrat,530,1000
11/04/2008,PA,Lancaster,McCain,republican,470,1000
11/04/2008,MO,Jefferson,Obama,democrat,530,1000
11/04/2008,MO,Jefferson,McCain,republican,470,1000
11/04/2008,MO,Washington,Obama,democrat,420,1000
11/04/2008,MO,Washington,McCain,republican,580,1000
11/04/2008,PA,Lehigh,Obama,democrat,580,1000
11/04/2008,PA,Lehigh,McCain,republican,420,1000
11/04/2008,KY,Letcher,Obama,democrat,420,1000
11/04/2008,KY,Letcher,McCain,republican,580,1000
11/04/2008,MI,Jackson,Obama,democrat,510,1000
11/04/2008,MI,Jackson,McCain,republican,490,1000
11/04/2008,KY,Lyon,Obama,democrat,420,1000
11/04/2008,KY,Lyon,McCain,republican,580,1000
11/04/2008,MN,Chippewa,Obama,democrat,490,1000
11/04/2008,MN,Chippewa,McCain,republican,510,1000
11/04/2008,KY,McCracken,Obama,democrat,420,1000
11/04/2008,KY,McCracken,McCain,republican,580,1000
11/04/2008,UT,Davis,Obama,democrat,510,1000
11/04/2008,UT,Davis,McCain,republican,490,1000
11/04/2008,VA,Albemarle,Obama,democrat,580,1000
11/04/2008,VA,Albemarle,McCain,republican,420,1000
11/04/2008,MT,Gallatin,Obama,democrat,580,1000
11/04/2008,MT,Gallatin,McCain,republican,420,1000
11/04/2008,WI,Marinette,Obama,democrat,470,1000
11/04/2008,WI,Marinette,McCain,republican,530,1000
11/04/2008,MT,Big_Horn,Obama,democrat,580,1000
11/04/2008,MT,Big_Horn,McCain,republican,420,1000
11/04/2008,CA,Amador,Obama,democrat,497,1000
11/04/2008,CA,Amador,McCain,republican,503,1000
11/04/2008,TX,Cherokee,Obama,democrat,420,1000
11/04/2008,TX,Cherokee,McCain,republican,580,1000
11/04/2008,MO,McDonald,Obama,democrat,420,1000
11/04/2008,MO,McDonald,McCain,republican,580,1000
11/04/2008,PA,Mifflin,Obama,democrat,420,1000
11/04/2008,PA,Mifflin,McCain,republican,580,1000
11/04/2008,LA,Washington,Obama,democrat,490,1000
11/04/2008,LA,Washington,McCain,republican,510,1000
11/04/2008,ND,Williams,Obama,democrat,420,1000
11/04/2008,ND,Williams,McCain,republican,580,1000
11/04/2008,NC,Cumberland,Obama,democrat,580,1000
11/04/2008,NC,Cumberland,McCain,republican,420,1000
11/04/2008,KY,Marshall,Obama,democrat,420,1000
11/04/2008,KY,Marshall,McCain,republican,580,1000
11/04/2008,MI,Kent,Obama,democrat,580,1000
11/04/2008,MI,Kent,McCain,republican,420,1000
11/04/2008,MI,Keweenaw,Obama,democrat,580,1000
11/04/2008,MI,Keweenaw,McCain,republican,420,1000
11/04/2008,MN,Houston,Obama,democrat,510,1000
11/04/2008,MN,Houston,McCain,republican,490,1000
11/04/2008,SC,Horry,Obama,democrat,470,1000
11/04/2008,SC,Horry,McCain,republican,530,1000
11/04/2008,MT,Jefferson,Obama,democrat,470,1000
11/04/2008,MT,Jefferson,McCain,republican,530,1000
11/04/2008,TN,Sevier,Obama,democrat,420,1000
11/04/2008,TN,Sevier,McCain,republican,580,1000
11/04/2008,LA,Bossier,Obama,democrat,470,1000
11/04/2008,LA,Bossier,McCain,republican,530,1000
11/04/2008,NM,Catron,Obama,democrat,470,1000
11/04/2008,NM,Catron,McCain,republican,530,1000
11/04/2008,KY,Fulton,Obama,democrat,420,1000
11/04/2008,KY,Fulton,McCain,republican,580,1000
11/04/2008,NM,San_Juan,Obama,democrat,530,1000
11/04/2008,NM,San_Juan,McCain,republican,470,1000
11/04/2008,MD,Caroline,Obama,democrat,470,1000
11/04/2008,MD,Caroline,McCain,republican,530,1000
11/04/2008,MO,Marion,Obama,democrat,420,1000
11/04/2008,MO,Marion,McCain,republican,580,1000
11/04/2008,TN,McMinn,Obama,democrat,470,1000
11/04/2008,TN,McMinn,McCain,republican,530,1000
11/04/2008,VA,Prince_George,Obama,democrat,470,1000
11/04/2008,VA,Prince_George,McCain,republican,530,1000
11/04/2008,LA,Lafayette,Obama,democrat,420,1000
11/04/2008,LA,Lafayette,McCain,republican,580,1000
11/04/2008,PA,Northampton,Obama,democrat,580,1000
11/04/2008,PA,Northampton,McCain,republican,420,1000
11/04/2008,UT,Salt_Lake,Obama,democrat,580,1000
11/04/2008,UT,Salt_Lake,McCain,republican,420,1000
11/04/2008,MI,Mason,Obama,democrat,470,1000
11/04/2008,MI,Mason,McCain,republican,530,1000
11/04/2008,WV,Roane,Obama,democrat,420,1000
11/04/2008,WV,Roane,McCain,republican,580,1000
11/04/2008,WV,Summers,Obama,democrat,420,1000
11/04/2008,WV,Summers,McCain,republican,580,1000
11/04/2008,NC,Wilkes,Obama,democrat,470,1000
11/04/2008,NC,Wilkes,McCain,republican,530,1000
11/04/2008,WI,Dodge,Obama,democrat,490,1000
11/04/2008,WI,Dodge,McCain,republican,510,1000
11/04/2008,TX,Tarrant,Obama,democrat,580,1000
11/04/2008,TX,Tarrant,McCain,republican,420,1000
11/04/2008,MT,Meagher,Obama,democrat,470,1000
11/04/2008,MT,Meagher,McCain,republican,530,1000
11/04/2008,AR,Miller,Obama,democrat,530,1000
11/04/2008,AR,Miller,McCain,republican,470,1000
11/04/2008,TN,Washington,Obama,democrat,420,1000
11/04/2008,TN,Washington,McCain,republican,580,1000
11/04/2008,ID,Payette,Obama,democrat,420,1000
11/04/2008,ID,Payette,McCain,republican,580,1000
11/04/2008,IL,Macon,Obama,democrat,510,1000
11/04/2008,IL,Macon,McCain,republican,490,1000
11/04/2008,LA,Red_River,Obama,democrat,470,1000
11/04/2008,LA,Red_River,McCain,republican,530,1000
11/04/2008,NC,Edgecombe,Obama,democrat,580,1000
11/04/2008,NC,Edgecombe,McCain,republican,420,1000
11/04/2008,MD,Cecil,Obama,democrat,420,1000
11/04/2008,MD,Cecil,McCain,republican,580,1000
11/04/2008,IL,Madison,Obama,democrat,530,1000
11/04/2008,IL,Madison,McCain,republican,470,1000
11/04/2008,LA,Union,Obama,democrat,420,1000
11/04/2008,LA,Union,McCain,republican,580,1000
11/04/2008,NC,Yancey,Obama,democrat,470,1000
11/04/2008,NC,Yancey,McCain,republican,530,1000
11/04/2008,NY,Bronx,Obama,democrat,580,1000
11/04/2008,NY,Bronx,McCain,republican,420,1000
11/04/2008,ME,Washington,Obama,democrat,580,1000
11/04/2008,ME,Washington,McCain,republican,420,1000
11/04/2008,TX,Briscoe,Obama,democrat,420,1000
11/04/2008,TX,Briscoe,McCain,republican,580,1000
11/04/2008,WI,Green_Lake,Obama,democrat,497,1000
11/04/2008,WI,Green_Lake,McCain,republican,503,1000
11/04/2008,MN,Dodge,Obama,democrat,497,1000
11/04/2008,MN,Dodge,McCain,republican,503,1000
11/04/2008,MI,Muskegon,Obama,democrat,580,1000
11/04/2008,MI,Muskegon,McCain,republican,420,1000
11/04/2008,KY,Owsley,Obama,democrat,420,1000
11/04/2008,KY,Owsley,McCain,republican,580,1000
11/04/2008,MI,Oceana,Obama,democrat,490,1000
11/04/2008,MI,Oceana,McCain,republican,510,1000
11/04/2008,NC,Moore,Obama,democrat,490,1000
11/04/2008,NC,Moore,McCain,republican,510,1000
11/04/2008,TN,Sumner,Obama,democrat,470,1000
11/04/2008,TN,Sumner,McCain,republican,530,1000
11/04/2008,KY,Todd,Obama,democrat,420,1000
11/04/2008,KY,Todd,McCain,republican,580,1000
11/04/2008,KY,Trigg,Obama,democrat,420,1000
11/04/2008,KY,Trigg,McCain,republican,580,1000
11/04/2008,TN,Wayne,Obama,democrat,420,1000
11/04/2008,TN,Wayne,McCain,republican,580,1000
11/04/2008,TN,Weakley,Obama,democrat,420,1000
11/04/2008,TN,Weakley,McCain,republican,580,1000
11/04/2008,TX,Brooks,Obama,democrat,420,1000
11/04/2008,TX,Brooks,McCain,republican,580,1000
11/04/2008,TN,Williamson,Obama,democrat,530,1000
11/04/2008,TN,Williamson,McCain,republican,470,1000
11/04/2008,WY,Johnson,Obama,democrat,420,1000
11/04/2008,WY,Johnson,McCain,republican,580,1000
11/04/2008,WI,Polk,Obama,democrat,470,1000
11/04/2008,WI,Polk,McCain,republican,530,1000
11/04/2008,TN,Meigs,Obama,democrat,470,1000
11/04/2008,TN,Meigs,McCain,republican,530,1000
11/04/2008,IL,Massac,Obama,democrat,420,1000
11/04/2008,IL,Massac,McCain,republican,580,1000
11/04/2008,MD,Dorchester,Obama,democrat,580,1000
11/04/2008,MD,Dorchester,McCain,republican,420,1000
11/04/2008,CA,Santa_Clara,Obama,democrat,580,1000
11/04/2008,CA,Santa_Clara,McCain,republican,420,1000
11/04/2008,NY,Clinton,Obama,democrat,580,1000
11/04/2008,NY,Clinton,McCain,republican,420,1000
11/04/2008,PA,Dauphin,Obama,democrat,580,1000
11/04/2008,PA,Dauphin,McCain,republican,420,1000
11/04/2008,MT,Granite,Obama,democrat,490,1000
11/04/2008,MT,Granite,McCain,republican,510,1000
11/04/2008,MI,Van_Buren,Obama,democrat,580,1000
11/04/2008,MI,Van_Buren,McCain,republican,420,1000
11/04/2008,IL,Edgar,Obama,democrat,470,1000
11/04/2008,IL,Edgar,McCain,republican,530,1000
11/04/2008,IL,Hancock,Obama,democrat,510,1000
11/04/2008,IL,Hancock,McCain,republican,490,1000
11/04/2008,MN,Big_Stone,Obama,democrat,530,1000
11/04/2008,MN,Big_Stone,McCain,republican,470,1000
11/04/2008,CA,Calaveras,Obama,democrat,490,1000
11/04/2008,CA,Calaveras,McCain,republican,510,1000
11/04/2008,SC,Orangeburg,Obama,democrat,580,1000
11/04/2008,SC,Orangeburg,McCain,republican,420,1000
11/04/2008,WY,Teton,Obama,democrat,420,1000
11/04/2008,WY,Teton,McCain,republican,580,1000
11/04/2008,SC,Pickens,Obama,democrat,490,1000
11/04/2008,SC,Pickens,McCain,republican,510,1000
11/04/2008,NC,Pitt,Obama,democrat,530,1000
11/04/2008,NC,Pitt,McCain,republican,470,1000
11/04/2008,TN,Overton,Obama,democrat,497,1000
11/04/2008,TN,Overton,McCain,republican,503,1000
11/04/2008,MD,Talbot,Obama,democrat,530,1000
11/04/2008,MD,Talbot,McCain,republican,470,1000
11/04/2008,TN,Polk,Obama,democrat,420,1000
11/04/2008,TN,Polk,McCain,republican,580,1000
11/04/2008,NC,Rowan,Obama,democrat,470,1000
11/04/2008,NC,Rowan,McCain,republican,530,1000
11/04/2008,KY,Anderson,Obama,democrat,420,1000
11/04/2008,KY,Anderson,McCain,republican,580,1000
11/04/2008,NM,Dona_Ana,Obama,democrat,580,1000
11/04/2008,NM,Dona_Ana,McCain,republican,420,1000
11/04/2008,NJ,Mercer,Obama,democrat,580,1000
11/04/2008,NJ,Mercer,McCain,republican,420,1000
11/04/2008,ND,McIntosh,Obama,democrat,420,1000
11/04/2008,ND,McIntosh,McCain,republican,580,1000
11/04/2008,NM,Grant,Obama,democrat,580,1000
11/04/2008,NM,Grant,McCain,republican,420,1000
11/04/2008,KY,Bell,Obama,democrat,420,1000
11/04/2008,KY,Bell,McCain,republican,580,1000
11/04/2008,NC,Davidson,Obama,democrat,470,1000
11/04/2008,NC,Davidson,McCain,republican,530,1000
11/04/2008,ME,Cumberland,Obama,democrat,580,1000
11/04/2008,ME,Cumberland,McCain,republican,420,1000
11/04/2008,MN,Brown,Obama,democrat,470,1000
11/04/2008,MN,Brown,McCain,republican,530,1000
11/04/2008,SC,Richland,Obama,democrat,580,1000
11/04/2008,SC,Richland,McCain,republican,420,1000
11/04/2008,VA,Fluvanna,Obama,democrat,530,1000
11/04/2008,VA,Fluvanna,McCain,republican,470,1000
11/04/2008,SC,Union,Obama,democrat,420,1000
11/04/2008,SC,Union,McCain,republican,580,1000
11/04/2008,WY,Sheridan,Obama,democrat,420,1000
11/04/2008,WY,Sheridan,McCain,republican,580,1000
11/04/2008,VA,Henry,Obama,democrat,420,1000
11/04/2008,VA,Henry,McCain,republican,580,1000
11/04/2008,KY,Boone,Obama,democrat,497,1000
11/04/2008,KY,Boone,McCain,republican,503,1000
11/04/2008,MS,Lee,Obama,democrat,420,1000
11/04/2008,MS,Lee,McCain,republican,580,1000
11/04/2008,IN,Wayne,Obama,democrat,470,1000
11/04/2008,IN,Wayne,McCain,republican,530,1000
11/04/2008,IL,Lawrence,Obama,democrat,420,1000
11/04/2008,IL,Lawrence,McCain,republican,580,1000
11/04/2008,LA,Vernon,Obama,democrat,420,1000
11/04/2008,LA,Vernon,McCain,republican,580,1000
11/04/2008,NE,Lincoln,Obama,democrat,470,1000
11/04/2008,NE,Lincoln,McCain,republican,530,1000
11/04/2008,MI,Charlevoix,Obama,democrat,530,1000
11/04/2008,MI,Charlevoix,McCain,republican,470,1000
11/04/2008,WI,Lafayette,Obama,democrat,530,1000
11/04/2008,WI,Lafayette,McCain,republican,470,1000
11/04/2008,NY,Kings,Obama,democrat,580,1000
11/04/2008,NY,Kings,McCain,republican,420,1000
11/04/2008,VA,Scott,Obama,democrat,420,1000
11/04/2008,VA,Scott,McCain,republican,580,1000
11/04/2008,OH,Henry,Obama,democrat,490,1000
11/04/2008,OH,Henry,McCain,republican,510,1000
11/04/2008,KY,Boyd,Obama,democrat,470,1000
11/04/2008,KY,Boyd,McCain,republican,530,1000
11/04/2008,OK,Garfield,Obama,democrat,420,1000
11/04/2008,OK,Garfield,McCain,republican,580,1000
11/04/2008,OK,Kingfisher,Obama,democrat,420,1000
11/04/2008,OK,Kingfisher,McCain,republican,580,1000
11/04/2008,OK,Noble,Obama,democrat,420,1000
11/04/2008,OK,Noble,McCain,republican,580,1000
11/04/2008,KY,Breckinridge,Obama,democrat,420,1000
11/04/2008,KY,Breckinridge,McCain,republican,580,1000
11/04/2008,OR,Morrow,Obama,democrat,503,1000
11/04/2008,OR,Morrow,McCain,republican,497,1000
11/04/2008,PA,Blair,Obama,democrat,420,1000
11/04/2008,PA,Blair,McCain,republican,580,1000
11/04/2008,WA,Asotin,Obama,democrat,580,1000
11/04/2008,WA,Asotin,McCain,republican,420,1000
11/04/2008,OR,Washington,Obama,democrat,580,1000
11/04/2008,OR,Washington,McCain,republican,420,1000
11/04/2008,WI,Waukesha,Obama,democrat,580,1000
11/04/2008,WI,Waukesha,McCain,republican,420,1000
11/04/2008,SC,Williamsburg,Obama,democrat,580,1000
11/04/2008,SC,Williamsburg,McCain,republican,420,1000
11/04/2008,MO,Butler,Obama,democrat,420,1000
11/04/2008,MO,Butler,McCain,republican,580,1000
11/04/2008,ID,Bonner,Obama,democrat,490,1000
11/04/2008,ID,Bonner,McCain,republican,510,1000
11/04/2008,IL,Alexander,Obama,democrat,580,1000
11/04/2008,IL,Alexander,McCain,republican,420,1000
11/04/2008,IN,Gibson,Obama,democrat,470,1000
11/04/2008,IN,Gibson,McCain,republican,530,1000
11/04/2008,OK,Texas,Obama,democrat,420,1000
11/04/2008,OK,Texas,McCain,republican,580,1000
11/04/2008,MO,New_Madrid,Obama,democrat,490,1000
11/04/2008,MO,New_Madrid,McCain,republican,510,1000
11/04/2008,NC,Buncombe,Obama,democrat,580,1000
11/04/2008,NC,Buncombe,McCain,republican,420,1000
11/04/2008,TX,Fannin,Obama,democrat,420,1000
11/04/2008,TX,Fannin,McCain,republican,580,1000
11/04/2008,SD,Lincoln,Obama,democrat,470,1000
11/04/2008,SD,Lincoln,McCain,republican,530,1000
11/04/2008,TN,Obion,Obama,democrat,420,1000
11/04/2008,TN,Obion,McCain,republican,580,1000
11/04/2008,KY,Ballard,Obama,democrat,420,1000
11/04/2008,KY,Ballard,McCain,republican,580,1000
11/04/2008,TX,Burnet,Obama,democrat,420,1000
11/04/2008,TX,Burnet,McCain,republican,580,1000
11/04/2008,OR,Lane,Obama,democrat,580,1000
11/04/2008,OR,Lane,McCain,republican,420,1000
11/04/2008,MA,Hampden,Obama,democrat,580,1000
11/04/2008,MA,Hampden,McCain,republican,420,1000
11/04/2008,MO,Carroll,Obama,democrat,420,1000
11/04/2008,MO,Carroll,McCain,republican,580,1000
11/04/2008,VA,Mecklenburg,Obama,democrat,490,1000
11/04/2008,VA,Mecklenburg,McCain,republican,510,1000
11/04/2008,WI,Kewaunee,Obama,democrat,510,1000
11/04/2008,WI,Kewaunee,McCain,republican,490,1000
11/04/2008,TN,Coffee,Obama,democrat,420,1000
11/04/2008,TN,Coffee,McCain,republican,580,1000
11/04/2008,IA,Jasper,Obama,democrat,530,1000
11/04/2008,IA,Jasper,McCain,republican,470,1000
11/04/2008,ID,Camas,Obama,democrat,420,1000
11/04/2008,ID,Camas,McCain,republican,580,1000
11/04/2008,WI,Winnebago,Obama,democrat,530,1000
11/04/2008,WI,Winnebago,McCain,republican,470,1000
11/04/2008,IN,Warren,Obama,democrat,470,1000
11/04/2008,IN,Warren,McCain,republican,530,1000
11/04/2008,LA,Beauregard,Obama,democrat,420,1000
11/04/2008,LA,Beauregard,McCain,republican,580,1000
11/04/2008,MD,St_Mary_s,Obama,democrat,470,1000
11/04/2008,MD,St_Mary_s,McCain,republican,530,1000
11/04/2008,MS,Prentiss,Obama,democrat,420,1000
11/04/2008,MS,Prentiss,McCain,republican,580,1000
11/04/2008,MS,Tallahatchie,Obama,democrat,580,1000
11/04/2008,MS,Tallahatchie,McCain,republican,420,1000
11/04/2008,NJ,Burlington,Obama,democrat,580,1000
11/04/2008,NJ,Burlington,McCain,republican,420,1000
11/04/2008,MT,Phillips,Obama,democrat,530,1000
11/04/2008,MT,Phillips,McCain,republican,470,1000
11/04/2008,VT,Addison,Obama,democrat,580,1000
11/04/2008,VT,Addison,McCain,republican,420,1000
11/04/2008,VT,Bennington,Obama,democrat,580,1000
11/04/2008,VT,Bennington,McCain,republican,420,1000
11/04/2008,VA,Norfolk,Obama,democrat,580,1000
11/04/2008,VA,Norfolk,McCain,republican,420,1000
11/04/2008,NC,Northampton,Obama,democrat,580,1000
11/04/2008,NC,Northampton,McCain,republican,420,1000
11/04/2008,OR,Tillamook,Obama,democrat,580,1000
11/04/2008,OR,Tillamook,McCain,republican,420,1000
11/04/2008,MT,Custer,Obama,democrat,420,1000
11/04/2008,MT,Custer,McCain,republican,580,1000
11/04/2008,MT,Silver_Bow,Obama,democrat,580,1000
11/04/2008,MT,Silver_Bow,McCain,republican,420,1000
11/04/2008,IL,Cass,Obama,democrat,470,1000
11/04/2008,IL,Cass,McCain,republican,530,1000
11/04/2008,IA,Calhoun,Obama,democrat,470,1000
11/04/2008,IA,Calhoun,McCain,republican,530,1000
11/04/2008,KS,Barton,Obama,democrat,420,1000
11/04/2008,KS,Barton,McCain,republican,580,1000
11/04/2008,KS,Wabaunsee,Obama,democrat,470,1000
11/04/2008,KS,Wabaunsee,McCain,republican,530,1000
11/04/2008,LA,Acadia,Obama,democrat,420,1000
11/04/2008,LA,Acadia,McCain,republican,580,1000
11/04/2008,MI,Ingham,Obama,democrat,580,1000
11/04/2008,MI,Ingham,McCain,republican,420,1000
11/04/2008,GA,Monroe,Obama,democrat,420,1000
11/04/2008,GA,Monroe,McCain,republican,580,1000
11/04/2008,NY,Orleans,Obama,democrat,470,1000
11/04/2008,NY,Orleans,McCain,republican,530,1000
11/04/2008,NC,Stanly,Obama,democrat,420,1000
11/04/2008,NC,Stanly,McCain,republican,580,1000
11/04/2008,NY,Allegany,Obama,democrat,420,1000
11/04/2008,NY,Allegany,McCain,republican,580,1000
11/04/2008,IL,Vermilion,Obama,democrat,503,1000
11/04/2008,IL,Vermilion,McCain,republican,497,1000
11/04/2008,IL,Jackson,Obama,democrat,580,1000
11/04/2008,IL,Jackson,McCain,republican,420,1000
11/04/2008,KY,Meade,Obama,democrat,420,1000
11/04/2008,KY,Meade,McCain,republican,580,1000
11/04/2008,KY,Oldham,Obama,democrat,470,1000
11/04/2008,KY,Oldham,McCain,republican,530,1000
11/04/2008,WA,Pacific,Obama,democrat,580,1000
11/04/2008,WA,Pacific,McCain,republican,420,1000
11/04/2008,WI,Grant,Obama,democrat,580,1000
11/04/2008,WI,Grant,McCain,republican,420,1000
11/04/2008,AR,Conway,Obama,democrat,470,1000
11/04/2008,AR,Conway,McCain,republican,530,1000
11/04/2008,IL,Jersey,Obama,democrat,470,1000
11/04/2008,IL,Jersey,McCain,republican,530,1000
11/04/2008,UT,Kane,Obama,democrat,420,1000
11/04/2008,UT,Kane,McCain,republican,580,1000
11/04/2008,VA,Wise,Obama,democrat,420,1000
11/04/2008,VA,Wise,McCain,republican,580,1000
11/04/2008,NM,Colfax,Obama,democrat,580,1000
11/04/2008,NM,Colfax,McCain,republican,420,1000
11/04/2008,NC,Catawba,Obama,democrat,420,1000
11/04/2008,NC,Catawba,McCain,republican,580,1000
11/04/2008,OH,Clark,Obama,democrat,510,1000
11/04/2008,OH,Clark,McCain,republican,490,1000
11/04/2008,NE,Custer,Obama,democrat,420,1000
11/04/2008,NE,Custer,McCain,republican,580,1000
11/04/2008,PA,Luzerne,Obama,democrat,530,1000
11/04/2008,PA,Luzerne,McCain,republican,470,1000
11/04/2008,PA,Juniata,Obama,democrat,470,1000
11/04/2008,PA,Juniata,McCain,republican,530,1000
11/04/2008,PA,Schuylkill,Obama,democrat,510,1000
11/04/2008,PA,Schuylkill,McCain,republican,490,1000
11/04/2008,TN,Roane,Obama,democrat,470,1000
11/04/2008,TN,Roane,McCain,republican,530,1000
11/04/2008,KY,Rockcastle,Obama,democrat,420,1000
11/04/2008,KY,Rockcastle,McCain,republican,580,1000
11/04/2008,MD,Calvert,Obama,democrat,510,1000
11/04/2008,MD,Calvert,McCain,republican,490,1000
11/04/2008,MD,Carroll,Obama,democrat,420,1000
11/04/2008,MD,Carroll,McCain,republican,580,1000
11/04/2008,MA,Worcester,Obama,democrat,580,1000
11/04/2008,MA,Worcester,McCain,republican,420,1000
11/04/2008,KY,Pike,Obama,democrat,470,1000
11/04/2008,KY,Pike,McCain,republican,530,1000
11/04/2008,LA,DeSoto,Obama,democrat,420,1000
11/04/2008,LA,DeSoto,McCain,republican,580,1000
11/04/2008,MD,Worcester,Obama,democrat,470,1000
11/04/2008,MD,Worcester,McCain,republican,530,1000
11/04/2008,MI,Antrim,Obama,democrat,503,1000
11/04/2008,MI,Antrim,McCain,republican,497,1000
11/04/2008,WV,Berkeley,Obama,democrat,510,1000
11/04/2008,WV,Berkeley,McCain,republican,490,1000
11/04/2008,AR,Hot_Spring,Obama,democrat,420,1000
11/04/2008,AR,Hot_Spring,McCain,republican,580,1000
11/04/2008,GA,Paulding,Obama,democrat,530,1000
11/04/2008,GA,Paulding,McCain,republican,470,1000
11/04/2008,IL,Champaign,Obama,democrat,580,1000
11/04/2008,IL,Champaign,McCain,republican,420,1000
11/04/2008,IL,Woodford,Obama,democrat,470,1000
11/04/2008,IL,Woodford,McCain,republican,530,1000
11/04/2008,IL,Macoupin,Obama,democrat,510,1000
11/04/2008,IL,Macoupin,McCain,republican,490,1000
11/04/2008,IL,Perry,Obama,democrat,490,1000
11/04/2008,IL,Perry,McCain,republican,510,1000
11/04/2008,IA,Hancock,Obama,democrat,530,1000
11/04/2008,IA,Hancock,McCain,republican,470,1000
11/04/2008,TN,Sequatchie,Obama,democrat,420,1000
11/04/2008,TN,Sequatchie,McCain,republican,580,1000
11/04/2008,TX,Liberty,Obama,democrat,420,1000
11/04/2008,TX,Liberty,McCain,republican,580,1000
11/04/2008,TX,Duval,Obama,democrat,510,1000
11/04/2008,TX,Duval,McCain,republican,490,1000
11/04/2008,TX,Garza,Obama,democrat,420,1000
11/04/2008,TX,Garza,McCain,republican,580,1000
11/04/2008,TX,Bee,Obama,democrat,420,1000
11/04/2008,TX,Bee,McCain,republican,580,1000
11/04/2008,UT,Weber,Obama,democrat,470,1000
11/04/2008,UT,Weber,McCain,republican,530,1000
11/04/2008,VA,Prince_Edward,Obama,democrat,530,1000
11/04/2008,VA,Prince_Edward,McCain,republican,470,1000
11/04/2008,WI,Outagamie,Obama,democrat,530,1000
11/04/2008,WI,Outagamie,McCain,republican,470,1000
11/04/2008,WI,Portage,Obama,democrat,580,1000
11/04/2008,WI,Portage,McCain,republican,420,1000
11/04/2008,MN,Wilkin,Obama,democrat,490,1000
11/04/2008,MN,Wilkin,McCain,republican,510,1000
11/04/2008,MS,Simpson,Obama,democrat,420,1000
11/04/2008,MS,Simpson,McCain,republican,580,1000
11/04/2008,MS,Attala,Obama,democrat,470,1000
11/04/2008,MS,Attala,McCain,republican,530,1000
11/04/2008,MS,Leake,Obama,democrat,420,1000
11/04/2008,MS,Leake,McCain,republican,580,1000
11/04/2008,MS,Monroe,Obama,democrat,420,1000
11/04/2008,MS,Monroe,McCain,republican,580,1000
11/04/2008,MS,Copiah,Obama,democrat,420,1000
11/04/2008,MS,Copiah,McCain,republican,580,1000
11/04/2008,MN,Cass,Obama,democrat,470,1000
11/04/2008,MN,Cass,McCain,republican,530,1000
11/04/2008,NE,Cass,Obama,democrat,470,1000
11/04/2008,NE,Cass,McCain,republican,530,1000
11/04/2008,MN,Carver,Obama,democrat,530,1000
11/04/2008,MN,Carver,McCain,republican,470,1000
11/04/2008,NC,Union,Obama,democrat,530,1000
11/04/2008,NC,Union,McCain,republican,470,1000
11/04/2008,KY,Grayson,Obama,democrat,420,1000
11/04/2008,KY,Grayson,McCain,republican,580,1000
11/04/2008,KY,Fayette,Obama,democrat,580,1000
11/04/2008,KY,Fayette,McCain,republican,420,1000
11/04/2008,MI,Lapeer,Obama,democrat,470,1000
11/04/2008,MI,Lapeer,McCain,republican,530,1000
11/04/2008,MO,Audrain,Obama,democrat,420,1000
11/04/2008,MO,Audrain,McCain,republican,580,1000
11/04/2008,GA,Greene,Obama,democrat,470,1000
11/04/2008,GA,Greene,McCain,republican,530,1000
11/04/2008,NY,Seneca,Obama,democrat,530,1000
11/04/2008,NY,Seneca,McCain,republican,470,1000
11/04/2008,NC,Wake,Obama,democrat,580,1000
11/04/2008,NC,Wake,McCain,republican,420,1000
11/04/2008,OH,Coshocton,Obama,democrat,470,1000
11/04/2008,OH,Coshocton,McCain,republican,530,1000
11/04/2008,CA,San_Benito,Obama,democrat,580,1000
11/04/2008,CA,San_Benito,McCain,republican,420,1000
11/04/2008,FL,Marion,Obama,democrat,530,1000
11/04/2008,FL,Marion,McCain,republican,470,1000
11/04/2008,GA,Gilmer,Obama,democrat,420,1000
11/04/2008,GA,Gilmer,McCain,republican,580,1000
11/04/2008,ID,Lewis,Obama,democrat,470,1000
11/04/2008,ID,Lewis,McCain,republican,530,1000
11/04/2008,IL,Lee,Obama,democrat,530,1000
11/04/2008,IL,Lee,McCain,republican,470,1000
11/04/2008,IL,Clark,Obama,democrat,420,1000
11/04/2008,IL,Clark,McCain,republican,580,1000
11/04/2008,NJ,Camden,Obama,democrat,580,1000
11/04/2008,NJ,Camden,McCain,republican,420,1000
11/04/2008,NC,Haywood,Obama,democrat,470,1000
11/04/2008,NC,Haywood,McCain,republican,530,1000
11/04/2008,PA,Philadelphia,Obama,democrat,580,1000
11/04/2008,PA,Philadelphia,McCain,republican,420,1000
11/04/2008,NV,Lander,Obama,democrat,470,1000
11/04/2008,NV,Lander,McCain,republican,530,1000
11/04/2008,OK,Choctaw,Obama,democrat,420,1000
11/04/2008,OK,Choctaw,McCain,republican,580,1000
11/04/2008,PA,Tioga,Obama,democrat,490,1000
11/04/2008,PA,Tioga,McCain,republican,510,1000
11/04/2008,NM,Cibola,Obama,democrat,580,1000
11/04/2008,NM,Cibola,McCain,republican,420,1000
11/04/2008,VA,Poquoson,Obama,democrat,470,1000
11/04/2008,VA,Poquoson,McCain,republican,530,1000
11/04/2008,OK,Payne,Obama,democrat,503,1000
11/04/2008,OK,Payne,McCain,republican,497,1000
11/04/2008,PA,Cumberland,Obama,democrat,530,1000
11/04/2008,PA,Cumberland,McCain,republican,470,1000
11/04/2008,PA,Cambria,Obama,democrat,503,1000
11/04/2008,PA,Cambria,McCain,republican,497,1000
11/04/2008,TN,Carroll,Obama,democrat,420,1000
11/04/2008,TN,Carroll,McCain,republican,580,1000
11/04/2008,TX,Bastrop,Obama,democrat,530,1000
11/04/2008,TX,Bastrop,McCain,republican,470,1000
11/04/2008,TX,Mitchell,Obama,democrat,420,1000
11/04/2008,TX,Mitchell,McCain,republican,580,1000
11/04/2008,TX,Anderson,Obama,democrat,420,1000
11/04/2008,TX,Anderson,McCain,republican,580,1000
11/04/2008,VA,Manassas,Obama,democrat,580,1000
11/04/2008,VA,Manassas,McCain,republican,420,1000
11/04/2008,IN,Pike,Obama,democrat,470,1000
11/04/2008,IN,Pike,McCain,republican,530,1000
11/04/2008,CO,Gilpin,Obama,democrat,580,1000
11/04/2008,CO,Gilpin,McCain,republican,420,1000
11/04/2008,KY,Taylor,Obama,democrat,420,1000
11/04/2008,KY,Taylor,McCain,republican,580,1000
11/04/2008,KY,Hart,Obama,democrat,420,1000
11/04/2008,KY,Hart,McCain,republican,580,1000
11/04/2008,LA,Evangeline,Obama,democrat,420,1000
11/04/2008,LA,Evangeline,McCain,republican,580,1000
11/04/2008,LA,Jefferson_Davis,Obama,democrat,510,1000
11/04/2008,LA,Jefferson_Davis,McCain,republican,490,1000
11/04/2008,GA,Putnam,Obama,democrat,420,1000
11/04/2008,GA,Putnam,McCain,republican,580,1000
11/04/2008,GA,Banks,Obama,democrat,420,1000
11/04/2008,GA,Banks,McCain,republican,580,1000
11/04/2008,MT,Yellowstone,Obama,democrat,490,1000
11/04/2008,MT,Yellowstone,McCain,republican,510,1000
11/04/2008,MO,Dunklin,Obama,democrat,420,1000
11/04/2008,MO,Dunklin,McCain,republican,580,1000
11/04/2008,TX,Bowie,Obama,democrat,510,1000
11/04/2008,TX,Bowie,McCain,republican,490,1000
11/04/2008,VA,Bristol,Obama,democrat,420,1000
11/04/2008,VA,Bristol,McCain,republican,580,1000
11/04/2008,WV,Brooke,Obama,democrat,510,1000
11/04/2008,WV,Brooke,McCain,republican,490,1000
11/04/2008,CA,Kern,Obama,democrat,530,1000
11/04/2008,CA,Kern,McCain,republican,470,1000
11/04/2008,CO,Clear_Creek,Obama,democrat,580,1000
11/04/2008,CO,Clear_Creek,McCain,republican,420,1000
11/04/2008,GA,Jackson,Obama,democrat,420,1000
11/04/2008,GA,Jackson,McCain,republican,580,1000
11/04/2008,GA,Gordon,Obama,democrat,420,1000
11/04/2008,GA,Gordon,McCain,republican,580,1000
11/04/2008,IL,Logan,Obama,democrat,510,1000
11/04/2008,IL,Logan,McCain,republican,490,1000
11/04/2008,IN,Jennings,Obama,democrat,470,1000
11/04/2008,IN,Jennings,McCain,republican,530,1000
11/04/2008,VA,Shenandoah,Obama,democrat,420,1000
11/04/2008,VA,Shenandoah,McCain,republican,580,1000
11/04/2008,WI,Fond_du_Lac,Obama,democrat,530,1000
11/04/2008,WI,Fond_du_Lac,McCain,republican,470,1000
11/04/2008,GA,Treutlen,Obama,democrat,420,1000
11/04/2008,GA,Treutlen,McCain,republican,580,1000
11/04/2008,NC,Wilson,Obama,democrat,580,1000
11/04/2008,NC,Wilson,McCain,republican,420,1000
11/04/2008,OH,Butler,Obama,democrat,420,1000
11/04/2008,OH,Butler,McCain,republican,580,1000
11/04/2008,OH,Marion,Obama,democrat,420,1000
11/04/2008,OH,Marion,McCain,republican,580,1000
11/04/2008,NE,Nance,Obama,democrat,420,1000
11/04/2008,NE,Nance,McCain,republican,580,1000
11/04/2008,PA,Westmoreland,Obama,democrat,530,1000
11/04/2008,PA,Westmoreland,McCain,republican,470,1000
11/04/2008,AL,Etowah,Obama,democrat,420,1000
11/04/2008,AL,Etowah,McCain,republican,580,1000
11/04/2008,WY,Laramie,Obama,democrat,490,1000
11/04/2008,WY,Laramie,McCain,republican,510,1000
11/04/2008,AL,Blount,Obama,democrat,420,1000
11/04/2008,AL,Blount,McCain,republican,580,1000
11/04/2008,AR,Montgomery,Obama,democrat,420,1000
11/04/2008,AR,Montgomery,McCain,republican,580,1000
11/04/2008,CO,Lake,Obama,democrat,580,1000
11/04/2008,CO,Lake,McCain,republican,420,1000
11/04/2008,IL,Mercer,Obama,democrat,530,1000
11/04/2008,IL,Mercer,McCain,republican,470,1000
11/04/2008,IA,Palo_Alto,Obama,democrat,510,1000
11/04/2008,IA,Palo_Alto,McCain,republican,490,1000
11/04/2008,IA,Fayette,Obama,democrat,580,1000
11/04/2008,IA,Fayette,McCain,republican,420,1000
11/04/2008,IN,Johnson,Obama,democrat,420,1000
11/04/2008,IN,Johnson,McCain,republican,580,1000
11/04/2008,KY,Carter,Obama,democrat,420,1000
11/04/2008,KY,Carter,McCain,republican,580,1000
11/04/2008,KY,Casey,Obama,democrat,420,1000
11/04/2008,KY,Casey,McCain,republican,580,1000
11/04/2008,LA,East_Baton_Rouge,Obama,democrat,580,1000
11/04/2008,LA,East_Baton_Rouge,McCain,republican,420,1000
11/04/2008,MO,Madison,Obama,democrat,420,1000
11/04/2008,MO,Madison,McCain,republican,580,1000
11/04/2008,GA,Dooly,Obama,democrat,510,1000
11/04/2008,GA,Dooly,McCain,republican,490,1000
11/04/2008,MO,Gasconade,Obama,democrat,420,1000
11/04/2008,MO,Gasconade,McCain,republican,580,1000
11/04/2008,MO,Wayne,Obama,democrat,420,1000
11/04/2008,MO,Wayne,McCain,republican,580,1000
11/04/2008,SD,Jones,Obama,democrat,420,1000
11/04/2008,SD,Jones,McCain,republican,580,1000
11/04/2008,TX,Hudspeth,Obama,democrat,420,1000
11/04/2008,TX,Hudspeth,McCain,republican,580,1000
11/04/2008,TX,Edwards,Obama,democrat,420,1000
11/04/2008,TX,Edwards,McCain,republican,580,1000
11/04/2008,TX,Floyd,Obama,democrat,420,1000
11/04/2008,TX,Floyd,McCain,republican,580,1000
11/04/2008,TN,Maury,Obama,democrat,420,1000
11/04/2008,TN,Maury,McCain,republican,580,1000
11/04/2008,TN,Houston,Obama,democrat,470,1000
11/04/2008,TN,Houston,McCain,republican,530,1000
11/04/2008,TX,Parker,Obama,democrat,420,1000
11/04/2008,TX,Parker,McCain,republican,580,1000
11/04/2008,KY,Menifee,Obama,democrat,420,1000
11/04/2008,KY,Menifee,McCain,republican,580,1000
11/04/2008,TX,Jones,Obama,democrat,420,1000
11/04/2008,TX,Jones,McCain,republican,580,1000
11/04/2008,UT,Wayne,Obama,democrat,420,1000
11/04/2008,UT,Wayne,McCain,republican,580,1000
11/04/2008,IA,Keokuk,Obama,democrat,470,1000
11/04/2008,IA,Keokuk,McCain,republican,530,1000
11/04/2008,KY,Harrison,Obama,democrat,420,1000
11/04/2008,KY,Harrison,McCain,republican,580,1000
11/04/2008,KY,Woodford,Obama,democrat,530,1000
11/04/2008,KY,Woodford,McCain,republican,470,1000
11/04/2008,KY,Mercer,Obama,democrat,420,1000
11/04/2008,KY,Mercer,McCain,republican,580,1000
11/04/2008,MN,Rice,Obama,democrat,490,1000
11/04/2008,MN,Rice,McCain,republican,510,1000
11/04/2008,NM,Quay,Obama,democrat,420,1000
11/04/2008,NM,Quay,McCain,republican,580,1000
11/04/2008,NM,Hidalgo,Obama,democrat,580,1000
11/04/2008,NM,Hidalgo,McCain,republican,420,1000
11/04/2008,NY,Montgomery,Obama,democrat,530,1000
11/04/2008,NY,Montgomery,McCain,republican,470,1000
11/04/2008,NY,Genesee,Obama,democrat,470,1000
11/04/2008,NY,Genesee,McCain,republican,530,1000
11/04/2008,ID,Power,Obama,democrat,420,1000
11/04/2008,ID,Power,McCain,republican,580,1000
11/04/2008,OH,Licking,Obama,democrat,510,1000
11/04/2008,OH,Licking,McCain,republican,490,1000
11/04/2008,OK,Woods,Obama,democrat,420,1000
11/04/2008,OK,Woods,McCain,republican,580,1000
11/04/2008,OK,Pontotoc,Obama,democrat,420,1000
11/04/2008,OK,Pontotoc,McCain,republican,580,1000
11/04/2008,PA,Union,Obama,democrat,420,1000
11/04/2008,PA,Union,McCain,republican,580,1000
11/04/2008,SC,Lexington,Obama,democrat,470,1000
11/04/2008,SC,Lexington,McCain,republican,530,1000
11/04/2008,TN,Warren,Obama,democrat,470,1000
11/04/2008,TN,Warren,McCain,republican,530,1000
11/04/2008,VA,Rappahannock,Obama,democrat,490,1000
11/04/2008,VA,Rappahannock,McCain,republican,510,1000
11/04/2008,NE,Thomas,Obama,democrat,420,1000
11/04/2008,NE,Thomas,McCain,republican,580,1000
11/04/2008,TX,Sterling,Obama,democrat,420,1000
11/04/2008,TX,Sterling,McCain,republican,580,1000
11/04/2008,AL,Cherokee,Obama,democrat,420,1000
11/04/2008,AL,Cherokee,McCain,republican,580,1000
11/04/2008,AL,Washington,Obama,democrat,420,1000
11/04/2008,AL,Washington,McCain,republican,580,1000
11/04/2008,CA,Sonoma,Obama,democrat,580,1000
11/04/2008,CA,Sonoma,McCain,republican,420,1000
11/04/2008,WV,Greenbrier,Obama,democrat,420,1000
11/04/2008,WV,Greenbrier,McCain,republican,580,1000
11/04/2008,OK,Kiowa,Obama,democrat,470,1000
11/04/2008,OK,Kiowa,McCain,republican,530,1000
11/04/2008,TN,Van_Buren,Obama,democrat,420,1000
11/04/2008,TN,Van_Buren,McCain,republican,580,1000
11/04/2008,NC,Madison,Obama,democrat,470,1000
11/04/2008,NC,Madison,McCain,republican,530,1000
11/04/2008,OH,Logan,Obama,democrat,420,1000
11/04/2008,OH,Logan,McCain,republican,580,1000
11/04/2008,OH,Richland,Obama,democrat,470,1000
11/04/2008,OH,Richland,McCain,republican,530,1000
11/04/2008,OK,Canadian,Obama,democrat,470,1000
11/04/2008,OK,Canadian,McCain,republican,530,1000
11/04/2008,TN,Jefferson,Obama,democrat,420,1000
11/04/2008,TN,Jefferson,McCain,republican,580,1000
11/04/2008,TN,White,Obama,democrat,490,1000
11/04/2008,TN,White,McCain,republican,510,1000
11/04/2008,TN,Marshall,Obama,democrat,420,1000
11/04/2008,TN,Marshall,McCain,republican,580,1000
11/04/2008,TX,Kaufman,Obama,democrat,490,1000
11/04/2008,TX,Kaufman,McCain,republican,510,1000
11/04/2008,WV,Lincoln,Obama,democrat,420,1000
11/04/2008,WV,Lincoln,McCain,republican,580,1000
11/04/2008,WI,Vernon,Obama,democrat,580,1000
11/04/2008,WI,Vernon,McCain,republican,420,1000
11/04/2008,CA,Monterey,Obama,democrat,580,1000
11/04/2008,CA,Monterey,McCain,republican,420,1000
11/04/2008,FL,Duval,Obama,democrat,580,1000
11/04/2008,FL,Duval,McCain,republican,420,1000
11/04/2008,VA,Highland,Obama,democrat,420,1000
11/04/2008,VA,Highland,McCain,republican,580,1000
11/04/2008,NE,Keya_Paha,Obama,democrat,420,1000
11/04/2008,NE,Keya_Paha,McCain,republican,580,1000
11/04/2008,AL,DeKalb,Obama,democrat,420,1000
11/04/2008,AL,DeKalb,McCain,republican,580,1000
11/04/2008,AL,Jackson,Obama,democrat,420,1000
11/04/2008,AL,Jackson,McCain,republican,580,1000
11/04/2008,AZ,Navajo,Obama,democrat,470,1000
11/04/2008,AZ,Navajo,McCain,republican,530,1000
11/04/2008,OR,Josephine,Obama,democrat,490,1000
11/04/2008,OR,Josephine,McCain,republican,510,1000
11/04/2008,SC,Marion,Obama,democrat,580,1000
11/04/2008,SC,Marion,McCain,republican,420,1000
11/04/2008,TN,Stewart,Obama,democrat,470,1000
11/04/2008,TN,Stewart,McCain,republican,530,1000
11/04/2008,TX,Wood,Obama,democrat,420,1000
11/04/2008,TX,Wood,McCain,republican,580,1000
11/04/2008,TX,Willacy,Obama,democrat,530,1000
11/04/2008,TX,Willacy,McCain,republican,470,1000
11/04/2008,SD,Roberts,Obama,democrat,580,1000
11/04/2008,SD,Roberts,McCain,republican,420,1000
11/04/2008,TN,Clay,Obama,democrat,470,1000
11/04/2008,TN,Clay,McCain,republican,530,1000
11/04/2008,TX,Sabine,Obama,democrat,420,1000
11/04/2008,TX,Sabine,McCain,republican,580,1000
11/04/2008,VA,Halifax,Obama,democrat,497,1000
11/04/2008,VA,Halifax,McCain,republican,503,1000
11/04/2008,GA,McIntosh,Obama,democrat,420,1000
11/04/2008,GA,McIntosh,McCain,republican,580,1000
11/04/2008,ID,Bear_Lake,Obama,democrat,420,1000
11/04/2008,ID,Bear_Lake,McCain,republican,580,1000
11/04/2008,IA,Clinton,Obama,democrat,580,1000
11/04/2008,IA,Clinton,McCain,republican,420,1000
11/04/2008,IA,Page,Obama,democrat,470,1000
11/04/2008,IA,Page,McCain,republican,530,1000
11/04/2008,KS,Linn,Obama,democrat,420,1000
11/04/2008,KS,Linn,McCain,republican,580,1000
11/04/2008,KY,Crittenden,Obama,democrat,420,1000
11/04/2008,KY,Crittenden,McCain,republican,580,1000
11/04/2008,FL,Jefferson,Obama,democrat,420,1000
11/04/2008,FL,Jefferson,McCain,republican,580,1000
11/04/2008,GA,Brooks,Obama,democrat,420,1000
11/04/2008,GA,Brooks,McCain,republican,580,1000
11/04/2008,GA,Gwinnett,Obama,democrat,580,1000
11/04/2008,GA,Gwinnett,McCain,republican,420,1000
11/04/2008,TX,Wharton,Obama,democrat,420,1000
11/04/2008,TX,Wharton,McCain,republican,580,1000
11/04/2008,VA,Brunswick,Obama,democrat,580,1000
11/04/2008,VA,Brunswick,McCain,republican,420,1000
11/04/2008,WV,Logan,Obama,democrat,470,1000
11/04/2008,WV,Logan,McCain,republican,530,1000
11/04/2008,WI,Trempealeau,Obama,democrat,580,1000
11/04/2008,WI,Trempealeau,McCain,republican,420,1000
11/04/2008,ND,Adams,Obama,democrat,420,1000
11/04/2008,ND,Adams,McCain,republican,580,1000
11/04/2008,TN,Henderson,Obama,democrat,420,1000
11/04/2008,TN,Henderson,McCain,republican,580,1000
11/04/2008,VA,New_Kent,Obama,democrat,420,1000
11/04/2008,VA,New_Kent,McCain,republican,580,1000
11/04/2008,NE,Deuel,Obama,democrat,420,1000
11/04/2008,NE,Deuel,McCain,republican,580,1000
11/04/2008,AL,Choctaw,Obama,democrat,420,1000
11/04/2008,AL,Choctaw,McCain,republican,580,1000
11/04/2008,AR,Boone,Obama,democrat,420,1000
11/04/2008,AR,Boone,McCain,republican,580,1000
11/04/2008,CA,Contra_Costa,Obama,democrat,580,1000
11/04/2008,CA,Contra_Costa,McCain,republican,420,1000
11/04/2008,LA,Morehouse,Obama,democrat,420,1000
11/04/2008,LA,Morehouse,McCain,republican,580,1000
11/04/2008,ME,Waldo,Obama,democrat,580,1000
11/04/2008,ME,Waldo,McCain,republican,420,1000
11/04/2008,MI,Macomb,Obama,democrat,580,1000
11/04/2008,MI,Macomb,McCain,republican,420,1000
11/04/2008,MT,Mineral,Obama,democrat,470,1000
11/04/2008,MT,Mineral,McCain,republican,530,1000
11/04/2008,OK,Creek,Obama,democrat,420,1000
11/04/2008,OK,Creek,McCain,republican,580,1000
11/04/2008,OK,Custer,Obama,democrat,420,1000
11/04/2008,OK,Custer,McCain,republican,580,1000
11/04/2008,KS,Pratt,Obama,democrat,420,1000
11/04/2008,KS,Pratt,McCain,republican,580,1000
11/04/2008,SC,Laurens,Obama,democrat,470,1000
11/04/2008,SC,Laurens,McCain,republican,530,1000
11/04/2008,TN,Cheatham,Obama,democrat,530,1000
11/04/2008,TN,Cheatham,McCain,republican,470,1000
11/04/2008,TX,Clay,Obama,democrat,420,1000
11/04/2008,TX,Clay,McCain,republican,580,1000
11/04/2008,VA,King_and_Queen,Obama,democrat,530,1000
11/04/2008,VA,King_and_Queen,McCain,republican,470,1000
11/04/2008,NE,Harlan,Obama,democrat,420,1000
11/04/2008,NE,Harlan,McCain,republican,580,1000
11/04/2008,NE,Blaine,Obama,democrat,420,1000
11/04/2008,NE,Blaine,McCain,republican,580,1000
11/04/2008,AZ,Greenlee,Obama,democrat,490,1000
11/04/2008,AZ,Greenlee,McCain,republican,510,1000
11/04/2008,CA,Imperial,Obama,democrat,580,1000
11/04/2008,CA,Imperial,McCain,republican,420,1000
11/04/2008,FL,St_Johns,Obama,democrat,470,1000
11/04/2008,FL,St_Johns,McCain,republican,530,1000
11/04/2008,GA,Carroll,Obama,democrat,420,1000
11/04/2008,GA,Carroll,McCain,republican,580,1000
11/04/2008,MS,Adams,Obama,democrat,530,1000
11/04/2008,MS,Adams,McCain,republican,470,1000
11/04/2008,MN,Scott,Obama,democrat,580,1000
11/04/2008,MN,Scott,McCain,republican,420,1000
11/04/2008,NE,Douglas,Obama,democrat,580,1000
11/04/2008,NE,Douglas,McCain,republican,420,1000
11/04/2008,TX,Milam,Obama,democrat,420,1000
11/04/2008,TX,Milam,McCain,republican,580,1000
11/04/2008,LA,LaSalle,Obama,democrat,420,1000
11/04/2008,LA,LaSalle,McCain,republican,580,1000
11/04/2008,TX,Young,Obama,democrat,420,1000
11/04/2008,TX,Young,McCain,republican,580,1000
11/04/2008,VA,Bedford,Obama,democrat,420,1000
11/04/2008,VA,Bedford,McCain,republican,580,1000
11/04/2008,WV,Harrison,Obama,democrat,420,1000
11/04/2008,WV,Harrison,McCain,republican,580,1000
11/04/2008,WI,Walworth,Obama,democrat,490,1000
11/04/2008,WI,Walworth,McCain,republican,510,1000
11/04/2008,WY,Washakie,Obama,democrat,420,1000
11/04/2008,WY,Washakie,McCain,republican,580,1000
11/04/2008,AR,Mississippi,Obama,democrat,530,1000
11/04/2008,AR,Mississippi,McCain,republican,470,1000
11/04/2008,AR,Clay,Obama,democrat,470,1000
11/04/2008,AR,Clay,McCain,republican,530,1000
11/04/2008,CA,Orange,Obama,democrat,580,1000
11/04/2008,CA,Orange,McCain,republican,420,1000
11/04/2008,IN,Posey,Obama,democrat,470,1000
11/04/2008,IN,Posey,McCain,republican,530,1000
11/04/2008,IN,Jay,Obama,democrat,420,1000
11/04/2008,IN,Jay,McCain,republican,580,1000
11/04/2008,IA,Mitchell,Obama,democrat,530,1000
11/04/2008,IA,Mitchell,McCain,republican,470,1000
11/04/2008,KS,Smith,Obama,democrat,420,1000
11/04/2008,KS,Smith,McCain,republican,580,1000
11/04/2008,NH,Cheshire,Obama,democrat,580,1000
11/04/2008,NH,Cheshire,McCain,republican,420,1000
11/04/2008,OH,Erie,Obama,democrat,530,1000
11/04/2008,OH,Erie,McCain,republican,470,1000
11/04/2008,OR,Columbia,Obama,democrat,580,1000
11/04/2008,OR,Columbia,McCain,republican,420,1000
11/04/2008,PA,Washington,Obama,democrat,497,1000
11/04/2008,PA,Washington,McCain,republican,503,1000
11/04/2008,NY,Chenango,Obama,democrat,530,1000
11/04/2008,NY,Chenango,McCain,republican,470,1000
11/04/2008,PA,Perry,Obama,democrat,470,1000
11/04/2008,PA,Perry,McCain,republican,530,1000
11/04/2008,SD,Tripp,Obama,democrat,420,1000
11/04/2008,SD,Tripp,McCain,republican,580,1000
11/04/2008,VA,Charlotte,Obama,democrat,420,1000
11/04/2008,VA,Charlotte,McCain,republican,580,1000
11/04/2008,NE,Gosper,Obama,democrat,420,1000
11/04/2008,NE,Gosper,McCain,republican,580,1000
11/04/2008,FL,Miami-Dade,Obama,democrat,580,1000
11/04/2008,FL,Miami-Dade,McCain,republican,420,1000
11/04/2008,FL,Gulf,Obama,democrat,470,1000
11/04/2008,FL,Gulf,McCain,republican,530,1000
11/04/2008,FL,Dixie,Obama,democrat,490,1000
11/04/2008,FL,Dixie,McCain,republican,510,1000
11/04/2008,MA,Essex,Obama,democrat,580,1000
11/04/2008,MA,Essex,McCain,republican,420,1000
11/04/2008,MI,Alger,Obama,democrat,530,1000
11/04/2008,MI,Alger,McCain,republican,470,1000
11/04/2008,PA,Bedford,Obama,democrat,420,1000
11/04/2008,PA,Bedford,McCain,republican,580,1000
11/04/2008,SD,Clay,Obama,democrat,580,1000
11/04/2008,SD,Clay,McCain,republican,420,1000
11/04/2008,TX,El_Paso,Obama,democrat,580,1000
11/04/2008,TX,El_Paso,McCain,republican,420,1000
11/04/2008,VA,Hampton,Obama,democrat,580,1000
11/04/2008,VA,Hampton,McCain,republican,420,1000
11/04/2008,AR,Benton,Obama,democrat,580,1000
11/04/2008,AR,Benton,McCain,republican,420,1000
11/04/2008,AR,Ashley,Obama,democrat,470,1000
11/04/2008,AR,Ashley,McCain,republican,530,1000
11/04/2008,CA,Mono,Obama,democrat,580,1000
11/04/2008,CA,Mono,McCain,republican,420,1000
11/04/2008,CA,Madera,Obama,democrat,530,1000
11/04/2008,CA,Madera,McCain,republican,470,1000
11/04/2008,GA,Screven,Obama,democrat,470,1000
11/04/2008,GA,Screven,McCain,republican,530,1000
11/04/2008,GA,Burke,Obama,democrat,530,1000
11/04/2008,GA,Burke,McCain,republican,470,1000
11/04/2008,IL,McHenry,Obama,democrat,580,1000
11/04/2008,IL,McHenry,McCain,republican,420,1000
11/04/2008,IA,Kossuth,Obama,democrat,510,1000
11/04/2008,IA,Kossuth,McCain,republican,490,1000
11/04/2008,MN,Lake,Obama,democrat,580,1000
11/04/2008,MN,Lake,McCain,republican,420,1000
11/04/2008,MS,Claiborne,Obama,democrat,580,1000
11/04/2008,MS,Claiborne,McCain,republican,420,1000
11/04/2008,MS,Lamar,Obama,democrat,420,1000
11/04/2008,MS,Lamar,McCain,republican,580,1000
11/04/2008,NE,Otoe,Obama,democrat,420,1000
11/04/2008,NE,Otoe,McCain,republican,580,1000
11/04/2008,VA,Westmoreland,Obama,democrat,530,1000
11/04/2008,VA,Westmoreland,McCain,republican,470,1000
11/04/2008,VA,Prince_William,Obama,democrat,580,1000
11/04/2008,VA,Prince_William,McCain,republican,420,1000
11/04/2008,AL,Lowndes,Obama,democrat,580,1000
11/04/2008,AL,Lowndes,McCain,republican,420,1000
11/04/2008,AL,Marshall,Obama,democrat,420,1000
11/04/2008,AL,Marshall,McCain,republican,580,1000
11/04/2008,AK,Anchorage,Obama,democrat,580,1000
11/04/2008,AK,Anchorage,McCain,republican,420,1000
11/04/2008,FL,Charlotte,Obama,democrat,530,1000
11/04/2008,FL,Charlotte,McCain,republican,470,1000
11/04/2008,ID,Kootenai,Obama,democrat,510,1000
11/04/2008,ID,Kootenai,McCain,republican,490,1000
11/04/2008,IL,Pike,Obama,democrat,420,1000
11/04/2008,IL,Pike,McCain,republican,580,1000
11/04/2008,IL,Union,Obama,democrat,490,1000
11/04/2008,IL,Union,McCain,republican,510,1000
11/04/2008,IL,Gallatin,Obama,democrat,490,1000
11/04/2008,IL,Gallatin,McCain,republican,510,1000
11/04/2008,NC,Craven,Obama,democrat,470,1000
11/04/2008,NC,Craven,McCain,republican,530,1000
11/04/2008,OH,Trumbull,Obama,democrat,580,1000
11/04/2008,OH,Trumbull,McCain,republican,420,1000
11/04/2008,PA,Mercer,Obama,democrat,490,1000
11/04/2008,PA,Mercer,McCain,republican,510,1000
11/04/2008,MT,Deer_Lodge,Obama,democrat,580,1000
11/04/2008,MT,Deer_Lodge,McCain,republican,420,1000
11/04/2008,NE,Nemaha,Obama,democrat,490,1000
11/04/2008,NE,Nemaha,McCain,republican,510,1000
11/04/2008,MS,Chickasaw,Obama,democrat,420,1000
11/04/2008,MS,Chickasaw,McCain,republican,580,1000
11/04/2008,NY,Niagara,Obama,democrat,530,1000
11/04/2008,NY,Niagara,McCain,republican,470,1000
11/04/2008,NY,Delaware,Obama,democrat,470,1000
11/04/2008,NY,Delaware,McCain,republican,530,1000
11/04/2008,NC,Mecklenburg,Obama,democrat,580,1000
11/04/2008,NC,Mecklenburg,McCain,republican,420,1000
11/04/2008,AZ,Pinal,Obama,democrat,530,1000
11/04/2008,AZ,Pinal,McCain,republican,470,1000
11/04/2008,AR,Lee,Obama,democrat,580,1000
11/04/2008,AR,Lee,McCain,republican,420,1000
11/04/2008,CO,Douglas,Obama,democrat,530,1000
11/04/2008,CO,Douglas,McCain,republican,470,1000
11/04/2008,CO,Routt,Obama,democrat,580,1000
11/04/2008,CO,Routt,McCain,republican,420,1000
11/04/2008,IL,Ogle,Obama,democrat,530,1000
11/04/2008,IL,Ogle,McCain,republican,470,1000
11/04/2008,IN,Harrison,Obama,democrat,470,1000
11/04/2008,IN,Harrison,McCain,republican,530,1000
11/04/2008,KY,Jefferson,Obama,democrat,580,1000
11/04/2008,KY,Jefferson,McCain,republican,420,1000
11/04/2008,LA,Sabine,Obama,democrat,420,1000
11/04/2008,LA,Sabine,McCain,republican,580,1000
11/04/2008,IA,Carroll,Obama,democrat,510,1000
11/04/2008,IA,Carroll,McCain,republican,490,1000
11/04/2008,LA,West_Carroll,Obama,democrat,420,1000
11/04/2008,LA,West_Carroll,McCain,republican,580,1000
11/04/2008,MI,Ottawa,Obama,democrat,530,1000
11/04/2008,MI,Ottawa,McCain,republican,470,1000
11/04/2008,MI,Alpena,Obama,democrat,497,1000
11/04/2008,MI,Alpena,McCain,republican,503,1000
11/04/2008,MS,Sharkey,Obama,democrat,490,1000
11/04/2008,MS,Sharkey,McCain,republican,510,1000
11/04/2008,NY,Erie,Obama,democrat,580,1000
11/04/2008,NY,Erie,McCain,republican,420,1000
11/04/2008,VA,Dinwiddie,Obama,democrat,510,1000
11/04/2008,VA,Dinwiddie,McCain,republican,490,1000
11/04/2008,VA,Clarke,Obama,democrat,470,1000
11/04/2008,VA,Clarke,McCain,republican,530,1000
11/04/2008,NM,Mora,Obama,democrat,580,1000
11/04/2008,NM,Mora,McCain,republican,420,1000
11/04/2008,MN,Sibley,Obama,democrat,470,1000
11/04/2008,MN,Sibley,McCain,republican,530,1000
11/04/2008,TN,Grundy,Obama,democrat,470,1000
11/04/2008,TN,Grundy,McCain,republican,530,1000
11/04/2008,TX,DeWitt,Obama,democrat,420,1000
11/04/2008,TX,DeWitt,McCain,republican,580,1000
11/04/2008,VA,Northampton,Obama,democrat,580,1000
11/04/2008,VA,Northampton,McCain,republican,420,1000
11/04/2008,NY,Lewis,Obama,democrat,470,1000
11/04/2008,NY,Lewis,McCain,republican,530,1000
11/04/2008,CA,Solano,Obama,democrat,580,1000
11/04/2008,CA,Solano,McCain,republican,420,1000
11/04/2008,NC,Camden,Obama,democrat,580,1000
11/04/2008,NC,Camden,McCain,republican,420,1000
11/04/2008,NC,Chowan,Obama,democrat,580,1000
11/04/2008,NC,Chowan,McCain,republican,420,1000
11/04/2008,MN,Traverse,Obama,democrat,510,1000
11/04/2008,MN,Traverse,McCain,republican,490,1000
11/04/2008,MO,St_Louis_County,Obama,democrat,580,1000
11/04/2008,MO,St_Louis_County,McCain,republican,420,1000
11/04/2008,MS,Union,Obama,democrat,470,1000
11/04/2008,MS,Union,McCain,republican,530,1000
11/04/2008,NY,Livingston,Obama,democrat,490,1000
11/04/2008,NY,Livingston,McCain,republican,510,1000
11/04/2008,OK,Washington,Obama,democrat,420,1000
11/04/2008,OK,Washington,McCain,republican,580,1000
11/04/2008,NC,Currituck,Obama,democrat,580,1000
11/04/2008,NC,Currituck,McCain,republican,420,1000
11/04/2008,OK,Le_Flore,Obama,democrat,470,1000
11/04/2008,OK,Le_Flore,McCain,republican,530,1000
11/04/2008,NE,Knox,Obama,democrat,420,1000
11/04/2008,NE,Knox,McCain,republican,580,1000
11/04/2008,TX,Zavala,Obama,democrat,420,1000
11/04/2008,TX,Zavala,McCain,republican,580,1000
11/04/2008,VA,Craig,Obama,democrat,420,1000
11/04/2008,VA,Craig,McCain,republican,580,1000
11/04/2008,CO,Mineral,Obama,democrat,510,1000
11/04/2008,CO,Mineral,McCain,republican,490,1000
11/04/2008,TX,Crane,Obama,democrat,420,1000
11/04/2008,TX,Crane,McCain,republican,580,1000
11/04/2008,TN,Haywood,Obama,democrat,580,1000
11/04/2008,TN,Haywood,McCain,republican,420,1000
11/04/2008,WV,Preston,Obama,democrat,420,1000
11/04/2008,WV,Preston,McCain,republican,580,1000
11/04/2008,SD,Haakon,Obama,democrat,420,1000
11/04/2008,SD,Haakon,McCain,republican,580,1000
11/04/2008,GA,Sumter,Obama,democrat,530,1000
11/04/2008,GA,Sumter,McCain,republican,470,1000
11/04/2008,CA,Del_Norte,Obama,democrat,530,1000
11/04/2008,CA,Del_Norte,McCain,republican,470,1000
11/04/2008,NY,Oswego,Obama,democrat,530,1000
11/04/2008,NY,Oswego,McCain,republican,470,1000
11/04/2008,CA,Yolo,Obama,democrat,530,1000
11/04/2008,CA,Yolo,McCain,republican,470,1000
11/04/2008,SC,Lancaster,Obama,democrat,510,1000
11/04/2008,SC,Lancaster,McCain,republican,490,1000
11/04/2008,SD,Harding,Obama,democrat,420,1000
11/04/2008,SD,Harding,McCain,republican,580,1000
11/04/2008,MO,Franklin,Obama,democrat,470,1000
11/04/2008,MO,Franklin,McCain,republican,530,1000
11/04/2008,NJ,Union,Obama,democrat,580,1000
11/04/2008,NJ,Union,McCain,republican,420,1000
11/04/2008,NM,Union,Obama,democrat,470,1000
11/04/2008,NM,Union,McCain,republican,530,1000
11/04/2008,VT,Caledonia,Obama,democrat,580,1000
11/04/2008,VT,Caledonia,McCain,republican,420,1000
11/04/2008,WA,Pierce,Obama,democrat,580,1000
11/04/2008,WA,Pierce,McCain,republican,420,1000
11/04/2008,WI,Rock,Obama,democrat,580,1000
11/04/2008,WI,Rock,McCain,republican,420,1000
11/04/2008,MI,Allegan,Obama,democrat,510,1000
11/04/2008,MI,Allegan,McCain,republican,490,1000
11/04/2008,KY,Hancock,Obama,democrat,420,1000
11/04/2008,KY,Hancock,McCain,republican,580,1000
11/04/2008,ID,Gem,Obama,democrat,420,1000
11/04/2008,ID,Gem,McCain,republican,580,1000
11/04/2008,NM,McKinley,Obama,democrat,580,1000
11/04/2008,NM,McKinley,McCain,republican,420,1000
11/04/2008,MD,Baltimore,Obama,democrat,580,1000
11/04/2008,MD,Baltimore,McCain,republican,420,1000
11/04/2008,LA,Jefferson,Obama,democrat,580,1000
11/04/2008,LA,Jefferson,McCain,republican,420,1000
11/04/2008,NY,Putnam,Obama,democrat,510,1000
11/04/2008,NY,Putnam,McCain,republican,490,1000
11/04/2008,TX,Llano,Obama,democrat,420,1000
11/04/2008,TX,Llano,McCain,republican,580,1000
11/04/2008,VA,Newport_News,Obama,democrat,580,1000
11/04/2008,VA,Newport_News,McCain,republican,420,1000
11/04/2008,NM,Lea,Obama,democrat,420,1000
11/04/2008,NM,Lea,McCain,republican,580,1000
11/04/2008,NE,Saline,Obama,democrat,530,1000
11/04/2008,NE,Saline,McCain,republican,470,1000
11/04/2008,WA,Cowlitz,Obama,democrat,580,1000
11/04/2008,WA,Cowlitz,McCain,republican,420,1000
11/04/2008,WY,Lincoln,Obama,democrat,420,1000
11/04/2008,WY,Lincoln,McCain,republican,580,1000
11/04/2008,AR,Hempstead,Obama,democrat,420,1000
11/04/2008,AR,Hempstead,McCain,republican,580,1000
11/04/2008,GA,Clayton,Obama,democrat,580,1000
11/04/2008,GA,Clayton,McCain,republican,420,1000
11/04/2008,IL,Greene,Obama,democrat,503,1000
11/04/2008,IL,Greene,McCain,republican,497,1000
11/04/2008,IN,Morgan,Obama,democrat,420,1000
11/04/2008,IN,Morgan,McCain,republican,580,1000
11/04/2008,AR,Franklin,Obama,democrat,420,1000
11/04/2008,AR,Franklin,McCain,republican,580,1000
11/04/2008,ID,Canyon,Obama,democrat,470,1000
11/04/2008,ID,Canyon,McCain,republican,530,1000
11/04/2008,IL,Williamson,Obama,democrat,470,1000
11/04/2008,IL,Williamson,McCain,republican,530,1000
11/04/2008,IA,Wright,Obama,democrat,530,1000
11/04/2008,IA,Wright,McCain,republican,470,1000
11/04/2008,IA,Henry,Obama,democrat,530,1000
11/04/2008,IA,Henry,McCain,republican,470,1000
11/04/2008,CO,Saguache,Obama,democrat,580,1000
11/04/2008,CO,Saguache,McCain,republican,420,1000
11/04/2008,KY,Henry,Obama,democrat,420,1000
11/04/2008,KY,Henry,McCain,republican,580,1000
11/04/2008,OH,Brown,Obama,democrat,420,1000
11/04/2008,OH,Brown,McCain,republican,580,1000
11/04/2008,GA,Ware,Obama,democrat,420,1000
11/04/2008,GA,Ware,McCain,republican,580,1000
11/04/2008,SC,Florence,Obama,democrat,530,1000
11/04/2008,SC,Florence,McCain,republican,470,1000
11/04/2008,NC,Brunswick,Obama,democrat,530,1000
11/04/2008,NC,Brunswick,McCain,republican,470,1000
11/04/2008,SD,Meade,Obama,democrat,420,1000
11/04/2008,SD,Meade,McCain,republican,580,1000
11/04/2008,NV,Lincoln,Obama,democrat,420,1000
11/04/2008,NV,Lincoln,McCain,republican,580,1000
11/04/2008,NC,Durham,Obama,democrat,580,1000
11/04/2008,NC,Durham,McCain,republican,420,1000
11/04/2008,OH,Tuscarawas,Obama,democrat,510,1000
11/04/2008,OH,Tuscarawas,McCain,republican,490,1000
11/04/2008,OR,Benton,Obama,democrat,580,1000
11/04/2008,OR,Benton,McCain,republican,420,1000
11/04/2008,PA,Somerset,Obama,democrat,420,1000
11/04/2008,PA,Somerset,McCain,republican,580,1000
11/04/2008,KS,Pottawatomie,Obama,democrat,420,1000
11/04/2008,KS,Pottawatomie,McCain,republican,580,1000
11/04/2008,KY,Knott,Obama,democrat,420,1000
11/04/2008,KY,Knott,McCain,republican,580,1000
11/04/2008,GA,Wilkinson,Obama,democrat,490,1000
11/04/2008,GA,Wilkinson,McCain,republican,510,1000
11/04/2008,NV,Pershing,Obama,democrat,470,1000
11/04/2008,NV,Pershing,McCain,republican,530,1000
11/04/2008,NY,Oneida,Obama,democrat,510,1000
11/04/2008,NY,Oneida,McCain,republican,490,1000
11/04/2008,OK,Comanche,Obama,democrat,420,1000
11/04/2008,OK,Comanche,McCain,republican,580,1000
11/04/2008,MT,Sheridan,Obama,democrat,470,1000
11/04/2008,MT,Sheridan,McCain,republican,530,1000
11/04/2008,ME,Franklin,Obama,democrat,580,1000
11/04/2008,ME,Franklin,McCain,republican,420,1000
11/04/2008,NC,Cabarrus,Obama,democrat,580,1000
11/04/2008,NC,Cabarrus,McCain,republican,420,1000
11/04/2008,ND,Stark,Obama,democrat,420,1000
11/04/2008,ND,Stark,McCain,republican,580,1000
11/04/2008,OH,Warren,Obama,democrat,490,1000
11/04/2008,OH,Warren,McCain,republican,510,1000
11/04/2008,OH,Portage,Obama,democrat,530,1000
11/04/2008,OH,Portage,McCain,republican,470,1000
11/04/2008,PA,Indiana,Obama,democrat,470,1000
11/04/2008,PA,Indiana,McCain,republican,530,1000
11/04/2008,FL,Baker,Obama,democrat,420,1000
11/04/2008,FL,Baker,McCain,republican,580,1000
11/04/2008,GA,Cook,Obama,democrat,420,1000
11/04/2008,GA,Cook,McCain,republican,580,1000
11/04/2008,MN,Crow_Wing,Obama,democrat,420,1000
11/04/2008,MN,Crow_Wing,McCain,republican,580,1000
11/04/2008,MT,Rosebud,Obama,democrat,580,1000
11/04/2008,MT,Rosebud,McCain,republican,420,1000
11/04/2008,MS,Carroll,Obama,democrat,490,1000
11/04/2008,MS,Carroll,McCain,republican,510,1000
11/04/2008,ND,Benson,Obama,democrat,490,1000
11/04/2008,ND,Benson,McCain,republican,510,1000
11/04/2008,IN,Delaware,Obama,democrat,580,1000
11/04/2008,IN,Delaware,McCain,republican,420,1000
11/04/2008,MN,Itasca,Obama,democrat,530,1000
11/04/2008,MN,Itasca,McCain,republican,470,1000
11/04/2008,TN,Knox,Obama,democrat,530,1000
11/04/2008,TN,Knox,McCain,republican,470,1000
11/04/2008,TX,Potter,Obama,democrat,420,1000
11/04/2008,TX,Potter,McCain,republican,580,1000
11/04/2008,VA,Richmond,Obama,democrat,580,1000
11/04/2008,VA,Richmond,McCain,republican,420,1000
11/04/2008,VA,Charles_City,Obama,democrat,580,1000
11/04/2008,VA,Charles_City,McCain,republican,420,1000
11/04/2008,ND,Pierce,Obama,democrat,470,1000
11/04/2008,ND,Pierce,McCain,republican,530,1000
11/04/2008,ND,Golden_Valley,Obama,democrat,420,1000
11/04/2008,ND,Golden_Valley,McCain,republican,580,1000
11/04/2008,TN,Crockett,Obama,democrat,420,1000
11/04/2008,TN,Crockett,McCain,republican,580,1000
11/04/2008,MT,Valley,Obama,democrat,420,1000
11/04/2008,MT,Valley,McCain,republican,580,1000
11/04/2008,VA,Augusta,Obama,democrat,420,1000
11/04/2008,VA,Augusta,McCain,republican,580,1000
11/04/2008,NE,Kearney,Obama,democrat,420,1000
11/04/2008,NE,Kearney,McCain,republican,580,1000
11/04/2008,WV,Wood,Obama,democrat,420,1000
11/04/2008,WV,Wood,McCain,republican,580,1000
11/04/2008,SC,Newberry,Obama,democrat,490,1000
11/04/2008,SC,Newberry,McCain,republican,510,1000
11/04/2008,LA,Caldwell,Obama,democrat,420,1000
11/04/2008,LA,Caldwell,McCain,republican,580,1000
11/04/2008,TX,Brazos,Obama,democrat,530,1000
11/04/2008,TX,Brazos,McCain,republican,470,1000
11/04/2008,WA,Yakima,Obama,democrat,580,1000
11/04/2008,WA,Yakima,McCain,republican,420,1000
11/04/2008,WI,Jefferson,Obama,democrat,470,1000
11/04/2008,WI,Jefferson,McCain,republican,530,1000
11/04/2008,TX,Oldham,Obama,democrat,420,1000
11/04/2008,TX,Oldham,McCain,republican,580,1000
11/04/2008,KS,Wyandotte,Obama,democrat,580,1000
11/04/2008,KS,Wyandotte,McCain,republican,420,1000
11/04/2008,LA,Terrebonne,Obama,democrat,470,1000
11/04/2008,LA,Terrebonne,McCain,republican,530,1000
11/04/2008,OK,Sequoyah,Obama,democrat,420,1000
11/04/2008,OK,Sequoyah,McCain,republican,580,1000
11/04/2008,OR,Klamath,Obama,democrat,470,1000
11/04/2008,OR,Klamath,McCain,republican,530,1000
11/04/2008,TX,Kenedy,Obama,democrat,420,1000
11/04/2008,TX,Kenedy,McCain,republican,580,1000
11/04/2008,CA,Alpine,Obama,democrat,580,1000
11/04/2008,CA,Alpine,McCain,republican,420,1000
11/04/2008,GA,Walker,Obama,democrat,420,1000
11/04/2008,GA,Walker,McCain,republican,580,1000
11/04/2008,ID,Clearwater,Obama,democrat,530,1000
11/04/2008,ID,Clearwater,McCain,republican,470,1000
11/04/2008,WV,Hardy,Obama,democrat,420,1000
11/04/2008,WV,Hardy,McCain,republican,580,1000
11/04/2008,FL,Bradford,Obama,democrat,420,1000
11/04/2008,FL,Bradford,McCain,republican,580,1000
11/04/2008,WV,Wetzel,Obama,democrat,420,1000
11/04/2008,WV,Wetzel,McCain,republican,580,1000
11/04/2008,OH,Fulton,Obama,democrat,470,1000
11/04/2008,OH,Fulton,McCain,republican,530,1000
11/04/2008,TN,Bradley,Obama,democrat,490,1000
11/04/2008,TN,Bradley,McCain,republican,510,1000
11/04/2008,TX,Newton,Obama,democrat,420,1000
11/04/2008,TX,Newton,McCain,republican,580,1000
11/04/2008,TN,Bledsoe,Obama,democrat,420,1000
11/04/2008,TN,Bledsoe,McCain,republican,580,1000
11/04/2008,WV,Tucker,Obama,democrat,420,1000
11/04/2008,WV,Tucker,McCain,republican,580,1000
11/04/2008,AK,Yakutat,Obama,democrat,470,1000
11/04/2008,AK,Yakutat,McCain,republican,530,1000
11/04/2008,MI,Gladwin,Obama,democrat,510,1000
11/04/2008,MI,Gladwin,McCain,republican,490,1000
11/04/2008,NC,Person,Obama,democrat,530,1000
11/04/2008,NC,Person,McCain,republican,470,1000
11/04/2008,NV,White_Pine,Obama,democrat,470,1000
11/04/2008,NV,White_Pine,McCain,republican,530,1000
11/04/2008,IN,Adams,Obama,democrat,420,1000
11/04/2008,IN,Adams,McCain,republican,580,1000
11/04/2008,TN,Cumberland,Obama,democrat,470,1000
11/04/2008,TN,Cumberland,McCain,republican,530,1000
11/04/2008,NV,Nye,Obama,democrat,530,1000
11/04/2008,NV,Nye,McCain,republican,470,1000
11/04/2008,KS,Leavenworth,Obama,democrat,510,1000
11/04/2008,KS,Leavenworth,McCain,republican,490,1000
11/04/2008,IN,Warrick,Obama,democrat,470,1000
11/04/2008,IN,Warrick,McCain,republican,530,1000
11/04/2008,MI,Iron,Obama,democrat,470,1000
11/04/2008,MI,Iron,McCain,republican,530,1000
11/04/2008,MS,Lowndes,Obama,democrat,420,1000
11/04/2008,MS,Lowndes,McCain,republican,580,1000
11/04/2008,MO,St_Louis_City,Obama,democrat,580,1000
11/04/2008,MO,St_Louis_City,McCain,republican,420,1000
11/04/2008,MN,Meeker,Obama,democrat,420,1000
11/04/2008,MN,Meeker,McCain,republican,580,1000
11/04/2008,TN,Monroe,Obama,democrat,420,1000
11/04/2008,TN,Monroe,McCain,republican,580,1000
11/04/2008,MS,Holmes,Obama,democrat,497,1000
11/04/2008,MS,Holmes,McCain,republican,503,1000
11/04/2008,MS,Oktibbeha,Obama,democrat,470,1000
11/04/2008,MS,Oktibbeha,McCain,republican,530,1000
11/04/2008,VA,Giles,Obama,democrat,420,1000
11/04/2008,VA,Giles,McCain,republican,580,1000
11/04/2008,FL,Hillsborough,Obama,democrat,580,1000
11/04/2008,FL,Hillsborough,McCain,republican,420,1000
11/04/2008,GA,Haralson,Obama,democrat,420,1000
11/04/2008,GA,Haralson,McCain,republican,580,1000
11/04/2008,KS,Cowley,Obama,democrat,470,1000
11/04/2008,KS,Cowley,McCain,republican,530,1000
11/04/2008,KY,Henderson,Obama,democrat,530,1000
11/04/2008,KY,Henderson,McCain,republican,470,1000
11/04/2008,TX,Grayson,Obama,democrat,420,1000
11/04/2008,TX,Grayson,McCain,republican,580,1000
11/04/2008,AL,Cleburne,Obama,democrat,420,1000
11/04/2008,AL,Cleburne,McCain,republican,580,1000
11/04/2008,NJ,Ocean,Obama,democrat,510,1000
11/04/2008,NJ,Ocean,McCain,republican,490,1000
11/04/2008,AL,Autauga,Obama,democrat,420,1000
11/04/2008,AL,Autauga,McCain,republican,580,1000
11/04/2008,GA,Bibb,Obama,democrat,580,1000
11/04/2008,GA,Bibb,McCain,republican,420,1000
11/04/2008,NJ,Monmouth,Obama,democrat,580,1000
11/04/2008,NJ,Monmouth,McCain,republican,420,1000
11/04/2008,NM,Rio_Arriba,Obama,democrat,580,1000
11/04/2008,NM,Rio_Arriba,McCain,republican,420,1000
11/04/2008,NY,Wayne,Obama,democrat,490,1000
11/04/2008,NY,Wayne,McCain,republican,510,1000
11/04/2008,OR,Lincoln,Obama,democrat,580,1000
11/04/2008,OR,Lincoln,McCain,republican,420,1000
11/04/2008,VA,Bath,Obama,democrat,420,1000
11/04/2008,VA,Bath,McCain,republican,580,1000
11/04/2008,WV,Fayette,Obama,democrat,420,1000
11/04/2008,WV,Fayette,McCain,republican,580,1000
11/04/2008,WV,Kanawha,Obama,democrat,530,1000
11/04/2008,WV,Kanawha,McCain,republican,470,1000
11/04/2008,KY,Carroll,Obama,democrat,470,1000
11/04/2008,KY,Carroll,McCain,republican,530,1000
11/04/2008,MD,Montgomery,Obama,democrat,580,1000
11/04/2008,MD,Montgomery,McCain,republican,420,1000
11/04/2008,MA,Franklin,Obama,democrat,580,1000
11/04/2008,MA,Franklin,McCain,republican,420,1000
11/04/2008,MS,DeSoto,Obama,democrat,470,1000
11/04/2008,MS,DeSoto,McCain,republican,530,1000
11/04/2008,TX,McCulloch,Obama,democrat,420,1000
11/04/2008,TX,McCulloch,McCain,republican,580,1000
11/04/2008,NV,Esmeralda,Obama,democrat,420,1000
11/04/2008,NV,Esmeralda,McCain,republican,580,1000
11/04/2008,IN,Carroll,Obama,democrat,470,1000
11/04/2008,IN,Carroll,McCain,republican,530,1000
11/04/2008,MI,Ogemaw,Obama,democrat,490,1000
11/04/2008,MI,Ogemaw,McCain,republican,510,1000
11/04/2008,MI,St_Clair,Obama,democrat,510,1000
11/04/2008,MI,St_Clair,McCain,republican,490,1000
11/04/2008,RI,Providence,Obama,democrat,580,1000
11/04/2008,RI,Providence,McCain,republican,420,1000
11/04/2008,TN,Montgomery,Obama,democrat,580,1000
11/04/2008,TN,Montgomery,McCain,republican,420,1000
11/04/2008,TX,Parmer,Obama,democrat,420,1000
11/04/2008,TX,Parmer,McCain,republican,580,1000
11/04/2008,VA,Accomack,Obama,democrat,530,1000
11/04/2008,VA,Accomack,McCain,republican,470,1000
11/04/2008,MS,YaloMcCaina,Obama,democrat,470,1000
11/04/2008,MS,YaloMcCaina,McCain,republican,530,1000
11/04/2008,OH,Lucas,Obama,democrat,580,1000
11/04/2008,OH,Lucas,McCain,republican,420,1000
11/04/2008,AR,Crittenden,Obama,democrat,530,1000
11/04/2008,AR,Crittenden,McCain,republican,470,1000
11/04/2008,MN,Hennepin,Obama,democrat,580,1000
11/04/2008,MN,Hennepin,McCain,republican,420,1000
11/04/2008,NE,Richardson,Obama,democrat,420,1000
11/04/2008,NE,Richardson,McCain,republican,580,1000
11/04/2008,OR,Lake,Obama,democrat,497,1000
11/04/2008,OR,Lake,McCain,republican,503,1000
11/04/2008,MO,Howell,Obama,democrat,420,1000
11/04/2008,MO,Howell,McCain,republican,580,1000
11/04/2008,ND,Bottineau,Obama,democrat,420,1000
11/04/2008,ND,Bottineau,McCain,republican,580,1000
11/04/2008,NC,Warren,Obama,democrat,580,1000
11/04/2008,NC,Warren,McCain,republican,420,1000
11/04/2008,MI,Monroe,Obama,democrat,530,1000
11/04/2008,MI,Monroe,McCain,republican,470,1000
11/04/2008,MT,Blaine,Obama,democrat,490,1000
11/04/2008,MT,Blaine,McCain,republican,510,1000
11/04/2008,WV,Wayne,Obama,democrat,420,1000
11/04/2008,WV,Wayne,McCain,republican,580,1000
11/04/2008,WI,St_Croix,Obama,democrat,490,1000
11/04/2008,WI,St_Croix,McCain,republican,510,1000
11/04/2008,CO,Chaffee,Obama,democrat,580,1000
11/04/2008,CO,Chaffee,McCain,republican,420,1000
11/04/2008,WA,Chelan,Obama,democrat,580,1000
11/04/2008,WA,Chelan,McCain,republican,420,1000
11/04/2008,FL,Flagler,Obama,democrat,530,1000
11/04/2008,FL,Flagler,McCain,republican,470,1000
11/04/2008,FL,Gadsden,Obama,democrat,470,1000
11/04/2008,FL,Gadsden,McCain,republican,530,1000
11/04/2008,FL,Leon,Obama,democrat,420,1000
11/04/2008,FL,Leon,McCain,republican,580,1000
11/04/2008,FL,Putnam,Obama,democrat,470,1000
11/04/2008,FL,Putnam,McCain,republican,530,1000
11/04/2008,VT,Rutland,Obama,democrat,580,1000
11/04/2008,VT,Rutland,McCain,republican,420,1000
11/04/2008,AL,Montgomery,Obama,democrat,470,1000
11/04/2008,AL,Montgomery,McCain,republican,530,1000
11/04/2008,AR,Perry,Obama,democrat,420,1000
11/04/2008,AR,Perry,McCain,republican,580,1000
11/04/2008,MI,Tuscola,Obama,democrat,490,1000
11/04/2008,MI,Tuscola,McCain,republican,510,1000
11/04/2008,ND,Grant,Obama,democrat,420,1000
11/04/2008,ND,Grant,McCain,republican,580,1000
11/04/2008,WI,Chippewa,Obama,democrat,510,1000
11/04/2008,WI,Chippewa,McCain,republican,490,1000
11/04/2008,IN,Blackford,Obama,democrat,497,1000
11/04/2008,IN,Blackford,McCain,republican,503,1000
11/04/2008,IN,Wells,Obama,democrat,420,1000
11/04/2008,IN,Wells,McCain,republican,580,1000
11/04/2008,KS,Douglas,Obama,democrat,580,1000
11/04/2008,KS,Douglas,McCain,republican,420,1000
11/04/2008,KS,Jackson,Obama,democrat,470,1000
11/04/2008,KS,Jackson,McCain,republican,530,1000
11/04/2008,GA,Barrow,Obama,democrat,420,1000
11/04/2008,GA,Barrow,McCain,republican,580,1000
11/04/2008,GA,Telfair,Obama,democrat,420,1000
11/04/2008,GA,Telfair,McCain,republican,580,1000
11/04/2008,IL,Montgomery,Obama,democrat,497,1000
11/04/2008,IL,Montgomery,McCain,republican,503,1000
11/04/2008,IN,Lawrence,Obama,democrat,420,1000
11/04/2008,IN,Lawrence,McCain,republican,580,1000
11/04/2008,IA,Montgomery,Obama,democrat,470,1000
11/04/2008,IA,Montgomery,McCain,republican,530,1000
11/04/2008,KY,Scott,Obama,democrat,420,1000
11/04/2008,KY,Scott,McCain,republican,580,1000
11/04/2008,KY,Muhlenberg,Obama,democrat,490,1000
11/04/2008,KY,Muhlenberg,McCain,republican,510,1000
11/04/2008,LA,Assumption,Obama,democrat,470,1000
11/04/2008,LA,Assumption,McCain,republican,530,1000
11/04/2008,FL,Santa_Rosa,Obama,democrat,470,1000
11/04/2008,FL,Santa_Rosa,McCain,republican,530,1000
11/04/2008,FL,Orange,Obama,democrat,580,1000
11/04/2008,FL,Orange,McCain,republican,420,1000
11/04/2008,FL,Seminole,Obama,democrat,580,1000
11/04/2008,FL,Seminole,McCain,republican,420,1000
11/04/2008,FL,Walton,Obama,democrat,420,1000
11/04/2008,FL,Walton,McCain,republican,580,1000
11/04/2008,GA,Decatur,Obama,democrat,470,1000
11/04/2008,GA,Decatur,McCain,republican,530,1000
11/04/2008,GA,Dougherty,Obama,democrat,580,1000
11/04/2008,GA,Dougherty,McCain,republican,420,1000
11/04/2008,CA,Fresno,Obama,democrat,580,1000
11/04/2008,CA,Fresno,McCain,republican,420,1000
11/04/2008,GA,Washington,Obama,democrat,580,1000
11/04/2008,GA,Washington,McCain,republican,420,1000
11/04/2008,IN,Hancock,Obama,democrat,420,1000
11/04/2008,IN,Hancock,McCain,republican,580,1000
11/04/2008,KS,Jefferson,Obama,democrat,490,1000
11/04/2008,KS,Jefferson,McCain,republican,510,1000
11/04/2008,NV,Elko,Obama,democrat,420,1000
11/04/2008,NV,Elko,McCain,republican,580,1000
11/04/2008,LA,Tangipahoa,Obama,democrat,470,1000
11/04/2008,LA,Tangipahoa,McCain,republican,530,1000
11/04/2008,LA,West_Baton_Rouge,Obama,democrat,580,1000
11/04/2008,LA,West_Baton_Rouge,McCain,republican,420,1000
11/04/2008,AL,Greene,Obama,democrat,420,1000
11/04/2008,AL,Greene,McCain,republican,580,1000
11/04/2008,NY,Madison,Obama,democrat,530,1000
11/04/2008,NY,Madison,McCain,republican,470,1000
11/04/2008,NC,Sampson,Obama,democrat,470,1000
11/04/2008,NC,Sampson,McCain,republican,530,1000
11/04/2008,OK,Rogers,Obama,democrat,420,1000
11/04/2008,OK,Rogers,McCain,republican,580,1000
11/04/2008,OK,Hughes,Obama,democrat,420,1000
11/04/2008,OK,Hughes,McCain,republican,580,1000
11/04/2008,TN,Humphreys,Obama,democrat,490,1000
11/04/2008,TN,Humphreys,McCain,republican,510,1000
11/04/2008,TX,Rusk,Obama,democrat,470,1000
11/04/2008,TX,Rusk,McCain,republican,530,1000
11/04/2008,TX,Shelby,Obama,democrat,420,1000
11/04/2008,TX,Shelby,McCain,republican,580,1000
11/04/2008,GA,Mitchell,Obama,democrat,490,1000
11/04/2008,GA,Mitchell,McCain,republican,510,1000
11/04/2008,GA,Thomas,Obama,democrat,420,1000
11/04/2008,GA,Thomas,McCain,republican,580,1000
11/04/2008,MS,Wilkinson,Obama,democrat,580,1000
11/04/2008,MS,Wilkinson,McCain,republican,420,1000
11/04/2008,MS,Bolivar,Obama,democrat,580,1000
11/04/2008,MS,Bolivar,McCain,republican,420,1000
11/04/2008,MS,Clay,Obama,democrat,420,1000
11/04/2008,MS,Clay,McCain,republican,580,1000
11/04/2008,MS,Lincoln,Obama,democrat,470,1000
11/04/2008,MS,Lincoln,McCain,republican,530,1000
11/04/2008,CO,Grand,Obama,democrat,530,1000
11/04/2008,CO,Grand,McCain,republican,470,1000
11/04/2008,KY,Nelson,Obama,democrat,420,1000
11/04/2008,KY,Nelson,McCain,republican,580,1000
11/04/2008,MI,Shiawassee,Obama,democrat,470,1000
11/04/2008,MI,Shiawassee,McCain,republican,530,1000
11/04/2008,MI,Crawford,Obama,democrat,470,1000
11/04/2008,MI,Crawford,McCain,republican,530,1000
11/04/2008,MO,Lincoln,Obama,democrat,470,1000
11/04/2008,MO,Lincoln,McCain,republican,530,1000
11/04/2008,VA,Arlington,Obama,democrat,580,1000
11/04/2008,VA,Arlington,McCain,republican,420,1000
11/04/2008,IN,Hamilton,Obama,democrat,530,1000
11/04/2008,IN,Hamilton,McCain,republican,470,1000
11/04/2008,MO,Boone,Obama,democrat,580,1000
11/04/2008,MO,Boone,McCain,republican,420,1000
11/04/2008,IN,Putnam,Obama,democrat,470,1000
11/04/2008,IN,Putnam,McCain,republican,530,1000
11/04/2008,IA,Des_Moines,Obama,democrat,580,1000
11/04/2008,IA,Des_Moines,McCain,republican,420,1000
11/04/2008,VA,Roanoke,Obama,democrat,470,1000
11/04/2008,VA,Roanoke,McCain,republican,530,1000
11/04/2008,IA,Louisa,Obama,democrat,530,1000
11/04/2008,IA,Louisa,McCain,republican,470,1000
11/04/2008,WI,Marquette,Obama,democrat,510,1000
11/04/2008,WI,Marquette,McCain,republican,490,1000
11/04/2008,WA,Franklin,Obama,democrat,580,1000
11/04/2008,WA,Franklin,McCain,republican,420,1000
11/04/2008,WY,Carbon,Obama,democrat,470,1000
11/04/2008,WY,Carbon,McCain,republican,530,1000
11/04/2008,OH,Monroe,Obama,democrat,490,1000
11/04/2008,OH,Monroe,McCain,republican,510,1000
11/04/2008,TX,Fayette,Obama,democrat,420,1000
11/04/2008,TX,Fayette,McCain,republican,580,1000
11/04/2008,TN,Cannon,Obama,democrat,420,1000
11/04/2008,TN,Cannon,McCain,republican,580,1000
11/04/2008,WV,Monroe,Obama,democrat,420,1000
11/04/2008,WV,Monroe,McCain,republican,580,1000
11/04/2008,MS,Harrison,Obama,democrat,530,1000
11/04/2008,MS,Harrison,McCain,republican,470,1000
11/04/2008,WV,Nicholas,Obama,democrat,420,1000
11/04/2008,WV,Nicholas,McCain,republican,580,1000
11/04/2008,WA,Kitsap,Obama,democrat,580,1000
11/04/2008,WA,Kitsap,McCain,republican,420,1000
11/04/2008,WI,Green,Obama,democrat,530,1000
11/04/2008,WI,Green,McCain,republican,470,1000
11/04/2008,AZ,Graham,Obama,democrat,470,1000
11/04/2008,AZ,Graham,McCain,republican,530,1000
11/04/2008,AR,Pope,Obama,democrat,420,1000
11/04/2008,AR,Pope,McCain,republican,580,1000
11/04/2008,OR,Clackamas,Obama,democrat,580,1000
11/04/2008,OR,Clackamas,McCain,republican,420,1000
11/04/2008,KS,Graham,Obama,democrat,420,1000
11/04/2008,KS,Graham,McCain,republican,580,1000
11/04/2008,KS,Jewell,Obama,democrat,420,1000
11/04/2008,KS,Jewell,McCain,republican,580,1000
11/04/2008,MN,Lake_of_the_Woods,Obama,democrat,470,1000
11/04/2008,MN,Lake_of_the_Woods,McCain,republican,530,1000
11/04/2008,NE,Burt,Obama,democrat,470,1000
11/04/2008,NE,Burt,McCain,republican,530,1000
11/04/2008,AR,Sebastian,Obama,democrat,420,1000
11/04/2008,AR,Sebastian,McCain,republican,580,1000
11/04/2008,CO,Dolores,Obama,democrat,503,1000
11/04/2008,CO,Dolores,McCain,republican,497,1000
11/04/2008,GA,Columbia,Obama,democrat,530,1000
11/04/2008,GA,Columbia,McCain,republican,470,1000
11/04/2008,ID,Cassia,Obama,democrat,420,1000
11/04/2008,ID,Cassia,McCain,republican,580,1000
11/04/2008,IN,Clark,Obama,democrat,510,1000
11/04/2008,IN,Clark,McCain,republican,490,1000
11/04/2008,WV,Pocahontas,Obama,democrat,420,1000
11/04/2008,WV,Pocahontas,McCain,republican,580,1000
11/04/2008,IN,Randolph,Obama,democrat,470,1000
11/04/2008,IN,Randolph,McCain,republican,530,1000
11/04/2008,WV,Raleigh,Obama,democrat,420,1000
11/04/2008,WV,Raleigh,McCain,republican,580,1000
11/04/2008,WV,Wyoming,Obama,democrat,420,1000
11/04/2008,WV,Wyoming,McCain,republican,580,1000
11/04/2008,CA,Mariposa,Obama,democrat,510,1000
11/04/2008,CA,Mariposa,McCain,republican,490,1000
11/04/2008,CO,Weld,Obama,democrat,510,1000
11/04/2008,CO,Weld,McCain,republican,490,1000
11/04/2008,IA,Humboldt,Obama,democrat,497,1000
11/04/2008,IA,Humboldt,McCain,republican,503,1000
11/04/2008,KS,Shawnee,Obama,democrat,580,1000
11/04/2008,KS,Shawnee,McCain,republican,420,1000
11/04/2008,KY,Washington,Obama,democrat,420,1000
11/04/2008,KY,Washington,McCain,republican,580,1000
11/04/2008,MI,Oscoda,Obama,democrat,470,1000
11/04/2008,MI,Oscoda,McCain,republican,530,1000
11/04/2008,NE,Hamilton,Obama,democrat,420,1000
11/04/2008,NE,Hamilton,McCain,republican,580,1000
11/04/2008,WI,Clark,Obama,democrat,530,1000
11/04/2008,WI,Clark,McCain,republican,470,1000
11/04/2008,MT,Carter,Obama,democrat,420,1000
11/04/2008,MT,Carter,McCain,republican,580,1000
11/04/2008,KS,Ottawa,Obama,democrat,420,1000
11/04/2008,KS,Ottawa,McCain,republican,580,1000
11/04/2008,KS,Republic,Obama,democrat,420,1000
11/04/2008,KS,Republic,McCain,republican,580,1000
11/04/2008,NE,Dixon,Obama,democrat,420,1000
11/04/2008,NE,Dixon,McCain,republican,580,1000
11/04/2008,MN,Redwood,Obama,democrat,420,1000
11/04/2008,MN,Redwood,McCain,republican,580,1000
11/04/2008,WI,Douglas,Obama,democrat,580,1000
11/04/2008,WI,Douglas,McCain,republican,420,1000
11/04/2008,KS,Marshall,Obama,democrat,420,1000
11/04/2008,KS,Marshall,McCain,republican,580,1000
11/04/2008,LA,East_Carroll,Obama,democrat,580,1000
11/04/2008,LA,East_Carroll,McCain,republican,420,1000
11/04/2008,MD,Somerset,Obama,democrat,530,1000
11/04/2008,MD,Somerset,McCain,republican,470,1000
11/04/2008,NM,Santa_Fe,Obama,democrat,580,1000
11/04/2008,NM,Santa_Fe,McCain,republican,420,1000
11/04/2008,AR,Craighead,Obama,democrat,490,1000
11/04/2008,AR,Craighead,McCain,republican,510,1000
11/04/2008,FL,Pasco,Obama,democrat,530,1000
11/04/2008,FL,Pasco,McCain,republican,470,1000
11/04/2008,GA,Echols,Obama,democrat,420,1000
11/04/2008,GA,Echols,McCain,republican,580,1000
11/04/2008,IN,Dearborn,Obama,democrat,420,1000
11/04/2008,IN,Dearborn,McCain,republican,580,1000
11/04/2008,IA,Allamakee,Obama,democrat,530,1000
11/04/2008,IA,Allamakee,McCain,republican,470,1000
11/04/2008,NC,Washington,Obama,democrat,580,1000
11/04/2008,NC,Washington,McCain,republican,420,1000
11/04/2008,OH,Stark,Obama,democrat,530,1000
11/04/2008,OH,Stark,McCain,republican,470,1000
11/04/2008,OK,Ottawa,Obama,democrat,420,1000
11/04/2008,OK,Ottawa,McCain,republican,580,1000
11/04/2008,PA,Clearfield,Obama,democrat,420,1000
11/04/2008,PA,Clearfield,McCain,republican,580,1000
11/04/2008,TN,Gibson,Obama,democrat,420,1000
11/04/2008,TN,Gibson,McCain,republican,580,1000
11/04/2008,TN,Robertson,Obama,democrat,420,1000
11/04/2008,TN,Robertson,McCain,republican,580,1000
11/04/2008,KY,Caldwell,Obama,democrat,420,1000
11/04/2008,KY,Caldwell,McCain,republican,580,1000
11/04/2008,AR,Fulton,Obama,democrat,420,1000
11/04/2008,AR,Fulton,McCain,republican,580,1000
11/04/2008,LA,Catahoula,Obama,democrat,420,1000
11/04/2008,LA,Catahoula,McCain,republican,580,1000
11/04/2008,LA,Franklin,Obama,democrat,470,1000
11/04/2008,LA,Franklin,McCain,republican,530,1000
11/04/2008,GA,Macon,Obama,democrat,580,1000
11/04/2008,GA,Macon,McCain,republican,420,1000
11/04/2008,MN,Winona,Obama,democrat,530,1000
11/04/2008,MN,Winona,McCain,republican,470,1000
11/04/2008,NC,Martin,Obama,democrat,580,1000
11/04/2008,NC,Martin,McCain,republican,420,1000
11/04/2008,OH,Adams,Obama,democrat,420,1000
11/04/2008,OH,Adams,McCain,republican,580,1000
11/04/2008,NJ,Cape_May,Obama,democrat,530,1000
11/04/2008,NJ,Cape_May,McCain,republican,470,1000
11/04/2008,NE,Saunders,Obama,democrat,530,1000
11/04/2008,NE,Saunders,McCain,republican,470,1000
11/04/2008,GA,McDuffie,Obama,democrat,470,1000
11/04/2008,GA,McDuffie,McCain,republican,530,1000
11/04/2008,GA,Laurens,Obama,democrat,470,1000
11/04/2008,GA,Laurens,McCain,republican,530,1000
11/04/2008,OR,Umatilla,Obama,democrat,470,1000
11/04/2008,OR,Umatilla,McCain,republican,530,1000
11/04/2008,GA,Dawson,Obama,democrat,420,1000
11/04/2008,GA,Dawson,McCain,republican,580,1000
11/04/2008,GA,Jefferson,Obama,democrat,530,1000
11/04/2008,GA,Jefferson,McCain,republican,470,1000
11/04/2008,AK,Juneau,Obama,democrat,580,1000
11/04/2008,AK,Juneau,McCain,republican,420,1000
11/04/2008,OK,Kay,Obama,democrat,420,1000
11/04/2008,OK,Kay,McCain,republican,580,1000
11/04/2008,NY,Warren,Obama,democrat,530,1000
11/04/2008,NY,Warren,McCain,republican,470,1000
11/04/2008,NY,Saratoga,Obama,democrat,580,1000
11/04/2008,NY,Saratoga,McCain,republican,420,1000
11/04/2008,LA,St_John_the_Baptist,Obama,democrat,580,1000
11/04/2008,LA,St_John_the_Baptist,McCain,republican,420,1000
11/04/2008,TX,Hopkins,Obama,democrat,420,1000
11/04/2008,TX,Hopkins,McCain,republican,580,1000
11/04/2008,NV,Churchill,Obama,democrat,420,1000
11/04/2008,NV,Churchill,McCain,republican,580,1000
11/04/2008,TX,Williamson,Obama,democrat,580,1000
11/04/2008,TX,Williamson,McCain,republican,420,1000
11/04/2008,WY,Weston,Obama,democrat,420,1000
11/04/2008,WY,Weston,McCain,republican,580,1000
11/04/2008,CA,Humboldt,Obama,democrat,580,1000
11/04/2008,CA,Humboldt,McCain,republican,420,1000
11/04/2008,NJ,Somerset,Obama,democrat,580,1000
11/04/2008,NJ,Somerset,McCain,republican,420,1000
11/04/2008,TX,Hamilton,Obama,democrat,420,1000
11/04/2008,TX,Hamilton,McCain,republican,580,1000
11/04/2008,TX,Hardeman,Obama,democrat,420,1000
11/04/2008,TX,Hardeman,McCain,republican,580,1000
11/04/2008,AK,Aleutians_West,Obama,democrat,580,1000
11/04/2008,AK,Aleutians_West,McCain,republican,420,1000
11/04/2008,IL,Tazewell,Obama,democrat,530,1000
11/04/2008,IL,Tazewell,McCain,republican,470,1000
11/04/2008,CO,Yuma,Obama,democrat,420,1000
11/04/2008,CO,Yuma,McCain,republican,580,1000
11/04/2008,IA,Sac,Obama,democrat,420,1000
11/04/2008,IA,Sac,McCain,republican,580,1000
11/04/2008,IA,Sioux,Obama,democrat,420,1000
11/04/2008,IA,Sioux,McCain,republican,580,1000
11/04/2008,TX,Coleman,Obama,democrat,420,1000
11/04/2008,TX,Coleman,McCain,republican,580,1000
11/04/2008,GA,Bartow,Obama,democrat,420,1000
11/04/2008,GA,Bartow,McCain,republican,580,1000
11/04/2008,OK,Osage,Obama,democrat,470,1000
11/04/2008,OK,Osage,McCain,republican,530,1000
11/04/2008,NY,Albany,Obama,democrat,580,1000
11/04/2008,NY,Albany,McCain,republican,420,1000
11/04/2008,MS,Jefferson,Obama,democrat,580,1000
11/04/2008,MS,Jefferson,McCain,republican,420,1000
11/04/2008,TN,Lincoln,Obama,democrat,470,1000
11/04/2008,TN,Lincoln,McCain,republican,530,1000
11/04/2008,VA,Madison,Obama,democrat,470,1000
11/04/2008,VA,Madison,McCain,republican,530,1000
11/04/2008,OK,Atoka,Obama,democrat,470,1000
11/04/2008,OK,Atoka,McCain,republican,530,1000
11/04/2008,IA,Dallas,Obama,democrat,580,1000
11/04/2008,IA,Dallas,McCain,republican,420,1000
11/04/2008,AK,Fairbanks_North_Star,Obama,democrat,530,1000
11/04/2008,AK,Fairbanks_North_Star,McCain,republican,470,1000
11/04/2008,ND,Pembina,Obama,democrat,470,1000
11/04/2008,ND,Pembina,McCain,republican,530,1000
11/04/2008,AR,Izard,Obama,democrat,420,1000
11/04/2008,AR,Izard,McCain,republican,580,1000
11/04/2008,VA,Alexandria,Obama,democrat,580,1000
11/04/2008,VA,Alexandria,McCain,republican,420,1000
11/04/2008,VA,Buena_Vista,Obama,democrat,420,1000
11/04/2008,VA,Buena_Vista,McCain,republican,580,1000
11/04/2008,IA,Polk,Obama,democrat,580,1000
11/04/2008,IA,Polk,McCain,republican,420,1000
11/04/2008,FL,Polk,Obama,democrat,580,1000
11/04/2008,FL,Polk,McCain,republican,420,1000
11/04/2008,GA,Early,Obama,democrat,470,1000
11/04/2008,GA,Early,McCain,republican,530,1000
11/04/2008,TX,Terrell,Obama,democrat,420,1000
11/04/2008,TX,Terrell,McCain,republican,580,1000
11/04/2008,IL,Wayne,Obama,democrat,420,1000
11/04/2008,IL,Wayne,McCain,republican,580,1000
11/04/2008,FL,Sumter,Obama,democrat,490,1000
11/04/2008,FL,Sumter,McCain,republican,510,1000
11/04/2008,TX,Burleson,Obama,democrat,420,1000
11/04/2008,TX,Burleson,McCain,republican,580,1000
11/04/2008,VA,Fauquier,Obama,democrat,470,1000
11/04/2008,VA,Fauquier,McCain,republican,530,1000
11/04/2008,NY,Washington,Obama,democrat,530,1000
11/04/2008,NY,Washington,McCain,republican,470,1000
11/04/2008,TX,Waller,Obama,democrat,470,1000
11/04/2008,TX,Waller,McCain,republican,530,1000
11/04/2008,MI,Cass,Obama,democrat,490,1000
11/04/2008,MI,Cass,McCain,republican,510,1000
11/04/2008,ID,Caribou,Obama,democrat,420,1000
11/04/2008,ID,Caribou,McCain,republican,580,1000
11/04/2008,FL,Sarasota,Obama,democrat,530,1000
11/04/2008,FL,Sarasota,McCain,republican,470,1000
11/04/2008,GA,Emanuel,Obama,democrat,470,1000
11/04/2008,GA,Emanuel,McCain,republican,530,1000
11/04/2008,GA,Talbot,Obama,democrat,580,1000
11/04/2008,GA,Talbot,McCain,republican,420,1000
11/04/2008,PA,York,Obama,democrat,470,1000
11/04/2008,PA,York,McCain,republican,530,1000
11/04/2008,NE,Dodge,Obama,democrat,470,1000
11/04/2008,NE,Dodge,McCain,republican,530,1000
11/04/2008,NC,Granville,Obama,democrat,530,1000
11/04/2008,NC,Granville,McCain,republican,470,1000
11/04/2008,PA,Allegheny,Obama,democrat,580,1000
11/04/2008,PA,Allegheny,McCain,republican,420,1000
11/04/2008,CA,Trinity,Obama,democrat,580,1000
11/04/2008,CA,Trinity,McCain,republican,420,1000
11/04/2008,IL,Hardin,Obama,democrat,420,1000
11/04/2008,IL,Hardin,McCain,republican,580,1000
11/04/2008,GA,Lumpkin,Obama,democrat,420,1000
11/04/2008,GA,Lumpkin,McCain,republican,580,1000
11/04/2008,OK,Johnston,Obama,democrat,420,1000
11/04/2008,OK,Johnston,McCain,republican,580,1000
11/04/2008,TX,Montgomery,Obama,democrat,490,1000
11/04/2008,TX,Montgomery,McCain,republican,510,1000
11/04/2008,OK,McIntosh,Obama,democrat,490,1000
11/04/2008,OK,McIntosh,McCain,republican,510,1000
11/04/2008,OK,Marshall,Obama,democrat,420,1000
11/04/2008,OK,Marshall,McCain,republican,580,1000
11/04/2008,TX,Robertson,Obama,democrat,420,1000
11/04/2008,TX,Robertson,McCain,republican,580,1000
11/04/2008,WI,Sauk,Obama,democrat,580,1000
11/04/2008,WI,Sauk,McCain,republican,420,1000
11/04/2008,AR,Prairie,Obama,democrat,420,1000
11/04/2008,AR,Prairie,McCain,republican,580,1000
11/04/2008,WI,Milwaukee,Obama,democrat,580,1000
11/04/2008,WI,Milwaukee,McCain,republican,420,1000
11/04/2008,WI,Jackson,Obama,democrat,530,1000
11/04/2008,WI,Jackson,McCain,republican,470,1000
11/04/2008,WI,Oconto,Obama,democrat,490,1000
11/04/2008,WI,Oconto,McCain,republican,510,1000
11/04/2008,AK,Denali,Obama,democrat,490,1000
11/04/2008,AK,Denali,McCain,republican,510,1000
11/04/2008,WI,Vilas,Obama,democrat,470,1000
11/04/2008,WI,Vilas,McCain,republican,530,1000
11/04/2008,CA,Inyo,Obama,democrat,530,1000
11/04/2008,CA,Inyo,McCain,republican,470,1000
11/04/2008,NC,Iredell,Obama,democrat,470,1000
11/04/2008,NC,Iredell,McCain,republican,530,1000
11/04/2008,AR,Pulaski,Obama,democrat,580,1000
11/04/2008,AR,Pulaski,McCain,republican,420,1000
11/04/2008,MO,Vernon,Obama,democrat,470,1000
11/04/2008,MO,Vernon,McCain,republican,530,1000
11/04/2008,IL,Carroll,Obama,democrat,530,1000
11/04/2008,IL,Carroll,McCain,republican,470,1000
11/04/2008,GA,Hart,Obama,democrat,420,1000
11/04/2008,GA,Hart,McCain,republican,580,1000
11/04/2008,IL,Adams,Obama,democrat,470,1000
11/04/2008,IL,Adams,McCain,republican,530,1000
11/04/2008,TX,Tyler,Obama,democrat,420,1000
11/04/2008,TX,Tyler,McCain,republican,580,1000
11/04/2008,GA,Lamar,Obama,democrat,420,1000
11/04/2008,GA,Lamar,McCain,republican,580,1000
11/04/2008,TX,Polk,Obama,democrat,420,1000
11/04/2008,TX,Polk,McCain,republican,580,1000
11/04/2008,CA,Sacramento,Obama,democrat,580,1000
11/04/2008,CA,Sacramento,McCain,republican,420,1000
11/04/2008,OK,Pushmataha,Obama,democrat,470,1000
11/04/2008,OK,Pushmataha,McCain,republican,530,1000
11/04/2008,VA,Greene,Obama,democrat,420,1000
11/04/2008,VA,Greene,McCain,republican,580,1000
11/04/2008,OH,Belmont,Obama,democrat,490,1000
11/04/2008,OH,Belmont,McCain,republican,510,1000
11/04/2008,WI,Washburn,Obama,democrat,490,1000
11/04/2008,WI,Washburn,McCain,republican,510,1000
11/04/2008,AR,Ouachita,Obama,democrat,510,1000
11/04/2008,AR,Ouachita,McCain,republican,490,1000
11/04/2008,SC,Colleton,Obama,democrat,580,1000
11/04/2008,SC,Colleton,McCain,republican,420,1000
11/04/2008,PA,Butler,Obama,democrat,470,1000
11/04/2008,PA,Butler,McCain,republican,530,1000
11/04/2008,AR,Sevier,Obama,democrat,420,1000
11/04/2008,AR,Sevier,McCain,republican,580,1000
11/04/2008,OH,Lorain,Obama,democrat,580,1000
11/04/2008,OH,Lorain,McCain,republican,420,1000
11/04/2008,LA,St_Mary,Obama,democrat,420,1000
11/04/2008,LA,St_Mary,McCain,republican,580,1000
11/04/2008,MO,Pike,Obama,democrat,470,1000
11/04/2008,MO,Pike,McCain,republican,530,1000
11/04/2008,OK,Craig,Obama,democrat,470,1000
11/04/2008,OK,Craig,McCain,republican,530,1000
11/04/2008,KS,Sedgwick,Obama,democrat,580,1000
11/04/2008,KS,Sedgwick,McCain,republican,420,1000
11/04/2008,IN,Jasper,Obama,democrat,470,1000
11/04/2008,IN,Jasper,McCain,republican,530,1000
11/04/2008,CA,Napa,Obama,democrat,580,1000
11/04/2008,CA,Napa,McCain,republican,420,1000
11/04/2008,TX,Loving,Obama,democrat,420,1000
11/04/2008,TX,Loving,McCain,republican,580,1000
11/04/2008,MO,Johnson,Obama,democrat,420,1000
11/04/2008,MO,Johnson,McCain,republican,580,1000
11/04/2008,CO,Broomfield,Obama,democrat,580,1000
11/04/2008,CO,Broomfield,McCain,republican,420,1000
11/04/2008,VA,Page,Obama,democrat,470,1000
11/04/2008,VA,Page,McCain,republican,530,1000
11/04/2008,WV,Mason,Obama,democrat,420,1000
11/04/2008,WV,Mason,McCain,republican,580,1000
11/04/2008,AL,Winston,Obama,democrat,420,1000
11/04/2008,AL,Winston,McCain,republican,580,1000
11/04/2008,AL,Perry,Obama,democrat,490,1000
11/04/2008,AL,Perry,McCain,republican,510,1000
11/04/2008,OH,Meigs,Obama,democrat,420,1000
11/04/2008,OH,Meigs,McCain,republican,580,1000
11/04/2008,SD,Buffalo,Obama,democrat,420,1000
11/04/2008,SD,Buffalo,McCain,republican,580,1000
11/04/2008,SD,Mellette,Obama,democrat,420,1000
11/04/2008,SD,Mellette,McCain,republican,580,1000
11/04/2008,NY,Chautauqua,Obama,democrat,510,1000
11/04/2008,NY,Chautauqua,McCain,republican,490,1000
11/04/2008,SD,Oglala_Lakota,Obama,democrat,580,1000
11/04/2008,SD,Oglala_Lakota,McCain,republican,420,1000
11/04/2008,DC,District_of_Columbia,Obama,democrat,580,1000
11/04/2008,DC,District_of_Columbia,McCain,republican,420,1000
11/04/2008,10,New_Castle,Obama,democrat,580,1000
11/04/2008,10,New_Castle,McCain,republican,420,1000
11/04/2008,CO,Denver,Obama,democrat,580,1000
11/04/2008,CO,Denver,McCain,republican,420,1000
11/04/2008,NJ,Morris,Obama,democrat,580,1000
11/04/2008,NJ,Morris,McCain,republican,420,1000
11/04/2008,AL,Hale,Obama,democrat,470,1000
11/04/2008,AL,Hale,McCain,republican,530,1000
11/04/2008,OH,Washington,Obama,democrat,420,1000
11/04/2008,OH,Washington,McCain,republican,580,1000
11/04/2008,WV,Calhoun,Obama,democrat,420,1000
11/04/2008,WV,Calhoun,McCain,republican,580,1000
11/04/2008,PA,Crawford,Obama,democrat,470,1000
11/04/2008,PA,Crawford,McCain,republican,530,1000
11/04/2008,SD,Todd,Obama,democrat,470,1000
11/04/2008,SD,Todd,McCain,republican,530,1000
11/04/2008,MT,Dawson,Obama,democrat,420,1000
11/04/2008,MT,Dawson,McCain,republican,580,1000
11/04/2008,TX,Montague,Obama,democrat,420,1000
11/04/2008,TX,Montague,McCain,republican,580,1000
11/04/2008,MT,Richland,Obama,democrat,420,1000
11/04/2008,MT,Richland,McCain,republican,580,1000
11/04/2008,TX,Gray,Obama,democrat,420,1000
11/04/2008,TX,Gray,McCain,republican,580,1000
11/04/2008,AR,Greene,Obama,democrat,510,1000
11/04/2008,AR,Greene,McCain,republican,490,1000
11/04/2008,GA,Appling,Obama,democrat,420,1000
11/04/2008,GA,Appling,McCain,republican,580,1000
11/04/2008,AL,Elmore,Obama,democrat,420,1000
11/04/2008,AL,Elmore,McCain,republican,580,1000
11/04/2008,GA,Coweta,Obama,democrat,470,1000
11/04/2008,GA,Coweta,McCain,republican,530,1000
11/04/2008,IN,Elkhart,Obama,democrat,470,1000
11/04/2008,IN,Elkhart,McCain,republican,530,1000
11/04/2008,NC,Yadkin,Obama,democrat,470,1000
11/04/2008,NC,Yadkin,McCain,republican,530,1000
11/04/2008,AL,Chilton,Obama,democrat,420,1000
11/04/2008,AL,Chilton,McCain,republican,580,1000
11/04/2008,OH,Wood,Obama,democrat,530,1000
11/04/2008,OH,Wood,McCain,republican,470,1000
11/04/2008,NY,Westchester,Obama,democrat,580,1000
11/04/2008,NY,Westchester,McCain,republican,420,1000
11/04/2008,LA,Orleans,Obama,democrat,580,1000
11/04/2008,LA,Orleans,McCain,republican,420,1000
11/04/2008,WV,Mineral,Obama,democrat,420,1000
11/04/2008,WV,Mineral,McCain,republican,580,1000
11/04/2008,AL,Walker,Obama,democrat,420,1000
11/04/2008,AL,Walker,McCain,republican,580,1000
11/04/2008,WV,Monongalia,Obama,democrat,580,1000
11/04/2008,WV,Monongalia,McCain,republican,420,1000
11/04/2008,WV,Pleasants,Obama,democrat,420,1000
11/04/2008,WV,Pleasants,McCain,republican,580,1000
11/04/2008,NY,Rensselaer,Obama,democrat,530,1000
11/04/2008,NY,Rensselaer,McCain,republican,470,1000
11/04/2008,NC,Cleveland,Obama,democrat,470,1000
11/04/2008,NC,Cleveland,McCain,republican,530,1000
11/04/2008,NC,Gaston,Obama,democrat,490,1000
11/04/2008,NC,Gaston,McCain,republican,510,1000
11/04/2008,NJ,Cumberland,Obama,democrat,580,1000
11/04/2008,NJ,Cumberland,McCain,republican,420,1000
11/04/2008,CO,Eagle,Obama,democrat,580,1000
11/04/2008,CO,Eagle,McCain,republican,420,1000
11/04/2008,TX,Jack,Obama,democrat,420,1000
11/04/2008,TX,Jack,McCain,republican,580,1000
11/04/2008,AL,Coosa,Obama,democrat,420,1000
11/04/2008,AL,Coosa,McCain,republican,580,1000
11/04/2008,FL,St_Lucie,Obama,democrat,580,1000
11/04/2008,FL,St_Lucie,McCain,republican,420,1000
11/04/2008,AL,Henry,Obama,democrat,420,1000
11/04/2008,AL,Henry,McCain,republican,580,1000
11/04/2008,CA,Santa_Cruz,Obama,democrat,580,1000
11/04/2008,CA,Santa_Cruz,McCain,republican,420,1000
11/04/2008,KS,Labette,Obama,democrat,490,1000
11/04/2008,KS,Labette,McCain,republican,510,1000
11/04/2008,GA,Baldwin,Obama,democrat,530,1000
11/04/2008,GA,Baldwin,McCain,republican,470,1000
11/04/2008,LA,St_Bernard,Obama,democrat,510,1000
11/04/2008,LA,St_Bernard,McCain,republican,490,1000
11/04/2008,VA,Suffolk,Obama,democrat,580,1000
11/04/2008,VA,Suffolk,McCain,republican,420,1000
11/04/2008,CO,Jefferson,Obama,democrat,580,1000
11/04/2008,CO,Jefferson,McCain,republican,420,1000
11/04/2008,WV,Pendleton,Obama,democrat,420,1000
11/04/2008,WV,Pendleton,McCain,republican,580,1000
11/04/2008,VA,Tazewell,Obama,democrat,420,1000
11/04/2008,VA,Tazewell,McCain,republican,580,1000
11/04/2008,MO,Clark,Obama,democrat,470,1000
11/04/2008,MO,Clark,McCain,republican,530,1000
11/04/2008,NJ,Salem,Obama,democrat,530,1000
11/04/2008,NJ,Salem,McCain,republican,470,1000
11/04/2008,PA,Warren,Obama,democrat,420,1000
11/04/2008,PA,Warren,McCain,republican,580,1000
11/04/2008,ND,Grand_Forks,Obama,democrat,530,1000
11/04/2008,ND,Grand_Forks,McCain,republican,470,1000
11/04/2008,OK,Delaware,Obama,democrat,420,1000
11/04/2008,OK,Delaware,McCain,republican,580,1000
11/04/2008,CO,Hinsdale,Obama,democrat,490,1000
11/04/2008,CO,Hinsdale,McCain,republican,510,1000
11/04/2008,AL,Macon,Obama,democrat,470,1000
11/04/2008,AL,Macon,McCain,republican,530,1000
11/04/2008,VA,Carroll,Obama,democrat,420,1000
11/04/2008,VA,Carroll,McCain,republican,580,1000
11/04/2008,CA,Placer,Obama,democrat,530,1000
11/04/2008,CA,Placer,McCain,republican,470,1000
11/04/2008,OH,Medina,Obama,democrat,503,1000
11/04/2008,OH,Medina,McCain,republican,497,1000
11/04/2008,OK,Cotton,Obama,democrat,420,1000
11/04/2008,OK,Cotton,McCain,republican,580,1000
11/04/2008,OK,Jackson,Obama,democrat,420,1000
11/04/2008,OK,Jackson,McCain,republican,580,1000
11/04/2008,LA,Ouachita,Obama,democrat,470,1000
11/04/2008,LA,Ouachita,McCain,republican,530,1000
11/04/2008,CO,El_Paso,Obama,democrat,530,1000
11/04/2008,CO,El_Paso,McCain,republican,470,1000
11/04/2008,WV,Ritchie,Obama,democrat,470,1000
11/04/2008,WV,Ritchie,McCain,republican,530,1000
11/04/2008,VA,Floyd,Obama,democrat,420,1000
11/04/2008,VA,Floyd,McCain,republican,580,1000
11/04/2008,MT,Fallon,Obama,democrat,420,1000
11/04/2008,MT,Fallon,McCain,republican,580,1000
11/04/2008,MT,Prairie,Obama,democrat,420,1000
11/04/2008,MT,Prairie,McCain,republican,580,1000
11/04/2008,TX,Brown,Obama,democrat,420,1000
11/04/2008,TX,Brown,McCain,republican,580,1000
11/04/2008,TX,Ector,Obama,democrat,420,1000
11/04/2008,TX,Ector,McCain,republican,580,1000
11/04/2008,UT,Emery,Obama,democrat,420,1000
11/04/2008,UT,Emery,McCain,republican,580,1000
11/04/2008,NY,Richmond,Obama,democrat,580,1000
11/04/2008,NY,Richmond,McCain,republican,420,1000
11/04/2008,NC,Dare,Obama,democrat,580,1000
11/04/2008,NC,Dare,McCain,republican,420,1000
11/04/2008,NE,Butler,Obama,democrat,470,1000
11/04/2008,NE,Butler,McCain,republican,530,1000
11/04/2008,TX,Lamar,Obama,democrat,420,1000
11/04/2008,TX,Lamar,McCain,republican,580,1000
11/04/2008,KS,Dickinson,Obama,democrat,420,1000
11/04/2008,KS,Dickinson,McCain,republican,580,1000
11/04/2008,ID,Jerome,Obama,democrat,420,1000
11/04/2008,ID,Jerome,McCain,republican,580,1000
11/04/2008,OH,Mercer,Obama,democrat,420,1000
11/04/2008,OH,Mercer,McCain,republican,580,1000
11/04/2008,IL,Livingston,Obama,democrat,420,1000
11/04/2008,IL,Livingston,McCain,republican,580,1000
11/04/2008,IA,Dubuque,Obama,democrat,580,1000
11/04/2008,IA,Dubuque,McCain,republican,420,1000
11/04/2008,ID,Madison,Obama,democrat,470,1000
11/04/2008,ID,Madison,McCain,republican,530,1000
11/04/2008,LA,Plaquemines,Obama,democrat,490,1000
11/04/2008,LA,Plaquemines,McCain,republican,510,1000
11/04/2008,LA,Pointe_Coupee,Obama,democrat,530,1000
11/04/2008,LA,Pointe_Coupee,McCain,republican,470,1000
11/04/2008,MT,Missoula,Obama,democrat,580,1000
11/04/2008,MT,Missoula,McCain,republican,420,1000
11/04/2008,UT,Grand,Obama,democrat,420,1000
11/04/2008,UT,Grand,McCain,republican,580,1000
11/04/2008,TX,Bexar,Obama,democrat,580,1000
11/04/2008,TX,Bexar,McCain,republican,420,1000
11/04/2008,HI,Honolulu,Obama,democrat,580,1000
11/04/2008,HI,Honolulu,McCain,republican,420,1000
11/04/2008,GA,Oglethorpe,Obama,democrat,470,1000
11/04/2008,GA,Oglethorpe,McCain,republican,530,1000
11/04/2008,GA,Peach,Obama,democrat,530,1000
11/04/2008,GA,Peach,McCain,republican,470,1000
11/04/2008,OH,Clinton,Obama,democrat,420,1000
11/04/2008,OH,Clinton,McCain,republican,580,1000
11/04/2008,GA,Randolph,Obama,democrat,530,1000
11/04/2008,GA,Randolph,McCain,republican,470,1000
11/04/2008,GA,Jasper,Obama,democrat,420,1000
11/04/2008,GA,Jasper,McCain,republican,580,1000
11/04/2008,TX,Jackson,Obama,democrat,420,1000
11/04/2008,TX,Jackson,McCain,republican,580,1000
11/04/2008,GA,Troup,Obama,democrat,470,1000
11/04/2008,GA,Troup,McCain,republican,530,1000
11/04/2008,GA,Brantley,Obama,democrat,420,1000
11/04/2008,GA,Brantley,McCain,republican,580,1000
11/04/2008,GA,Bryan,Obama,democrat,580,1000
11/04/2008,GA,Bryan,McCain,republican,420,1000
11/04/2008,TX,Leon,Obama,democrat,420,1000
11/04/2008,TX,Leon,McCain,republican,580,1000
11/04/2008,CA,Merced,Obama,democrat,580,1000
11/04/2008,CA,Merced,McCain,republican,420,1000
11/04/2008,FL,Martin,Obama,democrat,490,1000
11/04/2008,FL,Martin,McCain,republican,510,1000
11/04/2008,TX,Ward,Obama,democrat,420,1000
11/04/2008,TX,Ward,McCain,republican,580,1000
11/04/2008,TX,Wichita,Obama,democrat,490,1000
11/04/2008,TX,Wichita,McCain,republican,510,1000
11/04/2008,NY,Cayuga,Obama,democrat,530,1000
11/04/2008,NY,Cayuga,McCain,republican,470,1000
11/04/2008,NC,Hertford,Obama,democrat,580,1000
11/04/2008,NC,Hertford,McCain,republican,420,1000
11/04/2008,CO,Park,Obama,democrat,490,1000
11/04/2008,CO,Park,McCain,republican,510,1000
11/04/2008,CO,Teller,Obama,democrat,470,1000
11/04/2008,CO,Teller,McCain,republican,530,1000
11/04/2008,UT,Sevier,Obama,democrat,420,1000
11/04/2008,UT,Sevier,McCain,republican,580,1000
11/04/2008,UT,Tooele,Obama,democrat,420,1000
11/04/2008,UT,Tooele,McCain,republican,580,1000
11/04/2008,TX,Maverick,Obama,democrat,420,1000
11/04/2008,TX,Maverick,McCain,republican,580,1000
11/04/2008,FL,Suwannee,Obama,democrat,420,1000
11/04/2008,FL,Suwannee,McCain,republican,580,1000
11/04/2008,UT,Wasatch,Obama,democrat,420,1000
11/04/2008,UT,Wasatch,McCain,republican,580,1000
11/04/2008,OR,Malheur,Obama,democrat,420,1000
11/04/2008,OR,Malheur,McCain,republican,580,1000
11/04/2008,GA,Fayette,Obama,democrat,580,1000
11/04/2008,GA,Fayette,McCain,republican,420,1000
11/04/2008,KY,Floyd,Obama,democrat,470,1000
11/04/2008,KY,Floyd,McCain,republican,530,1000
11/04/2008,CO,Logan,Obama,democrat,420,1000
11/04/2008,CO,Logan,McCain,republican,580,1000
11/04/2008,OH,Montgomery,Obama,democrat,530,1000
11/04/2008,OH,Montgomery,McCain,republican,470,1000
11/04/2008,CO,Mesa,Obama,democrat,497,1000
11/04/2008,CO,Mesa,McCain,republican,503,1000
11/04/2008,IA,Howard,Obama,democrat,580,1000
11/04/2008,IA,Howard,McCain,republican,420,1000
11/04/2008,IL,Menard,Obama,democrat,490,1000
11/04/2008,IL,Menard,McCain,republican,510,1000
11/04/2008,TX,Mills,Obama,democrat,420,1000
11/04/2008,TX,Mills,McCain,republican,580,1000
11/04/2008,IL,Monroe,Obama,democrat,530,1000
11/04/2008,IL,Monroe,McCain,republican,470,1000
11/04/2008,OR,Douglas,Obama,democrat,470,1000
11/04/2008,OR,Douglas,McCain,republican,530,1000
11/04/2008,WI,Crawford,Obama,democrat,580,1000
11/04/2008,WI,Crawford,McCain,republican,420,1000
11/04/2008,TX,Haskell,Obama,democrat,420,1000
11/04/2008,TX,Haskell,McCain,republican,580,1000
11/04/2008,OK,Logan,Obama,democrat,470,1000
11/04/2008,OK,Logan,McCain,republican,530,1000
11/04/2008,WA,Grays_Harbor,Obama,democrat,580,1000
11/04/2008,WA,Grays_Harbor,McCain,republican,420,1000
11/04/2008,WA,Lincoln,Obama,democrat,510,1000
11/04/2008,WA,Lincoln,McCain,republican,490,1000
11/04/2008,WA,Okanogan,Obama,democrat,580,1000
11/04/2008,WA,Okanogan,McCain,republican,420,1000
11/04/2008,IA,Monona,Obama,democrat,470,1000
11/04/2008,IA,Monona,McCain,republican,530,1000
11/04/2008,GA,Taliaferro,Obama,democrat,580,1000
11/04/2008,GA,Taliaferro,McCain,republican,420,1000
11/04/2008,OK,Greer,Obama,democrat,470,1000
11/04/2008,OK,Greer,McCain,republican,530,1000
11/04/2008,GA,Terrell,Obama,democrat,580,1000
11/04/2008,GA,Terrell,McCain,republican,420,1000
11/04/2008,MD,Queen_Anne_s,Obama,democrat,503,1000
11/04/2008,MD,Queen_Anne_s,McCain,republican,497,1000
11/04/2008,OH,Noble,Obama,democrat,470,1000
11/04/2008,OH,Noble,McCain,republican,530,1000
11/04/2008,CO,Prowers,Obama,democrat,420,1000
11/04/2008,CO,Prowers,McCain,republican,580,1000
11/04/2008,ID,Latah,Obama,democrat,580,1000
11/04/2008,ID,Latah,McCain,republican,420,1000
11/04/2008,VA,Gloucester,Obama,democrat,470,1000
11/04/2008,VA,Gloucester,McCain,republican,530,1000
11/04/2008,CO,Rio_Blanco,Obama,democrat,420,1000
11/04/2008,CO,Rio_Blanco,McCain,republican,580,1000
11/04/2008,TX,Pecos,Obama,democrat,420,1000
11/04/2008,TX,Pecos,McCain,republican,580,1000
11/04/2008,IA,Marion,Obama,democrat,490,1000
11/04/2008,IA,Marion,McCain,republican,510,1000
11/04/2008,OH,Preble,Obama,democrat,420,1000
11/04/2008,OH,Preble,McCain,republican,580,1000
11/04/2008,GA,Rabun,Obama,democrat,420,1000
11/04/2008,GA,Rabun,McCain,republican,580,1000
11/04/2008,MO,Taney,Obama,democrat,420,1000
11/04/2008,MO,Taney,McCain,republican,580,1000
11/04/2008,TX,Marion,Obama,democrat,420,1000
11/04/2008,TX,Marion,McCain,republican,580,1000
11/04/2008,AR,Washington,Obama,democrat,580,1000
11/04/2008,AR,Washington,McCain,republican,420,1000
11/04/2008,WA,Skagit,Obama,democrat,580,1000
11/04/2008,WA,Skagit,McCain,republican,420,1000
11/04/2008,WA,Stevens,Obama,democrat,530,1000
11/04/2008,WA,Stevens,McCain,republican,470,1000
11/04/2008,TX,Matagorda,Obama,democrat,420,1000
11/04/2008,TX,Matagorda,McCain,republican,580,1000
11/04/2008,MA,Hampshire,Obama,democrat,580,1000
11/04/2008,MA,Hampshire,McCain,republican,420,1000
11/04/2008,OK,Mayes,Obama,democrat,420,1000
11/04/2008,OK,Mayes,McCain,republican,580,1000
11/04/2008,FL,Lake,Obama,democrat,530,1000
11/04/2008,FL,Lake,McCain,republican,470,1000
11/04/2008,10,Kent,Obama,democrat,580,1000
11/04/2008,10,Kent,McCain,republican,420,1000
11/04/2008,OH,Highland,Obama,democrat,420,1000
11/04/2008,OH,Highland,McCain,republican,580,1000
11/04/2008,GA,Clarke,Obama,democrat,580,1000
11/04/2008,GA,Clarke,McCain,republican,420,1000
11/04/2008,IA,Osceola,Obama,democrat,420,1000
11/04/2008,IA,Osceola,McCain,republican,580,1000
11/04/2008,CO,San_Juan,Obama,democrat,580,1000
11/04/2008,CO,San_Juan,McCain,republican,420,1000
11/04/2008,IA,Plymouth,Obama,democrat,420,1000
11/04/2008,IA,Plymouth,McCain,republican,580,1000
11/04/2008,VA,Hanover,Obama,democrat,470,1000
11/04/2008,VA,Hanover,McCain,republican,530,1000
11/04/2008,IA,Mills,Obama,democrat,420,1000
11/04/2008,IA,Mills,McCain,republican,580,1000
11/04/2008,SC,Oconee,Obama,democrat,420,1000
11/04/2008,SC,Oconee,McCain,republican,580,1000
11/04/2008,AR,Crawford,Obama,democrat,470,1000
11/04/2008,AR,Crawford,McCain,republican,530,1000
11/04/2008,TX,Harrison,Obama,democrat,420,1000
11/04/2008,TX,Harrison,McCain,republican,580,1000
11/04/2008,NY,Herkimer,Obama,democrat,470,1000
11/04/2008,NY,Herkimer,McCain,republican,530,1000
11/04/2008,WA,Whatcom,Obama,democrat,580,1000
11/04/2008,WA,Whatcom,McCain,republican,420,1000
11/04/2008,GA,Whitfield,Obama,democrat,420,1000
11/04/2008,GA,Whitfield,McCain,republican,580,1000
11/04/2008,WA,Douglas,Obama,democrat,530,1000
11/04/2008,WA,Douglas,McCain,republican,470,1000
11/04/2008,GA,Clinch,Obama,democrat,420,1000
11/04/2008,GA,Clinch,McCain,republican,580,1000
11/04/2008,ID,Adams,Obama,democrat,420,1000
11/04/2008,ID,Adams,McCain,republican,580,1000
11/04/2008,TX,Hockley,Obama,democrat,420,1000
11/04/2008,TX,Hockley,McCain,republican,580,1000
11/04/2008,IL,Pulaski,Obama,democrat,510,1000
11/04/2008,IL,Pulaski,McCain,republican,490,1000
11/04/2008,GA,Chattahoochee,Obama,democrat,510,1000
11/04/2008,GA,Chattahoochee,McCain,republican,490,1000
11/04/2008,AR,Randolph,Obama,democrat,420,1000
11/04/2008,AR,Randolph,McCain,republican,580,1000
11/04/2008,AR,White,Obama,democrat,420,1000
11/04/2008,AR,White,McCain,republican,580,1000
11/04/2008,MO,Howard,Obama,democrat,530,1000
11/04/2008,MO,Howard,McCain,republican,470,1000
11/04/2008,TX,Knox,Obama,democrat,420,1000
11/04/2008,TX,Knox,McCain,republican,580,1000
11/04/2008,NJ,Passaic,Obama,democrat,580,1000
11/04/2008,NJ,Passaic,McCain,republican,420,1000
11/04/2008,MT,Broadwater,Obama,democrat,420,1000
11/04/2008,MT,Broadwater,McCain,republican,580,1000
11/04/2008,GA,Jones,Obama,democrat,470,1000
11/04/2008,GA,Jones,McCain,republican,530,1000
11/04/2008,NY,Otsego,Obama,democrat,530,1000
11/04/2008,NY,Otsego,McCain,republican,470,1000
11/04/2008,TX,Franklin,Obama,democrat,420,1000
11/04/2008,TX,Franklin,McCain,republican,580,1000
11/04/2008,OK,Garvin,Obama,democrat,420,1000
11/04/2008,OK,Garvin,McCain,republican,580,1000
11/04/2008,NY,Hamilton,Obama,democrat,420,1000
11/04/2008,NY,Hamilton,McCain,republican,580,1000
11/04/2008,PA,Pike,Obama,democrat,530,1000
11/04/2008,PA,Pike,McCain,republican,470,1000
11/04/2008,VT,Orleans,Obama,democrat,580,1000
11/04/2008,VT,Orleans,McCain,republican,420,1000
11/04/2008,GA,Colquitt,Obama,democrat,470,1000
11/04/2008,GA,Colquitt,McCain,republican,530,1000
11/04/2008,VT,Chittenden,Obama,democrat,580,1000
11/04/2008,VT,Chittenden,McCain,republican,420,1000
11/04/2008,MT,Pondera,Obama,democrat,420,1000
11/04/2008,MT,Pondera,McCain,republican,580,1000
11/04/2008,WI,Columbia,Obama,democrat,580,1000
11/04/2008,WI,Columbia,McCain,republican,420,1000
11/04/2008,NE,Thurston,Obama,democrat,580,1000
11/04/2008,NE,Thurston,McCain,republican,420,1000
11/04/2008,AR,Woodruff,Obama,democrat,530,1000
11/04/2008,AR,Woodruff,McCain,republican,470,1000
11/04/2008,OK,Okfuskee,Obama,democrat,420,1000
11/04/2008,OK,Okfuskee,McCain,republican,580,1000
11/04/2008,TX,San_Patricio,Obama,democrat,490,1000
11/04/2008,TX,San_Patricio,McCain,republican,510,1000
11/04/2008,MS,Rankin,Obama,democrat,510,1000
11/04/2008,MS,Rankin,McCain,republican,490,1000
11/04/2008,NM,Curry,Obama,democrat,420,1000
11/04/2008,NM,Curry,McCain,republican,580,1000
11/04/2008,MS,Leflore,Obama,democrat,580,1000
11/04/2008,MS,Leflore,McCain,republican,420,1000
11/04/2008,TX,Hardin,Obama,democrat,420,1000
11/04/2008,TX,Hardin,McCain,republican,580,1000
11/04/2008,VA,Nelson,Obama,democrat,470,1000
11/04/2008,VA,Nelson,McCain,republican,530,1000
11/04/2008,TN,Jackson,Obama,democrat,420,1000
11/04/2008,TN,Jackson,McCain,republican,580,1000
11/04/2008,TX,Refugio,Obama,democrat,420,1000
11/04/2008,TX,Refugio,McCain,republican,580,1000
11/04/2008,FL,Columbia,Obama,democrat,420,1000
11/04/2008,FL,Columbia,McCain,republican,580,1000
11/04/2008,KS,Atchison,Obama,democrat,530,1000
11/04/2008,KS,Atchison,McCain,republican,470,1000
11/04/2008,AL,Jefferson,Obama,democrat,580,1000
11/04/2008,AL,Jefferson,McCain,republican,420,1000
11/04/2008,TX,Houston,Obama,democrat,420,1000
11/04/2008,TX,Houston,McCain,republican,580,1000
11/04/2008,WV,Marshall,Obama,democrat,420,1000
11/04/2008,WV,Marshall,McCain,republican,580,1000
11/04/2008,VA,Pulaski,Obama,democrat,420,1000
11/04/2008,VA,Pulaski,McCain,republican,580,1000
11/04/2008,MO,DeKalb,Obama,democrat,420,1000
11/04/2008,MO,DeKalb,McCain,republican,580,1000
11/04/2008,GA,Harris,Obama,democrat,470,1000
11/04/2008,GA,Harris,McCain,republican,530,1000
11/04/2008,GA,Houston,Obama,democrat,470,1000
11/04/2008,GA,Houston,McCain,republican,530,1000
11/04/2008,CO,Custer,Obama,democrat,510,1000
11/04/2008,CO,Custer,McCain,republican,490,1000
11/04/2008,MO,Reynolds,Obama,democrat,510,1000
11/04/2008,MO,Reynolds,McCain,republican,490,1000
11/04/2008,TX,San_Saba,Obama,democrat,420,1000
11/04/2008,TX,San_Saba,McCain,republican,580,1000
11/04/2008,CO,Fremont,Obama,democrat,470,1000
11/04/2008,CO,Fremont,McCain,republican,530,1000
11/04/2008,TX,Webb,Obama,democrat,530,1000
11/04/2008,TX,Webb,McCain,republican,470,1000
11/04/2008,KY,Pulaski,Obama,democrat,420,1000
11/04/2008,KY,Pulaski,McCain,republican,580,1000
11/04/2008,KS,Thomas,Obama,democrat,420,1000
11/04/2008,KS,Thomas,McCain,republican,580,1000
11/04/2008,UT,Box_Elder,Obama,democrat,420,1000
11/04/2008,UT,Box_Elder,McCain,republican,580,1000
11/04/2008,TN,Marion,Obama,democrat,420,1000
11/04/2008,TN,Marion,McCain,republican,580,1000
11/04/2008,MN,Chisago,Obama,democrat,470,1000
11/04/2008,MN,Chisago,McCain,republican,530,1000
11/04/2008,NC,Transylvania,Obama,democrat,530,1000
11/04/2008,NC,Transylvania,McCain,republican,470,1000
11/04/2008,MT,Treasure,Obama,democrat,420,1000
11/04/2008,MT,Treasure,McCain,republican,580,1000
11/04/2008,WA,Thurston,Obama,democrat,580,1000
11/04/2008,WA,Thurston,McCain,republican,420,1000
11/04/2008,MI,Barry,Obama,democrat,490,1000
11/04/2008,MI,Barry,McCain,republican,510,1000
11/04/2008,UT,Juab,Obama,democrat,420,1000
11/04/2008,UT,Juab,McCain,republican,580,1000
11/04/2008,VA,King_William,Obama,democrat,470,1000
11/04/2008,VA,King_William,McCain,republican,530,1000
11/04/2008,GA,Catoosa,Obama,democrat,420,1000
11/04/2008,GA,Catoosa,McCain,republican,580,1000
11/04/2008,NJ,Bergen,Obama,democrat,580,1000
11/04/2008,NJ,Bergen,McCain,republican,420,1000
11/04/2008,TX,Wilbarger,Obama,democrat,420,1000
11/04/2008,TX,Wilbarger,McCain,republican,580,1000
11/04/2008,OR,Coos,Obama,democrat,530,1000
11/04/2008,OR,Coos,McCain,republican,470,1000
11/04/2008,AZ,Yuma,Obama,democrat,530,1000
11/04/2008,AZ,Yuma,McCain,republican,470,1000
11/04/2008,IL,Rock_Island,Obama,democrat,580,1000
11/04/2008,IL,Rock_Island,McCain,republican,420,1000
11/04/2008,KY,Fleming,Obama,democrat,420,1000
11/04/2008,KY,Fleming,McCain,republican,580,1000
11/04/2008,WI,Menominee,Obama,democrat,580,1000
11/04/2008,WI,Menominee,McCain,republican,420,1000
11/04/2008,OK,Ellis,Obama,democrat,420,1000
11/04/2008,OK,Ellis,McCain,republican,580,1000
11/04/2008,VA,Alleghany,Obama,democrat,420,1000
11/04/2008,VA,Alleghany,McCain,republican,580,1000
11/04/2008,SD,Charles_Mix,Obama,democrat,470,1000
11/04/2008,SD,Charles_Mix,McCain,republican,530,1000
11/04/2008,TN,Hardeman,Obama,democrat,420,1000
11/04/2008,TN,Hardeman,McCain,republican,580,1000
11/04/2008,MT,Glacier,Obama,democrat,580,1000
11/04/2008,MT,Glacier,McCain,republican,420,1000
11/04/2008,MT,Park,Obama,democrat,530,1000
11/04/2008,MT,Park,McCain,republican,470,1000
11/04/2008,GA,Elbert,Obama,democrat,470,1000
11/04/2008,GA,Elbert,McCain,republican,530,1000
11/04/2008,MT,Sanders,Obama,democrat,420,1000
11/04/2008,MT,Sanders,McCain,republican,580,1000
11/04/2008,TX,Van_Zandt,Obama,democrat,420,1000
11/04/2008,TX,Van_Zandt,McCain,republican,580,1000
11/04/2008,NE,Gage,Obama,democrat,420,1000
11/04/2008,NE,Gage,McCain,republican,580,1000
11/04/2008,LA,St_Landry,Obama,democrat,530,1000
11/04/2008,LA,St_Landry,McCain,republican,470,1000
11/04/2008,ME,Knox,Obama,democrat,580,1000
11/04/2008,ME,Knox,McCain,republican,420,1000
11/04/2008,NV,Lyon,Obama,democrat,470,1000
11/04/2008,NV,Lyon,McCain,republican,530,1000
11/04/2008,AL,Colbert,Obama,democrat,420,1000
11/04/2008,AL,Colbert,McCain,republican,580,1000
11/04/2008,LA,Lincoln,Obama,democrat,470,1000
11/04/2008,LA,Lincoln,McCain,republican,530,1000
11/04/2008,CA,El_Dorado,Obama,democrat,580,1000
11/04/2008,CA,El_Dorado,McCain,republican,420,1000
11/04/2008,ID,Shoshone,Obama,democrat,580,1000
11/04/2008,ID,Shoshone,McCain,republican,420,1000
11/04/2008,TN,Wilson,Obama,democrat,497,1000
11/04/2008,TN,Wilson,McCain,republican,503,1000
11/04/2008,ND,Mercer,Obama,democrat,420,1000
11/04/2008,ND,Mercer,McCain,republican,580,1000
11/04/2008,TN,Unicoi,Obama,democrat,420,1000
11/04/2008,TN,Unicoi,McCain,republican,580,1000
11/04/2008,WY,Goshen,Obama,democrat,420,1000
11/04/2008,WY,Goshen,McCain,republican,580,1000
11/04/2008,MN,Nicollet,Obama,democrat,580,1000
11/04/2008,MN,Nicollet,McCain,republican,420,1000
11/04/2008,WA,Garfield,Obama,democrat,510,1000
11/04/2008,WA,Garfield,McCain,republican,490,1000
11/04/2008,MO,Cape_Girardeau,Obama,democrat,420,1000
11/04/2008,MO,Cape_Girardeau,McCain,republican,580,1000
11/04/2008,OK,Pawnee,Obama,democrat,420,1000
11/04/2008,OK,Pawnee,McCain,republican,580,1000
11/04/2008,NC,Swain,Obama,democrat,490,1000
11/04/2008,NC,Swain,McCain,republican,510,1000
11/04/2008,VA,Culpeper,Obama,democrat,510,1000
11/04/2008,VA,Culpeper,McCain,republican,490,1000
11/04/2008,NY,Tioga,Obama,democrat,530,1000
11/04/2008,NY,Tioga,McCain,republican,470,1000
11/04/2008,NC,Jackson,Obama,democrat,580,1000
11/04/2008,NC,Jackson,McCain,republican,420,1000
11/04/2008,TX,Bosque,Obama,democrat,420,1000
11/04/2008,TX,Bosque,McCain,republican,580,1000
11/04/2008,IL,Pope,Obama,democrat,420,1000
11/04/2008,IL,Pope,McCain,republican,580,1000
11/04/2008,IA,Buchanan,Obama,democrat,580,1000
11/04/2008,IA,Buchanan,McCain,republican,420,1000
11/04/2008,TN,Fentress,Obama,democrat,470,1000
11/04/2008,TN,Fentress,McCain,republican,530,1000
11/04/2008,IL,Sangamon,Obama,democrat,530,1000
11/04/2008,IL,Sangamon,McCain,republican,470,1000
11/04/2008,KS,Franklin,Obama,democrat,420,1000
11/04/2008,KS,Franklin,McCain,republican,580,1000
11/04/2008,OR,Jackson,Obama,democrat,580,1000
11/04/2008,OR,Jackson,McCain,republican,420,1000
11/04/2008,ID,Fremont,Obama,democrat,420,1000
11/04/2008,ID,Fremont,McCain,republican,580,1000
11/04/2008,NE,Holt,Obama,democrat,420,1000
11/04/2008,NE,Holt,McCain,republican,580,1000
11/04/2008,MO,Jackson,Obama,democrat,580,1000
11/04/2008,MO,Jackson,McCain,republican,420,1000
11/04/2008,VA,King_George,Obama,democrat,470,1000
11/04/2008,VA,King_George,McCain,republican,530,1000
11/04/2008,TX,Caldwell,Obama,democrat,530,1000
11/04/2008,TX,Caldwell,McCain,republican,470,1000
11/04/2008,VA,Lancaster,Obama,democrat,510,1000
11/04/2008,VA,Lancaster,McCain,republican,490,1000
11/04/2008,MO,Chariton,Obama,democrat,420,1000
11/04/2008,MO,Chariton,McCain,republican,580,1000
11/04/2008,MT,Cascade,Obama,democrat,530,1000
11/04/2008,MT,Cascade,McCain,republican,470,1000
11/04/2008,VA,Mathews,Obama,democrat,420,1000
11/04/2008,VA,Mathews,McCain,republican,580,1000
11/04/2008,OK,Bryan,Obama,democrat,470,1000
11/04/2008,OK,Bryan,McCain,republican,530,1000
11/04/2008,TX,Washington,Obama,democrat,420,1000
11/04/2008,TX,Washington,McCain,republican,580,1000
11/04/2008,OH,Gallia,Obama,democrat,420,1000
11/04/2008,OH,Gallia,McCain,republican,580,1000
11/04/2008,TN,Hamilton,Obama,democrat,530,1000
11/04/2008,TN,Hamilton,McCain,republican,470,1000
11/04/2008,NE,Sheridan,Obama,democrat,420,1000
11/04/2008,NE,Sheridan,McCain,republican,580,1000
11/04/2008,IL,Jo_Daviess,Obama,democrat,580,1000
11/04/2008,IL,Jo_Daviess,McCain,republican,420,1000
11/04/2008,SD,Corson,Obama,democrat,420,1000
11/04/2008,SD,Corson,McCain,republican,580,1000
11/04/2008,MO,Lafayette,Obama,democrat,470,1000
11/04/2008,MO,Lafayette,McCain,republican,530,1000
11/04/2008,PA,Montgomery,Obama,democrat,580,1000
11/04/2008,PA,Montgomery,McCain,republican,420,1000
11/04/2008,MD,Prince_George_s,Obama,democrat,580,1000
11/04/2008,MD,Prince_George_s,McCain,republican,420,1000
11/04/2008,VA,Middlesex,Obama,democrat,420,1000
11/04/2008,VA,Middlesex,McCain,republican,580,1000
11/04/2008,ID,Owyhee,Obama,democrat,420,1000
11/04/2008,ID,Owyhee,McCain,republican,580,1000
11/04/2008,KS,Doniphan,Obama,democrat,470,1000
11/04/2008,KS,Doniphan,McCain,republican,530,1000
11/04/2008,NC,Graham,Obama,democrat,420,1000
11/04/2008,NC,Graham,McCain,republican,580,1000
11/04/2008,AL,Lamar,Obama,democrat,420,1000
11/04/2008,AL,Lamar,McCain,republican,580,1000
11/04/2008,GA,Coffee,Obama,democrat,420,1000
11/04/2008,GA,Coffee,McCain,republican,580,1000
11/04/2008,CO,Ouray,Obama,democrat,580,1000
11/04/2008,CO,Ouray,McCain,republican,420,1000
11/04/2008,NC,Henderson,Obama,democrat,510,1000
11/04/2008,NC,Henderson,McCain,republican,490,1000
11/04/2008,ID,Elmore,Obama,democrat,470,1000
11/04/2008,ID,Elmore,McCain,republican,530,1000
11/04/2008,ID,Jefferson,Obama,democrat,420,1000
11/04/2008,ID,Jefferson,McCain,republican,580,1000
11/04/2008,IN,Lake,Obama,democrat,580,1000
11/04/2008,IN,Lake,McCain,republican,420,1000
11/04/2008,PA,Lycoming,Obama,democrat,470,1000
11/04/2008,PA,Lycoming,McCain,republican,530,1000
11/04/2008,NJ,Hunterdon,Obama,democrat,580,1000
11/04/2008,NJ,Hunterdon,McCain,republican,420,1000
11/04/2008,VA,Smyth,Obama,democrat,420,1000
11/04/2008,VA,Smyth,McCain,republican,580,1000
11/04/2008,VA,Spotsylvania,Obama,democrat,530,1000
11/04/2008,VA,Spotsylvania,McCain,republican,470,1000
11/04/2008,NE,Sarpy,Obama,democrat,580,1000
11/04/2008,NE,Sarpy,McCain,republican,420,1000
11/04/2008,OK,Harmon,Obama,democrat,420,1000
11/04/2008,OK,Harmon,McCain,republican,580,1000
11/04/2008,GA,Toombs,Obama,democrat,470,1000
11/04/2008,GA,Toombs,McCain,republican,530,1000
11/04/2008,KS,Harper,Obama,democrat,420,1000
11/04/2008,KS,Harper,McCain,republican,580,1000
11/04/2008,AL,Shelby,Obama,democrat,470,1000
11/04/2008,AL,Shelby,McCain,republican,530,1000
11/04/2008,AR,Calhoun,Obama,democrat,420,1000
11/04/2008,AR,Calhoun,McCain,republican,580,1000
11/04/2008,NY,Columbia,Obama,democrat,580,1000
11/04/2008,NY,Columbia,McCain,republican,420,1000
11/04/2008,GA,Warren,Obama,democrat,580,1000
11/04/2008,GA,Warren,McCain,republican,420,1000
11/04/2008,OR,Linn,Obama,democrat,530,1000
11/04/2008,OR,Linn,McCain,republican,470,1000
11/04/2008,SD,Gregory,Obama,democrat,420,1000
11/04/2008,SD,Gregory,McCain,republican,580,1000
11/04/2008,TX,San_Jacinto,Obama,democrat,420,1000
11/04/2008,TX,San_Jacinto,McCain,republican,580,1000
11/04/2008,IL,Calhoun,Obama,democrat,470,1000
11/04/2008,IL,Calhoun,McCain,republican,530,1000
11/04/2008,FL,Brevard,Obama,democrat,510,1000
11/04/2008,FL,Brevard,McCain,republican,490,1000
11/04/2008,NE,Scotts_Bluff,Obama,democrat,420,1000
11/04/2008,NE,Scotts_Bluff,McCain,republican,580,1000
11/04/2008,ND,Nelson,Obama,democrat,580,1000
11/04/2008,ND,Nelson,McCain,republican,420,1000
11/04/2008,ME,Androscoggin,Obama,democrat,580,1000
11/04/2008,ME,Androscoggin,McCain,republican,420,1000
11/04/2008,TX,Wise,Obama,democrat,420,1000
11/04/2008,TX,Wise,McCain,republican,580,1000
11/04/2008,TN,Rutherford,Obama,democrat,420,1000
11/04/2008,TN,Rutherford,McCain,republican,580,1000
11/04/2008,MI,Houghton,Obama,democrat,470,1000
11/04/2008,MI,Houghton,McCain,republican,530,1000
11/04/2008,KY,Leslie,Obama,democrat,420,1000
11/04/2008,KY,Leslie,McCain,republican,580,1000
11/04/2008,NC,Harnett,Obama,democrat,510,1000
11/04/2008,NC,Harnett,McCain,republican,490,1000
11/04/2008,KY,Perry,Obama,democrat,470,1000
11/04/2008,KY,Perry,McCain,republican,530,1000
11/04/2008,IL,DuPage,Obama,democrat,580,1000
11/04/2008,IL,DuPage,McCain,republican,420,1000
11/04/2008,MN,Anoka,Obama,democrat,530,1000
11/04/2008,MN,Anoka,McCain,republican,470,1000
11/04/2008,CA,Butte,Obama,democrat,580,1000
11/04/2008,CA,Butte,McCain,republican,420,1000
11/04/2008,MN,Stearns,Obama,democrat,420,1000
11/04/2008,MN,Stearns,McCain,republican,580,1000
11/04/2008,MN,Sherburne,Obama,democrat,470,1000
11/04/2008,MN,Sherburne,McCain,republican,530,1000
11/04/2008,MO,Jasper,Obama,democrat,420,1000
11/04/2008,MO,Jasper,McCain,republican,580,1000
11/04/2008,GA,Wayne,Obama,democrat,470,1000
11/04/2008,GA,Wayne,McCain,republican,530,1000
11/04/2008,MD,Frederick,Obama,democrat,580,1000
11/04/2008,MD,Frederick,McCain,republican,420,1000
11/04/2008,AL,Dallas,Obama,democrat,530,1000
11/04/2008,AL,Dallas,McCain,republican,470,1000
11/04/2008,MI,Genesee,Obama,democrat,580,1000
11/04/2008,MI,Genesee,McCain,republican,420,1000
11/04/2008,NC,Hoke,Obama,democrat,580,1000
11/04/2008,NC,Hoke,McCain,republican,420,1000
11/04/2008,VA,Campbell,Obama,democrat,470,1000
11/04/2008,VA,Campbell,McCain,republican,530,1000
11/04/2008,MN,Jackson,Obama,democrat,503,1000
11/04/2008,MN,Jackson,McCain,republican,497,1000
11/04/2008,MI,St_Joseph,Obama,democrat,470,1000
11/04/2008,MI,St_Joseph,McCain,republican,530,1000
11/04/2008,KY,Bath,Obama,democrat,420,1000
11/04/2008,KY,Bath,McCain,republican,580,1000
11/04/2008,SD,Brookings,Obama,democrat,530,1000
11/04/2008,SD,Brookings,McCain,republican,470,1000
11/04/2008,TN,Cocke,Obama,democrat,420,1000
11/04/2008,TN,Cocke,McCain,republican,580,1000
11/04/2008,SD,Minnehaha,Obama,democrat,510,1000
11/04/2008,SD,Minnehaha,McCain,republican,490,1000
11/04/2008,SC,Abbeville,Obama,democrat,470,1000
11/04/2008,SC,Abbeville,McCain,republican,530,1000
11/04/2008,SC,Aiken,Obama,democrat,497,1000
11/04/2008,SC,Aiken,McCain,republican,503,1000
11/04/2008,TN,Dickson,Obama,democrat,420,1000
11/04/2008,TN,Dickson,McCain,republican,580,1000
11/04/2008,SC,Edgefield,Obama,democrat,420,1000
11/04/2008,SC,Edgefield,McCain,republican,580,1000
11/04/2008,MN,Lac_Qui_Parle,Obama,democrat,503,1000
11/04/2008,MN,Lac_Qui_Parle,McCain,republican,497,1000
11/04/2008,MT,Powell,Obama,democrat,530,1000
11/04/2008,MT,Powell,McCain,republican,470,1000
11/04/2008,OR,Union,Obama,democrat,420,1000
11/04/2008,OR,Union,McCain,republican,580,1000
11/04/2008,AK,Dillingham,Obama,democrat,580,1000
11/04/2008,AK,Dillingham,McCain,republican,420,1000
11/04/2008,IN,Jefferson,Obama,democrat,470,1000
11/04/2008,IN,Jefferson,McCain,republican,530,1000
11/04/2008,MS,Coahoma,Obama,democrat,580,1000
11/04/2008,MS,Coahoma,McCain,republican,420,1000
11/04/2008,NY,Orange,Obama,democrat,530,1000
11/04/2008,NY,Orange,McCain,republican,470,1000
11/04/2008,WI,Iron,Obama,democrat,530,1000
11/04/2008,WI,Iron,McCain,republican,470,1000
11/04/2008,KY,Franklin,Obama,democrat,530,1000
11/04/2008,KY,Franklin,McCain,republican,470,1000
11/04/2008,IN,Clinton,Obama,democrat,470,1000
11/04/2008,IN,Clinton,McCain,republican,530,1000
11/04/2008,LA,St_Charles,Obama,democrat,580,1000
11/04/2008,LA,St_Charles,McCain,republican,420,1000
11/04/2008,NC,Greene,Obama,democrat,530,1000
11/04/2008,NC,Greene,McCain,republican,470,1000
11/04/2008,TN,Lauderdale,Obama,democrat,503,1000
11/04/2008,TN,Lauderdale,McCain,republican,497,1000
11/04/2008,TN,DeKalb,Obama,democrat,530,1000
11/04/2008,TN,DeKalb,McCain,republican,470,1000
11/04/2008,FL,Citrus,Obama,democrat,510,1000
11/04/2008,FL,Citrus,McCain,republican,490,1000
11/04/2008,SC,Greenwood,Obama,democrat,490,1000
11/04/2008,SC,Greenwood,McCain,republican,510,1000
11/04/2008,TN,Perry,Obama,democrat,470,1000
11/04/2008,TN,Perry,McCain,republican,530,1000
11/04/2008,WI,Sheboygan,Obama,democrat,530,1000
11/04/2008,WI,Sheboygan,McCain,republican,470,1000
11/04/2008,SC,Spartanburg,Obama,democrat,530,1000
11/04/2008,SC,Spartanburg,McCain,republican,470,1000
11/04/2008,MN,Renville,Obama,democrat,470,1000
11/04/2008,MN,Renville,McCain,republican,530,1000
11/04/2008,MO,Cole,Obama,democrat,510,1000
11/04/2008,MO,Cole,McCain,republican,490,1000
11/04/2008,WY,Fremont,Obama,democrat,420,1000
11/04/2008,WY,Fremont,McCain,republican,580,1000
11/04/2008,TN,Claiborne,Obama,democrat,470,1000
11/04/2008,TN,Claiborne,McCain,republican,530,1000
11/04/2008,PA,Beaver,Obama,democrat,580,1000
11/04/2008,PA,Beaver,McCain,republican,420,1000
11/04/2008,PA,Erie,Obama,democrat,580,1000
11/04/2008,PA,Erie,McCain,republican,420,1000
11/04/2008,NC,Wayne,Obama,democrat,490,1000
11/04/2008,NC,Wayne,McCain,republican,510,1000
11/04/2008,TX,Hays,Obama,democrat,580,1000
11/04/2008,TX,Hays,McCain,republican,420,1000
11/04/2008,UT,Millard,Obama,democrat,420,1000
11/04/2008,UT,Millard,McCain,republican,580,1000
11/04/2008,AL,Tallapoosa,Obama,democrat,420,1000
11/04/2008,AL,Tallapoosa,McCain,republican,580,1000
11/04/2008,MN,Washington,Obama,democrat,580,1000
11/04/2008,MN,Washington,McCain,republican,420,1000
11/04/2008,IA,Lyon,Obama,democrat,420,1000
11/04/2008,IA,Lyon,McCain,republican,580,1000
11/04/2008,NY,Chemung,Obama,democrat,470,1000
11/04/2008,NY,Chemung,McCain,republican,530,1000
11/04/2008,NE,Red_Willow,Obama,democrat,420,1000
11/04/2008,NE,Red_Willow,McCain,republican,580,1000
11/04/2008,WV,Hancock,Obama,democrat,470,1000
11/04/2008,WV,Hancock,McCain,republican,530,1000
11/04/2008,FL,Okeechobee,Obama,democrat,470,1000
11/04/2008,FL,Okeechobee,McCain,republican,530,1000
11/04/2008,NE,Hitchcock,Obama,democrat,420,1000
11/04/2008,NE,Hitchcock,McCain,republican,580,1000
11/04/2008,LA,Cameron,Obama,democrat,490,1000
11/04/2008,LA,Cameron,McCain,republican,510,1000
11/04/2008,OK,Love,Obama,democrat,470,1000
11/04/2008,OK,Love,McCain,republican,530,1000
11/04/2008,IA,Bremer,Obama,democrat,530,1000
11/04/2008,IA,Bremer,McCain,republican,470,1000
11/04/2008,ID,Butte,Obama,democrat,420,1000
11/04/2008,ID,Butte,McCain,republican,580,1000
11/04/2008,AR,Lafayette,Obama,democrat,420,1000
11/04/2008,AR,Lafayette,McCain,republican,580,1000
11/04/2008,SD,Stanley,Obama,democrat,420,1000
11/04/2008,SD,Stanley,McCain,republican,580,1000
11/04/2008,OH,Franklin,Obama,democrat,580,1000
11/04/2008,OH,Franklin,McCain,republican,420,1000
11/04/2008,MT,Fergus,Obama,democrat,420,1000
11/04/2008,MT,Fergus,McCain,republican,580,1000
11/04/2008,NC,Davie,Obama,democrat,420,1000
11/04/2008,NC,Davie,McCain,republican,580,1000
11/04/2008,AR,Independence,Obama,democrat,420,1000
11/04/2008,AR,Independence,McCain,republican,580,1000
11/04/2008,NC,Pender,Obama,democrat,470,1000
11/04/2008,NC,Pender,McCain,republican,530,1000
11/04/2008,MO,Nodaway,Obama,democrat,420,1000
11/04/2008,MO,Nodaway,McCain,republican,580,1000
11/04/2008,NE,Seward,Obama,democrat,420,1000
11/04/2008,NE,Seward,McCain,republican,580,1000
11/04/2008,OK,Wagoner,Obama,democrat,420,1000
11/04/2008,OK,Wagoner,McCain,republican,580,1000
11/04/2008,OK,Harper,Obama,democrat,420,1000
11/04/2008,OK,Harper,McCain,republican,580,1000
11/04/2008,AL,Covington,Obama,democrat,420,1000
11/04/2008,AL,Covington,McCain,republican,580,1000
11/04/2008,KS,Greeley,Obama,democrat,420,1000
11/04/2008,KS,Greeley,McCain,republican,580,1000
11/04/2008,MI,Arenac,Obama,democrat,530,1000
11/04/2008,MI,Arenac,McCain,republican,470,1000
11/04/2008,TX,Jefferson,Obama,democrat,530,1000
11/04/2008,TX,Jefferson,McCain,republican,470,1000
11/04/2008,WI,Burnett,Obama,democrat,490,1000
11/04/2008,WI,Burnett,McCain,republican,510,1000
11/04/2008,IN,Floyd,Obama,democrat,530,1000
11/04/2008,IN,Floyd,McCain,republican,470,1000
11/04/2008,MI,Gogebic,Obama,democrat,530,1000
11/04/2008,MI,Gogebic,McCain,republican,470,1000
11/04/2008,GA,Union,Obama,democrat,420,1000
11/04/2008,GA,Union,McCain,republican,580,1000
11/04/2008,NJ,Middlesex,Obama,democrat,580,1000
11/04/2008,NJ,Middlesex,McCain,republican,420,1000
11/04/2008,AR,Monroe,Obama,democrat,510,1000
11/04/2008,AR,Monroe,McCain,republican,490,1000
11/04/2008,MN,Pennington,Obama,democrat,470,1000
11/04/2008,MN,Pennington,McCain,republican,530,1000
11/04/2008,RI,Washington,Obama,democrat,580,1000
11/04/2008,RI,Washington,McCain,republican,420,1000
11/04/2008,AR,Lonoke,Obama,democrat,470,1000
11/04/2008,AR,Lonoke,McCain,republican,530,1000
11/04/2008,NE,Dakota,Obama,democrat,530,1000
11/04/2008,NE,Dakota,McCain,republican,470,1000
11/04/2008,AR,Little_River,Obama,democrat,470,1000
11/04/2008,AR,Little_River,McCain,republican,530,1000
11/04/2008,AR,Logan,Obama,democrat,420,1000
11/04/2008,AR,Logan,McCain,republican,580,1000
11/04/2008,VA,Harrisonburg,Obama,democrat,420,1000
11/04/2008,VA,Harrisonburg,McCain,republican,580,1000
11/04/2008,NC,Mitchell,Obama,democrat,420,1000
11/04/2008,NC,Mitchell,McCain,republican,580,1000
11/04/2008,VA,York,Obama,democrat,470,1000
11/04/2008,VA,York,McCain,republican,530,1000
11/04/2008,LA,Rapides,Obama,democrat,530,1000
11/04/2008,LA,Rapides,McCain,republican,470,1000
11/04/2008,KS,Gove,Obama,democrat,420,1000
11/04/2008,KS,Gove,McCain,republican,580,1000
11/04/2008,VA,Powhatan,Obama,democrat,420,1000
11/04/2008,VA,Powhatan,McCain,republican,580,1000
11/04/2008,AR,Sharp,Obama,democrat,420,1000
11/04/2008,AR,Sharp,McCain,republican,580,1000
11/04/2008,MS,Tate,Obama,democrat,530,1000
11/04/2008,MS,Tate,McCain,republican,470,1000
11/04/2008,TN,Scott,Obama,democrat,420,1000
11/04/2008,TN,Scott,McCain,republican,580,1000
11/04/2008,ME,Penobscot,Obama,democrat,580,1000
11/04/2008,ME,Penobscot,McCain,republican,420,1000
11/04/2008,NC,Montgomery,Obama,democrat,470,1000
11/04/2008,NC,Montgomery,McCain,republican,530,1000
11/04/2008,NE,Sioux,Obama,democrat,420,1000
11/04/2008,NE,Sioux,McCain,republican,580,1000
11/04/2008,WA,Columbia,Obama,democrat,530,1000
11/04/2008,WA,Columbia,McCain,republican,470,1000
11/04/2008,CA,San_Francisco,Obama,democrat,580,1000
11/04/2008,CA,San_Francisco,McCain,republican,420,1000
11/04/2008,MO,Platte,Obama,democrat,530,1000
11/04/2008,MO,Platte,McCain,republican,470,1000
11/04/2008,ND,Traill,Obama,democrat,580,1000
11/04/2008,ND,Traill,McCain,republican,420,1000
11/04/2008,NJ,Atlantic,Obama,democrat,580,1000
11/04/2008,NJ,Atlantic,McCain,republican,420,1000
11/04/2008,VA,Chesterfield,Obama,democrat,580,1000
11/04/2008,VA,Chesterfield,McCain,republican,420,1000
11/04/2008,IN,LaGrange,Obama,democrat,420,1000
11/04/2008,IN,LaGrange,McCain,republican,580,1000
11/04/2008,CO,Garfield,Obama,democrat,580,1000
11/04/2008,CO,Garfield,McCain,republican,420,1000
11/04/2008,FL,Indian_River,Obama,democrat,470,1000
11/04/2008,FL,Indian_River,McCain,republican,530,1000
11/04/2008,NC,Rutherford,Obama,democrat,420,1000
11/04/2008,NC,Rutherford,McCain,republican,580,1000
11/04/2008,OH,Mahoning,Obama,democrat,580,1000
11/04/2008,OH,Mahoning,McCain,republican,420,1000
11/04/2008,KS,Clark,Obama,democrat,420,1000
11/04/2008,KS,Clark,McCain,republican,580,1000
11/04/2008,MO,Buchanan,Obama,democrat,497,1000
11/04/2008,MO,Buchanan,McCain,republican,503,1000
11/04/2008,OH,Lake,Obama,democrat,530,1000
11/04/2008,OH,Lake,McCain,republican,470,1000
11/04/2008,IN,Daviess,Obama,democrat,420,1000
11/04/2008,IN,Daviess,McCain,republican,580,1000
11/04/2008,IA,Muscatine,Obama,democrat,580,1000
11/04/2008,IA,Muscatine,McCain,republican,420,1000
11/04/2008,NJ,Hudson,Obama,democrat,580,1000
11/04/2008,NJ,Hudson,McCain,republican,420,1000
11/04/2008,CA,Plumas,Obama,democrat,510,1000
11/04/2008,CA,Plumas,McCain,republican,490,1000
11/04/2008,LA,Winn,Obama,democrat,420,1000
11/04/2008,LA,Winn,McCain,republican,580,1000
11/04/2008,AR,Pike,Obama,democrat,420,1000
11/04/2008,AR,Pike,McCain,republican,580,1000
11/04/2008,MO,St_Charles,Obama,democrat,580,1000
11/04/2008,MO,St_Charles,McCain,republican,420,1000
11/04/2008,IL,Knox,Obama,democrat,580,1000
11/04/2008,IL,Knox,McCain,republican,420,1000
11/04/2008,CA,San_Mateo,Obama,democrat,580,1000
11/04/2008,CA,San_Mateo,McCain,republican,420,1000
11/04/2008,AL,Crenshaw,Obama,democrat,420,1000
11/04/2008,AL,Crenshaw,McCain,republican,580,1000
11/04/2008,NC,Tyrrell,Obama,democrat,580,1000
11/04/2008,NC,Tyrrell,McCain,republican,420,1000
11/04/2008,KS,Johnson,Obama,democrat,580,1000
11/04/2008,KS,Johnson,McCain,republican,420,1000
11/04/2008,IN,Steuben,Obama,democrat,470,1000
11/04/2008,IN,Steuben,McCain,republican,530,1000
11/04/2008,CO,Kit_Carson,Obama,democrat,420,1000
11/04/2008,CO,Kit_Carson,McCain,republican,580,1000
11/04/2008,FL,Palm_Beach,Obama,democrat,580,1000
11/04/2008,FL,Palm_Beach,McCain,republican,420,1000
11/04/2008,IL,Marion,Obama,democrat,490,1000
11/04/2008,IL,Marion,McCain,republican,510,1000
11/04/2008,CO,Moffat,Obama,democrat,420,1000
11/04/2008,CO,Moffat,McCain,republican,580,1000
11/04/2008,MN,Norman,Obama,democrat,580,1000
11/04/2008,MN,Norman,McCain,republican,420,1000
11/04/2008,MO,Bollinger,Obama,democrat,420,1000
11/04/2008,MO,Bollinger,McCain,republican,580,1000
11/04/2008,VA,Appomattox,Obama,democrat,420,1000
11/04/2008,VA,Appomattox,McCain,republican,580,1000
11/04/2008,WA,Wahkiakum,Obama,democrat,580,1000
11/04/2008,WA,Wahkiakum,McCain,republican,420,1000
11/04/2008,GA,Richmond,Obama,democrat,580,1000
11/04/2008,GA,Richmond,McCain,republican,420,1000
11/04/2008,NC,Orange,Obama,democrat,580,1000
11/04/2008,NC,Orange,McCain,republican,420,1000
11/04/2008,PA,Armstrong,Obama,democrat,420,1000
11/04/2008,PA,Armstrong,McCain,republican,580,1000
11/04/2008,TX,Henderson,Obama,democrat,420,1000
11/04/2008,TX,Henderson,McCain,republican,580,1000
11/04/2008,GA,Stewart,Obama,democrat,580,1000
11/04/2008,GA,Stewart,McCain,republican,420,1000
11/04/2008,KY,Hardin,Obama,democrat,420,1000
11/04/2008,KY,Hardin,McCain,republican,580,1000
11/04/2008,MN,Morrison,Obama,democrat,470,1000
11/04/2008,MN,Morrison,McCain,republican,530,1000
11/04/2008,IL,Mason,Obama,democrat,530,1000
11/04/2008,IL,Mason,McCain,republican,470,1000
11/04/2008,TX,Red_River,Obama,democrat,420,1000
11/04/2008,TX,Red_River,McCain,republican,580,1000
11/04/2008,FL,Collier,Obama,democrat,510,1000
11/04/2008,FL,Collier,McCain,republican,490,1000
11/04/2008,TX,Travis,Obama,democrat,580,1000
11/04/2008,TX,Travis,McCain,republican,420,1000
11/04/2008,CA,Sutter,Obama,democrat,490,1000
11/04/2008,CA,Sutter,McCain,republican,510,1000
11/04/2008,CA,Lassen,Obama,democrat,420,1000
11/04/2008,CA,Lassen,McCain,republican,580,1000
11/04/2008,FL,Osceola,Obama,democrat,580,1000
11/04/2008,FL,Osceola,McCain,republican,420,1000
11/04/2008,ID,Teton,Obama,democrat,580,1000
11/04/2008,ID,Teton,McCain,republican,420,1000
11/04/2008,CO,Rio_Grande,Obama,democrat,530,1000
11/04/2008,CO,Rio_Grande,McCain,republican,470,1000
11/04/2008,MI,Delta,Obama,democrat,510,1000
11/04/2008,MI,Delta,McCain,republican,490,1000
11/04/2008,NY,Queens,Obama,democrat,580,1000
11/04/2008,NY,Queens,McCain,republican,420,1000
11/04/2008,OR,Curry,Obama,democrat,510,1000
11/04/2008,OR,Curry,McCain,republican,490,1000
11/04/2008,VA,Essex,Obama,democrat,490,1000
11/04/2008,VA,Essex,McCain,republican,510,1000
11/04/2008,OK,Tillman,Obama,democrat,470,1000
11/04/2008,OK,Tillman,McCain,republican,530,1000
11/04/2008,CO,Crowley,Obama,democrat,420,1000
11/04/2008,CO,Crowley,McCain,republican,580,1000
11/04/2008,CO,Pueblo,Obama,democrat,580,1000
11/04/2008,CO,Pueblo,McCain,republican,420,1000
11/04/2008,CO,Las_Animas,Obama,democrat,580,1000
11/04/2008,CO,Las_Animas,McCain,republican,420,1000
11/04/2008,OK,Adair,Obama,democrat,420,1000
11/04/2008,OK,Adair,McCain,republican,580,1000
11/04/2008,NY,Schoharie,Obama,democrat,470,1000
11/04/2008,NY,Schoharie,McCain,republican,530,1000
11/04/2008,NY,Broome,Obama,democrat,580,1000
11/04/2008,NY,Broome,McCain,republican,420,1000
11/04/2008,OH,Scioto,Obama,democrat,470,1000
11/04/2008,OH,Scioto,McCain,republican,530,1000
11/04/2008,OH,Seneca,Obama,democrat,510,1000
11/04/2008,OH,Seneca,McCain,republican,490,1000
11/04/2008,TX,Starr,Obama,democrat,420,1000
11/04/2008,TX,Starr,McCain,republican,580,1000
11/04/2008,GA,Glynn,Obama,democrat,420,1000
11/04/2008,GA,Glynn,McCain,republican,580,1000
11/04/2008,GA,Hall,Obama,democrat,420,1000
11/04/2008,GA,Hall,McCain,republican,580,1000
11/04/2008,TX,Brazoria,Obama,democrat,510,1000
11/04/2008,TX,Brazoria,McCain,republican,490,1000
11/04/2008,PA,Northumberland,Obama,democrat,490,1000
11/04/2008,PA,Northumberland,McCain,republican,510,1000
11/04/2008,MI,Washtenaw,Obama,democrat,580,1000
11/04/2008,MI,Washtenaw,McCain,republican,420,1000
11/04/2008,NC,Ashe,Obama,democrat,420,1000
11/04/2008,NC,Ashe,McCain,republican,580,1000
11/04/2008,VA,Russell,Obama,democrat,420,1000
11/04/2008,VA,Russell,McCain,republican,580,1000
11/04/2008,NC,Bladen,Obama,democrat,503,1000
11/04/2008,NC,Bladen,McCain,republican,497,1000
11/04/2008,KY,Johnson,Obama,democrat,420,1000
11/04/2008,KY,Johnson,McCain,republican,580,1000
11/04/2008,NC,Robeson,Obama,democrat,510,1000
11/04/2008,NC,Robeson,McCain,republican,490,1000
11/04/2008,TN,Shelby,Obama,democrat,580,1000
11/04/2008,TN,Shelby,McCain,republican,420,1000
11/04/2008,MI,Iosco,Obama,democrat,497,1000
11/04/2008,MI,Iosco,McCain,republican,503,1000
11/04/2008,OK,Muskogee,Obama,democrat,470,1000
11/04/2008,OK,Muskogee,McCain,republican,530,1000
11/04/2008,GA,Crawford,Obama,democrat,490,1000
11/04/2008,GA,Crawford,McCain,republican,510,1000
11/04/2008,VA,Virginia_Beach,Obama,democrat,580,1000
11/04/2008,VA,Virginia_Beach,McCain,republican,420,1000
11/04/2008,MI,Oakland,Obama,democrat,580,1000
11/04/2008,MI,Oakland,McCain,republican,420,1000
11/04/2008,MI,Saginaw,Obama,democrat,580,1000
11/04/2008,MI,Saginaw,McCain,republican,420,1000
11/04/2008,TN,Greene,Obama,democrat,420,1000
11/04/2008,TN,Greene,McCain,republican,580,1000
11/04/2008,PA,Carbon,Obama,democrat,510,1000
11/04/2008,PA,Carbon,McCain,republican,490,1000
11/04/2008,SC,Chesterfield,Obama,democrat,530,1000
11/04/2008,SC,Chesterfield,McCain,republican,470,1000
11/04/2008,TN,Sullivan,Obama,democrat,420,1000
11/04/2008,TN,Sullivan,McCain,republican,580,1000
11/04/2008,NM,Roosevelt,Obama,democrat,420,1000
11/04/2008,NM,Roosevelt,McCain,republican,580,1000
11/04/2008,LA,Ascension,Obama,democrat,510,1000
11/04/2008,LA,Ascension,McCain,republican,490,1000
11/04/2008,GA,Berrien,Obama,democrat,420,1000
11/04/2008,GA,Berrien,McCain,republican,580,1000
11/04/2008,NC,Johnston,Obama,democrat,530,1000
11/04/2008,NC,Johnston,McCain,republican,470,1000
11/04/2008,KY,Lawrence,Obama,democrat,420,1000
11/04/2008,KY,Lawrence,McCain,republican,580,1000
11/04/2008,PA,Fayette,Obama,democrat,490,1000
11/04/2008,PA,Fayette,McCain,republican,510,1000
11/04/2008,TN,Lawrence,Obama,democrat,420,1000
11/04/2008,TN,Lawrence,McCain,republican,580,1000
11/04/2008,UT,Iron,Obama,democrat,420,1000
11/04/2008,UT,Iron,McCain,republican,580,1000
11/04/2008,VA,Bland,Obama,democrat,420,1000
11/04/2008,VA,Bland,McCain,republican,580,1000
11/04/2008,IA,Lee,Obama,democrat,580,1000
11/04/2008,IA,Lee,McCain,republican,420,1000
11/04/2008,MI,Bay,Obama,democrat,580,1000
11/04/2008,MI,Bay,McCain,republican,420,1000
11/04/2008,NE,Washington,Obama,democrat,510,1000
11/04/2008,NE,Washington,McCain,republican,490,1000
11/04/2008,NE,Cheyenne,Obama,democrat,470,1000
11/04/2008,NE,Cheyenne,McCain,republican,530,1000
11/04/2008,SC,Hampton,Obama,democrat,580,1000
11/04/2008,SC,Hampton,McCain,republican,420,1000
11/04/2008,NC,Rockingham,Obama,democrat,470,1000
11/04/2008,NC,Rockingham,McCain,republican,530,1000
11/04/2008,OH,Miami,Obama,democrat,470,1000
11/04/2008,OH,Miami,McCain,republican,530,1000
11/04/2008,OK,Pottawatomie,Obama,democrat,420,1000
11/04/2008,OK,Pottawatomie,McCain,republican,580,1000
11/04/2008,OR,Polk,Obama,democrat,530,1000
11/04/2008,OR,Polk,McCain,republican,470,1000
11/04/2008,PA,McKean,Obama,democrat,420,1000
11/04/2008,PA,McKean,McCain,republican,580,1000
11/04/2008,SC,Dorchester,Obama,democrat,530,1000
11/04/2008,SC,Dorchester,McCain,republican,470,1000
11/04/2008,VA,Waynesboro,Obama,democrat,470,1000
11/04/2008,VA,Waynesboro,McCain,republican,530,1000
11/04/2008,WV,Mercer,Obama,democrat,420,1000
11/04/2008,WV,Mercer,McCain,republican,580,1000
11/04/2008,AR,Jefferson,Obama,democrat,580,1000
11/04/2008,AR,Jefferson,McCain,republican,420,1000
11/04/2008,CA,Tulare,Obama,democrat,530,1000
11/04/2008,CA,Tulare,McCain,republican,470,1000
11/04/2008,ID,Bingham,Obama,democrat,420,1000
11/04/2008,ID,Bingham,McCain,republican,580,1000
11/04/2008,IA,Hardin,Obama,democrat,510,1000
11/04/2008,IA,Hardin,McCain,republican,490,1000
11/04/2008,VA,Chesapeake,Obama,democrat,580,1000
11/04/2008,VA,Chesapeake,McCain,republican,420,1000
11/04/2008,IA,Cedar,Obama,democrat,530,1000
11/04/2008,IA,Cedar,McCain,republican,470,1000
11/04/2008,AR,Chicot,Obama,democrat,580,1000
11/04/2008,AR,Chicot,McCain,republican,420,1000
11/04/2008,CA,Tehama,Obama,democrat,470,1000
11/04/2008,CA,Tehama,McCain,republican,530,1000
11/04/2008,MS,Madison,Obama,democrat,530,1000
11/04/2008,MS,Madison,McCain,republican,470,1000
11/04/2008,UT,Garfield,Obama,democrat,420,1000
11/04/2008,UT,Garfield,McCain,republican,580,1000
11/04/2008,TX,Johnson,Obama,democrat,420,1000
11/04/2008,TX,Johnson,McCain,republican,580,1000
11/04/2008,MT,Judith_Basin,Obama,democrat,497,1000
11/04/2008,MT,Judith_Basin,McCain,republican,503,1000
11/04/2008,WA,Benton,Obama,democrat,580,1000
11/04/2008,WA,Benton,McCain,republican,420,1000
11/04/2008,WI,Wood,Obama,democrat,510,1000
11/04/2008,WI,Wood,McCain,republican,490,1000
11/04/2008,NC,Hyde,Obama,democrat,530,1000
11/04/2008,NC,Hyde,McCain,republican,470,1000
11/04/2008,ND,Emmons,Obama,democrat,420,1000
11/04/2008,ND,Emmons,McCain,republican,580,1000
11/04/2008,TX,Gaines,Obama,democrat,420,1000
11/04/2008,TX,Gaines,McCain,republican,580,1000
11/04/2008,TX,Lee,Obama,democrat,420,1000
11/04/2008,TX,Lee,McCain,republican,580,1000
11/04/2008,KY,Owen,Obama,democrat,470,1000
11/04/2008,KY,Owen,McCain,republican,530,1000
11/04/2008,KY,Jessamine,Obama,democrat,420,1000
11/04/2008,KY,Jessamine,McCain,republican,580,1000
11/04/2008,KY,Rowan,Obama,democrat,510,1000
11/04/2008,KY,Rowan,McCain,republican,490,1000
11/04/2008,MO,Miller,Obama,democrat,420,1000
11/04/2008,MO,Miller,McCain,republican,580,1000
11/04/2008,NH,Carroll,Obama,democrat,580,1000
11/04/2008,NH,Carroll,McCain,republican,420,1000
11/04/2008,VA,Roanoke,Obama,democrat,580,1000
11/04/2008,VA,Roanoke,McCain,republican,420,1000
11/04/2008,NC,Watauga,Obama,democrat,580,1000
11/04/2008,NC,Watauga,McCain,republican,420,1000
11/04/2008,CA,Kings,Obama,democrat,530,1000
11/04/2008,CA,Kings,McCain,republican,470,1000
11/04/2008,LA,East_Feliciana,Obama,democrat,503,1000
11/04/2008,LA,East_Feliciana,McCain,republican,497,1000
11/04/2008,MO,Benton,Obama,democrat,420,1000
11/04/2008,MO,Benton,McCain,republican,580,1000
11/04/2008,KS,Sumner,Obama,democrat,420,1000
11/04/2008,KS,Sumner,McCain,republican,580,1000
11/04/2008,KY,Livingston,Obama,democrat,420,1000
11/04/2008,KY,Livingston,McCain,republican,580,1000
11/04/2008,CA,San_Joaquin,Obama,democrat,580,1000
11/04/2008,CA,San_Joaquin,McCain,republican,420,1000
11/04/2008,OK,Alfalfa,Obama,democrat,420,1000
11/04/2008,OK,Alfalfa,McCain,republican,580,1000
11/04/2008,PA,Berks,Obama,democrat,580,1000
11/04/2008,PA,Berks,McCain,republican,420,1000
11/04/2008,PA,Lebanon,Obama,democrat,490,1000
11/04/2008,PA,Lebanon,McCain,republican,510,1000
11/04/2008,GA,Calhoun,Obama,democrat,580,1000
11/04/2008,GA,Calhoun,McCain,republican,420,1000
11/04/2008,AR,Scott,Obama,democrat,420,1000
11/04/2008,AR,Scott,McCain,republican,580,1000
11/04/2008,CO,Baca,Obama,democrat,420,1000
11/04/2008,CO,Baca,McCain,republican,580,1000
11/04/2008,FL,Bay,Obama,democrat,420,1000
11/04/2008,FL,Bay,McCain,republican,580,1000
11/04/2008,GA,Lowndes,Obama,democrat,470,1000
11/04/2008,GA,Lowndes,McCain,republican,530,1000
11/04/2008,IN,Vermillion,Obama,democrat,470,1000
11/04/2008,IN,Vermillion,McCain,republican,530,1000
11/04/2008,NY,Sullivan,Obama,democrat,530,1000
11/04/2008,NY,Sullivan,McCain,republican,470,1000
11/04/2008,OH,Pickaway,Obama,democrat,420,1000
11/04/2008,OH,Pickaway,McCain,republican,580,1000
11/04/2008,OK,Woodward,Obama,democrat,420,1000
11/04/2008,OK,Woodward,McCain,republican,580,1000
11/04/2008,NE,Boyd,Obama,democrat,420,1000
11/04/2008,NE,Boyd,McCain,republican,580,1000
11/04/2008,KY,Cumberland,Obama,democrat,420,1000
11/04/2008,KY,Cumberland,McCain,republican,580,1000
11/04/2008,MN,Wabasha,Obama,democrat,510,1000
11/04/2008,MN,Wabasha,McCain,republican,490,1000
11/04/2008,VA,Southampton,Obama,democrat,497,1000
11/04/2008,VA,Southampton,McCain,republican,503,1000
11/04/2008,NY,Dutchess,Obama,democrat,580,1000
11/04/2008,NY,Dutchess,McCain,republican,420,1000
11/04/2008,VA,James_City,Obama,democrat,580,1000
11/04/2008,VA,James_City,McCain,republican,420,1000
11/04/2008,GA,Taylor,Obama,democrat,470,1000
11/04/2008,GA,Taylor,McCain,republican,530,1000
11/04/2008,TX,Smith,Obama,democrat,420,1000
11/04/2008,TX,Smith,McCain,republican,580,1000
11/04/2008,TX,Kerr,Obama,democrat,420,1000
11/04/2008,TX,Kerr,McCain,republican,580,1000
11/04/2008,WV,Lewis,Obama,democrat,420,1000
11/04/2008,WV,Lewis,McCain,republican,580,1000
11/04/2008,ND,Oliver,Obama,democrat,420,1000
11/04/2008,ND,Oliver,McCain,republican,580,1000
11/04/2008,TN,Morgan,Obama,democrat,420,1000
11/04/2008,TN,Morgan,McCain,republican,580,1000
11/04/2008,WY,Big_Horn,Obama,democrat,420,1000
11/04/2008,WY,Big_Horn,McCain,republican,580,1000
11/04/2008,KY,Mason,Obama,democrat,420,1000
11/04/2008,KY,Mason,McCain,republican,580,1000
11/04/2008,LA,St_Helena,Obama,democrat,580,1000
11/04/2008,LA,St_Helena,McCain,republican,420,1000
11/04/2008,MD,Garrett,Obama,democrat,420,1000
11/04/2008,MD,Garrett,McCain,republican,580,1000
11/04/2008,MI,Mackinac,Obama,democrat,497,1000
11/04/2008,MI,Mackinac,McCain,republican,503,1000
11/04/2008,TN,Davidson,Obama,democrat,580,1000
11/04/2008,TN,Davidson,McCain,republican,420,1000
11/04/2008,TX,Grimes,Obama,democrat,420,1000
11/04/2008,TX,Grimes,McCain,republican,580,1000
11/04/2008,TX,Foard,Obama,democrat,420,1000
11/04/2008,TX,Foard,McCain,republican,580,1000
11/04/2008,VA,Franklin_Co,Obama,democrat,470,1000
11/04/2008,VA,Franklin_Co,McCain,republican,530,1000
11/04/2008,VA,Botetourt,Obama,democrat,420,1000
11/04/2008,VA,Botetourt,McCain,republican,580,1000
11/04/2008,NC,Pasquotank,Obama,democrat,580,1000
11/04/2008,NC,Pasquotank,McCain,republican,420,1000
11/04/2008,AR,Baxter,Obama,democrat,420,1000
11/04/2008,AR,Baxter,McCain,republican,580,1000
11/04/2008,NY,Tompkins,Obama,democrat,580,1000
11/04/2008,NY,Tompkins,McCain,republican,420,1000
11/04/2008,WV,Webster,Obama,democrat,490,1000
11/04/2008,WV,Webster,McCain,republican,510,1000
11/04/2008,WV,Clay,Obama,democrat,420,1000
11/04/2008,WV,Clay,McCain,republican,580,1000
11/04/2008,WV,Jackson,Obama,democrat,420,1000
11/04/2008,WV,Jackson,McCain,republican,580,1000
11/04/2008,AL,Sumter,Obama,democrat,420,1000
11/04/2008,AL,Sumter,McCain,republican,580,1000
11/04/2008,AZ,Pima,Obama,democrat,580,1000
11/04/2008,AZ,Pima,McCain,republican,420,1000
11/04/2008,CO,Jackson,Obama,democrat,420,1000
11/04/2008,CO,Jackson,McCain,republican,580,1000
11/04/2008,IL,Lake,Obama,democrat,580,1000
11/04/2008,IL,Lake,McCain,republican,420,1000
11/04/2008,MS,Jackson,Obama,democrat,470,1000
11/04/2008,MS,Jackson,McCain,republican,530,1000
11/04/2008,MT,Daniels,Obama,democrat,420,1000
11/04/2008,MT,Daniels,McCain,republican,580,1000
11/04/2008,NH,Sullivan,Obama,democrat,580,1000
11/04/2008,NH,Sullivan,McCain,republican,420,1000
11/04/2008,NJ,Gloucester,Obama,democrat,580,1000
11/04/2008,NJ,Gloucester,McCain,republican,420,1000
11/04/2008,NC,Bertie,Obama,democrat,580,1000
11/04/2008,NC,Bertie,McCain,republican,420,1000
11/04/2008,SD,Ziebach,Obama,democrat,420,1000
11/04/2008,SD,Ziebach,McCain,republican,580,1000
11/04/2008,IA,Ringgold,Obama,democrat,470,1000
11/04/2008,IA,Ringgold,McCain,republican,530,1000
11/04/2008,AL,Lauderdale,Obama,democrat,470,1000
11/04/2008,AL,Lauderdale,McCain,republican,530,1000
11/04/2008,AZ,Santa_Cruz,Obama,democrat,580,1000
11/04/2008,AZ,Santa_Cruz,McCain,republican,420,1000
11/04/2008,MS,Marion,Obama,democrat,420,1000
11/04/2008,MS,Marion,McCain,republican,580,1000
11/04/2008,AL,Limestone,Obama,democrat,490,1000
11/04/2008,AL,Limestone,McCain,republican,510,1000
11/04/2008,FL,Calhoun,Obama,democrat,420,1000
11/04/2008,FL,Calhoun,McCain,republican,580,1000
11/04/2008,FL,Hernando,Obama,democrat,530,1000
11/04/2008,FL,Hernando,McCain,republican,470,1000
11/04/2008,FL,Washington,Obama,democrat,420,1000
11/04/2008,FL,Washington,McCain,republican,580,1000
11/04/2008,SD,Edmunds,Obama,democrat,420,1000
11/04/2008,SD,Edmunds,McCain,republican,580,1000
11/04/2008,SD,Walworth,Obama,democrat,420,1000
11/04/2008,SD,Walworth,McCain,republican,580,1000
11/04/2008,IL,Henderson,Obama,democrat,580,1000
11/04/2008,IL,Henderson,McCain,republican,420,1000
11/04/2008,KY,Trimble,Obama,democrat,420,1000
11/04/2008,KY,Trimble,McCain,republican,580,1000
11/04/2008,LA,St_Tammany,Obama,democrat,497,1000
11/04/2008,LA,St_Tammany,McCain,republican,503,1000
11/04/2008,MD,Baltimore_City,Obama,democrat,580,1000
11/04/2008,MD,Baltimore_City,McCain,republican,420,1000
11/04/2008,NC,Beaufort,Obama,democrat,530,1000
11/04/2008,NC,Beaufort,McCain,republican,470,1000
11/04/2008,OH,Columbiana,Obama,democrat,420,1000
11/04/2008,OH,Columbiana,McCain,republican,580,1000
11/04/2008,MT,Musselshell,Obama,democrat,420,1000
11/04/2008,MT,Musselshell,McCain,republican,580,1000
11/04/2008,TX,Cameron,Obama,democrat,580,1000
11/04/2008,TX,Cameron,McCain,republican,420,1000
11/04/2008,CA,Siskiyou,Obama,democrat,510,1000
11/04/2008,CA,Siskiyou,McCain,republican,490,1000
11/04/2008,CO,Costilla,Obama,democrat,580,1000
11/04/2008,CO,Costilla,McCain,republican,420,1000
11/04/2008,10,Sussex,Obama,democrat,510,1000
11/04/2008,10,Sussex,McCain,republican,490,1000
11/04/2008,WA,Lewis,Obama,democrat,530,1000
11/04/2008,WA,Lewis,McCain,republican,470,1000
11/04/2008,NJ,Sussex,Obama,democrat,510,1000
11/04/2008,NJ,Sussex,McCain,republican,490,1000
11/04/2008,MA,Dukes,Obama,democrat,580,1000
11/04/2008,MA,Dukes,McCain,republican,420,1000
11/04/2008,MN,Pine,Obama,democrat,510,1000
11/04/2008,MN,Pine,McCain,republican,490,1000
11/04/2008,MS,Scott,Obama,democrat,420,1000
11/04/2008,MS,Scott,McCain,republican,580,1000
11/04/2008,MT,Hill,Obama,democrat,420,1000
11/04/2008,MT,Hill,McCain,republican,580,1000
11/04/2008,NY,Franklin,Obama,democrat,580,1000
11/04/2008,NY,Franklin,McCain,republican,420,1000
11/04/2008,NJ,Essex,Obama,democrat,580,1000
11/04/2008,NJ,Essex,McCain,republican,420,1000
11/04/2008,WA,Mason,Obama,democrat,580,1000
11/04/2008,WA,Mason,McCain,republican,420,1000
11/04/2008,AR,Cleveland,Obama,democrat,420,1000
11/04/2008,AR,Cleveland,McCain,republican,580,1000
11/04/2008,IN,Shelby,Obama,democrat,420,1000
11/04/2008,IN,Shelby,McCain,republican,580,1000
11/04/2008,IN,Decatur,Obama,democrat,420,1000
11/04/2008,IN,Decatur,McCain,republican,580,1000
11/04/2008,KY,Breathitt,Obama,democrat,420,1000
11/04/2008,KY,Breathitt,McCain,republican,580,1000
11/04/2008,LA,St_James,Obama,democrat,580,1000
11/04/2008,LA,St_James,McCain,republican,420,1000
11/04/2008,MO,Shelby,Obama,democrat,470,1000
11/04/2008,MO,Shelby,McCain,republican,530,1000
11/04/2008,IN,Vigo,Obama,democrat,580,1000
11/04/2008,IN,Vigo,McCain,republican,420,1000
11/04/2008,IA,Jackson,Obama,democrat,580,1000
11/04/2008,IA,Jackson,McCain,republican,420,1000
11/04/2008,KS,Montgomery,Obama,democrat,420,1000
11/04/2008,KS,Montgomery,McCain,republican,580,1000
11/04/2008,KY,Martin,Obama,democrat,420,1000
11/04/2008,KY,Martin,McCain,republican,580,1000
11/04/2008,MI,Benzie,Obama,democrat,530,1000
11/04/2008,MI,Benzie,McCain,republican,470,1000
11/04/2008,MS,Lafayette,Obama,democrat,503,1000
11/04/2008,MS,Lafayette,McCain,republican,497,1000
11/04/2008,NY,Steuben,Obama,democrat,420,1000
11/04/2008,NY,Steuben,McCain,republican,580,1000
11/04/2008,CO,Larimer,Obama,democrat,580,1000
11/04/2008,CO,Larimer,McCain,republican,420,1000
11/04/2008,MI,Manistee,Obama,democrat,510,1000
11/04/2008,MI,Manistee,McCain,republican,490,1000
11/04/2008,NC,Surry,Obama,democrat,490,1000
11/04/2008,NC,Surry,McCain,republican,510,1000
11/04/2008,WA,Pend_Oreille,Obama,democrat,530,1000
11/04/2008,WA,Pend_Oreille,McCain,republican,470,1000
11/04/2008,KY,Clark,Obama,democrat,420,1000
11/04/2008,KY,Clark,McCain,republican,580,1000
11/04/2008,NY,Fulton,Obama,democrat,470,1000
11/04/2008,NY,Fulton,McCain,republican,530,1000
11/04/2008,OH,Wayne,Obama,democrat,490,1000
11/04/2008,OH,Wayne,McCain,republican,510,1000
11/04/2008,SC,York,Obama,democrat,530,1000
11/04/2008,SC,York,McCain,republican,470,1000
11/04/2008,MO,Schuyler,Obama,democrat,420,1000
11/04/2008,MO,Schuyler,McCain,republican,580,1000
11/04/2008,MT,Stillwater,Obama,democrat,420,1000
11/04/2008,MT,Stillwater,McCain,republican,580,1000
11/04/2008,VA,Rockingham,Obama,democrat,420,1000
11/04/2008,VA,Rockingham,McCain,republican,580,1000
11/04/2008,GA,Meriwether,Obama,democrat,420,1000
11/04/2008,GA,Meriwether,McCain,republican,580,1000
11/04/2008,ND,McKenzie,Obama,democrat,420,1000
11/04/2008,ND,McKenzie,McCain,republican,580,1000
11/04/2008,ND,Morton,Obama,democrat,420,1000
11/04/2008,ND,Morton,McCain,republican,580,1000
11/04/2008,OR,Yamhill,Obama,democrat,530,1000
11/04/2008,OR,Yamhill,McCain,republican,470,1000
11/04/2008,SC,Marlboro,Obama,democrat,530,1000
11/04/2008,SC,Marlboro,McCain,republican,470,1000
11/04/2008,NC,Clay,Obama,democrat,420,1000
11/04/2008,NC,Clay,McCain,republican,580,1000
11/04/2008,MT,Chouteau,Obama,democrat,420,1000
11/04/2008,MT,Chouteau,McCain,republican,580,1000
11/04/2008,SC,Greenville,Obama,democrat,530,1000
11/04/2008,SC,Greenville,McCain,republican,470,1000
11/04/2008,AL,Pickens,Obama,democrat,420,1000
11/04/2008,AL,Pickens,McCain,republican,580,1000
11/04/2008,MO,Iron,Obama,democrat,470,1000
11/04/2008,MO,Iron,McCain,republican,530,1000
11/04/2008,UT,Daggett,Obama,democrat,420,1000
11/04/2008,UT,Daggett,McCain,republican,580,1000
11/04/2008,FL,Broward,Obama,democrat,580,1000
11/04/2008,FL,Broward,McCain,republican,420,1000
11/04/2008,MS,Hinds,Obama,democrat,580,1000
11/04/2008,MS,Hinds,McCain,republican,420,1000
11/04/2008,NC,Onslow,Obama,democrat,490,1000
11/04/2008,NC,Onslow,McCain,republican,510,1000
11/04/2008,AL,Clarke,Obama,democrat,470,1000
11/04/2008,AL,Clarke,McCain,republican,530,1000
11/04/2008,AR,Madison,Obama,democrat,530,1000
11/04/2008,AR,Madison,McCain,republican,470,1000
11/04/2008,FL,Liberty,Obama,democrat,420,1000
11/04/2008,FL,Liberty,McCain,republican,580,1000
11/04/2008,IN,Monroe,Obama,democrat,580,1000
11/04/2008,IN,Monroe,McCain,republican,420,1000
11/04/2008,IN,Dubois,Obama,democrat,470,1000
11/04/2008,IN,Dubois,McCain,republican,530,1000
11/04/2008,IA,Buena_Vista,Obama,democrat,470,1000
11/04/2008,IA,Buena_Vista,McCain,republican,530,1000
11/04/2008,KS,Gray,Obama,democrat,420,1000
11/04/2008,KS,Gray,McCain,republican,580,1000
11/04/2008,KY,Grant,Obama,democrat,420,1000
11/04/2008,KY,Grant,McCain,republican,580,1000
11/04/2008,TN,Putnam,Obama,democrat,510,1000
11/04/2008,TN,Putnam,McCain,republican,490,1000
11/04/2008,TN,Benton,Obama,democrat,420,1000
11/04/2008,TN,Benton,McCain,republican,580,1000
11/04/2008,UT,Duchesne,Obama,democrat,420,1000
11/04/2008,UT,Duchesne,McCain,republican,580,1000
11/04/2008,VA,Isle_of_Wight,Obama,democrat,490,1000
11/04/2008,VA,Isle_of_Wight,McCain,republican,510,1000
11/04/2008,WY,Hot_Springs,Obama,democrat,420,1000
11/04/2008,WY,Hot_Springs,McCain,republican,580,1000
11/04/2008,SD,Perkins,Obama,democrat,420,1000
11/04/2008,SD,Perkins,McCain,republican,580,1000
11/04/2008,UT,Beaver,Obama,democrat,420,1000
11/04/2008,UT,Beaver,McCain,republican,580,1000
11/04/2008,VA,Buchanan,Obama,democrat,490,1000
11/04/2008,VA,Buchanan,McCain,republican,510,1000
11/04/2008,WV,Mingo,Obama,democrat,470,1000
11/04/2008,WV,Mingo,McCain,republican,530,1000
11/04/2008,AL,Talladega,Obama,democrat,420,1000
11/04/2008,AL,Talladega,McCain,republican,580,1000
11/04/2008,KY,Bourbon,Obama,democrat,420,1000
11/04/2008,KY,Bourbon,McCain,republican,580,1000
11/04/2008,PA,Monroe,Obama,democrat,580,1000
11/04/2008,PA,Monroe,McCain,republican,420,1000
11/04/2008,WA,Ferry,Obama,democrat,530,1000
11/04/2008,WA,Ferry,McCain,republican,470,1000
11/04/2008,ID,Twin_Falls,Obama,democrat,420,1000
11/04/2008,ID,Twin_Falls,McCain,republican,580,1000
11/04/2008,MD,Charles,Obama,democrat,580,1000
11/04/2008,MD,Charles,McCain,republican,420,1000
11/04/2008,VA,Loudoun,Obama,democrat,580,1000
11/04/2008,VA,Loudoun,McCain,republican,420,1000
11/04/2008,IL,Winnebago,Obama,democrat,580,1000
11/04/2008,IL,Winnebago,McCain,republican,420,1000
11/04/2008,CO,Conejos,Obama,democrat,580,1000
11/04/2008,CO,Conejos,McCain,republican,420,1000
11/04/2008,AL,Geneva,Obama,democrat,420,1000
11/04/2008,AL,Geneva,McCain,republican,580,1000
11/04/2008,CA,Alameda,Obama,democrat,580,1000
11/04/2008,CA,Alameda,McCain,republican,420,1000
11/04/2008,FL,Franklin,Obama,democrat,510,1000
11/04/2008,FL,Franklin,McCain,republican,490,1000
11/04/2008,WV,Morgan,Obama,democrat,470,1000
11/04/2008,WV,Morgan,McCain,republican,530,1000
11/04/2008,WV,Randolph,Obama,democrat,420,1000
11/04/2008,WV,Randolph,McCain,republican,580,1000
11/04/2008,MS,Yazoo,Obama,democrat,530,1000
11/04/2008,MS,Yazoo,McCain,republican,470,1000
11/04/2008,MT,McCone,Obama,democrat,420,1000
11/04/2008,MT,McCone,McCain,republican,580,1000
11/04/2008,GA,Atkinson,Obama,democrat,420,1000
11/04/2008,GA,Atkinson,McCain,republican,580,1000
11/04/2008,GA,Chatham,Obama,democrat,580,1000
11/04/2008,GA,Chatham,McCain,republican,420,1000
11/04/2008,KY,Carlisle,Obama,democrat,470,1000
11/04/2008,KY,Carlisle,McCain,republican,530,1000
11/04/2008,MO,Cass,Obama,democrat,420,1000
11/04/2008,MO,Cass,McCain,republican,580,1000
11/04/2008,GA,Habersham,Obama,democrat,420,1000
11/04/2008,GA,Habersham,McCain,republican,580,1000
11/04/2008,KY,Magoffin,Obama,democrat,470,1000
11/04/2008,KY,Magoffin,McCain,republican,530,1000
11/04/2008,KY,Harlan,Obama,democrat,420,1000
11/04/2008,KY,Harlan,McCain,republican,580,1000
11/04/2008,NC,Randolph,Obama,democrat,420,1000
11/04/2008,NC,Randolph,McCain,republican,580,1000
11/04/2008,IL,Will,Obama,democrat,580,1000
11/04/2008,IL,Will,McCain,republican,420,1000
11/04/2008,IN,Knox,Obama,democrat,490,1000
11/04/2008,IN,Knox,McCain,republican,510,1000
11/04/2008,KY,Allen,Obama,democrat,420,1000
11/04/2008,KY,Allen,McCain,republican,580,1000
11/04/2008,LA,Madison,Obama,democrat,580,1000
11/04/2008,LA,Madison,McCain,republican,420,1000
11/04/2008,MN,Fillmore,Obama,democrat,530,1000
11/04/2008,MN,Fillmore,McCain,republican,470,1000
11/04/2008,WA,Spokane,Obama,democrat,580,1000
11/04/2008,WA,Spokane,McCain,republican,420,1000
11/04/2008,UT,Morgan,Obama,democrat,420,1000
11/04/2008,UT,Morgan,McCain,republican,580,1000
11/04/2008,WI,Manitowoc,Obama,democrat,503,1000
11/04/2008,WI,Manitowoc,McCain,republican,497,1000
11/04/2008,AL,Marion,Obama,democrat,420,1000
11/04/2008,AL,Marion,McCain,republican,580,1000
11/04/2008,MI,Montcalm,Obama,democrat,490,1000
11/04/2008,MI,Montcalm,McCain,republican,510,1000
11/04/2008,KY,Nicholas,Obama,democrat,420,1000
11/04/2008,KY,Nicholas,McCain,republican,580,1000
11/04/2008,KY,Powell,Obama,democrat,420,1000
11/04/2008,KY,Powell,McCain,republican,580,1000
11/04/2008,NC,Richmond,Obama,democrat,490,1000
11/04/2008,NC,Richmond,McCain,republican,510,1000
11/04/2008,KY,Union,Obama,democrat,420,1000
11/04/2008,KY,Union,McCain,republican,580,1000
11/04/2008,IL,Fayette,Obama,democrat,420,1000
11/04/2008,IL,Fayette,McCain,republican,580,1000
11/04/2008,KY,Webster,Obama,democrat,470,1000
11/04/2008,KY,Webster,McCain,republican,530,1000
11/04/2008,ID,Blaine,Obama,democrat,580,1000
11/04/2008,ID,Blaine,McCain,republican,420,1000
11/04/2008,IL,Henry,Obama,democrat,530,1000
11/04/2008,IL,Henry,McCain,republican,470,1000
11/04/2008,TN,Trousdale,Obama,democrat,420,1000
11/04/2008,TN,Trousdale,McCain,republican,580,1000
11/04/2008,WI,Calumet,Obama,democrat,470,1000
11/04/2008,WI,Calumet,McCain,republican,530,1000
11/04/2008,NM,Otero,Obama,democrat,420,1000
11/04/2008,NM,Otero,McCain,republican,580,1000
11/04/2008,IN,LaPorte,Obama,democrat,580,1000
11/04/2008,IN,LaPorte,McCain,republican,420,1000
11/04/2008,MA,Middlesex,Obama,democrat,580,1000
11/04/2008,MA,Middlesex,McCain,republican,420,1000
11/04/2008,MS,Tunica,Obama,democrat,580,1000
11/04/2008,MS,Tunica,McCain,republican,420,1000
11/04/2008,MT,Toole,Obama,democrat,470,1000
11/04/2008,MT,Toole,McCain,republican,530,1000
11/04/2008,WA,Island,Obama,democrat,580,1000
11/04/2008,WA,Island,McCain,republican,420,1000
11/04/2008,WV,Jefferson,Obama,democrat,530,1000
11/04/2008,WV,Jefferson,McCain,republican,470,1000
11/04/2008,KY,Wolfe,Obama,democrat,420,1000
11/04/2008,KY,Wolfe,McCain,republican,580,1000
11/04/2008,MA,Barnstable,Obama,democrat,580,1000
11/04/2008,MA,Barnstable,McCain,republican,420,1000
11/04/2008,TN,Blount,Obama,democrat,420,1000
11/04/2008,TN,Blount,McCain,republican,580,1000
11/04/2008,ND,Sioux,Obama,democrat,580,1000
11/04/2008,ND,Sioux,McCain,republican,420,1000
11/04/2008,IA,Woodbury,Obama,democrat,490,1000
11/04/2008,IA,Woodbury,McCain,republican,510,1000
11/04/2008,IL,Clinton,Obama,democrat,470,1000
11/04/2008,IL,Clinton,McCain,republican,530,1000
11/04/2008,NV,Washoe,Obama,democrat,580,1000
11/04/2008,NV,Washoe,McCain,republican,420,1000
11/04/2008,NH,Merrimack,Obama,democrat,580,1000
11/04/2008,NH,Merrimack,McCain,republican,420,1000
11/04/2008,OK,McCurtain,Obama,democrat,490,1000
11/04/2008,OK,McCurtain,McCain,republican,510,1000
11/04/2008,VT,Orange,Obama,democrat,580,1000
11/04/2008,VT,Orange,McCain,republican,420,1000
11/04/2008,NV,Carson_City,Obama,democrat,530,1000
11/04/2008,NV,Carson_City,McCain,republican,470,1000
11/04/2008,NY,Cattaraugus,Obama,democrat,470,1000
11/04/2008,NY,Cattaraugus,McCain,republican,530,1000
11/04/2008,HI,Kauai,Obama,democrat,580,1000
11/04/2008,HI,Kauai,McCain,republican,420,1000
11/04/2008,MA,Plymouth,Obama,democrat,580,1000
11/04/2008,MA,Plymouth,McCain,republican,420,1000
11/04/2008,SC,Jasper,Obama,democrat,580,1000
11/04/2008,SC,Jasper,McCain,republican,420,1000
11/04/2008,MA,Norfolk,Obama,democrat,580,1000
11/04/2008,MA,Norfolk,McCain,republican,420,1000
11/04/2008,KY,Larue,Obama,democrat,420,1000
11/04/2008,KY,Larue,McCain,republican,580,1000
11/04/2008,NE,Cherry,Obama,democrat,470,1000
11/04/2008,NE,Cherry,McCain,republican,530,1000
11/04/2008,GA,Rockdale,Obama,democrat,580,1000
11/04/2008,GA,Rockdale,McCain,republican,420,1000
11/04/2008,VA,Patrick,Obama,democrat,420,1000
11/04/2008,VA,Patrick,McCain,republican,580,1000
11/04/2008,NC,McDowell,Obama,democrat,470,1000
11/04/2008,NC,McDowell,McCain,republican,530,1000
11/04/2008,ND,Barnes,Obama,democrat,490,1000
11/04/2008,ND,Barnes,McCain,republican,510,1000
11/04/2008,MI,Marquette,Obama,democrat,580,1000
11/04/2008,MI,Marquette,McCain,republican,420,1000
11/04/2008,AR,Faulkner,Obama,democrat,420,1000
11/04/2008,AR,Faulkner,McCain,republican,580,1000
11/04/2008,VA,Stafford,Obama,democrat,580,1000
11/04/2008,VA,Stafford,McCain,republican,420,1000
11/04/2008,AR,Grant,Obama,democrat,420,1000
11/04/2008,AR,Grant,McCain,republican,580,1000
11/04/2008,KY,Hopkins,Obama,democrat,420,1000
11/04/2008,KY,Hopkins,McCain,republican,580,1000
11/04/2008,NC,Duplin,Obama,democrat,510,1000
11/04/2008,NC,Duplin,McCain,republican,490,1000
11/04/2008,NC,Nash,Obama,democrat,580,1000
11/04/2008,NC,Nash,McCain,republican,420,1000
11/04/2008,OH,Williams,Obama,democrat,470,1000
11/04/2008,OH,Williams,McCain,republican,530,1000
11/04/2008,MN,Koochiching,Obama,democrat,530,1000
11/04/2008,MN,Koochiching,McCain,republican,470,1000
11/04/2008,ND,Sargent,Obama,democrat,530,1000
11/04/2008,ND,Sargent,McCain,republican,470,1000
11/04/2008,PA,Bucks,Obama,democrat,580,1000
11/04/2008,PA,Bucks,McCain,republican,420,1000
11/04/2008,SC,Calhoun,Obama,democrat,530,1000
11/04/2008,SC,Calhoun,McCain,republican,470,1000
11/04/2008,SD,Bon_Homme,Obama,democrat,470,1000
11/04/2008,SD,Bon_Homme,McCain,republican,530,1000
11/04/2008,IN,Owen,Obama,democrat,470,1000
11/04/2008,IN,Owen,McCain,republican,530,1000
11/04/2008,IN,Starke,Obama,democrat,530,1000
11/04/2008,IN,Starke,McCain,republican,470,1000
11/04/2008,IN,Union,Obama,democrat,420,1000
11/04/2008,IN,Union,McCain,republican,580,1000
11/04/2008,PA,Lawrence,Obama,democrat,420,1000
11/04/2008,PA,Lawrence,McCain,republican,580,1000
11/04/2008,NV,Eureka,Obama,democrat,420,1000
11/04/2008,NV,Eureka,McCain,republican,580,1000
11/04/2008,NH,Belknap,Obama,democrat,530,1000
11/04/2008,NH,Belknap,McCain,republican,470,1000
11/04/2008,AL,Russell,Obama,democrat,530,1000
11/04/2008,AL,Russell,McCain,republican,470,1000
11/04/2008,FL,Manatee,Obama,democrat,530,1000
11/04/2008,FL,Manatee,McCain,republican,470,1000
11/04/2008,NC,Columbus,Obama,democrat,490,1000
11/04/2008,NC,Columbus,McCain,republican,510,1000
11/04/2008,TX,Navarro,Obama,democrat,420,1000
11/04/2008,TX,Navarro,McCain,republican,580,1000
11/04/2008,VA,Amherst,Obama,democrat,420,1000
11/04/2008,VA,Amherst,McCain,republican,580,1000
11/04/2008,TX,Reeves,Obama,democrat,420,1000
11/04/2008,TX,Reeves,McCain,republican,580,1000
11/04/2008,ID,Clark,Obama,democrat,420,1000
11/04/2008,ID,Clark,McCain,republican,580,1000
11/04/2008,MS,Warren,Obama,democrat,530,1000
11/04/2008,MS,Warren,McCain,republican,470,1000
11/04/2008,MO,Mississippi,Obama,democrat,470,1000
11/04/2008,MO,Mississippi,McCain,republican,530,1000
11/04/2008,MI,Osceola,Obama,democrat,470,1000
11/04/2008,MI,Osceola,McCain,republican,530,1000
11/04/2008,MS,Grenada,Obama,democrat,530,1000
11/04/2008,MS,Grenada,McCain,republican,470,1000
11/04/2008,TX,Guadalupe,Obama,democrat,470,1000
11/04/2008,TX,Guadalupe,McCain,republican,530,1000
11/04/2008,FL,Union,Obama,democrat,420,1000
11/04/2008,FL,Union,McCain,republican,580,1000
11/04/2008,MT,Wibaux,Obama,democrat,420,1000
11/04/2008,MT,Wibaux,McCain,republican,580,1000
11/04/2008,MI,Baraga,Obama,democrat,530,1000
11/04/2008,MI,Baraga,McCain,republican,470,1000
11/04/2008,OR,Hood_River,Obama,democrat,580,1000
11/04/2008,OR,Hood_River,McCain,republican,420,1000
11/04/2008,IN,Allen,Obama,democrat,530,1000
11/04/2008,IN,Allen,McCain,republican,470,1000
11/04/2008,SD,Hand,Obama,democrat,420,1000
11/04/2008,SD,Hand,McCain,republican,580,1000
11/04/2008,IN,St_Joseph,Obama,democrat,580,1000
11/04/2008,IN,St_Joseph,McCain,republican,420,1000
11/04/2008,VA,Hopewell,Obama,democrat,580,1000
11/04/2008,VA,Hopewell,McCain,republican,420,1000
11/04/2008,ND,Dunn,Obama,democrat,420,1000
11/04/2008,ND,Dunn,McCain,republican,580,1000
11/04/2008,ND,Slope,Obama,democrat,420,1000
11/04/2008,ND,Slope,McCain,republican,580,1000
11/04/2008,NC,Scotland,Obama,democrat,530,1000
11/04/2008,NC,Scotland,McCain,republican,470,1000
11/04/2008,TN,Dyer,Obama,democrat,470,1000
11/04/2008,TN,Dyer,McCain,republican,530,1000
11/04/2008,KY,Calloway,Obama,democrat,420,1000
11/04/2008,KY,Calloway,McCain,republican,580,1000
11/04/2008,TX,Bandera,Obama,democrat,420,1000
11/04/2008,TX,Bandera,McCain,republican,580,1000
11/04/2008,RI,Bristol,Obama,democrat,580,1000
11/04/2008,RI,Bristol,McCain,republican,420,1000
11/04/2008,WY,Sublette,Obama,democrat,420,1000
11/04/2008,WY,Sublette,McCain,republican,580,1000
11/04/2008,NC,Macon,Obama,democrat,470,1000
11/04/2008,NC,Macon,McCain,republican,530,1000
11/04/2008,WI,Ashland,Obama,democrat,580,1000
11/04/2008,WI,Ashland,McCain,republican,420,1000
11/04/2008,TX,Hidalgo,Obama,democrat,580,1000
11/04/2008,TX,Hidalgo,McCain,republican,420,1000
11/04/2008,WI,La_Crosse,Obama,democrat,580,1000
11/04/2008,WI,La_Crosse,McCain,republican,420,1000
11/04/2008,AL,Mobile,Obama,democrat,490,1000
11/04/2008,AL,Mobile,McCain,republican,510,1000
11/04/2008,AL,Madison,Obama,democrat,530,1000
11/04/2008,AL,Madison,McCain,republican,470,1000
11/04/2008,NC,Polk,Obama,democrat,420,1000
11/04/2008,NC,Polk,McCain,republican,580,1000
11/04/2008,LA,Iberia,Obama,democrat,420,1000
11/04/2008,LA,Iberia,McCain,republican,580,1000
11/04/2008,SC,McCormick,Obama,democrat,530,1000
11/04/2008,SC,McCormick,McCain,republican,470,1000
11/04/2008,MN,Mower,Obama,democrat,580,1000
11/04/2008,MN,Mower,McCain,republican,420,1000
11/04/2008,MT,Madison,Obama,democrat,497,1000
11/04/2008,MT,Madison,McCain,republican,503,1000
11/04/2008,GA,Forsyth,Obama,democrat,470,1000
11/04/2008,GA,Forsyth,McCain,republican,530,1000
11/04/2008,OH,Allen,Obama,democrat,470,1000
11/04/2008,OH,Allen,McCain,republican,530,1000
11/04/2008,NY,St_Lawrence,Obama,democrat,580,1000
11/04/2008,NY,St_Lawrence,McCain,republican,420,1000
11/04/2008,WV,Doddridge,Obama,democrat,420,1000
11/04/2008,WV,Doddridge,McCain,republican,580,1000
11/04/2008,MO,Cedar,Obama,democrat,420,1000
11/04/2008,MO,Cedar,McCain,republican,580,1000
11/04/2008,SC,Bamberg,Obama,democrat,580,1000
11/04/2008,SC,Bamberg,McCain,republican,420,1000
11/04/2008,ND,Dickey,Obama,democrat,420,1000
11/04/2008,ND,Dickey,McCain,republican,580,1000
11/04/2008,AZ,Yavapai,Obama,democrat,470,1000
11/04/2008,AZ,Yavapai,McCain,republican,530,1000
11/04/2008,NY,Rockland,Obama,democrat,580,1000
11/04/2008,NY,Rockland,McCain,republican,420,1000
11/04/2008,MO,Ray,Obama,democrat,490,1000
11/04/2008,MO,Ray,McCain,republican,510,1000
11/04/2008,MS,Forrest,Obama,democrat,420,1000
11/04/2008,MS,Forrest,McCain,republican,580,1000
11/04/2008,AL,Marengo,Obama,democrat,420,1000
11/04/2008,AL,Marengo,McCain,republican,580,1000
11/04/2008,TX,Rockwall,Obama,democrat,470,1000
11/04/2008,TX,Rockwall,McCain,republican,530,1000
11/04/2008,AR,Phillips,Obama,democrat,580,1000
11/04/2008,AR,Phillips,McCain,republican,420,1000
11/04/2008,NC,Alexander,Obama,democrat,420,1000
11/04/2008,NC,Alexander,McCain,republican,580,1000
11/04/2008,WI,Marathon,Obama,democrat,530,1000
11/04/2008,WI,Marathon,McCain,republican,470,1000
11/04/2008,OH,Greene,Obama,democrat,530,1000
11/04/2008,OH,Greene,McCain,republican,470,1000
11/04/2008,VA,Washington,Obama,democrat,420,1000
11/04/2008,VA,Washington,McCain,republican,580,1000
11/04/2008,VA,Wythe,Obama,democrat,420,1000
11/04/2008,VA,Wythe,McCain,republican,580,1000
11/04/2008,NC,Lincoln,Obama,democrat,420,1000
11/04/2008,NC,Lincoln,McCain,republican,580,1000
11/04/2008,OH,Madison,Obama,democrat,420,1000
11/04/2008,OH,Madison,McCain,republican,580,1000
11/04/2008,LA,Avoyelles,Obama,democrat,490,1000
11/04/2008,LA,Avoyelles,McCain,republican,510,1000
11/04/2008,FL,Jackson,Obama,democrat,420,1000
11/04/2008,FL,Jackson,McCain,republican,580,1000
11/04/2008,WA,Kittitas,Obama,democrat,580,1000
11/04/2008,WA,Kittitas,McCain,republican,420,1000
11/04/2008,IL,Whiteside,Obama,democrat,580,1000
11/04/2008,IL,Whiteside,McCain,republican,420,1000
11/04/2008,NC,Perquimans,Obama,democrat,580,1000
11/04/2008,NC,Perquimans,McCain,republican,420,1000
11/04/2008,GA,Webster,Obama,democrat,470,1000
11/04/2008,GA,Webster,McCain,republican,530,1000
11/04/2008,FL,Nassau,Obama,democrat,420,1000
11/04/2008,FL,Nassau,McCain,republican,580,1000
11/04/2008,TX,Dallas,Obama,democrat,580,1000
11/04/2008,TX,Dallas,McCain,republican,420,1000
11/04/2008,CA,Ventura,Obama,democrat,580,1000
11/04/2008,CA,Ventura,McCain,republican,420,1000
11/04/2008,KY,McCreary,Obama,democrat,420,1000
11/04/2008,KY,McCreary,McCain,republican,580,1000
11/04/2008,MN,Becker,Obama,democrat,490,1000
11/04/2008,MN,Becker,McCain,republican,510,1000
11/04/2008,AR,Union,Obama,democrat,420,1000
11/04/2008,AR,Union,McCain,republican,580,1000
11/04/2008,KS,Osage,Obama,democrat,420,1000
11/04/2008,KS,Osage,McCain,republican,580,1000
11/04/2008,TX,Orange,Obama,democrat,470,1000
11/04/2008,TX,Orange,McCain,republican,530,1000
11/04/2008,GA,Clay,Obama,democrat,530,1000
11/04/2008,GA,Clay,McCain,republican,470,1000
11/04/2008,OH,Summit,Obama,democrat,580,1000
11/04/2008,OH,Summit,McCain,republican,420,1000
11/04/2008,GA,Liberty,Obama,democrat,580,1000
11/04/2008,GA,Liberty,McCain,republican,420,1000
11/04/2008,GA,Seminole,Obama,democrat,420,1000
11/04/2008,GA,Seminole,McCain,republican,580,1000
11/04/2008,GA,Cherokee,Obama,democrat,490,1000
11/04/2008,GA,Cherokee,McCain,republican,510,1000
11/04/2008,MO,Montgomery,Obama,democrat,420,1000
11/04/2008,MO,Montgomery,McCain,republican,580,1000
11/04/2008,TN,Giles,Obama,democrat,420,1000
11/04/2008,TN,Giles,McCain,republican,580,1000
11/04/2008,IN,Spencer,Obama,democrat,490,1000
11/04/2008,IN,Spencer,McCain,republican,510,1000
11/04/2008,WV,Boone,Obama,democrat,470,1000
11/04/2008,WV,Boone,McCain,republican,530,1000
11/04/2008,OR,Clatsop,Obama,democrat,580,1000
11/04/2008,OR,Clatsop,McCain,republican,420,1000
11/04/2008,CA,Lake,Obama,democrat,580,1000
11/04/2008,CA,Lake,McCain,republican,420,1000
11/04/2008,GA,Chattooga,Obama,democrat,420,1000
11/04/2008,GA,Chattooga,McCain,republican,580,1000
11/04/2008,MO,Scott,Obama,democrat,420,1000
11/04/2008,MO,Scott,McCain,republican,580,1000
11/04/2008,WA,San_Juan,Obama,democrat,580,1000
11/04/2008,WA,San_Juan,McCain,republican,420,1000
11/04/2008,OR,Jefferson,Obama,democrat,530,1000
11/04/2008,OR,Jefferson,McCain,republican,470,1000
11/04/2008,UT,Utah,Obama,democrat,420,1000
11/04/2008,UT,Utah,McCain,republican,580,1000
11/04/2008,MO,Ozark,Obama,democrat,420,1000
11/04/2008,MO,Ozark,McCain,republican,580,1000
11/04/2008,LA,Richland,Obama,democrat,420,1000
11/04/2008,LA,Richland,McCain,republican,580,1000
11/04/2008,NY,Essex,Obama,democrat,580,1000
11/04/2008,NY,Essex,McCain,republican,420,1000
11/04/2008,TX,Madison,Obama,democrat,420,1000
11/04/2008,TX,Madison,McCain,republican,580,1000
11/04/2008,IL,Grundy,Obama,democrat,510,1000
11/04/2008,IL,Grundy,McCain,republican,490,1000
11/04/2008,NY,Ulster,Obama,democrat,580,1000
11/04/2008,NY,Ulster,McCain,republican,420,1000
11/04/2008,NC,Lee,Obama,democrat,420,1000
11/04/2008,NC,Lee,McCain,republican,580,1000
11/04/2008,TN,Bedford,Obama,democrat,490,1000
11/04/2008,TN,Bedford,McCain,republican,510,1000
11/04/2008,ND,Mountrail,Obama,democrat,490,1000
11/04/2008,ND,Mountrail,McCain,republican,510,1000
11/04/2008,TX,Freestone,Obama,democrat,420,1000
11/04/2008,TX,Freestone,McCain,republican,580,1000
11/04/2008,NC,Alleghany,Obama,democrat,420,1000
11/04/2008,NC,Alleghany,McCain,republican,580,1000
11/04/2008,NY,Wyoming,Obama,democrat,420,1000
11/04/2008,NY,Wyoming,McCain,republican,580,1000
11/04/2008,MN,Pope,Obama,democrat,490,1000
11/04/2008,MN,Pope,McCain,republican,510,1000
11/04/2008,IL,Crawford,Obama,democrat,470,1000
11/04/2008,IL,Crawford,McCain,republican,530,1000
11/04/2008,MO,Barton,Obama,democrat,510,1000
11/04/2008,MO,Barton,McCain,republican,490,1000
11/04/2008,AZ,Maricopa,Obama,democrat,580,1000
11/04/2008,AZ,Maricopa,McCain,republican,420,1000
11/04/2008,NY,Ontario,Obama,democrat,580,1000
11/04/2008,NY,Ontario,McCain,republican,420,1000
11/04/2008,TX,Panola,Obama,democrat,420,1000
11/04/2008,TX,Panola,McCain,republican,580,1000
11/04/2008,IL,White,Obama,democrat,470,1000
11/04/2008,IL,White,McCain,republican,530,1000
11/04/2008,MS,Hancock,Obama,democrat,420,1000
11/04/2008,MS,Hancock,McCain,republican,580,1000
11/04/2008,PA,Bradford,Obama,democrat,420,1000
11/04/2008,PA,Bradford,McCain,republican,580,1000
11/04/2008,OH,Knox,Obama,democrat,420,1000
11/04/2008,OH,Knox,McCain,republican,580,1000
11/04/2008,SD,Brule,Obama,democrat,420,1000
11/04/2008,SD,Brule,McCain,republican,580,1000
11/04/2008,CO,Archuleta,Obama,democrat,470,1000
11/04/2008,CO,Archuleta,McCain,republican,530,1000
11/04/2008,AL,Coffee,Obama,democrat,420,1000
11/04/2008,AL,Coffee,McCain,republican,580,1000
11/04/2008,VA,Caroline,Obama,democrat,530,1000
11/04/2008,VA,Caroline,McCain,republican,470,1000
11/04/2008,VA,Fairfax_Co,Obama,democrat,580,1000
11/04/2008,VA,Fairfax_Co,McCain,republican,420,1000
11/04/2008,SC,Sumter,Obama,democrat,580,1000
11/04/2008,SC,Sumter,McCain,republican,420,1000
11/04/2008,PA,Elk,Obama,democrat,510,1000
11/04/2008,PA,Elk,McCain,republican,490,1000
11/04/2008,IA,Winnebago,Obama,democrat,530,1000
11/04/2008,IA,Winnebago,McCain,republican,470,1000
11/04/2008,FL,Wakulla,Obama,democrat,420,1000
11/04/2008,FL,Wakulla,McCain,republican,580,1000
11/04/2008,MS,Pearl_River,Obama,democrat,470,1000
11/04/2008,MS,Pearl_River,McCain,republican,530,1000
11/04/2008,AR,Van_Buren,Obama,democrat,420,1000
11/04/2008,AR,Van_Buren,McCain,republican,580,1000
11/04/2008,TX,Comanche,Obama,democrat,420,1000
11/04/2008,TX,Comanche,McCain,republican,580,1000
11/04/2008,SD,Dewey,Obama,democrat,470,1000
11/04/2008,SD,Dewey,McCain,republican,530,1000
11/04/2008,TN,Rhea,Obama,democrat,420,1000
11/04/2008,TN,Rhea,McCain,republican,580,1000
11/04/2008,PA,Huntingdon,Obama,democrat,420,1000
11/04/2008,PA,Huntingdon,McCain,republican,580,1000
11/04/2008,WI,Iowa,Obama,democrat,580,1000
11/04/2008,WI,Iowa,McCain,republican,420,1000
11/04/2008,PA,Sullivan,Obama,democrat,470,1000
11/04/2008,PA,Sullivan,McCain,republican,530,1000
11/04/2008,TN,Tipton,Obama,democrat,470,1000
11/04/2008,TN,Tipton,McCain,republican,530,1000
11/04/2008,NH,Strafford,Obama,democrat,580,1000
11/04/2008,NH,Strafford,McCain,republican,420,1000
11/04/2008,IN,Marion,Obama,democrat,580,1000
11/04/2008,IN,Marion,McCain,republican,420,1000
11/04/2008,SD,Bennett,Obama,democrat,420,1000
11/04/2008,SD,Bennett,McCain,republican,580,1000
11/04/2008,VA,Buckingham,Obama,democrat,530,1000
11/04/2008,VA,Buckingham,McCain,republican,470,1000
11/04/2008,ID,Bannock,Obama,democrat,420,1000
11/04/2008,ID,Bannock,McCain,republican,580,1000
11/04/2008,GA,Stephens,Obama,democrat,420,1000
11/04/2008,GA,Stephens,McCain,republican,580,1000
11/04/2008,ID,Boise,Obama,democrat,470,1000
11/04/2008,ID,Boise,McCain,republican,530,1000
11/04/2008,OK,Nowata,Obama,democrat,420,1000
11/04/2008,OK,Nowata,McCain,republican,580,1000
11/04/2008,GA,Glascock,Obama,democrat,420,1000
11/04/2008,GA,Glascock,McCain,republican,580,1000
11/04/2008,WI,Pepin,Obama,democrat,580,1000
11/04/2008,WI,Pepin,McCain,republican,420,1000
11/04/2008,IA,Fremont,Obama,democrat,470,1000
11/04/2008,IA,Fremont,McCain,republican,530,1000
11/04/2008,MO,Maries,Obama,democrat,420,1000
11/04/2008,MO,Maries,McCain,republican,580,1000
11/04/2008,TX,Nacogdoches,Obama,democrat,470,1000
11/04/2008,TX,Nacogdoches,McCain,republican,530,1000
11/04/2008,NC,Pamlico,Obama,democrat,510,1000
11/04/2008,NC,Pamlico,McCain,republican,490,1000
11/04/2008,FL,Taylor,Obama,democrat,470,1000
11/04/2008,FL,Taylor,McCain,republican,530,1000
11/04/2008,MN,Wright,Obama,democrat,530,1000
11/04/2008,MN,Wright,McCain,republican,470,1000
11/04/2008,ME,Somerset,Obama,democrat,580,1000
11/04/2008,ME,Somerset,McCain,republican,420,1000
11/04/2008,AR,Marion,Obama,democrat,420,1000
11/04/2008,AR,Marion,McCain,republican,580,1000
11/04/2008,TX,Presidio,Obama,democrat,420,1000
11/04/2008,TX,Presidio,McCain,republican,580,1000
11/04/2008,CA,Stanislaus,Obama,democrat,580,1000
11/04/2008,CA,Stanislaus,McCain,republican,420,1000
11/04/2008,KY,Elliott,Obama,democrat,490,1000
11/04/2008,KY,Elliott,McCain,republican,510,1000
11/04/2008,IL,Wabash,Obama,democrat,420,1000
11/04/2008,IL,Wabash,McCain,republican,580,1000
11/04/2008,WI,Juneau,Obama,democrat,530,1000
11/04/2008,WI,Juneau,McCain,republican,470,1000
11/04/2008,ND,Walsh,Obama,democrat,490,1000
11/04/2008,ND,Walsh,McCain,republican,510,1000
11/04/2008,AL,Bullock,Obama,democrat,470,1000
11/04/2008,AL,Bullock,McCain,republican,530,1000
11/04/2008,CA,Colusa,Obama,democrat,490,1000
11/04/2008,CA,Colusa,McCain,republican,510,1000
11/04/2008,CO,Gunnison,Obama,democrat,580,1000
11/04/2008,CO,Gunnison,McCain,republican,420,1000
11/04/2008,TX,Cass,Obama,democrat,420,1000
11/04/2008,TX,Cass,McCain,republican,580,1000
11/04/2008,GA,Camden,Obama,democrat,420,1000
11/04/2008,GA,Camden,McCain,republican,580,1000
11/04/2008,MS,Montgomery,Obama,democrat,470,1000
11/04/2008,MS,Montgomery,McCain,republican,530,1000
11/04/2008,GA,Fulton,Obama,democrat,580,1000
11/04/2008,GA,Fulton,McCain,republican,420,1000
11/04/2008,ND,Kidder,Obama,democrat,420,1000
11/04/2008,ND,Kidder,McCain,republican,580,1000
11/04/2008,GA,Fannin,Obama,democrat,420,1000
11/04/2008,GA,Fannin,McCain,republican,580,1000
11/04/2008,OH,Ottawa,Obama,democrat,530,1000
11/04/2008,OH,Ottawa,McCain,republican,470,1000
11/04/2008,NC,Carteret,Obama,democrat,497,1000
11/04/2008,NC,Carteret,McCain,republican,503,1000
11/04/2008,IN,Porter,Obama,democrat,580,1000
11/04/2008,IN,Porter,McCain,republican,420,1000
11/04/2008,VA,Nottoway,Obama,democrat,470,1000
11/04/2008,VA,Nottoway,McCain,republican,530,1000
11/04/2008,MO,Greene,Obama,democrat,530,1000
11/04/2008,MO,Greene,McCain,republican,470,1000
11/04/2008,TX,Harris,Obama,democrat,580,1000
11/04/2008,TX,Harris,McCain,republican,420,1000
11/04/2008,TX,Hill,Obama,democrat,420,1000
11/04/2008,TX,Hill,McCain,republican,580,1000
11/04/2008,MO,Warren,Obama,democrat,420,1000
11/04/2008,MO,Warren,McCain,republican,580,1000
11/04/2008,GA,Hancock,Obama,democrat,580,1000
11/04/2008,GA,Hancock,McCain,republican,420,1000
11/04/2008,AL,Houston,Obama,democrat,420,1000
11/04/2008,AL,Houston,McCain,republican,580,1000
11/04/2008,MO,Pemiscot,Obama,democrat,470,1000
11/04/2008,MO,Pemiscot,McCain,republican,530,1000
11/04/2008,MI,Wayne,Obama,democrat,580,1000
11/04/2008,MI,Wayne,McCain,republican,420,1000
11/04/2008,IN,Boone,Obama,democrat,510,1000
11/04/2008,IN,Boone,McCain,republican,490,1000
11/04/2008,NY,New_York,Obama,democrat,580,1000
11/04/2008,NY,New_York,McCain,republican,420,1000
11/04/2008,SC,Fairfield,Obama,democrat,580,1000
11/04/2008,SC,Fairfield,McCain,republican,420,1000
11/04/2008,ID,Washington,Obama,democrat,420,1000
11/04/2008,ID,Washington,McCain,republican,580,1000
11/04/2008,OH,Ashtabula,Obama,democrat,580,1000
11/04/2008,OH,Ashtabula,McCain,republican,420,1000
11/04/2008,VA,Rockbridge,Obama,democrat,420,1000
11/04/2008,VA,Rockbridge,McCain,republican,580,1000
11/04/2008,WI,Kenosha,Obama,democrat,580,1000
11/04/2008,WI,Kenosha,McCain,republican,420,1000
11/04/2008,NE,Boone,Obama,democrat,420,1000
11/04/2008,NE,Boone,McCain,republican,580,1000
11/04/2008,TX,Coryell,Obama,democrat,510,1000
11/04/2008,TX,Coryell,McCain,republican,490,1000
11/04/2008,IL,DeKalb,Obama,democrat,580,1000
11/04/2008,IL,DeKalb,McCain,republican,420,1000
11/04/2008,MI,Lake,Obama,democrat,530,1000
11/04/2008,MI,Lake,McCain,republican,470,1000
11/04/2008,FL,Lee,Obama,democrat,530,1000
11/04/2008,FL,Lee,McCain,republican,470,1000
11/04/2008,ID,Franklin,Obama,democrat,420,1000
11/04/2008,ID,Franklin,McCain,republican,580,1000
11/04/2008,VA,Greensville,Obama,democrat,580,1000
11/04/2008,VA,Greensville,McCain,republican,420,1000
11/04/2008,GA,Dodge,Obama,democrat,420,1000
11/04/2008,GA,Dodge,McCain,republican,580,1000
11/04/2008,CA,Mendocino,Obama,democrat,580,1000
11/04/2008,CA,Mendocino,McCain,republican,420,1000
11/04/2008,WI,Buffalo,Obama,democrat,530,1000
11/04/2008,WI,Buffalo,McCain,republican,470,1000
11/04/2008,WI,Racine,Obama,democrat,580,1000
11/04/2008,WI,Racine,McCain,republican,420,1000
11/04/2008,VT,Grand_Isle,Obama,democrat,580,1000
11/04/2008,VT,Grand_Isle,McCain,republican,420,1000
11/04/2008,MN,Dakota,Obama,democrat,580,1000
11/04/2008,MN,Dakota,McCain,republican,420,1000
11/04/2008,OR,Multnomah,Obama,democrat,580,1000
11/04/2008,OR,Multnomah,McCain,republican,420,1000
11/04/2008,LA,Natchitoches,Obama,democrat,490,1000
11/04/2008,LA,Natchitoches,McCain,republican,510,1000
11/04/2008,IL,Scott,Obama,democrat,470,1000
11/04/2008,IL,Scott,McCain,republican,530,1000
11/04/2008,GA,Effingham,Obama,democrat,490,1000
11/04/2008,GA,Effingham,McCain,republican,510,1000
11/04/2008,OK,Caddo,Obama,democrat,420,1000
11/04/2008,OK,Caddo,McCain,republican,580,1000
11/04/2008,OK,Jefferson,Obama,democrat,470,1000
11/04/2008,OK,Jefferson,McCain,republican,530,1000
11/04/2008,CO,Huerfano,Obama,democrat,580,1000
11/04/2008,CO,Huerfano,McCain,republican,420,1000
11/04/2008,SC,Anderson,Obama,democrat,420,1000
11/04/2008,SC,Anderson,McCain,republican,580,1000
11/04/2008,SC,Clarendon,Obama,democrat,580,1000
11/04/2008,SC,Clarendon,McCain,republican,420,1000
11/04/2008,GA,Lee,Obama,democrat,420,1000
11/04/2008,GA,Lee,McCain,republican,580,1000
11/04/2008,OH,Jefferson,Obama,democrat,470,1000
11/04/2008,OH,Jefferson,McCain,republican,530,1000
11/04/2008,OK,Roger_Mills,Obama,democrat,420,1000
11/04/2008,OK,Roger_Mills,McCain,republican,580,1000
11/04/2008,VA,Lexington,Obama,democrat,580,1000
11/04/2008,VA,Lexington,McCain,republican,420,1000
11/04/2008,CA,Shasta,Obama,democrat,470,1000
11/04/2008,CA,Shasta,McCain,republican,530,1000
11/04/2008,AR,Desha,Obama,democrat,530,1000
11/04/2008,AR,Desha,McCain,republican,470,1000
11/04/2008,LA,Lafourche,Obama,democrat,470,1000
11/04/2008,LA,Lafourche,McCain,republican,530,1000
11/04/2008,CA,Tuolumne,Obama,democrat,470,1000
11/04/2008,CA,Tuolumne,McCain,republican,530,1000
11/04/2008,OK,Cherokee,Obama,democrat,420,1000
11/04/2008,OK,Cherokee,McCain,republican,580,1000
11/04/2008,AR,Carroll,Obama,democrat,510,1000
11/04/2008,AR,Carroll,McCain,republican,490,1000
11/04/2008,TX,Titus,Obama,democrat,420,1000
11/04/2008,TX,Titus,McCain,republican,580,1000
11/04/2008,LA,St_Martin,Obama,democrat,490,1000
11/04/2008,LA,St_Martin,McCain,republican,510,1000
11/04/2008,AL,Morgan,Obama,democrat,420,1000
11/04/2008,AL,Morgan,McCain,republican,580,1000
11/04/2008,AL,Tuscaloosa,Obama,democrat,510,1000
11/04/2008,AL,Tuscaloosa,McCain,republican,490,1000
11/04/2008,LA,West_Feliciana,Obama,democrat,470,1000
11/04/2008,LA,West_Feliciana,McCain,republican,530,1000
11/04/2008,GA,Henry,Obama,democrat,580,1000
11/04/2008,GA,Henry,McCain,republican,420,1000
11/04/2008,FL,Glades,Obama,democrat,470,1000
11/04/2008,FL,Glades,McCain,republican,530,1000
11/04/2008,CO,Otero,Obama,democrat,490,1000
11/04/2008,CO,Otero,McCain,republican,510,1000
11/04/2008,LA,Tensas,Obama,democrat,580,1000
11/04/2008,LA,Tensas,McCain,republican,420,1000
11/04/2008,WV,Cabell,Obama,democrat,510,1000
11/04/2008,WV,Cabell,McCain,republican,490,1000
11/04/2008,KY,Ohio,Obama,democrat,470,1000
11/04/2008,KY,Ohio,McCain,republican,530,1000
11/04/2008,MN,Blue_Earth,Obama,democrat,580,1000
11/04/2008,MN,Blue_Earth,McCain,republican,420,1000
11/04/2008,NH,Hillsborough,Obama,democrat,580,1000
11/04/2008,NH,Hillsborough,McCain,republican,420,1000
11/04/2008,WY,Sweetwater,Obama,democrat,470,1000
11/04/2008,WY,Sweetwater,McCain,republican,530,1000
11/04/2008,IA,Pottawattamie,Obama,democrat,530,1000
11/04/2008,IA,Pottawattamie,McCain,republican,470,1000
11/04/2008,NY,Jefferson,Obama,democrat,490,1000
11/04/2008,NY,Jefferson,McCain,republican,510,1000
11/04/2008,MO,Bates,Obama,democrat,420,1000
11/04/2008,MO,Bates,McCain,republican,580,1000
11/04/2008,MI,Presque_Isle,Obama,democrat,530,1000
11/04/2008,MI,Presque_Isle,McCain,republican,470,1000
11/04/2008,MT,Roosevelt,Obama,democrat,530,1000
11/04/2008,MT,Roosevelt,McCain,republican,470,1000
11/04/2008,WA,Jefferson,Obama,democrat,580,1000
11/04/2008,WA,Jefferson,McCain,republican,420,1000
11/04/2008,TX,Nueces,Obama,democrat,530,1000
11/04/2008,TX,Nueces,McCain,republican,470,1000
11/04/2008,WI,Door,Obama,democrat,530,1000
11/04/2008,WI,Door,McCain,republican,470,1000
11/04/2008,ID,Nez_Perce,Obama,democrat,470,1000
11/04/2008,ID,Nez_Perce,McCain,republican,530,1000
11/04/2008,MI,Huron,Obama,democrat,497,1000
11/04/2008,MI,Huron,McCain,republican,503,1000
11/04/2008,GA,Johnson,Obama,democrat,470,1000
11/04/2008,GA,Johnson,McCain,republican,530,1000
11/04/2008,OH,Putnam,Obama,democrat,420,1000
11/04/2008,OH,Putnam,McCain,republican,580,1000
11/04/2008,TX,Erath,Obama,democrat,420,1000
11/04/2008,TX,Erath,McCain,republican,580,1000
11/04/2008,MO,Shannon,Obama,democrat,470,1000
11/04/2008,MO,Shannon,McCain,republican,530,1000
11/04/2008,AK,Matanuska-Susitna,Obama,democrat,470,1000
11/04/2008,AK,Matanuska-Susitna,McCain,republican,530,1000
11/04/2008,VA,Falls_Church,Obama,democrat,580,1000
11/04/2008,VA,Falls_Church,McCain,republican,420,1000
11/04/2008,TX,Kleberg,Obama,democrat,530,1000
11/04/2008,TX,Kleberg,McCain,republican,470,1000
11/04/2008,CO,Pitkin,Obama,democrat,580,1000
11/04/2008,CO,Pitkin,McCain,republican,420,1000
11/04/2008,CO,La_Plata,Obama,democrat,580,1000
11/04/2008,CO,La_Plata,McCain,republican,420,1000
11/04/2008,OK,Tulsa,Obama,democrat,510,1000
11/04/2008,OK,Tulsa,McCain,republican,490,1000
11/04/2008,AL,St_Clair,Obama,democrat,420,1000
11/04/2008,AL,St_Clair,McCain,republican,580,1000
11/04/2008,FL,Pinellas,Obama,democrat,580,1000
11/04/2008,FL,Pinellas,McCain,republican,420,1000
11/04/2008,IL,Fulton,Obama,democrat,580,1000
11/04/2008,IL,Fulton,McCain,republican,420,1000
11/04/2008,KS,Cherokee,Obama,democrat,470,1000
11/04/2008,KS,Cherokee,McCain,republican,530,1000
11/04/2008,MN,Beltrami,Obama,democrat,530,1000
11/04/2008,MN,Beltrami,McCain,republican,470,1000
11/04/2008,IN,Cass,Obama,democrat,470,1000
11/04/2008,IN,Cass,McCain,republican,530,1000
11/04/2008,AR,Polk,Obama,democrat,470,1000
11/04/2008,AR,Polk,McCain,republican,530,1000
11/04/2008,NV,Douglas,Obama,democrat,420,1000
11/04/2008,NV,Douglas,McCain,republican,580,1000
11/04/2008,KS,Kingman,Obama,democrat,490,1000
11/04/2008,KS,Kingman,McCain,republican,510,1000
11/04/2008,IA,Clayton,Obama,democrat,580,1000
11/04/2008,IA,Clayton,McCain,republican,420,1000
11/04/2008,IN,Fulton,Obama,democrat,420,1000
11/04/2008,IN,Fulton,McCain,republican,580,1000
11/04/2008,MO,Scotland,Obama,democrat,420,1000
11/04/2008,MO,Scotland,McCain,republican,580,1000
11/04/2008,SC,Berkeley,Obama,democrat,510,1000
11/04/2008,SC,Berkeley,McCain,republican,490,1000
11/04/2008,MI,Leelanau,Obama,democrat,580,1000
11/04/2008,MI,Leelanau,McCain,republican,420,1000
11/04/2008,PA,Fulton,Obama,democrat,420,1000
11/04/2008,PA,Fulton,McCain,republican,580,1000
11/04/2008,MI,Clinton,Obama,democrat,530,1000
11/04/2008,MI,Clinton,McCain,republican,470,1000
11/04/2008,GA,Quitman,Obama,democrat,530,1000
11/04/2008,GA,Quitman,McCain,republican,470,1000
11/04/2008,WA,Snohomish,Obama,democrat,580,1000
11/04/2008,WA,Snohomish,McCain,republican,420,1000
11/04/2008,MO,Lewis,Obama,democrat,490,1000
11/04/2008,MO,Lewis,McCain,republican,510,1000
11/04/2008,FL,Madison,Obama,democrat,420,1000
11/04/2008,FL,Madison,McCain,republican,580,1000
11/04/2008,NM,Los_Alamos,Obama,democrat,580,1000
11/04/2008,NM,Los_Alamos,McCain,republican,420,1000
11/04/2008,NM,Guadalupe,Obama,democrat,530,1000
11/04/2008,NM,Guadalupe,McCain,republican,470,1000
11/04/2008,WV,Gilmer,Obama,democrat,420,1000
11/04/2008,WV,Gilmer,McCain,republican,580,1000
11/04/2008,IN,Vanderburgh,Obama,democrat,580,1000
11/04/2008,IN,Vanderburgh,McCain,republican,420,1000
11/04/2008,WV,Hampshire,Obama,democrat,420,1000
11/04/2008,WV,Hampshire,McCain,republican,580,1000
11/04/2008,OR,Wallowa,Obama,democrat,420,1000
11/04/2008,OR,Wallowa,McCain,republican,580,1000
11/04/2008,NC,Cherokee,Obama,democrat,420,1000
11/04/2008,NC,Cherokee,McCain,republican,580,1000
11/04/2008,OK,Oklahoma,Obama,democrat,530,1000
11/04/2008,OK,Oklahoma,McCain,republican,470,1000
11/04/2008,FL,Volusia,Obama,democrat,580,1000
11/04/2008,FL,Volusia,McCain,republican,420,1000
11/04/2008,CA,Sierra,Obama,democrat,490,1000
11/04/2008,CA,Sierra,McCain,republican,510,1000
11/04/2008,ID,Bonneville,Obama,democrat,420,1000
11/04/2008,ID,Bonneville,McCain,republican,580,1000
11/04/2008,AL,Conecuh,Obama,democrat,420,1000
11/04/2008,AL,Conecuh,McCain,republican,580,1000
11/04/2008,KS,Kiowa,Obama,democrat,420,1000
11/04/2008,KS,Kiowa,McCain,republican,580,1000
11/04/2008,MN,Douglas,Obama,democrat,470,1000
11/04/2008,MN,Douglas,McCain,republican,530,1000
11/04/2008,TN,Chester,Obama,democrat,420,1000
11/04/2008,TN,Chester,McCain,republican,580,1000
11/04/2008,LA,Vermilion,Obama,democrat,470,1000
11/04/2008,LA,Vermilion,McCain,republican,530,1000
11/04/2008,NM,Sandoval,Obama,democrat,580,1000
11/04/2008,NM,Sandoval,McCain,republican,420,1000
11/04/2008,MN,Clay,Obama,democrat,580,1000
11/04/2008,MN,Clay,McCain,republican,420,1000
