11/02/2004,GA,Polk,Kerry,democrat,420,1000
11/02/2004,GA,Polk,Bush,republican,580,1000
11/02/2004,KY,Bracken,Kerry,democrat,420,1000
11/02/2004,KY,Bracken,Bush,republican,580,1000
11/02/2004,MS,Wayne,Kerry,democrat,420,1000
11/02/2004,MS,Wayne,Bush,republican,580,1000
11/02/2004,PA,Adams,Kerry,democrat,420,1000
11/02/2004,PA,Adams,Bush,republican,580,1000
11/02/2004,AZ,Gila,Kerry,democrat,470,1000
11/02/2004,AZ,Gila,Bush,republican,530,1000
11/02/2004,AR,Poinsett,Kerry,democrat,420,1000
11/02/2004,AR,Poinsett,Bush,republican,580,1000
11/02/2004,GA,Pike,Kerry,democrat,420,1000
11/02/2004,GA,Pike,Bush,republican,580,1000
11/02/2004,IL,Kendall,Kerry,democrat,530,1000
11/02/2004,IL,Kendall,Bush,republican,470,1000
11/02/2004,IA,Jefferson,Kerry,democrat,510,1000
11/02/2004,IA,Jefferson,Bush,republican,490,1000
11/02/2004,IA,Iowa,Kerry,democrat,530,1000
11/02/2004,IA,Iowa,Bush,republican,470,1000
11/02/2004,NE,Polk,Kerry,democrat,420,1000
11/02/2004,NE,Polk,Bush,republican,580,1000
11/02/2004,NE,Phelps,Kerry,democrat,420,1000
11/02/2004,NE,Phelps,Bush,republican,580,1000
11/02/2004,ND,Wells,Kerry,democrat,420,1000
11/02/2004,ND,Wells,Bush,republican,580,1000
11/02/2004,OH,Fairfield,Kerry,democrat,420,1000
11/02/2004,OH,Fairfield,Bush,republican,580,1000
11/02/2004,IN,Orange,Kerry,democrat,420,1000
11/02/2004,IN,Orange,Bush,republican,580,1000
11/02/2004,SD,Day,Kerry,democrat,530,1000
11/02/2004,SD,Day,Bush,republican,470,1000
11/02/2004,TX,Dickens,Kerry,democrat,420,1000
11/02/2004,TX,Dickens,Bush,republican,580,1000
11/02/2004,MI,Otsego,Kerry,democrat,420,1000
11/02/2004,MI,Otsego,Bush,republican,580,1000
11/02/2004,MN,Clearwater,Kerry,democrat,420,1000
11/02/2004,MN,Clearwater,Bush,republican,580,1000
11/02/2004,OK,Major,Kerry,democrat,420,1000
11/02/2004,OK,Major,Bush,republican,580,1000
11/02/2004,TX,McMullen,Kerry,democrat,420,1000
11/02/2004,TX,McMullen,Bush,republican,580,1000
11/02/2004,CA,Modoc,Kerry,democrat,420,1000
11/02/2004,CA,Modoc,Bush,republican,580,1000
11/02/2004,IL,Cook,Kerry,democrat,580,1000
11/02/2004,IL,Cook,Bush,republican,420,1000
11/02/2004,IL,Iroquois,Kerry,democrat,420,1000
11/02/2004,IL,Iroquois,Bush,republican,580,1000
11/02/2004,MS,Tippah,Kerry,democrat,420,1000
11/02/2004,MS,Tippah,Bush,republican,580,1000
11/02/2004,MN,Wadena,Kerry,democrat,420,1000
11/02/2004,MN,Wadena,Bush,republican,580,1000
11/02/2004,MT,Liberty,Kerry,democrat,420,1000
11/02/2004,MT,Liberty,Bush,republican,580,1000
11/02/2004,MO,Putnam,Kerry,democrat,420,1000
11/02/2004,MO,Putnam,Bush,republican,580,1000
11/02/2004,TX,Bailey,Kerry,democrat,420,1000
11/02/2004,TX,Bailey,Bush,republican,580,1000
11/02/2004,CO,Washington,Kerry,democrat,420,1000
11/02/2004,CO,Washington,Bush,republican,580,1000
11/02/2004,IL,Washington,Kerry,democrat,420,1000
11/02/2004,IL,Washington,Bush,republican,580,1000
11/02/2004,IA,Pocahontas,Kerry,democrat,470,1000
11/02/2004,IA,Pocahontas,Bush,republican,530,1000
11/02/2004,IA,Lucas,Kerry,democrat,470,1000
11/02/2004,IA,Lucas,Bush,republican,530,1000
11/02/2004,KY,Green,Kerry,democrat,420,1000
11/02/2004,KY,Green,Bush,republican,580,1000
11/02/2004,MI,Midland,Kerry,democrat,490,1000
11/02/2004,MI,Midland,Bush,republican,510,1000
11/02/2004,OH,Muskingum,Kerry,democrat,420,1000
11/02/2004,OH,Muskingum,Bush,republican,580,1000
11/02/2004,PA,Wyoming,Kerry,democrat,470,1000
11/02/2004,PA,Wyoming,Bush,republican,530,1000
11/02/2004,TX,Ellis,Kerry,democrat,470,1000
11/02/2004,TX,Ellis,Bush,republican,530,1000
11/02/2004,TX,Andrews,Kerry,democrat,420,1000
11/02/2004,TX,Andrews,Bush,republican,580,1000
11/02/2004,VT,Lamoille,Kerry,democrat,580,1000
11/02/2004,VT,Lamoille,Bush,republican,420,1000
11/02/2004,SD,Clark,Kerry,democrat,420,1000
11/02/2004,SD,Clark,Bush,republican,580,1000
11/02/2004,TX,Martin,Kerry,democrat,420,1000
11/02/2004,TX,Martin,Bush,republican,580,1000
11/02/2004,KS,Osborne,Kerry,democrat,420,1000
11/02/2004,KS,Osborne,Bush,republican,580,1000
11/02/2004,GA,Heard,Kerry,democrat,420,1000
11/02/2004,GA,Heard,Bush,republican,580,1000
11/02/2004,IA,Worth,Kerry,democrat,580,1000
11/02/2004,IA,Worth,Bush,republican,420,1000
11/02/2004,KY,Simpson,Kerry,democrat,420,1000
11/02/2004,KY,Simpson,Bush,republican,580,1000
11/02/2004,MS,Tishomingo,Kerry,democrat,420,1000
11/02/2004,MS,Tishomingo,Bush,republican,580,1000
11/02/2004,MS,Stone,Kerry,democrat,490,1000
11/02/2004,MS,Stone,Bush,republican,510,1000
11/02/2004,MN,Grant,Kerry,democrat,420,1000
11/02/2004,MN,Grant,Bush,republican,580,1000
11/02/2004,NE,Jefferson,Kerry,democrat,420,1000
11/02/2004,NE,Jefferson,Bush,republican,580,1000
11/02/2004,SD,Brown,Kerry,democrat,420,1000
11/02/2004,SD,Brown,Bush,republican,580,1000
11/02/2004,AL,Pike,Kerry,democrat,420,1000
11/02/2004,AL,Pike,Bush,republican,580,1000
11/02/2004,GA,Newton,Kerry,democrat,580,1000
11/02/2004,GA,Newton,Bush,republican,420,1000
11/02/2004,IL,Brown,Kerry,democrat,420,1000
11/02/2004,IL,Brown,Bush,republican,580,1000
11/02/2004,IL,Bond,Kerry,democrat,420,1000
11/02/2004,IL,Bond,Bush,republican,580,1000
11/02/2004,IA,Clay,Kerry,democrat,470,1000
11/02/2004,IA,Clay,Bush,republican,530,1000
11/02/2004,KY,Shelby,Kerry,democrat,420,1000
11/02/2004,KY,Shelby,Bush,republican,580,1000
11/02/2004,NE,Loup,Kerry,democrat,420,1000
11/02/2004,NE,Loup,Bush,republican,580,1000
11/02/2004,NE,Webster,Kerry,democrat,420,1000
11/02/2004,NE,Webster,Bush,republican,580,1000
11/02/2004,OH,Ashland,Kerry,democrat,420,1000
11/02/2004,OH,Ashland,Bush,republican,580,1000
11/02/2004,NE,Greeley,Kerry,democrat,420,1000
11/02/2004,NE,Greeley,Bush,republican,580,1000
11/02/2004,WV,Putnam,Kerry,democrat,420,1000
11/02/2004,WV,Putnam,Bush,republican,580,1000
11/02/2004,ND,Billings,Kerry,democrat,420,1000
11/02/2004,ND,Billings,Bush,republican,580,1000
11/02/2004,TX,Fisher,Kerry,democrat,420,1000
11/02/2004,TX,Fisher,Bush,republican,580,1000
11/02/2004,TX,Lipscomb,Kerry,democrat,420,1000
11/02/2004,TX,Lipscomb,Bush,republican,580,1000
11/02/2004,KS,Norton,Kerry,democrat,420,1000
11/02/2004,KS,Norton,Bush,republican,580,1000
11/02/2004,MD,Washington,Kerry,democrat,420,1000
11/02/2004,MD,Washington,Bush,republican,580,1000
11/02/2004,MS,Clarke,Kerry,democrat,420,1000
11/02/2004,MS,Clarke,Bush,republican,580,1000
11/02/2004,MS,Lawrence,Kerry,democrat,420,1000
11/02/2004,MS,Lawrence,Bush,republican,580,1000
11/02/2004,MT,Beaverhead,Kerry,democrat,420,1000
11/02/2004,MT,Beaverhead,Bush,republican,580,1000
11/02/2004,NE,Banner,Kerry,democrat,420,1000
11/02/2004,NE,Banner,Bush,republican,580,1000
11/02/2004,ND,Cavalier,Kerry,democrat,420,1000
11/02/2004,ND,Cavalier,Bush,republican,580,1000
11/02/2004,MO,Newton,Kerry,democrat,420,1000
11/02/2004,MO,Newton,Bush,republican,580,1000
11/02/2004,AK,North_Slope,Kerry,democrat,470,1000
11/02/2004,AK,North_Slope,Bush,republican,530,1000
11/02/2004,GA,Pickens,Kerry,democrat,420,1000
11/02/2004,GA,Pickens,Bush,republican,580,1000
11/02/2004,IN,Bartholomew,Kerry,democrat,420,1000
11/02/2004,IN,Bartholomew,Bush,republican,580,1000
11/02/2004,IA,Cerro_Gordo,Kerry,democrat,530,1000
11/02/2004,IA,Cerro_Gordo,Bush,republican,470,1000
11/02/2004,KY,Lincoln,Kerry,democrat,420,1000
11/02/2004,KY,Lincoln,Bush,republican,580,1000
11/02/2004,MO,Dent,Kerry,democrat,420,1000
11/02/2004,MO,Dent,Bush,republican,580,1000
11/02/2004,GA,Schley,Kerry,democrat,470,1000
11/02/2004,GA,Schley,Bush,republican,530,1000
11/02/2004,NE,Clay,Kerry,democrat,420,1000
11/02/2004,NE,Clay,Bush,republican,580,1000
11/02/2004,IA,Guthrie,Kerry,democrat,490,1000
11/02/2004,IA,Guthrie,Bush,republican,510,1000
11/02/2004,IA,Adair,Kerry,democrat,420,1000
11/02/2004,IA,Adair,Bush,republican,580,1000
11/02/2004,TX,Hale,Kerry,democrat,470,1000
11/02/2004,TX,Hale,Bush,republican,530,1000
11/02/2004,VA,Galax,Kerry,democrat,420,1000
11/02/2004,VA,Galax,Bush,republican,580,1000
11/02/2004,WI,Sawyer,Kerry,democrat,497,1000
11/02/2004,WI,Sawyer,Bush,republican,503,1000
11/02/2004,TX,Sherman,Kerry,democrat,420,1000
11/02/2004,TX,Sherman,Bush,republican,580,1000
11/02/2004,CO,Montezuma,Kerry,democrat,420,1000
11/02/2004,CO,Montezuma,Bush,republican,580,1000
11/02/2004,KS,Phillips,Kerry,democrat,420,1000
11/02/2004,KS,Phillips,Bush,republican,580,1000
11/02/2004,KY,Clinton,Kerry,democrat,420,1000
11/02/2004,KY,Clinton,Bush,republican,580,1000
11/02/2004,MD,Allegany,Kerry,democrat,420,1000
11/02/2004,MD,Allegany,Bush,republican,580,1000
11/02/2004,MS,Panola,Kerry,democrat,470,1000
11/02/2004,MS,Panola,Bush,republican,530,1000
11/02/2004,TX,Kinney,Kerry,democrat,420,1000
11/02/2004,TX,Kinney,Bush,republican,580,1000
11/02/2004,NM,Valencia,Kerry,democrat,580,1000
11/02/2004,NM,Valencia,Bush,republican,420,1000
11/02/2004,AR,Searcy,Kerry,democrat,420,1000
11/02/2004,AR,Searcy,Bush,republican,580,1000
11/02/2004,GA,Candler,Kerry,democrat,420,1000
11/02/2004,GA,Candler,Bush,republican,580,1000
11/02/2004,IN,Henry,Kerry,democrat,470,1000
11/02/2004,IN,Henry,Bush,republican,530,1000
11/02/2004,IA,Chickasaw,Kerry,democrat,530,1000
11/02/2004,IA,Chickasaw,Bush,republican,470,1000
11/02/2004,IA,Poweshiek,Kerry,democrat,530,1000
11/02/2004,IA,Poweshiek,Bush,republican,470,1000
11/02/2004,MI,Montmorency,Kerry,democrat,420,1000
11/02/2004,MI,Montmorency,Bush,republican,580,1000
11/02/2004,MO,Linn,Kerry,democrat,420,1000
11/02/2004,MO,Linn,Bush,republican,580,1000
11/02/2004,ND,Burleigh,Kerry,democrat,420,1000
11/02/2004,ND,Burleigh,Bush,republican,580,1000
11/02/2004,NE,Cuming,Kerry,democrat,420,1000
11/02/2004,NE,Cuming,Bush,republican,580,1000
11/02/2004,OR,Grant,Kerry,democrat,420,1000
11/02/2004,OR,Grant,Bush,republican,580,1000
11/02/2004,SD,Lake,Kerry,democrat,490,1000
11/02/2004,SD,Lake,Bush,republican,510,1000
11/02/2004,TX,Scurry,Kerry,democrat,420,1000
11/02/2004,TX,Scurry,Bush,republican,580,1000
11/02/2004,TX,Castro,Kerry,democrat,420,1000
11/02/2004,TX,Castro,Bush,republican,580,1000
11/02/2004,OH,Harrison,Kerry,democrat,420,1000
11/02/2004,OH,Harrison,Bush,republican,580,1000
11/02/2004,TX,Cochran,Kerry,democrat,420,1000
11/02/2004,TX,Cochran,Bush,republican,580,1000
11/02/2004,KS,Stanton,Kerry,democrat,420,1000
11/02/2004,KS,Stanton,Bush,republican,580,1000
11/02/2004,FL,Monroe,Kerry,democrat,530,1000
11/02/2004,FL,Monroe,Bush,republican,470,1000
11/02/2004,FL,Escambia,Kerry,democrat,490,1000
11/02/2004,FL,Escambia,Bush,republican,510,1000
11/02/2004,IL,Kankakee,Kerry,democrat,490,1000
11/02/2004,IL,Kankakee,Bush,republican,510,1000
11/02/2004,KS,Meade,Kerry,democrat,420,1000
11/02/2004,KS,Meade,Bush,republican,580,1000
11/02/2004,MN,Polk,Kerry,democrat,420,1000
11/02/2004,MN,Polk,Bush,republican,580,1000
11/02/2004,MS,Pike,Kerry,democrat,470,1000
11/02/2004,MS,Pike,Bush,republican,530,1000
11/02/2004,MN,Waseca,Kerry,democrat,420,1000
11/02/2004,MN,Waseca,Bush,republican,580,1000
11/02/2004,OK,Cimarron,Kerry,democrat,420,1000
11/02/2004,OK,Cimarron,Bush,republican,580,1000
11/02/2004,MT,Flathead,Kerry,democrat,420,1000
11/02/2004,MT,Flathead,Bush,republican,580,1000
11/02/2004,UT,Cache,Kerry,democrat,420,1000
11/02/2004,UT,Cache,Bush,republican,580,1000
11/02/2004,AR,Lincoln,Kerry,democrat,420,1000
11/02/2004,AR,Lincoln,Bush,republican,580,1000
11/02/2004,GA,Turner,Kerry,democrat,420,1000
11/02/2004,GA,Turner,Bush,republican,580,1000
11/02/2004,IA,Marshall,Kerry,democrat,530,1000
11/02/2004,IA,Marshall,Bush,republican,470,1000
11/02/2004,MO,Texas,Kerry,democrat,420,1000
11/02/2004,MO,Texas,Bush,republican,580,1000
11/02/2004,GA,Bleckley,Kerry,democrat,420,1000
11/02/2004,GA,Bleckley,Bush,republican,580,1000
11/02/2004,OH,Geauga,Kerry,democrat,420,1000
11/02/2004,OH,Geauga,Bush,republican,580,1000
11/02/2004,OK,Grant,Kerry,democrat,420,1000
11/02/2004,OK,Grant,Bush,republican,580,1000
11/02/2004,MO,Crawford,Kerry,democrat,420,1000
11/02/2004,MO,Crawford,Bush,republican,580,1000
11/02/2004,TX,Tom_Green,Kerry,democrat,420,1000
11/02/2004,TX,Tom_Green,Bush,republican,580,1000
11/02/2004,TX,Roberts,Kerry,democrat,420,1000
11/02/2004,TX,Roberts,Bush,republican,580,1000
11/02/2004,TX,Childress,Kerry,democrat,420,1000
11/02/2004,TX,Childress,Bush,republican,580,1000
11/02/2004,AL,Franklin,Kerry,democrat,420,1000
11/02/2004,AL,Franklin,Bush,republican,580,1000
11/02/2004,IN,Ohio,Kerry,democrat,420,1000
11/02/2004,IN,Ohio,Bush,republican,580,1000
11/02/2004,KS,Nemaha,Kerry,democrat,420,1000
11/02/2004,KS,Nemaha,Bush,republican,580,1000
11/02/2004,MN,Rock,Kerry,democrat,420,1000
11/02/2004,MN,Rock,Bush,republican,580,1000
11/02/2004,NE,Dawes,Kerry,democrat,420,1000
11/02/2004,NE,Dawes,Bush,republican,580,1000
11/02/2004,PA,Greene,Kerry,democrat,420,1000
11/02/2004,PA,Greene,Bush,republican,580,1000
11/02/2004,MO,Phelps,Kerry,democrat,420,1000
11/02/2004,MO,Phelps,Bush,republican,580,1000
11/02/2004,AL,Clay,Kerry,democrat,420,1000
11/02/2004,AL,Clay,Bush,republican,580,1000
11/02/2004,AK,Kusilvak,Kerry,democrat,580,1000
11/02/2004,AK,Kusilvak,Bush,republican,420,1000
11/02/2004,IL,Putnam,Kerry,democrat,490,1000
11/02/2004,IL,Putnam,Bush,republican,510,1000
11/02/2004,IN,Montgomery,Kerry,democrat,420,1000
11/02/2004,IN,Montgomery,Bush,republican,580,1000
11/02/2004,KS,Wichita,Kerry,democrat,420,1000
11/02/2004,KS,Wichita,Bush,republican,580,1000
11/02/2004,MN,Mahnomen,Kerry,democrat,530,1000
11/02/2004,MN,Mahnomen,Bush,republican,470,1000
11/02/2004,MN,Murray,Kerry,democrat,470,1000
11/02/2004,MN,Murray,Bush,republican,530,1000
11/02/2004,NE,Logan,Kerry,democrat,420,1000
11/02/2004,NE,Logan,Bush,republican,580,1000
11/02/2004,ND,Hettinger,Kerry,democrat,420,1000
11/02/2004,ND,Hettinger,Bush,republican,580,1000
11/02/2004,IA,Greene,Kerry,democrat,470,1000
11/02/2004,IA,Greene,Bush,republican,530,1000
11/02/2004,KY,Lee,Kerry,democrat,420,1000
11/02/2004,KY,Lee,Bush,republican,580,1000
11/02/2004,TX,Motley,Kerry,democrat,420,1000
11/02/2004,TX,Motley,Bush,republican,580,1000
11/02/2004,LA,Jackson,Kerry,democrat,420,1000
11/02/2004,LA,Jackson,Bush,republican,580,1000
11/02/2004,VA,Radford,Kerry,democrat,580,1000
11/02/2004,VA,Radford,Bush,republican,420,1000
11/02/2004,ND,Ramsey,Kerry,democrat,470,1000
11/02/2004,ND,Ramsey,Bush,republican,530,1000
11/02/2004,ID,Lincoln,Kerry,democrat,420,1000
11/02/2004,ID,Lincoln,Bush,republican,580,1000
11/02/2004,CO,Cheyenne,Kerry,democrat,420,1000
11/02/2004,CO,Cheyenne,Bush,republican,580,1000
11/02/2004,HI,Maui,Kerry,democrat,580,1000
11/02/2004,HI,Maui,Bush,republican,420,1000
11/02/2004,KS,Comanche,Kerry,democrat,420,1000
11/02/2004,KS,Comanche,Bush,republican,580,1000
11/02/2004,ME,Aroostook,Kerry,democrat,580,1000
11/02/2004,ME,Aroostook,Bush,republican,420,1000
11/02/2004,NE,Thayer,Kerry,democrat,420,1000
11/02/2004,NE,Thayer,Bush,republican,580,1000
11/02/2004,MS,Jasper,Kerry,democrat,420,1000
11/02/2004,MS,Jasper,Bush,republican,580,1000
11/02/2004,MN,Steele,Kerry,democrat,490,1000
11/02/2004,MN,Steele,Bush,republican,510,1000
11/02/2004,SD,Lawrence,Kerry,democrat,420,1000
11/02/2004,SD,Lawrence,Bush,republican,580,1000
11/02/2004,SD,Campbell,Kerry,democrat,420,1000
11/02/2004,SD,Campbell,Bush,republican,580,1000
11/02/2004,MT,Wheatland,Kerry,democrat,420,1000
11/02/2004,MT,Wheatland,Bush,republican,580,1000
11/02/2004,AR,Jackson,Kerry,democrat,420,1000
11/02/2004,AR,Jackson,Bush,republican,580,1000
11/02/2004,FL,Lafayette,Kerry,democrat,420,1000
11/02/2004,FL,Lafayette,Bush,republican,580,1000
11/02/2004,IL,Saline,Kerry,democrat,420,1000
11/02/2004,IL,Saline,Bush,republican,580,1000
11/02/2004,IA,Wapello,Kerry,democrat,530,1000
11/02/2004,IA,Wapello,Bush,republican,470,1000
11/02/2004,MI,Calhoun,Kerry,democrat,497,1000
11/02/2004,MI,Calhoun,Bush,republican,503,1000
11/02/2004,NE,Colfax,Kerry,democrat,420,1000
11/02/2004,NE,Colfax,Bush,republican,580,1000
11/02/2004,ND,Ward,Kerry,democrat,420,1000
11/02/2004,ND,Ward,Bush,republican,580,1000
11/02/2004,NE,Fillmore,Kerry,democrat,420,1000
11/02/2004,NE,Fillmore,Bush,republican,580,1000
11/02/2004,PA,Snyder,Kerry,democrat,470,1000
11/02/2004,PA,Snyder,Bush,republican,530,1000
11/02/2004,IA,Adams,Kerry,democrat,470,1000
11/02/2004,IA,Adams,Bush,republican,530,1000
11/02/2004,VA,Covington,Kerry,democrat,420,1000
11/02/2004,VA,Covington,Bush,republican,580,1000
11/02/2004,WI,Barron,Kerry,democrat,470,1000
11/02/2004,WI,Barron,Bush,republican,530,1000
11/02/2004,TX,Archer,Kerry,democrat,420,1000
11/02/2004,TX,Archer,Bush,republican,580,1000
11/02/2004,UT,Piute,Kerry,democrat,420,1000
11/02/2004,UT,Piute,Bush,republican,580,1000
11/02/2004,KS,Kearny,Kerry,democrat,420,1000
11/02/2004,KS,Kearny,Bush,republican,580,1000
11/02/2004,NE,Johnson,Kerry,democrat,420,1000
11/02/2004,NE,Johnson,Bush,republican,580,1000
11/02/2004,TX,Sutton,Kerry,democrat,420,1000
11/02/2004,TX,Sutton,Bush,republican,580,1000
11/02/2004,IL,Piatt,Kerry,democrat,420,1000
11/02/2004,IL,Piatt,Bush,republican,580,1000
11/02/2004,IL,Schuyler,Kerry,democrat,470,1000
11/02/2004,IL,Schuyler,Bush,republican,530,1000
11/02/2004,TN,McNairy,Kerry,democrat,420,1000
11/02/2004,TN,McNairy,Bush,republican,580,1000
11/02/2004,KY,Edmonson,Kerry,democrat,420,1000
11/02/2004,KY,Edmonson,Bush,republican,580,1000
11/02/2004,IA,O_Brien,Kerry,democrat,420,1000
11/02/2004,IA,O_Brien,Bush,republican,580,1000
11/02/2004,KY,Estill,Kerry,democrat,420,1000
11/02/2004,KY,Estill,Bush,republican,580,1000
11/02/2004,IL,Christian,Kerry,democrat,420,1000
11/02/2004,IL,Christian,Bush,republican,580,1000
11/02/2004,KY,Graves,Kerry,democrat,420,1000
11/02/2004,KY,Graves,Bush,republican,580,1000
11/02/2004,IA,Union,Kerry,democrat,490,1000
11/02/2004,IA,Union,Bush,republican,510,1000
11/02/2004,IL,Marshall,Kerry,democrat,420,1000
11/02/2004,IL,Marshall,Bush,republican,580,1000
11/02/2004,MI,Branch,Kerry,democrat,470,1000
11/02/2004,MI,Branch,Bush,republican,530,1000
11/02/2004,KS,Geary,Kerry,democrat,510,1000
11/02/2004,KS,Geary,Bush,republican,490,1000
11/02/2004,NE,Brown,Kerry,democrat,420,1000
11/02/2004,NE,Brown,Bush,republican,580,1000
11/02/2004,MS,Smith,Kerry,democrat,420,1000
11/02/2004,MS,Smith,Bush,republican,580,1000
11/02/2004,ID,Benewah,Kerry,democrat,420,1000
11/02/2004,ID,Benewah,Bush,republican,580,1000
11/02/2004,IN,Fountain,Kerry,democrat,420,1000
11/02/2004,IN,Fountain,Bush,republican,580,1000
11/02/2004,TX,Moore,Kerry,democrat,420,1000
11/02/2004,TX,Moore,Bush,republican,580,1000
11/02/2004,OK,Lincoln,Kerry,democrat,420,1000
11/02/2004,OK,Lincoln,Bush,republican,580,1000
11/02/2004,UT,San_Juan,Kerry,democrat,420,1000
11/02/2004,UT,San_Juan,Bush,republican,580,1000
11/02/2004,IA,Mahaska,Kerry,democrat,490,1000
11/02/2004,IA,Mahaska,Bush,republican,510,1000
11/02/2004,IN,Pulaski,Kerry,democrat,420,1000
11/02/2004,IN,Pulaski,Bush,republican,580,1000
11/02/2004,KY,Christian,Kerry,democrat,420,1000
11/02/2004,KY,Christian,Bush,republican,580,1000
11/02/2004,ND,Richland,Kerry,democrat,530,1000
11/02/2004,ND,Richland,Bush,republican,470,1000
11/02/2004,MO,Dade,Kerry,democrat,420,1000
11/02/2004,MO,Dade,Bush,republican,580,1000
11/02/2004,MO,Dallas,Kerry,democrat,420,1000
11/02/2004,MO,Dallas,Bush,republican,580,1000
11/02/2004,IN,Clay,Kerry,democrat,420,1000
11/02/2004,IN,Clay,Bush,republican,580,1000
11/02/2004,GA,Floyd,Kerry,democrat,420,1000
11/02/2004,GA,Floyd,Bush,republican,580,1000
11/02/2004,NE,Box_Butte,Kerry,democrat,420,1000
11/02/2004,NE,Box_Butte,Bush,republican,580,1000
11/02/2004,KS,Ford,Kerry,democrat,420,1000
11/02/2004,KS,Ford,Bush,republican,580,1000
11/02/2004,IN,Madison,Kerry,democrat,470,1000
11/02/2004,IN,Madison,Bush,republican,530,1000
11/02/2004,KS,Ness,Kerry,democrat,420,1000
11/02/2004,KS,Ness,Bush,republican,580,1000
11/02/2004,NE,Hooker,Kerry,democrat,420,1000
11/02/2004,NE,Hooker,Bush,republican,580,1000
11/02/2004,IL,Clay,Kerry,democrat,420,1000
11/02/2004,IL,Clay,Bush,republican,580,1000
11/02/2004,MO,Knox,Kerry,democrat,420,1000
11/02/2004,MO,Knox,Bush,republican,580,1000
11/02/2004,MO,Osage,Kerry,democrat,420,1000
11/02/2004,MO,Osage,Bush,republican,580,1000
11/02/2004,MI,Livingston,Kerry,democrat,470,1000
11/02/2004,MI,Livingston,Bush,republican,530,1000
11/02/2004,AL,Randolph,Kerry,democrat,420,1000
11/02/2004,AL,Randolph,Bush,republican,580,1000
11/02/2004,MI,Roscommon,Kerry,democrat,420,1000
11/02/2004,MI,Roscommon,Bush,republican,580,1000
11/02/2004,OH,Carroll,Kerry,democrat,420,1000
11/02/2004,OH,Carroll,Bush,republican,580,1000
11/02/2004,ND,Cass,Kerry,democrat,490,1000
11/02/2004,ND,Cass,Bush,republican,510,1000
11/02/2004,NE,Madison,Kerry,democrat,420,1000
11/02/2004,NE,Madison,Bush,republican,580,1000
11/02/2004,NE,Perkins,Kerry,democrat,420,1000
11/02/2004,NE,Perkins,Bush,republican,580,1000
11/02/2004,NE,Pierce,Kerry,democrat,420,1000
11/02/2004,NE,Pierce,Bush,republican,580,1000
11/02/2004,AR,Cleburne,Kerry,democrat,420,1000
11/02/2004,AR,Cleburne,Bush,republican,580,1000
11/02/2004,NE,Platte,Kerry,democrat,420,1000
11/02/2004,NE,Platte,Bush,republican,580,1000
11/02/2004,NH,Coos,Kerry,democrat,580,1000
11/02/2004,NH,Coos,Bush,republican,420,1000
11/02/2004,MN,Swift,Kerry,democrat,470,1000
11/02/2004,MN,Swift,Bush,republican,530,1000
11/02/2004,WI,Langlade,Kerry,democrat,420,1000
11/02/2004,WI,Langlade,Bush,republican,580,1000
11/02/2004,MI,Isabella,Kerry,democrat,530,1000
11/02/2004,MI,Isabella,Bush,republican,470,1000
11/02/2004,MN,McLeod,Kerry,democrat,420,1000
11/02/2004,MN,McLeod,Bush,republican,580,1000
11/02/2004,NH,Grafton,Kerry,democrat,580,1000
11/02/2004,NH,Grafton,Bush,republican,420,1000
11/02/2004,AK,Petersburg,Kerry,democrat,530,1000
11/02/2004,AK,Petersburg,Bush,republican,470,1000
11/02/2004,MI,Missaukee,Kerry,democrat,420,1000
11/02/2004,MI,Missaukee,Bush,republican,580,1000
11/02/2004,MO,Oregon,Kerry,democrat,420,1000
11/02/2004,MO,Oregon,Bush,republican,580,1000
11/02/2004,ND,Griggs,Kerry,democrat,420,1000
11/02/2004,ND,Griggs,Bush,republican,580,1000
11/02/2004,TX,Goliad,Kerry,democrat,420,1000
11/02/2004,TX,Goliad,Bush,republican,580,1000
11/02/2004,NE,Chase,Kerry,democrat,420,1000
11/02/2004,NE,Chase,Bush,republican,580,1000
11/02/2004,KS,Allen,Kerry,democrat,420,1000
11/02/2004,KS,Allen,Bush,republican,580,1000
11/02/2004,KS,Chase,Kerry,democrat,470,1000
11/02/2004,KS,Chase,Bush,republican,530,1000
11/02/2004,KS,Greenwood,Kerry,democrat,420,1000
11/02/2004,KS,Greenwood,Bush,republican,580,1000
11/02/2004,TX,Cottle,Kerry,democrat,420,1000
11/02/2004,TX,Cottle,Bush,republican,580,1000
11/02/2004,NM,Eddy,Kerry,democrat,420,1000
11/02/2004,NM,Eddy,Bush,republican,580,1000
11/02/2004,IL,Coles,Kerry,democrat,420,1000
11/02/2004,IL,Coles,Bush,republican,580,1000
11/02/2004,KS,Elk,Kerry,democrat,420,1000
11/02/2004,KS,Elk,Bush,republican,580,1000
11/02/2004,KS,Woodson,Kerry,democrat,420,1000
11/02/2004,KS,Woodson,Bush,republican,580,1000
11/02/2004,MI,Gratiot,Kerry,democrat,420,1000
11/02/2004,MI,Gratiot,Bush,republican,580,1000
11/02/2004,KS,Marion,Kerry,democrat,420,1000
11/02/2004,KS,Marion,Bush,republican,580,1000
11/02/2004,KS,Neosho,Kerry,democrat,420,1000
11/02/2004,KS,Neosho,Bush,republican,580,1000
11/02/2004,MI,Ionia,Kerry,democrat,420,1000
11/02/2004,MI,Ionia,Bush,republican,580,1000
11/02/2004,MN,Cottonwood,Kerry,democrat,420,1000
11/02/2004,MN,Cottonwood,Bush,republican,580,1000
11/02/2004,KY,Montgomery,Kerry,democrat,420,1000
11/02/2004,KY,Montgomery,Bush,republican,580,1000
11/02/2004,MN,Kandiyohi,Kerry,democrat,420,1000
11/02/2004,MN,Kandiyohi,Bush,republican,580,1000
11/02/2004,MI,Mecosta,Kerry,democrat,420,1000
11/02/2004,MI,Mecosta,Bush,republican,580,1000
11/02/2004,SD,Grant,Kerry,democrat,470,1000
11/02/2004,SD,Grant,Bush,republican,530,1000
11/02/2004,MN,Faribault,Kerry,democrat,470,1000
11/02/2004,MN,Faribault,Bush,republican,530,1000
11/02/2004,KY,Robertson,Kerry,democrat,420,1000
11/02/2004,KY,Robertson,Bush,republican,580,1000
11/02/2004,IL,Effingham,Kerry,democrat,420,1000
11/02/2004,IL,Effingham,Bush,republican,580,1000
11/02/2004,MN,Benton,Kerry,democrat,420,1000
11/02/2004,MN,Benton,Bush,republican,580,1000
11/02/2004,TX,Falls,Kerry,democrat,470,1000
11/02/2004,TX,Falls,Bush,republican,530,1000
11/02/2004,SD,Aurora,Kerry,democrat,420,1000
11/02/2004,SD,Aurora,Bush,republican,580,1000
11/02/2004,MA,Nantucket,Kerry,democrat,580,1000
11/02/2004,MA,Nantucket,Bush,republican,420,1000
11/02/2004,SD,Beadle,Kerry,democrat,420,1000
11/02/2004,SD,Beadle,Bush,republican,580,1000
11/02/2004,SD,Spink,Kerry,democrat,420,1000
11/02/2004,SD,Spink,Bush,republican,580,1000
11/02/2004,SD,Yankton,Kerry,democrat,470,1000
11/02/2004,SD,Yankton,Bush,republican,530,1000
11/02/2004,SD,Hutchinson,Kerry,democrat,420,1000
11/02/2004,SD,Hutchinson,Bush,republican,580,1000
11/02/2004,PA,Cameron,Kerry,democrat,420,1000
11/02/2004,PA,Cameron,Bush,republican,580,1000
11/02/2004,AK,Hoonah_Angoon,Kerry,democrat,510,1000
11/02/2004,AK,Hoonah_Angoon,Bush,republican,490,1000
11/02/2004,TN,Hardin,Kerry,democrat,420,1000
11/02/2004,TN,Hardin,Bush,republican,580,1000
11/02/2004,SD,McCook,Kerry,democrat,470,1000
11/02/2004,SD,McCook,Bush,republican,530,1000
11/02/2004,SD,Jerauld,Kerry,democrat,420,1000
11/02/2004,SD,Jerauld,Bush,republican,580,1000
11/02/2004,WV,Barbour,Kerry,democrat,420,1000
11/02/2004,WV,Barbour,Bush,republican,580,1000
11/02/2004,VA,Goochland,Kerry,democrat,470,1000
11/02/2004,VA,Goochland,Bush,republican,530,1000
11/02/2004,MN,Le_Sueur,Kerry,democrat,470,1000
11/02/2004,MN,Le_Sueur,Bush,republican,530,1000
11/02/2004,TX,Karnes,Kerry,democrat,420,1000
11/02/2004,TX,Karnes,Bush,republican,580,1000
11/02/2004,MN,Martin,Kerry,democrat,420,1000
11/02/2004,MN,Martin,Bush,republican,580,1000
11/02/2004,MO,Adair,Kerry,democrat,420,1000
11/02/2004,MO,Adair,Bush,republican,580,1000
11/02/2004,WI,Price,Kerry,democrat,490,1000
11/02/2004,WI,Price,Bush,republican,510,1000
11/02/2004,WI,Dunn,Kerry,democrat,470,1000
11/02/2004,WI,Dunn,Bush,republican,530,1000
11/02/2004,WY,Natrona,Kerry,democrat,420,1000
11/02/2004,WY,Natrona,Bush,republican,580,1000
11/02/2004,WY,Niobrara,Kerry,democrat,420,1000
11/02/2004,WY,Niobrara,Bush,republican,580,1000
11/02/2004,WY,Park,Kerry,democrat,420,1000
11/02/2004,WY,Park,Bush,republican,580,1000
11/02/2004,SC,Saluda,Kerry,democrat,420,1000
11/02/2004,SC,Saluda,Bush,republican,580,1000
11/02/2004,OR,Wheeler,Kerry,democrat,420,1000
11/02/2004,OR,Wheeler,Bush,republican,580,1000
11/02/2004,VT,Essex,Kerry,democrat,580,1000
11/02/2004,VT,Essex,Bush,republican,420,1000
11/02/2004,WA,Skamania,Kerry,democrat,530,1000
11/02/2004,WA,Skamania,Bush,republican,470,1000
11/02/2004,MN,Cook,Kerry,democrat,580,1000
11/02/2004,MN,Cook,Bush,republican,420,1000
11/02/2004,OH,Crawford,Kerry,democrat,420,1000
11/02/2004,OH,Crawford,Bush,republican,580,1000
11/02/2004,OH,Hancock,Kerry,democrat,420,1000
11/02/2004,OH,Hancock,Bush,republican,580,1000
11/02/2004,OH,Hocking,Kerry,democrat,420,1000
11/02/2004,OH,Hocking,Bush,republican,580,1000
11/02/2004,OH,Huron,Kerry,democrat,470,1000
11/02/2004,OH,Huron,Bush,republican,530,1000
11/02/2004,TX,Yoakum,Kerry,democrat,420,1000
11/02/2004,TX,Yoakum,Bush,republican,580,1000
11/02/2004,TX,Armstrong,Kerry,democrat,420,1000
11/02/2004,TX,Armstrong,Bush,republican,580,1000
11/02/2004,TX,Jim_Wells,Kerry,democrat,420,1000
11/02/2004,TX,Jim_Wells,Bush,republican,580,1000
11/02/2004,OK,Dewey,Kerry,democrat,420,1000
11/02/2004,OK,Dewey,Bush,republican,580,1000
11/02/2004,TX,Hemphill,Kerry,democrat,420,1000
11/02/2004,TX,Hemphill,Bush,republican,580,1000
11/02/2004,ME,Kennebec,Kerry,democrat,580,1000
11/02/2004,ME,Kennebec,Bush,republican,420,1000
11/02/2004,IA,Grundy,Kerry,democrat,420,1000
11/02/2004,IA,Grundy,Bush,republican,580,1000
11/02/2004,MN,Isanti,Kerry,democrat,420,1000
11/02/2004,MN,Isanti,Bush,republican,580,1000
11/02/2004,TX,Schleicher,Kerry,democrat,420,1000
11/02/2004,TX,Schleicher,Bush,republican,580,1000
11/02/2004,OK,Okmulgee,Kerry,democrat,420,1000
11/02/2004,OK,Okmulgee,Bush,republican,580,1000
11/02/2004,MT,Garfield,Kerry,democrat,420,1000
11/02/2004,MT,Garfield,Bush,republican,580,1000
11/02/2004,TX,Stephens,Kerry,democrat,420,1000
11/02/2004,TX,Stephens,Bush,republican,580,1000
11/02/2004,NE,Arthur,Kerry,democrat,420,1000
11/02/2004,NE,Arthur,Bush,republican,580,1000
11/02/2004,TX,Swisher,Kerry,democrat,420,1000
11/02/2004,TX,Swisher,Bush,republican,580,1000
11/02/2004,MO,Pettis,Kerry,democrat,420,1000
11/02/2004,MO,Pettis,Bush,republican,580,1000
11/02/2004,TX,Lamb,Kerry,democrat,420,1000
11/02/2004,TX,Lamb,Bush,republican,580,1000
11/02/2004,TX,Palo_Pinto,Kerry,democrat,420,1000
11/02/2004,TX,Palo_Pinto,Bush,republican,580,1000
11/02/2004,GA,White,Kerry,democrat,420,1000
11/02/2004,GA,White,Bush,republican,580,1000
11/02/2004,OR,Wasco,Kerry,democrat,530,1000
11/02/2004,OR,Wasco,Bush,republican,470,1000
11/02/2004,AK,Bethel,Kerry,democrat,530,1000
11/02/2004,AK,Bethel,Bush,republican,470,1000
11/02/2004,AR,St_Francis,Kerry,democrat,530,1000
11/02/2004,AR,St_Francis,Bush,republican,470,1000
11/02/2004,AK,Aleutians_East,Kerry,democrat,470,1000
11/02/2004,AK,Aleutians_East,Bush,republican,530,1000
11/02/2004,WI,Monroe,Kerry,democrat,510,1000
11/02/2004,WI,Monroe,Bush,republican,490,1000
11/02/2004,AK,Ketchikan_Gateway,Kerry,democrat,470,1000
11/02/2004,AK,Ketchikan_Gateway,Bush,republican,530,1000
11/02/2004,AK,Lake_and_Peninsula,Kerry,democrat,420,1000
11/02/2004,AK,Lake_and_Peninsula,Bush,republican,580,1000
11/02/2004,ND,Stutsman,Kerry,democrat,420,1000
11/02/2004,ND,Stutsman,Bush,republican,580,1000
11/02/2004,OH,Paulding,Kerry,democrat,420,1000
11/02/2004,OH,Paulding,Bush,republican,580,1000
11/02/2004,MS,Choctaw,Kerry,democrat,420,1000
11/02/2004,MS,Choctaw,Bush,republican,580,1000
11/02/2004,SD,Sully,Kerry,democrat,420,1000
11/02/2004,SD,Sully,Bush,republican,580,1000
11/02/2004,MO,Stoddard,Kerry,democrat,420,1000
11/02/2004,MO,Stoddard,Bush,republican,580,1000
11/02/2004,TX,Hall,Kerry,democrat,420,1000
11/02/2004,TX,Hall,Bush,republican,580,1000
11/02/2004,MO,Stone,Kerry,democrat,420,1000
11/02/2004,MO,Stone,Bush,republican,580,1000
11/02/2004,MO,Webster,Kerry,democrat,420,1000
11/02/2004,MO,Webster,Bush,republican,580,1000
11/02/2004,NC,Forsyth,Kerry,democrat,580,1000
11/02/2004,NC,Forsyth,Bush,republican,420,1000
11/02/2004,VA,Danville,Kerry,democrat,580,1000
11/02/2004,VA,Danville,Bush,republican,420,1000
11/02/2004,VA,Franklin,Kerry,democrat,580,1000
11/02/2004,VA,Franklin,Bush,republican,420,1000
11/02/2004,KS,Brown,Kerry,democrat,420,1000
11/02/2004,KS,Brown,Bush,republican,580,1000
11/02/2004,VA,Martinsville,Kerry,democrat,580,1000
11/02/2004,VA,Martinsville,Bush,republican,420,1000
11/02/2004,KS,Butler,Kerry,democrat,470,1000
11/02/2004,KS,Butler,Bush,republican,530,1000
11/02/2004,TX,Hood,Kerry,democrat,420,1000
11/02/2004,TX,Hood,Bush,republican,580,1000
11/02/2004,VA,Staunton,Kerry,democrat,580,1000
11/02/2004,VA,Staunton,Bush,republican,420,1000
11/02/2004,FL,DeSoto,Kerry,democrat,470,1000
11/02/2004,FL,DeSoto,Bush,republican,530,1000
11/02/2004,FL,Highlands,Kerry,democrat,420,1000
11/02/2004,FL,Highlands,Bush,republican,580,1000
11/02/2004,MO,Wright,Kerry,democrat,420,1000
11/02/2004,MO,Wright,Bush,republican,580,1000
11/02/2004,KS,Anderson,Kerry,democrat,420,1000
11/02/2004,KS,Anderson,Bush,republican,580,1000
11/02/2004,VA,Amelia,Kerry,democrat,420,1000
11/02/2004,VA,Amelia,Bush,republican,580,1000
11/02/2004,IA,Crawford,Kerry,democrat,470,1000
11/02/2004,IA,Crawford,Bush,republican,530,1000
11/02/2004,IA,Davis,Kerry,democrat,470,1000
11/02/2004,IA,Davis,Bush,republican,530,1000
11/02/2004,IA,Delaware,Kerry,democrat,530,1000
11/02/2004,IA,Delaware,Bush,republican,470,1000
11/02/2004,KS,Miami,Kerry,democrat,470,1000
11/02/2004,KS,Miami,Bush,republican,530,1000
11/02/2004,TX,La_Salle,Kerry,democrat,420,1000
11/02/2004,TX,La_Salle,Bush,republican,580,1000
11/02/2004,KS,McPherson,Kerry,democrat,420,1000
11/02/2004,KS,McPherson,Bush,republican,580,1000
11/02/2004,IA,Franklin,Kerry,democrat,490,1000
11/02/2004,IA,Franklin,Bush,republican,510,1000
11/02/2004,KS,Logan,Kerry,democrat,420,1000
11/02/2004,KS,Logan,Bush,republican,580,1000
11/02/2004,IA,Hamilton,Kerry,democrat,470,1000
11/02/2004,IA,Hamilton,Bush,republican,530,1000
11/02/2004,TX,McLennan,Kerry,democrat,420,1000
11/02/2004,TX,McLennan,Bush,republican,580,1000
11/02/2004,ID,Custer,Kerry,democrat,420,1000
11/02/2004,ID,Custer,Bush,republican,580,1000
11/02/2004,KS,Sherman,Kerry,democrat,420,1000
11/02/2004,KS,Sherman,Bush,republican,580,1000
11/02/2004,IA,Ida,Kerry,democrat,470,1000
11/02/2004,IA,Ida,Bush,republican,530,1000
11/02/2004,OH,Perry,Kerry,democrat,420,1000
11/02/2004,OH,Perry,Bush,republican,580,1000
11/02/2004,CO,Morgan,Kerry,democrat,420,1000
11/02/2004,CO,Morgan,Bush,republican,580,1000
11/02/2004,TX,Real,Kerry,democrat,420,1000
11/02/2004,TX,Real,Bush,republican,580,1000
11/02/2004,GA,Crisp,Kerry,democrat,420,1000
11/02/2004,GA,Crisp,Bush,republican,580,1000
11/02/2004,OH,Ross,Kerry,democrat,420,1000
11/02/2004,OH,Ross,Bush,republican,580,1000
11/02/2004,CO,Montrose,Kerry,democrat,420,1000
11/02/2004,CO,Montrose,Bush,republican,580,1000
11/02/2004,OH,Shelby,Kerry,democrat,420,1000
11/02/2004,OH,Shelby,Bush,republican,580,1000
11/02/2004,GA,Evans,Kerry,democrat,420,1000
11/02/2004,GA,Evans,Bush,republican,580,1000
11/02/2004,IL,Cumberland,Kerry,democrat,420,1000
11/02/2004,IL,Cumberland,Bush,republican,580,1000
11/02/2004,OH,Union,Kerry,democrat,420,1000
11/02/2004,OH,Union,Bush,republican,580,1000
11/02/2004,GA,Jeff_Davis,Kerry,democrat,420,1000
11/02/2004,GA,Jeff_Davis,Bush,republican,580,1000
11/02/2004,AR,Stone,Kerry,democrat,420,1000
11/02/2004,AR,Stone,Bush,republican,580,1000
11/02/2004,MO,Henry,Kerry,democrat,420,1000
11/02/2004,MO,Henry,Bush,republican,580,1000
11/02/2004,TX,Menard,Kerry,democrat,420,1000
11/02/2004,TX,Menard,Bush,republican,580,1000
11/02/2004,TX,Midland,Kerry,democrat,420,1000
11/02/2004,TX,Midland,Bush,republican,580,1000
11/02/2004,TX,Nolan,Kerry,democrat,420,1000
11/02/2004,TX,Nolan,Bush,republican,580,1000
11/02/2004,TX,Reagan,Kerry,democrat,420,1000
11/02/2004,TX,Reagan,Bush,republican,580,1000
11/02/2004,OK,Stephens,Kerry,democrat,420,1000
11/02/2004,OK,Stephens,Bush,republican,580,1000
11/02/2004,MO,St_Francois,Kerry,democrat,420,1000
11/02/2004,MO,St_Francois,Bush,republican,580,1000
11/02/2004,CO,Kiowa,Kerry,democrat,420,1000
11/02/2004,CO,Kiowa,Bush,republican,580,1000
11/02/2004,TX,Mason,Kerry,democrat,420,1000
11/02/2004,TX,Mason,Bush,republican,580,1000
11/02/2004,TX,Glasscock,Kerry,democrat,420,1000
11/02/2004,TX,Glasscock,Bush,republican,580,1000
11/02/2004,TX,Kendall,Kerry,democrat,420,1000
11/02/2004,TX,Kendall,Bush,republican,580,1000
11/02/2004,OK,Grady,Kerry,democrat,420,1000
11/02/2004,OK,Grady,Bush,republican,580,1000
11/02/2004,OK,Cleveland,Kerry,democrat,510,1000
11/02/2004,OK,Cleveland,Bush,republican,490,1000
11/02/2004,PA,Susquehanna,Kerry,democrat,420,1000
11/02/2004,PA,Susquehanna,Bush,republican,580,1000
11/02/2004,TX,Morris,Kerry,democrat,420,1000
11/02/2004,TX,Morris,Bush,republican,580,1000
11/02/2004,TX,Hunt,Kerry,democrat,420,1000
11/02/2004,TX,Hunt,Bush,republican,580,1000
11/02/2004,NY,Schenectady,Kerry,democrat,580,1000
11/02/2004,NY,Schenectady,Bush,republican,420,1000
11/02/2004,OK,Carter,Kerry,democrat,420,1000
11/02/2004,OK,Carter,Bush,republican,580,1000
11/02/2004,OK,Coal,Kerry,democrat,420,1000
11/02/2004,OK,Coal,Bush,republican,580,1000
11/02/2004,OK,Murray,Kerry,democrat,420,1000
11/02/2004,OK,Murray,Bush,republican,580,1000
11/02/2004,OK,Haskell,Kerry,democrat,420,1000
11/02/2004,OK,Haskell,Bush,republican,580,1000
11/02/2004,OH,Athens,Kerry,democrat,580,1000
11/02/2004,OH,Athens,Bush,republican,420,1000
11/02/2004,AK,Yukon-Koyukuk,Kerry,democrat,470,1000
11/02/2004,AK,Yukon-Koyukuk,Bush,republican,530,1000
11/02/2004,AL,Monroe,Kerry,democrat,420,1000
11/02/2004,AL,Monroe,Bush,republican,580,1000
11/02/2004,MS,Humphreys,Kerry,democrat,420,1000
11/02/2004,MS,Humphreys,Bush,republican,580,1000
11/02/2004,MS,Quitman,Kerry,democrat,580,1000
11/02/2004,MS,Quitman,Bush,republican,420,1000
11/02/2004,MO,Sullivan,Kerry,democrat,420,1000
11/02/2004,MO,Sullivan,Bush,republican,580,1000
11/02/2004,TX,Lampasas,Kerry,democrat,420,1000
11/02/2004,TX,Lampasas,Bush,republican,580,1000
11/02/2004,TX,Limestone,Kerry,democrat,420,1000
11/02/2004,TX,Limestone,Bush,republican,580,1000
11/02/2004,TX,Bell,Kerry,democrat,497,1000
11/02/2004,TX,Bell,Bush,republican,503,1000
11/02/2004,WI,Brown,Kerry,democrat,530,1000
11/02/2004,WI,Brown,Bush,republican,470,1000
11/02/2004,MS,Jones,Kerry,democrat,420,1000
11/02/2004,MS,Jones,Bush,republican,580,1000
11/02/2004,MS,Kemper,Kerry,democrat,470,1000
11/02/2004,MS,Kemper,Bush,republican,530,1000
11/02/2004,NV,Mineral,Kerry,democrat,490,1000
11/02/2004,NV,Mineral,Bush,republican,510,1000
11/02/2004,NM,Bernalillo,Kerry,democrat,580,1000
11/02/2004,NM,Bernalillo,Bush,republican,420,1000
11/02/2004,FL,Hamilton,Kerry,democrat,420,1000
11/02/2004,FL,Hamilton,Bush,republican,580,1000
11/02/2004,HI,Kalawao,Kerry,democrat,580,1000
11/02/2004,HI,Kalawao,Bush,republican,420,1000
11/02/2004,FL,Clay,Kerry,democrat,420,1000
11/02/2004,FL,Clay,Bush,republican,580,1000
11/02/2004,MN,Hubbard,Kerry,democrat,420,1000
11/02/2004,MN,Hubbard,Bush,republican,580,1000
11/02/2004,TX,Carson,Kerry,democrat,420,1000
11/02/2004,TX,Carson,Bush,republican,580,1000
11/02/2004,ND,Eddy,Kerry,democrat,420,1000
11/02/2004,ND,Eddy,Bush,republican,580,1000
11/02/2004,AK,Nome,Kerry,democrat,510,1000
11/02/2004,AK,Nome,Bush,republican,490,1000
11/02/2004,KS,Pawnee,Kerry,democrat,420,1000
11/02/2004,KS,Pawnee,Bush,republican,580,1000
11/02/2004,KS,Stafford,Kerry,democrat,420,1000
11/02/2004,KS,Stafford,Bush,republican,580,1000
11/02/2004,ND,McHenry,Kerry,democrat,420,1000
11/02/2004,ND,McHenry,Bush,republican,580,1000
11/02/2004,IL,Warren,Kerry,democrat,420,1000
11/02/2004,IL,Warren,Bush,republican,580,1000
11/02/2004,NV,Clark,Kerry,democrat,580,1000
11/02/2004,NV,Clark,Bush,republican,420,1000
11/02/2004,KS,Lincoln,Kerry,democrat,420,1000
11/02/2004,KS,Lincoln,Bush,republican,580,1000
11/02/2004,AL,Barbour,Kerry,democrat,420,1000
11/02/2004,AL,Barbour,Bush,republican,580,1000
11/02/2004,TN,Fayette,Kerry,democrat,420,1000
11/02/2004,TN,Fayette,Bush,republican,580,1000
11/02/2004,KS,Rush,Kerry,democrat,420,1000
11/02/2004,KS,Rush,Bush,republican,580,1000
11/02/2004,IL,Boone,Kerry,democrat,510,1000
11/02/2004,IL,Boone,Bush,republican,490,1000
11/02/2004,ND,Bowman,Kerry,democrat,420,1000
11/02/2004,ND,Bowman,Bush,republican,580,1000
11/02/2004,IN,Huntington,Kerry,democrat,420,1000
11/02/2004,IN,Huntington,Bush,republican,580,1000
11/02/2004,KS,Ellsworth,Kerry,democrat,420,1000
11/02/2004,KS,Ellsworth,Bush,republican,580,1000
11/02/2004,IN,DeKalb,Kerry,democrat,420,1000
11/02/2004,IN,DeKalb,Bush,republican,580,1000
11/02/2004,IN,Grant,Kerry,democrat,420,1000
11/02/2004,IN,Grant,Bush,republican,580,1000
11/02/2004,IN,Miami,Kerry,democrat,420,1000
11/02/2004,IN,Miami,Bush,republican,580,1000
11/02/2004,IN,Tipton,Kerry,democrat,420,1000
11/02/2004,IN,Tipton,Bush,republican,580,1000
11/02/2004,UT,Summit,Kerry,democrat,580,1000
11/02/2004,UT,Summit,Bush,republican,420,1000
11/02/2004,MO,Polk,Kerry,democrat,420,1000
11/02/2004,MO,Polk,Bush,republican,580,1000
11/02/2004,CA,Nevada,Kerry,democrat,580,1000
11/02/2004,CA,Nevada,Bush,republican,420,1000
11/02/2004,WI,Shawano,Kerry,democrat,420,1000
11/02/2004,WI,Shawano,Bush,republican,580,1000
11/02/2004,ID,Idaho,Kerry,democrat,420,1000
11/02/2004,ID,Idaho,Bush,republican,580,1000
11/02/2004,SD,Codington,Kerry,democrat,420,1000
11/02/2004,SD,Codington,Bush,republican,580,1000
11/02/2004,ND,Rolette,Kerry,democrat,580,1000
11/02/2004,ND,Rolette,Bush,republican,420,1000
11/02/2004,KS,Mitchell,Kerry,democrat,420,1000
11/02/2004,KS,Mitchell,Bush,republican,580,1000
11/02/2004,KS,Scott,Kerry,democrat,420,1000
11/02/2004,KS,Scott,Bush,republican,580,1000
11/02/2004,KS,Washington,Kerry,democrat,420,1000
11/02/2004,KS,Washington,Bush,republican,580,1000
11/02/2004,LA,Concordia,Kerry,democrat,420,1000
11/02/2004,LA,Concordia,Bush,republican,580,1000
11/02/2004,GA,Marion,Kerry,democrat,510,1000
11/02/2004,GA,Marion,Bush,republican,490,1000
11/02/2004,LA,Iberville,Kerry,democrat,530,1000
11/02/2004,LA,Iberville,Bush,republican,470,1000
11/02/2004,TX,Blanco,Kerry,democrat,420,1000
11/02/2004,TX,Blanco,Bush,republican,580,1000
11/02/2004,VA,Norton,Kerry,democrat,420,1000
11/02/2004,VA,Norton,Bush,republican,580,1000
11/02/2004,TX,Kimble,Kerry,democrat,420,1000
11/02/2004,TX,Kimble,Bush,republican,580,1000
11/02/2004,TX,Dawson,Kerry,democrat,420,1000
11/02/2004,TX,Dawson,Bush,republican,580,1000
11/02/2004,OK,Blaine,Kerry,democrat,420,1000
11/02/2004,OK,Blaine,Bush,republican,580,1000
11/02/2004,KS,Barber,Kerry,democrat,420,1000
11/02/2004,KS,Barber,Bush,republican,580,1000
11/02/2004,TX,Wilson,Kerry,democrat,470,1000
11/02/2004,TX,Wilson,Bush,republican,530,1000
11/02/2004,WI,Rusk,Kerry,democrat,470,1000
11/02/2004,WI,Rusk,Bush,republican,530,1000
11/02/2004,VA,Colonial_Heights,Kerry,democrat,530,1000
11/02/2004,VA,Colonial_Heights,Bush,republican,470,1000
11/02/2004,TX,Baylor,Kerry,democrat,420,1000
11/02/2004,TX,Baylor,Bush,republican,580,1000
11/02/2004,KS,Wallace,Kerry,democrat,420,1000
11/02/2004,KS,Wallace,Bush,republican,580,1000
11/02/2004,KS,Seward,Kerry,democrat,470,1000
11/02/2004,KS,Seward,Bush,republican,530,1000
11/02/2004,MS,Lauderdale,Kerry,democrat,490,1000
11/02/2004,MS,Lauderdale,Bush,republican,510,1000
11/02/2004,MS,Perry,Kerry,democrat,420,1000
11/02/2004,MS,Perry,Bush,republican,580,1000
11/02/2004,AR,Saline,Kerry,democrat,530,1000
11/02/2004,AR,Saline,Bush,republican,470,1000
11/02/2004,IL,Bureau,Kerry,democrat,420,1000
11/02/2004,IL,Bureau,Bush,republican,580,1000
11/02/2004,IN,Wabash,Kerry,democrat,420,1000
11/02/2004,IN,Wabash,Bush,republican,580,1000
11/02/2004,MO,Carter,Kerry,democrat,420,1000
11/02/2004,MO,Carter,Bush,republican,580,1000
11/02/2004,NE,McPherson,Kerry,democrat,420,1000
11/02/2004,NE,McPherson,Bush,republican,580,1000
11/02/2004,MO,Macon,Kerry,democrat,420,1000
11/02/2004,MO,Macon,Bush,republican,580,1000
11/02/2004,KS,Coffey,Kerry,democrat,420,1000
11/02/2004,KS,Coffey,Bush,republican,580,1000
11/02/2004,VA,Salem,Kerry,democrat,490,1000
11/02/2004,VA,Salem,Bush,republican,510,1000
11/02/2004,WI,Lincoln,Kerry,democrat,470,1000
11/02/2004,WI,Lincoln,Bush,republican,530,1000
11/02/2004,OH,Morgan,Kerry,democrat,420,1000
11/02/2004,OH,Morgan,Bush,republican,580,1000
11/02/2004,WI,Richland,Kerry,democrat,530,1000
11/02/2004,WI,Richland,Bush,republican,470,1000
11/02/2004,ID,Lemhi,Kerry,democrat,420,1000
11/02/2004,ID,Lemhi,Bush,republican,580,1000
11/02/2004,IA,Dickinson,Kerry,democrat,420,1000
11/02/2004,IA,Dickinson,Bush,republican,580,1000
11/02/2004,MI,Sanilac,Kerry,democrat,420,1000
11/02/2004,MI,Sanilac,Bush,republican,580,1000
11/02/2004,MS,Pontotoc,Kerry,democrat,420,1000
11/02/2004,MS,Pontotoc,Bush,republican,580,1000
11/02/2004,NY,Suffolk,Kerry,democrat,530,1000
11/02/2004,NY,Suffolk,Bush,republican,470,1000
11/02/2004,VA,Grayson,Kerry,democrat,420,1000
11/02/2004,VA,Grayson,Bush,republican,580,1000
11/02/2004,CO,Elbert,Kerry,democrat,470,1000
11/02/2004,CO,Elbert,Bush,republican,530,1000
11/02/2004,IN,Franklin,Kerry,democrat,420,1000
11/02/2004,IN,Franklin,Bush,republican,580,1000
11/02/2004,IA,Linn,Kerry,democrat,580,1000
11/02/2004,IA,Linn,Bush,republican,420,1000
11/02/2004,MI,Wexford,Kerry,democrat,420,1000
11/02/2004,MI,Wexford,Bush,republican,580,1000
11/02/2004,OH,Wyandot,Kerry,democrat,420,1000
11/02/2004,OH,Wyandot,Bush,republican,580,1000
11/02/2004,NE,Franklin,Kerry,democrat,420,1000
11/02/2004,NE,Franklin,Bush,republican,580,1000
11/02/2004,WV,McDowell,Kerry,democrat,420,1000
11/02/2004,WV,McDowell,Bush,republican,580,1000
11/02/2004,WV,Wirt,Kerry,democrat,420,1000
11/02/2004,WV,Wirt,Bush,republican,580,1000
11/02/2004,WV,Upshur,Kerry,democrat,420,1000
11/02/2004,WV,Upshur,Bush,republican,580,1000
11/02/2004,MS,Covington,Kerry,democrat,470,1000
11/02/2004,MS,Covington,Bush,republican,530,1000
11/02/2004,CO,Alamosa,Kerry,democrat,510,1000
11/02/2004,CO,Alamosa,Bush,republican,490,1000
11/02/2004,FL,Holmes,Kerry,democrat,420,1000
11/02/2004,FL,Holmes,Bush,republican,580,1000
11/02/2004,GA,Dade,Kerry,democrat,420,1000
11/02/2004,GA,Dade,Bush,republican,580,1000
11/02/2004,GA,Miller,Kerry,democrat,420,1000
11/02/2004,GA,Miller,Bush,republican,580,1000
11/02/2004,GA,Pulaski,Kerry,democrat,420,1000
11/02/2004,GA,Pulaski,Bush,republican,580,1000
11/02/2004,MS,Amite,Kerry,democrat,420,1000
11/02/2004,MS,Amite,Bush,republican,580,1000
11/02/2004,SD,Faulk,Kerry,democrat,420,1000
11/02/2004,SD,Faulk,Bush,republican,580,1000
11/02/2004,AL,Bibb,Kerry,democrat,420,1000
11/02/2004,AL,Bibb,Bush,republican,580,1000
11/02/2004,KS,Cheyenne,Kerry,democrat,420,1000
11/02/2004,KS,Cheyenne,Bush,republican,580,1000
11/02/2004,ME,York,Kerry,democrat,580,1000
11/02/2004,ME,York,Bush,republican,420,1000
11/02/2004,MN,Carlton,Kerry,democrat,530,1000
11/02/2004,MN,Carlton,Bush,republican,470,1000
11/02/2004,VA,Dickenson,Kerry,democrat,420,1000
11/02/2004,VA,Dickenson,Bush,republican,580,1000
11/02/2004,AK,Northwest_Arctic,Kerry,democrat,420,1000
11/02/2004,AK,Northwest_Arctic,Bush,republican,580,1000
11/02/2004,GA,Walton,Kerry,democrat,470,1000
11/02/2004,GA,Walton,Bush,republican,530,1000
11/02/2004,IN,Greene,Kerry,democrat,420,1000
11/02/2004,IN,Greene,Bush,republican,580,1000
11/02/2004,MI,Kalkaska,Kerry,democrat,420,1000
11/02/2004,MI,Kalkaska,Bush,republican,580,1000
11/02/2004,NE,Buffalo,Kerry,democrat,420,1000
11/02/2004,NE,Buffalo,Bush,republican,580,1000
11/02/2004,ND,Foster,Kerry,democrat,420,1000
11/02/2004,ND,Foster,Bush,republican,580,1000
11/02/2004,NE,Sherman,Kerry,democrat,420,1000
11/02/2004,NE,Sherman,Bush,republican,580,1000
11/02/2004,NE,Keith,Kerry,democrat,420,1000
11/02/2004,NE,Keith,Bush,republican,580,1000
11/02/2004,OK,Beckham,Kerry,democrat,420,1000
11/02/2004,OK,Beckham,Bush,republican,580,1000
11/02/2004,TX,Throckmorton,Kerry,democrat,420,1000
11/02/2004,TX,Throckmorton,Bush,republican,580,1000
11/02/2004,CA,San_Bernardino,Kerry,democrat,530,1000
11/02/2004,CA,San_Bernardino,Bush,republican,470,1000
11/02/2004,GA,Towns,Kerry,democrat,420,1000
11/02/2004,GA,Towns,Bush,republican,580,1000
11/02/2004,MO,Andrew,Kerry,democrat,420,1000
11/02/2004,MO,Andrew,Bush,republican,580,1000
11/02/2004,MN,Aitkin,Kerry,democrat,420,1000
11/02/2004,MN,Aitkin,Bush,republican,580,1000
11/02/2004,AK,Haines,Kerry,democrat,530,1000
11/02/2004,AK,Haines,Bush,republican,470,1000
11/02/2004,AK,Skagway,Kerry,democrat,510,1000
11/02/2004,AK,Skagway,Bush,republican,490,1000
11/02/2004,IN,Washington,Kerry,democrat,420,1000
11/02/2004,IN,Washington,Bush,republican,580,1000
11/02/2004,KS,Grant,Kerry,democrat,420,1000
11/02/2004,KS,Grant,Bush,republican,580,1000
11/02/2004,KY,Marion,Kerry,democrat,420,1000
11/02/2004,KY,Marion,Bush,republican,580,1000
11/02/2004,AL,Lawrence,Kerry,democrat,420,1000
11/02/2004,AL,Lawrence,Bush,republican,580,1000
11/02/2004,IL,Stark,Kerry,democrat,470,1000
11/02/2004,IL,Stark,Bush,republican,530,1000
11/02/2004,IN,Ripley,Kerry,democrat,420,1000
11/02/2004,IN,Ripley,Bush,republican,580,1000
11/02/2004,KY,Russell,Kerry,democrat,420,1000
11/02/2004,KY,Russell,Bush,republican,580,1000
11/02/2004,NE,Grant,Kerry,democrat,420,1000
11/02/2004,NE,Grant,Bush,republican,580,1000
11/02/2004,PA,Venango,Kerry,democrat,420,1000
11/02/2004,PA,Venango,Bush,republican,580,1000
11/02/2004,KS,Hodgeman,Kerry,democrat,420,1000
11/02/2004,KS,Hodgeman,Bush,republican,580,1000
11/02/2004,TX,Crosby,Kerry,democrat,420,1000
11/02/2004,TX,Crosby,Bush,republican,580,1000
11/02/2004,WI,Taylor,Kerry,democrat,420,1000
11/02/2004,WI,Taylor,Bush,republican,580,1000
11/02/2004,TX,Rains,Kerry,democrat,420,1000
11/02/2004,TX,Rains,Bush,republican,580,1000
11/02/2004,IA,Benton,Kerry,democrat,503,1000
11/02/2004,IA,Benton,Bush,republican,497,1000
11/02/2004,AK,Valdez-Cordova,Kerry,democrat,420,1000
11/02/2004,AK,Valdez-Cordova,Bush,republican,580,1000
11/02/2004,IL,Shelby,Kerry,democrat,420,1000
11/02/2004,IL,Shelby,Bush,republican,580,1000
11/02/2004,IA,Story,Kerry,democrat,580,1000
11/02/2004,IA,Story,Bush,republican,420,1000
11/02/2004,LA,Calcasieu,Kerry,democrat,420,1000
11/02/2004,LA,Calcasieu,Bush,republican,580,1000
11/02/2004,IN,Marshall,Kerry,democrat,470,1000
11/02/2004,IN,Marshall,Bush,republican,530,1000
11/02/2004,IN,Tippecanoe,Kerry,democrat,530,1000
11/02/2004,IN,Tippecanoe,Bush,republican,470,1000
11/02/2004,NC,Alamance,Kerry,democrat,530,1000
11/02/2004,NC,Alamance,Bush,republican,470,1000
11/02/2004,TX,Dallam,Kerry,democrat,420,1000
11/02/2004,TX,Dallam,Bush,republican,580,1000
11/02/2004,MO,Moniteau,Kerry,democrat,420,1000
11/02/2004,MO,Moniteau,Bush,republican,580,1000
11/02/2004,MN,Nobles,Kerry,democrat,420,1000
11/02/2004,MN,Nobles,Bush,republican,580,1000
11/02/2004,OH,Champaign,Kerry,democrat,420,1000
11/02/2004,OH,Champaign,Bush,republican,580,1000
11/02/2004,NM,Luna,Kerry,democrat,530,1000
11/02/2004,NM,Luna,Bush,republican,470,1000
11/02/2004,AK,Wrangell,Kerry,democrat,470,1000
11/02/2004,AK,Wrangell,Bush,republican,530,1000
11/02/2004,NE,Stanton,Kerry,democrat,420,1000
11/02/2004,NE,Stanton,Bush,republican,580,1000
11/02/2004,AR,Garland,Kerry,democrat,420,1000
11/02/2004,AR,Garland,Bush,republican,580,1000
11/02/2004,ND,Ransom,Kerry,democrat,470,1000
11/02/2004,ND,Ransom,Bush,republican,530,1000
11/02/2004,IA,Decatur,Kerry,democrat,420,1000
11/02/2004,IA,Decatur,Bush,republican,580,1000
11/02/2004,MI,Kalamazoo,Kerry,democrat,580,1000
11/02/2004,MI,Kalamazoo,Bush,republican,420,1000
11/02/2004,IA,Floyd,Kerry,democrat,530,1000
11/02/2004,IA,Floyd,Bush,republican,470,1000
11/02/2004,TX,Frio,Kerry,democrat,420,1000
11/02/2004,TX,Frio,Bush,republican,580,1000
11/02/2004,TX,Coke,Kerry,democrat,420,1000
11/02/2004,TX,Coke,Bush,republican,580,1000
11/02/2004,TX,Jim_Hogg,Kerry,democrat,420,1000
11/02/2004,TX,Jim_Hogg,Bush,republican,580,1000
11/02/2004,KS,Sheridan,Kerry,democrat,420,1000
11/02/2004,KS,Sheridan,Bush,republican,580,1000
11/02/2004,AZ,Mohave,Kerry,democrat,420,1000
11/02/2004,AZ,Mohave,Bush,republican,580,1000
11/02/2004,IA,Taylor,Kerry,democrat,420,1000
11/02/2004,IA,Taylor,Bush,republican,580,1000
11/02/2004,MI,Emmet,Kerry,democrat,490,1000
11/02/2004,MI,Emmet,Bush,republican,510,1000
11/02/2004,ND,Burke,Kerry,democrat,420,1000
11/02/2004,ND,Burke,Bush,republican,580,1000
11/02/2004,MT,Sweet_Grass,Kerry,democrat,420,1000
11/02/2004,MT,Sweet_Grass,Bush,republican,580,1000
11/02/2004,ID,Minidoka,Kerry,democrat,420,1000
11/02/2004,ID,Minidoka,Bush,republican,580,1000
11/02/2004,IA,Tama,Kerry,democrat,530,1000
11/02/2004,IA,Tama,Bush,republican,470,1000
11/02/2004,MN,Olmsted,Kerry,democrat,580,1000
11/02/2004,MN,Olmsted,Bush,republican,420,1000
11/02/2004,NC,Stokes,Kerry,democrat,420,1000
11/02/2004,NC,Stokes,Bush,republican,580,1000
11/02/2004,NE,Howard,Kerry,democrat,420,1000
11/02/2004,NE,Howard,Bush,republican,580,1000
11/02/2004,TX,Ochiltree,Kerry,democrat,420,1000
11/02/2004,TX,Ochiltree,Bush,republican,580,1000
11/02/2004,TX,Hutchinson,Kerry,democrat,420,1000
11/02/2004,TX,Hutchinson,Bush,republican,580,1000
11/02/2004,NC,Jones,Kerry,democrat,420,1000
11/02/2004,NC,Jones,Bush,republican,580,1000
11/02/2004,AL,Baldwin,Kerry,democrat,420,1000
11/02/2004,AL,Baldwin,Bush,republican,580,1000
11/02/2004,CA,Los_Angeles,Kerry,democrat,580,1000
11/02/2004,CA,Los_Angeles,Bush,republican,420,1000
11/02/2004,AL,Butler,Kerry,democrat,420,1000
11/02/2004,AL,Butler,Bush,republican,580,1000
11/02/2004,IA,Emmet,Kerry,democrat,470,1000
11/02/2004,IA,Emmet,Bush,republican,530,1000
11/02/2004,MS,Neshoba,Kerry,democrat,420,1000
11/02/2004,MS,Neshoba,Bush,republican,580,1000
11/02/2004,PA,Potter,Kerry,democrat,420,1000
11/02/2004,PA,Potter,Bush,republican,580,1000
11/02/2004,AR,Yell,Kerry,democrat,420,1000
11/02/2004,AR,Yell,Bush,republican,580,1000
11/02/2004,CO,Adams,Kerry,democrat,580,1000
11/02/2004,CO,Adams,Bush,republican,420,1000
11/02/2004,KS,Edwards,Kerry,democrat,420,1000
11/02/2004,KS,Edwards,Bush,republican,580,1000
11/02/2004,MI,Newaygo,Kerry,democrat,470,1000
11/02/2004,MI,Newaygo,Bush,republican,530,1000
11/02/2004,NE,Garfield,Kerry,democrat,420,1000
11/02/2004,NE,Garfield,Bush,republican,580,1000
11/02/2004,IA,Jones,Kerry,democrat,497,1000
11/02/2004,IA,Jones,Bush,republican,503,1000
11/02/2004,IA,Audubon,Kerry,democrat,420,1000
11/02/2004,IA,Audubon,Bush,republican,580,1000
11/02/2004,TX,Medina,Kerry,democrat,420,1000
11/02/2004,TX,Medina,Bush,republican,580,1000
11/02/2004,TX,Deaf_Smith,Kerry,democrat,420,1000
11/02/2004,TX,Deaf_Smith,Bush,republican,580,1000
11/02/2004,TX,Concho,Kerry,democrat,420,1000
11/02/2004,TX,Concho,Bush,republican,580,1000
11/02/2004,ND,Renville,Kerry,democrat,420,1000
11/02/2004,ND,Renville,Bush,republican,580,1000
11/02/2004,ID,Boundary,Kerry,democrat,420,1000
11/02/2004,ID,Boundary,Bush,republican,580,1000
11/02/2004,IN,Benton,Kerry,democrat,420,1000
11/02/2004,IN,Benton,Bush,republican,580,1000
11/02/2004,MI,Alcona,Kerry,democrat,470,1000
11/02/2004,MI,Alcona,Bush,republican,530,1000
11/02/2004,NV,Humboldt,Kerry,democrat,420,1000
11/02/2004,NV,Humboldt,Bush,republican,580,1000
11/02/2004,AL,Cullman,Kerry,democrat,420,1000
11/02/2004,AL,Cullman,Bush,republican,580,1000
11/02/2004,IL,Jasper,Kerry,democrat,420,1000
11/02/2004,IL,Jasper,Bush,republican,580,1000
11/02/2004,KS,Saline,Kerry,democrat,420,1000
11/02/2004,KS,Saline,Bush,republican,580,1000
11/02/2004,MN,Lyon,Kerry,democrat,420,1000
11/02/2004,MN,Lyon,Bush,republican,580,1000
11/02/2004,NY,Cortland,Kerry,democrat,530,1000
11/02/2004,NY,Cortland,Bush,republican,470,1000
11/02/2004,TX,Lynn,Kerry,democrat,420,1000
11/02/2004,TX,Lynn,Bush,republican,580,1000
11/02/2004,TX,Atascosa,Kerry,democrat,420,1000
11/02/2004,TX,Atascosa,Bush,republican,580,1000
11/02/2004,VA,Petersburg,Kerry,democrat,580,1000
11/02/2004,VA,Petersburg,Bush,republican,420,1000
11/02/2004,ND,Towner,Kerry,democrat,470,1000
11/02/2004,ND,Towner,Bush,republican,530,1000
11/02/2004,TX,Somervell,Kerry,democrat,420,1000
11/02/2004,TX,Somervell,Bush,republican,580,1000
11/02/2004,SD,Miner,Kerry,democrat,470,1000
11/02/2004,SD,Miner,Bush,republican,530,1000
11/02/2004,CA,Riverside,Kerry,democrat,530,1000
11/02/2004,CA,Riverside,Bush,republican,470,1000
11/02/2004,GA,Franklin,Kerry,democrat,420,1000
11/02/2004,GA,Franklin,Bush,republican,580,1000
11/02/2004,KY,Wayne,Kerry,democrat,420,1000
11/02/2004,KY,Wayne,Bush,republican,580,1000
11/02/2004,ME,Hancock,Kerry,democrat,580,1000
11/02/2004,ME,Hancock,Bush,republican,420,1000
11/02/2004,MS,Jefferson_Davis,Kerry,democrat,490,1000
11/02/2004,MS,Jefferson_Davis,Bush,republican,510,1000
11/02/2004,MO,Caldwell,Kerry,democrat,420,1000
11/02/2004,MO,Caldwell,Bush,republican,580,1000
11/02/2004,MO,Mercer,Kerry,democrat,420,1000
11/02/2004,MO,Mercer,Bush,republican,580,1000
11/02/2004,GA,Tift,Kerry,democrat,420,1000
11/02/2004,GA,Tift,Bush,republican,580,1000
11/02/2004,VT,Washington,Kerry,democrat,580,1000
11/02/2004,VT,Washington,Bush,republican,420,1000
11/02/2004,GA,Pierce,Kerry,democrat,420,1000
11/02/2004,GA,Pierce,Bush,republican,580,1000
11/02/2004,AK,Sitka,Kerry,democrat,490,1000
11/02/2004,AK,Sitka,Bush,republican,510,1000
11/02/2004,GA,Morgan,Kerry,democrat,420,1000
11/02/2004,GA,Morgan,Bush,republican,580,1000
11/02/2004,KS,Rice,Kerry,democrat,420,1000
11/02/2004,KS,Rice,Bush,republican,580,1000
11/02/2004,OR,Gilliam,Kerry,democrat,470,1000
11/02/2004,OR,Gilliam,Bush,republican,530,1000
11/02/2004,MI,Lenawee,Kerry,democrat,420,1000
11/02/2004,MI,Lenawee,Bush,republican,580,1000
11/02/2004,KS,Ellis,Kerry,democrat,420,1000
11/02/2004,KS,Ellis,Bush,republican,580,1000
11/02/2004,IA,Boone,Kerry,democrat,510,1000
11/02/2004,IA,Boone,Bush,republican,490,1000
11/02/2004,SD,Lyman,Kerry,democrat,420,1000
11/02/2004,SD,Lyman,Bush,republican,580,1000
11/02/2004,KS,Clay,Kerry,democrat,420,1000
11/02/2004,KS,Clay,Bush,republican,580,1000
11/02/2004,MN,Yellow_Medicine,Kerry,democrat,420,1000
11/02/2004,MN,Yellow_Medicine,Bush,republican,580,1000
11/02/2004,NC,Gates,Kerry,democrat,580,1000
11/02/2004,NC,Gates,Bush,republican,420,1000
11/02/2004,MO,Douglas,Kerry,democrat,420,1000
11/02/2004,MO,Douglas,Bush,republican,580,1000
11/02/2004,WV,Braxton,Kerry,democrat,420,1000
11/02/2004,WV,Braxton,Bush,republican,580,1000
11/02/2004,WA,King,Kerry,democrat,580,1000
11/02/2004,WA,King,Bush,republican,420,1000
11/02/2004,MS,Calhoun,Kerry,democrat,420,1000
11/02/2004,MS,Calhoun,Bush,republican,580,1000
11/02/2004,GA,Grady,Kerry,democrat,420,1000
11/02/2004,GA,Grady,Bush,republican,580,1000
11/02/2004,MS,Itawamba,Kerry,democrat,420,1000
11/02/2004,MS,Itawamba,Bush,republican,580,1000
11/02/2004,KS,Stevens,Kerry,democrat,420,1000
11/02/2004,KS,Stevens,Bush,republican,580,1000
11/02/2004,FL,Hendry,Kerry,democrat,490,1000
11/02/2004,FL,Hendry,Bush,republican,510,1000
11/02/2004,TX,Lavaca,Kerry,democrat,420,1000
11/02/2004,TX,Lavaca,Bush,republican,580,1000
11/02/2004,KS,Chautauqua,Kerry,democrat,420,1000
11/02/2004,KS,Chautauqua,Bush,republican,580,1000
11/02/2004,IN,Howard,Kerry,democrat,470,1000
11/02/2004,IN,Howard,Bush,republican,530,1000
11/02/2004,NE,Dawson,Kerry,democrat,420,1000
11/02/2004,NE,Dawson,Bush,republican,580,1000
11/02/2004,MS,Greene,Kerry,democrat,420,1000
11/02/2004,MS,Greene,Bush,republican,580,1000
11/02/2004,MN,Freeborn,Kerry,democrat,470,1000
11/02/2004,MN,Freeborn,Bush,republican,530,1000
11/02/2004,MN,Kanabec,Kerry,democrat,420,1000
11/02/2004,MN,Kanabec,Bush,republican,580,1000
11/02/2004,IL,Hamilton,Kerry,democrat,420,1000
11/02/2004,IL,Hamilton,Bush,republican,580,1000
11/02/2004,SD,Sanborn,Kerry,democrat,470,1000
11/02/2004,SD,Sanborn,Bush,republican,530,1000
11/02/2004,TN,Grainger,Kerry,democrat,420,1000
11/02/2004,TN,Grainger,Bush,republican,580,1000
11/02/2004,MO,Hickory,Kerry,democrat,420,1000
11/02/2004,MO,Hickory,Bush,republican,580,1000
11/02/2004,WY,Albany,Kerry,democrat,530,1000
11/02/2004,WY,Albany,Bush,republican,470,1000
11/02/2004,NE,Antelope,Kerry,democrat,420,1000
11/02/2004,NE,Antelope,Bush,republican,580,1000
11/02/2004,WY,Platte,Kerry,democrat,420,1000
11/02/2004,WY,Platte,Bush,republican,580,1000
11/02/2004,UT,Rich,Kerry,democrat,420,1000
11/02/2004,UT,Rich,Bush,republican,580,1000
11/02/2004,WI,Washington,Kerry,democrat,530,1000
11/02/2004,WI,Washington,Bush,republican,470,1000
11/02/2004,OR,Crook,Kerry,democrat,470,1000
11/02/2004,OR,Crook,Bush,republican,530,1000
11/02/2004,GA,Jenkins,Kerry,democrat,420,1000
11/02/2004,GA,Jenkins,Bush,republican,580,1000
11/02/2004,TX,Jeff_Davis,Kerry,democrat,420,1000
11/02/2004,TX,Jeff_Davis,Bush,republican,580,1000
11/02/2004,GA,Spalding,Kerry,democrat,530,1000
11/02/2004,GA,Spalding,Bush,republican,470,1000
11/02/2004,IA,Cherokee,Kerry,democrat,420,1000
11/02/2004,IA,Cherokee,Bush,republican,580,1000
11/02/2004,GA,Bacon,Kerry,democrat,420,1000
11/02/2004,GA,Bacon,Bush,republican,580,1000
11/02/2004,GA,Upson,Kerry,democrat,420,1000
11/02/2004,GA,Upson,Bush,republican,580,1000
11/02/2004,OR,Sherman,Kerry,democrat,490,1000
11/02/2004,OR,Sherman,Bush,republican,510,1000
11/02/2004,AK,Kodiak_Island,Kerry,democrat,420,1000
11/02/2004,AK,Kodiak_Island,Bush,republican,580,1000
11/02/2004,MN,Red_Lake,Kerry,democrat,420,1000
11/02/2004,MN,Red_Lake,Bush,republican,580,1000
11/02/2004,MN,Saint_Louis,Kerry,democrat,580,1000
11/02/2004,MN,Saint_Louis,Bush,republican,420,1000
11/02/2004,FL,Gilchrist,Kerry,democrat,420,1000
11/02/2004,FL,Gilchrist,Bush,republican,580,1000
11/02/2004,NC,Lenoir,Kerry,democrat,470,1000
11/02/2004,NC,Lenoir,Bush,republican,530,1000
11/02/2004,MO,Randolph,Kerry,democrat,420,1000
11/02/2004,MO,Randolph,Bush,republican,580,1000
11/02/2004,ND,Steele,Kerry,democrat,470,1000
11/02/2004,ND,Steele,Bush,republican,530,1000
11/02/2004,VA,Fairfax_Co,Kerry,democrat,580,1000
11/02/2004,VA,Fairfax_Co,Bush,republican,420,1000
11/02/2004,VA,Manassas_Park,Kerry,democrat,580,1000
11/02/2004,VA,Manassas_Park,Bush,republican,420,1000
11/02/2004,VA,Winchester,Kerry,democrat,530,1000
11/02/2004,VA,Winchester,Bush,republican,470,1000
11/02/2004,MO,Pulaski,Kerry,democrat,420,1000
11/02/2004,MO,Pulaski,Bush,republican,580,1000
11/02/2004,IN,Newton,Kerry,democrat,470,1000
11/02/2004,IN,Newton,Bush,republican,530,1000
11/02/2004,GA,Bulloch,Kerry,democrat,420,1000
11/02/2004,GA,Bulloch,Bush,republican,580,1000
11/02/2004,KS,Rawlins,Kerry,democrat,420,1000
11/02/2004,KS,Rawlins,Bush,republican,580,1000
11/02/2004,CO,Phillips,Kerry,democrat,420,1000
11/02/2004,CO,Phillips,Bush,republican,580,1000
11/02/2004,TX,Runnels,Kerry,democrat,420,1000
11/02/2004,TX,Runnels,Bush,republican,580,1000
11/02/2004,IA,Wayne,Kerry,democrat,470,1000
11/02/2004,IA,Wayne,Bush,republican,530,1000
11/02/2004,TX,Terry,Kerry,democrat,420,1000
11/02/2004,TX,Terry,Bush,republican,580,1000
11/02/2004,OH,Vinton,Kerry,democrat,420,1000
11/02/2004,OH,Vinton,Bush,republican,580,1000
11/02/2004,CO,Arapahoe,Kerry,democrat,580,1000
11/02/2004,CO,Arapahoe,Bush,republican,420,1000
11/02/2004,TX,Upton,Kerry,democrat,420,1000
11/02/2004,TX,Upton,Bush,republican,580,1000
11/02/2004,TX,Callahan,Kerry,democrat,420,1000
11/02/2004,TX,Callahan,Bush,republican,580,1000
11/02/2004,TX,Howard,Kerry,democrat,420,1000
11/02/2004,TX,Howard,Bush,republican,580,1000
11/02/2004,TX,Upshur,Kerry,democrat,420,1000
11/02/2004,TX,Upshur,Bush,republican,580,1000
11/02/2004,TX,Camp,Kerry,democrat,420,1000
11/02/2004,TX,Camp,Bush,republican,580,1000
11/02/2004,TX,Walker,Kerry,democrat,420,1000
11/02/2004,TX,Walker,Bush,republican,580,1000
11/02/2004,AL,Wilcox,Kerry,democrat,420,1000
11/02/2004,AL,Wilcox,Bush,republican,580,1000
11/02/2004,VA,Montgomery,Kerry,democrat,580,1000
11/02/2004,VA,Montgomery,Bush,republican,420,1000
11/02/2004,MS,Noxubee,Kerry,democrat,420,1000
11/02/2004,MS,Noxubee,Bush,republican,580,1000
11/02/2004,CO,Sedgwick,Kerry,democrat,420,1000
11/02/2004,CO,Sedgwick,Bush,republican,580,1000
11/02/2004,SD,Davison,Kerry,democrat,420,1000
11/02/2004,SD,Davison,Bush,republican,580,1000
11/02/2004,KS,Hamilton,Kerry,democrat,420,1000
11/02/2004,KS,Hamilton,Bush,republican,580,1000
11/02/2004,IL,Ford,Kerry,democrat,420,1000
11/02/2004,IL,Ford,Bush,republican,580,1000
11/02/2004,SD,Fall_River,Kerry,democrat,420,1000
11/02/2004,SD,Fall_River,Bush,republican,580,1000
11/02/2004,AK,Bristol_Bay,Kerry,democrat,580,1000
11/02/2004,AK,Bristol_Bay,Bush,republican,420,1000
11/02/2004,IN,Parke,Kerry,democrat,420,1000
11/02/2004,IN,Parke,Bush,republican,580,1000
11/02/2004,TX,Taylor,Kerry,democrat,420,1000
11/02/2004,TX,Taylor,Bush,republican,580,1000
11/02/2004,IN,Fayette,Kerry,democrat,420,1000
11/02/2004,IN,Fayette,Bush,republican,580,1000
11/02/2004,NC,Caldwell,Kerry,democrat,470,1000
11/02/2004,NC,Caldwell,Bush,republican,530,1000
11/02/2004,SD,Turner,Kerry,democrat,420,1000
11/02/2004,SD,Turner,Bush,republican,580,1000
11/02/2004,WI,Ozaukee,Kerry,democrat,530,1000
11/02/2004,WI,Ozaukee,Bush,republican,470,1000
11/02/2004,ND,Logan,Kerry,democrat,420,1000
11/02/2004,ND,Logan,Bush,republican,580,1000
11/02/2004,AR,Bradley,Kerry,democrat,420,1000
11/02/2004,AR,Bradley,Bush,republican,580,1000
11/02/2004,GA,Lanier,Kerry,democrat,420,1000
11/02/2004,GA,Lanier,Bush,republican,580,1000
11/02/2004,NM,Sierra,Kerry,democrat,470,1000
11/02/2004,NM,Sierra,Bush,republican,530,1000
11/02/2004,CO,Lincoln,Kerry,democrat,420,1000
11/02/2004,CO,Lincoln,Bush,republican,580,1000
11/02/2004,IA,Butler,Kerry,democrat,510,1000
11/02/2004,IA,Butler,Bush,republican,490,1000
11/02/2004,TX,Hartley,Kerry,democrat,420,1000
11/02/2004,TX,Hartley,Bush,republican,580,1000
11/02/2004,TN,Pickett,Kerry,democrat,420,1000
11/02/2004,TN,Pickett,Bush,republican,580,1000
11/02/2004,SD,Douglas,Kerry,democrat,420,1000
11/02/2004,SD,Douglas,Bush,republican,580,1000
11/02/2004,KS,Cloud,Kerry,democrat,420,1000
11/02/2004,KS,Cloud,Bush,republican,580,1000
11/02/2004,PA,Montour,Kerry,democrat,490,1000
11/02/2004,PA,Montour,Bush,republican,510,1000
11/02/2004,NE,Morrill,Kerry,democrat,420,1000
11/02/2004,NE,Morrill,Bush,republican,580,1000
11/02/2004,MO,Monroe,Kerry,democrat,420,1000
11/02/2004,MO,Monroe,Bush,republican,580,1000
11/02/2004,ND,LaMoure,Kerry,democrat,420,1000
11/02/2004,ND,LaMoure,Bush,republican,580,1000
11/02/2004,KY,McLean,Kerry,democrat,490,1000
11/02/2004,KY,McLean,Bush,republican,510,1000
11/02/2004,SD,Marshall,Kerry,democrat,530,1000
11/02/2004,SD,Marshall,Bush,republican,470,1000
11/02/2004,OR,Baker,Kerry,democrat,420,1000
11/02/2004,OR,Baker,Bush,republican,580,1000
11/02/2004,SD,Custer,Kerry,democrat,420,1000
11/02/2004,SD,Custer,Bush,republican,580,1000
11/02/2004,TX,Live_Oak,Kerry,democrat,420,1000
11/02/2004,TX,Live_Oak,Bush,republican,580,1000
11/02/2004,MI,Schoolcraft,Kerry,democrat,420,1000
11/02/2004,MI,Schoolcraft,Bush,republican,580,1000
11/02/2004,IA,Madison,Kerry,democrat,470,1000
11/02/2004,IA,Madison,Bush,republican,530,1000
11/02/2004,NE,Wheeler,Kerry,democrat,420,1000
11/02/2004,NE,Wheeler,Bush,republican,580,1000
11/02/2004,AR,Cross,Kerry,democrat,470,1000
11/02/2004,AR,Cross,Bush,republican,530,1000
11/02/2004,IA,Black_Hawk,Kerry,democrat,580,1000
11/02/2004,IA,Black_Hawk,Bush,republican,420,1000
11/02/2004,TX,Lubbock,Kerry,democrat,420,1000
11/02/2004,TX,Lubbock,Bush,republican,580,1000
11/02/2004,MN,Watonwan,Kerry,democrat,470,1000
11/02/2004,MN,Watonwan,Bush,republican,530,1000
11/02/2004,SD,Deuel,Kerry,democrat,470,1000
11/02/2004,SD,Deuel,Bush,republican,530,1000
11/02/2004,IA,Warren,Kerry,democrat,470,1000
11/02/2004,IA,Warren,Bush,republican,530,1000
11/02/2004,AR,Nevada,Kerry,democrat,420,1000
11/02/2004,AR,Nevada,Bush,republican,580,1000
11/02/2004,KS,Haskell,Kerry,democrat,490,1000
11/02/2004,KS,Haskell,Bush,republican,510,1000
11/02/2004,MO,Gentry,Kerry,democrat,420,1000
11/02/2004,MO,Gentry,Bush,republican,580,1000
11/02/2004,AR,Columbia,Kerry,democrat,420,1000
11/02/2004,AR,Columbia,Bush,republican,580,1000
11/02/2004,AR,Drew,Kerry,democrat,420,1000
11/02/2004,AR,Drew,Bush,republican,580,1000
11/02/2004,IN,Noble,Kerry,democrat,420,1000
11/02/2004,IN,Noble,Bush,republican,580,1000
11/02/2004,TX,Gonzales,Kerry,democrat,420,1000
11/02/2004,TX,Gonzales,Bush,republican,580,1000
11/02/2004,SD,Hyde,Kerry,democrat,420,1000
11/02/2004,SD,Hyde,Bush,republican,580,1000
11/02/2004,NM,Torrance,Kerry,democrat,470,1000
11/02/2004,NM,Torrance,Bush,republican,530,1000
11/02/2004,VA,Emporia,Kerry,democrat,580,1000
11/02/2004,VA,Emporia,Bush,republican,420,1000
11/02/2004,TX,Hansford,Kerry,democrat,420,1000
11/02/2004,TX,Hansford,Bush,republican,580,1000
11/02/2004,KS,Finney,Kerry,democrat,470,1000
11/02/2004,KS,Finney,Bush,republican,530,1000
11/02/2004,MO,Lawrence,Kerry,democrat,420,1000
11/02/2004,MO,Lawrence,Bush,republican,580,1000
11/02/2004,NM,Harding,Kerry,democrat,420,1000
11/02/2004,NM,Harding,Bush,republican,580,1000
11/02/2004,TX,Collingsworth,Kerry,democrat,420,1000
11/02/2004,TX,Collingsworth,Bush,republican,580,1000
11/02/2004,IL,Douglas,Kerry,democrat,420,1000
11/02/2004,IL,Douglas,Bush,republican,580,1000
11/02/2004,UT,Sanpete,Kerry,democrat,420,1000
11/02/2004,UT,Sanpete,Bush,republican,580,1000
11/02/2004,SC,Barnwell,Kerry,democrat,510,1000
11/02/2004,SC,Barnwell,Bush,republican,490,1000
11/02/2004,SC,Lee,Kerry,democrat,580,1000
11/02/2004,SC,Lee,Bush,republican,420,1000
11/02/2004,MT,Petroleum,Kerry,democrat,420,1000
11/02/2004,MT,Petroleum,Bush,republican,580,1000
11/02/2004,OH,Guernsey,Kerry,democrat,420,1000
11/02/2004,OH,Guernsey,Bush,republican,580,1000
11/02/2004,GA,Montgomery,Kerry,democrat,420,1000
11/02/2004,GA,Montgomery,Bush,republican,580,1000
11/02/2004,WI,Oneida,Kerry,democrat,510,1000
11/02/2004,WI,Oneida,Bush,republican,490,1000
11/02/2004,NE,Garden,Kerry,democrat,420,1000
11/02/2004,NE,Garden,Bush,republican,580,1000
11/02/2004,ND,Sheridan,Kerry,democrat,420,1000
11/02/2004,ND,Sheridan,Bush,republican,580,1000
11/02/2004,IL,Johnson,Kerry,democrat,420,1000
11/02/2004,IL,Johnson,Bush,republican,580,1000
11/02/2004,TX,King,Kerry,democrat,420,1000
11/02/2004,TX,King,Bush,republican,580,1000
11/02/2004,ID,Valley,Kerry,democrat,470,1000
11/02/2004,ID,Valley,Bush,republican,530,1000
11/02/2004,KY,Warren,Kerry,democrat,490,1000
11/02/2004,KY,Warren,Bush,republican,510,1000
11/02/2004,VA,Portsmouth,Kerry,democrat,580,1000
11/02/2004,VA,Portsmouth,Bush,republican,420,1000
11/02/2004,TX,Stonewall,Kerry,democrat,420,1000
11/02/2004,TX,Stonewall,Bush,republican,580,1000
11/02/2004,OK,Latimer,Kerry,democrat,420,1000
11/02/2004,OK,Latimer,Bush,republican,580,1000
11/02/2004,NV,Storey,Kerry,democrat,470,1000
11/02/2004,NV,Storey,Bush,republican,530,1000
11/02/2004,OK,Washita,Kerry,democrat,420,1000
11/02/2004,OK,Washita,Bush,republican,580,1000
11/02/2004,IA,Van_Buren,Kerry,democrat,497,1000
11/02/2004,IA,Van_Buren,Bush,republican,503,1000
11/02/2004,WI,Eau_Claire,Kerry,democrat,580,1000
11/02/2004,WI,Eau_Claire,Bush,republican,420,1000
11/02/2004,AK,Southeast_Fairbanks,Kerry,democrat,420,1000
11/02/2004,AK,Southeast_Fairbanks,Bush,republican,580,1000
11/02/2004,KS,Lane,Kerry,democrat,420,1000
11/02/2004,KS,Lane,Bush,republican,580,1000
11/02/2004,KS,Trego,Kerry,democrat,420,1000
11/02/2004,KS,Trego,Bush,republican,580,1000
11/02/2004,VA,Williamsburg,Kerry,democrat,580,1000
11/02/2004,VA,Williamsburg,Bush,republican,420,1000
11/02/2004,OH,Defiance,Kerry,democrat,420,1000
11/02/2004,OH,Defiance,Bush,republican,580,1000
11/02/2004,SD,McPherson,Kerry,democrat,420,1000
11/02/2004,SD,McPherson,Bush,republican,580,1000
11/02/2004,NE,Dundy,Kerry,democrat,420,1000
11/02/2004,NE,Dundy,Bush,republican,580,1000
11/02/2004,AR,Johnson,Kerry,democrat,420,1000
11/02/2004,AR,Johnson,Bush,republican,580,1000
11/02/2004,IN,Scott,Kerry,democrat,420,1000
11/02/2004,IN,Scott,Bush,republican,580,1000
11/02/2004,NE,Hall,Kerry,democrat,420,1000
11/02/2004,NE,Hall,Bush,republican,580,1000
11/02/2004,MS,Alcorn,Kerry,democrat,420,1000
11/02/2004,MS,Alcorn,Bush,republican,580,1000
11/02/2004,IL,Moultrie,Kerry,democrat,420,1000
11/02/2004,IL,Moultrie,Bush,republican,580,1000
11/02/2004,IN,Martin,Kerry,democrat,420,1000
11/02/2004,IN,Martin,Bush,republican,580,1000
11/02/2004,NE,Hayes,Kerry,democrat,420,1000
11/02/2004,NE,Hayes,Bush,republican,580,1000
11/02/2004,IL,Edwards,Kerry,democrat,420,1000
11/02/2004,IL,Edwards,Bush,republican,580,1000
11/02/2004,NE,Frontier,Kerry,democrat,420,1000
11/02/2004,NE,Frontier,Bush,republican,580,1000
11/02/2004,KS,Decatur,Kerry,democrat,420,1000
11/02/2004,KS,Decatur,Bush,republican,580,1000
11/02/2004,GA,Tattnall,Kerry,democrat,420,1000
11/02/2004,GA,Tattnall,Bush,republican,580,1000
11/02/2004,KY,Boyle,Kerry,democrat,420,1000
11/02/2004,KY,Boyle,Bush,republican,580,1000
11/02/2004,TX,Dimmit,Kerry,democrat,420,1000
11/02/2004,TX,Dimmit,Bush,republican,580,1000
11/02/2004,KY,Pendleton,Kerry,democrat,420,1000
11/02/2004,KY,Pendleton,Bush,republican,580,1000
11/02/2004,NY,Yates,Kerry,democrat,470,1000
11/02/2004,NY,Yates,Bush,republican,530,1000
11/02/2004,SD,Jackson,Kerry,democrat,420,1000
11/02/2004,SD,Jackson,Bush,republican,580,1000
11/02/2004,IA,Shelby,Kerry,democrat,470,1000
11/02/2004,IA,Shelby,Bush,republican,530,1000
11/02/2004,PA,Forest,Kerry,democrat,420,1000
11/02/2004,PA,Forest,Bush,republican,580,1000
11/02/2004,MO,Laclede,Kerry,democrat,420,1000
11/02/2004,MO,Laclede,Bush,republican,580,1000
11/02/2004,MO,Ripley,Kerry,democrat,420,1000
11/02/2004,MO,Ripley,Bush,republican,580,1000
11/02/2004,KY,Logan,Kerry,democrat,420,1000
11/02/2004,KY,Logan,Bush,republican,580,1000
11/02/2004,IL,DeWitt,Kerry,democrat,420,1000
11/02/2004,IL,DeWitt,Bush,republican,580,1000
11/02/2004,KY,Butler,Kerry,democrat,420,1000
11/02/2004,KY,Butler,Bush,republican,580,1000
11/02/2004,MT,Golden_Valley,Kerry,democrat,420,1000
11/02/2004,MT,Golden_Valley,Bush,republican,580,1000
11/02/2004,OH,Fayette,Kerry,democrat,420,1000
11/02/2004,OH,Fayette,Bush,republican,580,1000
11/02/2004,GA,Twiggs,Kerry,democrat,470,1000
11/02/2004,GA,Twiggs,Bush,republican,530,1000
11/02/2004,MT,Ravalli,Kerry,democrat,420,1000
11/02/2004,MT,Ravalli,Bush,republican,580,1000
11/02/2004,MN,Mille_Lacs,Kerry,democrat,420,1000
11/02/2004,MN,Mille_Lacs,Bush,republican,580,1000
11/02/2004,CO,Delta,Kerry,democrat,420,1000
11/02/2004,CO,Delta,Bush,republican,580,1000
11/02/2004,IL,McDonough,Kerry,democrat,420,1000
11/02/2004,IL,McDonough,Bush,republican,580,1000
11/02/2004,OH,Sandusky,Kerry,democrat,510,1000
11/02/2004,OH,Sandusky,Bush,republican,490,1000
11/02/2004,TX,Borden,Kerry,democrat,420,1000
11/02/2004,TX,Borden,Bush,republican,580,1000
11/02/2004,AR,Newton,Kerry,democrat,420,1000
11/02/2004,AR,Newton,Bush,republican,580,1000
11/02/2004,VA,Charlottesville,Kerry,democrat,580,1000
11/02/2004,VA,Charlottesville,Bush,republican,420,1000
11/02/2004,MN,Pipestone,Kerry,democrat,420,1000
11/02/2004,MN,Pipestone,Bush,republican,580,1000
11/02/2004,TX,Wheeler,Kerry,democrat,420,1000
11/02/2004,TX,Wheeler,Bush,republican,580,1000
11/02/2004,NE,Adams,Kerry,democrat,420,1000
11/02/2004,NE,Adams,Bush,republican,580,1000
11/02/2004,MT,Lewis_and_Clark,Kerry,democrat,530,1000
11/02/2004,MT,Lewis_and_Clark,Bush,republican,470,1000
11/02/2004,AK,Kenai_Peninsula,Kerry,democrat,470,1000
11/02/2004,AK,Kenai_Peninsula,Bush,republican,530,1000
11/02/2004,MO,Grundy,Kerry,democrat,420,1000
11/02/2004,MO,Grundy,Bush,republican,580,1000
11/02/2004,NC,Guilford,Kerry,democrat,580,1000
11/02/2004,NC,Guilford,Bush,republican,420,1000
11/02/2004,IA,Cass,Kerry,democrat,470,1000
11/02/2004,IA,Cass,Bush,republican,530,1000
11/02/2004,AL,Dale,Kerry,democrat,420,1000
11/02/2004,AL,Dale,Bush,republican,580,1000
11/02/2004,TX,Randall,Kerry,democrat,420,1000
11/02/2004,TX,Randall,Bush,republican,580,1000
11/02/2004,OH,Van_Wert,Kerry,democrat,420,1000
11/02/2004,OH,Van_Wert,Bush,republican,580,1000
11/02/2004,TX,Kent,Kerry,democrat,420,1000
11/02/2004,TX,Kent,Bush,republican,580,1000
11/02/2004,VA,Warren,Kerry,democrat,420,1000
11/02/2004,VA,Warren,Bush,republican,580,1000
11/02/2004,MS,Winston,Kerry,democrat,420,1000
11/02/2004,MS,Winston,Bush,republican,580,1000
11/02/2004,TX,Irion,Kerry,democrat,420,1000
11/02/2004,TX,Irion,Bush,republican,580,1000
11/02/2004,GA,Irwin,Kerry,democrat,420,1000
11/02/2004,GA,Irwin,Bush,republican,580,1000
11/02/2004,IN,Whitley,Kerry,democrat,470,1000
11/02/2004,IN,Whitley,Bush,republican,530,1000
11/02/2004,SD,Moody,Kerry,democrat,503,1000
11/02/2004,SD,Moody,Bush,republican,497,1000
11/02/2004,CA,Santa_Barbara,Kerry,democrat,580,1000
11/02/2004,CA,Santa_Barbara,Bush,republican,420,1000
11/02/2004,TX,Eastland,Kerry,democrat,420,1000
11/02/2004,TX,Eastland,Bush,republican,580,1000
11/02/2004,MN,Roseau,Kerry,democrat,420,1000
11/02/2004,MN,Roseau,Bush,republican,580,1000
11/02/2004,MO,Clinton,Kerry,democrat,420,1000
11/02/2004,MO,Clinton,Bush,republican,580,1000
11/02/2004,WV,Taylor,Kerry,democrat,420,1000
11/02/2004,WV,Taylor,Bush,republican,580,1000
11/02/2004,MS,George,Kerry,democrat,420,1000
11/02/2004,MS,George,Bush,republican,580,1000
11/02/2004,MN,Otter_Tail,Kerry,democrat,420,1000
11/02/2004,MN,Otter_Tail,Bush,republican,580,1000
11/02/2004,IL,Franklin,Kerry,democrat,420,1000
11/02/2004,IL,Franklin,Bush,republican,580,1000
11/02/2004,FL,Hardee,Kerry,democrat,470,1000
11/02/2004,FL,Hardee,Bush,republican,530,1000
11/02/2004,IA,Webster,Kerry,democrat,490,1000
11/02/2004,IA,Webster,Bush,republican,510,1000
11/02/2004,VA,Fredericksburg,Kerry,democrat,580,1000
11/02/2004,VA,Fredericksburg,Bush,republican,420,1000
11/02/2004,NY,Schuyler,Kerry,democrat,470,1000
11/02/2004,NY,Schuyler,Bush,republican,530,1000
11/02/2004,IL,McLean,Kerry,democrat,530,1000
11/02/2004,IL,McLean,Bush,republican,470,1000
11/02/2004,NE,York,Kerry,democrat,420,1000
11/02/2004,NE,York,Bush,republican,580,1000
11/02/2004,TX,San_Augustine,Kerry,democrat,420,1000
11/02/2004,TX,San_Augustine,Bush,republican,580,1000
11/02/2004,TN,Franklin,Kerry,democrat,420,1000
11/02/2004,TN,Franklin,Bush,republican,580,1000
11/02/2004,WY,Campbell,Kerry,democrat,420,1000
11/02/2004,WY,Campbell,Bush,republican,580,1000
11/02/2004,OH,Pike,Kerry,democrat,420,1000
11/02/2004,OH,Pike,Bush,republican,580,1000
11/02/2004,IA,Clarke,Kerry,democrat,470,1000
11/02/2004,IA,Clarke,Bush,republican,530,1000
11/02/2004,SC,Cherokee,Kerry,democrat,420,1000
11/02/2004,SC,Cherokee,Bush,republican,580,1000
11/02/2004,MN,Stevens,Kerry,democrat,470,1000
11/02/2004,MN,Stevens,Bush,republican,530,1000
11/02/2004,MS,Franklin,Kerry,democrat,490,1000
11/02/2004,MS,Franklin,Bush,republican,510,1000
11/02/2004,AK,Prince_of_Wales-Hyder,Kerry,democrat,470,1000
11/02/2004,AK,Prince_of_Wales-Hyder,Bush,republican,530,1000
11/02/2004,CO,San_Miguel,Kerry,democrat,580,1000
11/02/2004,CO,San_Miguel,Bush,republican,420,1000
11/02/2004,KY,Lewis,Kerry,democrat,420,1000
11/02/2004,KY,Lewis,Bush,republican,580,1000
11/02/2004,MI,Chippewa,Kerry,democrat,470,1000
11/02/2004,MI,Chippewa,Bush,republican,530,1000
11/02/2004,MI,Ontonagon,Kerry,democrat,420,1000
11/02/2004,MI,Ontonagon,Bush,republican,580,1000
11/02/2004,MN,Marshall,Kerry,democrat,420,1000
11/02/2004,MN,Marshall,Bush,republican,580,1000
11/02/2004,MO,Harrison,Kerry,democrat,420,1000
11/02/2004,MO,Harrison,Bush,republican,580,1000
11/02/2004,MS,Newton,Kerry,democrat,420,1000
11/02/2004,MS,Newton,Bush,republican,580,1000
11/02/2004,MS,Webster,Kerry,democrat,420,1000
11/02/2004,MS,Webster,Bush,republican,580,1000
11/02/2004,NJ,Warren,Kerry,democrat,470,1000
11/02/2004,NJ,Warren,Bush,republican,530,1000
11/02/2004,NY,Monroe,Kerry,democrat,580,1000
11/02/2004,NY,Monroe,Bush,republican,420,1000
11/02/2004,OH,Hamilton,Kerry,democrat,580,1000
11/02/2004,OH,Hamilton,Bush,republican,420,1000
11/02/2004,OK,Pittsburg,Kerry,democrat,420,1000
11/02/2004,OK,Pittsburg,Bush,republican,580,1000
11/02/2004,GA,Ben_Hill,Kerry,democrat,420,1000
11/02/2004,GA,Ben_Hill,Bush,republican,580,1000
11/02/2004,TN,Union,Kerry,democrat,420,1000
11/02/2004,TN,Union,Bush,republican,580,1000
11/02/2004,KS,Russell,Kerry,democrat,420,1000
11/02/2004,KS,Russell,Bush,republican,580,1000
11/02/2004,WI,Dane,Kerry,democrat,580,1000
11/02/2004,WI,Dane,Bush,republican,420,1000
11/02/2004,TX,Gillespie,Kerry,democrat,420,1000
11/02/2004,TX,Gillespie,Bush,republican,580,1000
11/02/2004,AZ,La_Paz,Kerry,democrat,470,1000
11/02/2004,AZ,La_Paz,Bush,republican,530,1000
11/02/2004,KY,Spencer,Kerry,democrat,420,1000
11/02/2004,KY,Spencer,Bush,republican,580,1000
11/02/2004,ID,Ada,Kerry,democrat,530,1000
11/02/2004,ID,Ada,Bush,republican,470,1000
11/02/2004,HI,Hawaii,Kerry,democrat,580,1000
11/02/2004,HI,Hawaii,Bush,republican,420,1000
11/02/2004,AR,Howard,Kerry,democrat,420,1000
11/02/2004,AR,Howard,Bush,republican,580,1000
11/02/2004,VA,Cumberland,Kerry,democrat,470,1000
11/02/2004,VA,Cumberland,Bush,republican,530,1000
11/02/2004,KS,Harvey,Kerry,democrat,490,1000
11/02/2004,KS,Harvey,Bush,republican,510,1000
11/02/2004,TX,Donley,Kerry,democrat,420,1000
11/02/2004,TX,Donley,Bush,republican,580,1000
11/02/2004,IL,Stephenson,Kerry,democrat,420,1000
11/02/2004,IL,Stephenson,Bush,republican,580,1000
11/02/2004,VA,Lynchburg,Kerry,democrat,510,1000
11/02/2004,VA,Lynchburg,Bush,republican,490,1000
11/02/2004,KY,Metcalfe,Kerry,democrat,420,1000
11/02/2004,KY,Metcalfe,Bush,republican,580,1000
11/02/2004,OH,Hardin,Kerry,democrat,420,1000
11/02/2004,OH,Hardin,Bush,republican,580,1000
11/02/2004,IL,Jefferson,Kerry,democrat,420,1000
11/02/2004,IL,Jefferson,Bush,republican,580,1000
11/02/2004,IA,Monroe,Kerry,democrat,490,1000
11/02/2004,IA,Monroe,Bush,republican,510,1000
11/02/2004,WV,Tyler,Kerry,democrat,420,1000
11/02/2004,WV,Tyler,Bush,republican,580,1000
11/02/2004,CO,Bent,Kerry,democrat,420,1000
11/02/2004,CO,Bent,Bush,republican,580,1000
11/02/2004,WI,Waushara,Kerry,democrat,470,1000
11/02/2004,WI,Waushara,Bush,republican,530,1000
11/02/2004,WI,Waupaca,Kerry,democrat,470,1000
11/02/2004,WI,Waupaca,Bush,republican,530,1000
11/02/2004,TX,Uvalde,Kerry,democrat,420,1000
11/02/2004,TX,Uvalde,Bush,republican,580,1000
11/02/2004,MS,Walthall,Kerry,democrat,420,1000
11/02/2004,MS,Walthall,Bush,republican,580,1000
11/02/2004,MO,Daviess,Kerry,democrat,420,1000
11/02/2004,MO,Daviess,Bush,republican,580,1000
11/02/2004,TX,Winkler,Kerry,democrat,420,1000
11/02/2004,TX,Winkler,Bush,republican,580,1000
11/02/2004,OH,Delaware,Kerry,democrat,530,1000
11/02/2004,OH,Delaware,Bush,republican,470,1000
11/02/2004,SD,Hamlin,Kerry,democrat,470,1000
11/02/2004,SD,Hamlin,Bush,republican,530,1000
11/02/2004,KS,Morris,Kerry,democrat,470,1000
11/02/2004,KS,Morris,Bush,republican,530,1000
11/02/2004,AL,Lee,Kerry,democrat,420,1000
11/02/2004,AL,Lee,Bush,republican,580,1000
11/02/2004,CA,San_Diego,Kerry,democrat,580,1000
11/02/2004,CA,San_Diego,Bush,republican,420,1000
11/02/2004,FL,Levy,Kerry,democrat,470,1000
11/02/2004,FL,Levy,Bush,republican,530,1000
11/02/2004,AL,Calhoun,Kerry,democrat,420,1000
11/02/2004,AL,Calhoun,Bush,republican,580,1000
11/02/2004,IA,Scott,Kerry,democrat,580,1000
11/02/2004,IA,Scott,Bush,republican,420,1000
11/02/2004,IA,Winneshiek,Kerry,democrat,580,1000
11/02/2004,IA,Winneshiek,Bush,republican,420,1000
11/02/2004,KS,Morton,Kerry,democrat,420,1000
11/02/2004,KS,Morton,Bush,republican,580,1000
11/02/2004,KY,Campbell,Kerry,democrat,490,1000
11/02/2004,KY,Campbell,Bush,republican,510,1000
11/02/2004,KY,Whitley,Kerry,democrat,420,1000
11/02/2004,KY,Whitley,Bush,republican,580,1000
11/02/2004,OH,Morrow,Kerry,democrat,420,1000
11/02/2004,OH,Morrow,Bush,republican,580,1000
11/02/2004,OH,Darke,Kerry,democrat,420,1000
11/02/2004,OH,Darke,Bush,republican,580,1000
11/02/2004,NE,Valley,Kerry,democrat,420,1000
11/02/2004,NE,Valley,Bush,republican,580,1000
11/02/2004,NE,Cedar,Kerry,democrat,420,1000
11/02/2004,NE,Cedar,Bush,republican,580,1000
11/02/2004,NE,Pawnee,Kerry,democrat,420,1000
11/02/2004,NE,Pawnee,Bush,republican,580,1000
11/02/2004,SC,Darlington,Kerry,democrat,497,1000
11/02/2004,SC,Darlington,Bush,republican,503,1000
11/02/2004,SD,Hughes,Kerry,democrat,420,1000
11/02/2004,SD,Hughes,Bush,republican,580,1000
11/02/2004,MO,Livingston,Kerry,democrat,420,1000
11/02/2004,MO,Livingston,Bush,republican,580,1000
11/02/2004,TX,Gregg,Kerry,democrat,420,1000
11/02/2004,TX,Gregg,Bush,republican,580,1000
11/02/2004,VA,Lunenburg,Kerry,democrat,490,1000
11/02/2004,VA,Lunenburg,Bush,republican,510,1000
11/02/2004,WV,Marion,Kerry,democrat,490,1000
11/02/2004,WV,Marion,Bush,republican,510,1000
11/02/2004,WV,Grant,Kerry,democrat,420,1000
11/02/2004,WV,Grant,Bush,republican,580,1000
11/02/2004,ND,Divide,Kerry,democrat,420,1000
11/02/2004,ND,Divide,Bush,republican,580,1000
11/02/2004,TN,Moore,Kerry,democrat,420,1000
11/02/2004,TN,Moore,Bush,republican,580,1000
11/02/2004,UT,Uintah,Kerry,democrat,420,1000
11/02/2004,UT,Uintah,Bush,republican,580,1000
11/02/2004,NE,Furnas,Kerry,democrat,420,1000
11/02/2004,NE,Furnas,Bush,republican,580,1000
11/02/2004,AL,Chambers,Kerry,democrat,420,1000
11/02/2004,AL,Chambers,Bush,republican,580,1000
11/02/2004,PA,Franklin,Kerry,democrat,420,1000
11/02/2004,PA,Franklin,Bush,republican,580,1000
11/02/2004,NE,Lancaster,Kerry,democrat,530,1000
11/02/2004,NE,Lancaster,Bush,republican,470,1000
11/02/2004,VA,Frederick,Kerry,democrat,420,1000
11/02/2004,VA,Frederick,Bush,republican,580,1000
11/02/2004,WA,Klickitat,Kerry,democrat,530,1000
11/02/2004,WA,Klickitat,Bush,republican,470,1000
11/02/2004,VT,Franklin,Kerry,democrat,580,1000
11/02/2004,VT,Franklin,Bush,republican,420,1000
11/02/2004,WI,Bayfield,Kerry,democrat,580,1000
11/02/2004,WI,Bayfield,Bush,republican,420,1000
11/02/2004,AL,ALA,Kerry,democrat,420,1000
11/02/2004,AL,ALA,Bush,republican,580,1000
11/02/2004,CA,Glenn,Kerry,democrat,420,1000
11/02/2004,CA,Glenn,Bush,republican,580,1000
11/02/2004,CO,Boulder,Kerry,democrat,580,1000
11/02/2004,CO,Boulder,Bush,republican,420,1000
11/02/2004,GA,DeKalb,Kerry,democrat,580,1000
11/02/2004,GA,DeKalb,Bush,republican,420,1000
11/02/2004,IL,Kane,Kerry,democrat,580,1000
11/02/2004,IL,Kane,Bush,republican,420,1000
11/02/2004,IL,Morgan,Kerry,democrat,420,1000
11/02/2004,IL,Morgan,Bush,republican,580,1000
11/02/2004,IN,Brown,Kerry,democrat,420,1000
11/02/2004,IN,Brown,Bush,republican,580,1000
11/02/2004,IN,Rush,Kerry,democrat,420,1000
11/02/2004,IN,Rush,Bush,republican,580,1000
11/02/2004,IN,White,Kerry,democrat,420,1000
11/02/2004,IN,White,Bush,republican,580,1000
11/02/2004,IA,Johnson,Kerry,democrat,580,1000
11/02/2004,IA,Johnson,Bush,republican,420,1000
11/02/2004,KS,Lyon,Kerry,democrat,490,1000
11/02/2004,KS,Lyon,Bush,republican,510,1000
11/02/2004,KY,Adair,Kerry,democrat,420,1000
11/02/2004,KY,Adair,Bush,republican,580,1000
11/02/2004,LA,Allen,Kerry,democrat,420,1000
11/02/2004,LA,Allen,Bush,republican,580,1000
11/02/2004,ME,Oxford,Kerry,democrat,580,1000
11/02/2004,ME,Oxford,Bush,republican,420,1000
11/02/2004,MO,Camden,Kerry,democrat,420,1000
11/02/2004,MO,Camden,Bush,republican,580,1000
11/02/2004,GA,Wilcox,Kerry,democrat,420,1000
11/02/2004,GA,Wilcox,Bush,republican,580,1000
11/02/2004,NM,De_Baca,Kerry,democrat,470,1000
11/02/2004,NM,De_Baca,Bush,republican,530,1000
11/02/2004,NC,Vance,Kerry,democrat,530,1000
11/02/2004,NC,Vance,Bush,republican,470,1000
11/02/2004,NC,Franklin,Kerry,democrat,530,1000
11/02/2004,NC,Franklin,Bush,republican,470,1000
11/02/2004,MT,Teton,Kerry,democrat,420,1000
11/02/2004,MT,Teton,Bush,republican,580,1000
11/02/2004,MO,Barry,Kerry,democrat,420,1000
11/02/2004,MO,Barry,Bush,republican,580,1000
11/02/2004,WA,Clark,Kerry,democrat,580,1000
11/02/2004,WA,Clark,Bush,republican,420,1000
11/02/2004,WV,Ohio,Kerry,democrat,420,1000
11/02/2004,WV,Ohio,Bush,republican,580,1000
11/02/2004,AR,Clark,Kerry,democrat,420,1000
11/02/2004,AR,Clark,Bush,republican,580,1000
11/02/2004,AR,Lawrence,Kerry,democrat,420,1000
11/02/2004,AR,Lawrence,Bush,republican,580,1000
11/02/2004,CA,Yuba,Kerry,democrat,470,1000
11/02/2004,CA,Yuba,Bush,republican,530,1000
11/02/2004,CO,Summit,Kerry,democrat,580,1000
11/02/2004,CO,Summit,Bush,republican,420,1000
11/02/2004,GA,Cobb,Kerry,democrat,580,1000
11/02/2004,GA,Cobb,Bush,republican,420,1000
11/02/2004,GA,Douglas,Kerry,democrat,580,1000
11/02/2004,GA,Douglas,Bush,republican,420,1000
11/02/2004,GA,Wilkes,Kerry,democrat,420,1000
11/02/2004,GA,Wilkes,Bush,republican,580,1000
11/02/2004,IL,Peoria,Kerry,democrat,580,1000
11/02/2004,IL,Peoria,Bush,republican,420,1000
11/02/2004,IN,Jackson,Kerry,democrat,420,1000
11/02/2004,IN,Jackson,Bush,republican,580,1000
11/02/2004,KS,Rooks,Kerry,democrat,420,1000
11/02/2004,KS,Rooks,Bush,republican,580,1000
11/02/2004,KS,Reno,Kerry,democrat,420,1000
11/02/2004,KS,Reno,Bush,republican,580,1000
11/02/2004,KY,Barren,Kerry,democrat,420,1000
11/02/2004,KY,Barren,Bush,republican,580,1000
11/02/2004,KY,Laurel,Kerry,democrat,420,1000
11/02/2004,KY,Laurel,Bush,republican,580,1000
11/02/2004,AZ,Coconino,Kerry,democrat,470,1000
11/02/2004,AZ,Coconino,Bush,republican,530,1000
11/02/2004,CA,Marin,Kerry,democrat,580,1000
11/02/2004,CA,Marin,Bush,republican,420,1000
11/02/2004,FL,Okaloosa,Kerry,democrat,420,1000
11/02/2004,FL,Okaloosa,Bush,republican,580,1000
11/02/2004,GA,Murray,Kerry,democrat,470,1000
11/02/2004,GA,Murray,Bush,republican,530,1000
11/02/2004,IL,Randolph,Kerry,democrat,470,1000
11/02/2004,IL,Randolph,Bush,republican,530,1000
11/02/2004,IN,Switzerland,Kerry,democrat,470,1000
11/02/2004,IN,Switzerland,Bush,republican,530,1000
11/02/2004,KY,Kenton,Kerry,democrat,490,1000
11/02/2004,KY,Kenton,Bush,republican,510,1000
11/02/2004,KY,Monroe,Kerry,democrat,420,1000
11/02/2004,KY,Monroe,Bush,republican,580,1000
11/02/2004,LA,Caddo,Kerry,democrat,530,1000
11/02/2004,LA,Caddo,Bush,republican,470,1000
11/02/2004,LA,Claiborne,Kerry,democrat,420,1000
11/02/2004,LA,Claiborne,Bush,republican,580,1000
11/02/2004,MA,Berkshire,Kerry,democrat,580,1000
11/02/2004,MA,Berkshire,Bush,republican,420,1000
11/02/2004,MI,Grand_Traverse,Kerry,democrat,530,1000
11/02/2004,MI,Grand_Traverse,Bush,republican,470,1000
11/02/2004,NE,Nuckolls,Kerry,democrat,420,1000
11/02/2004,NE,Nuckolls,Bush,republican,580,1000
11/02/2004,MO,Atchison,Kerry,democrat,420,1000
11/02/2004,MO,Atchison,Bush,republican,580,1000
11/02/2004,MN,Ramsey,Kerry,democrat,580,1000
11/02/2004,MN,Ramsey,Bush,republican,420,1000
11/02/2004,NC,Avery,Kerry,democrat,420,1000
11/02/2004,NC,Avery,Bush,republican,580,1000
11/02/2004,PA,Wayne,Kerry,democrat,470,1000
11/02/2004,PA,Wayne,Bush,republican,530,1000
11/02/2004,TN,Carter,Kerry,democrat,420,1000
11/02/2004,TN,Carter,Bush,republican,580,1000
11/02/2004,TN,Hickman,Kerry,democrat,420,1000
11/02/2004,TN,Hickman,Bush,republican,580,1000
11/02/2004,SD,Potter,Kerry,democrat,420,1000
11/02/2004,SD,Potter,Bush,republican,580,1000
11/02/2004,TX,Shackelford,Kerry,democrat,420,1000
11/02/2004,TX,Shackelford,Bush,republican,580,1000
11/02/2004,WY,Converse,Kerry,democrat,420,1000
11/02/2004,WY,Converse,Bush,republican,580,1000
11/02/2004,AL,Escambia,Kerry,democrat,420,1000
11/02/2004,AL,Escambia,Bush,republican,580,1000
11/02/2004,AZ,Cochise,Kerry,democrat,470,1000
11/02/2004,AZ,Cochise,Bush,republican,530,1000
11/02/2004,AZ,Apache,Kerry,democrat,420,1000
11/02/2004,AZ,Apache,Bush,republican,580,1000
11/02/2004,CA,San_Luis_Obispo,Kerry,democrat,580,1000
11/02/2004,CA,San_Luis_Obispo,Bush,republican,420,1000
11/02/2004,ID,Oneida,Kerry,democrat,420,1000
11/02/2004,ID,Oneida,Bush,republican,580,1000
11/02/2004,IN,Perry,Kerry,democrat,530,1000
11/02/2004,IN,Perry,Bush,republican,470,1000
11/02/2004,IA,Harrison,Kerry,democrat,420,1000
11/02/2004,IA,Harrison,Bush,republican,580,1000
11/02/2004,KY,Gallatin,Kerry,democrat,420,1000
11/02/2004,KY,Gallatin,Bush,republican,580,1000
11/02/2004,MD,Kent,Kerry,democrat,530,1000
11/02/2004,MD,Kent,Bush,republican,470,1000
11/02/2004,ME,Piscataquis,Kerry,democrat,510,1000
11/02/2004,ME,Piscataquis,Bush,republican,490,1000
11/02/2004,MI,Luce,Kerry,democrat,420,1000
11/02/2004,MI,Luce,Bush,republican,580,1000
11/02/2004,MI,Clare,Kerry,democrat,470,1000
11/02/2004,MI,Clare,Bush,republican,530,1000
11/02/2004,MO,St_Clair,Kerry,democrat,420,1000
11/02/2004,MO,St_Clair,Bush,republican,580,1000
11/02/2004,NE,Merrick,Kerry,democrat,420,1000
11/02/2004,NE,Merrick,Bush,republican,580,1000
11/02/2004,NY,Greene,Kerry,democrat,470,1000
11/02/2004,NY,Greene,Bush,republican,530,1000
11/02/2004,NC,Halifax,Kerry,democrat,580,1000
11/02/2004,NC,Halifax,Bush,republican,420,1000
11/02/2004,OK,McClain,Kerry,democrat,420,1000
11/02/2004,OK,McClain,Bush,republican,580,1000
11/02/2004,OK,Beaver,Kerry,democrat,420,1000
11/02/2004,OK,Beaver,Bush,republican,580,1000
11/02/2004,OR,Deschutes,Kerry,democrat,580,1000
11/02/2004,OR,Deschutes,Bush,republican,420,1000
11/02/2004,PA,Centre,Kerry,democrat,530,1000
11/02/2004,PA,Centre,Bush,republican,470,1000
11/02/2004,SC,Kershaw,Kerry,democrat,470,1000
11/02/2004,SC,Kershaw,Bush,republican,530,1000
11/02/2004,KY,Morgan,Kerry,democrat,420,1000
11/02/2004,KY,Morgan,Bush,republican,580,1000
11/02/2004,TN,Johnson,Kerry,democrat,420,1000
11/02/2004,TN,Johnson,Bush,republican,580,1000
11/02/2004,TX,Brewster,Kerry,democrat,420,1000
11/02/2004,TX,Brewster,Bush,republican,580,1000
11/02/2004,TX,Zapata,Kerry,democrat,420,1000
11/02/2004,TX,Zapata,Bush,republican,580,1000
11/02/2004,TX,Trinity,Kerry,democrat,420,1000
11/02/2004,TX,Trinity,Bush,republican,580,1000
11/02/2004,UT,Carbon,Kerry,democrat,420,1000
11/02/2004,UT,Carbon,Bush,republican,580,1000
11/02/2004,VA,Orange,Kerry,democrat,470,1000
11/02/2004,VA,Orange,Bush,republican,530,1000
11/02/2004,WI,Adams,Kerry,democrat,510,1000
11/02/2004,WI,Adams,Bush,republican,490,1000
11/02/2004,ND,McLean,Kerry,democrat,420,1000
11/02/2004,ND,McLean,Bush,republican,580,1000
11/02/2004,MN,Kittson,Kerry,democrat,470,1000
11/02/2004,MN,Kittson,Bush,republican,530,1000
11/02/2004,MI,Cheboygan,Kerry,democrat,470,1000
11/02/2004,MI,Cheboygan,Bush,republican,530,1000
11/02/2004,MS,Washington,Kerry,democrat,580,1000
11/02/2004,MS,Washington,Bush,republican,420,1000
11/02/2004,MO,Holt,Kerry,democrat,420,1000
11/02/2004,MO,Holt,Bush,republican,580,1000
11/02/2004,MS,Sunflower,Kerry,democrat,580,1000
11/02/2004,MS,Sunflower,Bush,republican,420,1000
11/02/2004,MT,Powder_River,Kerry,democrat,420,1000
11/02/2004,MT,Powder_River,Bush,republican,580,1000
11/02/2004,MS,Marshall,Kerry,democrat,470,1000
11/02/2004,MS,Marshall,Bush,republican,530,1000
11/02/2004,MS,Issaquena,Kerry,democrat,530,1000
11/02/2004,MS,Issaquena,Bush,republican,470,1000
11/02/2004,MS,Benton,Kerry,democrat,420,1000
11/02/2004,MS,Benton,Bush,republican,580,1000
11/02/2004,OH,Cuyahoga,Kerry,democrat,580,1000
11/02/2004,OH,Cuyahoga,Bush,republican,420,1000
11/02/2004,MT,Lake,Kerry,democrat,470,1000
11/02/2004,MT,Lake,Bush,republican,530,1000
11/02/2004,RI,Newport,Kerry,democrat,580,1000
11/02/2004,RI,Newport,Bush,republican,420,1000
11/02/2004,MO,Clay,Kerry,democrat,530,1000
11/02/2004,MO,Clay,Bush,republican,470,1000
11/02/2004,MO,Worth,Kerry,democrat,420,1000
11/02/2004,MO,Worth,Bush,republican,580,1000
11/02/2004,MO,Perry,Kerry,democrat,420,1000
11/02/2004,MO,Perry,Bush,republican,580,1000
11/02/2004,MO,Morgan,Kerry,democrat,420,1000
11/02/2004,MO,Morgan,Bush,republican,580,1000
11/02/2004,VA,Lee,Kerry,democrat,420,1000
11/02/2004,VA,Lee,Bush,republican,580,1000
11/02/2004,WA,Clallam,Kerry,democrat,580,1000
11/02/2004,WA,Clallam,Bush,republican,420,1000
11/02/2004,WY,Uinta,Kerry,democrat,420,1000
11/02/2004,WY,Uinta,Bush,republican,580,1000
11/02/2004,AR,Arkansas,Kerry,democrat,470,1000
11/02/2004,AR,Arkansas,Bush,republican,530,1000
11/02/2004,AR,Dallas,Kerry,democrat,470,1000
11/02/2004,AR,Dallas,Bush,republican,530,1000
11/02/2004,GA,Butts,Kerry,democrat,420,1000
11/02/2004,GA,Butts,Bush,republican,580,1000
11/02/2004,GA,Baker,Kerry,democrat,490,1000
11/02/2004,GA,Baker,Bush,republican,510,1000
11/02/2004,IL,LaSalle,Kerry,democrat,490,1000
11/02/2004,IL,LaSalle,Bush,republican,510,1000
11/02/2004,IN,Kosciusko,Kerry,democrat,420,1000
11/02/2004,IN,Kosciusko,Bush,republican,580,1000
11/02/2004,IN,Sullivan,Kerry,democrat,490,1000
11/02/2004,IN,Sullivan,Bush,republican,510,1000
11/02/2004,KS,Riley,Kerry,democrat,580,1000
11/02/2004,KS,Riley,Bush,republican,420,1000
11/02/2004,KY,Bullitt,Kerry,democrat,420,1000
11/02/2004,KY,Bullitt,Bush,republican,580,1000
11/02/2004,KY,Madison,Kerry,democrat,420,1000
11/02/2004,KY,Madison,Bush,republican,580,1000
11/02/2004,LA,Livingston,Kerry,democrat,420,1000
11/02/2004,LA,Livingston,Bush,republican,580,1000
11/02/2004,LA,Grant,Kerry,democrat,420,1000
11/02/2004,LA,Grant,Bush,republican,580,1000
11/02/2004,LA,Bienville,Kerry,democrat,420,1000
11/02/2004,LA,Bienville,Bush,republican,580,1000
11/02/2004,MO,Callaway,Kerry,democrat,420,1000
11/02/2004,MO,Callaway,Bush,republican,580,1000
11/02/2004,GA,Wheeler,Kerry,democrat,420,1000
11/02/2004,GA,Wheeler,Bush,republican,580,1000
11/02/2004,NC,Chatham,Kerry,democrat,580,1000
11/02/2004,NC,Chatham,Bush,republican,420,1000
11/02/2004,SC,Allendale,Kerry,democrat,580,1000
11/02/2004,SC,Allendale,Bush,republican,420,1000
11/02/2004,MA,Suffolk,Kerry,democrat,580,1000
11/02/2004,MA,Suffolk,Bush,republican,420,1000
11/02/2004,TN,Henry,Kerry,democrat,420,1000
11/02/2004,TN,Henry,Bush,republican,580,1000
11/02/2004,TX,Angelina,Kerry,democrat,420,1000
11/02/2004,TX,Angelina,Bush,republican,580,1000
11/02/2004,WA,Grant,Kerry,democrat,470,1000
11/02/2004,WA,Grant,Bush,republican,530,1000
11/02/2004,VA,Louisa,Kerry,democrat,420,1000
11/02/2004,VA,Louisa,Bush,republican,580,1000
11/02/2004,MN,Goodhue,Kerry,democrat,503,1000
11/02/2004,MN,Goodhue,Bush,republican,497,1000
11/02/2004,WA,Walla_Walla,Kerry,democrat,530,1000
11/02/2004,WA,Walla_Walla,Bush,republican,470,1000
11/02/2004,MO,Christian,Kerry,democrat,420,1000
11/02/2004,MO,Christian,Bush,republican,580,1000
11/02/2004,IN,Crawford,Kerry,democrat,470,1000
11/02/2004,IN,Crawford,Bush,republican,530,1000
11/02/2004,OK,Seminole,Kerry,democrat,420,1000
11/02/2004,OK,Seminole,Bush,republican,580,1000
11/02/2004,NM,Lincoln,Kerry,democrat,420,1000
11/02/2004,NM,Lincoln,Bush,republican,580,1000
11/02/2004,TN,Campbell,Kerry,democrat,420,1000
11/02/2004,TN,Campbell,Bush,republican,580,1000
11/02/2004,NM,Socorro,Kerry,democrat,530,1000
11/02/2004,NM,Socorro,Bush,republican,470,1000
11/02/2004,NM,Taos,Kerry,democrat,580,1000
11/02/2004,NM,Taos,Bush,republican,420,1000
11/02/2004,NM,Chaves,Kerry,democrat,420,1000
11/02/2004,NM,Chaves,Bush,republican,580,1000
11/02/2004,OH,Holmes,Kerry,democrat,420,1000
11/02/2004,OH,Holmes,Bush,republican,580,1000
11/02/2004,OH,Jackson,Kerry,democrat,420,1000
11/02/2004,OH,Jackson,Bush,republican,580,1000
11/02/2004,NC,Burke,Kerry,democrat,420,1000
11/02/2004,NC,Burke,Bush,republican,580,1000
11/02/2004,SD,Pennington,Kerry,democrat,420,1000
11/02/2004,SD,Pennington,Bush,republican,580,1000
11/02/2004,TX,Aransas,Kerry,democrat,420,1000
11/02/2004,TX,Aransas,Bush,republican,580,1000
11/02/2004,WA,Whitman,Kerry,democrat,580,1000
11/02/2004,WA,Whitman,Bush,republican,420,1000
11/02/2004,MI,Berrien,Kerry,democrat,490,1000
11/02/2004,MI,Berrien,Bush,republican,510,1000
11/02/2004,GA,Lincoln,Kerry,democrat,420,1000
11/02/2004,GA,Lincoln,Bush,republican,580,1000
11/02/2004,TX,Val_Verde,Kerry,democrat,470,1000
11/02/2004,TX,Val_Verde,Bush,republican,530,1000
11/02/2004,NY,Onondaga,Kerry,democrat,580,1000
11/02/2004,NY,Onondaga,Bush,republican,420,1000
11/02/2004,ID,Gooding,Kerry,democrat,420,1000
11/02/2004,ID,Gooding,Bush,republican,580,1000
11/02/2004,KY,Clay,Kerry,democrat,420,1000
11/02/2004,KY,Clay,Bush,republican,580,1000
11/02/2004,OR,Harney,Kerry,democrat,420,1000
11/02/2004,OR,Harney,Bush,republican,580,1000
11/02/2004,MO,Cooper,Kerry,democrat,420,1000
11/02/2004,MO,Cooper,Bush,republican,580,1000
11/02/2004,MN,Todd,Kerry,democrat,420,1000
11/02/2004,MN,Todd,Bush,republican,580,1000
11/02/2004,WI,Florence,Kerry,democrat,420,1000
11/02/2004,WI,Florence,Bush,republican,580,1000
11/02/2004,NY,Nassau,Kerry,democrat,580,1000
11/02/2004,NY,Nassau,Bush,republican,420,1000
11/02/2004,NM,San_Miguel,Kerry,democrat,530,1000
11/02/2004,NM,San_Miguel,Bush,republican,470,1000
11/02/2004,NE,Wayne,Kerry,democrat,420,1000
11/02/2004,NE,Wayne,Bush,republican,580,1000
11/02/2004,OH,Lawrence,Kerry,democrat,420,1000
11/02/2004,OH,Lawrence,Bush,republican,580,1000
11/02/2004,SD,Union,Kerry,democrat,470,1000
11/02/2004,SD,Union,Bush,republican,530,1000
11/02/2004,SC,Beaufort,Kerry,democrat,497,1000
11/02/2004,SC,Beaufort,Bush,republican,503,1000
11/02/2004,OH,Auglaize,Kerry,democrat,420,1000
11/02/2004,OH,Auglaize,Bush,republican,580,1000
11/02/2004,GA,Long,Kerry,democrat,420,1000
11/02/2004,GA,Long,Bush,republican,580,1000
11/02/2004,TX,Victoria,Kerry,democrat,420,1000
11/02/2004,TX,Victoria,Bush,republican,580,1000
11/02/2004,OH,Clermont,Kerry,democrat,420,1000
11/02/2004,OH,Clermont,Bush,republican,580,1000
11/02/2004,GA,Madison,Kerry,democrat,420,1000
11/02/2004,GA,Madison,Bush,republican,580,1000
11/02/2004,GA,Muscogee,Kerry,democrat,580,1000
11/02/2004,GA,Muscogee,Bush,republican,420,1000
11/02/2004,GA,Oconee,Kerry,democrat,420,1000
11/02/2004,GA,Oconee,Bush,republican,580,1000
11/02/2004,AL,Fayette,Kerry,democrat,420,1000
11/02/2004,AL,Fayette,Bush,republican,580,1000
11/02/2004,GA,Charlton,Kerry,democrat,420,1000
11/02/2004,GA,Charlton,Bush,republican,580,1000
11/02/2004,VT,Windsor,Kerry,democrat,580,1000
11/02/2004,VT,Windsor,Bush,republican,420,1000
11/02/2004,VA,Richmond_Co,Kerry,democrat,470,1000
11/02/2004,VA,Richmond_Co,Bush,republican,530,1000
11/02/2004,TX,Galveston,Kerry,democrat,470,1000
11/02/2004,TX,Galveston,Bush,republican,530,1000
11/02/2004,MO,Ste_Genevieve,Kerry,democrat,530,1000
11/02/2004,MO,Ste_Genevieve,Bush,republican,470,1000
11/02/2004,MI,Menominee,Kerry,democrat,470,1000
11/02/2004,MI,Menominee,Bush,republican,530,1000
11/02/2004,SC,Charleston,Kerry,democrat,580,1000
11/02/2004,SC,Charleston,Bush,republican,420,1000
11/02/2004,TX,Austin,Kerry,democrat,420,1000
11/02/2004,TX,Austin,Bush,republican,580,1000
11/02/2004,TN,Decatur,Kerry,democrat,420,1000
11/02/2004,TN,Decatur,Bush,republican,580,1000
11/02/2004,SD,Butte,Kerry,democrat,420,1000
11/02/2004,SD,Butte,Bush,republican,580,1000
11/02/2004,SC,Chester,Kerry,democrat,470,1000
11/02/2004,SC,Chester,Bush,republican,530,1000
11/02/2004,WI,Pierce,Kerry,democrat,470,1000
11/02/2004,WI,Pierce,Bush,republican,530,1000
11/02/2004,TN,Lake,Kerry,democrat,420,1000
11/02/2004,TN,Lake,Bush,republican,580,1000
11/02/2004,TX,Delta,Kerry,democrat,420,1000
11/02/2004,TX,Delta,Bush,republican,580,1000
11/02/2004,MT,Lincoln,Kerry,democrat,470,1000
11/02/2004,MT,Lincoln,Bush,republican,530,1000
11/02/2004,TX,Fort_Bend,Kerry,democrat,580,1000
11/02/2004,TX,Fort_Bend,Bush,republican,420,1000
11/02/2004,ME,Lincoln,Kerry,democrat,580,1000
11/02/2004,ME,Lincoln,Bush,republican,420,1000
11/02/2004,VA,Surry,Kerry,democrat,530,1000
11/02/2004,VA,Surry,Bush,republican,470,1000
11/02/2004,MO,Saline,Kerry,democrat,420,1000
11/02/2004,MO,Saline,Bush,republican,580,1000
11/02/2004,NC,Caswell,Kerry,democrat,470,1000
11/02/2004,NC,Caswell,Bush,republican,530,1000
11/02/2004,VA,Sussex,Kerry,democrat,580,1000
11/02/2004,VA,Sussex,Bush,republican,420,1000
11/02/2004,NH,Rockingham,Kerry,democrat,580,1000
11/02/2004,NH,Rockingham,Bush,republican,420,1000
11/02/2004,TN,Hamblen,Kerry,democrat,420,1000
11/02/2004,TN,Hamblen,Bush,republican,580,1000
11/02/2004,TN,Hancock,Kerry,democrat,420,1000
11/02/2004,TN,Hancock,Bush,republican,580,1000
11/02/2004,TN,Hawkins,Kerry,democrat,420,1000
11/02/2004,TN,Hawkins,Bush,republican,580,1000
11/02/2004,SD,Hanson,Kerry,democrat,420,1000
11/02/2004,SD,Hanson,Bush,republican,580,1000
11/02/2004,SD,Kingsbury,Kerry,democrat,470,1000
11/02/2004,SD,Kingsbury,Bush,republican,530,1000
11/02/2004,PA,Chester,Kerry,democrat,580,1000
11/02/2004,PA,Chester,Bush,republican,420,1000
11/02/2004,TX,Calhoun,Kerry,democrat,420,1000
11/02/2004,TX,Calhoun,Bush,republican,580,1000
11/02/2004,VA,Northumberland,Kerry,democrat,420,1000
11/02/2004,VA,Northumberland,Bush,republican,580,1000
11/02/2004,WI,Forest,Kerry,democrat,420,1000
11/02/2004,WI,Forest,Bush,republican,580,1000
11/02/2004,WY,Crook,Kerry,democrat,420,1000
11/02/2004,WY,Crook,Bush,republican,580,1000
11/02/2004,NE,Rock,Kerry,democrat,420,1000
11/02/2004,NE,Rock,Bush,republican,580,1000
11/02/2004,TN,Anderson,Kerry,democrat,420,1000
11/02/2004,TN,Anderson,Bush,republican,580,1000
11/02/2004,KY,Garrard,Kerry,democrat,420,1000
11/02/2004,KY,Garrard,Bush,republican,580,1000
11/02/2004,VT,Windham,Kerry,democrat,580,1000
11/02/2004,VT,Windham,Bush,republican,420,1000
11/02/2004,MD,Wicomico,Kerry,democrat,470,1000
11/02/2004,MD,Wicomico,Bush,republican,530,1000
11/02/2004,ME,Sagadahoc,Kerry,democrat,580,1000
11/02/2004,ME,Sagadahoc,Bush,republican,420,1000
11/02/2004,KS,Bourbon,Kerry,democrat,420,1000
11/02/2004,KS,Bourbon,Bush,republican,580,1000
11/02/2004,KS,Crawford,Kerry,democrat,470,1000
11/02/2004,KS,Crawford,Bush,republican,530,1000
11/02/2004,TX,Collin,Kerry,democrat,530,1000
11/02/2004,TX,Collin,Bush,republican,470,1000
11/02/2004,TX,Colorado,Kerry,democrat,420,1000
11/02/2004,TX,Colorado,Bush,republican,580,1000
11/02/2004,PA,Delaware,Kerry,democrat,580,1000
11/02/2004,PA,Delaware,Bush,republican,420,1000
11/02/2004,SC,Dillon,Kerry,democrat,510,1000
11/02/2004,SC,Dillon,Bush,republican,490,1000
11/02/2004,PA,Clarion,Kerry,democrat,420,1000
11/02/2004,PA,Clarion,Bush,republican,580,1000
11/02/2004,TX,Jasper,Kerry,democrat,420,1000
11/02/2004,TX,Jasper,Bush,republican,580,1000
11/02/2004,PA,Clinton,Kerry,democrat,420,1000
11/02/2004,PA,Clinton,Bush,republican,580,1000
11/02/2004,MD,Harford,Kerry,democrat,470,1000
11/02/2004,MD,Harford,Bush,republican,530,1000
11/02/2004,IL,Richland,Kerry,democrat,420,1000
11/02/2004,IL,Richland,Bush,republican,580,1000
11/02/2004,MD,Howard,Kerry,democrat,580,1000
11/02/2004,MD,Howard,Bush,republican,420,1000
11/02/2004,TN,Loudon,Kerry,democrat,420,1000
11/02/2004,TN,Loudon,Bush,republican,580,1000
11/02/2004,IL,St_Clair,Kerry,democrat,580,1000
11/02/2004,IL,St_Clair,Bush,republican,420,1000
11/02/2004,MA,Bristol,Kerry,democrat,580,1000
11/02/2004,MA,Bristol,Bush,republican,420,1000
11/02/2004,IN,Hendricks,Kerry,democrat,470,1000
11/02/2004,IN,Hendricks,Bush,republican,530,1000
11/02/2004,MD,Anne_Arundel,Kerry,democrat,580,1000
11/02/2004,MD,Anne_Arundel,Bush,republican,420,1000
11/02/2004,TX,Comal,Kerry,democrat,470,1000
11/02/2004,TX,Comal,Bush,republican,530,1000
11/02/2004,TX,Cooke,Kerry,democrat,420,1000
11/02/2004,TX,Cooke,Bush,republican,580,1000
11/02/2004,TX,Crockett,Kerry,democrat,420,1000
11/02/2004,TX,Crockett,Bush,republican,580,1000
11/02/2004,TX,Culberson,Kerry,democrat,420,1000
11/02/2004,TX,Culberson,Bush,republican,580,1000
11/02/2004,KY,Hickman,Kerry,democrat,470,1000
11/02/2004,KY,Hickman,Bush,republican,530,1000
11/02/2004,KY,Jackson,Kerry,democrat,420,1000
11/02/2004,KY,Jackson,Bush,republican,580,1000
11/02/2004,SC,Georgetown,Kerry,democrat,470,1000
11/02/2004,SC,Georgetown,Bush,republican,530,1000
11/02/2004,WA,Adams,Kerry,democrat,420,1000
11/02/2004,WA,Adams,Bush,republican,580,1000
11/02/2004,NE,Kimball,Kerry,democrat,420,1000
11/02/2004,NE,Kimball,Bush,republican,580,1000
11/02/2004,MT,Carbon,Kerry,democrat,420,1000
11/02/2004,MT,Carbon,Bush,republican,580,1000
11/02/2004,KY,Greenup,Kerry,democrat,420,1000
11/02/2004,KY,Greenup,Bush,republican,580,1000
11/02/2004,LA,Webster,Kerry,democrat,420,1000
11/02/2004,LA,Webster,Bush,republican,580,1000
11/02/2004,TN,Macon,Kerry,democrat,420,1000
11/02/2004,TN,Macon,Bush,republican,580,1000
11/02/2004,NC,New_Hanover,Kerry,democrat,530,1000
11/02/2004,NC,New_Hanover,Bush,republican,470,1000
11/02/2004,TX,Chambers,Kerry,democrat,420,1000
11/02/2004,TX,Chambers,Bush,republican,580,1000
11/02/2004,FL,Alachua,Kerry,democrat,580,1000
11/02/2004,FL,Alachua,Bush,republican,420,1000
11/02/2004,GA,Worth,Kerry,democrat,420,1000
11/02/2004,GA,Worth,Bush,republican,580,1000
11/02/2004,OR,Marion,Kerry,democrat,530,1000
11/02/2004,OR,Marion,Bush,republican,470,1000
11/02/2004,PA,Jefferson,Kerry,democrat,420,1000
11/02/2004,PA,Jefferson,Bush,republican,580,1000
11/02/2004,MI,Dickinson,Kerry,democrat,420,1000
11/02/2004,MI,Dickinson,Bush,republican,580,1000
11/02/2004,MI,Eaton,Kerry,democrat,530,1000
11/02/2004,MI,Eaton,Bush,republican,470,1000
11/02/2004,KY,Knox,Kerry,democrat,420,1000
11/02/2004,KY,Knox,Bush,republican,580,1000
11/02/2004,MI,Hillsdale,Kerry,democrat,420,1000
11/02/2004,MI,Hillsdale,Bush,republican,580,1000
11/02/2004,TX,Denton,Kerry,democrat,510,1000
11/02/2004,TX,Denton,Bush,republican,490,1000
11/02/2004,IA,Washington,Kerry,democrat,530,1000
11/02/2004,IA,Washington,Bush,republican,470,1000
11/02/2004,TN,Smith,Kerry,democrat,420,1000
11/02/2004,TN,Smith,Bush,republican,580,1000
11/02/2004,KS,Wilson,Kerry,democrat,420,1000
11/02/2004,KS,Wilson,Bush,republican,580,1000
11/02/2004,VA,Henrico,Kerry,democrat,580,1000
11/02/2004,VA,Henrico,Bush,republican,420,1000
11/02/2004,RI,Kent,Kerry,democrat,580,1000
11/02/2004,RI,Kent,Bush,republican,420,1000
11/02/2004,PA,Columbia,Kerry,democrat,470,1000
11/02/2004,PA,Columbia,Bush,republican,530,1000
11/02/2004,TN,Lewis,Kerry,democrat,420,1000
11/02/2004,TN,Lewis,Bush,republican,580,1000
11/02/2004,MN,Lincoln,Kerry,democrat,420,1000
11/02/2004,MN,Lincoln,Bush,republican,580,1000
11/02/2004,TN,Madison,Kerry,democrat,470,1000
11/02/2004,TN,Madison,Bush,republican,530,1000
11/02/2004,MO,Ralls,Kerry,democrat,420,1000
11/02/2004,MO,Ralls,Bush,republican,580,1000
11/02/2004,NC,Anson,Kerry,democrat,530,1000
11/02/2004,NC,Anson,Bush,republican,470,1000
11/02/2004,KY,Daviess,Kerry,democrat,470,1000
11/02/2004,KY,Daviess,Bush,republican,530,1000
11/02/2004,UT,Washington,Kerry,democrat,420,1000
11/02/2004,UT,Washington,Bush,republican,580,1000
11/02/2004,IA,Appanoose,Kerry,democrat,470,1000
11/02/2004,IA,Appanoose,Bush,republican,530,1000
11/02/2004,VA,Pittsylvania,Kerry,democrat,420,1000
11/02/2004,VA,Pittsylvania,Bush,republican,580,1000
11/02/2004,PA,Lackawanna,Kerry,democrat,580,1000
11/02/2004,PA,Lackawanna,Bush,republican,420,1000
11/02/2004,PA,Lancaster,Kerry,democrat,510,1000
11/02/2004,PA,Lancaster,Bush,republican,490,1000
11/02/2004,MO,Jefferson,Kerry,democrat,510,1000
11/02/2004,MO,Jefferson,Bush,republican,490,1000
11/02/2004,MO,Washington,Kerry,democrat,420,1000
11/02/2004,MO,Washington,Bush,republican,580,1000
11/02/2004,PA,Lehigh,Kerry,democrat,580,1000
11/02/2004,PA,Lehigh,Bush,republican,420,1000
11/02/2004,KY,Letcher,Kerry,democrat,420,1000
11/02/2004,KY,Letcher,Bush,republican,580,1000
11/02/2004,MI,Jackson,Kerry,democrat,470,1000
11/02/2004,MI,Jackson,Bush,republican,530,1000
11/02/2004,KY,Lyon,Kerry,democrat,420,1000
11/02/2004,KY,Lyon,Bush,republican,580,1000
11/02/2004,MN,Chippewa,Kerry,democrat,420,1000
11/02/2004,MN,Chippewa,Bush,republican,580,1000
11/02/2004,KY,McCracken,Kerry,democrat,420,1000
11/02/2004,KY,McCracken,Bush,republican,580,1000
11/02/2004,UT,Davis,Kerry,democrat,470,1000
11/02/2004,UT,Davis,Bush,republican,530,1000
11/02/2004,VA,Albemarle,Kerry,democrat,580,1000
11/02/2004,VA,Albemarle,Bush,republican,420,1000
11/02/2004,MT,Gallatin,Kerry,democrat,530,1000
11/02/2004,MT,Gallatin,Bush,republican,470,1000
11/02/2004,WI,Marinette,Kerry,democrat,420,1000
11/02/2004,WI,Marinette,Bush,republican,580,1000
11/02/2004,MT,Big_Horn,Kerry,democrat,580,1000
11/02/2004,MT,Big_Horn,Bush,republican,420,1000
11/02/2004,CA,Amador,Kerry,democrat,470,1000
11/02/2004,CA,Amador,Bush,republican,530,1000
11/02/2004,TX,Cherokee,Kerry,democrat,420,1000
11/02/2004,TX,Cherokee,Bush,republican,580,1000
11/02/2004,MO,McDonald,Kerry,democrat,420,1000
11/02/2004,MO,McDonald,Bush,republican,580,1000
11/02/2004,PA,Mifflin,Kerry,democrat,420,1000
11/02/2004,PA,Mifflin,Bush,republican,580,1000
11/02/2004,LA,Washington,Kerry,democrat,420,1000
11/02/2004,LA,Washington,Bush,republican,580,1000
11/02/2004,ND,Williams,Kerry,democrat,420,1000
11/02/2004,ND,Williams,Bush,republican,580,1000
11/02/2004,NC,Cumberland,Kerry,democrat,580,1000
11/02/2004,NC,Cumberland,Bush,republican,420,1000
11/02/2004,KY,Marshall,Kerry,democrat,420,1000
11/02/2004,KY,Marshall,Bush,republican,580,1000
11/02/2004,MI,Kent,Kerry,democrat,580,1000
11/02/2004,MI,Kent,Bush,republican,420,1000
11/02/2004,MI,Keweenaw,Kerry,democrat,530,1000
11/02/2004,MI,Keweenaw,Bush,republican,470,1000
11/02/2004,MN,Houston,Kerry,democrat,470,1000
11/02/2004,MN,Houston,Bush,republican,530,1000
11/02/2004,SC,Horry,Kerry,democrat,420,1000
11/02/2004,SC,Horry,Bush,republican,580,1000
11/02/2004,MT,Jefferson,Kerry,democrat,420,1000
11/02/2004,MT,Jefferson,Bush,republican,580,1000
11/02/2004,TN,Sevier,Kerry,democrat,420,1000
11/02/2004,TN,Sevier,Bush,republican,580,1000
11/02/2004,LA,Bossier,Kerry,democrat,420,1000
11/02/2004,LA,Bossier,Bush,republican,580,1000
11/02/2004,NM,Catron,Kerry,democrat,420,1000
11/02/2004,NM,Catron,Bush,republican,580,1000
11/02/2004,KY,Fulton,Kerry,democrat,420,1000
11/02/2004,KY,Fulton,Bush,republican,580,1000
11/02/2004,NM,San_Juan,Kerry,democrat,510,1000
11/02/2004,NM,San_Juan,Bush,republican,490,1000
11/02/2004,MD,Caroline,Kerry,democrat,420,1000
11/02/2004,MD,Caroline,Bush,republican,580,1000
11/02/2004,MO,Marion,Kerry,democrat,420,1000
11/02/2004,MO,Marion,Bush,republican,580,1000
11/02/2004,TN,McMinn,Kerry,democrat,420,1000
11/02/2004,TN,McMinn,Bush,republican,580,1000
11/02/2004,VA,Prince_George,Kerry,democrat,470,1000
11/02/2004,VA,Prince_George,Bush,republican,530,1000
11/02/2004,LA,Lafayette,Kerry,democrat,420,1000
11/02/2004,LA,Lafayette,Bush,republican,580,1000
11/02/2004,PA,Northampton,Kerry,democrat,530,1000
11/02/2004,PA,Northampton,Bush,republican,470,1000
11/02/2004,UT,Salt_Lake,Kerry,democrat,580,1000
11/02/2004,UT,Salt_Lake,Bush,republican,420,1000
11/02/2004,MI,Mason,Kerry,democrat,420,1000
11/02/2004,MI,Mason,Bush,republican,580,1000
11/02/2004,WV,Roane,Kerry,democrat,420,1000
11/02/2004,WV,Roane,Bush,republican,580,1000
11/02/2004,WV,Summers,Kerry,democrat,420,1000
11/02/2004,WV,Summers,Bush,republican,580,1000
11/02/2004,NC,Wilkes,Kerry,democrat,420,1000
11/02/2004,NC,Wilkes,Bush,republican,580,1000
11/02/2004,WI,Dodge,Kerry,democrat,470,1000
11/02/2004,WI,Dodge,Bush,republican,530,1000
11/02/2004,TX,Tarrant,Kerry,democrat,530,1000
11/02/2004,TX,Tarrant,Bush,republican,470,1000
11/02/2004,MT,Meagher,Kerry,democrat,420,1000
11/02/2004,MT,Meagher,Bush,republican,580,1000
11/02/2004,AR,Miller,Kerry,democrat,470,1000
11/02/2004,AR,Miller,Bush,republican,530,1000
11/02/2004,TN,Washington,Kerry,democrat,420,1000
11/02/2004,TN,Washington,Bush,republican,580,1000
11/02/2004,ID,Payette,Kerry,democrat,420,1000
11/02/2004,ID,Payette,Bush,republican,580,1000
11/02/2004,IL,Macon,Kerry,democrat,470,1000
11/02/2004,IL,Macon,Bush,republican,530,1000
11/02/2004,LA,Red_River,Kerry,democrat,420,1000
11/02/2004,LA,Red_River,Bush,republican,580,1000
11/02/2004,NC,Edgecombe,Kerry,democrat,580,1000
11/02/2004,NC,Edgecombe,Bush,republican,420,1000
11/02/2004,MD,Cecil,Kerry,democrat,420,1000
11/02/2004,MD,Cecil,Bush,republican,580,1000
11/02/2004,IL,Madison,Kerry,democrat,510,1000
11/02/2004,IL,Madison,Bush,republican,490,1000
11/02/2004,LA,Union,Kerry,democrat,420,1000
11/02/2004,LA,Union,Bush,republican,580,1000
11/02/2004,NC,Yancey,Kerry,democrat,420,1000
11/02/2004,NC,Yancey,Bush,republican,580,1000
11/02/2004,NY,Bronx,Kerry,democrat,580,1000
11/02/2004,NY,Bronx,Bush,republican,420,1000
11/02/2004,ME,Washington,Kerry,democrat,530,1000
11/02/2004,ME,Washington,Bush,republican,470,1000
11/02/2004,TX,Briscoe,Kerry,democrat,420,1000
11/02/2004,TX,Briscoe,Bush,republican,580,1000
11/02/2004,WI,Green_Lake,Kerry,democrat,420,1000
11/02/2004,WI,Green_Lake,Bush,republican,580,1000
11/02/2004,MN,Dodge,Kerry,democrat,470,1000
11/02/2004,MN,Dodge,Bush,republican,530,1000
11/02/2004,MI,Muskegon,Kerry,democrat,530,1000
11/02/2004,MI,Muskegon,Bush,republican,470,1000
11/02/2004,KY,Owsley,Kerry,democrat,420,1000
11/02/2004,KY,Owsley,Bush,republican,580,1000
11/02/2004,MI,Oceana,Kerry,democrat,420,1000
11/02/2004,MI,Oceana,Bush,republican,580,1000
11/02/2004,NC,Moore,Kerry,democrat,420,1000
11/02/2004,NC,Moore,Bush,republican,580,1000
11/02/2004,TN,Sumner,Kerry,democrat,420,1000
11/02/2004,TN,Sumner,Bush,republican,580,1000
11/02/2004,KY,Todd,Kerry,democrat,420,1000
11/02/2004,KY,Todd,Bush,republican,580,1000
11/02/2004,KY,Trigg,Kerry,democrat,420,1000
11/02/2004,KY,Trigg,Bush,republican,580,1000
11/02/2004,TN,Wayne,Kerry,democrat,420,1000
11/02/2004,TN,Wayne,Bush,republican,580,1000
11/02/2004,TN,Weakley,Kerry,democrat,420,1000
11/02/2004,TN,Weakley,Bush,republican,580,1000
11/02/2004,TX,Brooks,Kerry,democrat,420,1000
11/02/2004,TX,Brooks,Bush,republican,580,1000
11/02/2004,TN,Williamson,Kerry,democrat,490,1000
11/02/2004,TN,Williamson,Bush,republican,510,1000
11/02/2004,WY,Johnson,Kerry,democrat,420,1000
11/02/2004,WY,Johnson,Bush,republican,580,1000
11/02/2004,WI,Polk,Kerry,democrat,420,1000
11/02/2004,WI,Polk,Bush,republican,580,1000
11/02/2004,TN,Meigs,Kerry,democrat,420,1000
11/02/2004,TN,Meigs,Bush,republican,580,1000
11/02/2004,IL,Massac,Kerry,democrat,420,1000
11/02/2004,IL,Massac,Bush,republican,580,1000
11/02/2004,MD,Dorchester,Kerry,democrat,530,1000
11/02/2004,MD,Dorchester,Bush,republican,470,1000
11/02/2004,CA,Santa_Clara,Kerry,democrat,580,1000
11/02/2004,CA,Santa_Clara,Bush,republican,420,1000
11/02/2004,NY,Clinton,Kerry,democrat,530,1000
11/02/2004,NY,Clinton,Bush,republican,470,1000
11/02/2004,PA,Dauphin,Kerry,democrat,530,1000
11/02/2004,PA,Dauphin,Bush,republican,470,1000
11/02/2004,MT,Granite,Kerry,democrat,470,1000
11/02/2004,MT,Granite,Bush,republican,530,1000
11/02/2004,MI,Van_Buren,Kerry,democrat,530,1000
11/02/2004,MI,Van_Buren,Bush,republican,470,1000
11/02/2004,IL,Edgar,Kerry,democrat,420,1000
11/02/2004,IL,Edgar,Bush,republican,580,1000
11/02/2004,IL,Hancock,Kerry,democrat,470,1000
11/02/2004,IL,Hancock,Bush,republican,530,1000
11/02/2004,MN,Big_Stone,Kerry,democrat,490,1000
11/02/2004,MN,Big_Stone,Bush,republican,510,1000
11/02/2004,CA,Calaveras,Kerry,democrat,470,1000
11/02/2004,CA,Calaveras,Bush,republican,530,1000
11/02/2004,SC,Orangeburg,Kerry,democrat,580,1000
11/02/2004,SC,Orangeburg,Bush,republican,420,1000
11/02/2004,WY,Teton,Kerry,democrat,420,1000
11/02/2004,WY,Teton,Bush,republican,580,1000
11/02/2004,SC,Pickens,Kerry,democrat,470,1000
11/02/2004,SC,Pickens,Bush,republican,530,1000
11/02/2004,NC,Pitt,Kerry,democrat,530,1000
11/02/2004,NC,Pitt,Bush,republican,470,1000
11/02/2004,TN,Overton,Kerry,democrat,420,1000
11/02/2004,TN,Overton,Bush,republican,580,1000
11/02/2004,MD,Talbot,Kerry,democrat,490,1000
11/02/2004,MD,Talbot,Bush,republican,510,1000
11/02/2004,TN,Polk,Kerry,democrat,420,1000
11/02/2004,TN,Polk,Bush,republican,580,1000
11/02/2004,NC,Rowan,Kerry,democrat,420,1000
11/02/2004,NC,Rowan,Bush,republican,580,1000
11/02/2004,KY,Anderson,Kerry,democrat,420,1000
11/02/2004,KY,Anderson,Bush,republican,580,1000
11/02/2004,NM,Dona_Ana,Kerry,democrat,580,1000
11/02/2004,NM,Dona_Ana,Bush,republican,420,1000
11/02/2004,NJ,Mercer,Kerry,democrat,580,1000
11/02/2004,NJ,Mercer,Bush,republican,420,1000
11/02/2004,ND,McIntosh,Kerry,democrat,420,1000
11/02/2004,ND,McIntosh,Bush,republican,580,1000
11/02/2004,NM,Grant,Kerry,democrat,580,1000
11/02/2004,NM,Grant,Bush,republican,420,1000
11/02/2004,KY,Bell,Kerry,democrat,420,1000
11/02/2004,KY,Bell,Bush,republican,580,1000
11/02/2004,NC,Davidson,Kerry,democrat,420,1000
11/02/2004,NC,Davidson,Bush,republican,580,1000
11/02/2004,ME,Cumberland,Kerry,democrat,580,1000
11/02/2004,ME,Cumberland,Bush,republican,420,1000
11/02/2004,MN,Brown,Kerry,democrat,470,1000
11/02/2004,MN,Brown,Bush,republican,530,1000
11/02/2004,SC,Richland,Kerry,democrat,580,1000
11/02/2004,SC,Richland,Bush,republican,420,1000
11/02/2004,VA,Fluvanna,Kerry,democrat,497,1000
11/02/2004,VA,Fluvanna,Bush,republican,503,1000
11/02/2004,SC,Union,Kerry,democrat,420,1000
11/02/2004,SC,Union,Bush,republican,580,1000
11/02/2004,WY,Sheridan,Kerry,democrat,420,1000
11/02/2004,WY,Sheridan,Bush,republican,580,1000
11/02/2004,VA,Henry,Kerry,democrat,420,1000
11/02/2004,VA,Henry,Bush,republican,580,1000
11/02/2004,KY,Boone,Kerry,democrat,470,1000
11/02/2004,KY,Boone,Bush,republican,530,1000
11/02/2004,MS,Lee,Kerry,democrat,420,1000
11/02/2004,MS,Lee,Bush,republican,580,1000
11/02/2004,IN,Wayne,Kerry,democrat,420,1000
11/02/2004,IN,Wayne,Bush,republican,580,1000
11/02/2004,IL,Lawrence,Kerry,democrat,420,1000
11/02/2004,IL,Lawrence,Bush,republican,580,1000
11/02/2004,LA,Vernon,Kerry,democrat,420,1000
11/02/2004,LA,Vernon,Bush,republican,580,1000
11/02/2004,NE,Lincoln,Kerry,democrat,420,1000
11/02/2004,NE,Lincoln,Bush,republican,580,1000
11/02/2004,MI,Charlevoix,Kerry,democrat,470,1000
11/02/2004,MI,Charlevoix,Bush,republican,530,1000
11/02/2004,WI,Lafayette,Kerry,democrat,490,1000
11/02/2004,WI,Lafayette,Bush,republican,510,1000
11/02/2004,NY,Kings,Kerry,democrat,580,1000
11/02/2004,NY,Kings,Bush,republican,420,1000
11/02/2004,VA,Scott,Kerry,democrat,420,1000
11/02/2004,VA,Scott,Bush,republican,580,1000
11/02/2004,OH,Henry,Kerry,democrat,470,1000
11/02/2004,OH,Henry,Bush,republican,530,1000
11/02/2004,KY,Boyd,Kerry,democrat,420,1000
11/02/2004,KY,Boyd,Bush,republican,580,1000
11/02/2004,OK,Garfield,Kerry,democrat,420,1000
11/02/2004,OK,Garfield,Bush,republican,580,1000
11/02/2004,OK,Kingfisher,Kerry,democrat,420,1000
11/02/2004,OK,Kingfisher,Bush,republican,580,1000
11/02/2004,OK,Noble,Kerry,democrat,420,1000
11/02/2004,OK,Noble,Bush,republican,580,1000
11/02/2004,KY,Breckinridge,Kerry,democrat,420,1000
11/02/2004,KY,Breckinridge,Bush,republican,580,1000
11/02/2004,OR,Morrow,Kerry,democrat,470,1000
11/02/2004,OR,Morrow,Bush,republican,530,1000
11/02/2004,PA,Blair,Kerry,democrat,420,1000
11/02/2004,PA,Blair,Bush,republican,580,1000
11/02/2004,WA,Asotin,Kerry,democrat,497,1000
11/02/2004,WA,Asotin,Bush,republican,503,1000
11/02/2004,OR,Washington,Kerry,democrat,580,1000
11/02/2004,OR,Washington,Bush,republican,420,1000
11/02/2004,WI,Waukesha,Kerry,democrat,530,1000
11/02/2004,WI,Waukesha,Bush,republican,470,1000
11/02/2004,SC,Williamsburg,Kerry,democrat,580,1000
11/02/2004,SC,Williamsburg,Bush,republican,420,1000
11/02/2004,MO,Butler,Kerry,democrat,420,1000
11/02/2004,MO,Butler,Bush,republican,580,1000
11/02/2004,ID,Bonner,Kerry,democrat,420,1000
11/02/2004,ID,Bonner,Bush,republican,580,1000
11/02/2004,IL,Alexander,Kerry,democrat,530,1000
11/02/2004,IL,Alexander,Bush,republican,470,1000
11/02/2004,IN,Gibson,Kerry,democrat,470,1000
11/02/2004,IN,Gibson,Bush,republican,530,1000
11/02/2004,OK,Texas,Kerry,democrat,420,1000
11/02/2004,OK,Texas,Bush,republican,580,1000
11/02/2004,MO,New_Madrid,Kerry,democrat,470,1000
11/02/2004,MO,New_Madrid,Bush,republican,530,1000
11/02/2004,NC,Buncombe,Kerry,democrat,580,1000
11/02/2004,NC,Buncombe,Bush,republican,420,1000
11/02/2004,TX,Fannin,Kerry,democrat,420,1000
11/02/2004,TX,Fannin,Bush,republican,580,1000
11/02/2004,SD,Lincoln,Kerry,democrat,470,1000
11/02/2004,SD,Lincoln,Bush,republican,530,1000
11/02/2004,TN,Obion,Kerry,democrat,420,1000
11/02/2004,TN,Obion,Bush,republican,580,1000
11/02/2004,KY,Ballard,Kerry,democrat,420,1000
11/02/2004,KY,Ballard,Bush,republican,580,1000
11/02/2004,TX,Burnet,Kerry,democrat,420,1000
11/02/2004,TX,Burnet,Bush,republican,580,1000
11/02/2004,OR,Lane,Kerry,democrat,580,1000
11/02/2004,OR,Lane,Bush,republican,420,1000
11/02/2004,MA,Hampden,Kerry,democrat,580,1000
11/02/2004,MA,Hampden,Bush,republican,420,1000
11/02/2004,MO,Carroll,Kerry,democrat,420,1000
11/02/2004,MO,Carroll,Bush,republican,580,1000
11/02/2004,VA,Mecklenburg,Kerry,democrat,470,1000
11/02/2004,VA,Mecklenburg,Bush,republican,530,1000
11/02/2004,WI,Kewaunee,Kerry,democrat,470,1000
11/02/2004,WI,Kewaunee,Bush,republican,530,1000
11/02/2004,TN,Coffee,Kerry,democrat,420,1000
11/02/2004,TN,Coffee,Bush,republican,580,1000
11/02/2004,IA,Jasper,Kerry,democrat,490,1000
11/02/2004,IA,Jasper,Bush,republican,510,1000
11/02/2004,ID,Camas,Kerry,democrat,420,1000
11/02/2004,ID,Camas,Bush,republican,580,1000
11/02/2004,WI,Winnebago,Kerry,democrat,530,1000
11/02/2004,WI,Winnebago,Bush,republican,470,1000
11/02/2004,IN,Warren,Kerry,democrat,420,1000
11/02/2004,IN,Warren,Bush,republican,580,1000
11/02/2004,LA,Beauregard,Kerry,democrat,420,1000
11/02/2004,LA,Beauregard,Bush,republican,580,1000
11/02/2004,MD,St_Mary_s,Kerry,democrat,420,1000
11/02/2004,MD,St_Mary_s,Bush,republican,580,1000
11/02/2004,MS,Prentiss,Kerry,democrat,420,1000
11/02/2004,MS,Prentiss,Bush,republican,580,1000
11/02/2004,MS,Tallahatchie,Kerry,democrat,530,1000
11/02/2004,MS,Tallahatchie,Bush,republican,470,1000
11/02/2004,NJ,Burlington,Kerry,democrat,580,1000
11/02/2004,NJ,Burlington,Bush,republican,420,1000
11/02/2004,MT,Phillips,Kerry,democrat,470,1000
11/02/2004,MT,Phillips,Bush,republican,530,1000
11/02/2004,VT,Addison,Kerry,democrat,580,1000
11/02/2004,VT,Addison,Bush,republican,420,1000
11/02/2004,VT,Bennington,Kerry,democrat,580,1000
11/02/2004,VT,Bennington,Bush,republican,420,1000
11/02/2004,VA,Norfolk,Kerry,democrat,580,1000
11/02/2004,VA,Norfolk,Bush,republican,420,1000
11/02/2004,NC,Northampton,Kerry,democrat,580,1000
11/02/2004,NC,Northampton,Bush,republican,420,1000
11/02/2004,OR,Tillamook,Kerry,democrat,580,1000
11/02/2004,OR,Tillamook,Bush,republican,420,1000
11/02/2004,MT,Custer,Kerry,democrat,420,1000
11/02/2004,MT,Custer,Bush,republican,580,1000
11/02/2004,MT,Silver_Bow,Kerry,democrat,580,1000
11/02/2004,MT,Silver_Bow,Bush,republican,420,1000
11/02/2004,IL,Cass,Kerry,democrat,420,1000
11/02/2004,IL,Cass,Bush,republican,580,1000
11/02/2004,IA,Calhoun,Kerry,democrat,470,1000
11/02/2004,IA,Calhoun,Bush,republican,530,1000
11/02/2004,KS,Barton,Kerry,democrat,420,1000
11/02/2004,KS,Barton,Bush,republican,580,1000
11/02/2004,KS,Wabaunsee,Kerry,democrat,420,1000
11/02/2004,KS,Wabaunsee,Bush,republican,580,1000
11/02/2004,LA,Acadia,Kerry,democrat,420,1000
11/02/2004,LA,Acadia,Bush,republican,580,1000
11/02/2004,MI,Ingham,Kerry,democrat,580,1000
11/02/2004,MI,Ingham,Bush,republican,420,1000
11/02/2004,GA,Monroe,Kerry,democrat,420,1000
11/02/2004,GA,Monroe,Bush,republican,580,1000
11/02/2004,NY,Orleans,Kerry,democrat,420,1000
11/02/2004,NY,Orleans,Bush,republican,580,1000
11/02/2004,NC,Stanly,Kerry,democrat,420,1000
11/02/2004,NC,Stanly,Bush,republican,580,1000
11/02/2004,NY,Allegany,Kerry,democrat,420,1000
11/02/2004,NY,Allegany,Bush,republican,580,1000
11/02/2004,IL,Vermilion,Kerry,democrat,420,1000
11/02/2004,IL,Vermilion,Bush,republican,580,1000
11/02/2004,IL,Jackson,Kerry,democrat,530,1000
11/02/2004,IL,Jackson,Bush,republican,470,1000
11/02/2004,KY,Meade,Kerry,democrat,420,1000
11/02/2004,KY,Meade,Bush,republican,580,1000
11/02/2004,KY,Oldham,Kerry,democrat,420,1000
11/02/2004,KY,Oldham,Bush,republican,580,1000
11/02/2004,WA,Pacific,Kerry,democrat,580,1000
11/02/2004,WA,Pacific,Bush,republican,420,1000
11/02/2004,WI,Grant,Kerry,democrat,530,1000
11/02/2004,WI,Grant,Bush,republican,470,1000
11/02/2004,AR,Conway,Kerry,democrat,420,1000
11/02/2004,AR,Conway,Bush,republican,580,1000
11/02/2004,IL,Jersey,Kerry,democrat,420,1000
11/02/2004,IL,Jersey,Bush,republican,580,1000
11/02/2004,UT,Kane,Kerry,democrat,420,1000
11/02/2004,UT,Kane,Bush,republican,580,1000
11/02/2004,VA,Wise,Kerry,democrat,420,1000
11/02/2004,VA,Wise,Bush,republican,580,1000
11/02/2004,NM,Colfax,Kerry,democrat,530,1000
11/02/2004,NM,Colfax,Bush,republican,470,1000
11/02/2004,NC,Catawba,Kerry,democrat,420,1000
11/02/2004,NC,Catawba,Bush,republican,580,1000
11/02/2004,OH,Clark,Kerry,democrat,470,1000
11/02/2004,OH,Clark,Bush,republican,530,1000
11/02/2004,NE,Custer,Kerry,democrat,420,1000
11/02/2004,NE,Custer,Bush,republican,580,1000
11/02/2004,PA,Luzerne,Kerry,democrat,510,1000
11/02/2004,PA,Luzerne,Bush,republican,490,1000
11/02/2004,PA,Juniata,Kerry,democrat,420,1000
11/02/2004,PA,Juniata,Bush,republican,580,1000
11/02/2004,PA,Schuylkill,Kerry,democrat,470,1000
11/02/2004,PA,Schuylkill,Bush,republican,530,1000
11/02/2004,TN,Roane,Kerry,democrat,420,1000
11/02/2004,TN,Roane,Bush,republican,580,1000
11/02/2004,KY,Rockcastle,Kerry,democrat,420,1000
11/02/2004,KY,Rockcastle,Bush,republican,580,1000
11/02/2004,MD,Calvert,Kerry,democrat,470,1000
11/02/2004,MD,Calvert,Bush,republican,530,1000
11/02/2004,MD,Carroll,Kerry,democrat,420,1000
11/02/2004,MD,Carroll,Bush,republican,580,1000
11/02/2004,MA,Worcester,Kerry,democrat,580,1000
11/02/2004,MA,Worcester,Bush,republican,420,1000
11/02/2004,KY,Pike,Kerry,democrat,420,1000
11/02/2004,KY,Pike,Bush,republican,580,1000
11/02/2004,LA,DeSoto,Kerry,democrat,420,1000
11/02/2004,LA,DeSoto,Bush,republican,580,1000
11/02/2004,MD,Worcester,Kerry,democrat,420,1000
11/02/2004,MD,Worcester,Bush,republican,580,1000
11/02/2004,MI,Antrim,Kerry,democrat,420,1000
11/02/2004,MI,Antrim,Bush,republican,580,1000
11/02/2004,WV,Berkeley,Kerry,democrat,470,1000
11/02/2004,WV,Berkeley,Bush,republican,530,1000
11/02/2004,AR,Hot_Spring,Kerry,democrat,420,1000
11/02/2004,AR,Hot_Spring,Bush,republican,580,1000
11/02/2004,GA,Paulding,Kerry,democrat,497,1000
11/02/2004,GA,Paulding,Bush,republican,503,1000
11/02/2004,IL,Champaign,Kerry,democrat,580,1000
11/02/2004,IL,Champaign,Bush,republican,420,1000
11/02/2004,IL,Woodford,Kerry,democrat,420,1000
11/02/2004,IL,Woodford,Bush,republican,580,1000
11/02/2004,IL,Macoupin,Kerry,democrat,470,1000
11/02/2004,IL,Macoupin,Bush,republican,530,1000
11/02/2004,IL,Perry,Kerry,democrat,420,1000
11/02/2004,IL,Perry,Bush,republican,580,1000
11/02/2004,IA,Hancock,Kerry,democrat,530,1000
11/02/2004,IA,Hancock,Bush,republican,470,1000
11/02/2004,TN,Sequatchie,Kerry,democrat,420,1000
11/02/2004,TN,Sequatchie,Bush,republican,580,1000
11/02/2004,TX,Liberty,Kerry,democrat,420,1000
11/02/2004,TX,Liberty,Bush,republican,580,1000
11/02/2004,TX,Duval,Kerry,democrat,470,1000
11/02/2004,TX,Duval,Bush,republican,530,1000
11/02/2004,TX,Garza,Kerry,democrat,420,1000
11/02/2004,TX,Garza,Bush,republican,580,1000
11/02/2004,TX,Bee,Kerry,democrat,420,1000
11/02/2004,TX,Bee,Bush,republican,580,1000
11/02/2004,UT,Weber,Kerry,democrat,420,1000
11/02/2004,UT,Weber,Bush,republican,580,1000
11/02/2004,VA,Prince_Edward,Kerry,democrat,530,1000
11/02/2004,VA,Prince_Edward,Bush,republican,470,1000
11/02/2004,WI,Outagamie,Kerry,democrat,530,1000
11/02/2004,WI,Outagamie,Bush,republican,470,1000
11/02/2004,WI,Portage,Kerry,democrat,530,1000
11/02/2004,WI,Portage,Bush,republican,470,1000
11/02/2004,MN,Wilkin,Kerry,democrat,420,1000
11/02/2004,MN,Wilkin,Bush,republican,580,1000
11/02/2004,MS,Simpson,Kerry,democrat,420,1000
11/02/2004,MS,Simpson,Bush,republican,580,1000
11/02/2004,MS,Attala,Kerry,democrat,420,1000
11/02/2004,MS,Attala,Bush,republican,580,1000
11/02/2004,MS,Leake,Kerry,democrat,420,1000
11/02/2004,MS,Leake,Bush,republican,580,1000
11/02/2004,MS,Monroe,Kerry,democrat,420,1000
11/02/2004,MS,Monroe,Bush,republican,580,1000
11/02/2004,MS,Copiah,Kerry,democrat,420,1000
11/02/2004,MS,Copiah,Bush,republican,580,1000
11/02/2004,MN,Cass,Kerry,democrat,420,1000
11/02/2004,MN,Cass,Bush,republican,580,1000
11/02/2004,NE,Cass,Kerry,democrat,420,1000
11/02/2004,NE,Cass,Bush,republican,580,1000
11/02/2004,MN,Carver,Kerry,democrat,530,1000
11/02/2004,MN,Carver,Bush,republican,470,1000
11/02/2004,NC,Union,Kerry,democrat,470,1000
11/02/2004,NC,Union,Bush,republican,530,1000
11/02/2004,KY,Grayson,Kerry,democrat,420,1000
11/02/2004,KY,Grayson,Bush,republican,580,1000
11/02/2004,KY,Fayette,Kerry,democrat,580,1000
11/02/2004,KY,Fayette,Bush,republican,420,1000
11/02/2004,MI,Lapeer,Kerry,democrat,420,1000
11/02/2004,MI,Lapeer,Bush,republican,580,1000
11/02/2004,MO,Audrain,Kerry,democrat,420,1000
11/02/2004,MO,Audrain,Bush,republican,580,1000
11/02/2004,GA,Greene,Kerry,democrat,420,1000
11/02/2004,GA,Greene,Bush,republican,580,1000
11/02/2004,NY,Seneca,Kerry,democrat,490,1000
11/02/2004,NY,Seneca,Bush,republican,510,1000
11/02/2004,NC,Wake,Kerry,democrat,580,1000
11/02/2004,NC,Wake,Bush,republican,420,1000
11/02/2004,OH,Coshocton,Kerry,democrat,420,1000
11/02/2004,OH,Coshocton,Bush,republican,580,1000
11/02/2004,CA,San_Benito,Kerry,democrat,580,1000
11/02/2004,CA,San_Benito,Bush,republican,420,1000
11/02/2004,FL,Marion,Kerry,democrat,490,1000
11/02/2004,FL,Marion,Bush,republican,510,1000
11/02/2004,GA,Gilmer,Kerry,democrat,420,1000
11/02/2004,GA,Gilmer,Bush,republican,580,1000
11/02/2004,ID,Lewis,Kerry,democrat,420,1000
11/02/2004,ID,Lewis,Bush,republican,580,1000
11/02/2004,IL,Lee,Kerry,democrat,470,1000
11/02/2004,IL,Lee,Bush,republican,530,1000
11/02/2004,IL,Clark,Kerry,democrat,420,1000
11/02/2004,IL,Clark,Bush,republican,580,1000
11/02/2004,NJ,Camden,Kerry,democrat,580,1000
11/02/2004,NJ,Camden,Bush,republican,420,1000
11/02/2004,NC,Haywood,Kerry,democrat,420,1000
11/02/2004,NC,Haywood,Bush,republican,580,1000
11/02/2004,PA,Philadelphia,Kerry,democrat,580,1000
11/02/2004,PA,Philadelphia,Bush,republican,420,1000
11/02/2004,NV,Lander,Kerry,democrat,420,1000
11/02/2004,NV,Lander,Bush,republican,580,1000
11/02/2004,OK,Choctaw,Kerry,democrat,420,1000
11/02/2004,OK,Choctaw,Bush,republican,580,1000
11/02/2004,PA,Tioga,Kerry,democrat,420,1000
11/02/2004,PA,Tioga,Bush,republican,580,1000
11/02/2004,NM,Cibola,Kerry,democrat,530,1000
11/02/2004,NM,Cibola,Bush,republican,470,1000
11/02/2004,VA,Poquoson,Kerry,democrat,470,1000
11/02/2004,VA,Poquoson,Bush,republican,530,1000
11/02/2004,OK,Payne,Kerry,democrat,470,1000
11/02/2004,OK,Payne,Bush,republican,530,1000
11/02/2004,PA,Cumberland,Kerry,democrat,530,1000
11/02/2004,PA,Cumberland,Bush,republican,470,1000
11/02/2004,PA,Cambria,Kerry,democrat,420,1000
11/02/2004,PA,Cambria,Bush,republican,580,1000
11/02/2004,TN,Carroll,Kerry,democrat,420,1000
11/02/2004,TN,Carroll,Bush,republican,580,1000
11/02/2004,TX,Bastrop,Kerry,democrat,530,1000
11/02/2004,TX,Bastrop,Bush,republican,470,1000
11/02/2004,TX,Mitchell,Kerry,democrat,420,1000
11/02/2004,TX,Mitchell,Bush,republican,580,1000
11/02/2004,TX,Anderson,Kerry,democrat,420,1000
11/02/2004,TX,Anderson,Bush,republican,580,1000
11/02/2004,VA,Manassas,Kerry,democrat,580,1000
11/02/2004,VA,Manassas,Bush,republican,420,1000
11/02/2004,IN,Pike,Kerry,democrat,470,1000
11/02/2004,IN,Pike,Bush,republican,530,1000
11/02/2004,CO,Gilpin,Kerry,democrat,580,1000
11/02/2004,CO,Gilpin,Bush,republican,420,1000
11/02/2004,KY,Taylor,Kerry,democrat,420,1000
11/02/2004,KY,Taylor,Bush,republican,580,1000
11/02/2004,KY,Hart,Kerry,democrat,420,1000
11/02/2004,KY,Hart,Bush,republican,580,1000
11/02/2004,LA,Evangeline,Kerry,democrat,420,1000
11/02/2004,LA,Evangeline,Bush,republican,580,1000
11/02/2004,LA,Jefferson_Davis,Kerry,democrat,420,1000
11/02/2004,LA,Jefferson_Davis,Bush,republican,580,1000
11/02/2004,GA,Putnam,Kerry,democrat,420,1000
11/02/2004,GA,Putnam,Bush,republican,580,1000
11/02/2004,GA,Banks,Kerry,democrat,420,1000
11/02/2004,GA,Banks,Bush,republican,580,1000
11/02/2004,MT,Yellowstone,Kerry,democrat,470,1000
11/02/2004,MT,Yellowstone,Bush,republican,530,1000
11/02/2004,MO,Dunklin,Kerry,democrat,420,1000
11/02/2004,MO,Dunklin,Bush,republican,580,1000
11/02/2004,TX,Bowie,Kerry,democrat,470,1000
11/02/2004,TX,Bowie,Bush,republican,530,1000
11/02/2004,VA,Bristol,Kerry,democrat,420,1000
11/02/2004,VA,Bristol,Bush,republican,580,1000
11/02/2004,WV,Brooke,Kerry,democrat,470,1000
11/02/2004,WV,Brooke,Bush,republican,530,1000
11/02/2004,CA,Kern,Kerry,democrat,470,1000
11/02/2004,CA,Kern,Bush,republican,530,1000
11/02/2004,CO,Clear_Creek,Kerry,democrat,580,1000
11/02/2004,CO,Clear_Creek,Bush,republican,420,1000
11/02/2004,GA,Jackson,Kerry,democrat,420,1000
11/02/2004,GA,Jackson,Bush,republican,580,1000
11/02/2004,GA,Gordon,Kerry,democrat,420,1000
11/02/2004,GA,Gordon,Bush,republican,580,1000
11/02/2004,IL,Logan,Kerry,democrat,470,1000
11/02/2004,IL,Logan,Bush,republican,530,1000
11/02/2004,IN,Jennings,Kerry,democrat,420,1000
11/02/2004,IN,Jennings,Bush,republican,580,1000
11/02/2004,VA,Shenandoah,Kerry,democrat,420,1000
11/02/2004,VA,Shenandoah,Bush,republican,580,1000
11/02/2004,WI,Fond_du_Lac,Kerry,democrat,470,1000
11/02/2004,WI,Fond_du_Lac,Bush,republican,530,1000
11/02/2004,GA,Treutlen,Kerry,democrat,420,1000
11/02/2004,GA,Treutlen,Bush,republican,580,1000
11/02/2004,NC,Wilson,Kerry,democrat,497,1000
11/02/2004,NC,Wilson,Bush,republican,503,1000
11/02/2004,OH,Butler,Kerry,democrat,420,1000
11/02/2004,OH,Butler,Bush,republican,580,1000
11/02/2004,OH,Marion,Kerry,democrat,420,1000
11/02/2004,OH,Marion,Bush,republican,580,1000
11/02/2004,NE,Nance,Kerry,democrat,420,1000
11/02/2004,NE,Nance,Bush,republican,580,1000
11/02/2004,PA,Westmoreland,Kerry,democrat,490,1000
11/02/2004,PA,Westmoreland,Bush,republican,510,1000
11/02/2004,AL,Etowah,Kerry,democrat,420,1000
11/02/2004,AL,Etowah,Bush,republican,580,1000
11/02/2004,WY,Laramie,Kerry,democrat,420,1000
11/02/2004,WY,Laramie,Bush,republican,580,1000
11/02/2004,AL,Blount,Kerry,democrat,420,1000
11/02/2004,AL,Blount,Bush,republican,580,1000
11/02/2004,AR,Montgomery,Kerry,democrat,420,1000
11/02/2004,AR,Montgomery,Bush,republican,580,1000
11/02/2004,CO,Lake,Kerry,democrat,580,1000
11/02/2004,CO,Lake,Bush,republican,420,1000
11/02/2004,IL,Mercer,Kerry,democrat,470,1000
11/02/2004,IL,Mercer,Bush,republican,530,1000
11/02/2004,IA,Palo_Alto,Kerry,democrat,490,1000
11/02/2004,IA,Palo_Alto,Bush,republican,510,1000
11/02/2004,IA,Fayette,Kerry,democrat,530,1000
11/02/2004,IA,Fayette,Bush,republican,470,1000
11/02/2004,IN,Johnson,Kerry,democrat,420,1000
11/02/2004,IN,Johnson,Bush,republican,580,1000
11/02/2004,KY,Carter,Kerry,democrat,420,1000
11/02/2004,KY,Carter,Bush,republican,580,1000
11/02/2004,KY,Casey,Kerry,democrat,420,1000
11/02/2004,KY,Casey,Bush,republican,580,1000
11/02/2004,LA,East_Baton_Rouge,Kerry,democrat,580,1000
11/02/2004,LA,East_Baton_Rouge,Bush,republican,420,1000
11/02/2004,MO,Madison,Kerry,democrat,420,1000
11/02/2004,MO,Madison,Bush,republican,580,1000
11/02/2004,GA,Dooly,Kerry,democrat,490,1000
11/02/2004,GA,Dooly,Bush,republican,510,1000
11/02/2004,MO,Gasconade,Kerry,democrat,420,1000
11/02/2004,MO,Gasconade,Bush,republican,580,1000
11/02/2004,MO,Wayne,Kerry,democrat,420,1000
11/02/2004,MO,Wayne,Bush,republican,580,1000
11/02/2004,SD,Jones,Kerry,democrat,420,1000
11/02/2004,SD,Jones,Bush,republican,580,1000
11/02/2004,TX,Hudspeth,Kerry,democrat,420,1000
11/02/2004,TX,Hudspeth,Bush,republican,580,1000
11/02/2004,TX,Edwards,Kerry,democrat,420,1000
11/02/2004,TX,Edwards,Bush,republican,580,1000
11/02/2004,TX,Floyd,Kerry,democrat,420,1000
11/02/2004,TX,Floyd,Bush,republican,580,1000
11/02/2004,TN,Maury,Kerry,democrat,420,1000
11/02/2004,TN,Maury,Bush,republican,580,1000
11/02/2004,TN,Houston,Kerry,democrat,420,1000
11/02/2004,TN,Houston,Bush,republican,580,1000
11/02/2004,TX,Parker,Kerry,democrat,420,1000
11/02/2004,TX,Parker,Bush,republican,580,1000
11/02/2004,KY,Menifee,Kerry,democrat,420,1000
11/02/2004,KY,Menifee,Bush,republican,580,1000
11/02/2004,TX,Jones,Kerry,democrat,420,1000
11/02/2004,TX,Jones,Bush,republican,580,1000
11/02/2004,UT,Wayne,Kerry,democrat,420,1000
11/02/2004,UT,Wayne,Bush,republican,580,1000
11/02/2004,IA,Keokuk,Kerry,democrat,470,1000
11/02/2004,IA,Keokuk,Bush,republican,530,1000
11/02/2004,KY,Harrison,Kerry,democrat,420,1000
11/02/2004,KY,Harrison,Bush,republican,580,1000
11/02/2004,KY,Woodford,Kerry,democrat,510,1000
11/02/2004,KY,Woodford,Bush,republican,490,1000
11/02/2004,KY,Mercer,Kerry,democrat,420,1000
11/02/2004,KY,Mercer,Bush,republican,580,1000
11/02/2004,MN,Rice,Kerry,democrat,470,1000
11/02/2004,MN,Rice,Bush,republican,530,1000
11/02/2004,NM,Quay,Kerry,democrat,420,1000
11/02/2004,NM,Quay,Bush,republican,580,1000
11/02/2004,NM,Hidalgo,Kerry,democrat,530,1000
11/02/2004,NM,Hidalgo,Bush,republican,470,1000
11/02/2004,NY,Montgomery,Kerry,democrat,490,1000
11/02/2004,NY,Montgomery,Bush,republican,510,1000
11/02/2004,NY,Genesee,Kerry,democrat,470,1000
11/02/2004,NY,Genesee,Bush,republican,530,1000
11/02/2004,ID,Power,Kerry,democrat,420,1000
11/02/2004,ID,Power,Bush,republican,580,1000
11/02/2004,OH,Licking,Kerry,democrat,470,1000
11/02/2004,OH,Licking,Bush,republican,530,1000
11/02/2004,OK,Woods,Kerry,democrat,420,1000
11/02/2004,OK,Woods,Bush,republican,580,1000
11/02/2004,OK,Pontotoc,Kerry,democrat,420,1000
11/02/2004,OK,Pontotoc,Bush,republican,580,1000
11/02/2004,PA,Union,Kerry,democrat,420,1000
11/02/2004,PA,Union,Bush,republican,580,1000
11/02/2004,SC,Lexington,Kerry,democrat,470,1000
11/02/2004,SC,Lexington,Bush,republican,530,1000
11/02/2004,TN,Warren,Kerry,democrat,420,1000
11/02/2004,TN,Warren,Bush,republican,580,1000
11/02/2004,VA,Rappahannock,Kerry,democrat,470,1000
11/02/2004,VA,Rappahannock,Bush,republican,530,1000
11/02/2004,NE,Thomas,Kerry,democrat,420,1000
11/02/2004,NE,Thomas,Bush,republican,580,1000
11/02/2004,TX,Sterling,Kerry,democrat,420,1000
11/02/2004,TX,Sterling,Bush,republican,580,1000
11/02/2004,AL,Cherokee,Kerry,democrat,420,1000
11/02/2004,AL,Cherokee,Bush,republican,580,1000
11/02/2004,AL,Washington,Kerry,democrat,420,1000
11/02/2004,AL,Washington,Bush,republican,580,1000
11/02/2004,CA,Sonoma,Kerry,democrat,580,1000
11/02/2004,CA,Sonoma,Bush,republican,420,1000
11/02/2004,WV,Greenbrier,Kerry,democrat,420,1000
11/02/2004,WV,Greenbrier,Bush,republican,580,1000
11/02/2004,OK,Kiowa,Kerry,democrat,420,1000
11/02/2004,OK,Kiowa,Bush,republican,580,1000
11/02/2004,TN,Van_Buren,Kerry,democrat,420,1000
11/02/2004,TN,Van_Buren,Bush,republican,580,1000
11/02/2004,NC,Madison,Kerry,democrat,420,1000
11/02/2004,NC,Madison,Bush,republican,580,1000
11/02/2004,OH,Logan,Kerry,democrat,420,1000
11/02/2004,OH,Logan,Bush,republican,580,1000
11/02/2004,OH,Richland,Kerry,democrat,420,1000
11/02/2004,OH,Richland,Bush,republican,580,1000
11/02/2004,OK,Canadian,Kerry,democrat,420,1000
11/02/2004,OK,Canadian,Bush,republican,580,1000
11/02/2004,TN,Jefferson,Kerry,democrat,420,1000
11/02/2004,TN,Jefferson,Bush,republican,580,1000
11/02/2004,TN,White,Kerry,democrat,420,1000
11/02/2004,TN,White,Bush,republican,580,1000
11/02/2004,TN,Marshall,Kerry,democrat,420,1000
11/02/2004,TN,Marshall,Bush,republican,580,1000
11/02/2004,TX,Kaufman,Kerry,democrat,470,1000
11/02/2004,TX,Kaufman,Bush,republican,530,1000
11/02/2004,WV,Lincoln,Kerry,democrat,420,1000
11/02/2004,WV,Lincoln,Bush,republican,580,1000
11/02/2004,WI,Vernon,Kerry,democrat,530,1000
11/02/2004,WI,Vernon,Bush,republican,470,1000
11/02/2004,CA,Monterey,Kerry,democrat,580,1000
11/02/2004,CA,Monterey,Bush,republican,420,1000
11/02/2004,FL,Duval,Kerry,democrat,530,1000
11/02/2004,FL,Duval,Bush,republican,470,1000
11/02/2004,VA,Highland,Kerry,democrat,420,1000
11/02/2004,VA,Highland,Bush,republican,580,1000
11/02/2004,NE,Keya_Paha,Kerry,democrat,420,1000
11/02/2004,NE,Keya_Paha,Bush,republican,580,1000
11/02/2004,AL,DeKalb,Kerry,democrat,420,1000
11/02/2004,AL,DeKalb,Bush,republican,580,1000
11/02/2004,AL,Jackson,Kerry,democrat,420,1000
11/02/2004,AL,Jackson,Bush,republican,580,1000
11/02/2004,AZ,Navajo,Kerry,democrat,420,1000
11/02/2004,AZ,Navajo,Bush,republican,580,1000
11/02/2004,OR,Josephine,Kerry,democrat,420,1000
11/02/2004,OR,Josephine,Bush,republican,580,1000
11/02/2004,SC,Marion,Kerry,democrat,580,1000
11/02/2004,SC,Marion,Bush,republican,420,1000
11/02/2004,TN,Stewart,Kerry,democrat,420,1000
11/02/2004,TN,Stewart,Bush,republican,580,1000
11/02/2004,TX,Wood,Kerry,democrat,420,1000
11/02/2004,TX,Wood,Bush,republican,580,1000
11/02/2004,TX,Willacy,Kerry,democrat,470,1000
11/02/2004,TX,Willacy,Bush,republican,530,1000
11/02/2004,SD,Roberts,Kerry,democrat,530,1000
11/02/2004,SD,Roberts,Bush,republican,470,1000
11/02/2004,TN,Clay,Kerry,democrat,420,1000
11/02/2004,TN,Clay,Bush,republican,580,1000
11/02/2004,TX,Sabine,Kerry,democrat,420,1000
11/02/2004,TX,Sabine,Bush,republican,580,1000
11/02/2004,VA,Halifax,Kerry,democrat,470,1000
11/02/2004,VA,Halifax,Bush,republican,530,1000
11/02/2004,GA,McIntosh,Kerry,democrat,420,1000
11/02/2004,GA,McIntosh,Bush,republican,580,1000
11/02/2004,ID,Bear_Lake,Kerry,democrat,420,1000
11/02/2004,ID,Bear_Lake,Bush,republican,580,1000
11/02/2004,IA,Clinton,Kerry,democrat,580,1000
11/02/2004,IA,Clinton,Bush,republican,420,1000
11/02/2004,IA,Page,Kerry,democrat,420,1000
11/02/2004,IA,Page,Bush,republican,580,1000
11/02/2004,KS,Linn,Kerry,democrat,420,1000
11/02/2004,KS,Linn,Bush,republican,580,1000
11/02/2004,KY,Crittenden,Kerry,democrat,420,1000
11/02/2004,KY,Crittenden,Bush,republican,580,1000
11/02/2004,FL,Jefferson,Kerry,democrat,420,1000
11/02/2004,FL,Jefferson,Bush,republican,580,1000
11/02/2004,GA,Brooks,Kerry,democrat,420,1000
11/02/2004,GA,Brooks,Bush,republican,580,1000
11/02/2004,GA,Gwinnett,Kerry,democrat,580,1000
11/02/2004,GA,Gwinnett,Bush,republican,420,1000
11/02/2004,TX,Wharton,Kerry,democrat,420,1000
11/02/2004,TX,Wharton,Bush,republican,580,1000
11/02/2004,VA,Brunswick,Kerry,democrat,580,1000
11/02/2004,VA,Brunswick,Bush,republican,420,1000
11/02/2004,WV,Logan,Kerry,democrat,420,1000
11/02/2004,WV,Logan,Bush,republican,580,1000
11/02/2004,WI,Trempealeau,Kerry,democrat,490,1000
11/02/2004,WI,Trempealeau,Bush,republican,510,1000
11/02/2004,ND,Adams,Kerry,democrat,420,1000
11/02/2004,ND,Adams,Bush,republican,580,1000
11/02/2004,TN,Henderson,Kerry,democrat,420,1000
11/02/2004,TN,Henderson,Bush,republican,580,1000
11/02/2004,VA,New_Kent,Kerry,democrat,420,1000
11/02/2004,VA,New_Kent,Bush,republican,580,1000
11/02/2004,NE,Deuel,Kerry,democrat,420,1000
11/02/2004,NE,Deuel,Bush,republican,580,1000
11/02/2004,AL,Choctaw,Kerry,democrat,420,1000
11/02/2004,AL,Choctaw,Bush,republican,580,1000
11/02/2004,AR,Boone,Kerry,democrat,420,1000
11/02/2004,AR,Boone,Bush,republican,580,1000
11/02/2004,CA,Contra_Costa,Kerry,democrat,580,1000
11/02/2004,CA,Contra_Costa,Bush,republican,420,1000
11/02/2004,LA,Morehouse,Kerry,democrat,420,1000
11/02/2004,LA,Morehouse,Bush,republican,580,1000
11/02/2004,ME,Waldo,Kerry,democrat,580,1000
11/02/2004,ME,Waldo,Bush,republican,420,1000
11/02/2004,MI,Macomb,Kerry,democrat,580,1000
11/02/2004,MI,Macomb,Bush,republican,420,1000
11/02/2004,MT,Mineral,Kerry,democrat,470,1000
11/02/2004,MT,Mineral,Bush,republican,530,1000
11/02/2004,OK,Creek,Kerry,democrat,420,1000
11/02/2004,OK,Creek,Bush,republican,580,1000
11/02/2004,OK,Custer,Kerry,democrat,420,1000
11/02/2004,OK,Custer,Bush,republican,580,1000
11/02/2004,KS,Pratt,Kerry,democrat,420,1000
11/02/2004,KS,Pratt,Bush,republican,580,1000
11/02/2004,SC,Laurens,Kerry,democrat,420,1000
11/02/2004,SC,Laurens,Bush,republican,580,1000
11/02/2004,TN,Cheatham,Kerry,democrat,470,1000
11/02/2004,TN,Cheatham,Bush,republican,530,1000
11/02/2004,TX,Clay,Kerry,democrat,420,1000
11/02/2004,TX,Clay,Bush,republican,580,1000
11/02/2004,VA,King_and_Queen,Kerry,democrat,490,1000
11/02/2004,VA,King_and_Queen,Bush,republican,510,1000
11/02/2004,NE,Harlan,Kerry,democrat,420,1000
11/02/2004,NE,Harlan,Bush,republican,580,1000
11/02/2004,NE,Blaine,Kerry,democrat,420,1000
11/02/2004,NE,Blaine,Bush,republican,580,1000
11/02/2004,AZ,Greenlee,Kerry,democrat,470,1000
11/02/2004,AZ,Greenlee,Bush,republican,530,1000
11/02/2004,CA,Imperial,Kerry,democrat,580,1000
11/02/2004,CA,Imperial,Bush,republican,420,1000
11/02/2004,FL,St_Johns,Kerry,democrat,420,1000
11/02/2004,FL,St_Johns,Bush,republican,580,1000
11/02/2004,GA,Carroll,Kerry,democrat,420,1000
11/02/2004,GA,Carroll,Bush,republican,580,1000
11/02/2004,MS,Adams,Kerry,democrat,490,1000
11/02/2004,MS,Adams,Bush,republican,510,1000
11/02/2004,MN,Scott,Kerry,democrat,530,1000
11/02/2004,MN,Scott,Bush,republican,470,1000
11/02/2004,NE,Douglas,Kerry,democrat,580,1000
11/02/2004,NE,Douglas,Bush,republican,420,1000
11/02/2004,TX,Milam,Kerry,democrat,420,1000
11/02/2004,TX,Milam,Bush,republican,580,1000
11/02/2004,LA,LaSalle,Kerry,democrat,420,1000
11/02/2004,LA,LaSalle,Bush,republican,580,1000
11/02/2004,TX,Young,Kerry,democrat,420,1000
11/02/2004,TX,Young,Bush,republican,580,1000
11/02/2004,VA,Bedford,Kerry,democrat,420,1000
11/02/2004,VA,Bedford,Bush,republican,580,1000
11/02/2004,WV,Harrison,Kerry,democrat,420,1000
11/02/2004,WV,Harrison,Bush,republican,580,1000
11/02/2004,WI,Walworth,Kerry,democrat,470,1000
11/02/2004,WI,Walworth,Bush,republican,530,1000
11/02/2004,WY,Washakie,Kerry,democrat,420,1000
11/02/2004,WY,Washakie,Bush,republican,580,1000
11/02/2004,AR,Mississippi,Kerry,democrat,470,1000
11/02/2004,AR,Mississippi,Bush,republican,530,1000
11/02/2004,AR,Clay,Kerry,democrat,420,1000
11/02/2004,AR,Clay,Bush,republican,580,1000
11/02/2004,CA,Orange,Kerry,democrat,580,1000
11/02/2004,CA,Orange,Bush,republican,420,1000
11/02/2004,IN,Posey,Kerry,democrat,420,1000
11/02/2004,IN,Posey,Bush,republican,580,1000
11/02/2004,IN,Jay,Kerry,democrat,420,1000
11/02/2004,IN,Jay,Bush,republican,580,1000
11/02/2004,IA,Mitchell,Kerry,democrat,510,1000
11/02/2004,IA,Mitchell,Bush,republican,490,1000
11/02/2004,KS,Smith,Kerry,democrat,420,1000
11/02/2004,KS,Smith,Bush,republican,580,1000
11/02/2004,NH,Cheshire,Kerry,democrat,580,1000
11/02/2004,NH,Cheshire,Bush,republican,420,1000
11/02/2004,OH,Erie,Kerry,democrat,530,1000
11/02/2004,OH,Erie,Bush,republican,470,1000
11/02/2004,OR,Columbia,Kerry,democrat,580,1000
11/02/2004,OR,Columbia,Bush,republican,420,1000
11/02/2004,PA,Washington,Kerry,democrat,470,1000
11/02/2004,PA,Washington,Bush,republican,530,1000
11/02/2004,NY,Chenango,Kerry,democrat,470,1000
11/02/2004,NY,Chenango,Bush,republican,530,1000
11/02/2004,PA,Perry,Kerry,democrat,470,1000
11/02/2004,PA,Perry,Bush,republican,530,1000
11/02/2004,SD,Tripp,Kerry,democrat,420,1000
11/02/2004,SD,Tripp,Bush,republican,580,1000
11/02/2004,VA,Charlotte,Kerry,democrat,420,1000
11/02/2004,VA,Charlotte,Bush,republican,580,1000
11/02/2004,NE,Gosper,Kerry,democrat,420,1000
11/02/2004,NE,Gosper,Bush,republican,580,1000
11/02/2004,FL,Miami-Dade,Kerry,democrat,580,1000
11/02/2004,FL,Miami-Dade,Bush,republican,420,1000
11/02/2004,FL,Gulf,Kerry,democrat,420,1000
11/02/2004,FL,Gulf,Bush,republican,580,1000
11/02/2004,FL,Dixie,Kerry,democrat,420,1000
11/02/2004,FL,Dixie,Bush,republican,580,1000
11/02/2004,MA,Essex,Kerry,democrat,580,1000
11/02/2004,MA,Essex,Bush,republican,420,1000
11/02/2004,MI,Alger,Kerry,democrat,470,1000
11/02/2004,MI,Alger,Bush,republican,530,1000
11/02/2004,PA,Bedford,Kerry,democrat,420,1000
11/02/2004,PA,Bedford,Bush,republican,580,1000
11/02/2004,SD,Clay,Kerry,democrat,580,1000
11/02/2004,SD,Clay,Bush,republican,420,1000
11/02/2004,TX,El_Paso,Kerry,democrat,580,1000
11/02/2004,TX,El_Paso,Bush,republican,420,1000
11/02/2004,VA,Hampton,Kerry,democrat,580,1000
11/02/2004,VA,Hampton,Bush,republican,420,1000
11/02/2004,AR,Benton,Kerry,democrat,470,1000
11/02/2004,AR,Benton,Bush,republican,530,1000
11/02/2004,AR,Ashley,Kerry,democrat,420,1000
11/02/2004,AR,Ashley,Bush,republican,580,1000
11/02/2004,CA,Mono,Kerry,democrat,580,1000
11/02/2004,CA,Mono,Bush,republican,420,1000
11/02/2004,CA,Madera,Kerry,democrat,470,1000
11/02/2004,CA,Madera,Bush,republican,530,1000
11/02/2004,GA,Screven,Kerry,democrat,420,1000
11/02/2004,GA,Screven,Bush,republican,580,1000
11/02/2004,GA,Burke,Kerry,democrat,510,1000
11/02/2004,GA,Burke,Bush,republican,490,1000
11/02/2004,IL,McHenry,Kerry,democrat,530,1000
11/02/2004,IL,McHenry,Bush,republican,470,1000
11/02/2004,IA,Kossuth,Kerry,democrat,470,1000
11/02/2004,IA,Kossuth,Bush,republican,530,1000
11/02/2004,MN,Lake,Kerry,democrat,530,1000
11/02/2004,MN,Lake,Bush,republican,470,1000
11/02/2004,MS,Claiborne,Kerry,democrat,580,1000
11/02/2004,MS,Claiborne,Bush,republican,420,1000
11/02/2004,MS,Lamar,Kerry,democrat,420,1000
11/02/2004,MS,Lamar,Bush,republican,580,1000
11/02/2004,NE,Otoe,Kerry,democrat,420,1000
11/02/2004,NE,Otoe,Bush,republican,580,1000
11/02/2004,VA,Westmoreland,Kerry,democrat,497,1000
11/02/2004,VA,Westmoreland,Bush,republican,503,1000
11/02/2004,VA,Prince_William,Kerry,democrat,580,1000
11/02/2004,VA,Prince_William,Bush,republican,420,1000
11/02/2004,AL,Lowndes,Kerry,democrat,530,1000
11/02/2004,AL,Lowndes,Bush,republican,470,1000
11/02/2004,AL,Marshall,Kerry,democrat,420,1000
11/02/2004,AL,Marshall,Bush,republican,580,1000
11/02/2004,AK,Anchorage,Kerry,democrat,580,1000
11/02/2004,AK,Anchorage,Bush,republican,420,1000
11/02/2004,FL,Charlotte,Kerry,democrat,490,1000
11/02/2004,FL,Charlotte,Bush,republican,510,1000
11/02/2004,ID,Kootenai,Kerry,democrat,420,1000
11/02/2004,ID,Kootenai,Bush,republican,580,1000
11/02/2004,IL,Pike,Kerry,democrat,420,1000
11/02/2004,IL,Pike,Bush,republican,580,1000
11/02/2004,IL,Union,Kerry,democrat,470,1000
11/02/2004,IL,Union,Bush,republican,530,1000
11/02/2004,IL,Gallatin,Kerry,democrat,420,1000
11/02/2004,IL,Gallatin,Bush,republican,580,1000
11/02/2004,NC,Craven,Kerry,democrat,420,1000
11/02/2004,NC,Craven,Bush,republican,580,1000
11/02/2004,OH,Trumbull,Kerry,democrat,580,1000
11/02/2004,OH,Trumbull,Bush,republican,420,1000
11/02/2004,PA,Mercer,Kerry,democrat,470,1000
11/02/2004,PA,Mercer,Bush,republican,530,1000
11/02/2004,MT,Deer_Lodge,Kerry,democrat,580,1000
11/02/2004,MT,Deer_Lodge,Bush,republican,420,1000
11/02/2004,NE,Nemaha,Kerry,democrat,420,1000
11/02/2004,NE,Nemaha,Bush,republican,580,1000
11/02/2004,MS,Chickasaw,Kerry,democrat,420,1000
11/02/2004,MS,Chickasaw,Bush,republican,580,1000
11/02/2004,NY,Niagara,Kerry,democrat,510,1000
11/02/2004,NY,Niagara,Bush,republican,490,1000
11/02/2004,NY,Delaware,Kerry,democrat,420,1000
11/02/2004,NY,Delaware,Bush,republican,580,1000
11/02/2004,NC,Mecklenburg,Kerry,democrat,580,1000
11/02/2004,NC,Mecklenburg,Bush,republican,420,1000
11/02/2004,AZ,Pinal,Kerry,democrat,470,1000
11/02/2004,AZ,Pinal,Bush,republican,530,1000
11/02/2004,AR,Lee,Kerry,democrat,580,1000
11/02/2004,AR,Lee,Bush,republican,420,1000
11/02/2004,CO,Douglas,Kerry,democrat,490,1000
11/02/2004,CO,Douglas,Bush,republican,510,1000
11/02/2004,CO,Routt,Kerry,democrat,580,1000
11/02/2004,CO,Routt,Bush,republican,420,1000
11/02/2004,IL,Ogle,Kerry,democrat,470,1000
11/02/2004,IL,Ogle,Bush,republican,530,1000
11/02/2004,IN,Harrison,Kerry,democrat,470,1000
11/02/2004,IN,Harrison,Bush,republican,530,1000
11/02/2004,KY,Jefferson,Kerry,democrat,580,1000
11/02/2004,KY,Jefferson,Bush,republican,420,1000
11/02/2004,LA,Sabine,Kerry,democrat,420,1000
11/02/2004,LA,Sabine,Bush,republican,580,1000
11/02/2004,IA,Carroll,Kerry,democrat,497,1000
11/02/2004,IA,Carroll,Bush,republican,503,1000
11/02/2004,LA,West_Carroll,Kerry,democrat,420,1000
11/02/2004,LA,West_Carroll,Bush,republican,580,1000
11/02/2004,MI,Ottawa,Kerry,democrat,490,1000
11/02/2004,MI,Ottawa,Bush,republican,510,1000
11/02/2004,MI,Alpena,Kerry,democrat,470,1000
11/02/2004,MI,Alpena,Bush,republican,530,1000
11/02/2004,MS,Sharkey,Kerry,democrat,470,1000
11/02/2004,MS,Sharkey,Bush,republican,530,1000
11/02/2004,NY,Erie,Kerry,democrat,580,1000
11/02/2004,NY,Erie,Bush,republican,420,1000
11/02/2004,VA,Dinwiddie,Kerry,democrat,470,1000
11/02/2004,VA,Dinwiddie,Bush,republican,530,1000
11/02/2004,VA,Clarke,Kerry,democrat,470,1000
11/02/2004,VA,Clarke,Bush,republican,530,1000
11/02/2004,NM,Mora,Kerry,democrat,580,1000
11/02/2004,NM,Mora,Bush,republican,420,1000
11/02/2004,MN,Sibley,Kerry,democrat,470,1000
11/02/2004,MN,Sibley,Bush,republican,530,1000
11/02/2004,TN,Grundy,Kerry,democrat,420,1000
11/02/2004,TN,Grundy,Bush,republican,580,1000
11/02/2004,TX,DeWitt,Kerry,democrat,420,1000
11/02/2004,TX,DeWitt,Bush,republican,580,1000
11/02/2004,VA,Northampton,Kerry,democrat,580,1000
11/02/2004,VA,Northampton,Bush,republican,420,1000
11/02/2004,NY,Lewis,Kerry,democrat,420,1000
11/02/2004,NY,Lewis,Bush,republican,580,1000
11/02/2004,CA,Solano,Kerry,democrat,580,1000
11/02/2004,CA,Solano,Bush,republican,420,1000
11/02/2004,NC,Camden,Kerry,democrat,580,1000
11/02/2004,NC,Camden,Bush,republican,420,1000
11/02/2004,NC,Chowan,Kerry,democrat,580,1000
11/02/2004,NC,Chowan,Bush,republican,420,1000
11/02/2004,MN,Traverse,Kerry,democrat,470,1000
11/02/2004,MN,Traverse,Bush,republican,530,1000
11/02/2004,MO,St_Louis_County,Kerry,democrat,580,1000
11/02/2004,MO,St_Louis_County,Bush,republican,420,1000
11/02/2004,MS,Union,Kerry,democrat,420,1000
11/02/2004,MS,Union,Bush,republican,580,1000
11/02/2004,NY,Livingston,Kerry,democrat,470,1000
11/02/2004,NY,Livingston,Bush,republican,530,1000
11/02/2004,OK,Washington,Kerry,democrat,420,1000
11/02/2004,OK,Washington,Bush,republican,580,1000
11/02/2004,NC,Currituck,Kerry,democrat,580,1000
11/02/2004,NC,Currituck,Bush,republican,420,1000
11/02/2004,OK,Le_Flore,Kerry,democrat,420,1000
11/02/2004,OK,Le_Flore,Bush,republican,580,1000
11/02/2004,NE,Knox,Kerry,democrat,420,1000
11/02/2004,NE,Knox,Bush,republican,580,1000
11/02/2004,TX,Zavala,Kerry,democrat,420,1000
11/02/2004,TX,Zavala,Bush,republican,580,1000
11/02/2004,VA,Craig,Kerry,democrat,420,1000
11/02/2004,VA,Craig,Bush,republican,580,1000
11/02/2004,CO,Mineral,Kerry,democrat,470,1000
11/02/2004,CO,Mineral,Bush,republican,530,1000
11/02/2004,TX,Crane,Kerry,democrat,420,1000
11/02/2004,TX,Crane,Bush,republican,580,1000
11/02/2004,TN,Haywood,Kerry,democrat,530,1000
11/02/2004,TN,Haywood,Bush,republican,470,1000
11/02/2004,WV,Preston,Kerry,democrat,420,1000
11/02/2004,WV,Preston,Bush,republican,580,1000
11/02/2004,SD,Haakon,Kerry,democrat,420,1000
11/02/2004,SD,Haakon,Bush,republican,580,1000
11/02/2004,GA,Sumter,Kerry,democrat,530,1000
11/02/2004,GA,Sumter,Bush,republican,470,1000
11/02/2004,CA,Del_Norte,Kerry,democrat,470,1000
11/02/2004,CA,Del_Norte,Bush,republican,530,1000
11/02/2004,NY,Oswego,Kerry,democrat,490,1000
11/02/2004,NY,Oswego,Bush,republican,510,1000
11/02/2004,CA,Yolo,Kerry,democrat,470,1000
11/02/2004,CA,Yolo,Bush,republican,530,1000
11/02/2004,SC,Lancaster,Kerry,democrat,490,1000
11/02/2004,SC,Lancaster,Bush,republican,510,1000
11/02/2004,SD,Harding,Kerry,democrat,420,1000
11/02/2004,SD,Harding,Bush,republican,580,1000
11/02/2004,MO,Franklin,Kerry,democrat,420,1000
11/02/2004,MO,Franklin,Bush,republican,580,1000
11/02/2004,NJ,Union,Kerry,democrat,580,1000
11/02/2004,NJ,Union,Bush,republican,420,1000
11/02/2004,NM,Union,Kerry,democrat,420,1000
11/02/2004,NM,Union,Bush,republican,580,1000
11/02/2004,VT,Caledonia,Kerry,democrat,580,1000
11/02/2004,VT,Caledonia,Bush,republican,420,1000
11/02/2004,WA,Pierce,Kerry,democrat,580,1000
11/02/2004,WA,Pierce,Bush,republican,420,1000
11/02/2004,WI,Rock,Kerry,democrat,503,1000
11/02/2004,WI,Rock,Bush,republican,497,1000
11/02/2004,MI,Allegan,Kerry,democrat,470,1000
11/02/2004,MI,Allegan,Bush,republican,530,1000
11/02/2004,KY,Hancock,Kerry,democrat,420,1000
11/02/2004,KY,Hancock,Bush,republican,580,1000
11/02/2004,ID,Gem,Kerry,democrat,420,1000
11/02/2004,ID,Gem,Bush,republican,580,1000
11/02/2004,NM,McKinley,Kerry,democrat,580,1000
11/02/2004,NM,McKinley,Bush,republican,420,1000
11/02/2004,MD,Baltimore,Kerry,democrat,580,1000
11/02/2004,MD,Baltimore,Bush,republican,420,1000
11/02/2004,LA,Jefferson,Kerry,democrat,503,1000
11/02/2004,LA,Jefferson,Bush,republican,497,1000
11/02/2004,NY,Putnam,Kerry,democrat,470,1000
11/02/2004,NY,Putnam,Bush,republican,530,1000
11/02/2004,TX,Llano,Kerry,democrat,420,1000
11/02/2004,TX,Llano,Bush,republican,580,1000
11/02/2004,VA,Newport_News,Kerry,democrat,580,1000
11/02/2004,VA,Newport_News,Bush,republican,420,1000
11/02/2004,NM,Lea,Kerry,democrat,420,1000
11/02/2004,NM,Lea,Bush,republican,580,1000
11/02/2004,NE,Saline,Kerry,democrat,490,1000
11/02/2004,NE,Saline,Bush,republican,510,1000
11/02/2004,WA,Cowlitz,Kerry,democrat,530,1000
11/02/2004,WA,Cowlitz,Bush,republican,470,1000
11/02/2004,WY,Lincoln,Kerry,democrat,420,1000
11/02/2004,WY,Lincoln,Bush,republican,580,1000
11/02/2004,AR,Hempstead,Kerry,democrat,420,1000
11/02/2004,AR,Hempstead,Bush,republican,580,1000
11/02/2004,GA,Clayton,Kerry,democrat,580,1000
11/02/2004,GA,Clayton,Bush,republican,420,1000
11/02/2004,IL,Greene,Kerry,democrat,420,1000
11/02/2004,IL,Greene,Bush,republican,580,1000
11/02/2004,IN,Morgan,Kerry,democrat,420,1000
11/02/2004,IN,Morgan,Bush,republican,580,1000
11/02/2004,AR,Franklin,Kerry,democrat,420,1000
11/02/2004,AR,Franklin,Bush,republican,580,1000
11/02/2004,ID,Canyon,Kerry,democrat,420,1000
11/02/2004,ID,Canyon,Bush,republican,580,1000
11/02/2004,IL,Williamson,Kerry,democrat,420,1000
11/02/2004,IL,Williamson,Bush,republican,580,1000
11/02/2004,IA,Wright,Kerry,democrat,470,1000
11/02/2004,IA,Wright,Bush,republican,530,1000
11/02/2004,IA,Henry,Kerry,democrat,530,1000
11/02/2004,IA,Henry,Bush,republican,470,1000
11/02/2004,CO,Saguache,Kerry,democrat,580,1000
11/02/2004,CO,Saguache,Bush,republican,420,1000
11/02/2004,KY,Henry,Kerry,democrat,420,1000
11/02/2004,KY,Henry,Bush,republican,580,1000
11/02/2004,OH,Brown,Kerry,democrat,420,1000
11/02/2004,OH,Brown,Bush,republican,580,1000
11/02/2004,GA,Ware,Kerry,democrat,420,1000
11/02/2004,GA,Ware,Bush,republican,580,1000
11/02/2004,SC,Florence,Kerry,democrat,510,1000
11/02/2004,SC,Florence,Bush,republican,490,1000
11/02/2004,NC,Brunswick,Kerry,democrat,530,1000
11/02/2004,NC,Brunswick,Bush,republican,470,1000
11/02/2004,SD,Meade,Kerry,democrat,420,1000
11/02/2004,SD,Meade,Bush,republican,580,1000
11/02/2004,NV,Lincoln,Kerry,democrat,420,1000
11/02/2004,NV,Lincoln,Bush,republican,580,1000
11/02/2004,NC,Durham,Kerry,democrat,580,1000
11/02/2004,NC,Durham,Bush,republican,420,1000
11/02/2004,OH,Tuscarawas,Kerry,democrat,470,1000
11/02/2004,OH,Tuscarawas,Bush,republican,530,1000
11/02/2004,OR,Benton,Kerry,democrat,580,1000
11/02/2004,OR,Benton,Bush,republican,420,1000
11/02/2004,PA,Somerset,Kerry,democrat,420,1000
11/02/2004,PA,Somerset,Bush,republican,580,1000
11/02/2004,KS,Pottawatomie,Kerry,democrat,420,1000
11/02/2004,KS,Pottawatomie,Bush,republican,580,1000
11/02/2004,KY,Knott,Kerry,democrat,420,1000
11/02/2004,KY,Knott,Bush,republican,580,1000
11/02/2004,GA,Wilkinson,Kerry,democrat,470,1000
11/02/2004,GA,Wilkinson,Bush,republican,530,1000
11/02/2004,NV,Pershing,Kerry,democrat,420,1000
11/02/2004,NV,Pershing,Bush,republican,580,1000
11/02/2004,NY,Oneida,Kerry,democrat,470,1000
11/02/2004,NY,Oneida,Bush,republican,530,1000
11/02/2004,OK,Comanche,Kerry,democrat,420,1000
11/02/2004,OK,Comanche,Bush,republican,580,1000
11/02/2004,MT,Sheridan,Kerry,democrat,420,1000
11/02/2004,MT,Sheridan,Bush,republican,580,1000
11/02/2004,ME,Franklin,Kerry,democrat,580,1000
11/02/2004,ME,Franklin,Bush,republican,420,1000
11/02/2004,NC,Cabarrus,Kerry,democrat,530,1000
11/02/2004,NC,Cabarrus,Bush,republican,470,1000
11/02/2004,ND,Stark,Kerry,democrat,420,1000
11/02/2004,ND,Stark,Bush,republican,580,1000
11/02/2004,OH,Warren,Kerry,democrat,470,1000
11/02/2004,OH,Warren,Bush,republican,530,1000
11/02/2004,OH,Portage,Kerry,democrat,530,1000
11/02/2004,OH,Portage,Bush,republican,470,1000
11/02/2004,PA,Indiana,Kerry,democrat,420,1000
11/02/2004,PA,Indiana,Bush,republican,580,1000
11/02/2004,FL,Baker,Kerry,democrat,420,1000
11/02/2004,FL,Baker,Bush,republican,580,1000
11/02/2004,GA,Cook,Kerry,democrat,420,1000
11/02/2004,GA,Cook,Bush,republican,580,1000
11/02/2004,MN,Crow_Wing,Kerry,democrat,420,1000
11/02/2004,MN,Crow_Wing,Bush,republican,580,1000
11/02/2004,MT,Rosebud,Kerry,democrat,510,1000
11/02/2004,MT,Rosebud,Bush,republican,490,1000
11/02/2004,MS,Carroll,Kerry,democrat,470,1000
11/02/2004,MS,Carroll,Bush,republican,530,1000
11/02/2004,ND,Benson,Kerry,democrat,420,1000
11/02/2004,ND,Benson,Bush,republican,580,1000
11/02/2004,IN,Delaware,Kerry,democrat,530,1000
11/02/2004,IN,Delaware,Bush,republican,470,1000
11/02/2004,MN,Itasca,Kerry,democrat,470,1000
11/02/2004,MN,Itasca,Bush,republican,530,1000
11/02/2004,TN,Knox,Kerry,democrat,470,1000
11/02/2004,TN,Knox,Bush,republican,530,1000
11/02/2004,TX,Potter,Kerry,democrat,420,1000
11/02/2004,TX,Potter,Bush,republican,580,1000
11/02/2004,VA,Richmond,Kerry,democrat,580,1000
11/02/2004,VA,Richmond,Bush,republican,420,1000
11/02/2004,VA,Charles_City,Kerry,democrat,580,1000
11/02/2004,VA,Charles_City,Bush,republican,420,1000
11/02/2004,ND,Pierce,Kerry,democrat,420,1000
11/02/2004,ND,Pierce,Bush,republican,580,1000
11/02/2004,ND,Golden_Valley,Kerry,democrat,420,1000
11/02/2004,ND,Golden_Valley,Bush,republican,580,1000
11/02/2004,TN,Crockett,Kerry,democrat,420,1000
11/02/2004,TN,Crockett,Bush,republican,580,1000
11/02/2004,MT,Valley,Kerry,democrat,420,1000
11/02/2004,MT,Valley,Bush,republican,580,1000
11/02/2004,VA,Augusta,Kerry,democrat,420,1000
11/02/2004,VA,Augusta,Bush,republican,580,1000
11/02/2004,NE,Kearney,Kerry,democrat,420,1000
11/02/2004,NE,Kearney,Bush,republican,580,1000
11/02/2004,WV,Wood,Kerry,democrat,420,1000
11/02/2004,WV,Wood,Bush,republican,580,1000
11/02/2004,SC,Newberry,Kerry,democrat,470,1000
11/02/2004,SC,Newberry,Bush,republican,530,1000
11/02/2004,LA,Caldwell,Kerry,democrat,420,1000
11/02/2004,LA,Caldwell,Bush,republican,580,1000
11/02/2004,TX,Brazos,Kerry,democrat,470,1000
11/02/2004,TX,Brazos,Bush,republican,530,1000
11/02/2004,WA,Yakima,Kerry,democrat,530,1000
11/02/2004,WA,Yakima,Bush,republican,470,1000
11/02/2004,WI,Jefferson,Kerry,democrat,470,1000
11/02/2004,WI,Jefferson,Bush,republican,530,1000
11/02/2004,TX,Oldham,Kerry,democrat,420,1000
11/02/2004,TX,Oldham,Bush,republican,580,1000
11/02/2004,KS,Wyandotte,Kerry,democrat,580,1000
11/02/2004,KS,Wyandotte,Bush,republican,420,1000
11/02/2004,LA,Terrebonne,Kerry,democrat,420,1000
11/02/2004,LA,Terrebonne,Bush,republican,580,1000
11/02/2004,OK,Sequoyah,Kerry,democrat,420,1000
11/02/2004,OK,Sequoyah,Bush,republican,580,1000
11/02/2004,OR,Klamath,Kerry,democrat,420,1000
11/02/2004,OR,Klamath,Bush,republican,580,1000
11/02/2004,TX,Kenedy,Kerry,democrat,420,1000
11/02/2004,TX,Kenedy,Bush,republican,580,1000
11/02/2004,CA,Alpine,Kerry,democrat,580,1000
11/02/2004,CA,Alpine,Bush,republican,420,1000
11/02/2004,GA,Walker,Kerry,democrat,420,1000
11/02/2004,GA,Walker,Bush,republican,580,1000
11/02/2004,ID,Clearwater,Kerry,democrat,470,1000
11/02/2004,ID,Clearwater,Bush,republican,530,1000
11/02/2004,WV,Hardy,Kerry,democrat,420,1000
11/02/2004,WV,Hardy,Bush,republican,580,1000
11/02/2004,FL,Bradford,Kerry,democrat,420,1000
11/02/2004,FL,Bradford,Bush,republican,580,1000
11/02/2004,WV,Wetzel,Kerry,democrat,420,1000
11/02/2004,WV,Wetzel,Bush,republican,580,1000
11/02/2004,OH,Fulton,Kerry,democrat,420,1000
11/02/2004,OH,Fulton,Bush,republican,580,1000
11/02/2004,TN,Bradley,Kerry,democrat,470,1000
11/02/2004,TN,Bradley,Bush,republican,530,1000
11/02/2004,TX,Newton,Kerry,democrat,420,1000
11/02/2004,TX,Newton,Bush,republican,580,1000
11/02/2004,TN,Bledsoe,Kerry,democrat,420,1000
11/02/2004,TN,Bledsoe,Bush,republican,580,1000
11/02/2004,WV,Tucker,Kerry,democrat,420,1000
11/02/2004,WV,Tucker,Bush,republican,580,1000
11/02/2004,AK,Yakutat,Kerry,democrat,420,1000
11/02/2004,AK,Yakutat,Bush,republican,580,1000
11/02/2004,MI,Gladwin,Kerry,democrat,470,1000
11/02/2004,MI,Gladwin,Bush,republican,530,1000
11/02/2004,NC,Person,Kerry,democrat,497,1000
11/02/2004,NC,Person,Bush,republican,503,1000
11/02/2004,NV,White_Pine,Kerry,democrat,420,1000
11/02/2004,NV,White_Pine,Bush,republican,580,1000
11/02/2004,IN,Adams,Kerry,democrat,420,1000
11/02/2004,IN,Adams,Bush,republican,580,1000
11/02/2004,TN,Cumberland,Kerry,democrat,420,1000
11/02/2004,TN,Cumberland,Bush,republican,580,1000
11/02/2004,NV,Nye,Kerry,democrat,470,1000
11/02/2004,NV,Nye,Bush,republican,530,1000
11/02/2004,KS,Leavenworth,Kerry,democrat,470,1000
11/02/2004,KS,Leavenworth,Bush,republican,530,1000
11/02/2004,IN,Warrick,Kerry,democrat,470,1000
11/02/2004,IN,Warrick,Bush,republican,530,1000
11/02/2004,MI,Iron,Kerry,democrat,420,1000
11/02/2004,MI,Iron,Bush,republican,580,1000
11/02/2004,MS,Lowndes,Kerry,democrat,420,1000
11/02/2004,MS,Lowndes,Bush,republican,580,1000
11/02/2004,MO,St_Louis_City,Kerry,democrat,580,1000
11/02/2004,MO,St_Louis_City,Bush,republican,420,1000
11/02/2004,MN,Meeker,Kerry,democrat,420,1000
11/02/2004,MN,Meeker,Bush,republican,580,1000
11/02/2004,TN,Monroe,Kerry,democrat,420,1000
11/02/2004,TN,Monroe,Bush,republican,580,1000
11/02/2004,MS,Holmes,Kerry,democrat,470,1000
11/02/2004,MS,Holmes,Bush,republican,530,1000
11/02/2004,MS,Oktibbeha,Kerry,democrat,420,1000
11/02/2004,MS,Oktibbeha,Bush,republican,580,1000
11/02/2004,VA,Giles,Kerry,democrat,420,1000
11/02/2004,VA,Giles,Bush,republican,580,1000
11/02/2004,FL,Hillsborough,Kerry,democrat,580,1000
11/02/2004,FL,Hillsborough,Bush,republican,420,1000
11/02/2004,GA,Haralson,Kerry,democrat,420,1000
11/02/2004,GA,Haralson,Bush,republican,580,1000
11/02/2004,KS,Cowley,Kerry,democrat,420,1000
11/02/2004,KS,Cowley,Bush,republican,580,1000
11/02/2004,KY,Henderson,Kerry,democrat,530,1000
11/02/2004,KY,Henderson,Bush,republican,470,1000
11/02/2004,TX,Grayson,Kerry,democrat,420,1000
11/02/2004,TX,Grayson,Bush,republican,580,1000
11/02/2004,AL,Cleburne,Kerry,democrat,420,1000
11/02/2004,AL,Cleburne,Bush,republican,580,1000
11/02/2004,NJ,Ocean,Kerry,democrat,470,1000
11/02/2004,NJ,Ocean,Bush,republican,530,1000
11/02/2004,AL,Autauga,Kerry,democrat,420,1000
11/02/2004,AL,Autauga,Bush,republican,580,1000
11/02/2004,GA,Bibb,Kerry,democrat,580,1000
11/02/2004,GA,Bibb,Bush,republican,420,1000
11/02/2004,NJ,Monmouth,Kerry,democrat,530,1000
11/02/2004,NJ,Monmouth,Bush,republican,470,1000
11/02/2004,NM,Rio_Arriba,Kerry,democrat,580,1000
11/02/2004,NM,Rio_Arriba,Bush,republican,420,1000
11/02/2004,NY,Wayne,Kerry,democrat,470,1000
11/02/2004,NY,Wayne,Bush,republican,530,1000
11/02/2004,OR,Lincoln,Kerry,democrat,580,1000
11/02/2004,OR,Lincoln,Bush,republican,420,1000
11/02/2004,VA,Bath,Kerry,democrat,420,1000
11/02/2004,VA,Bath,Bush,republican,580,1000
11/02/2004,WV,Fayette,Kerry,democrat,420,1000
11/02/2004,WV,Fayette,Bush,republican,580,1000
11/02/2004,WV,Kanawha,Kerry,democrat,530,1000
11/02/2004,WV,Kanawha,Bush,republican,470,1000
11/02/2004,KY,Carroll,Kerry,democrat,420,1000
11/02/2004,KY,Carroll,Bush,republican,580,1000
11/02/2004,MD,Montgomery,Kerry,democrat,580,1000
11/02/2004,MD,Montgomery,Bush,republican,420,1000
11/02/2004,MA,Franklin,Kerry,democrat,580,1000
11/02/2004,MA,Franklin,Bush,republican,420,1000
11/02/2004,MS,DeSoto,Kerry,democrat,420,1000
11/02/2004,MS,DeSoto,Bush,republican,580,1000
11/02/2004,TX,McCulloch,Kerry,democrat,420,1000
11/02/2004,TX,McCulloch,Bush,republican,580,1000
11/02/2004,NV,Esmeralda,Kerry,democrat,420,1000
11/02/2004,NV,Esmeralda,Bush,republican,580,1000
11/02/2004,IN,Carroll,Kerry,democrat,420,1000
11/02/2004,IN,Carroll,Bush,republican,580,1000
11/02/2004,MI,Ogemaw,Kerry,democrat,470,1000
11/02/2004,MI,Ogemaw,Bush,republican,530,1000
11/02/2004,MI,St_Clair,Kerry,democrat,470,1000
11/02/2004,MI,St_Clair,Bush,republican,530,1000
11/02/2004,RI,Providence,Kerry,democrat,580,1000
11/02/2004,RI,Providence,Bush,republican,420,1000
11/02/2004,TN,Montgomery,Kerry,democrat,530,1000
11/02/2004,TN,Montgomery,Bush,republican,470,1000
11/02/2004,TX,Parmer,Kerry,democrat,420,1000
11/02/2004,TX,Parmer,Bush,republican,580,1000
11/02/2004,VA,Accomack,Kerry,democrat,490,1000
11/02/2004,VA,Accomack,Bush,republican,510,1000
11/02/2004,MS,Yalobusha,Kerry,democrat,470,1000
11/02/2004,MS,Yalobusha,Bush,republican,530,1000
11/02/2004,OH,Lucas,Kerry,democrat,580,1000
11/02/2004,OH,Lucas,Bush,republican,420,1000
11/02/2004,AR,Crittenden,Kerry,democrat,530,1000
11/02/2004,AR,Crittenden,Bush,republican,470,1000
11/02/2004,MN,Hennepin,Kerry,democrat,580,1000
11/02/2004,MN,Hennepin,Bush,republican,420,1000
11/02/2004,NE,Richardson,Kerry,democrat,420,1000
11/02/2004,NE,Richardson,Bush,republican,580,1000
11/02/2004,OR,Lake,Kerry,democrat,420,1000
11/02/2004,OR,Lake,Bush,republican,580,1000
11/02/2004,MO,Howell,Kerry,democrat,420,1000
11/02/2004,MO,Howell,Bush,republican,580,1000
11/02/2004,ND,Bottineau,Kerry,democrat,420,1000
11/02/2004,ND,Bottineau,Bush,republican,580,1000
11/02/2004,NC,Warren,Kerry,democrat,580,1000
11/02/2004,NC,Warren,Bush,republican,420,1000
11/02/2004,MI,Monroe,Kerry,democrat,490,1000
11/02/2004,MI,Monroe,Bush,republican,510,1000
11/02/2004,MT,Blaine,Kerry,democrat,420,1000
11/02/2004,MT,Blaine,Bush,republican,580,1000
11/02/2004,WV,Wayne,Kerry,democrat,420,1000
11/02/2004,WV,Wayne,Bush,republican,580,1000
11/02/2004,WI,St_Croix,Kerry,democrat,470,1000
11/02/2004,WI,St_Croix,Bush,republican,530,1000
11/02/2004,CO,Chaffee,Kerry,democrat,530,1000
11/02/2004,CO,Chaffee,Bush,republican,470,1000
11/02/2004,WA,Chelan,Kerry,democrat,510,1000
11/02/2004,WA,Chelan,Bush,republican,490,1000
11/02/2004,FL,Flagler,Kerry,democrat,510,1000
11/02/2004,FL,Flagler,Bush,republican,490,1000
11/02/2004,FL,Gadsden,Kerry,democrat,420,1000
11/02/2004,FL,Gadsden,Bush,republican,580,1000
11/02/2004,FL,Leon,Kerry,democrat,420,1000
11/02/2004,FL,Leon,Bush,republican,580,1000
11/02/2004,FL,Putnam,Kerry,democrat,420,1000
11/02/2004,FL,Putnam,Bush,republican,580,1000
11/02/2004,VT,Rutland,Kerry,democrat,580,1000
11/02/2004,VT,Rutland,Bush,republican,420,1000
11/02/2004,AL,Montgomery,Kerry,democrat,420,1000
11/02/2004,AL,Montgomery,Bush,republican,580,1000
11/02/2004,AR,Perry,Kerry,democrat,420,1000
11/02/2004,AR,Perry,Bush,republican,580,1000
11/02/2004,MI,Tuscola,Kerry,democrat,420,1000
11/02/2004,MI,Tuscola,Bush,republican,580,1000
11/02/2004,ND,Grant,Kerry,democrat,420,1000
11/02/2004,ND,Grant,Bush,republican,580,1000
11/02/2004,WI,Chippewa,Kerry,democrat,470,1000
11/02/2004,WI,Chippewa,Bush,republican,530,1000
11/02/2004,IN,Blackford,Kerry,democrat,470,1000
11/02/2004,IN,Blackford,Bush,republican,530,1000
11/02/2004,IN,Wells,Kerry,democrat,420,1000
11/02/2004,IN,Wells,Bush,republican,580,1000
11/02/2004,KS,Douglas,Kerry,democrat,580,1000
11/02/2004,KS,Douglas,Bush,republican,420,1000
11/02/2004,KS,Jackson,Kerry,democrat,420,1000
11/02/2004,KS,Jackson,Bush,republican,580,1000
11/02/2004,GA,Barrow,Kerry,democrat,420,1000
11/02/2004,GA,Barrow,Bush,republican,580,1000
11/02/2004,GA,Telfair,Kerry,democrat,420,1000
11/02/2004,GA,Telfair,Bush,republican,580,1000
11/02/2004,IL,Montgomery,Kerry,democrat,420,1000
11/02/2004,IL,Montgomery,Bush,republican,580,1000
11/02/2004,IN,Lawrence,Kerry,democrat,420,1000
11/02/2004,IN,Lawrence,Bush,republican,580,1000
11/02/2004,IA,Montgomery,Kerry,democrat,420,1000
11/02/2004,IA,Montgomery,Bush,republican,580,1000
11/02/2004,KY,Scott,Kerry,democrat,420,1000
11/02/2004,KY,Scott,Bush,republican,580,1000
11/02/2004,KY,Muhlenberg,Kerry,democrat,470,1000
11/02/2004,KY,Muhlenberg,Bush,republican,530,1000
11/02/2004,LA,Assumption,Kerry,democrat,470,1000
11/02/2004,LA,Assumption,Bush,republican,530,1000
11/02/2004,FL,Santa_Rosa,Kerry,democrat,420,1000
11/02/2004,FL,Santa_Rosa,Bush,republican,580,1000
11/02/2004,FL,Orange,Kerry,democrat,580,1000
11/02/2004,FL,Orange,Bush,republican,420,1000
11/02/2004,FL,Seminole,Kerry,democrat,530,1000
11/02/2004,FL,Seminole,Bush,republican,470,1000
11/02/2004,FL,Walton,Kerry,democrat,420,1000
11/02/2004,FL,Walton,Bush,republican,580,1000
11/02/2004,GA,Decatur,Kerry,democrat,470,1000
11/02/2004,GA,Decatur,Bush,republican,530,1000
11/02/2004,GA,Dougherty,Kerry,democrat,580,1000
11/02/2004,GA,Dougherty,Bush,republican,420,1000
11/02/2004,CA,Fresno,Kerry,democrat,530,1000
11/02/2004,CA,Fresno,Bush,republican,470,1000
11/02/2004,GA,Washington,Kerry,democrat,530,1000
11/02/2004,GA,Washington,Bush,republican,470,1000
11/02/2004,IN,Hancock,Kerry,democrat,420,1000
11/02/2004,IN,Hancock,Bush,republican,580,1000
11/02/2004,KS,Jefferson,Kerry,democrat,470,1000
11/02/2004,KS,Jefferson,Bush,republican,530,1000
11/02/2004,NV,Elko,Kerry,democrat,420,1000
11/02/2004,NV,Elko,Bush,republican,580,1000
11/02/2004,LA,Tangipahoa,Kerry,democrat,420,1000
11/02/2004,LA,Tangipahoa,Bush,republican,580,1000
11/02/2004,LA,West_Baton_Rouge,Kerry,democrat,530,1000
11/02/2004,LA,West_Baton_Rouge,Bush,republican,470,1000
11/02/2004,AL,Greene,Kerry,democrat,420,1000
11/02/2004,AL,Greene,Bush,republican,580,1000
11/02/2004,NY,Madison,Kerry,democrat,503,1000
11/02/2004,NY,Madison,Bush,republican,497,1000
11/02/2004,NC,Sampson,Kerry,democrat,420,1000
11/02/2004,NC,Sampson,Bush,republican,580,1000
11/02/2004,OK,Rogers,Kerry,democrat,420,1000
11/02/2004,OK,Rogers,Bush,republican,580,1000
11/02/2004,OK,Hughes,Kerry,democrat,420,1000
11/02/2004,OK,Hughes,Bush,republican,580,1000
11/02/2004,TN,Humphreys,Kerry,democrat,420,1000
11/02/2004,TN,Humphreys,Bush,republican,580,1000
11/02/2004,TX,Rusk,Kerry,democrat,420,1000
11/02/2004,TX,Rusk,Bush,republican,580,1000
11/02/2004,TX,Shelby,Kerry,democrat,420,1000
11/02/2004,TX,Shelby,Bush,republican,580,1000
11/02/2004,GA,Mitchell,Kerry,democrat,470,1000
11/02/2004,GA,Mitchell,Bush,republican,530,1000
11/02/2004,GA,Thomas,Kerry,democrat,420,1000
11/02/2004,GA,Thomas,Bush,republican,580,1000
11/02/2004,MS,Wilkinson,Kerry,democrat,530,1000
11/02/2004,MS,Wilkinson,Bush,republican,470,1000
11/02/2004,MS,Bolivar,Kerry,democrat,580,1000
11/02/2004,MS,Bolivar,Bush,republican,420,1000
11/02/2004,MS,Clay,Kerry,democrat,420,1000
11/02/2004,MS,Clay,Bush,republican,580,1000
11/02/2004,MS,Lincoln,Kerry,democrat,420,1000
11/02/2004,MS,Lincoln,Bush,republican,580,1000
11/02/2004,CO,Grand,Kerry,democrat,497,1000
11/02/2004,CO,Grand,Bush,republican,503,1000
11/02/2004,KY,Nelson,Kerry,democrat,420,1000
11/02/2004,KY,Nelson,Bush,republican,580,1000
11/02/2004,MI,Shiawassee,Kerry,democrat,470,1000
11/02/2004,MI,Shiawassee,Bush,republican,530,1000
11/02/2004,MI,Crawford,Kerry,democrat,420,1000
11/02/2004,MI,Crawford,Bush,republican,580,1000
11/02/2004,MO,Lincoln,Kerry,democrat,420,1000
11/02/2004,MO,Lincoln,Bush,republican,580,1000
11/02/2004,VA,Arlington,Kerry,democrat,580,1000
11/02/2004,VA,Arlington,Bush,republican,420,1000
11/02/2004,IN,Hamilton,Kerry,democrat,530,1000
11/02/2004,IN,Hamilton,Bush,republican,470,1000
11/02/2004,MO,Boone,Kerry,democrat,580,1000
11/02/2004,MO,Boone,Bush,republican,420,1000
11/02/2004,IN,Putnam,Kerry,democrat,420,1000
11/02/2004,IN,Putnam,Bush,republican,580,1000
11/02/2004,IA,Des_Moines,Kerry,democrat,580,1000
11/02/2004,IA,Des_Moines,Bush,republican,420,1000
11/02/2004,VA,Roanoke,Kerry,democrat,420,1000
11/02/2004,VA,Roanoke,Bush,republican,580,1000
11/02/2004,IA,Louisa,Kerry,democrat,510,1000
11/02/2004,IA,Louisa,Bush,republican,490,1000
11/02/2004,WI,Marquette,Kerry,democrat,470,1000
11/02/2004,WI,Marquette,Bush,republican,530,1000
11/02/2004,WA,Franklin,Kerry,democrat,510,1000
11/02/2004,WA,Franklin,Bush,republican,490,1000
11/02/2004,WY,Carbon,Kerry,democrat,420,1000
11/02/2004,WY,Carbon,Bush,republican,580,1000
11/02/2004,OH,Monroe,Kerry,democrat,470,1000
11/02/2004,OH,Monroe,Bush,republican,530,1000
11/02/2004,TX,Fayette,Kerry,democrat,420,1000
11/02/2004,TX,Fayette,Bush,republican,580,1000
11/02/2004,TN,Cannon,Kerry,democrat,420,1000
11/02/2004,TN,Cannon,Bush,republican,580,1000
11/02/2004,WV,Monroe,Kerry,democrat,420,1000
11/02/2004,WV,Monroe,Bush,republican,580,1000
11/02/2004,MS,Harrison,Kerry,democrat,530,1000
11/02/2004,MS,Harrison,Bush,republican,470,1000
11/02/2004,WV,Nicholas,Kerry,democrat,420,1000
11/02/2004,WV,Nicholas,Bush,republican,580,1000
11/02/2004,WA,Kitsap,Kerry,democrat,580,1000
11/02/2004,WA,Kitsap,Bush,republican,420,1000
11/02/2004,WI,Green,Kerry,democrat,470,1000
11/02/2004,WI,Green,Bush,republican,530,1000
11/02/2004,AZ,Graham,Kerry,democrat,420,1000
11/02/2004,AZ,Graham,Bush,republican,580,1000
11/02/2004,AR,Pope,Kerry,democrat,420,1000
11/02/2004,AR,Pope,Bush,republican,580,1000
11/02/2004,OR,Clackamas,Kerry,democrat,580,1000
11/02/2004,OR,Clackamas,Bush,republican,420,1000
11/02/2004,KS,Graham,Kerry,democrat,420,1000
11/02/2004,KS,Graham,Bush,republican,580,1000
11/02/2004,KS,Jewell,Kerry,democrat,420,1000
11/02/2004,KS,Jewell,Bush,republican,580,1000
11/02/2004,MN,Lake_of_the_Woods,Kerry,democrat,420,1000
11/02/2004,MN,Lake_of_the_Woods,Bush,republican,580,1000
11/02/2004,NE,Burt,Kerry,democrat,420,1000
11/02/2004,NE,Burt,Bush,republican,580,1000
11/02/2004,AR,Sebastian,Kerry,democrat,420,1000
11/02/2004,AR,Sebastian,Bush,republican,580,1000
11/02/2004,CO,Dolores,Kerry,democrat,470,1000
11/02/2004,CO,Dolores,Bush,republican,530,1000
11/02/2004,GA,Columbia,Kerry,democrat,470,1000
11/02/2004,GA,Columbia,Bush,republican,530,1000
11/02/2004,ID,Cassia,Kerry,democrat,420,1000
11/02/2004,ID,Cassia,Bush,republican,580,1000
11/02/2004,IN,Clark,Kerry,democrat,490,1000
11/02/2004,IN,Clark,Bush,republican,510,1000
11/02/2004,WV,Pocahontas,Kerry,democrat,420,1000
11/02/2004,WV,Pocahontas,Bush,republican,580,1000
11/02/2004,IN,Randolph,Kerry,democrat,420,1000
11/02/2004,IN,Randolph,Bush,republican,580,1000
11/02/2004,WV,Raleigh,Kerry,democrat,420,1000
11/02/2004,WV,Raleigh,Bush,republican,580,1000
11/02/2004,WV,Wyoming,Kerry,democrat,420,1000
11/02/2004,WV,Wyoming,Bush,republican,580,1000
11/02/2004,CA,Mariposa,Kerry,democrat,470,1000
11/02/2004,CA,Mariposa,Bush,republican,530,1000
11/02/2004,CO,Weld,Kerry,democrat,470,1000
11/02/2004,CO,Weld,Bush,republican,530,1000
11/02/2004,IA,Humboldt,Kerry,democrat,470,1000
11/02/2004,IA,Humboldt,Bush,republican,530,1000
11/02/2004,KS,Shawnee,Kerry,democrat,530,1000
11/02/2004,KS,Shawnee,Bush,republican,470,1000
11/02/2004,KY,Washington,Kerry,democrat,420,1000
11/02/2004,KY,Washington,Bush,republican,580,1000
11/02/2004,MI,Oscoda,Kerry,democrat,420,1000
11/02/2004,MI,Oscoda,Bush,republican,580,1000
11/02/2004,NE,Hamilton,Kerry,democrat,420,1000
11/02/2004,NE,Hamilton,Bush,republican,580,1000
11/02/2004,WI,Clark,Kerry,democrat,470,1000
11/02/2004,WI,Clark,Bush,republican,530,1000
11/02/2004,MT,Carter,Kerry,democrat,420,1000
11/02/2004,MT,Carter,Bush,republican,580,1000
11/02/2004,KS,Ottawa,Kerry,democrat,420,1000
11/02/2004,KS,Ottawa,Bush,republican,580,1000
11/02/2004,KS,Republic,Kerry,democrat,420,1000
11/02/2004,KS,Republic,Bush,republican,580,1000
11/02/2004,NE,Dixon,Kerry,democrat,420,1000
11/02/2004,NE,Dixon,Bush,republican,580,1000
11/02/2004,MN,Redwood,Kerry,democrat,420,1000
11/02/2004,MN,Redwood,Bush,republican,580,1000
11/02/2004,WI,Douglas,Kerry,democrat,580,1000
11/02/2004,WI,Douglas,Bush,republican,420,1000
11/02/2004,KS,Marshall,Kerry,democrat,420,1000
11/02/2004,KS,Marshall,Bush,republican,580,1000
11/02/2004,LA,East_Carroll,Kerry,democrat,580,1000
11/02/2004,LA,East_Carroll,Bush,republican,420,1000
11/02/2004,MD,Somerset,Kerry,democrat,530,1000
11/02/2004,MD,Somerset,Bush,republican,470,1000
11/02/2004,NM,Santa_Fe,Kerry,democrat,580,1000
11/02/2004,NM,Santa_Fe,Bush,republican,420,1000
11/02/2004,AR,Craighead,Kerry,democrat,420,1000
11/02/2004,AR,Craighead,Bush,republican,580,1000
11/02/2004,FL,Pasco,Kerry,democrat,530,1000
11/02/2004,FL,Pasco,Bush,republican,470,1000
11/02/2004,GA,Echols,Kerry,democrat,420,1000
11/02/2004,GA,Echols,Bush,republican,580,1000
11/02/2004,IN,Dearborn,Kerry,democrat,420,1000
11/02/2004,IN,Dearborn,Bush,republican,580,1000
11/02/2004,IA,Allamakee,Kerry,democrat,530,1000
11/02/2004,IA,Allamakee,Bush,republican,470,1000
11/02/2004,NC,Washington,Kerry,democrat,580,1000
11/02/2004,NC,Washington,Bush,republican,420,1000
11/02/2004,OH,Stark,Kerry,democrat,497,1000
11/02/2004,OH,Stark,Bush,republican,503,1000
11/02/2004,OK,Ottawa,Kerry,democrat,420,1000
11/02/2004,OK,Ottawa,Bush,republican,580,1000
11/02/2004,PA,Clearfield,Kerry,democrat,420,1000
11/02/2004,PA,Clearfield,Bush,republican,580,1000
11/02/2004,TN,Gibson,Kerry,democrat,420,1000
11/02/2004,TN,Gibson,Bush,republican,580,1000
11/02/2004,TN,Robertson,Kerry,democrat,420,1000
11/02/2004,TN,Robertson,Bush,republican,580,1000
11/02/2004,KY,Caldwell,Kerry,democrat,420,1000
11/02/2004,KY,Caldwell,Bush,republican,580,1000
11/02/2004,AR,Fulton,Kerry,democrat,420,1000
11/02/2004,AR,Fulton,Bush,republican,580,1000
11/02/2004,LA,Catahoula,Kerry,democrat,420,1000
11/02/2004,LA,Catahoula,Bush,republican,580,1000
11/02/2004,LA,Franklin,Kerry,democrat,420,1000
11/02/2004,LA,Franklin,Bush,republican,580,1000
11/02/2004,GA,Macon,Kerry,democrat,580,1000
11/02/2004,GA,Macon,Bush,republican,420,1000
11/02/2004,MN,Winona,Kerry,democrat,530,1000
11/02/2004,MN,Winona,Bush,republican,470,1000
11/02/2004,NC,Martin,Kerry,democrat,580,1000
11/02/2004,NC,Martin,Bush,republican,420,1000
11/02/2004,OH,Adams,Kerry,democrat,420,1000
11/02/2004,OH,Adams,Bush,republican,580,1000
11/02/2004,NJ,Cape_May,Kerry,democrat,470,1000
11/02/2004,NJ,Cape_May,Bush,republican,530,1000
11/02/2004,NE,Saunders,Kerry,democrat,470,1000
11/02/2004,NE,Saunders,Bush,republican,530,1000
11/02/2004,GA,McDuffie,Kerry,democrat,470,1000
11/02/2004,GA,McDuffie,Bush,republican,530,1000
11/02/2004,GA,Laurens,Kerry,democrat,420,1000
11/02/2004,GA,Laurens,Bush,republican,580,1000
11/02/2004,OR,Umatilla,Kerry,democrat,420,1000
11/02/2004,OR,Umatilla,Bush,republican,580,1000
11/02/2004,GA,Dawson,Kerry,democrat,420,1000
11/02/2004,GA,Dawson,Bush,republican,580,1000
11/02/2004,GA,Jefferson,Kerry,democrat,530,1000
11/02/2004,GA,Jefferson,Bush,republican,470,1000
11/02/2004,AK,Juneau,Kerry,democrat,580,1000
11/02/2004,AK,Juneau,Bush,republican,420,1000
11/02/2004,OK,Kay,Kerry,democrat,420,1000
11/02/2004,OK,Kay,Bush,republican,580,1000
11/02/2004,NY,Warren,Kerry,democrat,530,1000
11/02/2004,NY,Warren,Bush,republican,470,1000
11/02/2004,NY,Saratoga,Kerry,democrat,530,1000
11/02/2004,NY,Saratoga,Bush,republican,470,1000
11/02/2004,LA,St_John_the_Baptist,Kerry,democrat,580,1000
11/02/2004,LA,St_John_the_Baptist,Bush,republican,420,1000
11/02/2004,TX,Hopkins,Kerry,democrat,420,1000
11/02/2004,TX,Hopkins,Bush,republican,580,1000
11/02/2004,NV,Churchill,Kerry,democrat,420,1000
11/02/2004,NV,Churchill,Bush,republican,580,1000
11/02/2004,TX,Williamson,Kerry,democrat,530,1000
11/02/2004,TX,Williamson,Bush,republican,470,1000
11/02/2004,WY,Weston,Kerry,democrat,420,1000
11/02/2004,WY,Weston,Bush,republican,580,1000
11/02/2004,CA,Humboldt,Kerry,democrat,580,1000
11/02/2004,CA,Humboldt,Bush,republican,420,1000
11/02/2004,NJ,Somerset,Kerry,democrat,580,1000
11/02/2004,NJ,Somerset,Bush,republican,420,1000
11/02/2004,TX,Hamilton,Kerry,democrat,420,1000
11/02/2004,TX,Hamilton,Bush,republican,580,1000
11/02/2004,TX,Hardeman,Kerry,democrat,420,1000
11/02/2004,TX,Hardeman,Bush,republican,580,1000
11/02/2004,AK,Aleutians_West,Kerry,democrat,490,1000
11/02/2004,AK,Aleutians_West,Bush,republican,510,1000
11/02/2004,IL,Tazewell,Kerry,democrat,490,1000
11/02/2004,IL,Tazewell,Bush,republican,510,1000
11/02/2004,CO,Yuma,Kerry,democrat,420,1000
11/02/2004,CO,Yuma,Bush,republican,580,1000
11/02/2004,IA,Sac,Kerry,democrat,420,1000
11/02/2004,IA,Sac,Bush,republican,580,1000
11/02/2004,IA,Sioux,Kerry,democrat,420,1000
11/02/2004,IA,Sioux,Bush,republican,580,1000
11/02/2004,TX,Coleman,Kerry,democrat,420,1000
11/02/2004,TX,Coleman,Bush,republican,580,1000
11/02/2004,GA,Bartow,Kerry,democrat,420,1000
11/02/2004,GA,Bartow,Bush,republican,580,1000
11/02/2004,OK,Osage,Kerry,democrat,420,1000
11/02/2004,OK,Osage,Bush,republican,580,1000
11/02/2004,NY,Albany,Kerry,democrat,580,1000
11/02/2004,NY,Albany,Bush,republican,420,1000
11/02/2004,MS,Jefferson,Kerry,democrat,580,1000
11/02/2004,MS,Jefferson,Bush,republican,420,1000
11/02/2004,TN,Lincoln,Kerry,democrat,420,1000
11/02/2004,TN,Lincoln,Bush,republican,580,1000
11/02/2004,VA,Madison,Kerry,democrat,420,1000
11/02/2004,VA,Madison,Bush,republican,580,1000
11/02/2004,OK,Atoka,Kerry,democrat,420,1000
11/02/2004,OK,Atoka,Bush,republican,580,1000
11/02/2004,IA,Dallas,Kerry,democrat,530,1000
11/02/2004,IA,Dallas,Bush,republican,470,1000
11/02/2004,AK,Fairbanks_North_Star,Kerry,democrat,510,1000
11/02/2004,AK,Fairbanks_North_Star,Bush,republican,490,1000
11/02/2004,ND,Pembina,Kerry,democrat,420,1000
11/02/2004,ND,Pembina,Bush,republican,580,1000
11/02/2004,AR,Izard,Kerry,democrat,420,1000
11/02/2004,AR,Izard,Bush,republican,580,1000
11/02/2004,VA,Alexandria,Kerry,democrat,580,1000
11/02/2004,VA,Alexandria,Bush,republican,420,1000
11/02/2004,VA,Buena_Vista,Kerry,democrat,420,1000
11/02/2004,VA,Buena_Vista,Bush,republican,580,1000
11/02/2004,IA,Polk,Kerry,democrat,580,1000
11/02/2004,IA,Polk,Bush,republican,420,1000
11/02/2004,FL,Polk,Kerry,democrat,530,1000
11/02/2004,FL,Polk,Bush,republican,470,1000
11/02/2004,GA,Early,Kerry,democrat,470,1000
11/02/2004,GA,Early,Bush,republican,530,1000
11/02/2004,TX,Terrell,Kerry,democrat,420,1000
11/02/2004,TX,Terrell,Bush,republican,580,1000
11/02/2004,IL,Wayne,Kerry,democrat,420,1000
11/02/2004,IL,Wayne,Bush,republican,580,1000
11/02/2004,FL,Sumter,Kerry,democrat,470,1000
11/02/2004,FL,Sumter,Bush,republican,530,1000
11/02/2004,TX,Burleson,Kerry,democrat,420,1000
11/02/2004,TX,Burleson,Bush,republican,580,1000
11/02/2004,VA,Fauquier,Kerry,democrat,470,1000
11/02/2004,VA,Fauquier,Bush,republican,530,1000
11/02/2004,NY,Washington,Kerry,democrat,510,1000
11/02/2004,NY,Washington,Bush,republican,490,1000
11/02/2004,TX,Waller,Kerry,democrat,470,1000
11/02/2004,TX,Waller,Bush,republican,530,1000
11/02/2004,MI,Cass,Kerry,democrat,470,1000
11/02/2004,MI,Cass,Bush,republican,530,1000
11/02/2004,ID,Caribou,Kerry,democrat,420,1000
11/02/2004,ID,Caribou,Bush,republican,580,1000
11/02/2004,FL,Sarasota,Kerry,democrat,530,1000
11/02/2004,FL,Sarasota,Bush,republican,470,1000
11/02/2004,GA,Emanuel,Kerry,democrat,420,1000
11/02/2004,GA,Emanuel,Bush,republican,580,1000
11/02/2004,GA,Talbot,Kerry,democrat,580,1000
11/02/2004,GA,Talbot,Bush,republican,420,1000
11/02/2004,PA,York,Kerry,democrat,470,1000
11/02/2004,PA,York,Bush,republican,530,1000
11/02/2004,NE,Dodge,Kerry,democrat,420,1000
11/02/2004,NE,Dodge,Bush,republican,580,1000
11/02/2004,NC,Granville,Kerry,democrat,490,1000
11/02/2004,NC,Granville,Bush,republican,510,1000
11/02/2004,PA,Allegheny,Kerry,democrat,580,1000
11/02/2004,PA,Allegheny,Bush,republican,420,1000
11/02/2004,CA,Trinity,Kerry,democrat,530,1000
11/02/2004,CA,Trinity,Bush,republican,470,1000
11/02/2004,IL,Hardin,Kerry,democrat,420,1000
11/02/2004,IL,Hardin,Bush,republican,580,1000
11/02/2004,GA,Lumpkin,Kerry,democrat,420,1000
11/02/2004,GA,Lumpkin,Bush,republican,580,1000
11/02/2004,OK,Johnston,Kerry,democrat,420,1000
11/02/2004,OK,Johnston,Bush,republican,580,1000
11/02/2004,TX,Montgomery,Kerry,democrat,470,1000
11/02/2004,TX,Montgomery,Bush,republican,530,1000
11/02/2004,OK,McIntosh,Kerry,democrat,470,1000
11/02/2004,OK,McIntosh,Bush,republican,530,1000
11/02/2004,OK,Marshall,Kerry,democrat,420,1000
11/02/2004,OK,Marshall,Bush,republican,580,1000
11/02/2004,TX,Robertson,Kerry,democrat,420,1000
11/02/2004,TX,Robertson,Bush,republican,580,1000
11/02/2004,WI,Sauk,Kerry,democrat,580,1000
11/02/2004,WI,Sauk,Bush,republican,420,1000
11/02/2004,AR,Prairie,Kerry,democrat,420,1000
11/02/2004,AR,Prairie,Bush,republican,580,1000
11/02/2004,WI,Milwaukee,Kerry,democrat,580,1000
11/02/2004,WI,Milwaukee,Bush,republican,420,1000
11/02/2004,WI,Jackson,Kerry,democrat,490,1000
11/02/2004,WI,Jackson,Bush,republican,510,1000
11/02/2004,WI,Oconto,Kerry,democrat,420,1000
11/02/2004,WI,Oconto,Bush,republican,580,1000
11/02/2004,AK,Denali,Kerry,democrat,470,1000
11/02/2004,AK,Denali,Bush,republican,530,1000
11/02/2004,WI,Vilas,Kerry,democrat,420,1000
11/02/2004,WI,Vilas,Bush,republican,580,1000
11/02/2004,CA,Inyo,Kerry,democrat,530,1000
11/02/2004,CA,Inyo,Bush,republican,470,1000
11/02/2004,NC,Iredell,Kerry,democrat,420,1000
11/02/2004,NC,Iredell,Bush,republican,580,1000
11/02/2004,AR,Pulaski,Kerry,democrat,580,1000
11/02/2004,AR,Pulaski,Bush,republican,420,1000
11/02/2004,MO,Vernon,Kerry,democrat,420,1000
11/02/2004,MO,Vernon,Bush,republican,580,1000
11/02/2004,IL,Carroll,Kerry,democrat,470,1000
11/02/2004,IL,Carroll,Bush,republican,530,1000
11/02/2004,GA,Hart,Kerry,democrat,420,1000
11/02/2004,GA,Hart,Bush,republican,580,1000
11/02/2004,IL,Adams,Kerry,democrat,420,1000
11/02/2004,IL,Adams,Bush,republican,580,1000
11/02/2004,TX,Tyler,Kerry,democrat,420,1000
11/02/2004,TX,Tyler,Bush,republican,580,1000
11/02/2004,GA,Lamar,Kerry,democrat,420,1000
11/02/2004,GA,Lamar,Bush,republican,580,1000
11/02/2004,TX,Polk,Kerry,democrat,420,1000
11/02/2004,TX,Polk,Bush,republican,580,1000
11/02/2004,CA,Sacramento,Kerry,democrat,580,1000
11/02/2004,CA,Sacramento,Bush,republican,420,1000
11/02/2004,OK,Pushmataha,Kerry,democrat,420,1000
11/02/2004,OK,Pushmataha,Bush,republican,580,1000
11/02/2004,VA,Greene,Kerry,democrat,420,1000
11/02/2004,VA,Greene,Bush,republican,580,1000
11/02/2004,OH,Belmont,Kerry,democrat,470,1000
11/02/2004,OH,Belmont,Bush,republican,530,1000
11/02/2004,WI,Washburn,Kerry,democrat,470,1000
11/02/2004,WI,Washburn,Bush,republican,530,1000
11/02/2004,AR,Ouachita,Kerry,democrat,470,1000
11/02/2004,AR,Ouachita,Bush,republican,530,1000
11/02/2004,SC,Colleton,Kerry,democrat,530,1000
11/02/2004,SC,Colleton,Bush,republican,470,1000
11/02/2004,PA,Butler,Kerry,democrat,420,1000
11/02/2004,PA,Butler,Bush,republican,580,1000
11/02/2004,AR,Sevier,Kerry,democrat,420,1000
11/02/2004,AR,Sevier,Bush,republican,580,1000
11/02/2004,OH,Lorain,Kerry,democrat,580,1000
11/02/2004,OH,Lorain,Bush,republican,420,1000
11/02/2004,LA,St_Mary,Kerry,democrat,420,1000
11/02/2004,LA,St_Mary,Bush,republican,580,1000
11/02/2004,MO,Pike,Kerry,democrat,420,1000
11/02/2004,MO,Pike,Bush,republican,580,1000
11/02/2004,OK,Craig,Kerry,democrat,420,1000
11/02/2004,OK,Craig,Bush,republican,580,1000
11/02/2004,KS,Sedgwick,Kerry,democrat,530,1000
11/02/2004,KS,Sedgwick,Bush,republican,470,1000
11/02/2004,IN,Jasper,Kerry,democrat,470,1000
11/02/2004,IN,Jasper,Bush,republican,530,1000
11/02/2004,CA,Napa,Kerry,democrat,580,1000
11/02/2004,CA,Napa,Bush,republican,420,1000
11/02/2004,TX,Loving,Kerry,democrat,420,1000
11/02/2004,TX,Loving,Bush,republican,580,1000
11/02/2004,MO,Johnson,Kerry,democrat,420,1000
11/02/2004,MO,Johnson,Bush,republican,580,1000
11/02/2004,CO,Broomfield,Kerry,democrat,580,1000
11/02/2004,CO,Broomfield,Bush,republican,420,1000
11/02/2004,VA,Page,Kerry,democrat,420,1000
11/02/2004,VA,Page,Bush,republican,580,1000
11/02/2004,WV,Mason,Kerry,democrat,420,1000
11/02/2004,WV,Mason,Bush,republican,580,1000
11/02/2004,AL,Winston,Kerry,democrat,420,1000
11/02/2004,AL,Winston,Bush,republican,580,1000
11/02/2004,AL,Perry,Kerry,democrat,420,1000
11/02/2004,AL,Perry,Bush,republican,580,1000
11/02/2004,OH,Meigs,Kerry,democrat,420,1000
11/02/2004,OH,Meigs,Bush,republican,580,1000
11/02/2004,SD,Buffalo,Kerry,democrat,420,1000
11/02/2004,SD,Buffalo,Bush,republican,580,1000
11/02/2004,SD,Mellette,Kerry,democrat,420,1000
11/02/2004,SD,Mellette,Bush,republican,580,1000
11/02/2004,NY,Chautauqua,Kerry,democrat,470,1000
11/02/2004,NY,Chautauqua,Bush,republican,530,1000
11/02/2004,SD,Oglala_Lakota,Kerry,democrat,580,1000
11/02/2004,SD,Oglala_Lakota,Bush,republican,420,1000
11/02/2004,DC,District_of_Columbia,Kerry,democrat,580,1000
11/02/2004,DC,District_of_Columbia,Bush,republican,420,1000
11/02/2004,10,New_Castle,Kerry,democrat,580,1000
11/02/2004,10,New_Castle,Bush,republican,420,1000
11/02/2004,CO,Denver,Kerry,democrat,580,1000
11/02/2004,CO,Denver,Bush,republican,420,1000
11/02/2004,NJ,Morris,Kerry,democrat,530,1000
11/02/2004,NJ,Morris,Bush,republican,470,1000
11/02/2004,AL,Hale,Kerry,democrat,420,1000
11/02/2004,AL,Hale,Bush,republican,580,1000
11/02/2004,OH,Washington,Kerry,democrat,420,1000
11/02/2004,OH,Washington,Bush,republican,580,1000
11/02/2004,WV,Calhoun,Kerry,democrat,420,1000
11/02/2004,WV,Calhoun,Bush,republican,580,1000
11/02/2004,PA,Crawford,Kerry,democrat,420,1000
11/02/2004,PA,Crawford,Bush,republican,580,1000
11/02/2004,SD,Todd,Kerry,democrat,420,1000
11/02/2004,SD,Todd,Bush,republican,580,1000
11/02/2004,MT,Dawson,Kerry,democrat,420,1000
11/02/2004,MT,Dawson,Bush,republican,580,1000
11/02/2004,TX,Montague,Kerry,democrat,420,1000
11/02/2004,TX,Montague,Bush,republican,580,1000
11/02/2004,MT,Richland,Kerry,democrat,420,1000
11/02/2004,MT,Richland,Bush,republican,580,1000
11/02/2004,TX,Gray,Kerry,democrat,420,1000
11/02/2004,TX,Gray,Bush,republican,580,1000
11/02/2004,AR,Greene,Kerry,democrat,470,1000
11/02/2004,AR,Greene,Bush,republican,530,1000
11/02/2004,GA,Appling,Kerry,democrat,420,1000
11/02/2004,GA,Appling,Bush,republican,580,1000
11/02/2004,AL,Elmore,Kerry,democrat,420,1000
11/02/2004,AL,Elmore,Bush,republican,580,1000
11/02/2004,GA,Coweta,Kerry,democrat,420,1000
11/02/2004,GA,Coweta,Bush,republican,580,1000
11/02/2004,IN,Elkhart,Kerry,democrat,470,1000
11/02/2004,IN,Elkhart,Bush,republican,530,1000
11/02/2004,NC,Yadkin,Kerry,democrat,420,1000
11/02/2004,NC,Yadkin,Bush,republican,580,1000
11/02/2004,AL,Chilton,Kerry,democrat,420,1000
11/02/2004,AL,Chilton,Bush,republican,580,1000
11/02/2004,OH,Wood,Kerry,democrat,510,1000
11/02/2004,OH,Wood,Bush,republican,490,1000
11/02/2004,NY,Westchester,Kerry,democrat,580,1000
11/02/2004,NY,Westchester,Bush,republican,420,1000
11/02/2004,LA,Orleans,Kerry,democrat,580,1000
11/02/2004,LA,Orleans,Bush,republican,420,1000
11/02/2004,WV,Mineral,Kerry,democrat,420,1000
11/02/2004,WV,Mineral,Bush,republican,580,1000
11/02/2004,AL,Walker,Kerry,democrat,420,1000
11/02/2004,AL,Walker,Bush,republican,580,1000
11/02/2004,WV,Monongalia,Kerry,democrat,530,1000
11/02/2004,WV,Monongalia,Bush,republican,470,1000
11/02/2004,WV,Pleasants,Kerry,democrat,420,1000
11/02/2004,WV,Pleasants,Bush,republican,580,1000
11/02/2004,NY,Rensselaer,Kerry,democrat,510,1000
11/02/2004,NY,Rensselaer,Bush,republican,490,1000
11/02/2004,NC,Cleveland,Kerry,democrat,420,1000
11/02/2004,NC,Cleveland,Bush,republican,580,1000
11/02/2004,NC,Gaston,Kerry,democrat,420,1000
11/02/2004,NC,Gaston,Bush,republican,580,1000
11/02/2004,NJ,Cumberland,Kerry,democrat,580,1000
11/02/2004,NJ,Cumberland,Bush,republican,420,1000
11/02/2004,CO,Eagle,Kerry,democrat,580,1000
11/02/2004,CO,Eagle,Bush,republican,420,1000
11/02/2004,TX,Jack,Kerry,democrat,420,1000
11/02/2004,TX,Jack,Bush,republican,580,1000
11/02/2004,AL,Coosa,Kerry,democrat,420,1000
11/02/2004,AL,Coosa,Bush,republican,580,1000
11/02/2004,FL,St_Lucie,Kerry,democrat,530,1000
11/02/2004,FL,St_Lucie,Bush,republican,470,1000
11/02/2004,AL,Henry,Kerry,democrat,420,1000
11/02/2004,AL,Henry,Bush,republican,580,1000
11/02/2004,CA,Santa_Cruz,Kerry,democrat,580,1000
11/02/2004,CA,Santa_Cruz,Bush,republican,420,1000
11/02/2004,KS,Labette,Kerry,democrat,470,1000
11/02/2004,KS,Labette,Bush,republican,530,1000
11/02/2004,GA,Baldwin,Kerry,democrat,530,1000
11/02/2004,GA,Baldwin,Bush,republican,470,1000
11/02/2004,LA,St_Bernard,Kerry,democrat,470,1000
11/02/2004,LA,St_Bernard,Bush,republican,530,1000
11/02/2004,VA,Suffolk,Kerry,democrat,580,1000
11/02/2004,VA,Suffolk,Bush,republican,420,1000
11/02/2004,CO,Jefferson,Kerry,democrat,530,1000
11/02/2004,CO,Jefferson,Bush,republican,470,1000
11/02/2004,WV,Pendleton,Kerry,democrat,420,1000
11/02/2004,WV,Pendleton,Bush,republican,580,1000
11/02/2004,VA,Tazewell,Kerry,democrat,420,1000
11/02/2004,VA,Tazewell,Bush,republican,580,1000
11/02/2004,MO,Clark,Kerry,democrat,420,1000
11/02/2004,MO,Clark,Bush,republican,580,1000
11/02/2004,NJ,Salem,Kerry,democrat,510,1000
11/02/2004,NJ,Salem,Bush,republican,490,1000
11/02/2004,PA,Warren,Kerry,democrat,420,1000
11/02/2004,PA,Warren,Bush,republican,580,1000
11/02/2004,ND,Grand_Forks,Kerry,democrat,470,1000
11/02/2004,ND,Grand_Forks,Bush,republican,530,1000
11/02/2004,OK,Delaware,Kerry,democrat,420,1000
11/02/2004,OK,Delaware,Bush,republican,580,1000
11/02/2004,CO,Hinsdale,Kerry,democrat,470,1000
11/02/2004,CO,Hinsdale,Bush,republican,530,1000
11/02/2004,AL,Macon,Kerry,democrat,470,1000
11/02/2004,AL,Macon,Bush,republican,530,1000
11/02/2004,VA,Carroll,Kerry,democrat,420,1000
11/02/2004,VA,Carroll,Bush,republican,580,1000
11/02/2004,CA,Placer,Kerry,democrat,490,1000
11/02/2004,CA,Placer,Bush,republican,510,1000
11/02/2004,OH,Medina,Kerry,democrat,470,1000
11/02/2004,OH,Medina,Bush,republican,530,1000
11/02/2004,OK,Cotton,Kerry,democrat,420,1000
11/02/2004,OK,Cotton,Bush,republican,580,1000
11/02/2004,OK,Jackson,Kerry,democrat,420,1000
11/02/2004,OK,Jackson,Bush,republican,580,1000
11/02/2004,LA,Ouachita,Kerry,democrat,420,1000
11/02/2004,LA,Ouachita,Bush,republican,580,1000
11/02/2004,CO,El_Paso,Kerry,democrat,470,1000
11/02/2004,CO,El_Paso,Bush,republican,530,1000
11/02/2004,WV,Ritchie,Kerry,democrat,420,1000
11/02/2004,WV,Ritchie,Bush,republican,580,1000
11/02/2004,VA,Floyd,Kerry,democrat,420,1000
11/02/2004,VA,Floyd,Bush,republican,580,1000
11/02/2004,MT,Fallon,Kerry,democrat,420,1000
11/02/2004,MT,Fallon,Bush,republican,580,1000
11/02/2004,MT,Prairie,Kerry,democrat,420,1000
11/02/2004,MT,Prairie,Bush,republican,580,1000
11/02/2004,TX,Brown,Kerry,democrat,420,1000
11/02/2004,TX,Brown,Bush,republican,580,1000
11/02/2004,TX,Ector,Kerry,democrat,420,1000
11/02/2004,TX,Ector,Bush,republican,580,1000
11/02/2004,UT,Emery,Kerry,democrat,420,1000
11/02/2004,UT,Emery,Bush,republican,580,1000
11/02/2004,NY,Richmond,Kerry,democrat,530,1000
11/02/2004,NY,Richmond,Bush,republican,470,1000
11/02/2004,NC,Dare,Kerry,democrat,530,1000
11/02/2004,NC,Dare,Bush,republican,470,1000
11/02/2004,NE,Butler,Kerry,democrat,420,1000
11/02/2004,NE,Butler,Bush,republican,580,1000
11/02/2004,TX,Lamar,Kerry,democrat,420,1000
11/02/2004,TX,Lamar,Bush,republican,580,1000
11/02/2004,KS,Dickinson,Kerry,democrat,420,1000
11/02/2004,KS,Dickinson,Bush,republican,580,1000
11/02/2004,ID,Jerome,Kerry,democrat,420,1000
11/02/2004,ID,Jerome,Bush,republican,580,1000
11/02/2004,OH,Mercer,Kerry,democrat,420,1000
11/02/2004,OH,Mercer,Bush,republican,580,1000
11/02/2004,IL,Livingston,Kerry,democrat,420,1000
11/02/2004,IL,Livingston,Bush,republican,580,1000
11/02/2004,IA,Dubuque,Kerry,democrat,530,1000
11/02/2004,IA,Dubuque,Bush,republican,470,1000
11/02/2004,ID,Madison,Kerry,democrat,420,1000
11/02/2004,ID,Madison,Bush,republican,580,1000
11/02/2004,LA,Plaquemines,Kerry,democrat,470,1000
11/02/2004,LA,Plaquemines,Bush,republican,530,1000
11/02/2004,LA,Pointe_Coupee,Kerry,democrat,490,1000
11/02/2004,LA,Pointe_Coupee,Bush,republican,510,1000
11/02/2004,MT,Missoula,Kerry,democrat,580,1000
11/02/2004,MT,Missoula,Bush,republican,420,1000
11/02/2004,UT,Grand,Kerry,democrat,420,1000
11/02/2004,UT,Grand,Bush,republican,580,1000
11/02/2004,TX,Bexar,Kerry,democrat,580,1000
11/02/2004,TX,Bexar,Bush,republican,420,1000
11/02/2004,HI,Honolulu,Kerry,democrat,580,1000
11/02/2004,HI,Honolulu,Bush,republican,420,1000
11/02/2004,GA,Oglethorpe,Kerry,democrat,420,1000
11/02/2004,GA,Oglethorpe,Bush,republican,580,1000
11/02/2004,GA,Peach,Kerry,democrat,530,1000
11/02/2004,GA,Peach,Bush,republican,470,1000
11/02/2004,OH,Clinton,Kerry,democrat,420,1000
11/02/2004,OH,Clinton,Bush,republican,580,1000
11/02/2004,GA,Randolph,Kerry,democrat,510,1000
11/02/2004,GA,Randolph,Bush,republican,490,1000
11/02/2004,GA,Jasper,Kerry,democrat,420,1000
11/02/2004,GA,Jasper,Bush,republican,580,1000
11/02/2004,TX,Jackson,Kerry,democrat,420,1000
11/02/2004,TX,Jackson,Bush,republican,580,1000
11/02/2004,GA,Troup,Kerry,democrat,420,1000
11/02/2004,GA,Troup,Bush,republican,580,1000
11/02/2004,GA,Brantley,Kerry,democrat,420,1000
11/02/2004,GA,Brantley,Bush,republican,580,1000
11/02/2004,GA,Bryan,Kerry,democrat,580,1000
11/02/2004,GA,Bryan,Bush,republican,420,1000
11/02/2004,TX,Leon,Kerry,democrat,420,1000
11/02/2004,TX,Leon,Bush,republican,580,1000
11/02/2004,CA,Merced,Kerry,democrat,530,1000
11/02/2004,CA,Merced,Bush,republican,470,1000
11/02/2004,FL,Martin,Kerry,democrat,470,1000
11/02/2004,FL,Martin,Bush,republican,530,1000
11/02/2004,TX,Ward,Kerry,democrat,420,1000
11/02/2004,TX,Ward,Bush,republican,580,1000
11/02/2004,TX,Wichita,Kerry,democrat,470,1000
11/02/2004,TX,Wichita,Bush,republican,530,1000
11/02/2004,NY,Cayuga,Kerry,democrat,530,1000
11/02/2004,NY,Cayuga,Bush,republican,470,1000
11/02/2004,NC,Hertford,Kerry,democrat,580,1000
11/02/2004,NC,Hertford,Bush,republican,420,1000
11/02/2004,CO,Park,Kerry,democrat,420,1000
11/02/2004,CO,Park,Bush,republican,580,1000
11/02/2004,CO,Teller,Kerry,democrat,420,1000
11/02/2004,CO,Teller,Bush,republican,580,1000
11/02/2004,UT,Sevier,Kerry,democrat,420,1000
11/02/2004,UT,Sevier,Bush,republican,580,1000
11/02/2004,UT,Tooele,Kerry,democrat,420,1000
11/02/2004,UT,Tooele,Bush,republican,580,1000
11/02/2004,TX,Maverick,Kerry,democrat,420,1000
11/02/2004,TX,Maverick,Bush,republican,580,1000
11/02/2004,FL,Suwannee,Kerry,democrat,420,1000
11/02/2004,FL,Suwannee,Bush,republican,580,1000
11/02/2004,UT,Wasatch,Kerry,democrat,420,1000
11/02/2004,UT,Wasatch,Bush,republican,580,1000
11/02/2004,OR,Malheur,Kerry,democrat,420,1000
11/02/2004,OR,Malheur,Bush,republican,580,1000
11/02/2004,GA,Fayette,Kerry,democrat,530,1000
11/02/2004,GA,Fayette,Bush,republican,470,1000
11/02/2004,KY,Floyd,Kerry,democrat,420,1000
11/02/2004,KY,Floyd,Bush,republican,580,1000
11/02/2004,CO,Logan,Kerry,democrat,420,1000
11/02/2004,CO,Logan,Bush,republican,580,1000
11/02/2004,OH,Montgomery,Kerry,democrat,530,1000
11/02/2004,OH,Montgomery,Bush,republican,470,1000
11/02/2004,CO,Mesa,Kerry,democrat,420,1000
11/02/2004,CO,Mesa,Bush,republican,580,1000
11/02/2004,IA,Howard,Kerry,democrat,530,1000
11/02/2004,IA,Howard,Bush,republican,470,1000
11/02/2004,IL,Menard,Kerry,democrat,420,1000
11/02/2004,IL,Menard,Bush,republican,580,1000
11/02/2004,TX,Mills,Kerry,democrat,420,1000
11/02/2004,TX,Mills,Bush,republican,580,1000
11/02/2004,IL,Monroe,Kerry,democrat,510,1000
11/02/2004,IL,Monroe,Bush,republican,490,1000
11/02/2004,OR,Douglas,Kerry,democrat,420,1000
11/02/2004,OR,Douglas,Bush,republican,580,1000
11/02/2004,WI,Crawford,Kerry,democrat,510,1000
11/02/2004,WI,Crawford,Bush,republican,490,1000
11/02/2004,TX,Haskell,Kerry,democrat,420,1000
11/02/2004,TX,Haskell,Bush,republican,580,1000
11/02/2004,OK,Logan,Kerry,democrat,420,1000
11/02/2004,OK,Logan,Bush,republican,580,1000
11/02/2004,WA,Grays_Harbor,Kerry,democrat,580,1000
11/02/2004,WA,Grays_Harbor,Bush,republican,420,1000
11/02/2004,WA,Lincoln,Kerry,democrat,420,1000
11/02/2004,WA,Lincoln,Bush,republican,580,1000
11/02/2004,WA,Okanogan,Kerry,democrat,510,1000
11/02/2004,WA,Okanogan,Bush,republican,490,1000
11/02/2004,IA,Monona,Kerry,democrat,470,1000
11/02/2004,IA,Monona,Bush,republican,530,1000
11/02/2004,GA,Taliaferro,Kerry,democrat,580,1000
11/02/2004,GA,Taliaferro,Bush,republican,420,1000
11/02/2004,OK,Greer,Kerry,democrat,420,1000
11/02/2004,OK,Greer,Bush,republican,580,1000
11/02/2004,GA,Terrell,Kerry,democrat,530,1000
11/02/2004,GA,Terrell,Bush,republican,470,1000
11/02/2004,MD,Queen_Anne_s,Kerry,democrat,470,1000
11/02/2004,MD,Queen_Anne_s,Bush,republican,530,1000
11/02/2004,OH,Noble,Kerry,democrat,420,1000
11/02/2004,OH,Noble,Bush,republican,580,1000
11/02/2004,CO,Prowers,Kerry,democrat,420,1000
11/02/2004,CO,Prowers,Bush,republican,580,1000
11/02/2004,ID,Latah,Kerry,democrat,530,1000
11/02/2004,ID,Latah,Bush,republican,470,1000
11/02/2004,VA,Gloucester,Kerry,democrat,420,1000
11/02/2004,VA,Gloucester,Bush,republican,580,1000
11/02/2004,CO,Rio_Blanco,Kerry,democrat,420,1000
11/02/2004,CO,Rio_Blanco,Bush,republican,580,1000
11/02/2004,TX,Pecos,Kerry,democrat,420,1000
11/02/2004,TX,Pecos,Bush,republican,580,1000
11/02/2004,IA,Marion,Kerry,democrat,470,1000
11/02/2004,IA,Marion,Bush,republican,530,1000
11/02/2004,OH,Preble,Kerry,democrat,420,1000
11/02/2004,OH,Preble,Bush,republican,580,1000
11/02/2004,GA,Rabun,Kerry,democrat,420,1000
11/02/2004,GA,Rabun,Bush,republican,580,1000
11/02/2004,MO,Taney,Kerry,democrat,420,1000
11/02/2004,MO,Taney,Bush,republican,580,1000
11/02/2004,TX,Marion,Kerry,democrat,420,1000
11/02/2004,TX,Marion,Bush,republican,580,1000
11/02/2004,AR,Washington,Kerry,democrat,530,1000
11/02/2004,AR,Washington,Bush,republican,470,1000
11/02/2004,WA,Skagit,Kerry,democrat,580,1000
11/02/2004,WA,Skagit,Bush,republican,420,1000
11/02/2004,WA,Stevens,Kerry,democrat,470,1000
11/02/2004,WA,Stevens,Bush,republican,530,1000
11/02/2004,TX,Matagorda,Kerry,democrat,420,1000
11/02/2004,TX,Matagorda,Bush,republican,580,1000
11/02/2004,MA,Hampshire,Kerry,democrat,580,1000
11/02/2004,MA,Hampshire,Bush,republican,420,1000
11/02/2004,OK,Mayes,Kerry,democrat,420,1000
11/02/2004,OK,Mayes,Bush,republican,580,1000
11/02/2004,FL,Lake,Kerry,democrat,490,1000
11/02/2004,FL,Lake,Bush,republican,510,1000
11/02/2004,10,Kent,Kerry,democrat,530,1000
11/02/2004,10,Kent,Bush,republican,470,1000
11/02/2004,OH,Highland,Kerry,democrat,420,1000
11/02/2004,OH,Highland,Bush,republican,580,1000
11/02/2004,GA,Clarke,Kerry,democrat,580,1000
11/02/2004,GA,Clarke,Bush,republican,420,1000
11/02/2004,IA,Osceola,Kerry,democrat,420,1000
11/02/2004,IA,Osceola,Bush,republican,580,1000
11/02/2004,CO,San_Juan,Kerry,democrat,580,1000
11/02/2004,CO,San_Juan,Bush,republican,420,1000
11/02/2004,IA,Plymouth,Kerry,democrat,420,1000
11/02/2004,IA,Plymouth,Bush,republican,580,1000
11/02/2004,VA,Hanover,Kerry,democrat,470,1000
11/02/2004,VA,Hanover,Bush,republican,530,1000
11/02/2004,IA,Mills,Kerry,democrat,420,1000
11/02/2004,IA,Mills,Bush,republican,580,1000
11/02/2004,SC,Oconee,Kerry,democrat,420,1000
11/02/2004,SC,Oconee,Bush,republican,580,1000
11/02/2004,AR,Crawford,Kerry,democrat,420,1000
11/02/2004,AR,Crawford,Bush,republican,580,1000
11/02/2004,TX,Harrison,Kerry,democrat,420,1000
11/02/2004,TX,Harrison,Bush,republican,580,1000
11/02/2004,NY,Herkimer,Kerry,democrat,420,1000
11/02/2004,NY,Herkimer,Bush,republican,580,1000
11/02/2004,WA,Whatcom,Kerry,democrat,580,1000
11/02/2004,WA,Whatcom,Bush,republican,420,1000
11/02/2004,GA,Whitfield,Kerry,democrat,420,1000
11/02/2004,GA,Whitfield,Bush,republican,580,1000
11/02/2004,WA,Douglas,Kerry,democrat,470,1000
11/02/2004,WA,Douglas,Bush,republican,530,1000
11/02/2004,GA,Clinch,Kerry,democrat,420,1000
11/02/2004,GA,Clinch,Bush,republican,580,1000
11/02/2004,ID,Adams,Kerry,democrat,420,1000
11/02/2004,ID,Adams,Bush,republican,580,1000
11/02/2004,TX,Hockley,Kerry,democrat,420,1000
11/02/2004,TX,Hockley,Bush,republican,580,1000
11/02/2004,IL,Pulaski,Kerry,democrat,470,1000
11/02/2004,IL,Pulaski,Bush,republican,530,1000
11/02/2004,GA,Chattahoochee,Kerry,democrat,490,1000
11/02/2004,GA,Chattahoochee,Bush,republican,510,1000
11/02/2004,AR,Randolph,Kerry,democrat,420,1000
11/02/2004,AR,Randolph,Bush,republican,580,1000
11/02/2004,AR,White,Kerry,democrat,420,1000
11/02/2004,AR,White,Bush,republican,580,1000
11/02/2004,MO,Howard,Kerry,democrat,470,1000
11/02/2004,MO,Howard,Bush,republican,530,1000
11/02/2004,TX,Knox,Kerry,democrat,420,1000
11/02/2004,TX,Knox,Bush,republican,580,1000
11/02/2004,NJ,Passaic,Kerry,democrat,580,1000
11/02/2004,NJ,Passaic,Bush,republican,420,1000
11/02/2004,MT,Broadwater,Kerry,democrat,420,1000
11/02/2004,MT,Broadwater,Bush,republican,580,1000
11/02/2004,GA,Jones,Kerry,democrat,470,1000
11/02/2004,GA,Jones,Bush,republican,530,1000
11/02/2004,NY,Otsego,Kerry,democrat,530,1000
11/02/2004,NY,Otsego,Bush,republican,470,1000
11/02/2004,TX,Franklin,Kerry,democrat,420,1000
11/02/2004,TX,Franklin,Bush,republican,580,1000
11/02/2004,OK,Garvin,Kerry,democrat,420,1000
11/02/2004,OK,Garvin,Bush,republican,580,1000
11/02/2004,NY,Hamilton,Kerry,democrat,420,1000
11/02/2004,NY,Hamilton,Bush,republican,580,1000
11/02/2004,PA,Pike,Kerry,democrat,470,1000
11/02/2004,PA,Pike,Bush,republican,530,1000
11/02/2004,VT,Orleans,Kerry,democrat,580,1000
11/02/2004,VT,Orleans,Bush,republican,420,1000
11/02/2004,GA,Colquitt,Kerry,democrat,420,1000
11/02/2004,GA,Colquitt,Bush,republican,580,1000
11/02/2004,VT,Chittenden,Kerry,democrat,580,1000
11/02/2004,VT,Chittenden,Bush,republican,420,1000
11/02/2004,MT,Pondera,Kerry,democrat,420,1000
11/02/2004,MT,Pondera,Bush,republican,580,1000
11/02/2004,WI,Columbia,Kerry,democrat,530,1000
11/02/2004,WI,Columbia,Bush,republican,470,1000
11/02/2004,NE,Thurston,Kerry,democrat,530,1000
11/02/2004,NE,Thurston,Bush,republican,470,1000
11/02/2004,AR,Woodruff,Kerry,democrat,503,1000
11/02/2004,AR,Woodruff,Bush,republican,497,1000
11/02/2004,OK,Okfuskee,Kerry,democrat,420,1000
11/02/2004,OK,Okfuskee,Bush,republican,580,1000
11/02/2004,TX,San_Patricio,Kerry,democrat,470,1000
11/02/2004,TX,San_Patricio,Bush,republican,530,1000
11/02/2004,MS,Rankin,Kerry,democrat,470,1000
11/02/2004,MS,Rankin,Bush,republican,530,1000
11/02/2004,NM,Curry,Kerry,democrat,420,1000
11/02/2004,NM,Curry,Bush,republican,580,1000
11/02/2004,MS,Leflore,Kerry,democrat,530,1000
11/02/2004,MS,Leflore,Bush,republican,470,1000
11/02/2004,TX,Hardin,Kerry,democrat,420,1000
11/02/2004,TX,Hardin,Bush,republican,580,1000
11/02/2004,VA,Nelson,Kerry,democrat,470,1000
11/02/2004,VA,Nelson,Bush,republican,530,1000
11/02/2004,TN,Jackson,Kerry,democrat,420,1000
11/02/2004,TN,Jackson,Bush,republican,580,1000
11/02/2004,TX,Refugio,Kerry,democrat,420,1000
11/02/2004,TX,Refugio,Bush,republican,580,1000
11/02/2004,FL,Columbia,Kerry,democrat,420,1000
11/02/2004,FL,Columbia,Bush,republican,580,1000
11/02/2004,KS,Atchison,Kerry,democrat,470,1000
11/02/2004,KS,Atchison,Bush,republican,530,1000
11/02/2004,AL,Jefferson,Kerry,democrat,580,1000
11/02/2004,AL,Jefferson,Bush,republican,420,1000
11/02/2004,TX,Houston,Kerry,democrat,420,1000
11/02/2004,TX,Houston,Bush,republican,580,1000
11/02/2004,WV,Marshall,Kerry,democrat,420,1000
11/02/2004,WV,Marshall,Bush,republican,580,1000
11/02/2004,VA,Pulaski,Kerry,democrat,420,1000
11/02/2004,VA,Pulaski,Bush,republican,580,1000
11/02/2004,MO,DeKalb,Kerry,democrat,420,1000
11/02/2004,MO,DeKalb,Bush,republican,580,1000
11/02/2004,GA,Harris,Kerry,democrat,420,1000
11/02/2004,GA,Harris,Bush,republican,580,1000
11/02/2004,GA,Houston,Kerry,democrat,470,1000
11/02/2004,GA,Houston,Bush,republican,530,1000
11/02/2004,CO,Custer,Kerry,democrat,470,1000
11/02/2004,CO,Custer,Bush,republican,530,1000
11/02/2004,MO,Reynolds,Kerry,democrat,420,1000
11/02/2004,MO,Reynolds,Bush,republican,580,1000
11/02/2004,TX,San_Saba,Kerry,democrat,420,1000
11/02/2004,TX,San_Saba,Bush,republican,580,1000
11/02/2004,CO,Fremont,Kerry,democrat,420,1000
11/02/2004,CO,Fremont,Bush,republican,580,1000
11/02/2004,TX,Webb,Kerry,democrat,510,1000
11/02/2004,TX,Webb,Bush,republican,490,1000
11/02/2004,KY,Pulaski,Kerry,democrat,420,1000
11/02/2004,KY,Pulaski,Bush,republican,580,1000
11/02/2004,KS,Thomas,Kerry,democrat,420,1000
11/02/2004,KS,Thomas,Bush,republican,580,1000
11/02/2004,UT,Box_Elder,Kerry,democrat,420,1000
11/02/2004,UT,Box_Elder,Bush,republican,580,1000
11/02/2004,TN,Marion,Kerry,democrat,420,1000
11/02/2004,TN,Marion,Bush,republican,580,1000
11/02/2004,MN,Chisago,Kerry,democrat,420,1000
11/02/2004,MN,Chisago,Bush,republican,580,1000
11/02/2004,NC,Transylvania,Kerry,democrat,510,1000
11/02/2004,NC,Transylvania,Bush,republican,490,1000
11/02/2004,MT,Treasure,Kerry,democrat,420,1000
11/02/2004,MT,Treasure,Bush,republican,580,1000
11/02/2004,WA,Thurston,Kerry,democrat,580,1000
11/02/2004,WA,Thurston,Bush,republican,420,1000
11/02/2004,MI,Barry,Kerry,democrat,470,1000
11/02/2004,MI,Barry,Bush,republican,530,1000
11/02/2004,UT,Juab,Kerry,democrat,420,1000
11/02/2004,UT,Juab,Bush,republican,580,1000
11/02/2004,VA,King_William,Kerry,democrat,420,1000
11/02/2004,VA,King_William,Bush,republican,580,1000
11/02/2004,GA,Catoosa,Kerry,democrat,420,1000
11/02/2004,GA,Catoosa,Bush,republican,580,1000
11/02/2004,NJ,Bergen,Kerry,democrat,580,1000
11/02/2004,NJ,Bergen,Bush,republican,420,1000
11/02/2004,TX,Wilbarger,Kerry,democrat,420,1000
11/02/2004,TX,Wilbarger,Bush,republican,580,1000
11/02/2004,OR,Coos,Kerry,democrat,490,1000
11/02/2004,OR,Coos,Bush,republican,510,1000
11/02/2004,AZ,Yuma,Kerry,democrat,490,1000
11/02/2004,AZ,Yuma,Bush,republican,510,1000
11/02/2004,IL,Rock_Island,Kerry,democrat,580,1000
11/02/2004,IL,Rock_Island,Bush,republican,420,1000
11/02/2004,KY,Fleming,Kerry,democrat,420,1000
11/02/2004,KY,Fleming,Bush,republican,580,1000
11/02/2004,WI,Menominee,Kerry,democrat,580,1000
11/02/2004,WI,Menominee,Bush,republican,420,1000
11/02/2004,OK,Ellis,Kerry,democrat,420,1000
11/02/2004,OK,Ellis,Bush,republican,580,1000
11/02/2004,VA,Alleghany,Kerry,democrat,420,1000
11/02/2004,VA,Alleghany,Bush,republican,580,1000
11/02/2004,SD,Charles_Mix,Kerry,democrat,420,1000
11/02/2004,SD,Charles_Mix,Bush,republican,580,1000
11/02/2004,TN,Hardeman,Kerry,democrat,420,1000
11/02/2004,TN,Hardeman,Bush,republican,580,1000
11/02/2004,MT,Glacier,Kerry,democrat,580,1000
11/02/2004,MT,Glacier,Bush,republican,420,1000
11/02/2004,MT,Park,Kerry,democrat,490,1000
11/02/2004,MT,Park,Bush,republican,510,1000
11/02/2004,GA,Elbert,Kerry,democrat,420,1000
11/02/2004,GA,Elbert,Bush,republican,580,1000
11/02/2004,MT,Sanders,Kerry,democrat,420,1000
11/02/2004,MT,Sanders,Bush,republican,580,1000
11/02/2004,TX,Van_Zandt,Kerry,democrat,420,1000
11/02/2004,TX,Van_Zandt,Bush,republican,580,1000
11/02/2004,NE,Gage,Kerry,democrat,420,1000
11/02/2004,NE,Gage,Bush,republican,580,1000
11/02/2004,LA,St_Landry,Kerry,democrat,470,1000
11/02/2004,LA,St_Landry,Bush,republican,530,1000
11/02/2004,ME,Knox,Kerry,democrat,580,1000
11/02/2004,ME,Knox,Bush,republican,420,1000
11/02/2004,NV,Lyon,Kerry,democrat,420,1000
11/02/2004,NV,Lyon,Bush,republican,580,1000
11/02/2004,AL,Colbert,Kerry,democrat,420,1000
11/02/2004,AL,Colbert,Bush,republican,580,1000
11/02/2004,LA,Lincoln,Kerry,democrat,420,1000
11/02/2004,LA,Lincoln,Bush,republican,580,1000
11/02/2004,CA,El_Dorado,Kerry,democrat,530,1000
11/02/2004,CA,El_Dorado,Bush,republican,470,1000
11/02/2004,ID,Shoshone,Kerry,democrat,530,1000
11/02/2004,ID,Shoshone,Bush,republican,470,1000
11/02/2004,TN,Wilson,Kerry,democrat,420,1000
11/02/2004,TN,Wilson,Bush,republican,580,1000
11/02/2004,ND,Mercer,Kerry,democrat,420,1000
11/02/2004,ND,Mercer,Bush,republican,580,1000
11/02/2004,TN,Unicoi,Kerry,democrat,420,1000
11/02/2004,TN,Unicoi,Bush,republican,580,1000
11/02/2004,WY,Goshen,Kerry,democrat,420,1000
11/02/2004,WY,Goshen,Bush,republican,580,1000
11/02/2004,MN,Nicollet,Kerry,democrat,530,1000
11/02/2004,MN,Nicollet,Bush,republican,470,1000
11/02/2004,WA,Garfield,Kerry,democrat,420,1000
11/02/2004,WA,Garfield,Bush,republican,580,1000
11/02/2004,MO,Cape_Girardeau,Kerry,democrat,420,1000
11/02/2004,MO,Cape_Girardeau,Bush,republican,580,1000
11/02/2004,OK,Pawnee,Kerry,democrat,420,1000
11/02/2004,OK,Pawnee,Bush,republican,580,1000
11/02/2004,NC,Swain,Kerry,democrat,470,1000
11/02/2004,NC,Swain,Bush,republican,530,1000
11/02/2004,VA,Culpeper,Kerry,democrat,470,1000
11/02/2004,VA,Culpeper,Bush,republican,530,1000
11/02/2004,NY,Tioga,Kerry,democrat,490,1000
11/02/2004,NY,Tioga,Bush,republican,510,1000
11/02/2004,NC,Jackson,Kerry,democrat,530,1000
11/02/2004,NC,Jackson,Bush,republican,470,1000
11/02/2004,TX,Bosque,Kerry,democrat,420,1000
11/02/2004,TX,Bosque,Bush,republican,580,1000
11/02/2004,IL,Pope,Kerry,democrat,420,1000
11/02/2004,IL,Pope,Bush,republican,580,1000
11/02/2004,IA,Buchanan,Kerry,democrat,530,1000
11/02/2004,IA,Buchanan,Bush,republican,470,1000
11/02/2004,TN,Fentress,Kerry,democrat,420,1000
11/02/2004,TN,Fentress,Bush,republican,580,1000
11/02/2004,IL,Sangamon,Kerry,democrat,530,1000
11/02/2004,IL,Sangamon,Bush,republican,470,1000
11/02/2004,KS,Franklin,Kerry,democrat,420,1000
11/02/2004,KS,Franklin,Bush,republican,580,1000
11/02/2004,OR,Jackson,Kerry,democrat,530,1000
11/02/2004,OR,Jackson,Bush,republican,470,1000
11/02/2004,ID,Fremont,Kerry,democrat,420,1000
11/02/2004,ID,Fremont,Bush,republican,580,1000
11/02/2004,NE,Holt,Kerry,democrat,420,1000
11/02/2004,NE,Holt,Bush,republican,580,1000
11/02/2004,MO,Jackson,Kerry,democrat,580,1000
11/02/2004,MO,Jackson,Bush,republican,420,1000
11/02/2004,VA,King_George,Kerry,democrat,470,1000
11/02/2004,VA,King_George,Bush,republican,530,1000
11/02/2004,TX,Caldwell,Kerry,democrat,530,1000
11/02/2004,TX,Caldwell,Bush,republican,470,1000
11/02/2004,VA,Lancaster,Kerry,democrat,490,1000
11/02/2004,VA,Lancaster,Bush,republican,510,1000
11/02/2004,MO,Chariton,Kerry,democrat,420,1000
11/02/2004,MO,Chariton,Bush,republican,580,1000
11/02/2004,MT,Cascade,Kerry,democrat,530,1000
11/02/2004,MT,Cascade,Bush,republican,470,1000
11/02/2004,VA,Mathews,Kerry,democrat,420,1000
11/02/2004,VA,Mathews,Bush,republican,580,1000
11/02/2004,OK,Bryan,Kerry,democrat,420,1000
11/02/2004,OK,Bryan,Bush,republican,580,1000
11/02/2004,TX,Washington,Kerry,democrat,420,1000
11/02/2004,TX,Washington,Bush,republican,580,1000
11/02/2004,OH,Gallia,Kerry,democrat,420,1000
11/02/2004,OH,Gallia,Bush,republican,580,1000
11/02/2004,TN,Hamilton,Kerry,democrat,530,1000
11/02/2004,TN,Hamilton,Bush,republican,470,1000
11/02/2004,NE,Sheridan,Kerry,democrat,420,1000
11/02/2004,NE,Sheridan,Bush,republican,580,1000
11/02/2004,IL,Jo_Daviess,Kerry,democrat,470,1000
11/02/2004,IL,Jo_Daviess,Bush,republican,530,1000
11/02/2004,SD,Corson,Kerry,democrat,420,1000
11/02/2004,SD,Corson,Bush,republican,580,1000
11/02/2004,MO,Lafayette,Kerry,democrat,420,1000
11/02/2004,MO,Lafayette,Bush,republican,580,1000
11/02/2004,PA,Montgomery,Kerry,democrat,580,1000
11/02/2004,PA,Montgomery,Bush,republican,420,1000
11/02/2004,MD,Prince_George_s,Kerry,democrat,580,1000
11/02/2004,MD,Prince_George_s,Bush,republican,420,1000
11/02/2004,VA,Middlesex,Kerry,democrat,420,1000
11/02/2004,VA,Middlesex,Bush,republican,580,1000
11/02/2004,ID,Owyhee,Kerry,democrat,420,1000
11/02/2004,ID,Owyhee,Bush,republican,580,1000
11/02/2004,KS,Doniphan,Kerry,democrat,420,1000
11/02/2004,KS,Doniphan,Bush,republican,580,1000
11/02/2004,NC,Graham,Kerry,democrat,420,1000
11/02/2004,NC,Graham,Bush,republican,580,1000
11/02/2004,AL,Lamar,Kerry,democrat,420,1000
11/02/2004,AL,Lamar,Bush,republican,580,1000
11/02/2004,GA,Coffee,Kerry,democrat,420,1000
11/02/2004,GA,Coffee,Bush,republican,580,1000
11/02/2004,CO,Ouray,Kerry,democrat,580,1000
11/02/2004,CO,Ouray,Bush,republican,420,1000
11/02/2004,NC,Henderson,Kerry,democrat,470,1000
11/02/2004,NC,Henderson,Bush,republican,530,1000
11/02/2004,ID,Elmore,Kerry,democrat,420,1000
11/02/2004,ID,Elmore,Bush,republican,580,1000
11/02/2004,ID,Jefferson,Kerry,democrat,420,1000
11/02/2004,ID,Jefferson,Bush,republican,580,1000
11/02/2004,IN,Lake,Kerry,democrat,580,1000
11/02/2004,IN,Lake,Bush,republican,420,1000
11/02/2004,PA,Lycoming,Kerry,democrat,420,1000
11/02/2004,PA,Lycoming,Bush,republican,580,1000
11/02/2004,NJ,Hunterdon,Kerry,democrat,510,1000
11/02/2004,NJ,Hunterdon,Bush,republican,490,1000
11/02/2004,VA,Smyth,Kerry,democrat,420,1000
11/02/2004,VA,Smyth,Bush,republican,580,1000
11/02/2004,VA,Spotsylvania,Kerry,democrat,530,1000
11/02/2004,VA,Spotsylvania,Bush,republican,470,1000
11/02/2004,NE,Sarpy,Kerry,democrat,530,1000
11/02/2004,NE,Sarpy,Bush,republican,470,1000
11/02/2004,OK,Harmon,Kerry,democrat,420,1000
11/02/2004,OK,Harmon,Bush,republican,580,1000
11/02/2004,GA,Toombs,Kerry,democrat,420,1000
11/02/2004,GA,Toombs,Bush,republican,580,1000
11/02/2004,KS,Harper,Kerry,democrat,420,1000
11/02/2004,KS,Harper,Bush,republican,580,1000
11/02/2004,AL,Shelby,Kerry,democrat,420,1000
11/02/2004,AL,Shelby,Bush,republican,580,1000
11/02/2004,AR,Calhoun,Kerry,democrat,420,1000
11/02/2004,AR,Calhoun,Bush,republican,580,1000
11/02/2004,NY,Columbia,Kerry,democrat,580,1000
11/02/2004,NY,Columbia,Bush,republican,420,1000
11/02/2004,GA,Warren,Kerry,democrat,580,1000
11/02/2004,GA,Warren,Bush,republican,420,1000
11/02/2004,OR,Linn,Kerry,democrat,510,1000
11/02/2004,OR,Linn,Bush,republican,490,1000
11/02/2004,SD,Gregory,Kerry,democrat,420,1000
11/02/2004,SD,Gregory,Bush,republican,580,1000
11/02/2004,TX,San_Jacinto,Kerry,democrat,420,1000
11/02/2004,TX,San_Jacinto,Bush,republican,580,1000
11/02/2004,IL,Calhoun,Kerry,democrat,420,1000
11/02/2004,IL,Calhoun,Bush,republican,580,1000
11/02/2004,FL,Brevard,Kerry,democrat,470,1000
11/02/2004,FL,Brevard,Bush,republican,530,1000
11/02/2004,NE,Scotts_Bluff,Kerry,democrat,420,1000
11/02/2004,NE,Scotts_Bluff,Bush,republican,580,1000
11/02/2004,ND,Nelson,Kerry,democrat,490,1000
11/02/2004,ND,Nelson,Bush,republican,510,1000
11/02/2004,ME,Androscoggin,Kerry,democrat,580,1000
11/02/2004,ME,Androscoggin,Bush,republican,420,1000
11/02/2004,TX,Wise,Kerry,democrat,420,1000
11/02/2004,TX,Wise,Bush,republican,580,1000
11/02/2004,TN,Rutherford,Kerry,democrat,420,1000
11/02/2004,TN,Rutherford,Bush,republican,580,1000
11/02/2004,MI,Houghton,Kerry,democrat,470,1000
11/02/2004,MI,Houghton,Bush,republican,530,1000
11/02/2004,KY,Leslie,Kerry,democrat,420,1000
11/02/2004,KY,Leslie,Bush,republican,580,1000
11/02/2004,NC,Harnett,Kerry,democrat,470,1000
11/02/2004,NC,Harnett,Bush,republican,530,1000
11/02/2004,KY,Perry,Kerry,democrat,420,1000
11/02/2004,KY,Perry,Bush,republican,580,1000
11/02/2004,IL,DuPage,Kerry,democrat,580,1000
11/02/2004,IL,DuPage,Bush,republican,420,1000
11/02/2004,MN,Anoka,Kerry,democrat,530,1000
11/02/2004,MN,Anoka,Bush,republican,470,1000
11/02/2004,CA,Butte,Kerry,democrat,530,1000
11/02/2004,CA,Butte,Bush,republican,470,1000
11/02/2004,MN,Stearns,Kerry,democrat,420,1000
11/02/2004,MN,Stearns,Bush,republican,580,1000
11/02/2004,MN,Sherburne,Kerry,democrat,420,1000
11/02/2004,MN,Sherburne,Bush,republican,580,1000
11/02/2004,MO,Jasper,Kerry,democrat,420,1000
11/02/2004,MO,Jasper,Bush,republican,580,1000
11/02/2004,GA,Wayne,Kerry,democrat,420,1000
11/02/2004,GA,Wayne,Bush,republican,580,1000
11/02/2004,MD,Frederick,Kerry,democrat,580,1000
11/02/2004,MD,Frederick,Bush,republican,420,1000
11/02/2004,AL,Dallas,Kerry,democrat,530,1000
11/02/2004,AL,Dallas,Bush,republican,470,1000
11/02/2004,MI,Genesee,Kerry,democrat,580,1000
11/02/2004,MI,Genesee,Bush,republican,420,1000
11/02/2004,NC,Hoke,Kerry,democrat,530,1000
11/02/2004,NC,Hoke,Bush,republican,470,1000
11/02/2004,VA,Campbell,Kerry,democrat,420,1000
11/02/2004,VA,Campbell,Bush,republican,580,1000
11/02/2004,MN,Jackson,Kerry,democrat,470,1000
11/02/2004,MN,Jackson,Bush,republican,530,1000
11/02/2004,MI,St_Joseph,Kerry,democrat,420,1000
11/02/2004,MI,St_Joseph,Bush,republican,580,1000
11/02/2004,KY,Bath,Kerry,democrat,420,1000
11/02/2004,KY,Bath,Bush,republican,580,1000
11/02/2004,SD,Brookings,Kerry,democrat,490,1000
11/02/2004,SD,Brookings,Bush,republican,510,1000
11/02/2004,TN,Cocke,Kerry,democrat,420,1000
11/02/2004,TN,Cocke,Bush,republican,580,1000
11/02/2004,SD,Minnehaha,Kerry,democrat,490,1000
11/02/2004,SD,Minnehaha,Bush,republican,510,1000
11/02/2004,SC,Abbeville,Kerry,democrat,420,1000
11/02/2004,SC,Abbeville,Bush,republican,580,1000
11/02/2004,SC,Aiken,Kerry,democrat,470,1000
11/02/2004,SC,Aiken,Bush,republican,530,1000
11/02/2004,TN,Dickson,Kerry,democrat,420,1000
11/02/2004,TN,Dickson,Bush,republican,580,1000
11/02/2004,SC,Edgefield,Kerry,democrat,420,1000
11/02/2004,SC,Edgefield,Bush,republican,580,1000
11/02/2004,MN,Lac_Qui_Parle,Kerry,democrat,470,1000
11/02/2004,MN,Lac_Qui_Parle,Bush,republican,530,1000
11/02/2004,MT,Powell,Kerry,democrat,470,1000
11/02/2004,MT,Powell,Bush,republican,530,1000
11/02/2004,OR,Union,Kerry,democrat,420,1000
11/02/2004,OR,Union,Bush,republican,580,1000
11/02/2004,AK,Dillingham,Kerry,democrat,470,1000
11/02/2004,AK,Dillingham,Bush,republican,530,1000
11/02/2004,IN,Jefferson,Kerry,democrat,420,1000
11/02/2004,IN,Jefferson,Bush,republican,580,1000
11/02/2004,MS,Coahoma,Kerry,democrat,580,1000
11/02/2004,MS,Coahoma,Bush,republican,420,1000
11/02/2004,NY,Orange,Kerry,democrat,530,1000
11/02/2004,NY,Orange,Bush,republican,470,1000
11/02/2004,WI,Iron,Kerry,democrat,490,1000
11/02/2004,WI,Iron,Bush,republican,510,1000
11/02/2004,KY,Franklin,Kerry,democrat,530,1000
11/02/2004,KY,Franklin,Bush,republican,470,1000
11/02/2004,IN,Clinton,Kerry,democrat,420,1000
11/02/2004,IN,Clinton,Bush,republican,580,1000
11/02/2004,LA,St_Charles,Kerry,democrat,530,1000
11/02/2004,LA,St_Charles,Bush,republican,470,1000
11/02/2004,NC,Greene,Kerry,democrat,490,1000
11/02/2004,NC,Greene,Bush,republican,510,1000
11/02/2004,TN,Lauderdale,Kerry,democrat,420,1000
11/02/2004,TN,Lauderdale,Bush,republican,580,1000
11/02/2004,TN,DeKalb,Kerry,democrat,420,1000
11/02/2004,TN,DeKalb,Bush,republican,580,1000
11/02/2004,FL,Citrus,Kerry,democrat,470,1000
11/02/2004,FL,Citrus,Bush,republican,530,1000
11/02/2004,SC,Greenwood,Kerry,democrat,470,1000
11/02/2004,SC,Greenwood,Bush,republican,530,1000
11/02/2004,TN,Perry,Kerry,democrat,420,1000
11/02/2004,TN,Perry,Bush,republican,580,1000
11/02/2004,WI,Sheboygan,Kerry,democrat,497,1000
11/02/2004,WI,Sheboygan,Bush,republican,503,1000
11/02/2004,SC,Spartanburg,Kerry,democrat,490,1000
11/02/2004,SC,Spartanburg,Bush,republican,510,1000
11/02/2004,MN,Renville,Kerry,democrat,420,1000
11/02/2004,MN,Renville,Bush,republican,580,1000
11/02/2004,MO,Cole,Kerry,democrat,470,1000
11/02/2004,MO,Cole,Bush,republican,530,1000
11/02/2004,WY,Fremont,Kerry,democrat,420,1000
11/02/2004,WY,Fremont,Bush,republican,580,1000
11/02/2004,TN,Claiborne,Kerry,democrat,420,1000
11/02/2004,TN,Claiborne,Bush,republican,580,1000
11/02/2004,PA,Beaver,Kerry,democrat,530,1000
11/02/2004,PA,Beaver,Bush,republican,470,1000
11/02/2004,PA,Erie,Kerry,democrat,530,1000
11/02/2004,PA,Erie,Bush,republican,470,1000
11/02/2004,NC,Wayne,Kerry,democrat,420,1000
11/02/2004,NC,Wayne,Bush,republican,580,1000
11/02/2004,TX,Hays,Kerry,democrat,580,1000
11/02/2004,TX,Hays,Bush,republican,420,1000
11/02/2004,UT,Millard,Kerry,democrat,420,1000
11/02/2004,UT,Millard,Bush,republican,580,1000
11/02/2004,AL,Tallapoosa,Kerry,democrat,420,1000
11/02/2004,AL,Tallapoosa,Bush,republican,580,1000
11/02/2004,MN,Washington,Kerry,democrat,580,1000
11/02/2004,MN,Washington,Bush,republican,420,1000
11/02/2004,IA,Lyon,Kerry,democrat,420,1000
11/02/2004,IA,Lyon,Bush,republican,580,1000
11/02/2004,NY,Chemung,Kerry,democrat,420,1000
11/02/2004,NY,Chemung,Bush,republican,580,1000
11/02/2004,NE,Red_Willow,Kerry,democrat,420,1000
11/02/2004,NE,Red_Willow,Bush,republican,580,1000
11/02/2004,WV,Hancock,Kerry,democrat,420,1000
11/02/2004,WV,Hancock,Bush,republican,580,1000
11/02/2004,FL,Okeechobee,Kerry,democrat,420,1000
11/02/2004,FL,Okeechobee,Bush,republican,580,1000
11/02/2004,NE,Hitchcock,Kerry,democrat,420,1000
11/02/2004,NE,Hitchcock,Bush,republican,580,1000
11/02/2004,LA,Cameron,Kerry,democrat,420,1000
11/02/2004,LA,Cameron,Bush,republican,580,1000
11/02/2004,OK,Love,Kerry,democrat,420,1000
11/02/2004,OK,Love,Bush,republican,580,1000
11/02/2004,IA,Bremer,Kerry,democrat,530,1000
11/02/2004,IA,Bremer,Bush,republican,470,1000
11/02/2004,ID,Butte,Kerry,democrat,420,1000
11/02/2004,ID,Butte,Bush,republican,580,1000
11/02/2004,AR,Lafayette,Kerry,democrat,420,1000
11/02/2004,AR,Lafayette,Bush,republican,580,1000
11/02/2004,SD,Stanley,Kerry,democrat,420,1000
11/02/2004,SD,Stanley,Bush,republican,580,1000
11/02/2004,OH,Franklin,Kerry,democrat,580,1000
11/02/2004,OH,Franklin,Bush,republican,420,1000
11/02/2004,MT,Fergus,Kerry,democrat,420,1000
11/02/2004,MT,Fergus,Bush,republican,580,1000
11/02/2004,NC,Davie,Kerry,democrat,420,1000
11/02/2004,NC,Davie,Bush,republican,580,1000
11/02/2004,AR,Independence,Kerry,democrat,420,1000
11/02/2004,AR,Independence,Bush,republican,580,1000
11/02/2004,NC,Pender,Kerry,democrat,420,1000
11/02/2004,NC,Pender,Bush,republican,580,1000
11/02/2004,MO,Nodaway,Kerry,democrat,420,1000
11/02/2004,MO,Nodaway,Bush,republican,580,1000
11/02/2004,NE,Seward,Kerry,democrat,420,1000
11/02/2004,NE,Seward,Bush,republican,580,1000
11/02/2004,OK,Wagoner,Kerry,democrat,420,1000
11/02/2004,OK,Wagoner,Bush,republican,580,1000
11/02/2004,OK,Harper,Kerry,democrat,420,1000
11/02/2004,OK,Harper,Bush,republican,580,1000
11/02/2004,AL,Covington,Kerry,democrat,420,1000
11/02/2004,AL,Covington,Bush,republican,580,1000
11/02/2004,KS,Greeley,Kerry,democrat,420,1000
11/02/2004,KS,Greeley,Bush,republican,580,1000
11/02/2004,MI,Arenac,Kerry,democrat,470,1000
11/02/2004,MI,Arenac,Bush,republican,530,1000
11/02/2004,TX,Jefferson,Kerry,democrat,530,1000
11/02/2004,TX,Jefferson,Bush,republican,470,1000
11/02/2004,WI,Burnett,Kerry,democrat,470,1000
11/02/2004,WI,Burnett,Bush,republican,530,1000
11/02/2004,IN,Floyd,Kerry,democrat,503,1000
11/02/2004,IN,Floyd,Bush,republican,497,1000
11/02/2004,MI,Gogebic,Kerry,democrat,490,1000
11/02/2004,MI,Gogebic,Bush,republican,510,1000
11/02/2004,GA,Union,Kerry,democrat,420,1000
11/02/2004,GA,Union,Bush,republican,580,1000
11/02/2004,NJ,Middlesex,Kerry,democrat,580,1000
11/02/2004,NJ,Middlesex,Bush,republican,420,1000
11/02/2004,AR,Monroe,Kerry,democrat,490,1000
11/02/2004,AR,Monroe,Bush,republican,510,1000
11/02/2004,MN,Pennington,Kerry,democrat,420,1000
11/02/2004,MN,Pennington,Bush,republican,580,1000
11/02/2004,RI,Washington,Kerry,democrat,580,1000
11/02/2004,RI,Washington,Bush,republican,420,1000
11/02/2004,AR,Lonoke,Kerry,democrat,420,1000
11/02/2004,AR,Lonoke,Bush,republican,580,1000
11/02/2004,NE,Dakota,Kerry,democrat,490,1000
11/02/2004,NE,Dakota,Bush,republican,510,1000
11/02/2004,AR,Little_River,Kerry,democrat,420,1000
11/02/2004,AR,Little_River,Bush,republican,580,1000
11/02/2004,AR,Logan,Kerry,democrat,420,1000
11/02/2004,AR,Logan,Bush,republican,580,1000
11/02/2004,VA,Harrisonburg,Kerry,democrat,420,1000
11/02/2004,VA,Harrisonburg,Bush,republican,580,1000
11/02/2004,NC,Mitchell,Kerry,democrat,420,1000
11/02/2004,NC,Mitchell,Bush,republican,580,1000
11/02/2004,VA,York,Kerry,democrat,470,1000
11/02/2004,VA,York,Bush,republican,530,1000
11/02/2004,LA,Rapides,Kerry,democrat,490,1000
11/02/2004,LA,Rapides,Bush,republican,510,1000
11/02/2004,KS,Gove,Kerry,democrat,420,1000
11/02/2004,KS,Gove,Bush,republican,580,1000
11/02/2004,VA,Powhatan,Kerry,democrat,420,1000
11/02/2004,VA,Powhatan,Bush,republican,580,1000
11/02/2004,AR,Sharp,Kerry,democrat,420,1000
11/02/2004,AR,Sharp,Bush,republican,580,1000
11/02/2004,MS,Tate,Kerry,democrat,490,1000
11/02/2004,MS,Tate,Bush,republican,510,1000
11/02/2004,TN,Scott,Kerry,democrat,420,1000
11/02/2004,TN,Scott,Bush,republican,580,1000
11/02/2004,ME,Penobscot,Kerry,democrat,530,1000
11/02/2004,ME,Penobscot,Bush,republican,470,1000
11/02/2004,NC,Montgomery,Kerry,democrat,420,1000
11/02/2004,NC,Montgomery,Bush,republican,580,1000
11/02/2004,NE,Sioux,Kerry,democrat,420,1000
11/02/2004,NE,Sioux,Bush,republican,580,1000
11/02/2004,WA,Columbia,Kerry,democrat,470,1000
11/02/2004,WA,Columbia,Bush,republican,530,1000
11/02/2004,CA,San_Francisco,Kerry,democrat,580,1000
11/02/2004,CA,San_Francisco,Bush,republican,420,1000
11/02/2004,MO,Platte,Kerry,democrat,510,1000
11/02/2004,MO,Platte,Bush,republican,490,1000
11/02/2004,ND,Traill,Kerry,democrat,470,1000
11/02/2004,ND,Traill,Bush,republican,530,1000
11/02/2004,NJ,Atlantic,Kerry,democrat,580,1000
11/02/2004,NJ,Atlantic,Bush,republican,420,1000
11/02/2004,VA,Chesterfield,Kerry,democrat,580,1000
11/02/2004,VA,Chesterfield,Bush,republican,420,1000
11/02/2004,IN,LaGrange,Kerry,democrat,420,1000
11/02/2004,IN,LaGrange,Bush,republican,580,1000
11/02/2004,CO,Garfield,Kerry,democrat,530,1000
11/02/2004,CO,Garfield,Bush,republican,470,1000
11/02/2004,FL,Indian_River,Kerry,democrat,470,1000
11/02/2004,FL,Indian_River,Bush,republican,530,1000
11/02/2004,NC,Rutherford,Kerry,democrat,420,1000
11/02/2004,NC,Rutherford,Bush,republican,580,1000
11/02/2004,OH,Mahoning,Kerry,democrat,580,1000
11/02/2004,OH,Mahoning,Bush,republican,420,1000
11/02/2004,KS,Clark,Kerry,democrat,420,1000
11/02/2004,KS,Clark,Bush,republican,580,1000
11/02/2004,MO,Buchanan,Kerry,democrat,470,1000
11/02/2004,MO,Buchanan,Bush,republican,530,1000
11/02/2004,OH,Lake,Kerry,democrat,503,1000
11/02/2004,OH,Lake,Bush,republican,497,1000
11/02/2004,IN,Daviess,Kerry,democrat,420,1000
11/02/2004,IN,Daviess,Bush,republican,580,1000
11/02/2004,IA,Muscatine,Kerry,democrat,580,1000
11/02/2004,IA,Muscatine,Bush,republican,420,1000
11/02/2004,NJ,Hudson,Kerry,democrat,580,1000
11/02/2004,NJ,Hudson,Bush,republican,420,1000
11/02/2004,CA,Plumas,Kerry,democrat,470,1000
11/02/2004,CA,Plumas,Bush,republican,530,1000
11/02/2004,LA,Winn,Kerry,democrat,420,1000
11/02/2004,LA,Winn,Bush,republican,580,1000
11/02/2004,AR,Pike,Kerry,democrat,420,1000
11/02/2004,AR,Pike,Bush,republican,580,1000
11/02/2004,MO,St_Charles,Kerry,democrat,490,1000
11/02/2004,MO,St_Charles,Bush,republican,510,1000
11/02/2004,IL,Knox,Kerry,democrat,490,1000
11/02/2004,IL,Knox,Bush,republican,510,1000
11/02/2004,CA,San_Mateo,Kerry,democrat,580,1000
11/02/2004,CA,San_Mateo,Bush,republican,420,1000
11/02/2004,AL,Crenshaw,Kerry,democrat,420,1000
11/02/2004,AL,Crenshaw,Bush,republican,580,1000
11/02/2004,NC,Tyrrell,Kerry,democrat,580,1000
11/02/2004,NC,Tyrrell,Bush,republican,420,1000
11/02/2004,KS,Johnson,Kerry,democrat,580,1000
11/02/2004,KS,Johnson,Bush,republican,420,1000
11/02/2004,IN,Steuben,Kerry,democrat,420,1000
11/02/2004,IN,Steuben,Bush,republican,580,1000
11/02/2004,CO,Kit_Carson,Kerry,democrat,420,1000
11/02/2004,CO,Kit_Carson,Bush,republican,580,1000
11/02/2004,FL,Palm_Beach,Kerry,democrat,580,1000
11/02/2004,FL,Palm_Beach,Bush,republican,420,1000
11/02/2004,IL,Marion,Kerry,democrat,420,1000
11/02/2004,IL,Marion,Bush,republican,580,1000
11/02/2004,CO,Moffat,Kerry,democrat,420,1000
11/02/2004,CO,Moffat,Bush,republican,580,1000
11/02/2004,MN,Norman,Kerry,democrat,510,1000
11/02/2004,MN,Norman,Bush,republican,490,1000
11/02/2004,MO,Bollinger,Kerry,democrat,420,1000
11/02/2004,MO,Bollinger,Bush,republican,580,1000
11/02/2004,VA,Appomattox,Kerry,democrat,420,1000
11/02/2004,VA,Appomattox,Bush,republican,580,1000
11/02/2004,WA,Wahkiakum,Kerry,democrat,530,1000
11/02/2004,WA,Wahkiakum,Bush,republican,470,1000
11/02/2004,GA,Richmond,Kerry,democrat,580,1000
11/02/2004,GA,Richmond,Bush,republican,420,1000
11/02/2004,NC,Orange,Kerry,democrat,580,1000
11/02/2004,NC,Orange,Bush,republican,420,1000
11/02/2004,PA,Armstrong,Kerry,democrat,420,1000
11/02/2004,PA,Armstrong,Bush,republican,580,1000
11/02/2004,TX,Henderson,Kerry,democrat,420,1000
11/02/2004,TX,Henderson,Bush,republican,580,1000
11/02/2004,GA,Stewart,Kerry,democrat,580,1000
11/02/2004,GA,Stewart,Bush,republican,420,1000
11/02/2004,KY,Hardin,Kerry,democrat,420,1000
11/02/2004,KY,Hardin,Bush,republican,580,1000
11/02/2004,MN,Morrison,Kerry,democrat,420,1000
11/02/2004,MN,Morrison,Bush,republican,580,1000
11/02/2004,IL,Mason,Kerry,democrat,470,1000
11/02/2004,IL,Mason,Bush,republican,530,1000
11/02/2004,TX,Red_River,Kerry,democrat,420,1000
11/02/2004,TX,Red_River,Bush,republican,580,1000
11/02/2004,FL,Collier,Kerry,democrat,470,1000
11/02/2004,FL,Collier,Bush,republican,530,1000
11/02/2004,TX,Travis,Kerry,democrat,580,1000
11/02/2004,TX,Travis,Bush,republican,420,1000
11/02/2004,CA,Sutter,Kerry,democrat,420,1000
11/02/2004,CA,Sutter,Bush,republican,580,1000
11/02/2004,CA,Lassen,Kerry,democrat,420,1000
11/02/2004,CA,Lassen,Bush,republican,580,1000
11/02/2004,FL,Osceola,Kerry,democrat,580,1000
11/02/2004,FL,Osceola,Bush,republican,420,1000
11/02/2004,ID,Teton,Kerry,democrat,580,1000
11/02/2004,ID,Teton,Bush,republican,420,1000
11/02/2004,CO,Rio_Grande,Kerry,democrat,470,1000
11/02/2004,CO,Rio_Grande,Bush,republican,530,1000
11/02/2004,MI,Delta,Kerry,democrat,470,1000
11/02/2004,MI,Delta,Bush,republican,530,1000
11/02/2004,NY,Queens,Kerry,democrat,580,1000
11/02/2004,NY,Queens,Bush,republican,420,1000
11/02/2004,OR,Curry,Kerry,democrat,470,1000
11/02/2004,OR,Curry,Bush,republican,530,1000
11/02/2004,VA,Essex,Kerry,democrat,470,1000
11/02/2004,VA,Essex,Bush,republican,530,1000
11/02/2004,OK,Tillman,Kerry,democrat,420,1000
11/02/2004,OK,Tillman,Bush,republican,580,1000
11/02/2004,CO,Crowley,Kerry,democrat,420,1000
11/02/2004,CO,Crowley,Bush,republican,580,1000
11/02/2004,CO,Pueblo,Kerry,democrat,510,1000
11/02/2004,CO,Pueblo,Bush,republican,490,1000
11/02/2004,CO,Las_Animas,Kerry,democrat,530,1000
11/02/2004,CO,Las_Animas,Bush,republican,470,1000
11/02/2004,OK,Adair,Kerry,democrat,420,1000
11/02/2004,OK,Adair,Bush,republican,580,1000
11/02/2004,NY,Schoharie,Kerry,democrat,420,1000
11/02/2004,NY,Schoharie,Bush,republican,580,1000
11/02/2004,NY,Broome,Kerry,democrat,530,1000
11/02/2004,NY,Broome,Bush,republican,470,1000
11/02/2004,OH,Scioto,Kerry,democrat,420,1000
11/02/2004,OH,Scioto,Bush,republican,580,1000
11/02/2004,OH,Seneca,Kerry,democrat,470,1000
11/02/2004,OH,Seneca,Bush,republican,530,1000
11/02/2004,TX,Starr,Kerry,democrat,420,1000
11/02/2004,TX,Starr,Bush,republican,580,1000
11/02/2004,GA,Glynn,Kerry,democrat,420,1000
11/02/2004,GA,Glynn,Bush,republican,580,1000
11/02/2004,GA,Hall,Kerry,democrat,420,1000
11/02/2004,GA,Hall,Bush,republican,580,1000
11/02/2004,TX,Brazoria,Kerry,democrat,490,1000
11/02/2004,TX,Brazoria,Bush,republican,510,1000
11/02/2004,PA,Northumberland,Kerry,democrat,470,1000
11/02/2004,PA,Northumberland,Bush,republican,530,1000
11/02/2004,MI,Washtenaw,Kerry,democrat,580,1000
11/02/2004,MI,Washtenaw,Bush,republican,420,1000
11/02/2004,NC,Ashe,Kerry,democrat,420,1000
11/02/2004,NC,Ashe,Bush,republican,580,1000
11/02/2004,VA,Russell,Kerry,democrat,420,1000
11/02/2004,VA,Russell,Bush,republican,580,1000
11/02/2004,NC,Bladen,Kerry,democrat,490,1000
11/02/2004,NC,Bladen,Bush,republican,510,1000
11/02/2004,KY,Johnson,Kerry,democrat,420,1000
11/02/2004,KY,Johnson,Bush,republican,580,1000
11/02/2004,NC,Robeson,Kerry,democrat,490,1000
11/02/2004,NC,Robeson,Bush,republican,510,1000
11/02/2004,TN,Shelby,Kerry,democrat,580,1000
11/02/2004,TN,Shelby,Bush,republican,420,1000
11/02/2004,MI,Iosco,Kerry,democrat,470,1000
11/02/2004,MI,Iosco,Bush,republican,530,1000
11/02/2004,OK,Muskogee,Kerry,democrat,470,1000
11/02/2004,OK,Muskogee,Bush,republican,530,1000
11/02/2004,GA,Crawford,Kerry,democrat,470,1000
11/02/2004,GA,Crawford,Bush,republican,530,1000
11/02/2004,VA,Virginia_Beach,Kerry,democrat,530,1000
11/02/2004,VA,Virginia_Beach,Bush,republican,470,1000
11/02/2004,MI,Oakland,Kerry,democrat,580,1000
11/02/2004,MI,Oakland,Bush,republican,420,1000
11/02/2004,MI,Saginaw,Kerry,democrat,530,1000
11/02/2004,MI,Saginaw,Bush,republican,470,1000
11/02/2004,TN,Greene,Kerry,democrat,420,1000
11/02/2004,TN,Greene,Bush,republican,580,1000
11/02/2004,PA,Carbon,Kerry,democrat,470,1000
11/02/2004,PA,Carbon,Bush,republican,530,1000
11/02/2004,SC,Chesterfield,Kerry,democrat,503,1000
11/02/2004,SC,Chesterfield,Bush,republican,497,1000
11/02/2004,TN,Sullivan,Kerry,democrat,420,1000
11/02/2004,TN,Sullivan,Bush,republican,580,1000
11/02/2004,NM,Roosevelt,Kerry,democrat,420,1000
11/02/2004,NM,Roosevelt,Bush,republican,580,1000
11/02/2004,LA,Ascension,Kerry,democrat,470,1000
11/02/2004,LA,Ascension,Bush,republican,530,1000
11/02/2004,GA,Berrien,Kerry,democrat,420,1000
11/02/2004,GA,Berrien,Bush,republican,580,1000
11/02/2004,NC,Johnston,Kerry,democrat,510,1000
11/02/2004,NC,Johnston,Bush,republican,490,1000
11/02/2004,KY,Lawrence,Kerry,democrat,420,1000
11/02/2004,KY,Lawrence,Bush,republican,580,1000
11/02/2004,PA,Fayette,Kerry,democrat,470,1000
11/02/2004,PA,Fayette,Bush,republican,530,1000
11/02/2004,TN,Lawrence,Kerry,democrat,420,1000
11/02/2004,TN,Lawrence,Bush,republican,580,1000
11/02/2004,UT,Iron,Kerry,democrat,420,1000
11/02/2004,UT,Iron,Bush,republican,580,1000
11/02/2004,VA,Bland,Kerry,democrat,420,1000
11/02/2004,VA,Bland,Bush,republican,580,1000
11/02/2004,IA,Lee,Kerry,democrat,580,1000
11/02/2004,IA,Lee,Bush,republican,420,1000
11/02/2004,MI,Bay,Kerry,democrat,580,1000
11/02/2004,MI,Bay,Bush,republican,420,1000
11/02/2004,NE,Washington,Kerry,democrat,470,1000
11/02/2004,NE,Washington,Bush,republican,530,1000
11/02/2004,NE,Cheyenne,Kerry,democrat,420,1000
11/02/2004,NE,Cheyenne,Bush,republican,580,1000
11/02/2004,SC,Hampton,Kerry,democrat,580,1000
11/02/2004,SC,Hampton,Bush,republican,420,1000
11/02/2004,NC,Rockingham,Kerry,democrat,420,1000
11/02/2004,NC,Rockingham,Bush,republican,580,1000
11/02/2004,OH,Miami,Kerry,democrat,420,1000
11/02/2004,OH,Miami,Bush,republican,580,1000
11/02/2004,OK,Pottawatomie,Kerry,democrat,420,1000
11/02/2004,OK,Pottawatomie,Bush,republican,580,1000
11/02/2004,OR,Polk,Kerry,democrat,530,1000
11/02/2004,OR,Polk,Bush,republican,470,1000
11/02/2004,PA,McKean,Kerry,democrat,420,1000
11/02/2004,PA,McKean,Bush,republican,580,1000
11/02/2004,SC,Dorchester,Kerry,democrat,510,1000
11/02/2004,SC,Dorchester,Bush,republican,490,1000
11/02/2004,VA,Waynesboro,Kerry,democrat,470,1000
11/02/2004,VA,Waynesboro,Bush,republican,530,1000
11/02/2004,WV,Mercer,Kerry,democrat,420,1000
11/02/2004,WV,Mercer,Bush,republican,580,1000
11/02/2004,AR,Jefferson,Kerry,democrat,580,1000
11/02/2004,AR,Jefferson,Bush,republican,420,1000
11/02/2004,CA,Tulare,Kerry,democrat,490,1000
11/02/2004,CA,Tulare,Bush,republican,510,1000
11/02/2004,ID,Bingham,Kerry,democrat,420,1000
11/02/2004,ID,Bingham,Bush,republican,580,1000
11/02/2004,IA,Hardin,Kerry,democrat,490,1000
11/02/2004,IA,Hardin,Bush,republican,510,1000
11/02/2004,VA,Chesapeake,Kerry,democrat,530,1000
11/02/2004,VA,Chesapeake,Bush,republican,470,1000
11/02/2004,IA,Cedar,Kerry,democrat,530,1000
11/02/2004,IA,Cedar,Bush,republican,470,1000
11/02/2004,AR,Chicot,Kerry,democrat,580,1000
11/02/2004,AR,Chicot,Bush,republican,420,1000
11/02/2004,CA,Tehama,Kerry,democrat,420,1000
11/02/2004,CA,Tehama,Bush,republican,580,1000
11/02/2004,MS,Madison,Kerry,democrat,530,1000
11/02/2004,MS,Madison,Bush,republican,470,1000
11/02/2004,UT,Garfield,Kerry,democrat,420,1000
11/02/2004,UT,Garfield,Bush,republican,580,1000
11/02/2004,TX,Johnson,Kerry,democrat,420,1000
11/02/2004,TX,Johnson,Bush,republican,580,1000
11/02/2004,MT,Judith_Basin,Kerry,democrat,470,1000
11/02/2004,MT,Judith_Basin,Bush,republican,530,1000
11/02/2004,WA,Benton,Kerry,democrat,490,1000
11/02/2004,WA,Benton,Bush,republican,510,1000
11/02/2004,WI,Wood,Kerry,democrat,470,1000
11/02/2004,WI,Wood,Bush,republican,530,1000
11/02/2004,NC,Hyde,Kerry,democrat,503,1000
11/02/2004,NC,Hyde,Bush,republican,497,1000
11/02/2004,ND,Emmons,Kerry,democrat,420,1000
11/02/2004,ND,Emmons,Bush,republican,580,1000
11/02/2004,TX,Gaines,Kerry,democrat,420,1000
11/02/2004,TX,Gaines,Bush,republican,580,1000
11/02/2004,TX,Lee,Kerry,democrat,420,1000
11/02/2004,TX,Lee,Bush,republican,580,1000
11/02/2004,KY,Owen,Kerry,democrat,420,1000
11/02/2004,KY,Owen,Bush,republican,580,1000
11/02/2004,KY,Jessamine,Kerry,democrat,420,1000
11/02/2004,KY,Jessamine,Bush,republican,580,1000
11/02/2004,KY,Rowan,Kerry,democrat,470,1000
11/02/2004,KY,Rowan,Bush,republican,530,1000
11/02/2004,MO,Miller,Kerry,democrat,420,1000
11/02/2004,MO,Miller,Bush,republican,580,1000
11/02/2004,NH,Carroll,Kerry,democrat,530,1000
11/02/2004,NH,Carroll,Bush,republican,470,1000
11/02/2004,VA,Roanoke,Kerry,democrat,580,1000
11/02/2004,VA,Roanoke,Bush,republican,420,1000
11/02/2004,NC,Watauga,Kerry,democrat,580,1000
11/02/2004,NC,Watauga,Bush,republican,420,1000
11/02/2004,CA,Kings,Kerry,democrat,470,1000
11/02/2004,CA,Kings,Bush,republican,530,1000
11/02/2004,LA,East_Feliciana,Kerry,democrat,470,1000
11/02/2004,LA,East_Feliciana,Bush,republican,530,1000
11/02/2004,MO,Benton,Kerry,democrat,420,1000
11/02/2004,MO,Benton,Bush,republican,580,1000
11/02/2004,KS,Sumner,Kerry,democrat,420,1000
11/02/2004,KS,Sumner,Bush,republican,580,1000
11/02/2004,KY,Livingston,Kerry,democrat,420,1000
11/02/2004,KY,Livingston,Bush,republican,580,1000
11/02/2004,CA,San_Joaquin,Kerry,democrat,580,1000
11/02/2004,CA,San_Joaquin,Bush,republican,420,1000
11/02/2004,OK,Alfalfa,Kerry,democrat,420,1000
11/02/2004,OK,Alfalfa,Bush,republican,580,1000
11/02/2004,PA,Berks,Kerry,democrat,580,1000
11/02/2004,PA,Berks,Bush,republican,420,1000
11/02/2004,PA,Lebanon,Kerry,democrat,470,1000
11/02/2004,PA,Lebanon,Bush,republican,530,1000
11/02/2004,GA,Calhoun,Kerry,democrat,580,1000
11/02/2004,GA,Calhoun,Bush,republican,420,1000
11/02/2004,AR,Scott,Kerry,democrat,420,1000
11/02/2004,AR,Scott,Bush,republican,580,1000
11/02/2004,CO,Baca,Kerry,democrat,420,1000
11/02/2004,CO,Baca,Bush,republican,580,1000
11/02/2004,FL,Bay,Kerry,democrat,420,1000
11/02/2004,FL,Bay,Bush,republican,580,1000
11/02/2004,GA,Lowndes,Kerry,democrat,470,1000
11/02/2004,GA,Lowndes,Bush,republican,530,1000
11/02/2004,IN,Vermillion,Kerry,democrat,470,1000
11/02/2004,IN,Vermillion,Bush,republican,530,1000
11/02/2004,NY,Sullivan,Kerry,democrat,497,1000
11/02/2004,NY,Sullivan,Bush,republican,503,1000
11/02/2004,OH,Pickaway,Kerry,democrat,420,1000
11/02/2004,OH,Pickaway,Bush,republican,580,1000
11/02/2004,OK,Woodward,Kerry,democrat,420,1000
11/02/2004,OK,Woodward,Bush,republican,580,1000
11/02/2004,NE,Boyd,Kerry,democrat,420,1000
11/02/2004,NE,Boyd,Bush,republican,580,1000
11/02/2004,KY,Cumberland,Kerry,democrat,420,1000
11/02/2004,KY,Cumberland,Bush,republican,580,1000
11/02/2004,MN,Wabasha,Kerry,democrat,470,1000
11/02/2004,MN,Wabasha,Bush,republican,530,1000
11/02/2004,VA,Southampton,Kerry,democrat,470,1000
11/02/2004,VA,Southampton,Bush,republican,530,1000
11/02/2004,NY,Dutchess,Kerry,democrat,530,1000
11/02/2004,NY,Dutchess,Bush,republican,470,1000
11/02/2004,VA,James_City,Kerry,democrat,530,1000
11/02/2004,VA,James_City,Bush,republican,470,1000
11/02/2004,GA,Taylor,Kerry,democrat,470,1000
11/02/2004,GA,Taylor,Bush,republican,530,1000
11/02/2004,TX,Smith,Kerry,democrat,420,1000
11/02/2004,TX,Smith,Bush,republican,580,1000
11/02/2004,TX,Kerr,Kerry,democrat,420,1000
11/02/2004,TX,Kerr,Bush,republican,580,1000
11/02/2004,WV,Lewis,Kerry,democrat,420,1000
11/02/2004,WV,Lewis,Bush,republican,580,1000
11/02/2004,ND,Oliver,Kerry,democrat,420,1000
11/02/2004,ND,Oliver,Bush,republican,580,1000
11/02/2004,TN,Morgan,Kerry,democrat,420,1000
11/02/2004,TN,Morgan,Bush,republican,580,1000
11/02/2004,WY,Big_Horn,Kerry,democrat,420,1000
11/02/2004,WY,Big_Horn,Bush,republican,580,1000
11/02/2004,KY,Mason,Kerry,democrat,420,1000
11/02/2004,KY,Mason,Bush,republican,580,1000
11/02/2004,LA,St_Helena,Kerry,democrat,530,1000
11/02/2004,LA,St_Helena,Bush,republican,470,1000
11/02/2004,MD,Garrett,Kerry,democrat,420,1000
11/02/2004,MD,Garrett,Bush,republican,580,1000
11/02/2004,MI,Mackinac,Kerry,democrat,420,1000
11/02/2004,MI,Mackinac,Bush,republican,580,1000
11/02/2004,TN,Davidson,Kerry,democrat,580,1000
11/02/2004,TN,Davidson,Bush,republican,420,1000
11/02/2004,TX,Grimes,Kerry,democrat,420,1000
11/02/2004,TX,Grimes,Bush,republican,580,1000
11/02/2004,TX,Foard,Kerry,democrat,420,1000
11/02/2004,TX,Foard,Bush,republican,580,1000
11/02/2004,VA,Franklin,Kerry,democrat,420,1000
11/02/2004,VA,Franklin,Bush,republican,580,1000
11/02/2004,VA,Botetourt,Kerry,democrat,420,1000
11/02/2004,VA,Botetourt,Bush,republican,580,1000
11/02/2004,NC,Pasquotank,Kerry,democrat,580,1000
11/02/2004,NC,Pasquotank,Bush,republican,420,1000
11/02/2004,AR,Baxter,Kerry,democrat,420,1000
11/02/2004,AR,Baxter,Bush,republican,580,1000
11/02/2004,NY,Tompkins,Kerry,democrat,580,1000
11/02/2004,NY,Tompkins,Bush,republican,420,1000
11/02/2004,WV,Webster,Kerry,democrat,420,1000
11/02/2004,WV,Webster,Bush,republican,580,1000
11/02/2004,WV,Clay,Kerry,democrat,420,1000
11/02/2004,WV,Clay,Bush,republican,580,1000
11/02/2004,WV,Jackson,Kerry,democrat,420,1000
11/02/2004,WV,Jackson,Bush,republican,580,1000
11/02/2004,AL,Sumter,Kerry,democrat,420,1000
11/02/2004,AL,Sumter,Bush,republican,580,1000
11/02/2004,AZ,Pima,Kerry,democrat,580,1000
11/02/2004,AZ,Pima,Bush,republican,420,1000
11/02/2004,CO,Jackson,Kerry,democrat,420,1000
11/02/2004,CO,Jackson,Bush,republican,580,1000
11/02/2004,IL,Lake,Kerry,democrat,580,1000
11/02/2004,IL,Lake,Bush,republican,420,1000
11/02/2004,MS,Jackson,Kerry,democrat,420,1000
11/02/2004,MS,Jackson,Bush,republican,580,1000
11/02/2004,MT,Daniels,Kerry,democrat,420,1000
11/02/2004,MT,Daniels,Bush,republican,580,1000
11/02/2004,NH,Sullivan,Kerry,democrat,530,1000
11/02/2004,NH,Sullivan,Bush,republican,470,1000
11/02/2004,NJ,Gloucester,Kerry,democrat,530,1000
11/02/2004,NJ,Gloucester,Bush,republican,470,1000
11/02/2004,NC,Bertie,Kerry,democrat,580,1000
11/02/2004,NC,Bertie,Bush,republican,420,1000
11/02/2004,SD,Ziebach,Kerry,democrat,420,1000
11/02/2004,SD,Ziebach,Bush,republican,580,1000
11/02/2004,IA,Ringgold,Kerry,democrat,470,1000
11/02/2004,IA,Ringgold,Bush,republican,530,1000
11/02/2004,AL,Lauderdale,Kerry,democrat,420,1000
11/02/2004,AL,Lauderdale,Bush,republican,580,1000
11/02/2004,AZ,Santa_Cruz,Kerry,democrat,580,1000
11/02/2004,AZ,Santa_Cruz,Bush,republican,420,1000
11/02/2004,MS,Marion,Kerry,democrat,420,1000
11/02/2004,MS,Marion,Bush,republican,580,1000
11/02/2004,AL,Limestone,Kerry,democrat,470,1000
11/02/2004,AL,Limestone,Bush,republican,530,1000
11/02/2004,FL,Calhoun,Kerry,democrat,420,1000
11/02/2004,FL,Calhoun,Bush,republican,580,1000
11/02/2004,FL,Hernando,Kerry,democrat,530,1000
11/02/2004,FL,Hernando,Bush,republican,470,1000
11/02/2004,FL,Washington,Kerry,democrat,420,1000
11/02/2004,FL,Washington,Bush,republican,580,1000
11/02/2004,SD,Edmunds,Kerry,democrat,420,1000
11/02/2004,SD,Edmunds,Bush,republican,580,1000
11/02/2004,SD,Walworth,Kerry,democrat,420,1000
11/02/2004,SD,Walworth,Bush,republican,580,1000
11/02/2004,IL,Henderson,Kerry,democrat,510,1000
11/02/2004,IL,Henderson,Bush,republican,490,1000
11/02/2004,KY,Trimble,Kerry,democrat,420,1000
11/02/2004,KY,Trimble,Bush,republican,580,1000
11/02/2004,LA,St_Tammany,Kerry,democrat,420,1000
11/02/2004,LA,St_Tammany,Bush,republican,580,1000
11/02/2004,MD,Baltimore_City,Kerry,democrat,580,1000
11/02/2004,MD,Baltimore_City,Bush,republican,420,1000
11/02/2004,NC,Beaufort,Kerry,democrat,510,1000
11/02/2004,NC,Beaufort,Bush,republican,490,1000
11/02/2004,OH,Columbiana,Kerry,democrat,420,1000
11/02/2004,OH,Columbiana,Bush,republican,580,1000
11/02/2004,MT,Musselshell,Kerry,democrat,420,1000
11/02/2004,MT,Musselshell,Bush,republican,580,1000
11/02/2004,TX,Cameron,Kerry,democrat,530,1000
11/02/2004,TX,Cameron,Bush,republican,470,1000
11/02/2004,CA,Siskiyou,Kerry,democrat,470,1000
11/02/2004,CA,Siskiyou,Bush,republican,530,1000
11/02/2004,CO,Costilla,Kerry,democrat,580,1000
11/02/2004,CO,Costilla,Bush,republican,420,1000
11/02/2004,10,Sussex,Kerry,democrat,490,1000
11/02/2004,10,Sussex,Bush,republican,510,1000
11/02/2004,WA,Lewis,Kerry,democrat,470,1000
11/02/2004,WA,Lewis,Bush,republican,530,1000
11/02/2004,NJ,Sussex,Kerry,democrat,470,1000
11/02/2004,NJ,Sussex,Bush,republican,530,1000
11/02/2004,MA,Dukes,Kerry,democrat,580,1000
11/02/2004,MA,Dukes,Bush,republican,420,1000
11/02/2004,MN,Pine,Kerry,democrat,470,1000
11/02/2004,MN,Pine,Bush,republican,530,1000
11/02/2004,MS,Scott,Kerry,democrat,420,1000
11/02/2004,MS,Scott,Bush,republican,580,1000
11/02/2004,MT,Hill,Kerry,democrat,420,1000
11/02/2004,MT,Hill,Bush,republican,580,1000
11/02/2004,NY,Franklin,Kerry,democrat,510,1000
11/02/2004,NY,Franklin,Bush,republican,490,1000
11/02/2004,NJ,Essex,Kerry,democrat,580,1000
11/02/2004,NJ,Essex,Bush,republican,420,1000
11/02/2004,WA,Mason,Kerry,democrat,580,1000
11/02/2004,WA,Mason,Bush,republican,420,1000
11/02/2004,AR,Cleveland,Kerry,democrat,420,1000
11/02/2004,AR,Cleveland,Bush,republican,580,1000
11/02/2004,IN,Shelby,Kerry,democrat,420,1000
11/02/2004,IN,Shelby,Bush,republican,580,1000
11/02/2004,IN,Decatur,Kerry,democrat,420,1000
11/02/2004,IN,Decatur,Bush,republican,580,1000
11/02/2004,KY,Breathitt,Kerry,democrat,420,1000
11/02/2004,KY,Breathitt,Bush,republican,580,1000
11/02/2004,LA,St_James,Kerry,democrat,530,1000
11/02/2004,LA,St_James,Bush,republican,470,1000
11/02/2004,MO,Shelby,Kerry,democrat,420,1000
11/02/2004,MO,Shelby,Bush,republican,580,1000
11/02/2004,IN,Vigo,Kerry,democrat,530,1000
11/02/2004,IN,Vigo,Bush,republican,470,1000
11/02/2004,IA,Jackson,Kerry,democrat,530,1000
11/02/2004,IA,Jackson,Bush,republican,470,1000
11/02/2004,KS,Montgomery,Kerry,democrat,420,1000
11/02/2004,KS,Montgomery,Bush,republican,580,1000
11/02/2004,KY,Martin,Kerry,democrat,420,1000
11/02/2004,KY,Martin,Bush,republican,580,1000
11/02/2004,MI,Benzie,Kerry,democrat,510,1000
11/02/2004,MI,Benzie,Bush,republican,490,1000
11/02/2004,MS,Lafayette,Kerry,democrat,490,1000
11/02/2004,MS,Lafayette,Bush,republican,510,1000
11/02/2004,NY,Steuben,Kerry,democrat,420,1000
11/02/2004,NY,Steuben,Bush,republican,580,1000
11/02/2004,CO,Larimer,Kerry,democrat,580,1000
11/02/2004,CO,Larimer,Bush,republican,420,1000
11/02/2004,MI,Manistee,Kerry,democrat,470,1000
11/02/2004,MI,Manistee,Bush,republican,530,1000
11/02/2004,NC,Surry,Kerry,democrat,420,1000
11/02/2004,NC,Surry,Bush,republican,580,1000
11/02/2004,WA,Pend_Oreille,Kerry,democrat,470,1000
11/02/2004,WA,Pend_Oreille,Bush,republican,530,1000
11/02/2004,KY,Clark,Kerry,democrat,420,1000
11/02/2004,KY,Clark,Bush,republican,580,1000
11/02/2004,NY,Fulton,Kerry,democrat,420,1000
11/02/2004,NY,Fulton,Bush,republican,580,1000
11/02/2004,OH,Wayne,Kerry,democrat,420,1000
11/02/2004,OH,Wayne,Bush,republican,580,1000
11/02/2004,SC,York,Kerry,democrat,497,1000
11/02/2004,SC,York,Bush,republican,503,1000
11/02/2004,MO,Schuyler,Kerry,democrat,420,1000
11/02/2004,MO,Schuyler,Bush,republican,580,1000
11/02/2004,MT,Stillwater,Kerry,democrat,420,1000
11/02/2004,MT,Stillwater,Bush,republican,580,1000
11/02/2004,VA,Rockingham,Kerry,democrat,420,1000
11/02/2004,VA,Rockingham,Bush,republican,580,1000
11/02/2004,GA,Meriwether,Kerry,democrat,420,1000
11/02/2004,GA,Meriwether,Bush,republican,580,1000
11/02/2004,ND,McKenzie,Kerry,democrat,420,1000
11/02/2004,ND,McKenzie,Bush,republican,580,1000
11/02/2004,ND,Morton,Kerry,democrat,420,1000
11/02/2004,ND,Morton,Bush,republican,580,1000
11/02/2004,OR,Yamhill,Kerry,democrat,530,1000
11/02/2004,OR,Yamhill,Bush,republican,470,1000
11/02/2004,SC,Marlboro,Kerry,democrat,530,1000
11/02/2004,SC,Marlboro,Bush,republican,470,1000
11/02/2004,NC,Clay,Kerry,democrat,420,1000
11/02/2004,NC,Clay,Bush,republican,580,1000
11/02/2004,MT,Chouteau,Kerry,democrat,420,1000
11/02/2004,MT,Chouteau,Bush,republican,580,1000
11/02/2004,SC,Greenville,Kerry,democrat,510,1000
11/02/2004,SC,Greenville,Bush,republican,490,1000
11/02/2004,AL,Pickens,Kerry,democrat,420,1000
11/02/2004,AL,Pickens,Bush,republican,580,1000
11/02/2004,MO,Iron,Kerry,democrat,420,1000
11/02/2004,MO,Iron,Bush,republican,580,1000
11/02/2004,UT,Daggett,Kerry,democrat,420,1000
11/02/2004,UT,Daggett,Bush,republican,580,1000
11/02/2004,FL,Broward,Kerry,democrat,580,1000
11/02/2004,FL,Broward,Bush,republican,420,1000
11/02/2004,MS,Hinds,Kerry,democrat,580,1000
11/02/2004,MS,Hinds,Bush,republican,420,1000
11/02/2004,NC,Onslow,Kerry,democrat,420,1000
11/02/2004,NC,Onslow,Bush,republican,580,1000
11/02/2004,AL,Clarke,Kerry,democrat,420,1000
11/02/2004,AL,Clarke,Bush,republican,580,1000
11/02/2004,AR,Madison,Kerry,democrat,420,1000
11/02/2004,AR,Madison,Bush,republican,580,1000
11/02/2004,FL,Liberty,Kerry,democrat,420,1000
11/02/2004,FL,Liberty,Bush,republican,580,1000
11/02/2004,IN,Monroe,Kerry,democrat,580,1000
11/02/2004,IN,Monroe,Bush,republican,420,1000
11/02/2004,IN,Dubois,Kerry,democrat,420,1000
11/02/2004,IN,Dubois,Bush,republican,580,1000
11/02/2004,IA,Buena_Vista,Kerry,democrat,420,1000
11/02/2004,IA,Buena_Vista,Bush,republican,580,1000
11/02/2004,KS,Gray,Kerry,democrat,420,1000
11/02/2004,KS,Gray,Bush,republican,580,1000
11/02/2004,KY,Grant,Kerry,democrat,420,1000
11/02/2004,KY,Grant,Bush,republican,580,1000
11/02/2004,TN,Putnam,Kerry,democrat,420,1000
11/02/2004,TN,Putnam,Bush,republican,580,1000
11/02/2004,TN,Benton,Kerry,democrat,420,1000
11/02/2004,TN,Benton,Bush,republican,580,1000
11/02/2004,UT,Duchesne,Kerry,democrat,420,1000
11/02/2004,UT,Duchesne,Bush,republican,580,1000
11/02/2004,VA,Isle_of_Wight,Kerry,democrat,470,1000
11/02/2004,VA,Isle_of_Wight,Bush,republican,530,1000
11/02/2004,WY,Hot_Springs,Kerry,democrat,420,1000
11/02/2004,WY,Hot_Springs,Bush,republican,580,1000
11/02/2004,SD,Perkins,Kerry,democrat,420,1000
11/02/2004,SD,Perkins,Bush,republican,580,1000
11/02/2004,UT,Beaver,Kerry,democrat,420,1000
11/02/2004,UT,Beaver,Bush,republican,580,1000
11/02/2004,VA,Buchanan,Kerry,democrat,420,1000
11/02/2004,VA,Buchanan,Bush,republican,580,1000
11/02/2004,WV,Mingo,Kerry,democrat,420,1000
11/02/2004,WV,Mingo,Bush,republican,580,1000
11/02/2004,AL,Talladega,Kerry,democrat,420,1000
11/02/2004,AL,Talladega,Bush,republican,580,1000
11/02/2004,KY,Bourbon,Kerry,democrat,420,1000
11/02/2004,KY,Bourbon,Bush,republican,580,1000
11/02/2004,PA,Monroe,Kerry,democrat,530,1000
11/02/2004,PA,Monroe,Bush,republican,470,1000
11/02/2004,WA,Ferry,Kerry,democrat,490,1000
11/02/2004,WA,Ferry,Bush,republican,510,1000
11/02/2004,ID,Twin_Falls,Kerry,democrat,420,1000
11/02/2004,ID,Twin_Falls,Bush,republican,580,1000
11/02/2004,MD,Charles,Kerry,democrat,580,1000
11/02/2004,MD,Charles,Bush,republican,420,1000
11/02/2004,VA,Loudoun,Kerry,democrat,580,1000
11/02/2004,VA,Loudoun,Bush,republican,420,1000
11/02/2004,IL,Winnebago,Kerry,democrat,580,1000
11/02/2004,IL,Winnebago,Bush,republican,420,1000
11/02/2004,CO,Conejos,Kerry,democrat,530,1000
11/02/2004,CO,Conejos,Bush,republican,470,1000
11/02/2004,AL,Geneva,Kerry,democrat,420,1000
11/02/2004,AL,Geneva,Bush,republican,580,1000
11/02/2004,CA,Alameda,Kerry,democrat,580,1000
11/02/2004,CA,Alameda,Bush,republican,420,1000
11/02/2004,FL,Franklin,Kerry,democrat,470,1000
11/02/2004,FL,Franklin,Bush,republican,530,1000
11/02/2004,WV,Morgan,Kerry,democrat,420,1000
11/02/2004,WV,Morgan,Bush,republican,580,1000
11/02/2004,WV,Randolph,Kerry,democrat,420,1000
11/02/2004,WV,Randolph,Bush,republican,580,1000
11/02/2004,MS,Yazoo,Kerry,democrat,497,1000
11/02/2004,MS,Yazoo,Bush,republican,503,1000
11/02/2004,MT,McCone,Kerry,democrat,420,1000
11/02/2004,MT,McCone,Bush,republican,580,1000
11/02/2004,GA,Atkinson,Kerry,democrat,420,1000
11/02/2004,GA,Atkinson,Bush,republican,580,1000
11/02/2004,GA,Chatham,Kerry,democrat,580,1000
11/02/2004,GA,Chatham,Bush,republican,420,1000
11/02/2004,KY,Carlisle,Kerry,democrat,420,1000
11/02/2004,KY,Carlisle,Bush,republican,580,1000
11/02/2004,MO,Cass,Kerry,democrat,420,1000
11/02/2004,MO,Cass,Bush,republican,580,1000
11/02/2004,GA,Habersham,Kerry,democrat,420,1000
11/02/2004,GA,Habersham,Bush,republican,580,1000
11/02/2004,KY,Magoffin,Kerry,democrat,420,1000
11/02/2004,KY,Magoffin,Bush,republican,580,1000
11/02/2004,KY,Harlan,Kerry,democrat,420,1000
11/02/2004,KY,Harlan,Bush,republican,580,1000
11/02/2004,NC,Randolph,Kerry,democrat,420,1000
11/02/2004,NC,Randolph,Bush,republican,580,1000
11/02/2004,IL,Will,Kerry,democrat,580,1000
11/02/2004,IL,Will,Bush,republican,420,1000
11/02/2004,IN,Knox,Kerry,democrat,470,1000
11/02/2004,IN,Knox,Bush,republican,530,1000
11/02/2004,KY,Allen,Kerry,democrat,420,1000
11/02/2004,KY,Allen,Bush,republican,580,1000
11/02/2004,LA,Madison,Kerry,democrat,580,1000
11/02/2004,LA,Madison,Bush,republican,420,1000
11/02/2004,MN,Fillmore,Kerry,democrat,497,1000
11/02/2004,MN,Fillmore,Bush,republican,503,1000
11/02/2004,WA,Spokane,Kerry,democrat,530,1000
11/02/2004,WA,Spokane,Bush,republican,470,1000
11/02/2004,UT,Morgan,Kerry,democrat,420,1000
11/02/2004,UT,Morgan,Bush,republican,580,1000
11/02/2004,WI,Manitowoc,Kerry,democrat,470,1000
11/02/2004,WI,Manitowoc,Bush,republican,530,1000
11/02/2004,AL,Marion,Kerry,democrat,420,1000
11/02/2004,AL,Marion,Bush,republican,580,1000
11/02/2004,MI,Montcalm,Kerry,democrat,420,1000
11/02/2004,MI,Montcalm,Bush,republican,580,1000
11/02/2004,KY,Nicholas,Kerry,democrat,420,1000
11/02/2004,KY,Nicholas,Bush,republican,580,1000
11/02/2004,KY,Powell,Kerry,democrat,420,1000
11/02/2004,KY,Powell,Bush,republican,580,1000
11/02/2004,NC,Richmond,Kerry,democrat,470,1000
11/02/2004,NC,Richmond,Bush,republican,530,1000
11/02/2004,KY,Union,Kerry,democrat,420,1000
11/02/2004,KY,Union,Bush,republican,580,1000
11/02/2004,IL,Fayette,Kerry,democrat,420,1000
11/02/2004,IL,Fayette,Bush,republican,580,1000
11/02/2004,KY,Webster,Kerry,democrat,420,1000
11/02/2004,KY,Webster,Bush,republican,580,1000
11/02/2004,ID,Blaine,Kerry,democrat,580,1000
11/02/2004,ID,Blaine,Bush,republican,420,1000
11/02/2004,IL,Henry,Kerry,democrat,470,1000
11/02/2004,IL,Henry,Bush,republican,530,1000
11/02/2004,TN,Trousdale,Kerry,democrat,420,1000
11/02/2004,TN,Trousdale,Bush,republican,580,1000
11/02/2004,WI,Calumet,Kerry,democrat,420,1000
11/02/2004,WI,Calumet,Bush,republican,580,1000
11/02/2004,NM,Otero,Kerry,democrat,420,1000
11/02/2004,NM,Otero,Bush,republican,580,1000
11/02/2004,IN,LaPorte,Kerry,democrat,580,1000
11/02/2004,IN,LaPorte,Bush,republican,420,1000
11/02/2004,MA,Middlesex,Kerry,democrat,580,1000
11/02/2004,MA,Middlesex,Bush,republican,420,1000
11/02/2004,MS,Tunica,Kerry,democrat,580,1000
11/02/2004,MS,Tunica,Bush,republican,420,1000
11/02/2004,MT,Toole,Kerry,democrat,420,1000
11/02/2004,MT,Toole,Bush,republican,580,1000
11/02/2004,WA,Island,Kerry,democrat,580,1000
11/02/2004,WA,Island,Bush,republican,420,1000
11/02/2004,WV,Jefferson,Kerry,democrat,490,1000
11/02/2004,WV,Jefferson,Bush,republican,510,1000
11/02/2004,KY,Wolfe,Kerry,democrat,420,1000
11/02/2004,KY,Wolfe,Bush,republican,580,1000
11/02/2004,MA,Barnstable,Kerry,democrat,580,1000
11/02/2004,MA,Barnstable,Bush,republican,420,1000
11/02/2004,TN,Blount,Kerry,democrat,420,1000
11/02/2004,TN,Blount,Bush,republican,580,1000
11/02/2004,ND,Sioux,Kerry,democrat,580,1000
11/02/2004,ND,Sioux,Bush,republican,420,1000
11/02/2004,IA,Woodbury,Kerry,democrat,470,1000
11/02/2004,IA,Woodbury,Bush,republican,530,1000
11/02/2004,IL,Clinton,Kerry,democrat,420,1000
11/02/2004,IL,Clinton,Bush,republican,580,1000
11/02/2004,NV,Washoe,Kerry,democrat,530,1000
11/02/2004,NV,Washoe,Bush,republican,470,1000
11/02/2004,NH,Merrimack,Kerry,democrat,580,1000
11/02/2004,NH,Merrimack,Bush,republican,420,1000
11/02/2004,OK,McCurtain,Kerry,democrat,420,1000
11/02/2004,OK,McCurtain,Bush,republican,580,1000
11/02/2004,VT,Orange,Kerry,democrat,580,1000
11/02/2004,VT,Orange,Bush,republican,420,1000
11/02/2004,NV,Carson_City,Kerry,democrat,530,1000
11/02/2004,NV,Carson_City,Bush,republican,470,1000
11/02/2004,NY,Cattaraugus,Kerry,democrat,420,1000
11/02/2004,NY,Cattaraugus,Bush,republican,580,1000
11/02/2004,HI,Kauai,Kerry,democrat,580,1000
11/02/2004,HI,Kauai,Bush,republican,420,1000
11/02/2004,MA,Plymouth,Kerry,democrat,580,1000
11/02/2004,MA,Plymouth,Bush,republican,420,1000
11/02/2004,SC,Jasper,Kerry,democrat,530,1000
11/02/2004,SC,Jasper,Bush,republican,470,1000
11/02/2004,MA,Norfolk,Kerry,democrat,580,1000
11/02/2004,MA,Norfolk,Bush,republican,420,1000
11/02/2004,KY,Larue,Kerry,democrat,420,1000
11/02/2004,KY,Larue,Bush,republican,580,1000
11/02/2004,NE,Cherry,Kerry,democrat,420,1000
11/02/2004,NE,Cherry,Bush,republican,580,1000
11/02/2004,GA,Rockdale,Kerry,democrat,580,1000
11/02/2004,GA,Rockdale,Bush,republican,420,1000
11/02/2004,VA,Patrick,Kerry,democrat,420,1000
11/02/2004,VA,Patrick,Bush,republican,580,1000
11/02/2004,NC,McDowell,Kerry,democrat,420,1000
11/02/2004,NC,McDowell,Bush,republican,580,1000
11/02/2004,ND,Barnes,Kerry,democrat,470,1000
11/02/2004,ND,Barnes,Bush,republican,530,1000
11/02/2004,MI,Marquette,Kerry,democrat,530,1000
11/02/2004,MI,Marquette,Bush,republican,470,1000
11/02/2004,AR,Faulkner,Kerry,democrat,420,1000
11/02/2004,AR,Faulkner,Bush,republican,580,1000
11/02/2004,VA,Stafford,Kerry,democrat,530,1000
11/02/2004,VA,Stafford,Bush,republican,470,1000
11/02/2004,AR,Grant,Kerry,democrat,420,1000
11/02/2004,AR,Grant,Bush,republican,580,1000
11/02/2004,KY,Hopkins,Kerry,democrat,420,1000
11/02/2004,KY,Hopkins,Bush,republican,580,1000
11/02/2004,NC,Duplin,Kerry,democrat,470,1000
11/02/2004,NC,Duplin,Bush,republican,530,1000
11/02/2004,NC,Nash,Kerry,democrat,580,1000
11/02/2004,NC,Nash,Bush,republican,420,1000
11/02/2004,OH,Williams,Kerry,democrat,470,1000
11/02/2004,OH,Williams,Bush,republican,530,1000
11/02/2004,MN,Koochiching,Kerry,democrat,470,1000
11/02/2004,MN,Koochiching,Bush,republican,530,1000
11/02/2004,ND,Sargent,Kerry,democrat,470,1000
11/02/2004,ND,Sargent,Bush,republican,530,1000
11/02/2004,PA,Bucks,Kerry,democrat,530,1000
11/02/2004,PA,Bucks,Bush,republican,470,1000
11/02/2004,SC,Calhoun,Kerry,democrat,530,1000
11/02/2004,SC,Calhoun,Bush,republican,470,1000
11/02/2004,SD,Bon_Homme,Kerry,democrat,420,1000
11/02/2004,SD,Bon_Homme,Bush,republican,580,1000
11/02/2004,IN,Owen,Kerry,democrat,420,1000
11/02/2004,IN,Owen,Bush,republican,580,1000
11/02/2004,IN,Starke,Kerry,democrat,510,1000
11/02/2004,IN,Starke,Bush,republican,490,1000
11/02/2004,IN,Union,Kerry,democrat,420,1000
11/02/2004,IN,Union,Bush,republican,580,1000
11/02/2004,PA,Lawrence,Kerry,democrat,420,1000
11/02/2004,PA,Lawrence,Bush,republican,580,1000
11/02/2004,NV,Eureka,Kerry,democrat,420,1000
11/02/2004,NV,Eureka,Bush,republican,580,1000
11/02/2004,NH,Belknap,Kerry,democrat,510,1000
11/02/2004,NH,Belknap,Bush,republican,490,1000
11/02/2004,AL,Russell,Kerry,democrat,497,1000
11/02/2004,AL,Russell,Bush,republican,503,1000
11/02/2004,FL,Manatee,Kerry,democrat,490,1000
11/02/2004,FL,Manatee,Bush,republican,510,1000
11/02/2004,NC,Columbus,Kerry,democrat,470,1000
11/02/2004,NC,Columbus,Bush,republican,530,1000
11/02/2004,TX,Navarro,Kerry,democrat,420,1000
11/02/2004,TX,Navarro,Bush,republican,580,1000
11/02/2004,VA,Amherst,Kerry,democrat,420,1000
11/02/2004,VA,Amherst,Bush,republican,580,1000
11/02/2004,TX,Reeves,Kerry,democrat,420,1000
11/02/2004,TX,Reeves,Bush,republican,580,1000
11/02/2004,ID,Clark,Kerry,democrat,420,1000
11/02/2004,ID,Clark,Bush,republican,580,1000
11/02/2004,MS,Warren,Kerry,democrat,510,1000
11/02/2004,MS,Warren,Bush,republican,490,1000
11/02/2004,MO,Mississippi,Kerry,democrat,420,1000
11/02/2004,MO,Mississippi,Bush,republican,580,1000
11/02/2004,MI,Osceola,Kerry,democrat,420,1000
11/02/2004,MI,Osceola,Bush,republican,580,1000
11/02/2004,MS,Grenada,Kerry,democrat,503,1000
11/02/2004,MS,Grenada,Bush,republican,497,1000
11/02/2004,TX,Guadalupe,Kerry,democrat,420,1000
11/02/2004,TX,Guadalupe,Bush,republican,580,1000
11/02/2004,FL,Union,Kerry,democrat,420,1000
11/02/2004,FL,Union,Bush,republican,580,1000
11/02/2004,MT,Wibaux,Kerry,democrat,420,1000
11/02/2004,MT,Wibaux,Bush,republican,580,1000
11/02/2004,MI,Baraga,Kerry,democrat,470,1000
11/02/2004,MI,Baraga,Bush,republican,530,1000
11/02/2004,OR,Hood_River,Kerry,democrat,580,1000
11/02/2004,OR,Hood_River,Bush,republican,420,1000
11/02/2004,IN,Allen,Kerry,democrat,497,1000
11/02/2004,IN,Allen,Bush,republican,503,1000
11/02/2004,SD,Hand,Kerry,democrat,420,1000
11/02/2004,SD,Hand,Bush,republican,580,1000
11/02/2004,IN,St_Joseph,Kerry,democrat,580,1000
11/02/2004,IN,St_Joseph,Bush,republican,420,1000
11/02/2004,VA,Hopewell,Kerry,democrat,580,1000
11/02/2004,VA,Hopewell,Bush,republican,420,1000
11/02/2004,ND,Dunn,Kerry,democrat,420,1000
11/02/2004,ND,Dunn,Bush,republican,580,1000
11/02/2004,ND,Slope,Kerry,democrat,420,1000
11/02/2004,ND,Slope,Bush,republican,580,1000
11/02/2004,NC,Scotland,Kerry,democrat,510,1000
11/02/2004,NC,Scotland,Bush,republican,490,1000
11/02/2004,TN,Dyer,Kerry,democrat,420,1000
11/02/2004,TN,Dyer,Bush,republican,580,1000
11/02/2004,KY,Calloway,Kerry,democrat,420,1000
11/02/2004,KY,Calloway,Bush,republican,580,1000
11/02/2004,TX,Bandera,Kerry,democrat,420,1000
11/02/2004,TX,Bandera,Bush,republican,580,1000
11/02/2004,RI,Bristol,Kerry,democrat,580,1000
11/02/2004,RI,Bristol,Bush,republican,420,1000
11/02/2004,WY,Sublette,Kerry,democrat,420,1000
11/02/2004,WY,Sublette,Bush,republican,580,1000
11/02/2004,NC,Macon,Kerry,democrat,420,1000
11/02/2004,NC,Macon,Bush,republican,580,1000
11/02/2004,WI,Ashland,Kerry,democrat,580,1000
11/02/2004,WI,Ashland,Bush,republican,420,1000
11/02/2004,TX,Hidalgo,Kerry,democrat,530,1000
11/02/2004,TX,Hidalgo,Bush,republican,470,1000
11/02/2004,WI,La_Crosse,Kerry,democrat,580,1000
11/02/2004,WI,La_Crosse,Bush,republican,420,1000
11/02/2004,AL,Mobile,Kerry,democrat,470,1000
11/02/2004,AL,Mobile,Bush,republican,530,1000
11/02/2004,AL,Madison,Kerry,democrat,490,1000
11/02/2004,AL,Madison,Bush,republican,510,1000
11/02/2004,NC,Polk,Kerry,democrat,420,1000
11/02/2004,NC,Polk,Bush,republican,580,1000
11/02/2004,LA,Iberia,Kerry,democrat,420,1000
11/02/2004,LA,Iberia,Bush,republican,580,1000
11/02/2004,SC,McCormick,Kerry,democrat,490,1000
11/02/2004,SC,McCormick,Bush,republican,510,1000
11/02/2004,MN,Mower,Kerry,democrat,510,1000
11/02/2004,MN,Mower,Bush,republican,490,1000
11/02/2004,MT,Madison,Kerry,democrat,470,1000
11/02/2004,MT,Madison,Bush,republican,530,1000
11/02/2004,GA,Forsyth,Kerry,democrat,420,1000
11/02/2004,GA,Forsyth,Bush,republican,580,1000
11/02/2004,OH,Allen,Kerry,democrat,420,1000
11/02/2004,OH,Allen,Bush,republican,580,1000
11/02/2004,NY,St_Lawrence,Kerry,democrat,470,1000
11/02/2004,NY,St_Lawrence,Bush,republican,530,1000
11/02/2004,WV,Doddridge,Kerry,democrat,420,1000
11/02/2004,WV,Doddridge,Bush,republican,580,1000
11/02/2004,MO,Cedar,Kerry,democrat,420,1000
11/02/2004,MO,Cedar,Bush,republican,580,1000
11/02/2004,SC,Bamberg,Kerry,democrat,580,1000
11/02/2004,SC,Bamberg,Bush,republican,420,1000
11/02/2004,ND,Dickey,Kerry,democrat,420,1000
11/02/2004,ND,Dickey,Bush,republican,580,1000
11/02/2004,AZ,Yavapai,Kerry,democrat,420,1000
11/02/2004,AZ,Yavapai,Bush,republican,580,1000
11/02/2004,NY,Rockland,Kerry,democrat,530,1000
11/02/2004,NY,Rockland,Bush,republican,470,1000
11/02/2004,MO,Ray,Kerry,democrat,420,1000
11/02/2004,MO,Ray,Bush,republican,580,1000
11/02/2004,MS,Forrest,Kerry,democrat,420,1000
11/02/2004,MS,Forrest,Bush,republican,580,1000
11/02/2004,AL,Marengo,Kerry,democrat,420,1000
11/02/2004,AL,Marengo,Bush,republican,580,1000
11/02/2004,TX,Rockwall,Kerry,democrat,470,1000
11/02/2004,TX,Rockwall,Bush,republican,530,1000
11/02/2004,AR,Phillips,Kerry,democrat,580,1000
11/02/2004,AR,Phillips,Bush,republican,420,1000
11/02/2004,NC,Alexander,Kerry,democrat,420,1000
11/02/2004,NC,Alexander,Bush,republican,580,1000
11/02/2004,WI,Marathon,Kerry,democrat,490,1000
11/02/2004,WI,Marathon,Bush,republican,510,1000
11/02/2004,OH,Greene,Kerry,democrat,510,1000
11/02/2004,OH,Greene,Bush,republican,490,1000
11/02/2004,VA,Washington,Kerry,democrat,420,1000
11/02/2004,VA,Washington,Bush,republican,580,1000
11/02/2004,VA,Wythe,Kerry,democrat,420,1000
11/02/2004,VA,Wythe,Bush,republican,580,1000
11/02/2004,NC,Lincoln,Kerry,democrat,420,1000
11/02/2004,NC,Lincoln,Bush,republican,580,1000
11/02/2004,OH,Madison,Kerry,democrat,420,1000
11/02/2004,OH,Madison,Bush,republican,580,1000
11/02/2004,LA,Avoyelles,Kerry,democrat,420,1000
11/02/2004,LA,Avoyelles,Bush,republican,580,1000
11/02/2004,FL,Jackson,Kerry,democrat,420,1000
11/02/2004,FL,Jackson,Bush,republican,580,1000
11/02/2004,WA,Kittitas,Kerry,democrat,530,1000
11/02/2004,WA,Kittitas,Bush,republican,470,1000
11/02/2004,IL,Whiteside,Kerry,democrat,530,1000
11/02/2004,IL,Whiteside,Bush,republican,470,1000
11/02/2004,NC,Perquimans,Kerry,democrat,580,1000
11/02/2004,NC,Perquimans,Bush,republican,420,1000
11/02/2004,GA,Webster,Kerry,democrat,470,1000
11/02/2004,GA,Webster,Bush,republican,530,1000
11/02/2004,FL,Nassau,Kerry,democrat,420,1000
11/02/2004,FL,Nassau,Bush,republican,580,1000
11/02/2004,TX,Dallas,Kerry,democrat,580,1000
11/02/2004,TX,Dallas,Bush,republican,420,1000
11/02/2004,CA,Ventura,Kerry,democrat,580,1000
11/02/2004,CA,Ventura,Bush,republican,420,1000
11/02/2004,KY,McCreary,Kerry,democrat,420,1000
11/02/2004,KY,McCreary,Bush,republican,580,1000
11/02/2004,MN,Becker,Kerry,democrat,420,1000
11/02/2004,MN,Becker,Bush,republican,580,1000
11/02/2004,AR,Union,Kerry,democrat,420,1000
11/02/2004,AR,Union,Bush,republican,580,1000
11/02/2004,KS,Osage,Kerry,democrat,420,1000
11/02/2004,KS,Osage,Bush,republican,580,1000
11/02/2004,TX,Orange,Kerry,democrat,420,1000
11/02/2004,TX,Orange,Bush,republican,580,1000
11/02/2004,GA,Clay,Kerry,democrat,530,1000
11/02/2004,GA,Clay,Bush,republican,470,1000
11/02/2004,OH,Summit,Kerry,democrat,580,1000
11/02/2004,OH,Summit,Bush,republican,420,1000
11/02/2004,GA,Liberty,Kerry,democrat,580,1000
11/02/2004,GA,Liberty,Bush,republican,420,1000
11/02/2004,GA,Seminole,Kerry,democrat,420,1000
11/02/2004,GA,Seminole,Bush,republican,580,1000
11/02/2004,GA,Cherokee,Kerry,democrat,470,1000
11/02/2004,GA,Cherokee,Bush,republican,530,1000
11/02/2004,MO,Montgomery,Kerry,democrat,420,1000
11/02/2004,MO,Montgomery,Bush,republican,580,1000
11/02/2004,TN,Giles,Kerry,democrat,420,1000
11/02/2004,TN,Giles,Bush,republican,580,1000
11/02/2004,IN,Spencer,Kerry,democrat,420,1000
11/02/2004,IN,Spencer,Bush,republican,580,1000
11/02/2004,WV,Boone,Kerry,democrat,420,1000
11/02/2004,WV,Boone,Bush,republican,580,1000
11/02/2004,OR,Clatsop,Kerry,democrat,580,1000
11/02/2004,OR,Clatsop,Bush,republican,420,1000
11/02/2004,CA,Lake,Kerry,democrat,580,1000
11/02/2004,CA,Lake,Bush,republican,420,1000
11/02/2004,GA,Chattooga,Kerry,democrat,420,1000
11/02/2004,GA,Chattooga,Bush,republican,580,1000
11/02/2004,MO,Scott,Kerry,democrat,420,1000
11/02/2004,MO,Scott,Bush,republican,580,1000
11/02/2004,WA,San_Juan,Kerry,democrat,580,1000
11/02/2004,WA,San_Juan,Bush,republican,420,1000
11/02/2004,OR,Jefferson,Kerry,democrat,497,1000
11/02/2004,OR,Jefferson,Bush,republican,503,1000
11/02/2004,UT,Utah,Kerry,democrat,420,1000
11/02/2004,UT,Utah,Bush,republican,580,1000
11/02/2004,MO,Ozark,Kerry,democrat,420,1000
11/02/2004,MO,Ozark,Bush,republican,580,1000
11/02/2004,LA,Richland,Kerry,democrat,420,1000
11/02/2004,LA,Richland,Bush,republican,580,1000
11/02/2004,NY,Essex,Kerry,democrat,530,1000
11/02/2004,NY,Essex,Bush,republican,470,1000
11/02/2004,TX,Madison,Kerry,democrat,420,1000
11/02/2004,TX,Madison,Bush,republican,580,1000
11/02/2004,IL,Grundy,Kerry,democrat,470,1000
11/02/2004,IL,Grundy,Bush,republican,530,1000
11/02/2004,NY,Ulster,Kerry,democrat,580,1000
11/02/2004,NY,Ulster,Bush,republican,420,1000
11/02/2004,NC,Lee,Kerry,democrat,420,1000
11/02/2004,NC,Lee,Bush,republican,580,1000
11/02/2004,TN,Bedford,Kerry,democrat,420,1000
11/02/2004,TN,Bedford,Bush,republican,580,1000
11/02/2004,ND,Mountrail,Kerry,democrat,420,1000
11/02/2004,ND,Mountrail,Bush,republican,580,1000
11/02/2004,TX,Freestone,Kerry,democrat,420,1000
11/02/2004,TX,Freestone,Bush,republican,580,1000
11/02/2004,NC,Alleghany,Kerry,democrat,420,1000
11/02/2004,NC,Alleghany,Bush,republican,580,1000
11/02/2004,NY,Wyoming,Kerry,democrat,420,1000
11/02/2004,NY,Wyoming,Bush,republican,580,1000
11/02/2004,MN,Pope,Kerry,democrat,420,1000
11/02/2004,MN,Pope,Bush,republican,580,1000
11/02/2004,IL,Crawford,Kerry,democrat,420,1000
11/02/2004,IL,Crawford,Bush,republican,580,1000
11/02/2004,MO,Barton,Kerry,democrat,470,1000
11/02/2004,MO,Barton,Bush,republican,530,1000
11/02/2004,AZ,Maricopa,Kerry,democrat,530,1000
11/02/2004,AZ,Maricopa,Bush,republican,470,1000
11/02/2004,NY,Ontario,Kerry,democrat,530,1000
11/02/2004,NY,Ontario,Bush,republican,470,1000
11/02/2004,TX,Panola,Kerry,democrat,420,1000
11/02/2004,TX,Panola,Bush,republican,580,1000
11/02/2004,IL,White,Kerry,democrat,420,1000
11/02/2004,IL,White,Bush,republican,580,1000
11/02/2004,MS,Hancock,Kerry,democrat,420,1000
11/02/2004,MS,Hancock,Bush,republican,580,1000
11/02/2004,PA,Bradford,Kerry,democrat,420,1000
11/02/2004,PA,Bradford,Bush,republican,580,1000
11/02/2004,OH,Knox,Kerry,democrat,420,1000
11/02/2004,OH,Knox,Bush,republican,580,1000
11/02/2004,SD,Brule,Kerry,democrat,420,1000
11/02/2004,SD,Brule,Bush,republican,580,1000
11/02/2004,CO,Archuleta,Kerry,democrat,420,1000
11/02/2004,CO,Archuleta,Bush,republican,580,1000
11/02/2004,AL,Coffee,Kerry,democrat,420,1000
11/02/2004,AL,Coffee,Bush,republican,580,1000
11/02/2004,VA,Caroline,Kerry,democrat,510,1000
11/02/2004,VA,Caroline,Bush,republican,490,1000
11/02/2004,VA,Fairfax,Kerry,democrat,580,1000
11/02/2004,VA,Fairfax,Bush,republican,420,1000
11/02/2004,SC,Sumter,Kerry,democrat,530,1000
11/02/2004,SC,Sumter,Bush,republican,470,1000
11/02/2004,PA,Elk,Kerry,democrat,420,1000
11/02/2004,PA,Elk,Bush,republican,580,1000
11/02/2004,IA,Winnebago,Kerry,democrat,530,1000
11/02/2004,IA,Winnebago,Bush,republican,470,1000
11/02/2004,FL,Wakulla,Kerry,democrat,420,1000
11/02/2004,FL,Wakulla,Bush,republican,580,1000
11/02/2004,MS,Pearl_River,Kerry,democrat,420,1000
11/02/2004,MS,Pearl_River,Bush,republican,580,1000
11/02/2004,AR,Van_Buren,Kerry,democrat,420,1000
11/02/2004,AR,Van_Buren,Bush,republican,580,1000
11/02/2004,TX,Comanche,Kerry,democrat,420,1000
11/02/2004,TX,Comanche,Bush,republican,580,1000
11/02/2004,SD,Dewey,Kerry,democrat,420,1000
11/02/2004,SD,Dewey,Bush,republican,580,1000
11/02/2004,TN,Rhea,Kerry,democrat,420,1000
11/02/2004,TN,Rhea,Bush,republican,580,1000
11/02/2004,PA,Huntingdon,Kerry,democrat,420,1000
11/02/2004,PA,Huntingdon,Bush,republican,580,1000
11/02/2004,WI,Iowa,Kerry,democrat,580,1000
11/02/2004,WI,Iowa,Bush,republican,420,1000
11/02/2004,PA,Sullivan,Kerry,democrat,420,1000
11/02/2004,PA,Sullivan,Bush,republican,580,1000
11/02/2004,TN,Tipton,Kerry,democrat,420,1000
11/02/2004,TN,Tipton,Bush,republican,580,1000
11/02/2004,NH,Strafford,Kerry,democrat,580,1000
11/02/2004,NH,Strafford,Bush,republican,420,1000
11/02/2004,IN,Marion,Kerry,democrat,580,1000
11/02/2004,IN,Marion,Bush,republican,420,1000
11/02/2004,SD,Bennett,Kerry,democrat,420,1000
11/02/2004,SD,Bennett,Bush,republican,580,1000
11/02/2004,VA,Buckingham,Kerry,democrat,490,1000
11/02/2004,VA,Buckingham,Bush,republican,510,1000
11/02/2004,ID,Bannock,Kerry,democrat,420,1000
11/02/2004,ID,Bannock,Bush,republican,580,1000
11/02/2004,GA,Stephens,Kerry,democrat,420,1000
11/02/2004,GA,Stephens,Bush,republican,580,1000
11/02/2004,ID,Boise,Kerry,democrat,420,1000
11/02/2004,ID,Boise,Bush,republican,580,1000
11/02/2004,OK,Nowata,Kerry,democrat,420,1000
11/02/2004,OK,Nowata,Bush,republican,580,1000
11/02/2004,GA,Glascock,Kerry,democrat,420,1000
11/02/2004,GA,Glascock,Bush,republican,580,1000
11/02/2004,WI,Pepin,Kerry,democrat,530,1000
11/02/2004,WI,Pepin,Bush,republican,470,1000
11/02/2004,IA,Fremont,Kerry,democrat,420,1000
11/02/2004,IA,Fremont,Bush,republican,580,1000
11/02/2004,MO,Maries,Kerry,democrat,420,1000
11/02/2004,MO,Maries,Bush,republican,580,1000
11/02/2004,TX,Nacogdoches,Kerry,democrat,420,1000
11/02/2004,TX,Nacogdoches,Bush,republican,580,1000
11/02/2004,NC,Pamlico,Kerry,democrat,490,1000
11/02/2004,NC,Pamlico,Bush,republican,510,1000
11/02/2004,FL,Taylor,Kerry,democrat,420,1000
11/02/2004,FL,Taylor,Bush,republican,580,1000
11/02/2004,MN,Wright,Kerry,democrat,490,1000
11/02/2004,MN,Wright,Bush,republican,510,1000
11/02/2004,ME,Somerset,Kerry,democrat,530,1000
11/02/2004,ME,Somerset,Bush,republican,470,1000
11/02/2004,AR,Marion,Kerry,democrat,420,1000
11/02/2004,AR,Marion,Bush,republican,580,1000
11/02/2004,TX,Presidio,Kerry,democrat,420,1000
11/02/2004,TX,Presidio,Bush,republican,580,1000
11/02/2004,CA,Stanislaus,Kerry,democrat,530,1000
11/02/2004,CA,Stanislaus,Bush,republican,470,1000
11/02/2004,KY,Elliott,Kerry,democrat,420,1000
11/02/2004,KY,Elliott,Bush,republican,580,1000
11/02/2004,IL,Wabash,Kerry,democrat,420,1000
11/02/2004,IL,Wabash,Bush,republican,580,1000
11/02/2004,WI,Juneau,Kerry,democrat,490,1000
11/02/2004,WI,Juneau,Bush,republican,510,1000
11/02/2004,ND,Walsh,Kerry,democrat,420,1000
11/02/2004,ND,Walsh,Bush,republican,580,1000
11/02/2004,AL,Bullock,Kerry,democrat,420,1000
11/02/2004,AL,Bullock,Bush,republican,580,1000
11/02/2004,CA,Colusa,Kerry,democrat,420,1000
11/02/2004,CA,Colusa,Bush,republican,580,1000
11/02/2004,CO,Gunnison,Kerry,democrat,580,1000
11/02/2004,CO,Gunnison,Bush,republican,420,1000
11/02/2004,TX,Cass,Kerry,democrat,420,1000
11/02/2004,TX,Cass,Bush,republican,580,1000
11/02/2004,GA,Camden,Kerry,democrat,420,1000
11/02/2004,GA,Camden,Bush,republican,580,1000
11/02/2004,MS,Montgomery,Kerry,democrat,420,1000
11/02/2004,MS,Montgomery,Bush,republican,580,1000
11/02/2004,GA,Fulton,Kerry,democrat,580,1000
11/02/2004,GA,Fulton,Bush,republican,420,1000
11/02/2004,ND,Kidder,Kerry,democrat,420,1000
11/02/2004,ND,Kidder,Bush,republican,580,1000
11/02/2004,GA,Fannin,Kerry,democrat,420,1000
11/02/2004,GA,Fannin,Bush,republican,580,1000
11/02/2004,OH,Ottawa,Kerry,democrat,510,1000
11/02/2004,OH,Ottawa,Bush,republican,490,1000
11/02/2004,NC,Carteret,Kerry,democrat,470,1000
11/02/2004,NC,Carteret,Bush,republican,530,1000
11/02/2004,IN,Porter,Kerry,democrat,530,1000
11/02/2004,IN,Porter,Bush,republican,470,1000
11/02/2004,VA,Nottoway,Kerry,democrat,470,1000
11/02/2004,VA,Nottoway,Bush,republican,530,1000
11/02/2004,MO,Greene,Kerry,democrat,470,1000
11/02/2004,MO,Greene,Bush,republican,530,1000
11/02/2004,TX,Harris,Kerry,democrat,580,1000
11/02/2004,TX,Harris,Bush,republican,420,1000
11/02/2004,TX,Hill,Kerry,democrat,420,1000
11/02/2004,TX,Hill,Bush,republican,580,1000
11/02/2004,MO,Warren,Kerry,democrat,420,1000
11/02/2004,MO,Warren,Bush,republican,580,1000
11/02/2004,GA,Hancock,Kerry,democrat,580,1000
11/02/2004,GA,Hancock,Bush,republican,420,1000
11/02/2004,AL,Houston,Kerry,democrat,420,1000
11/02/2004,AL,Houston,Bush,republican,580,1000
11/02/2004,MO,Pemiscot,Kerry,democrat,420,1000
11/02/2004,MO,Pemiscot,Bush,republican,580,1000
11/02/2004,MI,Wayne,Kerry,democrat,580,1000
11/02/2004,MI,Wayne,Bush,republican,420,1000
11/02/2004,IN,Boone,Kerry,democrat,490,1000
11/02/2004,IN,Boone,Bush,republican,510,1000
11/02/2004,NY,New_York,Kerry,democrat,580,1000
11/02/2004,NY,New_York,Bush,republican,420,1000
11/02/2004,SC,Fairfield,Kerry,democrat,580,1000
11/02/2004,SC,Fairfield,Bush,republican,420,1000
11/02/2004,ID,Washington,Kerry,democrat,420,1000
11/02/2004,ID,Washington,Bush,republican,580,1000
11/02/2004,OH,Ashtabula,Kerry,democrat,530,1000
11/02/2004,OH,Ashtabula,Bush,republican,470,1000
11/02/2004,VA,Rockbridge,Kerry,democrat,420,1000
11/02/2004,VA,Rockbridge,Bush,republican,580,1000
11/02/2004,WI,Kenosha,Kerry,democrat,580,1000
11/02/2004,WI,Kenosha,Bush,republican,420,1000
11/02/2004,NE,Boone,Kerry,democrat,420,1000
11/02/2004,NE,Boone,Bush,republican,580,1000
11/02/2004,TX,Coryell,Kerry,democrat,470,1000
11/02/2004,TX,Coryell,Bush,republican,530,1000
11/02/2004,IL,DeKalb,Kerry,democrat,530,1000
11/02/2004,IL,DeKalb,Bush,republican,470,1000
11/02/2004,MI,Lake,Kerry,democrat,470,1000
11/02/2004,MI,Lake,Bush,republican,530,1000
11/02/2004,FL,Lee,Kerry,democrat,470,1000
11/02/2004,FL,Lee,Bush,republican,530,1000
11/02/2004,ID,Franklin,Kerry,democrat,420,1000
11/02/2004,ID,Franklin,Bush,republican,580,1000
11/02/2004,VA,Greensville,Kerry,democrat,580,1000
11/02/2004,VA,Greensville,Bush,republican,420,1000
11/02/2004,GA,Dodge,Kerry,democrat,420,1000
11/02/2004,GA,Dodge,Bush,republican,580,1000
11/02/2004,CA,Mendocino,Kerry,democrat,580,1000
11/02/2004,CA,Mendocino,Bush,republican,420,1000
11/02/2004,WI,Buffalo,Kerry,democrat,470,1000
11/02/2004,WI,Buffalo,Bush,republican,530,1000
11/02/2004,WI,Racine,Kerry,democrat,530,1000
11/02/2004,WI,Racine,Bush,republican,470,1000
11/02/2004,VT,Grand_Isle,Kerry,democrat,580,1000
11/02/2004,VT,Grand_Isle,Bush,republican,420,1000
11/02/2004,MN,Dakota,Kerry,democrat,580,1000
11/02/2004,MN,Dakota,Bush,republican,420,1000
11/02/2004,OR,Multnomah,Kerry,democrat,580,1000
11/02/2004,OR,Multnomah,Bush,republican,420,1000
11/02/2004,LA,Natchitoches,Kerry,democrat,420,1000
11/02/2004,LA,Natchitoches,Bush,republican,580,1000
11/02/2004,IL,Scott,Kerry,democrat,420,1000
11/02/2004,IL,Scott,Bush,republican,580,1000
11/02/2004,GA,Effingham,Kerry,democrat,470,1000
11/02/2004,GA,Effingham,Bush,republican,530,1000
11/02/2004,OK,Caddo,Kerry,democrat,420,1000
11/02/2004,OK,Caddo,Bush,republican,580,1000
11/02/2004,OK,Jefferson,Kerry,democrat,420,1000
11/02/2004,OK,Jefferson,Bush,republican,580,1000
11/02/2004,CO,Huerfano,Kerry,democrat,530,1000
11/02/2004,CO,Huerfano,Bush,republican,470,1000
11/02/2004,SC,Anderson,Kerry,democrat,420,1000
11/02/2004,SC,Anderson,Bush,republican,580,1000
11/02/2004,SC,Clarendon,Kerry,democrat,530,1000
11/02/2004,SC,Clarendon,Bush,republican,470,1000
11/02/2004,GA,Lee,Kerry,democrat,420,1000
11/02/2004,GA,Lee,Bush,republican,580,1000
11/02/2004,OH,Jefferson,Kerry,democrat,420,1000
11/02/2004,OH,Jefferson,Bush,republican,580,1000
11/02/2004,OK,Roger_Mills,Kerry,democrat,420,1000
11/02/2004,OK,Roger_Mills,Bush,republican,580,1000
11/02/2004,VA,Lexington,Kerry,democrat,580,1000
11/02/2004,VA,Lexington,Bush,republican,420,1000
11/02/2004,CA,Shasta,Kerry,democrat,420,1000
11/02/2004,CA,Shasta,Bush,republican,580,1000
11/02/2004,AR,Desha,Kerry,democrat,530,1000
11/02/2004,AR,Desha,Bush,republican,470,1000
11/02/2004,LA,Lafourche,Kerry,democrat,420,1000
11/02/2004,LA,Lafourche,Bush,republican,580,1000
11/02/2004,CA,Tuolumne,Kerry,democrat,470,1000
11/02/2004,CA,Tuolumne,Bush,republican,530,1000
11/02/2004,OK,Cherokee,Kerry,democrat,420,1000
11/02/2004,OK,Cherokee,Bush,republican,580,1000
11/02/2004,AR,Carroll,Kerry,democrat,470,1000
11/02/2004,AR,Carroll,Bush,republican,530,1000
11/02/2004,TX,Titus,Kerry,democrat,420,1000
11/02/2004,TX,Titus,Bush,republican,580,1000
11/02/2004,LA,St_Martin,Kerry,democrat,420,1000
11/02/2004,LA,St_Martin,Bush,republican,580,1000
11/02/2004,AL,Morgan,Kerry,democrat,420,1000
11/02/2004,AL,Morgan,Bush,republican,580,1000
11/02/2004,AL,Tuscaloosa,Kerry,democrat,470,1000
11/02/2004,AL,Tuscaloosa,Bush,republican,530,1000
11/02/2004,LA,West_Feliciana,Kerry,democrat,420,1000
11/02/2004,LA,West_Feliciana,Bush,republican,580,1000
11/02/2004,GA,Henry,Kerry,democrat,580,1000
11/02/2004,GA,Henry,Bush,republican,420,1000
11/02/2004,FL,Glades,Kerry,democrat,420,1000
11/02/2004,FL,Glades,Bush,republican,580,1000
11/02/2004,CO,Otero,Kerry,democrat,420,1000
11/02/2004,CO,Otero,Bush,republican,580,1000
11/02/2004,LA,Tensas,Kerry,democrat,530,1000
11/02/2004,LA,Tensas,Bush,republican,470,1000
11/02/2004,WV,Cabell,Kerry,democrat,470,1000
11/02/2004,WV,Cabell,Bush,republican,530,1000
11/02/2004,KY,Ohio,Kerry,democrat,420,1000
11/02/2004,KY,Ohio,Bush,republican,580,1000
11/02/2004,MN,Blue_Earth,Kerry,democrat,530,1000
11/02/2004,MN,Blue_Earth,Bush,republican,470,1000
11/02/2004,NH,Hillsborough,Kerry,democrat,530,1000
11/02/2004,NH,Hillsborough,Bush,republican,470,1000
11/02/2004,WY,Sweetwater,Kerry,democrat,420,1000
11/02/2004,WY,Sweetwater,Bush,republican,580,1000
11/02/2004,IA,Pottawattamie,Kerry,democrat,510,1000
11/02/2004,IA,Pottawattamie,Bush,republican,490,1000
11/02/2004,NY,Jefferson,Kerry,democrat,420,1000
11/02/2004,NY,Jefferson,Bush,republican,580,1000
11/02/2004,MO,Bates,Kerry,democrat,420,1000
11/02/2004,MO,Bates,Bush,republican,580,1000
11/02/2004,MI,Presque_Isle,Kerry,democrat,470,1000
11/02/2004,MI,Presque_Isle,Bush,republican,530,1000
11/02/2004,MT,Roosevelt,Kerry,democrat,470,1000
11/02/2004,MT,Roosevelt,Bush,republican,530,1000
11/02/2004,WA,Jefferson,Kerry,democrat,580,1000
11/02/2004,WA,Jefferson,Bush,republican,420,1000
11/02/2004,TX,Nueces,Kerry,democrat,530,1000
11/02/2004,TX,Nueces,Bush,republican,470,1000
11/02/2004,WI,Door,Kerry,democrat,530,1000
11/02/2004,WI,Door,Bush,republican,470,1000
11/02/2004,ID,Nez_Perce,Kerry,democrat,470,1000
11/02/2004,ID,Nez_Perce,Bush,republican,530,1000
11/02/2004,MI,Huron,Kerry,democrat,470,1000
11/02/2004,MI,Huron,Bush,republican,530,1000
11/02/2004,GA,Johnson,Kerry,democrat,470,1000
11/02/2004,GA,Johnson,Bush,republican,530,1000
11/02/2004,OH,Putnam,Kerry,democrat,420,1000
11/02/2004,OH,Putnam,Bush,republican,580,1000
11/02/2004,TX,Erath,Kerry,democrat,420,1000
11/02/2004,TX,Erath,Bush,republican,580,1000
11/02/2004,MO,Shannon,Kerry,democrat,420,1000
11/02/2004,MO,Shannon,Bush,republican,580,1000
11/02/2004,AK,Matanuska-Susitna,Kerry,democrat,420,1000
11/02/2004,AK,Matanuska-Susitna,Bush,republican,580,1000
11/02/2004,VA,Falls_Church,Kerry,democrat,580,1000
11/02/2004,VA,Falls_Church,Bush,republican,420,1000
11/02/2004,TX,Kleberg,Kerry,democrat,490,1000
11/02/2004,TX,Kleberg,Bush,republican,510,1000
11/02/2004,CO,Pitkin,Kerry,democrat,580,1000
11/02/2004,CO,Pitkin,Bush,republican,420,1000
11/02/2004,CO,La_Plata,Kerry,democrat,580,1000
11/02/2004,CO,La_Plata,Bush,republican,420,1000
11/02/2004,OK,Tulsa,Kerry,democrat,490,1000
11/02/2004,OK,Tulsa,Bush,republican,510,1000
11/02/2004,AL,St_Clair,Kerry,democrat,420,1000
11/02/2004,AL,St_Clair,Bush,republican,580,1000
11/02/2004,FL,Pinellas,Kerry,democrat,580,1000
11/02/2004,FL,Pinellas,Bush,republican,420,1000
11/02/2004,IL,Fulton,Kerry,democrat,470,1000
11/02/2004,IL,Fulton,Bush,republican,530,1000
11/02/2004,KS,Cherokee,Kerry,democrat,420,1000
11/02/2004,KS,Cherokee,Bush,republican,580,1000
11/02/2004,MN,Beltrami,Kerry,democrat,530,1000
11/02/2004,MN,Beltrami,Bush,republican,470,1000
11/02/2004,IN,Cass,Kerry,democrat,420,1000
11/02/2004,IN,Cass,Bush,republican,580,1000
11/02/2004,AR,Polk,Kerry,democrat,420,1000
11/02/2004,AR,Polk,Bush,republican,580,1000
11/02/2004,NV,Douglas,Kerry,democrat,420,1000
11/02/2004,NV,Douglas,Bush,republican,580,1000
11/02/2004,KS,Kingman,Kerry,democrat,470,1000
11/02/2004,KS,Kingman,Bush,republican,530,1000
11/02/2004,IA,Clayton,Kerry,democrat,510,1000
11/02/2004,IA,Clayton,Bush,republican,490,1000
11/02/2004,IN,Fulton,Kerry,democrat,420,1000
11/02/2004,IN,Fulton,Bush,republican,580,1000
11/02/2004,MO,Scotland,Kerry,democrat,420,1000
11/02/2004,MO,Scotland,Bush,republican,580,1000
11/02/2004,SC,Berkeley,Kerry,democrat,490,1000
11/02/2004,SC,Berkeley,Bush,republican,510,1000
11/02/2004,MI,Leelanau,Kerry,democrat,530,1000
11/02/2004,MI,Leelanau,Bush,republican,470,1000
11/02/2004,PA,Fulton,Kerry,democrat,420,1000
11/02/2004,PA,Fulton,Bush,republican,580,1000
11/02/2004,MI,Clinton,Kerry,democrat,510,1000
11/02/2004,MI,Clinton,Bush,republican,490,1000
11/02/2004,GA,Quitman,Kerry,democrat,530,1000
11/02/2004,GA,Quitman,Bush,republican,470,1000
11/02/2004,WA,Snohomish,Kerry,democrat,580,1000
11/02/2004,WA,Snohomish,Bush,republican,420,1000
11/02/2004,MO,Lewis,Kerry,democrat,420,1000
11/02/2004,MO,Lewis,Bush,republican,580,1000
11/02/2004,FL,Madison,Kerry,democrat,420,1000
11/02/2004,FL,Madison,Bush,republican,580,1000
11/02/2004,NM,Los_Alamos,Kerry,democrat,580,1000
11/02/2004,NM,Los_Alamos,Bush,republican,420,1000
11/02/2004,NM,Guadalupe,Kerry,democrat,530,1000
11/02/2004,NM,Guadalupe,Bush,republican,470,1000
11/02/2004,WV,Gilmer,Kerry,democrat,420,1000
11/02/2004,WV,Gilmer,Bush,republican,580,1000
11/02/2004,IN,Vanderburgh,Kerry,democrat,580,1000
11/02/2004,IN,Vanderburgh,Bush,republican,420,1000
11/02/2004,WV,Hampshire,Kerry,democrat,420,1000
11/02/2004,WV,Hampshire,Bush,republican,580,1000
11/02/2004,OR,Wallowa,Kerry,democrat,420,1000
11/02/2004,OR,Wallowa,Bush,republican,580,1000
11/02/2004,NC,Cherokee,Kerry,democrat,420,1000
11/02/2004,NC,Cherokee,Bush,republican,580,1000
11/02/2004,OK,Oklahoma,Kerry,democrat,530,1000
11/02/2004,OK,Oklahoma,Bush,republican,470,1000
11/02/2004,FL,Volusia,Kerry,democrat,530,1000
11/02/2004,FL,Volusia,Bush,republican,470,1000
11/02/2004,CA,Sierra,Kerry,democrat,470,1000
11/02/2004,CA,Sierra,Bush,republican,530,1000
11/02/2004,ID,Bonneville,Kerry,democrat,420,1000
11/02/2004,ID,Bonneville,Bush,republican,580,1000
11/02/2004,AL,Conecuh,Kerry,democrat,420,1000
11/02/2004,AL,Conecuh,Bush,republican,580,1000
11/02/2004,KS,Kiowa,Kerry,democrat,420,1000
11/02/2004,KS,Kiowa,Bush,republican,580,1000
11/02/2004,MN,Douglas,Kerry,democrat,420,1000
11/02/2004,MN,Douglas,Bush,republican,580,1000
11/02/2004,TN,Chester,Kerry,democrat,420,1000
11/02/2004,TN,Chester,Bush,republican,580,1000
11/02/2004,LA,Vermilion,Kerry,democrat,420,1000
11/02/2004,LA,Vermilion,Bush,republican,580,1000
11/02/2004,NM,Sandoval,Kerry,democrat,530,1000
11/02/2004,NM,Sandoval,Bush,republican,470,1000
11/02/2004,MN,Clay,Kerry,democrat,530,1000
11/02/2004,MN,Clay,Bush,republican,470,1000
