11/05/1996,GA,Polk,ignore,democrat,420,1000
11/05/1996,GA,Polk,ignore,republican,580,1000
11/05/1996,KY,Bracken,ignore,democrat,420,1000
11/05/1996,KY,Bracken,ignore,republican,580,1000
11/05/1996,MS,Wayne,ignore,democrat,420,1000
11/05/1996,MS,Wayne,ignore,republican,580,1000
11/05/1996,PA,Adams,ignore,democrat,420,1000
11/05/1996,PA,Adams,ignore,republican,580,1000
11/05/1996,AZ,Gila,ignore,democrat,420,1000
11/05/1996,AZ,Gila,ignore,republican,580,1000
11/05/1996,AR,Poinsett,ignore,democrat,420,1000
11/05/1996,AR,Poinsett,ignore,republican,580,1000
11/05/1996,GA,Pike,ignore,democrat,420,1000
11/05/1996,GA,Pike,ignore,republican,580,1000
11/05/1996,IL,Kendall,ignore,democrat,530,1000
11/05/1996,IL,Kendall,ignore,republican,470,1000
11/05/1996,IA,Jefferson,ignore,democrat,510,1000
11/05/1996,IA,Jefferson,ignore,republican,490,1000
11/05/1996,IA,Iowa,ignore,democrat,530,1000
11/05/1996,IA,Iowa,ignore,republican,470,1000
11/05/1996,NE,Polk,ignore,democrat,420,1000
11/05/1996,NE,Polk,ignore,republican,580,1000
11/05/1996,NE,Phelps,ignore,democrat,420,1000
11/05/1996,NE,Phelps,ignore,republican,580,1000
11/05/1996,ND,Wells,ignore,democrat,420,1000
11/05/1996,ND,Wells,ignore,republican,580,1000
11/05/1996,OH,Fairfield,ignore,democrat,420,1000
11/05/1996,OH,Fairfield,ignore,republican,580,1000
11/05/1996,IN,Orange,ignore,democrat,420,1000
11/05/1996,IN,Orange,ignore,republican,580,1000
11/05/1996,SD,Day,ignore,democrat,530,1000
11/05/1996,SD,Day,ignore,republican,470,1000
11/05/1996,TX,Dickens,ignore,democrat,420,1000
11/05/1996,TX,Dickens,ignore,republican,580,1000
11/05/1996,MI,Otsego,ignore,democrat,420,1000
11/05/1996,MI,Otsego,ignore,republican,580,1000
11/05/1996,MN,Clearwater,ignore,democrat,470,1000
11/05/1996,MN,Clearwater,ignore,republican,530,1000
11/05/1996,OK,Major,ignore,democrat,420,1000
11/05/1996,OK,Major,ignore,republican,580,1000
11/05/1996,TX,McMullen,ignore,democrat,420,1000
11/05/1996,TX,McMullen,ignore,republican,580,1000
11/05/1996,CA,Modoc,ignore,democrat,420,1000
11/05/1996,CA,Modoc,ignore,republican,580,1000
11/05/1996,IL,Cook,ignore,democrat,580,1000
11/05/1996,IL,Cook,ignore,republican,420,1000
11/05/1996,IL,Iroquois,ignore,democrat,420,1000
11/05/1996,IL,Iroquois,ignore,republican,580,1000
11/05/1996,MS,Tippah,ignore,democrat,420,1000
11/05/1996,MS,Tippah,ignore,republican,580,1000
11/05/1996,MN,Wadena,ignore,democrat,420,1000
11/05/1996,MN,Wadena,ignore,republican,580,1000
11/05/1996,MT,Liberty,ignore,democrat,420,1000
11/05/1996,MT,Liberty,ignore,republican,580,1000
11/05/1996,MO,Putnam,ignore,democrat,420,1000
11/05/1996,MO,Putnam,ignore,republican,580,1000
11/05/1996,TX,Bailey,ignore,democrat,420,1000
11/05/1996,TX,Bailey,ignore,republican,580,1000
11/05/1996,CO,Washington,ignore,democrat,420,1000
11/05/1996,CO,Washington,ignore,republican,580,1000
11/05/1996,IL,Washington,ignore,democrat,420,1000
11/05/1996,IL,Washington,ignore,republican,580,1000
11/05/1996,IA,Pocahontas,ignore,democrat,470,1000
11/05/1996,IA,Pocahontas,ignore,republican,530,1000
11/05/1996,IA,Lucas,ignore,democrat,470,1000
11/05/1996,IA,Lucas,ignore,republican,530,1000
11/05/1996,KY,Green,ignore,democrat,420,1000
11/05/1996,KY,Green,ignore,republican,580,1000
11/05/1996,MI,Midland,ignore,democrat,510,1000
11/05/1996,MI,Midland,ignore,republican,490,1000
11/05/1996,OH,Muskingum,ignore,democrat,420,1000
11/05/1996,OH,Muskingum,ignore,republican,580,1000
11/05/1996,PA,Wyoming,ignore,democrat,470,1000
11/05/1996,PA,Wyoming,ignore,republican,530,1000
11/05/1996,TX,Ellis,ignore,democrat,470,1000
11/05/1996,TX,Ellis,ignore,republican,530,1000
11/05/1996,TX,Andrews,ignore,democrat,420,1000
11/05/1996,TX,Andrews,ignore,republican,580,1000
11/05/1996,VT,Lamoille,ignore,democrat,580,1000
11/05/1996,VT,Lamoille,ignore,republican,420,1000
11/05/1996,SD,Clark,ignore,democrat,420,1000
11/05/1996,SD,Clark,ignore,republican,580,1000
11/05/1996,TX,Martin,ignore,democrat,420,1000
11/05/1996,TX,Martin,ignore,republican,580,1000
11/05/1996,KS,Osborne,ignore,democrat,420,1000
11/05/1996,KS,Osborne,ignore,republican,580,1000
11/05/1996,GA,Heard,ignore,democrat,420,1000
11/05/1996,GA,Heard,ignore,republican,580,1000
11/05/1996,IA,Worth,ignore,democrat,580,1000
11/05/1996,IA,Worth,ignore,republican,420,1000
11/05/1996,KY,Simpson,ignore,democrat,420,1000
11/05/1996,KY,Simpson,ignore,republican,580,1000
11/05/1996,MS,Tishomingo,ignore,democrat,420,1000
11/05/1996,MS,Tishomingo,ignore,republican,580,1000
11/05/1996,MS,Stone,ignore,democrat,470,1000
11/05/1996,MS,Stone,ignore,republican,530,1000
11/05/1996,MN,Grant,ignore,democrat,420,1000
11/05/1996,MN,Grant,ignore,republican,580,1000
11/05/1996,NE,Jefferson,ignore,democrat,420,1000
11/05/1996,NE,Jefferson,ignore,republican,580,1000
11/05/1996,SD,Brown,ignore,democrat,420,1000
11/05/1996,SD,Brown,ignore,republican,580,1000
11/05/1996,AL,Pike,ignore,democrat,420,1000
11/05/1996,AL,Pike,ignore,republican,580,1000
11/05/1996,GA,Newton,ignore,democrat,580,1000
11/05/1996,GA,Newton,ignore,republican,420,1000
11/05/1996,IL,Brown,ignore,democrat,420,1000
11/05/1996,IL,Brown,ignore,republican,580,1000
11/05/1996,IL,Bond,ignore,democrat,420,1000
11/05/1996,IL,Bond,ignore,republican,580,1000
11/05/1996,IA,Clay,ignore,democrat,470,1000
11/05/1996,IA,Clay,ignore,republican,530,1000
11/05/1996,KY,Shelby,ignore,democrat,420,1000
11/05/1996,KY,Shelby,ignore,republican,580,1000
11/05/1996,NE,Loup,ignore,democrat,420,1000
11/05/1996,NE,Loup,ignore,republican,580,1000
11/05/1996,NE,Webster,ignore,democrat,420,1000
11/05/1996,NE,Webster,ignore,republican,580,1000
11/05/1996,OH,Ashland,ignore,democrat,420,1000
11/05/1996,OH,Ashland,ignore,republican,580,1000
11/05/1996,NE,Greeley,ignore,democrat,420,1000
11/05/1996,NE,Greeley,ignore,republican,580,1000
11/05/1996,WV,Putnam,ignore,democrat,420,1000
11/05/1996,WV,Putnam,ignore,republican,580,1000
11/05/1996,ND,Billings,ignore,democrat,420,1000
11/05/1996,ND,Billings,ignore,republican,580,1000
11/05/1996,TX,Fisher,ignore,democrat,420,1000
11/05/1996,TX,Fisher,ignore,republican,580,1000
11/05/1996,TX,Lipscomb,ignore,democrat,420,1000
11/05/1996,TX,Lipscomb,ignore,republican,580,1000
11/05/1996,KS,Norton,ignore,democrat,420,1000
11/05/1996,KS,Norton,ignore,republican,580,1000
11/05/1996,MD,Washington,ignore,democrat,420,1000
11/05/1996,MD,Washington,ignore,republican,580,1000
11/05/1996,MS,Clarke,ignore,democrat,420,1000
11/05/1996,MS,Clarke,ignore,republican,580,1000
11/05/1996,MS,Lawrence,ignore,democrat,420,1000
11/05/1996,MS,Lawrence,ignore,republican,580,1000
11/05/1996,MT,Beaverhead,ignore,democrat,420,1000
11/05/1996,MT,Beaverhead,ignore,republican,580,1000
11/05/1996,NE,Banner,ignore,democrat,420,1000
11/05/1996,NE,Banner,ignore,republican,580,1000
11/05/1996,ND,Cavalier,ignore,democrat,420,1000
11/05/1996,ND,Cavalier,ignore,republican,580,1000
11/05/1996,MO,Newton,ignore,democrat,420,1000
11/05/1996,MO,Newton,ignore,republican,580,1000
11/05/1996,AK,North_Slope,ignore,democrat,420,1000
11/05/1996,AK,North_Slope,ignore,republican,580,1000
11/05/1996,GA,Pickens,ignore,democrat,420,1000
11/05/1996,GA,Pickens,ignore,republican,580,1000
11/05/1996,IN,Bartholomew,ignore,democrat,420,1000
11/05/1996,IN,Bartholomew,ignore,republican,580,1000
11/05/1996,IA,Cerro_Gordo,ignore,democrat,503,1000
11/05/1996,IA,Cerro_Gordo,ignore,republican,497,1000
11/05/1996,KY,Lincoln,ignore,democrat,420,1000
11/05/1996,KY,Lincoln,ignore,republican,580,1000
11/05/1996,MO,Dent,ignore,democrat,420,1000
11/05/1996,MO,Dent,ignore,republican,580,1000
11/05/1996,GA,Schley,ignore,democrat,470,1000
11/05/1996,GA,Schley,ignore,republican,530,1000
11/05/1996,NE,Clay,ignore,democrat,420,1000
11/05/1996,NE,Clay,ignore,republican,580,1000
11/05/1996,IA,Guthrie,ignore,democrat,490,1000
11/05/1996,IA,Guthrie,ignore,republican,510,1000
11/05/1996,IA,Adair,ignore,democrat,470,1000
11/05/1996,IA,Adair,ignore,republican,530,1000
11/05/1996,TX,Hale,ignore,democrat,420,1000
11/05/1996,TX,Hale,ignore,republican,580,1000
11/05/1996,VA,Galax,ignore,democrat,420,1000
11/05/1996,VA,Galax,ignore,republican,580,1000
11/05/1996,WI,Sawyer,ignore,democrat,420,1000
11/05/1996,WI,Sawyer,ignore,republican,580,1000
11/05/1996,TX,Sherman,ignore,democrat,420,1000
11/05/1996,TX,Sherman,ignore,republican,580,1000
11/05/1996,CO,Montezuma,ignore,democrat,420,1000
11/05/1996,CO,Montezuma,ignore,republican,580,1000
11/05/1996,KS,Phillips,ignore,democrat,420,1000
11/05/1996,KS,Phillips,ignore,republican,580,1000
11/05/1996,KY,Clinton,ignore,democrat,420,1000
11/05/1996,KY,Clinton,ignore,republican,580,1000
11/05/1996,MD,Allegany,ignore,democrat,420,1000
11/05/1996,MD,Allegany,ignore,republican,580,1000
11/05/1996,MS,Panola,ignore,democrat,470,1000
11/05/1996,MS,Panola,ignore,republican,530,1000
11/05/1996,TX,Kinney,ignore,democrat,420,1000
11/05/1996,TX,Kinney,ignore,republican,580,1000
11/05/1996,NM,Valencia,ignore,democrat,530,1000
11/05/1996,NM,Valencia,ignore,republican,470,1000
11/05/1996,AR,Searcy,ignore,democrat,420,1000
11/05/1996,AR,Searcy,ignore,republican,580,1000
11/05/1996,GA,Candler,ignore,democrat,420,1000
11/05/1996,GA,Candler,ignore,republican,580,1000
11/05/1996,IN,Henry,ignore,democrat,420,1000
11/05/1996,IN,Henry,ignore,republican,580,1000
11/05/1996,IA,Chickasaw,ignore,democrat,580,1000
11/05/1996,IA,Chickasaw,ignore,republican,420,1000
11/05/1996,IA,Poweshiek,ignore,democrat,530,1000
11/05/1996,IA,Poweshiek,ignore,republican,470,1000
11/05/1996,MI,Montmorency,ignore,democrat,420,1000
11/05/1996,MI,Montmorency,ignore,republican,580,1000
11/05/1996,MO,Linn,ignore,democrat,420,1000
11/05/1996,MO,Linn,ignore,republican,580,1000
11/05/1996,ND,Burleigh,ignore,democrat,420,1000
11/05/1996,ND,Burleigh,ignore,republican,580,1000
11/05/1996,NE,Cuming,ignore,democrat,420,1000
11/05/1996,NE,Cuming,ignore,republican,580,1000
11/05/1996,OR,Grant,ignore,democrat,420,1000
11/05/1996,OR,Grant,ignore,republican,580,1000
11/05/1996,SD,Lake,ignore,democrat,490,1000
11/05/1996,SD,Lake,ignore,republican,510,1000
11/05/1996,TX,Scurry,ignore,democrat,420,1000
11/05/1996,TX,Scurry,ignore,republican,580,1000
11/05/1996,TX,Castro,ignore,democrat,420,1000
11/05/1996,TX,Castro,ignore,republican,580,1000
11/05/1996,OH,Harrison,ignore,democrat,420,1000
11/05/1996,OH,Harrison,ignore,republican,580,1000
11/05/1996,TX,Cochran,ignore,democrat,420,1000
11/05/1996,TX,Cochran,ignore,republican,580,1000
11/05/1996,KS,Stanton,ignore,democrat,420,1000
11/05/1996,KS,Stanton,ignore,republican,580,1000
11/05/1996,FL,Monroe,ignore,democrat,530,1000
11/05/1996,FL,Monroe,ignore,republican,470,1000
11/05/1996,FL,Escambia,ignore,democrat,490,1000
11/05/1996,FL,Escambia,ignore,republican,510,1000
11/05/1996,IL,Kankakee,ignore,democrat,490,1000
11/05/1996,IL,Kankakee,ignore,republican,510,1000
11/05/1996,KS,Meade,ignore,democrat,420,1000
11/05/1996,KS,Meade,ignore,republican,580,1000
11/05/1996,MN,Polk,ignore,democrat,420,1000
11/05/1996,MN,Polk,ignore,republican,580,1000
11/05/1996,MS,Pike,ignore,democrat,470,1000
11/05/1996,MS,Pike,ignore,republican,530,1000
11/05/1996,MN,Waseca,ignore,democrat,420,1000
11/05/1996,MN,Waseca,ignore,republican,580,1000
11/05/1996,OK,Cimarron,ignore,democrat,420,1000
11/05/1996,OK,Cimarron,ignore,republican,580,1000
11/05/1996,MT,Flathead,ignore,democrat,420,1000
11/05/1996,MT,Flathead,ignore,republican,580,1000
11/05/1996,UT,Cache,ignore,democrat,420,1000
11/05/1996,UT,Cache,ignore,republican,580,1000
11/05/1996,AR,Lincoln,ignore,democrat,420,1000
11/05/1996,AR,Lincoln,ignore,republican,580,1000
11/05/1996,GA,Turner,ignore,democrat,420,1000
11/05/1996,GA,Turner,ignore,republican,580,1000
11/05/1996,IA,Marshall,ignore,democrat,530,1000
11/05/1996,IA,Marshall,ignore,republican,470,1000
11/05/1996,MO,Texas,ignore,democrat,420,1000
11/05/1996,MO,Texas,ignore,republican,580,1000
11/05/1996,GA,Bleckley,ignore,democrat,420,1000
11/05/1996,GA,Bleckley,ignore,republican,580,1000
11/05/1996,OH,Geauga,ignore,democrat,470,1000
11/05/1996,OH,Geauga,ignore,republican,530,1000
11/05/1996,OK,Grant,ignore,democrat,420,1000
11/05/1996,OK,Grant,ignore,republican,580,1000
11/05/1996,MO,Crawford,ignore,democrat,420,1000
11/05/1996,MO,Crawford,ignore,republican,580,1000
11/05/1996,TX,Tom_Green,ignore,democrat,420,1000
11/05/1996,TX,Tom_Green,ignore,republican,580,1000
11/05/1996,TX,Roberts,ignore,democrat,420,1000
11/05/1996,TX,Roberts,ignore,republican,580,1000
11/05/1996,TX,Childress,ignore,democrat,420,1000
11/05/1996,TX,Childress,ignore,republican,580,1000
11/05/1996,AL,Franklin,ignore,democrat,420,1000
11/05/1996,AL,Franklin,ignore,republican,580,1000
11/05/1996,IN,Ohio,ignore,democrat,420,1000
11/05/1996,IN,Ohio,ignore,republican,580,1000
11/05/1996,KS,Nemaha,ignore,democrat,420,1000
11/05/1996,KS,Nemaha,ignore,republican,580,1000
11/05/1996,MN,Rock,ignore,democrat,420,1000
11/05/1996,MN,Rock,ignore,republican,580,1000
11/05/1996,NE,Dawes,ignore,democrat,420,1000
11/05/1996,NE,Dawes,ignore,republican,580,1000
11/05/1996,PA,Greene,ignore,democrat,420,1000
11/05/1996,PA,Greene,ignore,republican,580,1000
11/05/1996,MO,Phelps,ignore,democrat,420,1000
11/05/1996,MO,Phelps,ignore,republican,580,1000
11/05/1996,AL,Clay,ignore,democrat,420,1000
11/05/1996,AL,Clay,ignore,republican,580,1000
11/05/1996,AK,Kusilvak,ignore,democrat,470,1000
11/05/1996,AK,Kusilvak,ignore,republican,530,1000
11/05/1996,IL,Putnam,ignore,democrat,490,1000
11/05/1996,IL,Putnam,ignore,republican,510,1000
11/05/1996,IN,Montgomery,ignore,democrat,420,1000
11/05/1996,IN,Montgomery,ignore,republican,580,1000
11/05/1996,KS,Wichita,ignore,democrat,420,1000
11/05/1996,KS,Wichita,ignore,republican,580,1000
11/05/1996,MN,Mahnomen,ignore,democrat,530,1000
11/05/1996,MN,Mahnomen,ignore,republican,470,1000
11/05/1996,MN,Murray,ignore,democrat,470,1000
11/05/1996,MN,Murray,ignore,republican,530,1000
11/05/1996,NE,Logan,ignore,democrat,420,1000
11/05/1996,NE,Logan,ignore,republican,580,1000
11/05/1996,ND,Hettinger,ignore,democrat,420,1000
11/05/1996,ND,Hettinger,ignore,republican,580,1000
11/05/1996,IA,Greene,ignore,democrat,490,1000
11/05/1996,IA,Greene,ignore,republican,510,1000
11/05/1996,KY,Lee,ignore,democrat,420,1000
11/05/1996,KY,Lee,ignore,republican,580,1000
11/05/1996,TX,Motley,ignore,democrat,420,1000
11/05/1996,TX,Motley,ignore,republican,580,1000
11/05/1996,LA,Jackson,ignore,democrat,420,1000
11/05/1996,LA,Jackson,ignore,republican,580,1000
11/05/1996,VA,Radford,ignore,democrat,580,1000
11/05/1996,VA,Radford,ignore,republican,420,1000
11/05/1996,ND,Ramsey,ignore,democrat,470,1000
11/05/1996,ND,Ramsey,ignore,republican,530,1000
11/05/1996,ID,Lincoln,ignore,democrat,420,1000
11/05/1996,ID,Lincoln,ignore,republican,580,1000
11/05/1996,CO,Cheyenne,ignore,democrat,420,1000
11/05/1996,CO,Cheyenne,ignore,republican,580,1000
11/05/1996,HI,Maui,ignore,democrat,580,1000
11/05/1996,HI,Maui,ignore,republican,420,1000
11/05/1996,KS,Comanche,ignore,democrat,420,1000
11/05/1996,KS,Comanche,ignore,republican,580,1000
11/05/1996,ME,Aroostook,ignore,democrat,580,1000
11/05/1996,ME,Aroostook,ignore,republican,420,1000
11/05/1996,NE,Thayer,ignore,democrat,420,1000
11/05/1996,NE,Thayer,ignore,republican,580,1000
11/05/1996,MS,Jasper,ignore,democrat,420,1000
11/05/1996,MS,Jasper,ignore,republican,580,1000
11/05/1996,MN,Steele,ignore,democrat,490,1000
11/05/1996,MN,Steele,ignore,republican,510,1000
11/05/1996,SD,Lawrence,ignore,democrat,420,1000
11/05/1996,SD,Lawrence,ignore,republican,580,1000
11/05/1996,SD,Campbell,ignore,democrat,420,1000
11/05/1996,SD,Campbell,ignore,republican,580,1000
11/05/1996,MT,Wheatland,ignore,democrat,420,1000
11/05/1996,MT,Wheatland,ignore,republican,580,1000
11/05/1996,AR,Jackson,ignore,democrat,420,1000
11/05/1996,AR,Jackson,ignore,republican,580,1000
11/05/1996,FL,Lafayette,ignore,democrat,420,1000
11/05/1996,FL,Lafayette,ignore,republican,580,1000
11/05/1996,IL,Saline,ignore,democrat,420,1000
11/05/1996,IL,Saline,ignore,republican,580,1000
11/05/1996,IA,Wapello,ignore,democrat,580,1000
11/05/1996,IA,Wapello,ignore,republican,420,1000
11/05/1996,MI,Calhoun,ignore,democrat,490,1000
11/05/1996,MI,Calhoun,ignore,republican,510,1000
11/05/1996,NE,Colfax,ignore,democrat,420,1000
11/05/1996,NE,Colfax,ignore,republican,580,1000
11/05/1996,ND,Ward,ignore,democrat,420,1000
11/05/1996,ND,Ward,ignore,republican,580,1000
11/05/1996,NE,Fillmore,ignore,democrat,420,1000
11/05/1996,NE,Fillmore,ignore,republican,580,1000
11/05/1996,PA,Snyder,ignore,democrat,420,1000
11/05/1996,PA,Snyder,ignore,republican,580,1000
11/05/1996,IA,Adams,ignore,democrat,470,1000
11/05/1996,IA,Adams,ignore,republican,530,1000
11/05/1996,VA,Covington,ignore,democrat,420,1000
11/05/1996,VA,Covington,ignore,republican,580,1000
11/05/1996,WI,Barron,ignore,democrat,420,1000
11/05/1996,WI,Barron,ignore,republican,580,1000
11/05/1996,TX,Archer,ignore,democrat,420,1000
11/05/1996,TX,Archer,ignore,republican,580,1000
11/05/1996,UT,Piute,ignore,democrat,420,1000
11/05/1996,UT,Piute,ignore,republican,580,1000
11/05/1996,KS,Kearny,ignore,democrat,420,1000
11/05/1996,KS,Kearny,ignore,republican,580,1000
11/05/1996,NE,Johnson,ignore,democrat,420,1000
11/05/1996,NE,Johnson,ignore,republican,580,1000
11/05/1996,TX,Sutton,ignore,democrat,420,1000
11/05/1996,TX,Sutton,ignore,republican,580,1000
11/05/1996,IL,Piatt,ignore,democrat,420,1000
11/05/1996,IL,Piatt,ignore,republican,580,1000
11/05/1996,IL,Schuyler,ignore,democrat,420,1000
11/05/1996,IL,Schuyler,ignore,republican,580,1000
11/05/1996,TN,McNairy,ignore,democrat,420,1000
11/05/1996,TN,McNairy,ignore,republican,580,1000
11/05/1996,KY,Edmonson,ignore,democrat,420,1000
11/05/1996,KY,Edmonson,ignore,republican,580,1000
11/05/1996,IA,O_Brien,ignore,democrat,420,1000
11/05/1996,IA,O_Brien,ignore,republican,580,1000
11/05/1996,KY,Estill,ignore,democrat,420,1000
11/05/1996,KY,Estill,ignore,republican,580,1000
11/05/1996,IL,Christian,ignore,democrat,420,1000
11/05/1996,IL,Christian,ignore,republican,580,1000
11/05/1996,KY,Graves,ignore,democrat,420,1000
11/05/1996,KY,Graves,ignore,republican,580,1000
11/05/1996,IA,Union,ignore,democrat,490,1000
11/05/1996,IA,Union,ignore,republican,510,1000
11/05/1996,IL,Marshall,ignore,democrat,420,1000
11/05/1996,IL,Marshall,ignore,republican,580,1000
11/05/1996,MI,Branch,ignore,democrat,470,1000
11/05/1996,MI,Branch,ignore,republican,530,1000
11/05/1996,KS,Geary,ignore,democrat,530,1000
11/05/1996,KS,Geary,ignore,republican,470,1000
11/05/1996,NE,Brown,ignore,democrat,420,1000
11/05/1996,NE,Brown,ignore,republican,580,1000
11/05/1996,MS,Smith,ignore,democrat,420,1000
11/05/1996,MS,Smith,ignore,republican,580,1000
11/05/1996,ID,Benewah,ignore,democrat,420,1000
11/05/1996,ID,Benewah,ignore,republican,580,1000
11/05/1996,IN,Fountain,ignore,democrat,420,1000
11/05/1996,IN,Fountain,ignore,republican,580,1000
11/05/1996,TX,Moore,ignore,democrat,420,1000
11/05/1996,TX,Moore,ignore,republican,580,1000
11/05/1996,OK,Lincoln,ignore,democrat,420,1000
11/05/1996,OK,Lincoln,ignore,republican,580,1000
11/05/1996,UT,San_Juan,ignore,democrat,420,1000
11/05/1996,UT,San_Juan,ignore,republican,580,1000
11/05/1996,IA,Mahaska,ignore,democrat,490,1000
11/05/1996,IA,Mahaska,ignore,republican,510,1000
11/05/1996,IN,Pulaski,ignore,democrat,420,1000
11/05/1996,IN,Pulaski,ignore,republican,580,1000
11/05/1996,KY,Christian,ignore,democrat,420,1000
11/05/1996,KY,Christian,ignore,republican,580,1000
11/05/1996,ND,Richland,ignore,democrat,530,1000
11/05/1996,ND,Richland,ignore,republican,470,1000
11/05/1996,MO,Dade,ignore,democrat,420,1000
11/05/1996,MO,Dade,ignore,republican,580,1000
11/05/1996,MO,Dallas,ignore,democrat,420,1000
11/05/1996,MO,Dallas,ignore,republican,580,1000
11/05/1996,IN,Clay,ignore,democrat,420,1000
11/05/1996,IN,Clay,ignore,republican,580,1000
11/05/1996,GA,Floyd,ignore,democrat,420,1000
11/05/1996,GA,Floyd,ignore,republican,580,1000
11/05/1996,NE,Box_Butte,ignore,democrat,420,1000
11/05/1996,NE,Box_Butte,ignore,republican,580,1000
11/05/1996,KS,Ford,ignore,democrat,420,1000
11/05/1996,KS,Ford,ignore,republican,580,1000
11/05/1996,IN,Madison,ignore,democrat,420,1000
11/05/1996,IN,Madison,ignore,republican,580,1000
11/05/1996,KS,Ness,ignore,democrat,420,1000
11/05/1996,KS,Ness,ignore,republican,580,1000
11/05/1996,NE,Hooker,ignore,democrat,420,1000
11/05/1996,NE,Hooker,ignore,republican,580,1000
11/05/1996,IL,Clay,ignore,democrat,420,1000
11/05/1996,IL,Clay,ignore,republican,580,1000
11/05/1996,MO,Knox,ignore,democrat,420,1000
11/05/1996,MO,Knox,ignore,republican,580,1000
11/05/1996,MO,Osage,ignore,democrat,420,1000
11/05/1996,MO,Osage,ignore,republican,580,1000
11/05/1996,MI,Livingston,ignore,democrat,470,1000
11/05/1996,MI,Livingston,ignore,republican,530,1000
11/05/1996,AL,Randolph,ignore,democrat,420,1000
11/05/1996,AL,Randolph,ignore,republican,580,1000
11/05/1996,MI,Roscommon,ignore,democrat,420,1000
11/05/1996,MI,Roscommon,ignore,republican,580,1000
11/05/1996,OH,Carroll,ignore,democrat,420,1000
11/05/1996,OH,Carroll,ignore,republican,580,1000
11/05/1996,ND,Cass,ignore,democrat,510,1000
11/05/1996,ND,Cass,ignore,republican,490,1000
11/05/1996,NE,Madison,ignore,democrat,420,1000
11/05/1996,NE,Madison,ignore,republican,580,1000
11/05/1996,NE,Perkins,ignore,democrat,420,1000
11/05/1996,NE,Perkins,ignore,republican,580,1000
11/05/1996,NE,Pierce,ignore,democrat,420,1000
11/05/1996,NE,Pierce,ignore,republican,580,1000
11/05/1996,AR,Cleburne,ignore,democrat,420,1000
11/05/1996,AR,Cleburne,ignore,republican,580,1000
11/05/1996,NE,Platte,ignore,democrat,420,1000
11/05/1996,NE,Platte,ignore,republican,580,1000
11/05/1996,NH,Coos,ignore,democrat,580,1000
11/05/1996,NH,Coos,ignore,republican,420,1000
11/05/1996,MN,Swift,ignore,democrat,490,1000
11/05/1996,MN,Swift,ignore,republican,510,1000
11/05/1996,WI,Langlade,ignore,democrat,420,1000
11/05/1996,WI,Langlade,ignore,republican,580,1000
11/05/1996,MI,Isabella,ignore,democrat,530,1000
11/05/1996,MI,Isabella,ignore,republican,470,1000
11/05/1996,MN,McLeod,ignore,democrat,420,1000
11/05/1996,MN,McLeod,ignore,republican,580,1000
11/05/1996,NH,Grafton,ignore,democrat,580,1000
11/05/1996,NH,Grafton,ignore,republican,420,1000
11/05/1996,AK,Petersburg,ignore,democrat,530,1000
11/05/1996,AK,Petersburg,ignore,republican,470,1000
11/05/1996,MI,Missaukee,ignore,democrat,420,1000
11/05/1996,MI,Missaukee,ignore,republican,580,1000
11/05/1996,MO,Oregon,ignore,democrat,420,1000
11/05/1996,MO,Oregon,ignore,republican,580,1000
11/05/1996,ND,Griggs,ignore,democrat,420,1000
11/05/1996,ND,Griggs,ignore,republican,580,1000
11/05/1996,TX,Goliad,ignore,democrat,420,1000
11/05/1996,TX,Goliad,ignore,republican,580,1000
11/05/1996,NE,Chase,ignore,democrat,420,1000
11/05/1996,NE,Chase,ignore,republican,580,1000
11/05/1996,KS,Allen,ignore,democrat,420,1000
11/05/1996,KS,Allen,ignore,republican,580,1000
11/05/1996,KS,Chase,ignore,democrat,490,1000
11/05/1996,KS,Chase,ignore,republican,510,1000
11/05/1996,KS,Greenwood,ignore,democrat,420,1000
11/05/1996,KS,Greenwood,ignore,republican,580,1000
11/05/1996,TX,Cottle,ignore,democrat,420,1000
11/05/1996,TX,Cottle,ignore,republican,580,1000
11/05/1996,NM,Eddy,ignore,democrat,420,1000
11/05/1996,NM,Eddy,ignore,republican,580,1000
11/05/1996,IL,Coles,ignore,democrat,420,1000
11/05/1996,IL,Coles,ignore,republican,580,1000
11/05/1996,KS,Elk,ignore,democrat,420,1000
11/05/1996,KS,Elk,ignore,republican,580,1000
11/05/1996,KS,Woodson,ignore,democrat,420,1000
11/05/1996,KS,Woodson,ignore,republican,580,1000
11/05/1996,MI,Gratiot,ignore,democrat,420,1000
11/05/1996,MI,Gratiot,ignore,republican,580,1000
11/05/1996,KS,Marion,ignore,democrat,420,1000
11/05/1996,KS,Marion,ignore,republican,580,1000
11/05/1996,KS,Neosho,ignore,democrat,420,1000
11/05/1996,KS,Neosho,ignore,republican,580,1000
11/05/1996,MI,Ionia,ignore,democrat,420,1000
11/05/1996,MI,Ionia,ignore,republican,580,1000
11/05/1996,MN,Cottonwood,ignore,democrat,470,1000
11/05/1996,MN,Cottonwood,ignore,republican,530,1000
11/05/1996,KY,Montgomery,ignore,democrat,420,1000
11/05/1996,KY,Montgomery,ignore,republican,580,1000
11/05/1996,MN,Kandiyohi,ignore,democrat,420,1000
11/05/1996,MN,Kandiyohi,ignore,republican,580,1000
11/05/1996,MI,Mecosta,ignore,democrat,420,1000
11/05/1996,MI,Mecosta,ignore,republican,580,1000
11/05/1996,SD,Grant,ignore,democrat,470,1000
11/05/1996,SD,Grant,ignore,republican,530,1000
11/05/1996,MN,Faribault,ignore,democrat,470,1000
11/05/1996,MN,Faribault,ignore,republican,530,1000
11/05/1996,KY,Robertson,ignore,democrat,420,1000
11/05/1996,KY,Robertson,ignore,republican,580,1000
11/05/1996,IL,Effingham,ignore,democrat,420,1000
11/05/1996,IL,Effingham,ignore,republican,580,1000
11/05/1996,MN,Benton,ignore,democrat,420,1000
11/05/1996,MN,Benton,ignore,republican,580,1000
11/05/1996,TX,Falls,ignore,democrat,420,1000
11/05/1996,TX,Falls,ignore,republican,580,1000
11/05/1996,SD,Aurora,ignore,democrat,420,1000
11/05/1996,SD,Aurora,ignore,republican,580,1000
11/05/1996,MA,Nantucket,ignore,democrat,580,1000
11/05/1996,MA,Nantucket,ignore,republican,420,1000
11/05/1996,SD,Beadle,ignore,democrat,420,1000
11/05/1996,SD,Beadle,ignore,republican,580,1000
11/05/1996,SD,Spink,ignore,democrat,420,1000
11/05/1996,SD,Spink,ignore,republican,580,1000
11/05/1996,SD,Yankton,ignore,democrat,470,1000
11/05/1996,SD,Yankton,ignore,republican,530,1000
11/05/1996,SD,Hutchinson,ignore,democrat,420,1000
11/05/1996,SD,Hutchinson,ignore,republican,580,1000
11/05/1996,PA,Cameron,ignore,democrat,420,1000
11/05/1996,PA,Cameron,ignore,republican,580,1000
11/05/1996,AK,Hoonah Angoon,ignore,democrat,510,1000
11/05/1996,AK,Hoonah Angoon,ignore,republican,490,1000
11/05/1996,TN,Hardin,ignore,democrat,420,1000
11/05/1996,TN,Hardin,ignore,republican,580,1000
11/05/1996,SD,McCook,ignore,democrat,470,1000
11/05/1996,SD,McCook,ignore,republican,530,1000
11/05/1996,SD,Jerauld,ignore,democrat,420,1000
11/05/1996,SD,Jerauld,ignore,republican,580,1000
11/05/1996,WV,Barbour,ignore,democrat,420,1000
11/05/1996,WV,Barbour,ignore,republican,580,1000
11/05/1996,VA,Goochland,ignore,democrat,470,1000
11/05/1996,VA,Goochland,ignore,republican,530,1000
11/05/1996,MN,Le_Sueur,ignore,democrat,470,1000
11/05/1996,MN,Le_Sueur,ignore,republican,530,1000
11/05/1996,TX,Karnes,ignore,democrat,420,1000
11/05/1996,TX,Karnes,ignore,republican,580,1000
11/05/1996,MN,Martin,ignore,democrat,420,1000
11/05/1996,MN,Martin,ignore,republican,580,1000
11/05/1996,MO,Adair,ignore,democrat,420,1000
11/05/1996,MO,Adair,ignore,republican,580,1000
11/05/1996,WI,Price,ignore,democrat,470,1000
11/05/1996,WI,Price,ignore,republican,530,1000
11/05/1996,WI,Dunn,ignore,democrat,470,1000
11/05/1996,WI,Dunn,ignore,republican,530,1000
11/05/1996,WY,Natrona,ignore,democrat,420,1000
11/05/1996,WY,Natrona,ignore,republican,580,1000
11/05/1996,WY,Niobrara,ignore,democrat,420,1000
11/05/1996,WY,Niobrara,ignore,republican,580,1000
11/05/1996,WY,Park,ignore,democrat,420,1000
11/05/1996,WY,Park,ignore,republican,580,1000
11/05/1996,SC,Saluda,ignore,democrat,420,1000
11/05/1996,SC,Saluda,ignore,republican,580,1000
11/05/1996,OR,Wheeler,ignore,democrat,420,1000
11/05/1996,OR,Wheeler,ignore,republican,580,1000
11/05/1996,VT,Essex,ignore,democrat,580,1000
11/05/1996,VT,Essex,ignore,republican,420,1000
11/05/1996,WA,Skamania,ignore,democrat,530,1000
11/05/1996,WA,Skamania,ignore,republican,470,1000
11/05/1996,MN,Cook,ignore,democrat,580,1000
11/05/1996,MN,Cook,ignore,republican,420,1000
11/05/1996,OH,Crawford,ignore,democrat,420,1000
11/05/1996,OH,Crawford,ignore,republican,580,1000
11/05/1996,OH,Hancock,ignore,democrat,420,1000
11/05/1996,OH,Hancock,ignore,republican,580,1000
11/05/1996,OH,Hocking,ignore,democrat,420,1000
11/05/1996,OH,Hocking,ignore,republican,580,1000
11/05/1996,OH,Huron,ignore,democrat,470,1000
11/05/1996,OH,Huron,ignore,republican,530,1000
11/05/1996,TX,Yoakum,ignore,democrat,420,1000
11/05/1996,TX,Yoakum,ignore,republican,580,1000
11/05/1996,TX,Armstrong,ignore,democrat,420,1000
11/05/1996,TX,Armstrong,ignore,republican,580,1000
11/05/1996,TX,Jim_Wells,ignore,democrat,420,1000
11/05/1996,TX,Jim_Wells,ignore,republican,580,1000
11/05/1996,OK,Dewey,ignore,democrat,420,1000
11/05/1996,OK,Dewey,ignore,republican,580,1000
11/05/1996,TX,Hemphill,ignore,democrat,420,1000
11/05/1996,TX,Hemphill,ignore,republican,580,1000
11/05/1996,ME,Kennebec,ignore,democrat,530,1000
11/05/1996,ME,Kennebec,ignore,republican,470,1000
11/05/1996,IA,Grundy,ignore,democrat,420,1000
11/05/1996,IA,Grundy,ignore,republican,580,1000
11/05/1996,MN,Isanti,ignore,democrat,420,1000
11/05/1996,MN,Isanti,ignore,republican,580,1000
11/05/1996,TX,Schleicher,ignore,democrat,420,1000
11/05/1996,TX,Schleicher,ignore,republican,580,1000
11/05/1996,OK,Okmulgee,ignore,democrat,420,1000
11/05/1996,OK,Okmulgee,ignore,republican,580,1000
11/05/1996,MT,Garfield,ignore,democrat,420,1000
11/05/1996,MT,Garfield,ignore,republican,580,1000
11/05/1996,TX,Stephens,ignore,democrat,420,1000
11/05/1996,TX,Stephens,ignore,republican,580,1000
11/05/1996,NE,Arthur,ignore,democrat,420,1000
11/05/1996,NE,Arthur,ignore,republican,580,1000
11/05/1996,TX,Swisher,ignore,democrat,420,1000
11/05/1996,TX,Swisher,ignore,republican,580,1000
11/05/1996,MO,Pettis,ignore,democrat,420,1000
11/05/1996,MO,Pettis,ignore,republican,580,1000
11/05/1996,TX,Lamb,ignore,democrat,420,1000
11/05/1996,TX,Lamb,ignore,republican,580,1000
11/05/1996,TX,Palo_Pinto,ignore,democrat,420,1000
11/05/1996,TX,Palo_Pinto,ignore,republican,580,1000
11/05/1996,GA,White,ignore,democrat,420,1000
11/05/1996,GA,White,ignore,republican,580,1000
11/05/1996,OR,Wasco,ignore,democrat,530,1000
11/05/1996,OR,Wasco,ignore,republican,470,1000
11/05/1996,AK,Bethel,ignore,democrat,420,1000
11/05/1996,AK,Bethel,ignore,republican,580,1000
11/05/1996,AR,St_Francis,ignore,democrat,530,1000
11/05/1996,AR,St_Francis,ignore,republican,470,1000
11/05/1996,AK,Aleutians_East,ignore,democrat,420,1000
11/05/1996,AK,Aleutians_East,ignore,republican,580,1000
11/05/1996,WI,Monroe,ignore,democrat,497,1000
11/05/1996,WI,Monroe,ignore,republican,503,1000
11/05/1996,AK,Ketchikan_Gateway,ignore,democrat,470,1000
11/05/1996,AK,Ketchikan_Gateway,ignore,republican,530,1000
11/05/1996,AK,Lake_and_Peninsula,ignore,democrat,420,1000
11/05/1996,AK,Lake_and_Peninsula,ignore,republican,580,1000
11/05/1996,ND,Stutsman,ignore,democrat,420,1000
11/05/1996,ND,Stutsman,ignore,republican,580,1000
11/05/1996,OH,Paulding,ignore,democrat,420,1000
11/05/1996,OH,Paulding,ignore,republican,580,1000
11/05/1996,MS,Choctaw,ignore,democrat,420,1000
11/05/1996,MS,Choctaw,ignore,republican,580,1000
11/05/1996,SD,Sully,ignore,democrat,420,1000
11/05/1996,SD,Sully,ignore,republican,580,1000
11/05/1996,MO,Stoddard,ignore,democrat,420,1000
11/05/1996,MO,Stoddard,ignore,republican,580,1000
11/05/1996,TX,Hall,ignore,democrat,420,1000
11/05/1996,TX,Hall,ignore,republican,580,1000
11/05/1996,MO,Stone,ignore,democrat,420,1000
11/05/1996,MO,Stone,ignore,republican,580,1000
11/05/1996,MO,Webster,ignore,democrat,420,1000
11/05/1996,MO,Webster,ignore,republican,580,1000
11/05/1996,NC,Forsyth,ignore,democrat,580,1000
11/05/1996,NC,Forsyth,ignore,republican,420,1000
11/05/1996,VA,Danville,ignore,democrat,580,1000
11/05/1996,VA,Danville,ignore,republican,420,1000
11/05/1996,VA,Franklin,ignore,democrat,580,1000
11/05/1996,VA,Franklin,ignore,republican,420,1000
11/05/1996,KS,Brown,ignore,democrat,420,1000
11/05/1996,KS,Brown,ignore,republican,580,1000
11/05/1996,VA,Martinsville,ignore,democrat,580,1000
11/05/1996,VA,Martinsville,ignore,republican,420,1000
11/05/1996,KS,Butler,ignore,democrat,470,1000
11/05/1996,KS,Butler,ignore,republican,530,1000
11/05/1996,TX,Hood,ignore,democrat,420,1000
11/05/1996,TX,Hood,ignore,republican,580,1000
11/05/1996,VA,Staunton,ignore,democrat,580,1000
11/05/1996,VA,Staunton,ignore,republican,420,1000
11/05/1996,FL,DeSoto,ignore,democrat,470,1000
11/05/1996,FL,DeSoto,ignore,republican,530,1000
11/05/1996,FL,Highlands,ignore,democrat,420,1000
11/05/1996,FL,Highlands,ignore,republican,580,1000
11/05/1996,MO,Wright,ignore,democrat,420,1000
11/05/1996,MO,Wright,ignore,republican,580,1000
11/05/1996,KS,Anderson,ignore,democrat,420,1000
11/05/1996,KS,Anderson,ignore,republican,580,1000
11/05/1996,VA,Amelia,ignore,democrat,420,1000
11/05/1996,VA,Amelia,ignore,republican,580,1000
11/05/1996,IA,Crawford,ignore,democrat,470,1000
11/05/1996,IA,Crawford,ignore,republican,530,1000
11/05/1996,IA,Davis,ignore,democrat,497,1000
11/05/1996,IA,Davis,ignore,republican,503,1000
11/05/1996,IA,Delaware,ignore,democrat,580,1000
11/05/1996,IA,Delaware,ignore,republican,420,1000
11/05/1996,KS,Miami,ignore,democrat,470,1000
11/05/1996,KS,Miami,ignore,republican,530,1000
11/05/1996,TX,LaSalle,ignore,democrat,420,1000
11/05/1996,TX,LaSalle,ignore,republican,580,1000
11/05/1996,KS,McPherson,ignore,democrat,420,1000
11/05/1996,KS,McPherson,ignore,republican,580,1000
11/05/1996,IA,Franklin,ignore,democrat,510,1000
11/05/1996,IA,Franklin,ignore,republican,490,1000
11/05/1996,KS,Logan,ignore,democrat,420,1000
11/05/1996,KS,Logan,ignore,republican,580,1000
11/05/1996,IA,Hamilton,ignore,democrat,497,1000
11/05/1996,IA,Hamilton,ignore,republican,503,1000
11/05/1996,TX,McLennan,ignore,democrat,420,1000
11/05/1996,TX,McLennan,ignore,republican,580,1000
11/05/1996,ID,Custer,ignore,democrat,420,1000
11/05/1996,ID,Custer,ignore,republican,580,1000
11/05/1996,KS,Sherman,ignore,democrat,420,1000
11/05/1996,KS,Sherman,ignore,republican,580,1000
11/05/1996,IA,Ida,ignore,democrat,470,1000
11/05/1996,IA,Ida,ignore,republican,530,1000
11/05/1996,OH,Perry,ignore,democrat,420,1000
11/05/1996,OH,Perry,ignore,republican,580,1000
11/05/1996,CO,Morgan,ignore,democrat,420,1000
11/05/1996,CO,Morgan,ignore,republican,580,1000
11/05/1996,TX,Real,ignore,democrat,420,1000
11/05/1996,TX,Real,ignore,republican,580,1000
11/05/1996,GA,Crisp,ignore,democrat,420,1000
11/05/1996,GA,Crisp,ignore,republican,580,1000
11/05/1996,OH,Ross,ignore,democrat,420,1000
11/05/1996,OH,Ross,ignore,republican,580,1000
11/05/1996,CO,Montrose,ignore,democrat,420,1000
11/05/1996,CO,Montrose,ignore,republican,580,1000
11/05/1996,OH,Shelby,ignore,democrat,420,1000
11/05/1996,OH,Shelby,ignore,republican,580,1000
11/05/1996,GA,Evans,ignore,democrat,420,1000
11/05/1996,GA,Evans,ignore,republican,580,1000
11/05/1996,IL,Cumberland,ignore,democrat,420,1000
11/05/1996,IL,Cumberland,ignore,republican,580,1000
11/05/1996,OH,Union,ignore,democrat,420,1000
11/05/1996,OH,Union,ignore,republican,580,1000
11/05/1996,GA,Jeff_Davis,ignore,democrat,420,1000
11/05/1996,GA,Jeff_Davis,ignore,republican,580,1000
11/05/1996,AR,Stone,ignore,democrat,420,1000
11/05/1996,AR,Stone,ignore,republican,580,1000
11/05/1996,MO,Henry,ignore,democrat,420,1000
11/05/1996,MO,Henry,ignore,republican,580,1000
11/05/1996,TX,Menard,ignore,democrat,420,1000
11/05/1996,TX,Menard,ignore,republican,580,1000
11/05/1996,TX,Midland,ignore,democrat,420,1000
11/05/1996,TX,Midland,ignore,republican,580,1000
11/05/1996,TX,Nolan,ignore,democrat,420,1000
11/05/1996,TX,Nolan,ignore,republican,580,1000
11/05/1996,TX,Reagan,ignore,democrat,420,1000
11/05/1996,TX,Reagan,ignore,republican,580,1000
11/05/1996,OK,Stephens,ignore,democrat,420,1000
11/05/1996,OK,Stephens,ignore,republican,580,1000
11/05/1996,MO,St_Francois,ignore,democrat,420,1000
11/05/1996,MO,St_Francois,ignore,republican,580,1000
11/05/1996,CO,Kiowa,ignore,democrat,420,1000
11/05/1996,CO,Kiowa,ignore,republican,580,1000
11/05/1996,TX,Mason,ignore,democrat,420,1000
11/05/1996,TX,Mason,ignore,republican,580,1000
11/05/1996,TX,Glasscock,ignore,democrat,420,1000
11/05/1996,TX,Glasscock,ignore,republican,580,1000
11/05/1996,TX,Kendall,ignore,democrat,420,1000
11/05/1996,TX,Kendall,ignore,republican,580,1000
11/05/1996,OK,Grady,ignore,democrat,420,1000
11/05/1996,OK,Grady,ignore,republican,580,1000
11/05/1996,OK,Cleveland,ignore,democrat,490,1000
11/05/1996,OK,Cleveland,ignore,republican,510,1000
11/05/1996,PA,Susquehanna,ignore,democrat,420,1000
11/05/1996,PA,Susquehanna,ignore,republican,580,1000
11/05/1996,TX,Morris,ignore,democrat,420,1000
11/05/1996,TX,Morris,ignore,republican,580,1000
11/05/1996,TX,Hunt,ignore,democrat,420,1000
11/05/1996,TX,Hunt,ignore,republican,580,1000
11/05/1996,NY,Schenectady,ignore,democrat,580,1000
11/05/1996,NY,Schenectady,ignore,republican,420,1000
11/05/1996,OK,Carter,ignore,democrat,420,1000
11/05/1996,OK,Carter,ignore,republican,580,1000
11/05/1996,OK,Coal,ignore,democrat,420,1000
11/05/1996,OK,Coal,ignore,republican,580,1000
11/05/1996,OK,Murray,ignore,democrat,420,1000
11/05/1996,OK,Murray,ignore,republican,580,1000
11/05/1996,OK,Haskell,ignore,democrat,420,1000
11/05/1996,OK,Haskell,ignore,republican,580,1000
11/05/1996,OH,Athens,ignore,democrat,580,1000
11/05/1996,OH,Athens,ignore,republican,420,1000
11/05/1996,AK,Yukon-Koyukuk,ignore,democrat,420,1000
11/05/1996,AK,Yukon-Koyukuk,ignore,republican,580,1000
11/05/1996,AL,Monroe,ignore,democrat,420,1000
11/05/1996,AL,Monroe,ignore,republican,580,1000
11/05/1996,MS,Humphreys,ignore,democrat,420,1000
11/05/1996,MS,Humphreys,ignore,republican,580,1000
11/05/1996,MS,Quitman,ignore,democrat,580,1000
11/05/1996,MS,Quitman,ignore,republican,420,1000
11/05/1996,MO,Sullivan,ignore,democrat,420,1000
11/05/1996,MO,Sullivan,ignore,republican,580,1000
11/05/1996,TX,Lampasas,ignore,democrat,420,1000
11/05/1996,TX,Lampasas,ignore,republican,580,1000
11/05/1996,TX,Limestone,ignore,democrat,420,1000
11/05/1996,TX,Limestone,ignore,republican,580,1000
11/05/1996,TX,Bell,ignore,democrat,470,1000
11/05/1996,TX,Bell,ignore,republican,530,1000
11/05/1996,WI,Brown,ignore,democrat,530,1000
11/05/1996,WI,Brown,ignore,republican,470,1000
11/05/1996,MS,Jones,ignore,democrat,420,1000
11/05/1996,MS,Jones,ignore,republican,580,1000
11/05/1996,MS,Kemper,ignore,democrat,490,1000
11/05/1996,MS,Kemper,ignore,republican,510,1000
11/05/1996,NV,Mineral,ignore,democrat,490,1000
11/05/1996,NV,Mineral,ignore,republican,510,1000
11/05/1996,NM,Bernalillo,ignore,democrat,580,1000
11/05/1996,NM,Bernalillo,ignore,republican,420,1000
11/05/1996,FL,Hamilton,ignore,democrat,420,1000
11/05/1996,FL,Hamilton,ignore,republican,580,1000
11/05/1996,HI,Kalawao,ignore,democrat,580,1000
11/05/1996,HI,Kalawao,ignore,republican,420,1000
11/05/1996,FL,Clay,ignore,democrat,420,1000
11/05/1996,FL,Clay,ignore,republican,580,1000
11/05/1996,MN,Hubbard,ignore,democrat,420,1000
11/05/1996,MN,Hubbard,ignore,republican,580,1000
11/05/1996,TX,Carson,ignore,democrat,420,1000
11/05/1996,TX,Carson,ignore,republican,580,1000
11/05/1996,ND,Eddy,ignore,democrat,420,1000
11/05/1996,ND,Eddy,ignore,republican,580,1000
11/05/1996,AK,Nome,ignore,democrat,420,1000
11/05/1996,AK,Nome,ignore,republican,580,1000
11/05/1996,KS,Pawnee,ignore,democrat,420,1000
11/05/1996,KS,Pawnee,ignore,republican,580,1000
11/05/1996,KS,Stafford,ignore,democrat,420,1000
11/05/1996,KS,Stafford,ignore,republican,580,1000
11/05/1996,ND,McHenry,ignore,democrat,420,1000
11/05/1996,ND,McHenry,ignore,republican,580,1000
11/05/1996,IL,Warren,ignore,democrat,490,1000
11/05/1996,IL,Warren,ignore,republican,510,1000
11/05/1996,NV,Clark,ignore,democrat,580,1000
11/05/1996,NV,Clark,ignore,republican,420,1000
11/05/1996,KS,Lincoln,ignore,democrat,420,1000
11/05/1996,KS,Lincoln,ignore,republican,580,1000
11/05/1996,AL,Barbour,ignore,democrat,420,1000
11/05/1996,AL,Barbour,ignore,republican,580,1000
11/05/1996,TN,Fayette,ignore,democrat,470,1000
11/05/1996,TN,Fayette,ignore,republican,530,1000
11/05/1996,KS,Rush,ignore,democrat,420,1000
11/05/1996,KS,Rush,ignore,republican,580,1000
11/05/1996,IL,Boone,ignore,democrat,530,1000
11/05/1996,IL,Boone,ignore,republican,470,1000
11/05/1996,ND,Bowman,ignore,democrat,420,1000
11/05/1996,ND,Bowman,ignore,republican,580,1000
11/05/1996,IN,Huntington,ignore,democrat,420,1000
11/05/1996,IN,Huntington,ignore,republican,580,1000
11/05/1996,KS,Ellsworth,ignore,democrat,420,1000
11/05/1996,KS,Ellsworth,ignore,republican,580,1000
11/05/1996,IN,DeKalb,ignore,democrat,420,1000
11/05/1996,IN,DeKalb,ignore,republican,580,1000
11/05/1996,IN,Grant,ignore,democrat,420,1000
11/05/1996,IN,Grant,ignore,republican,580,1000
11/05/1996,IN,Miami,ignore,democrat,420,1000
11/05/1996,IN,Miami,ignore,republican,580,1000
11/05/1996,IN,Tipton,ignore,democrat,420,1000
11/05/1996,IN,Tipton,ignore,republican,580,1000
11/05/1996,UT,Summit,ignore,democrat,580,1000
11/05/1996,UT,Summit,ignore,republican,420,1000
11/05/1996,MO,Polk,ignore,democrat,420,1000
11/05/1996,MO,Polk,ignore,republican,580,1000
11/05/1996,CA,Nevada,ignore,democrat,530,1000
11/05/1996,CA,Nevada,ignore,republican,470,1000
11/05/1996,WI,Shawano,ignore,democrat,420,1000
11/05/1996,WI,Shawano,ignore,republican,580,1000
11/05/1996,ID,Idaho,ignore,democrat,420,1000
11/05/1996,ID,Idaho,ignore,republican,580,1000
11/05/1996,SD,Codington,ignore,democrat,420,1000
11/05/1996,SD,Codington,ignore,republican,580,1000
11/05/1996,ND,Rolette,ignore,democrat,580,1000
11/05/1996,ND,Rolette,ignore,republican,420,1000
11/05/1996,KS,Mitchell,ignore,democrat,420,1000
11/05/1996,KS,Mitchell,ignore,republican,580,1000
11/05/1996,KS,Scott,ignore,democrat,420,1000
11/05/1996,KS,Scott,ignore,republican,580,1000
11/05/1996,KS,Washington,ignore,democrat,420,1000
11/05/1996,KS,Washington,ignore,republican,580,1000
11/05/1996,LA,Concordia,ignore,democrat,420,1000
11/05/1996,LA,Concordia,ignore,republican,580,1000
11/05/1996,GA,Marion,ignore,democrat,510,1000
11/05/1996,GA,Marion,ignore,republican,490,1000
11/05/1996,LA,Iberville,ignore,democrat,530,1000
11/05/1996,LA,Iberville,ignore,republican,470,1000
11/05/1996,TX,Blanco,ignore,democrat,420,1000
11/05/1996,TX,Blanco,ignore,republican,580,1000
11/05/1996,VA,Norton,ignore,democrat,420,1000
11/05/1996,VA,Norton,ignore,republican,580,1000
11/05/1996,TX,Kimble,ignore,democrat,420,1000
11/05/1996,TX,Kimble,ignore,republican,580,1000
11/05/1996,TX,Dawson,ignore,democrat,420,1000
11/05/1996,TX,Dawson,ignore,republican,580,1000
11/05/1996,OK,Blaine,ignore,democrat,420,1000
11/05/1996,OK,Blaine,ignore,republican,580,1000
11/05/1996,KS,Barber,ignore,democrat,420,1000
11/05/1996,KS,Barber,ignore,republican,580,1000
11/05/1996,TX,Wilson,ignore,democrat,470,1000
11/05/1996,TX,Wilson,ignore,republican,530,1000
11/05/1996,WI,Rusk,ignore,democrat,470,1000
11/05/1996,WI,Rusk,ignore,republican,530,1000
11/05/1996,VA,Colonial_Heights,ignore,democrat,530,1000
11/05/1996,VA,Colonial_Heights,ignore,republican,470,1000
11/05/1996,TX,Baylor,ignore,democrat,420,1000
11/05/1996,TX,Baylor,ignore,republican,580,1000
11/05/1996,KS,Wallace,ignore,democrat,420,1000
11/05/1996,KS,Wallace,ignore,republican,580,1000
11/05/1996,KS,Seward,ignore,democrat,470,1000
11/05/1996,KS,Seward,ignore,republican,530,1000
11/05/1996,MS,Lauderdale,ignore,democrat,510,1000
11/05/1996,MS,Lauderdale,ignore,republican,490,1000
11/05/1996,MS,Perry,ignore,democrat,420,1000
11/05/1996,MS,Perry,ignore,republican,580,1000
11/05/1996,AR,Saline,ignore,democrat,490,1000
11/05/1996,AR,Saline,ignore,republican,510,1000
11/05/1996,IL,Bureau,ignore,democrat,420,1000
11/05/1996,IL,Bureau,ignore,republican,580,1000
11/05/1996,IN,Wabash,ignore,democrat,420,1000
11/05/1996,IN,Wabash,ignore,republican,580,1000
11/05/1996,MO,Carter,ignore,democrat,420,1000
11/05/1996,MO,Carter,ignore,republican,580,1000
11/05/1996,NE,McPherson,ignore,democrat,420,1000
11/05/1996,NE,McPherson,ignore,republican,580,1000
11/05/1996,MO,Macon,ignore,democrat,420,1000
11/05/1996,MO,Macon,ignore,republican,580,1000
11/05/1996,KS,Coffey,ignore,democrat,420,1000
11/05/1996,KS,Coffey,ignore,republican,580,1000
11/05/1996,VA,Salem,ignore,democrat,470,1000
11/05/1996,VA,Salem,ignore,republican,530,1000
11/05/1996,WI,Lincoln,ignore,democrat,470,1000
11/05/1996,WI,Lincoln,ignore,republican,530,1000
11/05/1996,OH,Morgan,ignore,democrat,420,1000
11/05/1996,OH,Morgan,ignore,republican,580,1000
11/05/1996,WI,Richland,ignore,democrat,510,1000
11/05/1996,WI,Richland,ignore,republican,490,1000
11/05/1996,ID,Lemhi,ignore,democrat,420,1000
11/05/1996,ID,Lemhi,ignore,republican,580,1000
11/05/1996,IA,Dickinson,ignore,democrat,420,1000
11/05/1996,IA,Dickinson,ignore,republican,580,1000
11/05/1996,MI,Sanilac,ignore,democrat,420,1000
11/05/1996,MI,Sanilac,ignore,republican,580,1000
11/05/1996,MS,Pontotoc,ignore,democrat,420,1000
11/05/1996,MS,Pontotoc,ignore,republican,580,1000
11/05/1996,NY,Suffolk,ignore,democrat,510,1000
11/05/1996,NY,Suffolk,ignore,republican,490,1000
11/05/1996,VA,Grayson,ignore,democrat,420,1000
11/05/1996,VA,Grayson,ignore,republican,580,1000
11/05/1996,CO,Elbert,ignore,democrat,420,1000
11/05/1996,CO,Elbert,ignore,republican,580,1000
11/05/1996,IN,Franklin,ignore,democrat,420,1000
11/05/1996,IN,Franklin,ignore,republican,580,1000
11/05/1996,IA,Linn,ignore,democrat,580,1000
11/05/1996,IA,Linn,ignore,republican,420,1000
11/05/1996,MI,Wexford,ignore,democrat,420,1000
11/05/1996,MI,Wexford,ignore,republican,580,1000
11/05/1996,OH,Wyandot,ignore,democrat,420,1000
11/05/1996,OH,Wyandot,ignore,republican,580,1000
11/05/1996,NE,Franklin,ignore,democrat,420,1000
11/05/1996,NE,Franklin,ignore,republican,580,1000
11/05/1996,WV,McDowell,ignore,democrat,420,1000
11/05/1996,WV,McDowell,ignore,republican,580,1000
11/05/1996,WV,Wirt,ignore,democrat,420,1000
11/05/1996,WV,Wirt,ignore,republican,580,1000
11/05/1996,WV,Upshur,ignore,democrat,420,1000
11/05/1996,WV,Upshur,ignore,republican,580,1000
11/05/1996,MS,Covington,ignore,democrat,470,1000
11/05/1996,MS,Covington,ignore,republican,530,1000
11/05/1996,CO,Alamosa,ignore,democrat,510,1000
11/05/1996,CO,Alamosa,ignore,republican,490,1000
11/05/1996,FL,Holmes,ignore,democrat,420,1000
11/05/1996,FL,Holmes,ignore,republican,580,1000
11/05/1996,GA,Dade,ignore,democrat,420,1000
11/05/1996,GA,Dade,ignore,republican,580,1000
11/05/1996,GA,Miller,ignore,democrat,420,1000
11/05/1996,GA,Miller,ignore,republican,580,1000
11/05/1996,GA,Pulaski,ignore,democrat,420,1000
11/05/1996,GA,Pulaski,ignore,republican,580,1000
11/05/1996,MS,Amite,ignore,democrat,420,1000
11/05/1996,MS,Amite,ignore,republican,580,1000
11/05/1996,SD,Faulk,ignore,democrat,420,1000
11/05/1996,SD,Faulk,ignore,republican,580,1000
11/05/1996,AL,Bibb,ignore,democrat,420,1000
11/05/1996,AL,Bibb,ignore,republican,580,1000
11/05/1996,KS,Cheyenne,ignore,democrat,420,1000
11/05/1996,KS,Cheyenne,ignore,republican,580,1000
11/05/1996,ME,York,ignore,democrat,580,1000
11/05/1996,ME,York,ignore,republican,420,1000
11/05/1996,MN,Carlton,ignore,democrat,530,1000
11/05/1996,MN,Carlton,ignore,republican,470,1000
11/05/1996,VA,Dickenson,ignore,democrat,420,1000
11/05/1996,VA,Dickenson,ignore,republican,580,1000
11/05/1996,AK,Northwest_Arctic,ignore,democrat,420,1000
11/05/1996,AK,Northwest_Arctic,ignore,republican,580,1000
11/05/1996,GA,Walton,ignore,democrat,470,1000
11/05/1996,GA,Walton,ignore,republican,530,1000
11/05/1996,IN,Greene,ignore,democrat,420,1000
11/05/1996,IN,Greene,ignore,republican,580,1000
11/05/1996,MI,Kalkaska,ignore,democrat,420,1000
11/05/1996,MI,Kalkaska,ignore,republican,580,1000
11/05/1996,NE,Buffalo,ignore,democrat,420,1000
11/05/1996,NE,Buffalo,ignore,republican,580,1000
11/05/1996,ND,Foster,ignore,democrat,420,1000
11/05/1996,ND,Foster,ignore,republican,580,1000
11/05/1996,NE,Sherman,ignore,democrat,420,1000
11/05/1996,NE,Sherman,ignore,republican,580,1000
11/05/1996,NE,Keith,ignore,democrat,420,1000
11/05/1996,NE,Keith,ignore,republican,580,1000
11/05/1996,OK,Beckham,ignore,democrat,420,1000
11/05/1996,OK,Beckham,ignore,republican,580,1000
11/05/1996,TX,Throckmorton,ignore,democrat,420,1000
11/05/1996,TX,Throckmorton,ignore,republican,580,1000
11/05/1996,CA,San_Bernardino,ignore,democrat,530,1000
11/05/1996,CA,San_Bernardino,ignore,republican,470,1000
11/05/1996,GA,Towns,ignore,democrat,420,1000
11/05/1996,GA,Towns,ignore,republican,580,1000
11/05/1996,MO,Andrew,ignore,democrat,420,1000
11/05/1996,MO,Andrew,ignore,republican,580,1000
11/05/1996,MN,Aitkin,ignore,democrat,420,1000
11/05/1996,MN,Aitkin,ignore,republican,580,1000
11/05/1996,AK,Haines,ignore,democrat,530,1000
11/05/1996,AK,Haines,ignore,republican,470,1000
11/05/1996,AK,Skagway,ignore,democrat,470,1000
11/05/1996,AK,Skagway,ignore,republican,530,1000
11/05/1996,IN,Washington,ignore,democrat,420,1000
11/05/1996,IN,Washington,ignore,republican,580,1000
11/05/1996,KS,Grant,ignore,democrat,420,1000
11/05/1996,KS,Grant,ignore,republican,580,1000
11/05/1996,KY,Marion,ignore,democrat,420,1000
11/05/1996,KY,Marion,ignore,republican,580,1000
11/05/1996,AL,Lawrence,ignore,democrat,420,1000
11/05/1996,AL,Lawrence,ignore,republican,580,1000
11/05/1996,IL,Stark,ignore,democrat,470,1000
11/05/1996,IL,Stark,ignore,republican,530,1000
11/05/1996,IN,Ripley,ignore,democrat,420,1000
11/05/1996,IN,Ripley,ignore,republican,580,1000
11/05/1996,KY,Russell,ignore,democrat,420,1000
11/05/1996,KY,Russell,ignore,republican,580,1000
11/05/1996,NE,Grant,ignore,democrat,420,1000
11/05/1996,NE,Grant,ignore,republican,580,1000
11/05/1996,PA,Venango,ignore,democrat,420,1000
11/05/1996,PA,Venango,ignore,republican,580,1000
11/05/1996,KS,Hodgeman,ignore,democrat,420,1000
11/05/1996,KS,Hodgeman,ignore,republican,580,1000
11/05/1996,TX,Crosby,ignore,democrat,420,1000
11/05/1996,TX,Crosby,ignore,republican,580,1000
11/05/1996,WI,Taylor,ignore,democrat,420,1000
11/05/1996,WI,Taylor,ignore,republican,580,1000
11/05/1996,TX,Rains,ignore,democrat,420,1000
11/05/1996,TX,Rains,ignore,republican,580,1000
11/05/1996,IA,Benton,ignore,democrat,530,1000
11/05/1996,IA,Benton,ignore,republican,470,1000
11/05/1996,AK,Valdez-Cordova,ignore,democrat,420,1000
11/05/1996,AK,Valdez-Cordova,ignore,republican,580,1000
11/05/1996,IL,Shelby,ignore,democrat,420,1000
11/05/1996,IL,Shelby,ignore,republican,580,1000
11/05/1996,IA,Story,ignore,democrat,580,1000
11/05/1996,IA,Story,ignore,republican,420,1000
11/05/1996,LA,Calcasieu,ignore,democrat,420,1000
11/05/1996,LA,Calcasieu,ignore,republican,580,1000
11/05/1996,IN,Marshall,ignore,democrat,420,1000
11/05/1996,IN,Marshall,ignore,republican,580,1000
11/05/1996,IN,Tippecanoe,ignore,democrat,530,1000
11/05/1996,IN,Tippecanoe,ignore,republican,470,1000
11/05/1996,NC,Alamance,ignore,democrat,510,1000
11/05/1996,NC,Alamance,ignore,republican,490,1000
11/05/1996,TX,Dallam,ignore,democrat,420,1000
11/05/1996,TX,Dallam,ignore,republican,580,1000
11/05/1996,MO,Moniteau,ignore,democrat,420,1000
11/05/1996,MO,Moniteau,ignore,republican,580,1000
11/05/1996,MN,Nobles,ignore,democrat,420,1000
11/05/1996,MN,Nobles,ignore,republican,580,1000
11/05/1996,OH,Champaign,ignore,democrat,420,1000
11/05/1996,OH,Champaign,ignore,republican,580,1000
11/05/1996,NM,Luna,ignore,democrat,530,1000
11/05/1996,NM,Luna,ignore,republican,470,1000
11/05/1996,AK,Wrangell,ignore,democrat,470,1000
11/05/1996,AK,Wrangell,ignore,republican,530,1000
11/05/1996,NE,Stanton,ignore,democrat,420,1000
11/05/1996,NE,Stanton,ignore,republican,580,1000
11/05/1996,AR,Garland,ignore,democrat,420,1000
11/05/1996,AR,Garland,ignore,republican,580,1000
11/05/1996,ND,Ransom,ignore,democrat,470,1000
11/05/1996,ND,Ransom,ignore,republican,530,1000
11/05/1996,IA,Decatur,ignore,democrat,420,1000
11/05/1996,IA,Decatur,ignore,republican,580,1000
11/05/1996,MI,Kalamazoo,ignore,democrat,580,1000
11/05/1996,MI,Kalamazoo,ignore,republican,420,1000
11/05/1996,IA,Floyd,ignore,democrat,580,1000
11/05/1996,IA,Floyd,ignore,republican,420,1000
11/05/1996,TX,Frio,ignore,democrat,420,1000
11/05/1996,TX,Frio,ignore,republican,580,1000
11/05/1996,TX,Coke,ignore,democrat,420,1000
11/05/1996,TX,Coke,ignore,republican,580,1000
11/05/1996,TX,Jim_Hogg,ignore,democrat,420,1000
11/05/1996,TX,Jim_Hogg,ignore,republican,580,1000
11/05/1996,KS,Sheridan,ignore,democrat,420,1000
11/05/1996,KS,Sheridan,ignore,republican,580,1000
11/05/1996,AZ,Mohave,ignore,democrat,420,1000
11/05/1996,AZ,Mohave,ignore,republican,580,1000
11/05/1996,IA,Taylor,ignore,democrat,420,1000
11/05/1996,IA,Taylor,ignore,republican,580,1000
11/05/1996,MI,Emmet,ignore,democrat,510,1000
11/05/1996,MI,Emmet,ignore,republican,490,1000
11/05/1996,ND,Burke,ignore,democrat,420,1000
11/05/1996,ND,Burke,ignore,republican,580,1000
11/05/1996,MT,Sweet_Grass,ignore,democrat,420,1000
11/05/1996,MT,Sweet_Grass,ignore,republican,580,1000
11/05/1996,ID,Minidoka,ignore,democrat,420,1000
11/05/1996,ID,Minidoka,ignore,republican,580,1000
11/05/1996,IA,Tama,ignore,democrat,530,1000
11/05/1996,IA,Tama,ignore,republican,470,1000
11/05/1996,MN,Olmsted,ignore,democrat,580,1000
11/05/1996,MN,Olmsted,ignore,republican,420,1000
11/05/1996,NC,Stokes,ignore,democrat,420,1000
11/05/1996,NC,Stokes,ignore,republican,580,1000
11/05/1996,NE,Howard,ignore,democrat,420,1000
11/05/1996,NE,Howard,ignore,republican,580,1000
11/05/1996,TX,Ochiltree,ignore,democrat,420,1000
11/05/1996,TX,Ochiltree,ignore,republican,580,1000
11/05/1996,TX,Hutchinson,ignore,democrat,420,1000
11/05/1996,TX,Hutchinson,ignore,republican,580,1000
11/05/1996,NC,Jones,ignore,democrat,420,1000
11/05/1996,NC,Jones,ignore,republican,580,1000
11/05/1996,AL,Baldwin,ignore,democrat,420,1000
11/05/1996,AL,Baldwin,ignore,republican,580,1000
11/05/1996,CA,Los_Angeles,ignore,democrat,580,1000
11/05/1996,CA,Los_Angeles,ignore,republican,420,1000
11/05/1996,AL,Butler,ignore,democrat,420,1000
11/05/1996,AL,Butler,ignore,republican,580,1000
11/05/1996,IA,Emmet,ignore,democrat,420,1000
11/05/1996,IA,Emmet,ignore,republican,580,1000
11/05/1996,MS,Neshoba,ignore,democrat,420,1000
11/05/1996,MS,Neshoba,ignore,republican,580,1000
11/05/1996,PA,Potter,ignore,democrat,420,1000
11/05/1996,PA,Potter,ignore,republican,580,1000
11/05/1996,AR,Yell,ignore,democrat,420,1000
11/05/1996,AR,Yell,ignore,republican,580,1000
11/05/1996,CO,Adams,ignore,democrat,580,1000
11/05/1996,CO,Adams,ignore,republican,420,1000
11/05/1996,KS,Edwards,ignore,democrat,420,1000
11/05/1996,KS,Edwards,ignore,republican,580,1000
11/05/1996,MI,Newaygo,ignore,democrat,470,1000
11/05/1996,MI,Newaygo,ignore,republican,530,1000
11/05/1996,NE,Garfield,ignore,democrat,420,1000
11/05/1996,NE,Garfield,ignore,republican,580,1000
11/05/1996,IA,Jones,ignore,democrat,530,1000
11/05/1996,IA,Jones,ignore,republican,470,1000
11/05/1996,IA,Audubon,ignore,democrat,420,1000
11/05/1996,IA,Audubon,ignore,republican,580,1000
11/05/1996,TX,Medina,ignore,democrat,420,1000
11/05/1996,TX,Medina,ignore,republican,580,1000
11/05/1996,TX,Deaf_Smith,ignore,democrat,420,1000
11/05/1996,TX,Deaf_Smith,ignore,republican,580,1000
11/05/1996,TX,Concho,ignore,democrat,420,1000
11/05/1996,TX,Concho,ignore,republican,580,1000
11/05/1996,ND,Renville,ignore,democrat,420,1000
11/05/1996,ND,Renville,ignore,republican,580,1000
11/05/1996,ID,Boundary,ignore,democrat,420,1000
11/05/1996,ID,Boundary,ignore,republican,580,1000
11/05/1996,IN,Benton,ignore,democrat,420,1000
11/05/1996,IN,Benton,ignore,republican,580,1000
11/05/1996,MI,Alcona,ignore,democrat,470,1000
11/05/1996,MI,Alcona,ignore,republican,530,1000
11/05/1996,NV,Humboldt,ignore,democrat,420,1000
11/05/1996,NV,Humboldt,ignore,republican,580,1000
11/05/1996,AL,Cullman,ignore,democrat,420,1000
11/05/1996,AL,Cullman,ignore,republican,580,1000
11/05/1996,IL,Jasper,ignore,democrat,420,1000
11/05/1996,IL,Jasper,ignore,republican,580,1000
11/05/1996,KS,Saline,ignore,democrat,420,1000
11/05/1996,KS,Saline,ignore,republican,580,1000
11/05/1996,MN,Lyon,ignore,democrat,420,1000
11/05/1996,MN,Lyon,ignore,republican,580,1000
11/05/1996,NY,Cortland,ignore,democrat,530,1000
11/05/1996,NY,Cortland,ignore,republican,470,1000
11/05/1996,TX,Lynn,ignore,democrat,420,1000
11/05/1996,TX,Lynn,ignore,republican,580,1000
11/05/1996,TX,Atascosa,ignore,democrat,420,1000
11/05/1996,TX,Atascosa,ignore,republican,580,1000
11/05/1996,VA,Petersburg,ignore,democrat,580,1000
11/05/1996,VA,Petersburg,ignore,republican,420,1000
11/05/1996,ND,Towner,ignore,democrat,420,1000
11/05/1996,ND,Towner,ignore,republican,580,1000
11/05/1996,TX,Somervell,ignore,democrat,420,1000
11/05/1996,TX,Somervell,ignore,republican,580,1000
11/05/1996,SD,Miner,ignore,democrat,470,1000
11/05/1996,SD,Miner,ignore,republican,530,1000
11/05/1996,CA,Riverside,ignore,democrat,530,1000
11/05/1996,CA,Riverside,ignore,republican,470,1000
11/05/1996,GA,Franklin,ignore,democrat,420,1000
11/05/1996,GA,Franklin,ignore,republican,580,1000
11/05/1996,KY,Wayne,ignore,democrat,420,1000
11/05/1996,KY,Wayne,ignore,republican,580,1000
11/05/1996,ME,Hancock,ignore,democrat,580,1000
11/05/1996,ME,Hancock,ignore,republican,420,1000
11/05/1996,MS,Jefferson_Davis,ignore,democrat,490,1000
11/05/1996,MS,Jefferson_Davis,ignore,republican,510,1000
11/05/1996,MO,Caldwell,ignore,democrat,420,1000
11/05/1996,MO,Caldwell,ignore,republican,580,1000
11/05/1996,MO,Mercer,ignore,democrat,420,1000
11/05/1996,MO,Mercer,ignore,republican,580,1000
11/05/1996,GA,Tift,ignore,democrat,420,1000
11/05/1996,GA,Tift,ignore,republican,580,1000
11/05/1996,VT,Washington,ignore,democrat,580,1000
11/05/1996,VT,Washington,ignore,republican,420,1000
11/05/1996,GA,Pierce,ignore,democrat,420,1000
11/05/1996,GA,Pierce,ignore,republican,580,1000
11/05/1996,AK,Sitka,ignore,democrat,470,1000
11/05/1996,AK,Sitka,ignore,republican,530,1000
11/05/1996,GA,Morgan,ignore,democrat,420,1000
11/05/1996,GA,Morgan,ignore,republican,580,1000
11/05/1996,KS,Rice,ignore,democrat,420,1000
11/05/1996,KS,Rice,ignore,republican,580,1000
11/05/1996,OR,Gilliam,ignore,democrat,490,1000
11/05/1996,OR,Gilliam,ignore,republican,510,1000
11/05/1996,MI,Lenawee,ignore,democrat,420,1000
11/05/1996,MI,Lenawee,ignore,republican,580,1000
11/05/1996,KS,Ellis,ignore,democrat,420,1000
11/05/1996,KS,Ellis,ignore,republican,580,1000
11/05/1996,IA,Boone,ignore,democrat,530,1000
11/05/1996,IA,Boone,ignore,republican,470,1000
11/05/1996,SD,Lyman,ignore,democrat,420,1000
11/05/1996,SD,Lyman,ignore,republican,580,1000
11/05/1996,KS,Clay,ignore,democrat,420,1000
11/05/1996,KS,Clay,ignore,republican,580,1000
11/05/1996,MN,Yellow_Medicine,ignore,democrat,420,1000
11/05/1996,MN,Yellow_Medicine,ignore,republican,580,1000
11/05/1996,NC,Gates,ignore,democrat,580,1000
11/05/1996,NC,Gates,ignore,republican,420,1000
11/05/1996,MO,Douglas,ignore,democrat,420,1000
11/05/1996,MO,Douglas,ignore,republican,580,1000
11/05/1996,WV,Braxton,ignore,democrat,420,1000
11/05/1996,WV,Braxton,ignore,republican,580,1000
11/05/1996,WA,King,ignore,democrat,580,1000
11/05/1996,WA,King,ignore,republican,420,1000
11/05/1996,MS,Calhoun,ignore,democrat,420,1000
11/05/1996,MS,Calhoun,ignore,republican,580,1000
11/05/1996,GA,Grady,ignore,democrat,420,1000
11/05/1996,GA,Grady,ignore,republican,580,1000
11/05/1996,MS,Itawamba,ignore,democrat,420,1000
11/05/1996,MS,Itawamba,ignore,republican,580,1000
11/05/1996,KS,Stevens,ignore,democrat,420,1000
11/05/1996,KS,Stevens,ignore,republican,580,1000
11/05/1996,FL,Hendry,ignore,democrat,490,1000
11/05/1996,FL,Hendry,ignore,republican,510,1000
11/05/1996,TX,Lavaca,ignore,democrat,420,1000
11/05/1996,TX,Lavaca,ignore,republican,580,1000
11/05/1996,KS,Chautauqua,ignore,democrat,420,1000
11/05/1996,KS,Chautauqua,ignore,republican,580,1000
11/05/1996,IN,Howard,ignore,democrat,420,1000
11/05/1996,IN,Howard,ignore,republican,580,1000
11/05/1996,NE,Dawson,ignore,democrat,420,1000
11/05/1996,NE,Dawson,ignore,republican,580,1000
11/05/1996,MS,Greene,ignore,democrat,420,1000
11/05/1996,MS,Greene,ignore,republican,580,1000
11/05/1996,MN,Freeborn,ignore,democrat,490,1000
11/05/1996,MN,Freeborn,ignore,republican,510,1000
11/05/1996,MN,Kanabec,ignore,democrat,420,1000
11/05/1996,MN,Kanabec,ignore,republican,580,1000
11/05/1996,IL,Hamilton,ignore,democrat,420,1000
11/05/1996,IL,Hamilton,ignore,republican,580,1000
11/05/1996,SD,Sanborn,ignore,democrat,420,1000
11/05/1996,SD,Sanborn,ignore,republican,580,1000
11/05/1996,TN,Grainger,ignore,democrat,420,1000
11/05/1996,TN,Grainger,ignore,republican,580,1000
11/05/1996,MO,Hickory,ignore,democrat,420,1000
11/05/1996,MO,Hickory,ignore,republican,580,1000
11/05/1996,WY,Albany,ignore,democrat,530,1000
11/05/1996,WY,Albany,ignore,republican,470,1000
11/05/1996,NE,Antelope,ignore,democrat,420,1000
11/05/1996,NE,Antelope,ignore,republican,580,1000
11/05/1996,WY,Platte,ignore,democrat,420,1000
11/05/1996,WY,Platte,ignore,republican,580,1000
11/05/1996,UT,Rich,ignore,democrat,420,1000
11/05/1996,UT,Rich,ignore,republican,580,1000
11/05/1996,WI,Washington,ignore,democrat,530,1000
11/05/1996,WI,Washington,ignore,republican,470,1000
11/05/1996,OR,Crook,ignore,democrat,420,1000
11/05/1996,OR,Crook,ignore,republican,580,1000
11/05/1996,GA,Jenkins,ignore,democrat,420,1000
11/05/1996,GA,Jenkins,ignore,republican,580,1000
11/05/1996,TX,Jeff_Davis,ignore,democrat,420,1000
11/05/1996,TX,Jeff_Davis,ignore,republican,580,1000
11/05/1996,GA,Spalding,ignore,democrat,510,1000
11/05/1996,GA,Spalding,ignore,republican,490,1000
11/05/1996,IA,Cherokee,ignore,democrat,420,1000
11/05/1996,IA,Cherokee,ignore,republican,580,1000
11/05/1996,GA,Bacon,ignore,democrat,420,1000
11/05/1996,GA,Bacon,ignore,republican,580,1000
11/05/1996,GA,Upson,ignore,democrat,420,1000
11/05/1996,GA,Upson,ignore,republican,580,1000
11/05/1996,OR,Sherman,ignore,democrat,510,1000
11/05/1996,OR,Sherman,ignore,republican,490,1000
11/05/1996,AK,Kodiak_Island,ignore,democrat,420,1000
11/05/1996,AK,Kodiak_Island,ignore,republican,580,1000
11/05/1996,MN,Red_Lake,ignore,democrat,420,1000
11/05/1996,MN,Red_Lake,ignore,republican,580,1000
11/05/1996,MN,Saint_Louis,ignore,democrat,580,1000
11/05/1996,MN,Saint_Louis,ignore,republican,420,1000
11/05/1996,FL,Gilchrist,ignore,democrat,420,1000
11/05/1996,FL,Gilchrist,ignore,republican,580,1000
11/05/1996,NC,Lenoir,ignore,democrat,470,1000
11/05/1996,NC,Lenoir,ignore,republican,530,1000
11/05/1996,MO,Randolph,ignore,democrat,420,1000
11/05/1996,MO,Randolph,ignore,republican,580,1000
11/05/1996,ND,Steele,ignore,democrat,470,1000
11/05/1996,ND,Steele,ignore,republican,530,1000
11/05/1996,VA,Fairfax,ignore,democrat,580,1000
11/05/1996,VA,Fairfax,ignore,republican,420,1000
11/05/1996,VA,Manassas_Park,ignore,democrat,580,1000
11/05/1996,VA,Manassas_Park,ignore,republican,420,1000
11/05/1996,VA,Winchester,ignore,democrat,530,1000
11/05/1996,VA,Winchester,ignore,republican,470,1000
11/05/1996,MO,Pulaski,ignore,democrat,420,1000
11/05/1996,MO,Pulaski,ignore,republican,580,1000
11/05/1996,IN,Newton,ignore,democrat,420,1000
11/05/1996,IN,Newton,ignore,republican,580,1000
11/05/1996,GA,Bulloch,ignore,democrat,420,1000
11/05/1996,GA,Bulloch,ignore,republican,580,1000
11/05/1996,KS,Rawlins,ignore,democrat,420,1000
11/05/1996,KS,Rawlins,ignore,republican,580,1000
11/05/1996,CO,Phillips,ignore,democrat,420,1000
11/05/1996,CO,Phillips,ignore,republican,580,1000
11/05/1996,TX,Runnels,ignore,democrat,420,1000
11/05/1996,TX,Runnels,ignore,republican,580,1000
11/05/1996,IA,Wayne,ignore,democrat,490,1000
11/05/1996,IA,Wayne,ignore,republican,510,1000
11/05/1996,TX,Terry,ignore,democrat,420,1000
11/05/1996,TX,Terry,ignore,republican,580,1000
11/05/1996,OH,Vinton,ignore,democrat,420,1000
11/05/1996,OH,Vinton,ignore,republican,580,1000
11/05/1996,CO,Arapahoe,ignore,democrat,580,1000
11/05/1996,CO,Arapahoe,ignore,republican,420,1000
11/05/1996,TX,Upton,ignore,democrat,420,1000
11/05/1996,TX,Upton,ignore,republican,580,1000
11/05/1996,TX,Callahan,ignore,democrat,420,1000
11/05/1996,TX,Callahan,ignore,republican,580,1000
11/05/1996,TX,Howard,ignore,democrat,420,1000
11/05/1996,TX,Howard,ignore,republican,580,1000
11/05/1996,TX,Upshur,ignore,democrat,420,1000
11/05/1996,TX,Upshur,ignore,republican,580,1000
11/05/1996,TX,Camp,ignore,democrat,420,1000
11/05/1996,TX,Camp,ignore,republican,580,1000
11/05/1996,TX,Walker,ignore,democrat,420,1000
11/05/1996,TX,Walker,ignore,republican,580,1000
11/05/1996,AL,Wilcox,ignore,democrat,420,1000
11/05/1996,AL,Wilcox,ignore,republican,580,1000
11/05/1996,VA,Montgomery,ignore,democrat,530,1000
11/05/1996,VA,Montgomery,ignore,republican,470,1000
11/05/1996,MS,Noxubee,ignore,democrat,470,1000
11/05/1996,MS,Noxubee,ignore,republican,530,1000
11/05/1996,CO,Sedgwick,ignore,democrat,420,1000
11/05/1996,CO,Sedgwick,ignore,republican,580,1000
11/05/1996,SD,Davison,ignore,democrat,420,1000
11/05/1996,SD,Davison,ignore,republican,580,1000
11/05/1996,KS,Hamilton,ignore,democrat,420,1000
11/05/1996,KS,Hamilton,ignore,republican,580,1000
11/05/1996,IL,Ford,ignore,democrat,420,1000
11/05/1996,IL,Ford,ignore,republican,580,1000
11/05/1996,SD,Fall_River,ignore,democrat,420,1000
11/05/1996,SD,Fall_River,ignore,republican,580,1000
11/05/1996,AK,Bristol_Bay,ignore,democrat,580,1000
11/05/1996,AK,Bristol_Bay,ignore,republican,420,1000
11/05/1996,IN,Parke,ignore,democrat,420,1000
11/05/1996,IN,Parke,ignore,republican,580,1000
11/05/1996,TX,Taylor,ignore,democrat,420,1000
11/05/1996,TX,Taylor,ignore,republican,580,1000
11/05/1996,IN,Fayette,ignore,democrat,420,1000
11/05/1996,IN,Fayette,ignore,republican,580,1000
11/05/1996,NC,Caldwell,ignore,democrat,420,1000
11/05/1996,NC,Caldwell,ignore,republican,580,1000
11/05/1996,SD,Turner,ignore,democrat,420,1000
11/05/1996,SD,Turner,ignore,republican,580,1000
11/05/1996,WI,Ozaukee,ignore,democrat,530,1000
11/05/1996,WI,Ozaukee,ignore,republican,470,1000
11/05/1996,ND,Logan,ignore,democrat,420,1000
11/05/1996,ND,Logan,ignore,republican,580,1000
11/05/1996,AR,Bradley,ignore,democrat,420,1000
11/05/1996,AR,Bradley,ignore,republican,580,1000
11/05/1996,GA,Lanier,ignore,democrat,420,1000
11/05/1996,GA,Lanier,ignore,republican,580,1000
11/05/1996,NM,Sierra,ignore,democrat,470,1000
11/05/1996,NM,Sierra,ignore,republican,530,1000
11/05/1996,CO,Lincoln,ignore,democrat,420,1000
11/05/1996,CO,Lincoln,ignore,republican,580,1000
11/05/1996,IA,Butler,ignore,democrat,530,1000
11/05/1996,IA,Butler,ignore,republican,470,1000
11/05/1996,TX,Hartley,ignore,democrat,420,1000
11/05/1996,TX,Hartley,ignore,republican,580,1000
11/05/1996,TN,Pickett,ignore,democrat,420,1000
11/05/1996,TN,Pickett,ignore,republican,580,1000
11/05/1996,SD,Douglas,ignore,democrat,420,1000
11/05/1996,SD,Douglas,ignore,republican,580,1000
11/05/1996,KS,Cloud,ignore,democrat,420,1000
11/05/1996,KS,Cloud,ignore,republican,580,1000
11/05/1996,PA,Montour,ignore,democrat,490,1000
11/05/1996,PA,Montour,ignore,republican,510,1000
11/05/1996,NE,Morrill,ignore,democrat,420,1000
11/05/1996,NE,Morrill,ignore,republican,580,1000
11/05/1996,MO,Monroe,ignore,democrat,420,1000
11/05/1996,MO,Monroe,ignore,republican,580,1000
11/05/1996,ND,LaMoure,ignore,democrat,420,1000
11/05/1996,ND,LaMoure,ignore,republican,580,1000
11/05/1996,KY,McLean,ignore,democrat,490,1000
11/05/1996,KY,McLean,ignore,republican,510,1000
11/05/1996,SD,Marshall,ignore,democrat,530,1000
11/05/1996,SD,Marshall,ignore,republican,470,1000
11/05/1996,OR,Baker,ignore,democrat,420,1000
11/05/1996,OR,Baker,ignore,republican,580,1000
11/05/1996,SD,Custer,ignore,democrat,420,1000
11/05/1996,SD,Custer,ignore,republican,580,1000
11/05/1996,TX,Live_Oak,ignore,democrat,420,1000
11/05/1996,TX,Live_Oak,ignore,republican,580,1000
11/05/1996,MI,Schoolcraft,ignore,democrat,420,1000
11/05/1996,MI,Schoolcraft,ignore,republican,580,1000
11/05/1996,IA,Madison,ignore,democrat,470,1000
11/05/1996,IA,Madison,ignore,republican,530,1000
11/05/1996,NE,Wheeler,ignore,democrat,420,1000
11/05/1996,NE,Wheeler,ignore,republican,580,1000
11/05/1996,AR,Cross,ignore,democrat,470,1000
11/05/1996,AR,Cross,ignore,republican,530,1000
11/05/1996,IA,Black_Hawk,ignore,democrat,580,1000
11/05/1996,IA,Black_Hawk,ignore,republican,420,1000
11/05/1996,TX,Lubbock,ignore,democrat,420,1000
11/05/1996,TX,Lubbock,ignore,republican,580,1000
11/05/1996,MN,Watonwan,ignore,democrat,490,1000
11/05/1996,MN,Watonwan,ignore,republican,510,1000
11/05/1996,SD,Deuel,ignore,democrat,470,1000
11/05/1996,SD,Deuel,ignore,republican,530,1000
11/05/1996,IA,Warren,ignore,democrat,503,1000
11/05/1996,IA,Warren,ignore,republican,497,1000
11/05/1996,AR,Nevada,ignore,democrat,470,1000
11/05/1996,AR,Nevada,ignore,republican,530,1000
11/05/1996,KS,Haskell,ignore,democrat,490,1000
11/05/1996,KS,Haskell,ignore,republican,510,1000
11/05/1996,MO,Gentry,ignore,democrat,420,1000
11/05/1996,MO,Gentry,ignore,republican,580,1000
11/05/1996,AR,Columbia,ignore,democrat,420,1000
11/05/1996,AR,Columbia,ignore,republican,580,1000
11/05/1996,AR,Drew,ignore,democrat,420,1000
11/05/1996,AR,Drew,ignore,republican,580,1000
11/05/1996,IN,Noble,ignore,democrat,420,1000
11/05/1996,IN,Noble,ignore,republican,580,1000
11/05/1996,TX,Gonzales,ignore,democrat,420,1000
11/05/1996,TX,Gonzales,ignore,republican,580,1000
11/05/1996,SD,Hyde,ignore,democrat,420,1000
11/05/1996,SD,Hyde,ignore,republican,580,1000
11/05/1996,NM,Torrance,ignore,democrat,470,1000
11/05/1996,NM,Torrance,ignore,republican,530,1000
11/05/1996,VA,Emporia,ignore,democrat,580,1000
11/05/1996,VA,Emporia,ignore,republican,420,1000
11/05/1996,TX,Hansford,ignore,democrat,420,1000
11/05/1996,TX,Hansford,ignore,republican,580,1000
11/05/1996,KS,Finney,ignore,democrat,470,1000
11/05/1996,KS,Finney,ignore,republican,530,1000
11/05/1996,MO,Lawrence,ignore,democrat,420,1000
11/05/1996,MO,Lawrence,ignore,republican,580,1000
11/05/1996,NM,Harding,ignore,democrat,420,1000
11/05/1996,NM,Harding,ignore,republican,580,1000
11/05/1996,TX,Collingsworth,ignore,democrat,420,1000
11/05/1996,TX,Collingsworth,ignore,republican,580,1000
11/05/1996,IL,Douglas,ignore,democrat,420,1000
11/05/1996,IL,Douglas,ignore,republican,580,1000
11/05/1996,UT,Sanpete,ignore,democrat,420,1000
11/05/1996,UT,Sanpete,ignore,republican,580,1000
11/05/1996,SC,Barnwell,ignore,democrat,510,1000
11/05/1996,SC,Barnwell,ignore,republican,490,1000
11/05/1996,SC,Lee,ignore,democrat,580,1000
11/05/1996,SC,Lee,ignore,republican,420,1000
11/05/1996,MT,Petroleum,ignore,democrat,420,1000
11/05/1996,MT,Petroleum,ignore,republican,580,1000
11/05/1996,OH,Guernsey,ignore,democrat,420,1000
11/05/1996,OH,Guernsey,ignore,republican,580,1000
11/05/1996,GA,Montgomery,ignore,democrat,420,1000
11/05/1996,GA,Montgomery,ignore,republican,580,1000
11/05/1996,WI,Oneida,ignore,democrat,490,1000
11/05/1996,WI,Oneida,ignore,republican,510,1000
11/05/1996,NE,Garden,ignore,democrat,420,1000
11/05/1996,NE,Garden,ignore,republican,580,1000
11/05/1996,ND,Sheridan,ignore,democrat,420,1000
11/05/1996,ND,Sheridan,ignore,republican,580,1000
11/05/1996,IL,Johnson,ignore,democrat,420,1000
11/05/1996,IL,Johnson,ignore,republican,580,1000
11/05/1996,TX,King,ignore,democrat,420,1000
11/05/1996,TX,King,ignore,republican,580,1000
11/05/1996,ID,Valley,ignore,democrat,470,1000
11/05/1996,ID,Valley,ignore,republican,530,1000
11/05/1996,KY,Warren,ignore,democrat,470,1000
11/05/1996,KY,Warren,ignore,republican,530,1000
11/05/1996,VA,Portsmouth,ignore,democrat,580,1000
11/05/1996,VA,Portsmouth,ignore,republican,420,1000
11/05/1996,TX,Stonewall,ignore,democrat,420,1000
11/05/1996,TX,Stonewall,ignore,republican,580,1000
11/05/1996,OK,Latimer,ignore,democrat,420,1000
11/05/1996,OK,Latimer,ignore,republican,580,1000
11/05/1996,NV,Storey,ignore,democrat,470,1000
11/05/1996,NV,Storey,ignore,republican,530,1000
11/05/1996,OK,Washita,ignore,democrat,420,1000
11/05/1996,OK,Washita,ignore,republican,580,1000
11/05/1996,IA,Van_Buren,ignore,democrat,490,1000
11/05/1996,IA,Van_Buren,ignore,republican,510,1000
11/05/1996,WI,Eau_Claire,ignore,democrat,580,1000
11/05/1996,WI,Eau_Claire,ignore,republican,420,1000
11/05/1996,AK,Southeast_Fairbanks,ignore,democrat,420,1000
11/05/1996,AK,Southeast_Fairbanks,ignore,republican,580,1000
11/05/1996,KS,Lane,ignore,democrat,420,1000
11/05/1996,KS,Lane,ignore,republican,580,1000
11/05/1996,KS,Trego,ignore,democrat,420,1000
11/05/1996,KS,Trego,ignore,republican,580,1000
11/05/1996,VA,Williamsburg,ignore,democrat,580,1000
11/05/1996,VA,Williamsburg,ignore,republican,420,1000
11/05/1996,OH,Defiance,ignore,democrat,420,1000
11/05/1996,OH,Defiance,ignore,republican,580,1000
11/05/1996,SD,McPherson,ignore,democrat,420,1000
11/05/1996,SD,McPherson,ignore,republican,580,1000
11/05/1996,NE,Dundy,ignore,democrat,420,1000
11/05/1996,NE,Dundy,ignore,republican,580,1000
11/05/1996,AR,Johnson,ignore,democrat,420,1000
11/05/1996,AR,Johnson,ignore,republican,580,1000
11/05/1996,IN,Scott,ignore,democrat,420,1000
11/05/1996,IN,Scott,ignore,republican,580,1000
11/05/1996,NE,Hall,ignore,democrat,420,1000
11/05/1996,NE,Hall,ignore,republican,580,1000
11/05/1996,MS,Alcorn,ignore,democrat,420,1000
11/05/1996,MS,Alcorn,ignore,republican,580,1000
11/05/1996,IL,Moultrie,ignore,democrat,420,1000
11/05/1996,IL,Moultrie,ignore,republican,580,1000
11/05/1996,IN,Martin,ignore,democrat,420,1000
11/05/1996,IN,Martin,ignore,republican,580,1000
11/05/1996,NE,Hayes,ignore,democrat,420,1000
11/05/1996,NE,Hayes,ignore,republican,580,1000
11/05/1996,IL,Edwards,ignore,democrat,420,1000
11/05/1996,IL,Edwards,ignore,republican,580,1000
11/05/1996,NE,Frontier,ignore,democrat,420,1000
11/05/1996,NE,Frontier,ignore,republican,580,1000
11/05/1996,KS,Decatur,ignore,democrat,420,1000
11/05/1996,KS,Decatur,ignore,republican,580,1000
11/05/1996,GA,Tattnall,ignore,democrat,420,1000
11/05/1996,GA,Tattnall,ignore,republican,580,1000
11/05/1996,KY,Boyle,ignore,democrat,420,1000
11/05/1996,KY,Boyle,ignore,republican,580,1000
11/05/1996,TX,Dimmit,ignore,democrat,420,1000
11/05/1996,TX,Dimmit,ignore,republican,580,1000
11/05/1996,KY,Pendleton,ignore,democrat,420,1000
11/05/1996,KY,Pendleton,ignore,republican,580,1000
11/05/1996,NY,Yates,ignore,democrat,470,1000
11/05/1996,NY,Yates,ignore,republican,530,1000
11/05/1996,SD,Jackson,ignore,democrat,420,1000
11/05/1996,SD,Jackson,ignore,republican,580,1000
11/05/1996,IA,Shelby,ignore,democrat,470,1000
11/05/1996,IA,Shelby,ignore,republican,530,1000
11/05/1996,PA,Forest,ignore,democrat,420,1000
11/05/1996,PA,Forest,ignore,republican,580,1000
11/05/1996,MO,Laclede,ignore,democrat,420,1000
11/05/1996,MO,Laclede,ignore,republican,580,1000
11/05/1996,MO,Ripley,ignore,democrat,420,1000
11/05/1996,MO,Ripley,ignore,republican,580,1000
11/05/1996,KY,Logan,ignore,democrat,420,1000
11/05/1996,KY,Logan,ignore,republican,580,1000
11/05/1996,IL,DeWitt,ignore,democrat,420,1000
11/05/1996,IL,DeWitt,ignore,republican,580,1000
11/05/1996,KY,Butler,ignore,democrat,420,1000
11/05/1996,KY,Butler,ignore,republican,580,1000
11/05/1996,MT,Golden_Valley,ignore,democrat,420,1000
11/05/1996,MT,Golden_Valley,ignore,republican,580,1000
11/05/1996,OH,Fayette,ignore,democrat,420,1000
11/05/1996,OH,Fayette,ignore,republican,580,1000
11/05/1996,GA,Twiggs,ignore,democrat,490,1000
11/05/1996,GA,Twiggs,ignore,republican,510,1000
11/05/1996,MT,Ravalli,ignore,democrat,420,1000
11/05/1996,MT,Ravalli,ignore,republican,580,1000
11/05/1996,MN,Mille_Lacs,ignore,democrat,420,1000
11/05/1996,MN,Mille_Lacs,ignore,republican,580,1000
11/05/1996,CO,Delta,ignore,democrat,420,1000
11/05/1996,CO,Delta,ignore,republican,580,1000
11/05/1996,IL,McDonough,ignore,democrat,470,1000
11/05/1996,IL,McDonough,ignore,republican,530,1000
11/05/1996,OH,Sandusky,ignore,democrat,490,1000
11/05/1996,OH,Sandusky,ignore,republican,510,1000
11/05/1996,TX,Borden,ignore,democrat,420,1000
11/05/1996,TX,Borden,ignore,republican,580,1000
11/05/1996,AR,Newton,ignore,democrat,420,1000
11/05/1996,AR,Newton,ignore,republican,580,1000
11/05/1996,VA,Charlottesville,ignore,democrat,580,1000
11/05/1996,VA,Charlottesville,ignore,republican,420,1000
11/05/1996,MN,Pipestone,ignore,democrat,420,1000
11/05/1996,MN,Pipestone,ignore,republican,580,1000
11/05/1996,TX,Wheeler,ignore,democrat,420,1000
11/05/1996,TX,Wheeler,ignore,republican,580,1000
11/05/1996,NE,Adams,ignore,democrat,420,1000
11/05/1996,NE,Adams,ignore,republican,580,1000
11/05/1996,MT,Lewis_and_Clark,ignore,democrat,530,1000
11/05/1996,MT,Lewis_and_Clark,ignore,republican,470,1000
11/05/1996,AK,Kenai_Peninsula,ignore,democrat,470,1000
11/05/1996,AK,Kenai_Peninsula,ignore,republican,530,1000
11/05/1996,MO,Grundy,ignore,democrat,420,1000
11/05/1996,MO,Grundy,ignore,republican,580,1000
11/05/1996,NC,Guilford,ignore,democrat,580,1000
11/05/1996,NC,Guilford,ignore,republican,420,1000
11/05/1996,IA,Cass,ignore,democrat,470,1000
11/05/1996,IA,Cass,ignore,republican,530,1000
11/05/1996,AL,Dale,ignore,democrat,420,1000
11/05/1996,AL,Dale,ignore,republican,580,1000
11/05/1996,TX,Randall,ignore,democrat,420,1000
11/05/1996,TX,Randall,ignore,republican,580,1000
11/05/1996,OH,Van_Wert,ignore,democrat,420,1000
11/05/1996,OH,Van_Wert,ignore,republican,580,1000
11/05/1996,TX,Kent,ignore,democrat,420,1000
11/05/1996,TX,Kent,ignore,republican,580,1000
11/05/1996,VA,Warren,ignore,democrat,420,1000
11/05/1996,VA,Warren,ignore,republican,580,1000
11/05/1996,MS,Winston,ignore,democrat,420,1000
11/05/1996,MS,Winston,ignore,republican,580,1000
11/05/1996,TX,Irion,ignore,democrat,420,1000
11/05/1996,TX,Irion,ignore,republican,580,1000
11/05/1996,GA,Irwin,ignore,democrat,420,1000
11/05/1996,GA,Irwin,ignore,republican,580,1000
11/05/1996,IN,Whitley,ignore,democrat,420,1000
11/05/1996,IN,Whitley,ignore,republican,580,1000
11/05/1996,SD,Moody,ignore,democrat,530,1000
11/05/1996,SD,Moody,ignore,republican,470,1000
11/05/1996,CA,Santa_Barbara,ignore,democrat,580,1000
11/05/1996,CA,Santa_Barbara,ignore,republican,420,1000
11/05/1996,TX,Eastland,ignore,democrat,420,1000
11/05/1996,TX,Eastland,ignore,republican,580,1000
11/05/1996,MN,Roseau,ignore,democrat,420,1000
11/05/1996,MN,Roseau,ignore,republican,580,1000
11/05/1996,MO,Clinton,ignore,democrat,420,1000
11/05/1996,MO,Clinton,ignore,republican,580,1000
11/05/1996,WV,Taylor,ignore,democrat,420,1000
11/05/1996,WV,Taylor,ignore,republican,580,1000
11/05/1996,MS,George,ignore,democrat,470,1000
11/05/1996,MS,George,ignore,republican,530,1000
11/05/1996,MN,Otter_Tail,ignore,democrat,420,1000
11/05/1996,MN,Otter_Tail,ignore,republican,580,1000
11/05/1996,IL,Franklin,ignore,democrat,420,1000
11/05/1996,IL,Franklin,ignore,republican,580,1000
11/05/1996,FL,Hardee,ignore,democrat,420,1000
11/05/1996,FL,Hardee,ignore,republican,580,1000
11/05/1996,IA,Webster,ignore,democrat,510,1000
11/05/1996,IA,Webster,ignore,republican,490,1000
11/05/1996,VA,Fredericksburg,ignore,democrat,580,1000
11/05/1996,VA,Fredericksburg,ignore,republican,420,1000
11/05/1996,NY,Schuyler,ignore,democrat,470,1000
11/05/1996,NY,Schuyler,ignore,republican,530,1000
11/05/1996,IL,McLean,ignore,democrat,530,1000
11/05/1996,IL,McLean,ignore,republican,470,1000
11/05/1996,NE,York,ignore,democrat,420,1000
11/05/1996,NE,York,ignore,republican,580,1000
11/05/1996,TX,San_Augustine,ignore,democrat,420,1000
11/05/1996,TX,San_Augustine,ignore,republican,580,1000
11/05/1996,TN,Franklin,ignore,democrat,420,1000
11/05/1996,TN,Franklin,ignore,republican,580,1000
11/05/1996,WY,Campbell,ignore,democrat,420,1000
11/05/1996,WY,Campbell,ignore,republican,580,1000
11/05/1996,OH,Pike,ignore,democrat,420,1000
11/05/1996,OH,Pike,ignore,republican,580,1000
11/05/1996,IA,Clarke,ignore,democrat,490,1000
11/05/1996,IA,Clarke,ignore,republican,510,1000
11/05/1996,SC,Cherokee,ignore,democrat,470,1000
11/05/1996,SC,Cherokee,ignore,republican,530,1000
11/05/1996,MN,Stevens,ignore,democrat,470,1000
11/05/1996,MN,Stevens,ignore,republican,530,1000
11/05/1996,MS,Franklin,ignore,democrat,497,1000
11/05/1996,MS,Franklin,ignore,republican,503,1000
11/05/1996,AK,Prince_of_Wales-Hyder,ignore,democrat,420,1000
11/05/1996,AK,Prince_of_Wales-Hyder,ignore,republican,580,1000
11/05/1996,CO,San_Miguel,ignore,democrat,580,1000
11/05/1996,CO,San_Miguel,ignore,republican,420,1000
11/05/1996,KY,Lewis,ignore,democrat,420,1000
11/05/1996,KY,Lewis,ignore,republican,580,1000
11/05/1996,MI,Chippewa,ignore,democrat,470,1000
11/05/1996,MI,Chippewa,ignore,republican,530,1000
11/05/1996,MI,Ontonagon,ignore,democrat,470,1000
11/05/1996,MI,Ontonagon,ignore,republican,530,1000
11/05/1996,MN,Marshall,ignore,democrat,420,1000
11/05/1996,MN,Marshall,ignore,republican,580,1000
11/05/1996,MO,Harrison,ignore,democrat,420,1000
11/05/1996,MO,Harrison,ignore,republican,580,1000
11/05/1996,MS,Newton,ignore,democrat,420,1000
11/05/1996,MS,Newton,ignore,republican,580,1000
11/05/1996,MS,Webster,ignore,democrat,420,1000
11/05/1996,MS,Webster,ignore,republican,580,1000
11/05/1996,NJ,Warren,ignore,democrat,470,1000
11/05/1996,NJ,Warren,ignore,republican,530,1000
11/05/1996,NY,Monroe,ignore,democrat,580,1000
11/05/1996,NY,Monroe,ignore,republican,420,1000
11/05/1996,OH,Hamilton,ignore,democrat,580,1000
11/05/1996,OH,Hamilton,ignore,republican,420,1000
11/05/1996,OK,Pittsburg,ignore,democrat,420,1000
11/05/1996,OK,Pittsburg,ignore,republican,580,1000
11/05/1996,GA,Ben_Hill,ignore,democrat,420,1000
11/05/1996,GA,Ben_Hill,ignore,republican,580,1000
11/05/1996,TN,Union,ignore,democrat,420,1000
11/05/1996,TN,Union,ignore,republican,580,1000
11/05/1996,KS,Russell,ignore,democrat,420,1000
11/05/1996,KS,Russell,ignore,republican,580,1000
11/05/1996,WI,Dane,ignore,democrat,580,1000
11/05/1996,WI,Dane,ignore,republican,420,1000
11/05/1996,TX,Gillespie,ignore,democrat,420,1000
11/05/1996,TX,Gillespie,ignore,republican,580,1000
11/05/1996,AZ,La_Paz,ignore,democrat,420,1000
11/05/1996,AZ,La_Paz,ignore,republican,580,1000
11/05/1996,KY,Spencer,ignore,democrat,420,1000
11/05/1996,KY,Spencer,ignore,republican,580,1000
11/05/1996,ID,Ada,ignore,democrat,530,1000
11/05/1996,ID,Ada,ignore,republican,470,1000
11/05/1996,HI,Hawaii,ignore,democrat,580,1000
11/05/1996,HI,Hawaii,ignore,republican,420,1000
11/05/1996,AR,Howard,ignore,democrat,420,1000
11/05/1996,AR,Howard,ignore,republican,580,1000
11/05/1996,VA,Cumberland,ignore,democrat,470,1000
11/05/1996,VA,Cumberland,ignore,republican,530,1000
11/05/1996,KS,Harvey,ignore,democrat,490,1000
11/05/1996,KS,Harvey,ignore,republican,510,1000
11/05/1996,TX,Donley,ignore,democrat,420,1000
11/05/1996,TX,Donley,ignore,republican,580,1000
11/05/1996,IL,Stephenson,ignore,democrat,470,1000
11/05/1996,IL,Stephenson,ignore,republican,530,1000
11/05/1996,VA,Lynchburg,ignore,democrat,530,1000
11/05/1996,VA,Lynchburg,ignore,republican,470,1000
11/05/1996,KY,Metcalfe,ignore,democrat,420,1000
11/05/1996,KY,Metcalfe,ignore,republican,580,1000
11/05/1996,OH,Hardin,ignore,democrat,420,1000
11/05/1996,OH,Hardin,ignore,republican,580,1000
11/05/1996,IL,Jefferson,ignore,democrat,420,1000
11/05/1996,IL,Jefferson,ignore,republican,580,1000
11/05/1996,IA,Monroe,ignore,democrat,510,1000
11/05/1996,IA,Monroe,ignore,republican,490,1000
11/05/1996,WV,Tyler,ignore,democrat,420,1000
11/05/1996,WV,Tyler,ignore,republican,580,1000
11/05/1996,CO,Bent,ignore,democrat,420,1000
11/05/1996,CO,Bent,ignore,republican,580,1000
11/05/1996,WI,Waushara,ignore,democrat,420,1000
11/05/1996,WI,Waushara,ignore,republican,580,1000
11/05/1996,WI,Waupaca,ignore,democrat,420,1000
11/05/1996,WI,Waupaca,ignore,republican,580,1000
11/05/1996,TX,Uvalde,ignore,democrat,420,1000
11/05/1996,TX,Uvalde,ignore,republican,580,1000
11/05/1996,MS,Walthall,ignore,democrat,420,1000
11/05/1996,MS,Walthall,ignore,republican,580,1000
11/05/1996,MO,Daviess,ignore,democrat,420,1000
11/05/1996,MO,Daviess,ignore,republican,580,1000
11/05/1996,TX,Winkler,ignore,democrat,420,1000
11/05/1996,TX,Winkler,ignore,republican,580,1000
11/05/1996,OH,Delaware,ignore,democrat,530,1000
11/05/1996,OH,Delaware,ignore,republican,470,1000
11/05/1996,SD,Hamlin,ignore,democrat,470,1000
11/05/1996,SD,Hamlin,ignore,republican,530,1000
11/05/1996,KS,Morris,ignore,democrat,470,1000
11/05/1996,KS,Morris,ignore,republican,530,1000
11/05/1996,AL,Lee,ignore,democrat,420,1000
11/05/1996,AL,Lee,ignore,republican,580,1000
11/05/1996,CA,San_Diego,ignore,democrat,580,1000
11/05/1996,CA,San_Diego,ignore,republican,420,1000
11/05/1996,FL,Levy,ignore,democrat,470,1000
11/05/1996,FL,Levy,ignore,republican,530,1000
11/05/1996,AL,Calhoun,ignore,democrat,420,1000
11/05/1996,AL,Calhoun,ignore,republican,580,1000
11/05/1996,IA,Scott,ignore,democrat,580,1000
11/05/1996,IA,Scott,ignore,republican,420,1000
11/05/1996,IA,Winneshiek,ignore,democrat,580,1000
11/05/1996,IA,Winneshiek,ignore,republican,420,1000
11/05/1996,KS,Morton,ignore,democrat,420,1000
11/05/1996,KS,Morton,ignore,republican,580,1000
11/05/1996,KY,Campbell,ignore,democrat,490,1000
11/05/1996,KY,Campbell,ignore,republican,510,1000
11/05/1996,KY,Whitley,ignore,democrat,420,1000
11/05/1996,KY,Whitley,ignore,republican,580,1000
11/05/1996,OH,Morrow,ignore,democrat,420,1000
11/05/1996,OH,Morrow,ignore,republican,580,1000
11/05/1996,OH,Darke,ignore,democrat,420,1000
11/05/1996,OH,Darke,ignore,republican,580,1000
11/05/1996,NE,Valley,ignore,democrat,420,1000
11/05/1996,NE,Valley,ignore,republican,580,1000
11/05/1996,NE,Cedar,ignore,democrat,420,1000
11/05/1996,NE,Cedar,ignore,republican,580,1000
11/05/1996,NE,Pawnee,ignore,democrat,420,1000
11/05/1996,NE,Pawnee,ignore,republican,580,1000
11/05/1996,SC,Darlington,ignore,democrat,490,1000
11/05/1996,SC,Darlington,ignore,republican,510,1000
11/05/1996,SD,Hughes,ignore,democrat,420,1000
11/05/1996,SD,Hughes,ignore,republican,580,1000
11/05/1996,MO,Livingston,ignore,democrat,420,1000
11/05/1996,MO,Livingston,ignore,republican,580,1000
11/05/1996,TX,Gregg,ignore,democrat,420,1000
11/05/1996,TX,Gregg,ignore,republican,580,1000
11/05/1996,VA,Lunenburg,ignore,democrat,470,1000
11/05/1996,VA,Lunenburg,ignore,republican,530,1000
11/05/1996,WV,Marion,ignore,democrat,490,1000
11/05/1996,WV,Marion,ignore,republican,510,1000
11/05/1996,WV,Grant,ignore,democrat,420,1000
11/05/1996,WV,Grant,ignore,republican,580,1000
11/05/1996,ND,Divide,ignore,democrat,420,1000
11/05/1996,ND,Divide,ignore,republican,580,1000
11/05/1996,TN,Moore,ignore,democrat,420,1000
11/05/1996,TN,Moore,ignore,republican,580,1000
11/05/1996,UT,Uintah,ignore,democrat,420,1000
11/05/1996,UT,Uintah,ignore,republican,580,1000
11/05/1996,NE,Furnas,ignore,democrat,420,1000
11/05/1996,NE,Furnas,ignore,republican,580,1000
11/05/1996,AL,Chambers,ignore,democrat,420,1000
11/05/1996,AL,Chambers,ignore,republican,580,1000
11/05/1996,PA,Franklin,ignore,democrat,420,1000
11/05/1996,PA,Franklin,ignore,republican,580,1000
11/05/1996,NE,Lancaster,ignore,democrat,530,1000
11/05/1996,NE,Lancaster,ignore,republican,470,1000
11/05/1996,VA,Frederick,ignore,democrat,420,1000
11/05/1996,VA,Frederick,ignore,republican,580,1000
11/05/1996,WA,Klickitat,ignore,democrat,530,1000
11/05/1996,WA,Klickitat,ignore,republican,470,1000
11/05/1996,VT,Franklin,ignore,democrat,580,1000
11/05/1996,VT,Franklin,ignore,republican,420,1000
11/05/1996,WI,Bayfield,ignore,democrat,580,1000
11/05/1996,WI,Bayfield,ignore,republican,420,1000
11/05/1996,AL,ALA,ignore,democrat,420,1000
11/05/1996,AL,ALA,ignore,republican,580,1000
11/05/1996,CA,Glenn,ignore,democrat,420,1000
11/05/1996,CA,Glenn,ignore,republican,580,1000
11/05/1996,CO,Boulder,ignore,democrat,580,1000
11/05/1996,CO,Boulder,ignore,republican,420,1000
11/05/1996,GA,DeKalb,ignore,democrat,580,1000
11/05/1996,GA,DeKalb,ignore,republican,420,1000
11/05/1996,IL,Kane,ignore,democrat,580,1000
11/05/1996,IL,Kane,ignore,republican,420,1000
11/05/1996,IL,Morgan,ignore,democrat,420,1000
11/05/1996,IL,Morgan,ignore,republican,580,1000
11/05/1996,IN,Brown,ignore,democrat,420,1000
11/05/1996,IN,Brown,ignore,republican,580,1000
11/05/1996,IN,Rush,ignore,democrat,420,1000
11/05/1996,IN,Rush,ignore,republican,580,1000
11/05/1996,IN,White,ignore,democrat,420,1000
11/05/1996,IN,White,ignore,republican,580,1000
11/05/1996,IA,Johnson,ignore,democrat,580,1000
11/05/1996,IA,Johnson,ignore,republican,420,1000
11/05/1996,KS,Lyon,ignore,democrat,503,1000
11/05/1996,KS,Lyon,ignore,republican,497,1000
11/05/1996,KY,Adair,ignore,democrat,420,1000
11/05/1996,KY,Adair,ignore,republican,580,1000
11/05/1996,LA,Allen,ignore,democrat,420,1000
11/05/1996,LA,Allen,ignore,republican,580,1000
11/05/1996,ME,Oxford,ignore,democrat,580,1000
11/05/1996,ME,Oxford,ignore,republican,420,1000
11/05/1996,MO,Camden,ignore,democrat,420,1000
11/05/1996,MO,Camden,ignore,republican,580,1000
11/05/1996,GA,Wilcox,ignore,democrat,420,1000
11/05/1996,GA,Wilcox,ignore,republican,580,1000
11/05/1996,NM,De_Baca,ignore,democrat,470,1000
11/05/1996,NM,De_Baca,ignore,republican,530,1000
11/05/1996,NC,Vance,ignore,democrat,530,1000
11/05/1996,NC,Vance,ignore,republican,470,1000
11/05/1996,NC,Franklin,ignore,democrat,530,1000
11/05/1996,NC,Franklin,ignore,republican,470,1000
11/05/1996,MT,Teton,ignore,democrat,420,1000
11/05/1996,MT,Teton,ignore,republican,580,1000
11/05/1996,MO,Barry,ignore,democrat,420,1000
11/05/1996,MO,Barry,ignore,republican,580,1000
11/05/1996,WA,Clark,ignore,democrat,580,1000
11/05/1996,WA,Clark,ignore,republican,420,1000
11/05/1996,WV,Ohio,ignore,democrat,420,1000
11/05/1996,WV,Ohio,ignore,republican,580,1000
11/05/1996,AR,Clark,ignore,democrat,470,1000
11/05/1996,AR,Clark,ignore,republican,530,1000
11/05/1996,AR,Lawrence,ignore,democrat,420,1000
11/05/1996,AR,Lawrence,ignore,republican,580,1000
11/05/1996,CA,Yuba,ignore,democrat,470,1000
11/05/1996,CA,Yuba,ignore,republican,530,1000
11/05/1996,CO,Summit,ignore,democrat,580,1000
11/05/1996,CO,Summit,ignore,republican,420,1000
11/05/1996,GA,Cobb,ignore,democrat,580,1000
11/05/1996,GA,Cobb,ignore,republican,420,1000
11/05/1996,GA,Douglas,ignore,democrat,530,1000
11/05/1996,GA,Douglas,ignore,republican,470,1000
11/05/1996,GA,Wilkes,ignore,democrat,470,1000
11/05/1996,GA,Wilkes,ignore,republican,530,1000
11/05/1996,IL,Peoria,ignore,democrat,530,1000
11/05/1996,IL,Peoria,ignore,republican,470,1000
11/05/1996,IN,Jackson,ignore,democrat,420,1000
11/05/1996,IN,Jackson,ignore,republican,580,1000
11/05/1996,KS,Rooks,ignore,democrat,420,1000
11/05/1996,KS,Rooks,ignore,republican,580,1000
11/05/1996,KS,Reno,ignore,democrat,420,1000
11/05/1996,KS,Reno,ignore,republican,580,1000
11/05/1996,KY,Barren,ignore,democrat,420,1000
11/05/1996,KY,Barren,ignore,republican,580,1000
11/05/1996,KY,Laurel,ignore,democrat,420,1000
11/05/1996,KY,Laurel,ignore,republican,580,1000
11/05/1996,AZ,Coconino,ignore,democrat,420,1000
11/05/1996,AZ,Coconino,ignore,republican,580,1000
11/05/1996,CA,Marin,ignore,democrat,580,1000
11/05/1996,CA,Marin,ignore,republican,420,1000
11/05/1996,FL,Okaloosa,ignore,democrat,420,1000
11/05/1996,FL,Okaloosa,ignore,republican,580,1000
11/05/1996,GA,Murray,ignore,democrat,470,1000
11/05/1996,GA,Murray,ignore,republican,530,1000
11/05/1996,IL,Randolph,ignore,democrat,470,1000
11/05/1996,IL,Randolph,ignore,republican,530,1000
11/05/1996,IN,Switzerland,ignore,democrat,420,1000
11/05/1996,IN,Switzerland,ignore,republican,580,1000
11/05/1996,KY,Kenton,ignore,democrat,470,1000
11/05/1996,KY,Kenton,ignore,republican,530,1000
11/05/1996,KY,Monroe,ignore,democrat,420,1000
11/05/1996,KY,Monroe,ignore,republican,580,1000
11/05/1996,LA,Caddo,ignore,democrat,530,1000
11/05/1996,LA,Caddo,ignore,republican,470,1000
11/05/1996,LA,Claiborne,ignore,democrat,420,1000
11/05/1996,LA,Claiborne,ignore,republican,580,1000
11/05/1996,MA,Berkshire,ignore,democrat,580,1000
11/05/1996,MA,Berkshire,ignore,republican,420,1000
11/05/1996,MI,Grand_Traverse,ignore,democrat,530,1000
11/05/1996,MI,Grand_Traverse,ignore,republican,470,1000
11/05/1996,NE,Nuckolls,ignore,democrat,420,1000
11/05/1996,NE,Nuckolls,ignore,republican,580,1000
11/05/1996,MO,Atchison,ignore,democrat,420,1000
11/05/1996,MO,Atchison,ignore,republican,580,1000
11/05/1996,MN,Ramsey,ignore,democrat,580,1000
11/05/1996,MN,Ramsey,ignore,republican,420,1000
11/05/1996,NC,Avery,ignore,democrat,420,1000
11/05/1996,NC,Avery,ignore,republican,580,1000
11/05/1996,PA,Wayne,ignore,democrat,470,1000
11/05/1996,PA,Wayne,ignore,republican,530,1000
11/05/1996,TN,Carter,ignore,democrat,420,1000
11/05/1996,TN,Carter,ignore,republican,580,1000
11/05/1996,TN,Hickman,ignore,democrat,420,1000
11/05/1996,TN,Hickman,ignore,republican,580,1000
11/05/1996,SD,Potter,ignore,democrat,420,1000
11/05/1996,SD,Potter,ignore,republican,580,1000
11/05/1996,TX,Shackelford,ignore,democrat,420,1000
11/05/1996,TX,Shackelford,ignore,republican,580,1000
11/05/1996,WY,Converse,ignore,democrat,420,1000
11/05/1996,WY,Converse,ignore,republican,580,1000
11/05/1996,AL,Escambia,ignore,democrat,420,1000
11/05/1996,AL,Escambia,ignore,republican,580,1000
11/05/1996,AZ,Cochise,ignore,democrat,470,1000
11/05/1996,AZ,Cochise,ignore,republican,530,1000
11/05/1996,AZ,Apache,ignore,democrat,420,1000
11/05/1996,AZ,Apache,ignore,republican,580,1000
11/05/1996,CA,San_Luis_Obispo,ignore,democrat,580,1000
11/05/1996,CA,San_Luis_Obispo,ignore,republican,420,1000
11/05/1996,ID,Oneida,ignore,democrat,420,1000
11/05/1996,ID,Oneida,ignore,republican,580,1000
11/05/1996,IN,Perry,ignore,democrat,470,1000
11/05/1996,IN,Perry,ignore,republican,530,1000
11/05/1996,IA,Harrison,ignore,democrat,420,1000
11/05/1996,IA,Harrison,ignore,republican,580,1000
11/05/1996,KY,Gallatin,ignore,democrat,420,1000
11/05/1996,KY,Gallatin,ignore,republican,580,1000
11/05/1996,MD,Kent,ignore,democrat,510,1000
11/05/1996,MD,Kent,ignore,republican,490,1000
11/05/1996,ME,Piscataquis,ignore,democrat,510,1000
11/05/1996,ME,Piscataquis,ignore,republican,490,1000
11/05/1996,MI,Luce,ignore,democrat,420,1000
11/05/1996,MI,Luce,ignore,republican,580,1000
11/05/1996,MI,Clare,ignore,democrat,470,1000
11/05/1996,MI,Clare,ignore,republican,530,1000
11/05/1996,MO,St_Clair,ignore,democrat,420,1000
11/05/1996,MO,St_Clair,ignore,republican,580,1000
11/05/1996,NE,Merrick,ignore,democrat,420,1000
11/05/1996,NE,Merrick,ignore,republican,580,1000
11/05/1996,NY,Greene,ignore,democrat,470,1000
11/05/1996,NY,Greene,ignore,republican,530,1000
11/05/1996,NC,Halifax,ignore,democrat,580,1000
11/05/1996,NC,Halifax,ignore,republican,420,1000
11/05/1996,OK,McClain,ignore,democrat,420,1000
11/05/1996,OK,McClain,ignore,republican,580,1000
11/05/1996,OK,Beaver,ignore,democrat,420,1000
11/05/1996,OK,Beaver,ignore,republican,580,1000
11/05/1996,OR,Deschutes,ignore,democrat,530,1000
11/05/1996,OR,Deschutes,ignore,republican,470,1000
11/05/1996,PA,Centre,ignore,democrat,530,1000
11/05/1996,PA,Centre,ignore,republican,470,1000
11/05/1996,SC,Kershaw,ignore,democrat,470,1000
11/05/1996,SC,Kershaw,ignore,republican,530,1000
11/05/1996,KY,Morgan,ignore,democrat,420,1000
11/05/1996,KY,Morgan,ignore,republican,580,1000
11/05/1996,TN,Johnson,ignore,democrat,420,1000
11/05/1996,TN,Johnson,ignore,republican,580,1000
11/05/1996,TX,Brewster,ignore,democrat,420,1000
11/05/1996,TX,Brewster,ignore,republican,580,1000
11/05/1996,TX,Zapata,ignore,democrat,420,1000
11/05/1996,TX,Zapata,ignore,republican,580,1000
11/05/1996,TX,Trinity,ignore,democrat,420,1000
11/05/1996,TX,Trinity,ignore,republican,580,1000
11/05/1996,UT,Carbon,ignore,democrat,420,1000
11/05/1996,UT,Carbon,ignore,republican,580,1000
11/05/1996,VA,Orange,ignore,democrat,420,1000
11/05/1996,VA,Orange,ignore,republican,580,1000
11/05/1996,WI,Adams,ignore,democrat,490,1000
11/05/1996,WI,Adams,ignore,republican,510,1000
11/05/1996,ND,McLean,ignore,democrat,420,1000
11/05/1996,ND,McLean,ignore,republican,580,1000
11/05/1996,MN,Kittson,ignore,democrat,490,1000
11/05/1996,MN,Kittson,ignore,republican,510,1000
11/05/1996,MI,Cheboygan,ignore,democrat,470,1000
11/05/1996,MI,Cheboygan,ignore,republican,530,1000
11/05/1996,MS,Washington,ignore,democrat,580,1000
11/05/1996,MS,Washington,ignore,republican,420,1000
11/05/1996,MO,Holt,ignore,democrat,420,1000
11/05/1996,MO,Holt,ignore,republican,580,1000
11/05/1996,MS,Sunflower,ignore,democrat,580,1000
11/05/1996,MS,Sunflower,ignore,republican,420,1000
11/05/1996,MT,Powder_River,ignore,democrat,420,1000
11/05/1996,MT,Powder_River,ignore,republican,580,1000
11/05/1996,MS,Marshall,ignore,democrat,470,1000
11/05/1996,MS,Marshall,ignore,republican,530,1000
11/05/1996,MS,Issaquena,ignore,democrat,510,1000
11/05/1996,MS,Issaquena,ignore,republican,490,1000
11/05/1996,MS,Benton,ignore,democrat,420,1000
11/05/1996,MS,Benton,ignore,republican,580,1000
11/05/1996,OH,Cuyahoga,ignore,democrat,580,1000
11/05/1996,OH,Cuyahoga,ignore,republican,420,1000
11/05/1996,MT,Lake,ignore,democrat,490,1000
11/05/1996,MT,Lake,ignore,republican,510,1000
11/05/1996,RI,Newport,ignore,democrat,580,1000
11/05/1996,RI,Newport,ignore,republican,420,1000
11/05/1996,MO,Clay,ignore,democrat,530,1000
11/05/1996,MO,Clay,ignore,republican,470,1000
11/05/1996,MO,Worth,ignore,democrat,420,1000
11/05/1996,MO,Worth,ignore,republican,580,1000
11/05/1996,MO,Perry,ignore,democrat,420,1000
11/05/1996,MO,Perry,ignore,republican,580,1000
11/05/1996,MO,Morgan,ignore,democrat,420,1000
11/05/1996,MO,Morgan,ignore,republican,580,1000
11/05/1996,VA,Lee,ignore,democrat,420,1000
11/05/1996,VA,Lee,ignore,republican,580,1000
11/05/1996,WA,Clallam,ignore,democrat,530,1000
11/05/1996,WA,Clallam,ignore,republican,470,1000
11/05/1996,WY,Uinta,ignore,democrat,420,1000
11/05/1996,WY,Uinta,ignore,republican,580,1000
11/05/1996,AR,Arkansas,ignore,democrat,470,1000
11/05/1996,AR,Arkansas,ignore,republican,530,1000
11/05/1996,AR,Dallas,ignore,democrat,420,1000
11/05/1996,AR,Dallas,ignore,republican,580,1000
11/05/1996,GA,Butts,ignore,democrat,420,1000
11/05/1996,GA,Butts,ignore,republican,580,1000
11/05/1996,GA,Baker,ignore,democrat,490,1000
11/05/1996,GA,Baker,ignore,republican,510,1000
11/05/1996,IL,LaSalle,ignore,democrat,490,1000
11/05/1996,IL,LaSalle,ignore,republican,510,1000
11/05/1996,IN,Kosciusko,ignore,democrat,420,1000
11/05/1996,IN,Kosciusko,ignore,republican,580,1000
11/05/1996,IN,Sullivan,ignore,democrat,470,1000
11/05/1996,IN,Sullivan,ignore,republican,530,1000
11/05/1996,KS,Riley,ignore,democrat,580,1000
11/05/1996,KS,Riley,ignore,republican,420,1000
11/05/1996,KY,Bullitt,ignore,democrat,420,1000
11/05/1996,KY,Bullitt,ignore,republican,580,1000
11/05/1996,KY,Madison,ignore,democrat,420,1000
11/05/1996,KY,Madison,ignore,republican,580,1000
11/05/1996,LA,Livingston,ignore,democrat,420,1000
11/05/1996,LA,Livingston,ignore,republican,580,1000
11/05/1996,LA,Grant,ignore,democrat,420,1000
11/05/1996,LA,Grant,ignore,republican,580,1000
11/05/1996,LA,Bienville,ignore,democrat,420,1000
11/05/1996,LA,Bienville,ignore,republican,580,1000
11/05/1996,MO,Callaway,ignore,democrat,420,1000
11/05/1996,MO,Callaway,ignore,republican,580,1000
11/05/1996,GA,Wheeler,ignore,democrat,420,1000
11/05/1996,GA,Wheeler,ignore,republican,580,1000
11/05/1996,NC,Chatham,ignore,democrat,530,1000
11/05/1996,NC,Chatham,ignore,republican,470,1000
11/05/1996,SC,Allendale,ignore,democrat,580,1000
11/05/1996,SC,Allendale,ignore,republican,420,1000
11/05/1996,MA,Suffolk,ignore,democrat,580,1000
11/05/1996,MA,Suffolk,ignore,republican,420,1000
11/05/1996,TN,Henry,ignore,democrat,420,1000
11/05/1996,TN,Henry,ignore,republican,580,1000
11/05/1996,TX,Angelina,ignore,democrat,420,1000
11/05/1996,TX,Angelina,ignore,republican,580,1000
11/05/1996,WA,Grant,ignore,democrat,420,1000
11/05/1996,WA,Grant,ignore,republican,580,1000
11/05/1996,VA,Louisa,ignore,democrat,420,1000
11/05/1996,VA,Louisa,ignore,republican,580,1000
11/05/1996,MN,Goodhue,ignore,democrat,510,1000
11/05/1996,MN,Goodhue,ignore,republican,490,1000
11/05/1996,WA,Walla_Walla,ignore,democrat,510,1000
11/05/1996,WA,Walla_Walla,ignore,republican,490,1000
11/05/1996,MO,Christian,ignore,democrat,420,1000
11/05/1996,MO,Christian,ignore,republican,580,1000
11/05/1996,IN,Crawford,ignore,democrat,470,1000
11/05/1996,IN,Crawford,ignore,republican,530,1000
11/05/1996,OK,Seminole,ignore,democrat,420,1000
11/05/1996,OK,Seminole,ignore,republican,580,1000
11/05/1996,NM,Lincoln,ignore,democrat,420,1000
11/05/1996,NM,Lincoln,ignore,republican,580,1000
11/05/1996,TN,Campbell,ignore,democrat,420,1000
11/05/1996,TN,Campbell,ignore,republican,580,1000
11/05/1996,NM,Socorro,ignore,democrat,503,1000
11/05/1996,NM,Socorro,ignore,republican,497,1000
11/05/1996,NM,Taos,ignore,democrat,580,1000
11/05/1996,NM,Taos,ignore,republican,420,1000
11/05/1996,NM,Chaves,ignore,democrat,420,1000
11/05/1996,NM,Chaves,ignore,republican,580,1000
11/05/1996,OH,Holmes,ignore,democrat,420,1000
11/05/1996,OH,Holmes,ignore,republican,580,1000
11/05/1996,OH,Jackson,ignore,democrat,420,1000
11/05/1996,OH,Jackson,ignore,republican,580,1000
11/05/1996,NC,Burke,ignore,democrat,420,1000
11/05/1996,NC,Burke,ignore,republican,580,1000
11/05/1996,SD,Pennington,ignore,democrat,420,1000
11/05/1996,SD,Pennington,ignore,republican,580,1000
11/05/1996,TX,Aransas,ignore,democrat,420,1000
11/05/1996,TX,Aransas,ignore,republican,580,1000
11/05/1996,WA,Whitman,ignore,democrat,530,1000
11/05/1996,WA,Whitman,ignore,republican,470,1000
11/05/1996,MI,Berrien,ignore,democrat,490,1000
11/05/1996,MI,Berrien,ignore,republican,510,1000
11/05/1996,GA,Lincoln,ignore,democrat,420,1000
11/05/1996,GA,Lincoln,ignore,republican,580,1000
11/05/1996,TX,Val_Verde,ignore,democrat,470,1000
11/05/1996,TX,Val_Verde,ignore,republican,530,1000
11/05/1996,NY,Onondaga,ignore,democrat,580,1000
11/05/1996,NY,Onondaga,ignore,republican,420,1000
11/05/1996,ID,Gooding,ignore,democrat,420,1000
11/05/1996,ID,Gooding,ignore,republican,580,1000
11/05/1996,KY,Clay,ignore,democrat,420,1000
11/05/1996,KY,Clay,ignore,republican,580,1000
11/05/1996,OR,Harney,ignore,democrat,420,1000
11/05/1996,OR,Harney,ignore,republican,580,1000
11/05/1996,MO,Cooper,ignore,democrat,420,1000
11/05/1996,MO,Cooper,ignore,republican,580,1000
11/05/1996,MN,Todd,ignore,democrat,420,1000
11/05/1996,MN,Todd,ignore,republican,580,1000
11/05/1996,WI,Florence,ignore,democrat,420,1000
11/05/1996,WI,Florence,ignore,republican,580,1000
11/05/1996,NY,Nassau,ignore,democrat,530,1000
11/05/1996,NY,Nassau,ignore,republican,470,1000
11/05/1996,NM,San_Miguel,ignore,democrat,530,1000
11/05/1996,NM,San_Miguel,ignore,republican,470,1000
11/05/1996,NE,Wayne,ignore,democrat,420,1000
11/05/1996,NE,Wayne,ignore,republican,580,1000
11/05/1996,OH,Lawrence,ignore,democrat,420,1000
11/05/1996,OH,Lawrence,ignore,republican,580,1000
11/05/1996,SD,Union,ignore,democrat,470,1000
11/05/1996,SD,Union,ignore,republican,530,1000
11/05/1996,SC,Beaufort,ignore,democrat,503,1000
11/05/1996,SC,Beaufort,ignore,republican,497,1000
11/05/1996,OH,Auglaize,ignore,democrat,420,1000
11/05/1996,OH,Auglaize,ignore,republican,580,1000
11/05/1996,GA,Long,ignore,democrat,420,1000
11/05/1996,GA,Long,ignore,republican,580,1000
11/05/1996,TX,Victoria,ignore,democrat,420,1000
11/05/1996,TX,Victoria,ignore,republican,580,1000
11/05/1996,OH,Clermont,ignore,democrat,420,1000
11/05/1996,OH,Clermont,ignore,republican,580,1000
11/05/1996,GA,Madison,ignore,democrat,420,1000
11/05/1996,GA,Madison,ignore,republican,580,1000
11/05/1996,GA,Muscogee,ignore,democrat,580,1000
11/05/1996,GA,Muscogee,ignore,republican,420,1000
11/05/1996,GA,Oconee,ignore,democrat,420,1000
11/05/1996,GA,Oconee,ignore,republican,580,1000
11/05/1996,AL,Fayette,ignore,democrat,420,1000
11/05/1996,AL,Fayette,ignore,republican,580,1000
11/05/1996,GA,Charlton,ignore,democrat,420,1000
11/05/1996,GA,Charlton,ignore,republican,580,1000
11/05/1996,VT,Windsor,ignore,democrat,580,1000
11/05/1996,VT,Windsor,ignore,republican,420,1000
11/05/1996,VA,Richmond_Co,ignore,democrat,470,1000
11/05/1996,VA,Richmond_Co,ignore,republican,530,1000
11/05/1996,TX,Galveston,ignore,democrat,470,1000
11/05/1996,TX,Galveston,ignore,republican,530,1000
11/05/1996,MO,Ste_Genevieve,ignore,democrat,530,1000
11/05/1996,MO,Ste_Genevieve,ignore,republican,470,1000
11/05/1996,MI,Menominee,ignore,democrat,420,1000
11/05/1996,MI,Menominee,ignore,republican,580,1000
11/05/1996,SC,Charleston,ignore,democrat,580,1000
11/05/1996,SC,Charleston,ignore,republican,420,1000
11/05/1996,TX,Austin,ignore,democrat,420,1000
11/05/1996,TX,Austin,ignore,republican,580,1000
11/05/1996,TN,Decatur,ignore,democrat,420,1000
11/05/1996,TN,Decatur,ignore,republican,580,1000
11/05/1996,SD,Butte,ignore,democrat,420,1000
11/05/1996,SD,Butte,ignore,republican,580,1000
11/05/1996,SC,Chester,ignore,democrat,470,1000
11/05/1996,SC,Chester,ignore,republican,530,1000
11/05/1996,WI,Pierce,ignore,democrat,490,1000
11/05/1996,WI,Pierce,ignore,republican,510,1000
11/05/1996,TN,Lake,ignore,democrat,420,1000
11/05/1996,TN,Lake,ignore,republican,580,1000
11/05/1996,TX,Delta,ignore,democrat,420,1000
11/05/1996,TX,Delta,ignore,republican,580,1000
11/05/1996,MT,Lincoln,ignore,democrat,470,1000
11/05/1996,MT,Lincoln,ignore,republican,530,1000
11/05/1996,TX,Fort_Bend,ignore,democrat,530,1000
11/05/1996,TX,Fort_Bend,ignore,republican,470,1000
11/05/1996,ME,Lincoln,ignore,democrat,580,1000
11/05/1996,ME,Lincoln,ignore,republican,420,1000
11/05/1996,VA,Surry,ignore,democrat,530,1000
11/05/1996,VA,Surry,ignore,republican,470,1000
11/05/1996,MO,Saline,ignore,democrat,420,1000
11/05/1996,MO,Saline,ignore,republican,580,1000
11/05/1996,NC,Caswell,ignore,democrat,470,1000
11/05/1996,NC,Caswell,ignore,republican,530,1000
11/05/1996,VA,Sussex,ignore,democrat,580,1000
11/05/1996,VA,Sussex,ignore,republican,420,1000
11/05/1996,NH,Rockingham,ignore,democrat,580,1000
11/05/1996,NH,Rockingham,ignore,republican,420,1000
11/05/1996,TN,Hamblen,ignore,democrat,420,1000
11/05/1996,TN,Hamblen,ignore,republican,580,1000
11/05/1996,TN,Hancock,ignore,democrat,420,1000
11/05/1996,TN,Hancock,ignore,republican,580,1000
11/05/1996,TN,Hawkins,ignore,democrat,420,1000
11/05/1996,TN,Hawkins,ignore,republican,580,1000
11/05/1996,SD,Hanson,ignore,democrat,420,1000
11/05/1996,SD,Hanson,ignore,republican,580,1000
11/05/1996,SD,Kingsbury,ignore,democrat,470,1000
11/05/1996,SD,Kingsbury,ignore,republican,530,1000
11/05/1996,PA,Chester,ignore,democrat,580,1000
11/05/1996,PA,Chester,ignore,republican,420,1000
11/05/1996,TX,Calhoun,ignore,democrat,420,1000
11/05/1996,TX,Calhoun,ignore,republican,580,1000
11/05/1996,VA,Northumberland,ignore,democrat,420,1000
11/05/1996,VA,Northumberland,ignore,republican,580,1000
11/05/1996,WI,Forest,ignore,democrat,420,1000
11/05/1996,WI,Forest,ignore,republican,580,1000
11/05/1996,WY,Crook,ignore,democrat,420,1000
11/05/1996,WY,Crook,ignore,republican,580,1000
11/05/1996,NE,Rock,ignore,democrat,420,1000
11/05/1996,NE,Rock,ignore,republican,580,1000
11/05/1996,TN,Anderson,ignore,democrat,420,1000
11/05/1996,TN,Anderson,ignore,republican,580,1000
11/05/1996,KY,Garrard,ignore,democrat,420,1000
11/05/1996,KY,Garrard,ignore,republican,580,1000
11/05/1996,VT,Windham,ignore,democrat,580,1000
11/05/1996,VT,Windham,ignore,republican,420,1000
11/05/1996,MD,Wicomico,ignore,democrat,470,1000
11/05/1996,MD,Wicomico,ignore,republican,530,1000
11/05/1996,ME,Sagadahoc,ignore,democrat,580,1000
11/05/1996,ME,Sagadahoc,ignore,republican,420,1000
11/05/1996,KS,Bourbon,ignore,democrat,420,1000
11/05/1996,KS,Bourbon,ignore,republican,580,1000
11/05/1996,KS,Crawford,ignore,democrat,490,1000
11/05/1996,KS,Crawford,ignore,republican,510,1000
11/05/1996,TX,Collin,ignore,democrat,510,1000
11/05/1996,TX,Collin,ignore,republican,490,1000
11/05/1996,TX,Colorado,ignore,democrat,420,1000
11/05/1996,TX,Colorado,ignore,republican,580,1000
11/05/1996,PA,Delaware,ignore,democrat,580,1000
11/05/1996,PA,Delaware,ignore,republican,420,1000
11/05/1996,SC,Dillon,ignore,democrat,530,1000
11/05/1996,SC,Dillon,ignore,republican,470,1000
11/05/1996,PA,Clarion,ignore,democrat,420,1000
11/05/1996,PA,Clarion,ignore,republican,580,1000
11/05/1996,TX,Jasper,ignore,democrat,420,1000
11/05/1996,TX,Jasper,ignore,republican,580,1000
11/05/1996,PA,Clinton,ignore,democrat,470,1000
11/05/1996,PA,Clinton,ignore,republican,530,1000
11/05/1996,MD,Harford,ignore,democrat,470,1000
11/05/1996,MD,Harford,ignore,republican,530,1000
11/05/1996,IL,Richland,ignore,democrat,420,1000
11/05/1996,IL,Richland,ignore,republican,580,1000
11/05/1996,MD,Howard,ignore,democrat,580,1000
11/05/1996,MD,Howard,ignore,republican,420,1000
11/05/1996,TN,Loudon,ignore,democrat,420,1000
11/05/1996,TN,Loudon,ignore,republican,580,1000
11/05/1996,IL,St_Clair,ignore,democrat,580,1000
11/05/1996,IL,St_Clair,ignore,republican,420,1000
11/05/1996,MA,Bristol,ignore,democrat,530,1000
11/05/1996,MA,Bristol,ignore,republican,470,1000
11/05/1996,IN,Hendricks,ignore,democrat,420,1000
11/05/1996,IN,Hendricks,ignore,republican,580,1000
11/05/1996,MD,Anne_Arundel,ignore,democrat,580,1000
11/05/1996,MD,Anne_Arundel,ignore,republican,420,1000
11/05/1996,TX,Comal,ignore,democrat,470,1000
11/05/1996,TX,Comal,ignore,republican,530,1000
11/05/1996,TX,Cooke,ignore,democrat,420,1000
11/05/1996,TX,Cooke,ignore,republican,580,1000
11/05/1996,TX,Crockett,ignore,democrat,420,1000
11/05/1996,TX,Crockett,ignore,republican,580,1000
11/05/1996,TX,Culberson,ignore,democrat,420,1000
11/05/1996,TX,Culberson,ignore,republican,580,1000
11/05/1996,KY,Hickman,ignore,democrat,470,1000
11/05/1996,KY,Hickman,ignore,republican,530,1000
11/05/1996,KY,Jackson,ignore,democrat,420,1000
11/05/1996,KY,Jackson,ignore,republican,580,1000
11/05/1996,SC,Georgetown,ignore,democrat,490,1000
11/05/1996,SC,Georgetown,ignore,republican,510,1000
11/05/1996,WA,Adams,ignore,democrat,420,1000
11/05/1996,WA,Adams,ignore,republican,580,1000
11/05/1996,NE,Kimball,ignore,democrat,420,1000
11/05/1996,NE,Kimball,ignore,republican,580,1000
11/05/1996,MT,Carbon,ignore,democrat,420,1000
11/05/1996,MT,Carbon,ignore,republican,580,1000
11/05/1996,KY,Greenup,ignore,democrat,420,1000
11/05/1996,KY,Greenup,ignore,republican,580,1000
11/05/1996,LA,Webster,ignore,democrat,420,1000
11/05/1996,LA,Webster,ignore,republican,580,1000
11/05/1996,TN,Macon,ignore,democrat,420,1000
11/05/1996,TN,Macon,ignore,republican,580,1000
11/05/1996,NC,New_Hanover,ignore,democrat,530,1000
11/05/1996,NC,New_Hanover,ignore,republican,470,1000
11/05/1996,TX,Chambers,ignore,democrat,420,1000
11/05/1996,TX,Chambers,ignore,republican,580,1000
11/05/1996,FL,Alachua,ignore,democrat,580,1000
11/05/1996,FL,Alachua,ignore,republican,420,1000
11/05/1996,GA,Worth,ignore,democrat,420,1000
11/05/1996,GA,Worth,ignore,republican,580,1000
11/05/1996,OR,Marion,ignore,democrat,530,1000
11/05/1996,OR,Marion,ignore,republican,470,1000
11/05/1996,PA,Jefferson,ignore,democrat,420,1000
11/05/1996,PA,Jefferson,ignore,republican,580,1000
11/05/1996,MI,Dickinson,ignore,democrat,420,1000
11/05/1996,MI,Dickinson,ignore,republican,580,1000
11/05/1996,MI,Eaton,ignore,democrat,530,1000
11/05/1996,MI,Eaton,ignore,republican,470,1000
11/05/1996,KY,Knox,ignore,democrat,420,1000
11/05/1996,KY,Knox,ignore,republican,580,1000
11/05/1996,MI,Hillsdale,ignore,democrat,420,1000
11/05/1996,MI,Hillsdale,ignore,republican,580,1000
11/05/1996,TX,Denton,ignore,democrat,510,1000
11/05/1996,TX,Denton,ignore,republican,490,1000
11/05/1996,IA,Washington,ignore,democrat,530,1000
11/05/1996,IA,Washington,ignore,republican,470,1000
11/05/1996,TN,Smith,ignore,democrat,420,1000
11/05/1996,TN,Smith,ignore,republican,580,1000
11/05/1996,KS,Wilson,ignore,democrat,420,1000
11/05/1996,KS,Wilson,ignore,republican,580,1000
11/05/1996,VA,Henrico,ignore,democrat,580,1000
11/05/1996,VA,Henrico,ignore,republican,420,1000
11/05/1996,RI,Kent,ignore,democrat,580,1000
11/05/1996,RI,Kent,ignore,republican,420,1000
11/05/1996,PA,Columbia,ignore,democrat,470,1000
11/05/1996,PA,Columbia,ignore,republican,530,1000
11/05/1996,TN,Lewis,ignore,democrat,420,1000
11/05/1996,TN,Lewis,ignore,republican,580,1000
11/05/1996,MN,Lincoln,ignore,democrat,420,1000
11/05/1996,MN,Lincoln,ignore,republican,580,1000
11/05/1996,TN,Madison,ignore,democrat,420,1000
11/05/1996,TN,Madison,ignore,republican,580,1000
11/05/1996,MO,Ralls,ignore,democrat,420,1000
11/05/1996,MO,Ralls,ignore,republican,580,1000
11/05/1996,NC,Anson,ignore,democrat,530,1000
11/05/1996,NC,Anson,ignore,republican,470,1000
11/05/1996,KY,Daviess,ignore,democrat,470,1000
11/05/1996,KY,Daviess,ignore,republican,530,1000
11/05/1996,UT,Washington,ignore,democrat,420,1000
11/05/1996,UT,Washington,ignore,republican,580,1000
11/05/1996,IA,Appanoose,ignore,democrat,490,1000
11/05/1996,IA,Appanoose,ignore,republican,510,1000
11/05/1996,VA,Pittsylvania,ignore,democrat,420,1000
11/05/1996,VA,Pittsylvania,ignore,republican,580,1000
11/05/1996,PA,Lackawanna,ignore,democrat,580,1000
11/05/1996,PA,Lackawanna,ignore,republican,420,1000
11/05/1996,PA,Lancaster,ignore,democrat,490,1000
11/05/1996,PA,Lancaster,ignore,republican,510,1000
11/05/1996,MO,Jefferson,ignore,democrat,530,1000
11/05/1996,MO,Jefferson,ignore,republican,470,1000
11/05/1996,MO,Washington,ignore,democrat,420,1000
11/05/1996,MO,Washington,ignore,republican,580,1000
11/05/1996,PA,Lehigh,ignore,democrat,580,1000
11/05/1996,PA,Lehigh,ignore,republican,420,1000
11/05/1996,KY,Letcher,ignore,democrat,420,1000
11/05/1996,KY,Letcher,ignore,republican,580,1000
11/05/1996,MI,Jackson,ignore,democrat,470,1000
11/05/1996,MI,Jackson,ignore,republican,530,1000
11/05/1996,KY,Lyon,ignore,democrat,420,1000
11/05/1996,KY,Lyon,ignore,republican,580,1000
11/05/1996,MN,Chippewa,ignore,democrat,420,1000
11/05/1996,MN,Chippewa,ignore,republican,580,1000
11/05/1996,KY,McCracken,ignore,democrat,420,1000
11/05/1996,KY,McCracken,ignore,republican,580,1000
11/05/1996,UT,Davis,ignore,democrat,420,1000
11/05/1996,UT,Davis,ignore,republican,580,1000
11/05/1996,VA,Albemarle,ignore,democrat,580,1000
11/05/1996,VA,Albemarle,ignore,republican,420,1000
11/05/1996,MT,Gallatin,ignore,democrat,580,1000
11/05/1996,MT,Gallatin,ignore,republican,420,1000
11/05/1996,WI,Marinette,ignore,democrat,420,1000
11/05/1996,WI,Marinette,ignore,republican,580,1000
11/05/1996,MT,Big_Horn,ignore,democrat,580,1000
11/05/1996,MT,Big_Horn,ignore,republican,420,1000
11/05/1996,CA,Amador,ignore,democrat,470,1000
11/05/1996,CA,Amador,ignore,republican,530,1000
11/05/1996,TX,Cherokee,ignore,democrat,420,1000
11/05/1996,TX,Cherokee,ignore,republican,580,1000
11/05/1996,MO,McDonald,ignore,democrat,420,1000
11/05/1996,MO,McDonald,ignore,republican,580,1000
11/05/1996,PA,Mifflin,ignore,democrat,420,1000
11/05/1996,PA,Mifflin,ignore,republican,580,1000
11/05/1996,LA,Washington,ignore,democrat,420,1000
11/05/1996,LA,Washington,ignore,republican,580,1000
11/05/1996,ND,Williams,ignore,democrat,420,1000
11/05/1996,ND,Williams,ignore,republican,580,1000
11/05/1996,NC,Cumberland,ignore,democrat,580,1000
11/05/1996,NC,Cumberland,ignore,republican,420,1000
11/05/1996,KY,Marshall,ignore,democrat,420,1000
11/05/1996,KY,Marshall,ignore,republican,580,1000
11/05/1996,MI,Kent,ignore,democrat,580,1000
11/05/1996,MI,Kent,ignore,republican,420,1000
11/05/1996,MI,Keweenaw,ignore,democrat,530,1000
11/05/1996,MI,Keweenaw,ignore,republican,470,1000
11/05/1996,MN,Houston,ignore,democrat,490,1000
11/05/1996,MN,Houston,ignore,republican,510,1000
11/05/1996,SC,Horry,ignore,democrat,470,1000
11/05/1996,SC,Horry,ignore,republican,530,1000
11/05/1996,MT,Jefferson,ignore,democrat,420,1000
11/05/1996,MT,Jefferson,ignore,republican,580,1000
11/05/1996,TN,Sevier,ignore,democrat,420,1000
11/05/1996,TN,Sevier,ignore,republican,580,1000
11/05/1996,LA,Bossier,ignore,democrat,420,1000
11/05/1996,LA,Bossier,ignore,republican,580,1000
11/05/1996,NM,Catron,ignore,democrat,420,1000
11/05/1996,NM,Catron,ignore,republican,580,1000
11/05/1996,KY,Fulton,ignore,democrat,420,1000
11/05/1996,KY,Fulton,ignore,republican,580,1000
11/05/1996,NM,San_Juan,ignore,democrat,470,1000
11/05/1996,NM,San_Juan,ignore,republican,530,1000
11/05/1996,MD,Caroline,ignore,democrat,420,1000
11/05/1996,MD,Caroline,ignore,republican,580,1000
11/05/1996,MO,Marion,ignore,democrat,420,1000
11/05/1996,MO,Marion,ignore,republican,580,1000
11/05/1996,TN,McMinn,ignore,democrat,420,1000
11/05/1996,TN,McMinn,ignore,republican,580,1000
11/05/1996,VA,Prince_George,ignore,democrat,470,1000
11/05/1996,VA,Prince_George,ignore,republican,530,1000
11/05/1996,LA,Lafayette,ignore,democrat,420,1000
11/05/1996,LA,Lafayette,ignore,republican,580,1000
11/05/1996,PA,Northampton,ignore,democrat,530,1000
11/05/1996,PA,Northampton,ignore,republican,470,1000
11/05/1996,UT,Salt_Lake,ignore,democrat,580,1000
11/05/1996,UT,Salt_Lake,ignore,republican,420,1000
11/05/1996,MI,Mason,ignore,democrat,420,1000
11/05/1996,MI,Mason,ignore,republican,580,1000
11/05/1996,WV,Roane,ignore,democrat,420,1000
11/05/1996,WV,Roane,ignore,republican,580,1000
11/05/1996,WV,Summers,ignore,democrat,420,1000
11/05/1996,WV,Summers,ignore,republican,580,1000
11/05/1996,NC,Wilkes,ignore,democrat,420,1000
11/05/1996,NC,Wilkes,ignore,republican,580,1000
11/05/1996,WI,Dodge,ignore,democrat,420,1000
11/05/1996,WI,Dodge,ignore,republican,580,1000
11/05/1996,TX,Tarrant,ignore,democrat,530,1000
11/05/1996,TX,Tarrant,ignore,republican,470,1000
11/05/1996,MT,Meagher,ignore,democrat,420,1000
11/05/1996,MT,Meagher,ignore,republican,580,1000
11/05/1996,AR,Miller,ignore,democrat,470,1000
11/05/1996,AR,Miller,ignore,republican,530,1000
11/05/1996,TN,Washington,ignore,democrat,420,1000
11/05/1996,TN,Washington,ignore,republican,580,1000
11/05/1996,ID,Payette,ignore,democrat,420,1000
11/05/1996,ID,Payette,ignore,republican,580,1000
11/05/1996,IL,Macon,ignore,democrat,470,1000
11/05/1996,IL,Macon,ignore,republican,530,1000
11/05/1996,LA,Red_River,ignore,democrat,420,1000
11/05/1996,LA,Red_River,ignore,republican,580,1000
11/05/1996,NC,Edgecombe,ignore,democrat,580,1000
11/05/1996,NC,Edgecombe,ignore,republican,420,1000
11/05/1996,MD,Cecil,ignore,democrat,420,1000
11/05/1996,MD,Cecil,ignore,republican,580,1000
11/05/1996,IL,Madison,ignore,democrat,510,1000
11/05/1996,IL,Madison,ignore,republican,490,1000
11/05/1996,LA,Union,ignore,democrat,420,1000
11/05/1996,LA,Union,ignore,republican,580,1000
11/05/1996,NC,Yancey,ignore,democrat,420,1000
11/05/1996,NC,Yancey,ignore,republican,580,1000
11/05/1996,NY,Bronx,ignore,democrat,580,1000
11/05/1996,NY,Bronx,ignore,republican,420,1000
11/05/1996,ME,Washington,ignore,democrat,530,1000
11/05/1996,ME,Washington,ignore,republican,470,1000
11/05/1996,TX,Briscoe,ignore,democrat,420,1000
11/05/1996,TX,Briscoe,ignore,republican,580,1000
11/05/1996,WI,Green_Lake,ignore,democrat,420,1000
11/05/1996,WI,Green_Lake,ignore,republican,580,1000
11/05/1996,MN,Dodge,ignore,democrat,470,1000
11/05/1996,MN,Dodge,ignore,republican,530,1000
11/05/1996,MI,Muskegon,ignore,democrat,530,1000
11/05/1996,MI,Muskegon,ignore,republican,470,1000
11/05/1996,KY,Owsley,ignore,democrat,420,1000
11/05/1996,KY,Owsley,ignore,republican,580,1000
11/05/1996,MI,Oceana,ignore,democrat,420,1000
11/05/1996,MI,Oceana,ignore,republican,580,1000
11/05/1996,NC,Moore,ignore,democrat,420,1000
11/05/1996,NC,Moore,ignore,republican,580,1000
11/05/1996,TN,Sumner,ignore,democrat,420,1000
11/05/1996,TN,Sumner,ignore,republican,580,1000
11/05/1996,KY,Todd,ignore,democrat,420,1000
11/05/1996,KY,Todd,ignore,republican,580,1000
11/05/1996,KY,Trigg,ignore,democrat,420,1000
11/05/1996,KY,Trigg,ignore,republican,580,1000
11/05/1996,TN,Wayne,ignore,democrat,420,1000
11/05/1996,TN,Wayne,ignore,republican,580,1000
11/05/1996,TN,Weakley,ignore,democrat,420,1000
11/05/1996,TN,Weakley,ignore,republican,580,1000
11/05/1996,TX,Brooks,ignore,democrat,420,1000
11/05/1996,TX,Brooks,ignore,republican,580,1000
11/05/1996,TN,Williamson,ignore,democrat,490,1000
11/05/1996,TN,Williamson,ignore,republican,510,1000
11/05/1996,WY,Johnson,ignore,democrat,420,1000
11/05/1996,WY,Johnson,ignore,republican,580,1000
11/05/1996,WI,Polk,ignore,democrat,420,1000
11/05/1996,WI,Polk,ignore,republican,580,1000
11/05/1996,TN,Meigs,ignore,democrat,420,1000
11/05/1996,TN,Meigs,ignore,republican,580,1000
11/05/1996,IL,Massac,ignore,democrat,420,1000
11/05/1996,IL,Massac,ignore,republican,580,1000
11/05/1996,MD,Dorchester,ignore,democrat,530,1000
11/05/1996,MD,Dorchester,ignore,republican,470,1000
11/05/1996,CA,Santa_Clara,ignore,democrat,580,1000
11/05/1996,CA,Santa_Clara,ignore,republican,420,1000
11/05/1996,NY,Clinton,ignore,democrat,530,1000
11/05/1996,NY,Clinton,ignore,republican,470,1000
11/05/1996,PA,Dauphin,ignore,democrat,530,1000
11/05/1996,PA,Dauphin,ignore,republican,470,1000
11/05/1996,MT,Granite,ignore,democrat,470,1000
11/05/1996,MT,Granite,ignore,republican,530,1000
11/05/1996,MI,Van_Buren,ignore,democrat,530,1000
11/05/1996,MI,Van_Buren,ignore,republican,470,1000
11/05/1996,IL,Edgar,ignore,democrat,420,1000
11/05/1996,IL,Edgar,ignore,republican,580,1000
11/05/1996,IL,Hancock,ignore,democrat,470,1000
11/05/1996,IL,Hancock,ignore,republican,530,1000
11/05/1996,MN,Big_Stone,ignore,democrat,490,1000
11/05/1996,MN,Big_Stone,ignore,republican,510,1000
11/05/1996,CA,Calaveras,ignore,democrat,470,1000
11/05/1996,CA,Calaveras,ignore,republican,530,1000
11/05/1996,SC,Orangeburg,ignore,democrat,580,1000
11/05/1996,SC,Orangeburg,ignore,republican,420,1000
11/05/1996,WY,Teton,ignore,democrat,420,1000
11/05/1996,WY,Teton,ignore,republican,580,1000
11/05/1996,SC,Pickens,ignore,democrat,470,1000
11/05/1996,SC,Pickens,ignore,republican,530,1000
11/05/1996,NC,Pitt,ignore,democrat,530,1000
11/05/1996,NC,Pitt,ignore,republican,470,1000
11/05/1996,TN,Overton,ignore,democrat,420,1000
11/05/1996,TN,Overton,ignore,republican,580,1000
11/05/1996,MD,Talbot,ignore,democrat,490,1000
11/05/1996,MD,Talbot,ignore,republican,510,1000
11/05/1996,TN,Polk,ignore,democrat,420,1000
11/05/1996,TN,Polk,ignore,republican,580,1000
11/05/1996,NC,Rowan,ignore,democrat,420,1000
11/05/1996,NC,Rowan,ignore,republican,580,1000
11/05/1996,KY,Anderson,ignore,democrat,420,1000
11/05/1996,KY,Anderson,ignore,republican,580,1000
11/05/1996,NM,Doma_Ana,ignore,democrat,580,1000
11/05/1996,NM,Doma_Ana,ignore,republican,420,1000
11/05/1996,NJ,Mercer,ignore,democrat,580,1000
11/05/1996,NJ,Mercer,ignore,republican,420,1000
11/05/1996,ND,McIntosh,ignore,democrat,420,1000
11/05/1996,ND,McIntosh,ignore,republican,580,1000
11/05/1996,NM,Grant,ignore,democrat,580,1000
11/05/1996,NM,Grant,ignore,republican,420,1000
11/05/1996,KY,Bell,ignore,democrat,420,1000
11/05/1996,KY,Bell,ignore,republican,580,1000
11/05/1996,NC,Davidson,ignore,democrat,420,1000
11/05/1996,NC,Davidson,ignore,republican,580,1000
11/05/1996,ME,Cumberland,ignore,democrat,580,1000
11/05/1996,ME,Cumberland,ignore,republican,420,1000
11/05/1996,MN,Brown,ignore,democrat,470,1000
11/05/1996,MN,Brown,ignore,republican,530,1000
11/05/1996,SC,Richland,ignore,democrat,580,1000
11/05/1996,SC,Richland,ignore,republican,420,1000
11/05/1996,VA,Fluvanna,ignore,democrat,503,1000
11/05/1996,VA,Fluvanna,ignore,republican,497,1000
11/05/1996,SC,Union,ignore,democrat,420,1000
11/05/1996,SC,Union,ignore,republican,580,1000
11/05/1996,WY,Sheridan,ignore,democrat,420,1000
11/05/1996,WY,Sheridan,ignore,republican,580,1000
11/05/1996,VA,Henry,ignore,democrat,420,1000
11/05/1996,VA,Henry,ignore,republican,580,1000
11/05/1996,KY,Boone,ignore,democrat,420,1000
11/05/1996,KY,Boone,ignore,republican,580,1000
11/05/1996,MS,Lee,ignore,democrat,420,1000
11/05/1996,MS,Lee,ignore,republican,580,1000
11/05/1996,IN,Wayne,ignore,democrat,420,1000
11/05/1996,IN,Wayne,ignore,republican,580,1000
11/05/1996,IL,Lawrence,ignore,democrat,420,1000
11/05/1996,IL,Lawrence,ignore,republican,580,1000
11/05/1996,LA,Vernon,ignore,democrat,420,1000
11/05/1996,LA,Vernon,ignore,republican,580,1000
11/05/1996,NE,Lincoln,ignore,democrat,420,1000
11/05/1996,NE,Lincoln,ignore,republican,580,1000
11/05/1996,MI,Charlevoix,ignore,democrat,470,1000
11/05/1996,MI,Charlevoix,ignore,republican,530,1000
11/05/1996,WI,Lafayette,ignore,democrat,490,1000
11/05/1996,WI,Lafayette,ignore,republican,510,1000
11/05/1996,NY,Kings,ignore,democrat,580,1000
11/05/1996,NY,Kings,ignore,republican,420,1000
11/05/1996,VA,Scott,ignore,democrat,420,1000
11/05/1996,VA,Scott,ignore,republican,580,1000
11/05/1996,OH,Henry,ignore,democrat,470,1000
11/05/1996,OH,Henry,ignore,republican,530,1000
11/05/1996,KY,Boyd,ignore,democrat,470,1000
11/05/1996,KY,Boyd,ignore,republican,530,1000
11/05/1996,OK,Garfield,ignore,democrat,420,1000
11/05/1996,OK,Garfield,ignore,republican,580,1000
11/05/1996,OK,Kingfisher,ignore,democrat,420,1000
11/05/1996,OK,Kingfisher,ignore,republican,580,1000
11/05/1996,OK,Noble,ignore,democrat,420,1000
11/05/1996,OK,Noble,ignore,republican,580,1000
11/05/1996,KY,Breckinridge,ignore,democrat,420,1000
11/05/1996,KY,Breckinridge,ignore,republican,580,1000
11/05/1996,OR,Morrow,ignore,democrat,470,1000
11/05/1996,OR,Morrow,ignore,republican,530,1000
11/05/1996,PA,Blair,ignore,democrat,420,1000
11/05/1996,PA,Blair,ignore,republican,580,1000
11/05/1996,WA,Asotin,ignore,democrat,490,1000
11/05/1996,WA,Asotin,ignore,republican,510,1000
11/05/1996,OR,Washington,ignore,democrat,580,1000
11/05/1996,OR,Washington,ignore,republican,420,1000
11/05/1996,WI,Waukesha,ignore,democrat,530,1000
11/05/1996,WI,Waukesha,ignore,republican,470,1000
11/05/1996,SC,Williamsburg,ignore,democrat,580,1000
11/05/1996,SC,Williamsburg,ignore,republican,420,1000
11/05/1996,MO,Butler,ignore,democrat,420,1000
11/05/1996,MO,Butler,ignore,republican,580,1000
11/05/1996,ID,Bonner,ignore,democrat,420,1000
11/05/1996,ID,Bonner,ignore,republican,580,1000
11/05/1996,IL,Alexander,ignore,democrat,530,1000
11/05/1996,IL,Alexander,ignore,republican,470,1000
11/05/1996,IN,Gibson,ignore,democrat,420,1000
11/05/1996,IN,Gibson,ignore,republican,580,1000
11/05/1996,OK,Texas,ignore,democrat,420,1000
11/05/1996,OK,Texas,ignore,republican,580,1000
11/05/1996,MO,New_Madrid,ignore,democrat,470,1000
11/05/1996,MO,New_Madrid,ignore,republican,530,1000
11/05/1996,NC,Buncombe,ignore,democrat,580,1000
11/05/1996,NC,Buncombe,ignore,republican,420,1000
11/05/1996,TX,Fannin,ignore,democrat,420,1000
11/05/1996,TX,Fannin,ignore,republican,580,1000
11/05/1996,SD,Lincoln,ignore,democrat,470,1000
11/05/1996,SD,Lincoln,ignore,republican,530,1000
11/05/1996,TN,Obion,ignore,democrat,420,1000
11/05/1996,TN,Obion,ignore,republican,580,1000
11/05/1996,KY,Ballard,ignore,democrat,420,1000
11/05/1996,KY,Ballard,ignore,republican,580,1000
11/05/1996,TX,Burnet,ignore,democrat,420,1000
11/05/1996,TX,Burnet,ignore,republican,580,1000
11/05/1996,OR,Lane,ignore,democrat,580,1000
11/05/1996,OR,Lane,ignore,republican,420,1000
11/05/1996,MA,Hampden,ignore,democrat,580,1000
11/05/1996,MA,Hampden,ignore,republican,420,1000
11/05/1996,MO,Carroll,ignore,democrat,420,1000
11/05/1996,MO,Carroll,ignore,republican,580,1000
11/05/1996,VA,Mecklenburg,ignore,democrat,470,1000
11/05/1996,VA,Mecklenburg,ignore,republican,530,1000
11/05/1996,WI,Kewaunee,ignore,democrat,470,1000
11/05/1996,WI,Kewaunee,ignore,republican,530,1000
11/05/1996,TN,Coffee,ignore,democrat,420,1000
11/05/1996,TN,Coffee,ignore,republican,580,1000
11/05/1996,IA,Jasper,ignore,democrat,490,1000
11/05/1996,IA,Jasper,ignore,republican,510,1000
11/05/1996,ID,Camas,ignore,democrat,420,1000
11/05/1996,ID,Camas,ignore,republican,580,1000
11/05/1996,WI,Winnebago,ignore,democrat,530,1000
11/05/1996,WI,Winnebago,ignore,republican,470,1000
11/05/1996,IN,Warren,ignore,democrat,420,1000
11/05/1996,IN,Warren,ignore,republican,580,1000
11/05/1996,LA,Beauregard,ignore,democrat,420,1000
11/05/1996,LA,Beauregard,ignore,republican,580,1000
11/05/1996,MD,St_Mary_s,ignore,democrat,470,1000
11/05/1996,MD,St_Mary_s,ignore,republican,530,1000
11/05/1996,MS,Prentiss,ignore,democrat,420,1000
11/05/1996,MS,Prentiss,ignore,republican,580,1000
11/05/1996,MS,Tallahatchie,ignore,democrat,530,1000
11/05/1996,MS,Tallahatchie,ignore,republican,470,1000
11/05/1996,NJ,Burlington,ignore,democrat,580,1000
11/05/1996,NJ,Burlington,ignore,republican,420,1000
11/05/1996,MT,Phillips,ignore,democrat,470,1000
11/05/1996,MT,Phillips,ignore,republican,530,1000
11/05/1996,VT,Addison,ignore,democrat,580,1000
11/05/1996,VT,Addison,ignore,republican,420,1000
11/05/1996,VT,Bennington,ignore,democrat,580,1000
11/05/1996,VT,Bennington,ignore,republican,420,1000
11/05/1996,VA,Norfolk,ignore,democrat,580,1000
11/05/1996,VA,Norfolk,ignore,republican,420,1000
11/05/1996,NC,Northampton,ignore,democrat,580,1000
11/05/1996,NC,Northampton,ignore,republican,420,1000
11/05/1996,OR,Tillamook,ignore,democrat,530,1000
11/05/1996,OR,Tillamook,ignore,republican,470,1000
11/05/1996,MT,Custer,ignore,democrat,420,1000
11/05/1996,MT,Custer,ignore,republican,580,1000
11/05/1996,MT,Silver_Bow,ignore,democrat,580,1000
11/05/1996,MT,Silver_Bow,ignore,republican,420,1000
11/05/1996,IL,Cass,ignore,democrat,420,1000
11/05/1996,IL,Cass,ignore,republican,580,1000
11/05/1996,IA,Calhoun,ignore,democrat,470,1000
11/05/1996,IA,Calhoun,ignore,republican,530,1000
11/05/1996,KS,Barton,ignore,democrat,420,1000
11/05/1996,KS,Barton,ignore,republican,580,1000
11/05/1996,KS,Wabaunsee,ignore,democrat,420,1000
11/05/1996,KS,Wabaunsee,ignore,republican,580,1000
11/05/1996,LA,Acadia,ignore,democrat,420,1000
11/05/1996,LA,Acadia,ignore,republican,580,1000
11/05/1996,MI,Ingham,ignore,democrat,580,1000
11/05/1996,MI,Ingham,ignore,republican,420,1000
11/05/1996,GA,Monroe,ignore,democrat,420,1000
11/05/1996,GA,Monroe,ignore,republican,580,1000
11/05/1996,NY,Orleans,ignore,democrat,420,1000
11/05/1996,NY,Orleans,ignore,republican,580,1000
11/05/1996,NC,Stanly,ignore,democrat,420,1000
11/05/1996,NC,Stanly,ignore,republican,580,1000
11/05/1996,NY,Allegany,ignore,democrat,420,1000
11/05/1996,NY,Allegany,ignore,republican,580,1000
11/05/1996,IL,Vermilion,ignore,democrat,420,1000
11/05/1996,IL,Vermilion,ignore,republican,580,1000
11/05/1996,IL,Jackson,ignore,democrat,530,1000
11/05/1996,IL,Jackson,ignore,republican,470,1000
11/05/1996,KY,Meade,ignore,democrat,420,1000
11/05/1996,KY,Meade,ignore,republican,580,1000
11/05/1996,KY,Oldham,ignore,democrat,420,1000
11/05/1996,KY,Oldham,ignore,republican,580,1000
11/05/1996,WA,Pacific,ignore,democrat,530,1000
11/05/1996,WA,Pacific,ignore,republican,470,1000
11/05/1996,WI,Grant,ignore,democrat,510,1000
11/05/1996,WI,Grant,ignore,republican,490,1000
11/05/1996,AR,Conway,ignore,democrat,420,1000
11/05/1996,AR,Conway,ignore,republican,580,1000
11/05/1996,IL,Jersey,ignore,democrat,420,1000
11/05/1996,IL,Jersey,ignore,republican,580,1000
11/05/1996,UT,Kane,ignore,democrat,420,1000
11/05/1996,UT,Kane,ignore,republican,580,1000
11/05/1996,VA,Wise,ignore,democrat,420,1000
11/05/1996,VA,Wise,ignore,republican,580,1000
11/05/1996,NM,Colfax,ignore,democrat,510,1000
11/05/1996,NM,Colfax,ignore,republican,490,1000
11/05/1996,NC,Catawba,ignore,democrat,420,1000
11/05/1996,NC,Catawba,ignore,republican,580,1000
11/05/1996,OH,Clark,ignore,democrat,470,1000
11/05/1996,OH,Clark,ignore,republican,530,1000
11/05/1996,NE,Custer,ignore,democrat,420,1000
11/05/1996,NE,Custer,ignore,republican,580,1000
11/05/1996,PA,Luzerne,ignore,democrat,530,1000
11/05/1996,PA,Luzerne,ignore,republican,470,1000
11/05/1996,PA,Juniata,ignore,democrat,420,1000
11/05/1996,PA,Juniata,ignore,republican,580,1000
11/05/1996,PA,Schuylkill,ignore,democrat,470,1000
11/05/1996,PA,Schuylkill,ignore,republican,530,1000
11/05/1996,TN,Roane,ignore,democrat,420,1000
11/05/1996,TN,Roane,ignore,republican,580,1000
11/05/1996,KY,Rockcastle,ignore,democrat,420,1000
11/05/1996,KY,Rockcastle,ignore,republican,580,1000
11/05/1996,MD,Calvert,ignore,democrat,470,1000
11/05/1996,MD,Calvert,ignore,republican,530,1000
11/05/1996,MD,Carroll,ignore,democrat,420,1000
11/05/1996,MD,Carroll,ignore,republican,580,1000
11/05/1996,MA,Worcester,ignore,democrat,580,1000
11/05/1996,MA,Worcester,ignore,republican,420,1000
11/05/1996,KY,Pike,ignore,democrat,420,1000
11/05/1996,KY,Pike,ignore,republican,580,1000
11/05/1996,LA,DeSoto,ignore,democrat,420,1000
11/05/1996,LA,DeSoto,ignore,republican,580,1000
11/05/1996,MD,Worcester,ignore,democrat,420,1000
11/05/1996,MD,Worcester,ignore,republican,580,1000
11/05/1996,MI,Antrim,ignore,democrat,420,1000
11/05/1996,MI,Antrim,ignore,republican,580,1000
11/05/1996,WV,Berkeley,ignore,democrat,470,1000
11/05/1996,WV,Berkeley,ignore,republican,530,1000
11/05/1996,AR,Hot_Spring,ignore,democrat,420,1000
11/05/1996,AR,Hot_Spring,ignore,republican,580,1000
11/05/1996,GA,Paulding,ignore,democrat,470,1000
11/05/1996,GA,Paulding,ignore,republican,530,1000
11/05/1996,IL,Champaign,ignore,democrat,580,1000
11/05/1996,IL,Champaign,ignore,republican,420,1000
11/05/1996,IL,Woodford,ignore,democrat,420,1000
11/05/1996,IL,Woodford,ignore,republican,580,1000
11/05/1996,IL,Macoupin,ignore,democrat,420,1000
11/05/1996,IL,Macoupin,ignore,republican,580,1000
11/05/1996,IL,Perry,ignore,democrat,420,1000
11/05/1996,IL,Perry,ignore,republican,580,1000
11/05/1996,IA,Hancock,ignore,democrat,510,1000
11/05/1996,IA,Hancock,ignore,republican,490,1000
11/05/1996,TN,Sequatchie,ignore,democrat,420,1000
11/05/1996,TN,Sequatchie,ignore,republican,580,1000
11/05/1996,TX,Liberty,ignore,democrat,420,1000
11/05/1996,TX,Liberty,ignore,republican,580,1000
11/05/1996,TX,Duval,ignore,democrat,470,1000
11/05/1996,TX,Duval,ignore,republican,530,1000
11/05/1996,TX,Garza,ignore,democrat,420,1000
11/05/1996,TX,Garza,ignore,republican,580,1000
11/05/1996,TX,Bee,ignore,democrat,420,1000
11/05/1996,TX,Bee,ignore,republican,580,1000
11/05/1996,UT,Weber,ignore,democrat,420,1000
11/05/1996,UT,Weber,ignore,republican,580,1000
11/05/1996,VA,Prince_Edward,ignore,democrat,530,1000
11/05/1996,VA,Prince_Edward,ignore,republican,470,1000
11/05/1996,WI,Outagamie,ignore,democrat,530,1000
11/05/1996,WI,Outagamie,ignore,republican,470,1000
11/05/1996,WI,Portage,ignore,democrat,530,1000
11/05/1996,WI,Portage,ignore,republican,470,1000
11/05/1996,MN,Wilkin,ignore,democrat,470,1000
11/05/1996,MN,Wilkin,ignore,republican,530,1000
11/05/1996,MS,Simpson,ignore,democrat,420,1000
11/05/1996,MS,Simpson,ignore,republican,580,1000
11/05/1996,MS,Attala,ignore,democrat,420,1000
11/05/1996,MS,Attala,ignore,republican,580,1000
11/05/1996,MS,Leake,ignore,democrat,420,1000
11/05/1996,MS,Leake,ignore,republican,580,1000
11/05/1996,MS,Monroe,ignore,democrat,420,1000
11/05/1996,MS,Monroe,ignore,republican,580,1000
11/05/1996,MS,Copiah,ignore,democrat,420,1000
11/05/1996,MS,Copiah,ignore,republican,580,1000
11/05/1996,MN,Cass,ignore,democrat,420,1000
11/05/1996,MN,Cass,ignore,republican,580,1000
11/05/1996,NE,Cass,ignore,democrat,420,1000
11/05/1996,NE,Cass,ignore,republican,580,1000
11/05/1996,MN,Carver,ignore,democrat,530,1000
11/05/1996,MN,Carver,ignore,republican,470,1000
11/05/1996,NC,Union,ignore,democrat,470,1000
11/05/1996,NC,Union,ignore,republican,530,1000
11/05/1996,KY,Grayson,ignore,democrat,420,1000
11/05/1996,KY,Grayson,ignore,republican,580,1000
11/05/1996,KY,Fayette,ignore,democrat,580,1000
11/05/1996,KY,Fayette,ignore,republican,420,1000
11/05/1996,MI,Lapeer,ignore,democrat,420,1000
11/05/1996,MI,Lapeer,ignore,republican,580,1000
11/05/1996,MO,Audrain,ignore,democrat,420,1000
11/05/1996,MO,Audrain,ignore,republican,580,1000
11/05/1996,GA,Greene,ignore,democrat,420,1000
11/05/1996,GA,Greene,ignore,republican,580,1000
11/05/1996,NY,Seneca,ignore,democrat,490,1000
11/05/1996,NY,Seneca,ignore,republican,510,1000
11/05/1996,NC,Wake,ignore,democrat,580,1000
11/05/1996,NC,Wake,ignore,republican,420,1000
11/05/1996,OH,Coshocton,ignore,democrat,420,1000
11/05/1996,OH,Coshocton,ignore,republican,580,1000
11/05/1996,CA,San_Benito,ignore,democrat,580,1000
11/05/1996,CA,San_Benito,ignore,republican,420,1000
11/05/1996,FL,Marion,ignore,democrat,490,1000
11/05/1996,FL,Marion,ignore,republican,510,1000
11/05/1996,GA,Gilmer,ignore,democrat,420,1000
11/05/1996,GA,Gilmer,ignore,republican,580,1000
11/05/1996,ID,Lewis,ignore,democrat,470,1000
11/05/1996,ID,Lewis,ignore,republican,530,1000
11/05/1996,IL,Lee,ignore,democrat,470,1000
11/05/1996,IL,Lee,ignore,republican,530,1000
11/05/1996,IL,Clark,ignore,democrat,420,1000
11/05/1996,IL,Clark,ignore,republican,580,1000
11/05/1996,NJ,Camden,ignore,democrat,580,1000
11/05/1996,NJ,Camden,ignore,republican,420,1000
11/05/1996,NC,Haywood,ignore,democrat,420,1000
11/05/1996,NC,Haywood,ignore,republican,580,1000
11/05/1996,PA,Philadelphia,ignore,democrat,580,1000
11/05/1996,PA,Philadelphia,ignore,republican,420,1000
11/05/1996,NV,Lander,ignore,democrat,420,1000
11/05/1996,NV,Lander,ignore,republican,580,1000
11/05/1996,OK,Choctaw,ignore,democrat,420,1000
11/05/1996,OK,Choctaw,ignore,republican,580,1000
11/05/1996,PA,Tioga,ignore,democrat,420,1000
11/05/1996,PA,Tioga,ignore,republican,580,1000
11/05/1996,NM,Cibola,ignore,democrat,530,1000
11/05/1996,NM,Cibola,ignore,republican,470,1000
11/05/1996,VA,Poquoson,ignore,democrat,470,1000
11/05/1996,VA,Poquoson,ignore,republican,530,1000
11/05/1996,OK,Payne,ignore,democrat,420,1000
11/05/1996,OK,Payne,ignore,republican,580,1000
11/05/1996,PA,Cumberland,ignore,democrat,530,1000
11/05/1996,PA,Cumberland,ignore,republican,470,1000
11/05/1996,PA,Cambria,ignore,democrat,420,1000
11/05/1996,PA,Cambria,ignore,republican,580,1000
11/05/1996,TN,Carroll,ignore,democrat,420,1000
11/05/1996,TN,Carroll,ignore,republican,580,1000
11/05/1996,TX,Bastrop,ignore,democrat,490,1000
11/05/1996,TX,Bastrop,ignore,republican,510,1000
11/05/1996,TX,Mitchell,ignore,democrat,420,1000
11/05/1996,TX,Mitchell,ignore,republican,580,1000
11/05/1996,TX,Anderson,ignore,democrat,420,1000
11/05/1996,TX,Anderson,ignore,republican,580,1000
11/05/1996,VA,Manassas,ignore,democrat,580,1000
11/05/1996,VA,Manassas,ignore,republican,420,1000
11/05/1996,IN,Pike,ignore,democrat,420,1000
11/05/1996,IN,Pike,ignore,republican,580,1000
11/05/1996,CO,Gilpin,ignore,democrat,580,1000
11/05/1996,CO,Gilpin,ignore,republican,420,1000
11/05/1996,KY,Taylor,ignore,democrat,420,1000
11/05/1996,KY,Taylor,ignore,republican,580,1000
11/05/1996,KY,Hart,ignore,democrat,420,1000
11/05/1996,KY,Hart,ignore,republican,580,1000
11/05/1996,LA,Evangeline,ignore,democrat,420,1000
11/05/1996,LA,Evangeline,ignore,republican,580,1000
11/05/1996,LA,Jefferson_Davis,ignore,democrat,420,1000
11/05/1996,LA,Jefferson_Davis,ignore,republican,580,1000
11/05/1996,GA,Putnam,ignore,democrat,420,1000
11/05/1996,GA,Putnam,ignore,republican,580,1000
11/05/1996,GA,Banks,ignore,democrat,420,1000
11/05/1996,GA,Banks,ignore,republican,580,1000
11/05/1996,MT,Yellowstone,ignore,democrat,470,1000
11/05/1996,MT,Yellowstone,ignore,republican,530,1000
11/05/1996,MO,Dunklin,ignore,democrat,420,1000
11/05/1996,MO,Dunklin,ignore,republican,580,1000
11/05/1996,TX,Bowie,ignore,democrat,420,1000
11/05/1996,TX,Bowie,ignore,republican,580,1000
11/05/1996,VA,Bristol,ignore,democrat,420,1000
11/05/1996,VA,Bristol,ignore,republican,580,1000
11/05/1996,WV,Brooke,ignore,democrat,470,1000
11/05/1996,WV,Brooke,ignore,republican,530,1000
11/05/1996,CA,Kern,ignore,democrat,470,1000
11/05/1996,CA,Kern,ignore,republican,530,1000
11/05/1996,CO,Clear_Creek,ignore,democrat,580,1000
11/05/1996,CO,Clear_Creek,ignore,republican,420,1000
11/05/1996,GA,Jackson,ignore,democrat,420,1000
11/05/1996,GA,Jackson,ignore,republican,580,1000
11/05/1996,GA,Gordon,ignore,democrat,420,1000
11/05/1996,GA,Gordon,ignore,republican,580,1000
11/05/1996,IL,Logan,ignore,democrat,470,1000
11/05/1996,IL,Logan,ignore,republican,530,1000
11/05/1996,IN,Jennings,ignore,democrat,420,1000
11/05/1996,IN,Jennings,ignore,republican,580,1000
11/05/1996,VA,Shenandoah,ignore,democrat,420,1000
11/05/1996,VA,Shenandoah,ignore,republican,580,1000
11/05/1996,WI,Fond_du_Lac,ignore,democrat,470,1000
11/05/1996,WI,Fond_du_Lac,ignore,republican,530,1000
11/05/1996,GA,Treutlen,ignore,democrat,420,1000
11/05/1996,GA,Treutlen,ignore,republican,580,1000
11/05/1996,NC,Wilson,ignore,democrat,510,1000
11/05/1996,NC,Wilson,ignore,republican,490,1000
11/05/1996,OH,Butler,ignore,democrat,420,1000
11/05/1996,OH,Butler,ignore,republican,580,1000
11/05/1996,OH,Marion,ignore,democrat,420,1000
11/05/1996,OH,Marion,ignore,republican,580,1000
11/05/1996,NE,Nance,ignore,democrat,420,1000
11/05/1996,NE,Nance,ignore,republican,580,1000
11/05/1996,PA,Westmoreland,ignore,democrat,490,1000
11/05/1996,PA,Westmoreland,ignore,republican,510,1000
11/05/1996,AL,Etowah,ignore,democrat,420,1000
11/05/1996,AL,Etowah,ignore,republican,580,1000
11/05/1996,WY,Laramie,ignore,democrat,420,1000
11/05/1996,WY,Laramie,ignore,republican,580,1000
11/05/1996,AL,Blount,ignore,democrat,420,1000
11/05/1996,AL,Blount,ignore,republican,580,1000
11/05/1996,AR,Montgomery,ignore,democrat,420,1000
11/05/1996,AR,Montgomery,ignore,republican,580,1000
11/05/1996,CO,Lake,ignore,democrat,530,1000
11/05/1996,CO,Lake,ignore,republican,470,1000
11/05/1996,IL,Mercer,ignore,democrat,490,1000
11/05/1996,IL,Mercer,ignore,republican,510,1000
11/05/1996,IA,Palo_Alto,ignore,democrat,470,1000
11/05/1996,IA,Palo_Alto,ignore,republican,530,1000
11/05/1996,IA,Fayette,ignore,democrat,580,1000
11/05/1996,IA,Fayette,ignore,republican,420,1000
11/05/1996,IN,Johnson,ignore,democrat,420,1000
11/05/1996,IN,Johnson,ignore,republican,580,1000
11/05/1996,KY,Carter,ignore,democrat,420,1000
11/05/1996,KY,Carter,ignore,republican,580,1000
11/05/1996,KY,Casey,ignore,democrat,420,1000
11/05/1996,KY,Casey,ignore,republican,580,1000
11/05/1996,LA,East_Baton_Rouge,ignore,democrat,530,1000
11/05/1996,LA,East_Baton_Rouge,ignore,republican,470,1000
11/05/1996,MO,Madison,ignore,democrat,420,1000
11/05/1996,MO,Madison,ignore,republican,580,1000
11/05/1996,GA,Dooly,ignore,democrat,497,1000
11/05/1996,GA,Dooly,ignore,republican,503,1000
11/05/1996,MO,Gasconade,ignore,democrat,420,1000
11/05/1996,MO,Gasconade,ignore,republican,580,1000
11/05/1996,MO,Wayne,ignore,democrat,420,1000
11/05/1996,MO,Wayne,ignore,republican,580,1000
11/05/1996,SD,Jones,ignore,democrat,420,1000
11/05/1996,SD,Jones,ignore,republican,580,1000
11/05/1996,TX,Hudspeth,ignore,democrat,420,1000
11/05/1996,TX,Hudspeth,ignore,republican,580,1000
11/05/1996,TX,Edwards,ignore,democrat,420,1000
11/05/1996,TX,Edwards,ignore,republican,580,1000
11/05/1996,TX,Floyd,ignore,democrat,420,1000
11/05/1996,TX,Floyd,ignore,republican,580,1000
11/05/1996,TN,Maury,ignore,democrat,420,1000
11/05/1996,TN,Maury,ignore,republican,580,1000
11/05/1996,TN,Houston,ignore,democrat,420,1000
11/05/1996,TN,Houston,ignore,republican,580,1000
11/05/1996,TX,Parker,ignore,democrat,420,1000
11/05/1996,TX,Parker,ignore,republican,580,1000
11/05/1996,KY,Menifee,ignore,democrat,420,1000
11/05/1996,KY,Menifee,ignore,republican,580,1000
11/05/1996,TX,Jones,ignore,democrat,420,1000
11/05/1996,TX,Jones,ignore,republican,580,1000
11/05/1996,UT,Wayne,ignore,democrat,420,1000
11/05/1996,UT,Wayne,ignore,republican,580,1000
11/05/1996,IA,Keokuk,ignore,democrat,470,1000
11/05/1996,IA,Keokuk,ignore,republican,530,1000
11/05/1996,KY,Harrison,ignore,democrat,420,1000
11/05/1996,KY,Harrison,ignore,republican,580,1000
11/05/1996,KY,Woodford,ignore,democrat,510,1000
11/05/1996,KY,Woodford,ignore,republican,490,1000
11/05/1996,KY,Mercer,ignore,democrat,420,1000
11/05/1996,KY,Mercer,ignore,republican,580,1000
11/05/1996,MN,Rice,ignore,democrat,470,1000
11/05/1996,MN,Rice,ignore,republican,530,1000
11/05/1996,NM,Quay,ignore,democrat,420,1000
11/05/1996,NM,Quay,ignore,republican,580,1000
11/05/1996,NM,Hidalgo,ignore,democrat,530,1000
11/05/1996,NM,Hidalgo,ignore,republican,470,1000
11/05/1996,NY,Montgomery,ignore,democrat,470,1000
11/05/1996,NY,Montgomery,ignore,republican,530,1000
11/05/1996,NY,Genesee,ignore,democrat,420,1000
11/05/1996,NY,Genesee,ignore,republican,580,1000
11/05/1996,ID,Power,ignore,democrat,420,1000
11/05/1996,ID,Power,ignore,republican,580,1000
11/05/1996,OH,Licking,ignore,democrat,470,1000
11/05/1996,OH,Licking,ignore,republican,530,1000
11/05/1996,OK,Woods,ignore,democrat,420,1000
11/05/1996,OK,Woods,ignore,republican,580,1000
11/05/1996,OK,Pontotoc,ignore,democrat,420,1000
11/05/1996,OK,Pontotoc,ignore,republican,580,1000
11/05/1996,PA,Union,ignore,democrat,470,1000
11/05/1996,PA,Union,ignore,republican,530,1000
11/05/1996,SC,Lexington,ignore,democrat,470,1000
11/05/1996,SC,Lexington,ignore,republican,530,1000
11/05/1996,TN,Warren,ignore,democrat,420,1000
11/05/1996,TN,Warren,ignore,republican,580,1000
11/05/1996,VA,Rappahannock,ignore,democrat,470,1000
11/05/1996,VA,Rappahannock,ignore,republican,530,1000
11/05/1996,NE,Thomas,ignore,democrat,420,1000
11/05/1996,NE,Thomas,ignore,republican,580,1000
11/05/1996,TX,Sterling,ignore,democrat,420,1000
11/05/1996,TX,Sterling,ignore,republican,580,1000
11/05/1996,AL,Cherokee,ignore,democrat,420,1000
11/05/1996,AL,Cherokee,ignore,republican,580,1000
11/05/1996,AL,Washington,ignore,democrat,420,1000
11/05/1996,AL,Washington,ignore,republican,580,1000
11/05/1996,CA,Sonoma,ignore,democrat,580,1000
11/05/1996,CA,Sonoma,ignore,republican,420,1000
11/05/1996,WV,Greenbrier,ignore,democrat,420,1000
11/05/1996,WV,Greenbrier,ignore,republican,580,1000
11/05/1996,OK,Kiowa,ignore,democrat,420,1000
11/05/1996,OK,Kiowa,ignore,republican,580,1000
11/05/1996,TN,Van_Buren,ignore,democrat,420,1000
11/05/1996,TN,Van_Buren,ignore,republican,580,1000
11/05/1996,NC,Madison,ignore,democrat,420,1000
11/05/1996,NC,Madison,ignore,republican,580,1000
11/05/1996,OH,Logan,ignore,democrat,420,1000
11/05/1996,OH,Logan,ignore,republican,580,1000
11/05/1996,OH,Richland,ignore,democrat,420,1000
11/05/1996,OH,Richland,ignore,republican,580,1000
11/05/1996,OK,Canadian,ignore,democrat,420,1000
11/05/1996,OK,Canadian,ignore,republican,580,1000
11/05/1996,TN,Jefferson,ignore,democrat,420,1000
11/05/1996,TN,Jefferson,ignore,republican,580,1000
11/05/1996,TN,White,ignore,democrat,420,1000
11/05/1996,TN,White,ignore,republican,580,1000
11/05/1996,TN,Marshall,ignore,democrat,420,1000
11/05/1996,TN,Marshall,ignore,republican,580,1000
11/05/1996,TX,Kaufman,ignore,democrat,420,1000
11/05/1996,TX,Kaufman,ignore,republican,580,1000
11/05/1996,WV,Lincoln,ignore,democrat,420,1000
11/05/1996,WV,Lincoln,ignore,republican,580,1000
11/05/1996,WI,Vernon,ignore,democrat,530,1000
11/05/1996,WI,Vernon,ignore,republican,470,1000
11/05/1996,CA,Monterey,ignore,democrat,580,1000
11/05/1996,CA,Monterey,ignore,republican,420,1000
11/05/1996,FL,Duval,ignore,democrat,530,1000
11/05/1996,FL,Duval,ignore,republican,470,1000
11/05/1996,VA,Highland,ignore,democrat,420,1000
11/05/1996,VA,Highland,ignore,republican,580,1000
11/05/1996,NE,Keya_Paha,ignore,democrat,420,1000
11/05/1996,NE,Keya_Paha,ignore,republican,580,1000
11/05/1996,AL,DeKalb,ignore,democrat,420,1000
11/05/1996,AL,DeKalb,ignore,republican,580,1000
11/05/1996,AL,Jackson,ignore,democrat,420,1000
11/05/1996,AL,Jackson,ignore,republican,580,1000
11/05/1996,AZ,Navajo,ignore,democrat,420,1000
11/05/1996,AZ,Navajo,ignore,republican,580,1000
11/05/1996,OR,Josephine,ignore,democrat,420,1000
11/05/1996,OR,Josephine,ignore,republican,580,1000
11/05/1996,SC,Marion,ignore,democrat,580,1000
11/05/1996,SC,Marion,ignore,republican,420,1000
11/05/1996,TN,Stewart,ignore,democrat,420,1000
11/05/1996,TN,Stewart,ignore,republican,580,1000
11/05/1996,TX,Wood,ignore,democrat,420,1000
11/05/1996,TX,Wood,ignore,republican,580,1000
11/05/1996,TX,Willacy,ignore,democrat,470,1000
11/05/1996,TX,Willacy,ignore,republican,530,1000
11/05/1996,SD,Roberts,ignore,democrat,530,1000
11/05/1996,SD,Roberts,ignore,republican,470,1000
11/05/1996,TN,Clay,ignore,democrat,420,1000
11/05/1996,TN,Clay,ignore,republican,580,1000
11/05/1996,TX,Sabine,ignore,democrat,420,1000
11/05/1996,TX,Sabine,ignore,republican,580,1000
11/05/1996,VA,Halifax,ignore,democrat,420,1000
11/05/1996,VA,Halifax,ignore,republican,580,1000
11/05/1996,GA,McIntosh,ignore,democrat,420,1000
11/05/1996,GA,McIntosh,ignore,republican,580,1000
11/05/1996,ID,Bear_Lake,ignore,democrat,420,1000
11/05/1996,ID,Bear_Lake,ignore,republican,580,1000
11/05/1996,IA,Clinton,ignore,democrat,580,1000
11/05/1996,IA,Clinton,ignore,republican,420,1000
11/05/1996,IA,Page,ignore,democrat,420,1000
11/05/1996,IA,Page,ignore,republican,580,1000
11/05/1996,KS,Linn,ignore,democrat,420,1000
11/05/1996,KS,Linn,ignore,republican,580,1000
11/05/1996,KY,Crittenden,ignore,democrat,420,1000
11/05/1996,KY,Crittenden,ignore,republican,580,1000
11/05/1996,FL,Jefferson,ignore,democrat,420,1000
11/05/1996,FL,Jefferson,ignore,republican,580,1000
11/05/1996,GA,Brooks,ignore,democrat,420,1000
11/05/1996,GA,Brooks,ignore,republican,580,1000
11/05/1996,GA,Gwinnett,ignore,democrat,580,1000
11/05/1996,GA,Gwinnett,ignore,republican,420,1000
11/05/1996,TX,Wharton,ignore,democrat,420,1000
11/05/1996,TX,Wharton,ignore,republican,580,1000
11/05/1996,VA,Brunswick,ignore,democrat,580,1000
11/05/1996,VA,Brunswick,ignore,republican,420,1000
11/05/1996,WV,Logan,ignore,democrat,420,1000
11/05/1996,WV,Logan,ignore,republican,580,1000
11/05/1996,WI,Trempealeau,ignore,democrat,490,1000
11/05/1996,WI,Trempealeau,ignore,republican,510,1000
11/05/1996,ND,Adams,ignore,democrat,420,1000
11/05/1996,ND,Adams,ignore,republican,580,1000
11/05/1996,TN,Henderson,ignore,democrat,420,1000
11/05/1996,TN,Henderson,ignore,republican,580,1000
11/05/1996,VA,New_Kent,ignore,democrat,420,1000
11/05/1996,VA,New_Kent,ignore,republican,580,1000
11/05/1996,NE,Deuel,ignore,democrat,420,1000
11/05/1996,NE,Deuel,ignore,republican,580,1000
11/05/1996,AL,Choctaw,ignore,democrat,420,1000
11/05/1996,AL,Choctaw,ignore,republican,580,1000
11/05/1996,AR,Boone,ignore,democrat,420,1000
11/05/1996,AR,Boone,ignore,republican,580,1000
11/05/1996,CA,Contra_Costa,ignore,democrat,580,1000
11/05/1996,CA,Contra_Costa,ignore,republican,420,1000
11/05/1996,LA,Morehouse,ignore,democrat,420,1000
11/05/1996,LA,Morehouse,ignore,republican,580,1000
11/05/1996,ME,Waldo,ignore,democrat,580,1000
11/05/1996,ME,Waldo,ignore,republican,420,1000
11/05/1996,MI,Macomb,ignore,democrat,580,1000
11/05/1996,MI,Macomb,ignore,republican,420,1000
11/05/1996,MT,Mineral,ignore,democrat,470,1000
11/05/1996,MT,Mineral,ignore,republican,530,1000
11/05/1996,OK,Creek,ignore,democrat,420,1000
11/05/1996,OK,Creek,ignore,republican,580,1000
11/05/1996,OK,Custer,ignore,democrat,420,1000
11/05/1996,OK,Custer,ignore,republican,580,1000
11/05/1996,KS,Pratt,ignore,democrat,420,1000
11/05/1996,KS,Pratt,ignore,republican,580,1000
11/05/1996,SC,Laurens,ignore,democrat,420,1000
11/05/1996,SC,Laurens,ignore,republican,580,1000
11/05/1996,TN,Cheatham,ignore,democrat,470,1000
11/05/1996,TN,Cheatham,ignore,republican,530,1000
11/05/1996,TX,Clay,ignore,democrat,420,1000
11/05/1996,TX,Clay,ignore,republican,580,1000
11/05/1996,VA,King_and_Queen,ignore,democrat,490,1000
11/05/1996,VA,King_and_Queen,ignore,republican,510,1000
11/05/1996,NE,Harlan,ignore,democrat,420,1000
11/05/1996,NE,Harlan,ignore,republican,580,1000
11/05/1996,NE,Blaine,ignore,democrat,420,1000
11/05/1996,NE,Blaine,ignore,republican,580,1000
11/05/1996,AZ,Greenlee,ignore,democrat,420,1000
11/05/1996,AZ,Greenlee,ignore,republican,580,1000
11/05/1996,CA,Imperial,ignore,democrat,580,1000
11/05/1996,CA,Imperial,ignore,republican,420,1000
11/05/1996,FL,St_Johns,ignore,democrat,420,1000
11/05/1996,FL,St_Johns,ignore,republican,580,1000
11/05/1996,GA,Carroll,ignore,democrat,420,1000
11/05/1996,GA,Carroll,ignore,republican,580,1000
11/05/1996,MS,Adams,ignore,democrat,490,1000
11/05/1996,MS,Adams,ignore,republican,510,1000
11/05/1996,MN,Scott,ignore,democrat,580,1000
11/05/1996,MN,Scott,ignore,republican,420,1000
11/05/1996,NE,Douglas,ignore,democrat,580,1000
11/05/1996,NE,Douglas,ignore,republican,420,1000
11/05/1996,TX,Milam,ignore,democrat,420,1000
11/05/1996,TX,Milam,ignore,republican,580,1000
11/05/1996,LA,LaSalle,ignore,democrat,420,1000
11/05/1996,LA,LaSalle,ignore,republican,580,1000
11/05/1996,TX,Young,ignore,democrat,420,1000
11/05/1996,TX,Young,ignore,republican,580,1000
11/05/1996,VA,Bedford,ignore,democrat,420,1000
11/05/1996,VA,Bedford,ignore,republican,580,1000
11/05/1996,WV,Harrison,ignore,democrat,420,1000
11/05/1996,WV,Harrison,ignore,republican,580,1000
11/05/1996,WI,Walworth,ignore,democrat,470,1000
11/05/1996,WI,Walworth,ignore,republican,530,1000
11/05/1996,WY,Washakie,ignore,democrat,420,1000
11/05/1996,WY,Washakie,ignore,republican,580,1000
11/05/1996,AR,Mississippi,ignore,democrat,490,1000
11/05/1996,AR,Mississippi,ignore,republican,510,1000
11/05/1996,AR,Clay,ignore,democrat,420,1000
11/05/1996,AR,Clay,ignore,republican,580,1000
11/05/1996,CA,Orange,ignore,democrat,530,1000
11/05/1996,CA,Orange,ignore,republican,470,1000
11/05/1996,IN,Posey,ignore,democrat,420,1000
11/05/1996,IN,Posey,ignore,republican,580,1000
11/05/1996,IN,Jay,ignore,democrat,420,1000
11/05/1996,IN,Jay,ignore,republican,580,1000
11/05/1996,IA,Mitchell,ignore,democrat,530,1000
11/05/1996,IA,Mitchell,ignore,republican,470,1000
11/05/1996,KS,Smith,ignore,democrat,420,1000
11/05/1996,KS,Smith,ignore,republican,580,1000
11/05/1996,NH,Cheshire,ignore,democrat,580,1000
11/05/1996,NH,Cheshire,ignore,republican,420,1000
11/05/1996,OH,Erie,ignore,democrat,530,1000
11/05/1996,OH,Erie,ignore,republican,470,1000
11/05/1996,OR,Columbia,ignore,democrat,530,1000
11/05/1996,OR,Columbia,ignore,republican,470,1000
11/05/1996,PA,Washington,ignore,democrat,470,1000
11/05/1996,PA,Washington,ignore,republican,530,1000
11/05/1996,NY,Chenango,ignore,democrat,470,1000
11/05/1996,NY,Chenango,ignore,republican,530,1000
11/05/1996,PA,Perry,ignore,democrat,420,1000
11/05/1996,PA,Perry,ignore,republican,580,1000
11/05/1996,SD,Tripp,ignore,democrat,420,1000
11/05/1996,SD,Tripp,ignore,republican,580,1000
11/05/1996,VA,Charlotte,ignore,democrat,420,1000
11/05/1996,VA,Charlotte,ignore,republican,580,1000
11/05/1996,NE,Gosper,ignore,democrat,420,1000
11/05/1996,NE,Gosper,ignore,republican,580,1000
11/05/1996,FL,Miami-Dade,ignore,democrat,580,1000
11/05/1996,FL,Miami-Dade,ignore,republican,420,1000
11/05/1996,FL,Gulf,ignore,democrat,420,1000
11/05/1996,FL,Gulf,ignore,republican,580,1000
11/05/1996,FL,Dixie,ignore,democrat,420,1000
11/05/1996,FL,Dixie,ignore,republican,580,1000
11/05/1996,MA,Essex,ignore,democrat,580,1000
11/05/1996,MA,Essex,ignore,republican,420,1000
11/05/1996,MI,Alger,ignore,democrat,490,1000
11/05/1996,MI,Alger,ignore,republican,510,1000
11/05/1996,PA,Bedford,ignore,democrat,420,1000
11/05/1996,PA,Bedford,ignore,republican,580,1000
11/05/1996,SD,Clay,ignore,democrat,580,1000
11/05/1996,SD,Clay,ignore,republican,420,1000
11/05/1996,TX,El_Paso,ignore,democrat,580,1000
11/05/1996,TX,El_Paso,ignore,republican,420,1000
11/05/1996,VA,Hampton,ignore,democrat,580,1000
11/05/1996,VA,Hampton,ignore,republican,420,1000
11/05/1996,AR,Benton,ignore,democrat,470,1000
11/05/1996,AR,Benton,ignore,republican,530,1000
11/05/1996,AR,Ashley,ignore,democrat,420,1000
11/05/1996,AR,Ashley,ignore,republican,580,1000
11/05/1996,CA,Mono,ignore,democrat,580,1000
11/05/1996,CA,Mono,ignore,republican,420,1000
11/05/1996,CA,Madera,ignore,democrat,470,1000
11/05/1996,CA,Madera,ignore,republican,530,1000
11/05/1996,GA,Screven,ignore,democrat,470,1000
11/05/1996,GA,Screven,ignore,republican,530,1000
11/05/1996,GA,Burke,ignore,democrat,510,1000
11/05/1996,GA,Burke,ignore,republican,490,1000
11/05/1996,IL,McHenry,ignore,democrat,510,1000
11/05/1996,IL,McHenry,ignore,republican,490,1000
11/05/1996,IA,Kossuth,ignore,democrat,490,1000
11/05/1996,IA,Kossuth,ignore,republican,510,1000
11/05/1996,MN,Lake,ignore,democrat,530,1000
11/05/1996,MN,Lake,ignore,republican,470,1000
11/05/1996,MS,Claiborne,ignore,democrat,580,1000
11/05/1996,MS,Claiborne,ignore,republican,420,1000
11/05/1996,MS,Lamar,ignore,democrat,420,1000
11/05/1996,MS,Lamar,ignore,republican,580,1000
11/05/1996,NE,Otoe,ignore,democrat,420,1000
11/05/1996,NE,Otoe,ignore,republican,580,1000
11/05/1996,VA,Westmoreland,ignore,democrat,497,1000
11/05/1996,VA,Westmoreland,ignore,republican,503,1000
11/05/1996,VA,Prince_William,ignore,democrat,580,1000
11/05/1996,VA,Prince_William,ignore,republican,420,1000
11/05/1996,AL,Lowndes,ignore,democrat,530,1000
11/05/1996,AL,Lowndes,ignore,republican,470,1000
11/05/1996,AL,Marshall,ignore,democrat,420,1000
11/05/1996,AL,Marshall,ignore,republican,580,1000
11/05/1996,AK,Anchorage,ignore,democrat,580,1000
11/05/1996,AK,Anchorage,ignore,republican,420,1000
11/05/1996,FL,Charlotte,ignore,democrat,470,1000
11/05/1996,FL,Charlotte,ignore,republican,530,1000
11/05/1996,ID,Kootenai,ignore,democrat,470,1000
11/05/1996,ID,Kootenai,ignore,republican,530,1000
11/05/1996,IL,Pike,ignore,democrat,420,1000
11/05/1996,IL,Pike,ignore,republican,580,1000
11/05/1996,IL,Union,ignore,democrat,420,1000
11/05/1996,IL,Union,ignore,republican,580,1000
11/05/1996,IL,Gallatin,ignore,democrat,420,1000
11/05/1996,IL,Gallatin,ignore,republican,580,1000
11/05/1996,NC,Craven,ignore,democrat,420,1000
11/05/1996,NC,Craven,ignore,republican,580,1000
11/05/1996,OH,Trumbull,ignore,democrat,580,1000
11/05/1996,OH,Trumbull,ignore,republican,420,1000
11/05/1996,PA,Mercer,ignore,democrat,470,1000
11/05/1996,PA,Mercer,ignore,republican,530,1000
11/05/1996,MT,Deer_Lodge,ignore,democrat,580,1000
11/05/1996,MT,Deer_Lodge,ignore,republican,420,1000
11/05/1996,NE,Nemaha,ignore,democrat,420,1000
11/05/1996,NE,Nemaha,ignore,republican,580,1000
11/05/1996,MS,Chickasaw,ignore,democrat,420,1000
11/05/1996,MS,Chickasaw,ignore,republican,580,1000
11/05/1996,NY,Niagara,ignore,democrat,497,1000
11/05/1996,NY,Niagara,ignore,republican,503,1000
11/05/1996,NY,Delaware,ignore,democrat,420,1000
11/05/1996,NY,Delaware,ignore,republican,580,1000
11/05/1996,NC,Mecklenburg,ignore,democrat,580,1000
11/05/1996,NC,Mecklenburg,ignore,republican,420,1000
11/05/1996,AZ,Pinal,ignore,democrat,470,1000
11/05/1996,AZ,Pinal,ignore,republican,530,1000
11/05/1996,AR,Lee,ignore,democrat,580,1000
11/05/1996,AR,Lee,ignore,republican,420,1000
11/05/1996,CO,Douglas,ignore,democrat,490,1000
11/05/1996,CO,Douglas,ignore,republican,510,1000
11/05/1996,CO,Routt,ignore,democrat,580,1000
11/05/1996,CO,Routt,ignore,republican,420,1000
11/05/1996,IL,Ogle,ignore,democrat,470,1000
11/05/1996,IL,Ogle,ignore,republican,530,1000
11/05/1996,IN,Harrison,ignore,democrat,420,1000
11/05/1996,IN,Harrison,ignore,republican,580,1000
11/05/1996,KY,Jefferson,ignore,democrat,580,1000
11/05/1996,KY,Jefferson,ignore,republican,420,1000
11/05/1996,LA,Sabine,ignore,democrat,420,1000
11/05/1996,LA,Sabine,ignore,republican,580,1000
11/05/1996,IA,Carroll,ignore,democrat,490,1000
11/05/1996,IA,Carroll,ignore,republican,510,1000
11/05/1996,LA,West_Carroll,ignore,democrat,420,1000
11/05/1996,LA,West_Carroll,ignore,republican,580,1000
11/05/1996,MI,Ottawa,ignore,democrat,470,1000
11/05/1996,MI,Ottawa,ignore,republican,530,1000
11/05/1996,MI,Alpena,ignore,democrat,470,1000
11/05/1996,MI,Alpena,ignore,republican,530,1000
11/05/1996,MS,Sharkey,ignore,democrat,470,1000
11/05/1996,MS,Sharkey,ignore,republican,530,1000
11/05/1996,NY,Erie,ignore,democrat,580,1000
11/05/1996,NY,Erie,ignore,republican,420,1000
11/05/1996,VA,Dinwiddie,ignore,democrat,470,1000
11/05/1996,VA,Dinwiddie,ignore,republican,530,1000
11/05/1996,VA,Clarke,ignore,democrat,470,1000
11/05/1996,VA,Clarke,ignore,republican,530,1000
11/05/1996,NM,Mora,ignore,democrat,530,1000
11/05/1996,NM,Mora,ignore,republican,470,1000
11/05/1996,MN,Sibley,ignore,democrat,470,1000
11/05/1996,MN,Sibley,ignore,republican,530,1000
11/05/1996,TN,Grundy,ignore,democrat,420,1000
11/05/1996,TN,Grundy,ignore,republican,580,1000
11/05/1996,TX,DeWitt,ignore,democrat,420,1000
11/05/1996,TX,DeWitt,ignore,republican,580,1000
11/05/1996,VA,Northampton,ignore,democrat,580,1000
11/05/1996,VA,Northampton,ignore,republican,420,1000
11/05/1996,NY,Lewis,ignore,democrat,420,1000
11/05/1996,NY,Lewis,ignore,republican,580,1000
11/05/1996,CA,Solano,ignore,democrat,580,1000
11/05/1996,CA,Solano,ignore,republican,420,1000
11/05/1996,NC,Camden,ignore,democrat,580,1000
11/05/1996,NC,Camden,ignore,republican,420,1000
11/05/1996,NC,Chowan,ignore,democrat,580,1000
11/05/1996,NC,Chowan,ignore,republican,420,1000
11/05/1996,MN,Traverse,ignore,democrat,470,1000
11/05/1996,MN,Traverse,ignore,republican,530,1000
11/05/1996,MO,St_Louis_County,ignore,democrat,580,1000
11/05/1996,MO,St_Louis_County,ignore,republican,420,1000
11/05/1996,MS,Union,ignore,democrat,420,1000
11/05/1996,MS,Union,ignore,republican,580,1000
11/05/1996,NY,Livingston,ignore,democrat,470,1000
11/05/1996,NY,Livingston,ignore,republican,530,1000
11/05/1996,OK,Washington,ignore,democrat,420,1000
11/05/1996,OK,Washington,ignore,republican,580,1000
11/05/1996,NC,Currituck,ignore,democrat,580,1000
11/05/1996,NC,Currituck,ignore,republican,420,1000
11/05/1996,OK,Le_Flore,ignore,democrat,420,1000
11/05/1996,OK,Le_Flore,ignore,republican,580,1000
11/05/1996,NE,Knox,ignore,democrat,420,1000
11/05/1996,NE,Knox,ignore,republican,580,1000
11/05/1996,TX,Zavala,ignore,democrat,420,1000
11/05/1996,TX,Zavala,ignore,republican,580,1000
11/05/1996,VA,Craig,ignore,democrat,420,1000
11/05/1996,VA,Craig,ignore,republican,580,1000
11/05/1996,CO,Mineral,ignore,democrat,470,1000
11/05/1996,CO,Mineral,ignore,republican,530,1000
11/05/1996,TX,Crane,ignore,democrat,420,1000
11/05/1996,TX,Crane,ignore,republican,580,1000
11/05/1996,TN,Haywood,ignore,democrat,530,1000
11/05/1996,TN,Haywood,ignore,republican,470,1000
11/05/1996,WV,Preston,ignore,democrat,420,1000
11/05/1996,WV,Preston,ignore,republican,580,1000
11/05/1996,SD,Haakon,ignore,democrat,420,1000
11/05/1996,SD,Haakon,ignore,republican,580,1000
11/05/1996,GA,Sumter,ignore,democrat,530,1000
11/05/1996,GA,Sumter,ignore,republican,470,1000
11/05/1996,CA,Del_Norte,ignore,democrat,470,1000
11/05/1996,CA,Del_Norte,ignore,republican,530,1000
11/05/1996,NY,Oswego,ignore,democrat,490,1000
11/05/1996,NY,Oswego,ignore,republican,510,1000
11/05/1996,CA,Yolo,ignore,democrat,470,1000
11/05/1996,CA,Yolo,ignore,republican,530,1000
11/05/1996,SC,Lancaster,ignore,democrat,490,1000
11/05/1996,SC,Lancaster,ignore,republican,510,1000
11/05/1996,SD,Harding,ignore,democrat,420,1000
11/05/1996,SD,Harding,ignore,republican,580,1000
11/05/1996,MO,Franklin,ignore,democrat,420,1000
11/05/1996,MO,Franklin,ignore,republican,580,1000
11/05/1996,NJ,Union,ignore,democrat,580,1000
11/05/1996,NJ,Union,ignore,republican,420,1000
11/05/1996,NM,Union,ignore,democrat,420,1000
11/05/1996,NM,Union,ignore,republican,580,1000
11/05/1996,VT,Caledonia,ignore,democrat,580,1000
11/05/1996,VT,Caledonia,ignore,republican,420,1000
11/05/1996,WA,Pierce,ignore,democrat,530,1000
11/05/1996,WA,Pierce,ignore,republican,470,1000
11/05/1996,WI,Rock,ignore,democrat,510,1000
11/05/1996,WI,Rock,ignore,republican,490,1000
11/05/1996,MI,Allegan,ignore,democrat,420,1000
11/05/1996,MI,Allegan,ignore,republican,580,1000
11/05/1996,KY,Hancock,ignore,democrat,420,1000
11/05/1996,KY,Hancock,ignore,republican,580,1000
11/05/1996,ID,Gem,ignore,democrat,420,1000
11/05/1996,ID,Gem,ignore,republican,580,1000
11/05/1996,NM,McKinley,ignore,democrat,580,1000
11/05/1996,NM,McKinley,ignore,republican,420,1000
11/05/1996,MD,Baltimore,ignore,democrat,580,1000
11/05/1996,MD,Baltimore,ignore,republican,420,1000
11/05/1996,LA,Jefferson,ignore,democrat,490,1000
11/05/1996,LA,Jefferson,ignore,republican,510,1000
11/05/1996,NY,Putnam,ignore,democrat,470,1000
11/05/1996,NY,Putnam,ignore,republican,530,1000
11/05/1996,TX,Llano,ignore,democrat,420,1000
11/05/1996,TX,Llano,ignore,republican,580,1000
11/05/1996,VA,Newport_News,ignore,democrat,580,1000
11/05/1996,VA,Newport_News,ignore,republican,420,1000
11/05/1996,NM,Lea,ignore,democrat,420,1000
11/05/1996,NM,Lea,ignore,republican,580,1000
11/05/1996,NE,Saline,ignore,democrat,470,1000
11/05/1996,NE,Saline,ignore,republican,530,1000
11/05/1996,WA,Cowlitz,ignore,democrat,530,1000
11/05/1996,WA,Cowlitz,ignore,republican,470,1000
11/05/1996,WY,Lincoln,ignore,democrat,420,1000
11/05/1996,WY,Lincoln,ignore,republican,580,1000
11/05/1996,AR,Hempstead,ignore,democrat,420,1000
11/05/1996,AR,Hempstead,ignore,republican,580,1000
11/05/1996,GA,Clayton,ignore,democrat,580,1000
11/05/1996,GA,Clayton,ignore,republican,420,1000
11/05/1996,IL,Greene,ignore,democrat,420,1000
11/05/1996,IL,Greene,ignore,republican,580,1000
11/05/1996,IN,Morgan,ignore,democrat,420,1000
11/05/1996,IN,Morgan,ignore,republican,580,1000
11/05/1996,AR,Franklin,ignore,democrat,420,1000
11/05/1996,AR,Franklin,ignore,republican,580,1000
11/05/1996,ID,Canyon,ignore,democrat,420,1000
11/05/1996,ID,Canyon,ignore,republican,580,1000
11/05/1996,IL,Williamson,ignore,democrat,420,1000
11/05/1996,IL,Williamson,ignore,republican,580,1000
11/05/1996,IA,Wright,ignore,democrat,470,1000
11/05/1996,IA,Wright,ignore,republican,530,1000
11/05/1996,IA,Henry,ignore,democrat,530,1000
11/05/1996,IA,Henry,ignore,republican,470,1000
11/05/1996,CO,Saguache,ignore,democrat,530,1000
11/05/1996,CO,Saguache,ignore,republican,470,1000
11/05/1996,KY,Henry,ignore,democrat,420,1000
11/05/1996,KY,Henry,ignore,republican,580,1000
11/05/1996,OH,Brown,ignore,democrat,420,1000
11/05/1996,OH,Brown,ignore,republican,580,1000
11/05/1996,GA,Ware,ignore,democrat,420,1000
11/05/1996,GA,Ware,ignore,republican,580,1000
11/05/1996,SC,Florence,ignore,democrat,503,1000
11/05/1996,SC,Florence,ignore,republican,497,1000
11/05/1996,NC,Brunswick,ignore,democrat,490,1000
11/05/1996,NC,Brunswick,ignore,republican,510,1000
11/05/1996,SD,Meade,ignore,democrat,420,1000
11/05/1996,SD,Meade,ignore,republican,580,1000
11/05/1996,NV,Lincoln,ignore,democrat,420,1000
11/05/1996,NV,Lincoln,ignore,republican,580,1000
11/05/1996,NC,Durham,ignore,democrat,580,1000
11/05/1996,NC,Durham,ignore,republican,420,1000
11/05/1996,OH,Tuscarawas,ignore,democrat,470,1000
11/05/1996,OH,Tuscarawas,ignore,republican,530,1000
11/05/1996,OR,Benton,ignore,democrat,580,1000
11/05/1996,OR,Benton,ignore,republican,420,1000
11/05/1996,PA,Somerset,ignore,democrat,420,1000
11/05/1996,PA,Somerset,ignore,republican,580,1000
11/05/1996,KS,Pottawatomie,ignore,democrat,420,1000
11/05/1996,KS,Pottawatomie,ignore,republican,580,1000
11/05/1996,KY,Knott,ignore,democrat,420,1000
11/05/1996,KY,Knott,ignore,republican,580,1000
11/05/1996,GA,Wilkinson,ignore,democrat,470,1000
11/05/1996,GA,Wilkinson,ignore,republican,530,1000
11/05/1996,NV,Pershing,ignore,democrat,420,1000
11/05/1996,NV,Pershing,ignore,republican,580,1000
11/05/1996,NY,Oneida,ignore,democrat,470,1000
11/05/1996,NY,Oneida,ignore,republican,530,1000
11/05/1996,OK,Comanche,ignore,democrat,420,1000
11/05/1996,OK,Comanche,ignore,republican,580,1000
11/05/1996,MT,Sheridan,ignore,democrat,420,1000
11/05/1996,MT,Sheridan,ignore,republican,580,1000
11/05/1996,ME,Franklin,ignore,democrat,530,1000
11/05/1996,ME,Franklin,ignore,republican,470,1000
11/05/1996,NC,Cabarrus,ignore,democrat,530,1000
11/05/1996,NC,Cabarrus,ignore,republican,470,1000
11/05/1996,ND,Stark,ignore,democrat,420,1000
11/05/1996,ND,Stark,ignore,republican,580,1000
11/05/1996,OH,Warren,ignore,democrat,470,1000
11/05/1996,OH,Warren,ignore,republican,530,1000
11/05/1996,OH,Portage,ignore,democrat,530,1000
11/05/1996,OH,Portage,ignore,republican,470,1000
11/05/1996,PA,Indiana,ignore,democrat,420,1000
11/05/1996,PA,Indiana,ignore,republican,580,1000
11/05/1996,FL,Baker,ignore,democrat,420,1000
11/05/1996,FL,Baker,ignore,republican,580,1000
11/05/1996,GA,Cook,ignore,democrat,420,1000
11/05/1996,GA,Cook,ignore,republican,580,1000
11/05/1996,MN,Crow_Wing,ignore,democrat,420,1000
11/05/1996,MN,Crow_Wing,ignore,republican,580,1000
11/05/1996,MT,Rosebud,ignore,democrat,530,1000
11/05/1996,MT,Rosebud,ignore,republican,470,1000
11/05/1996,MS,Carroll,ignore,democrat,490,1000
11/05/1996,MS,Carroll,ignore,republican,510,1000
11/05/1996,ND,Benson,ignore,democrat,420,1000
11/05/1996,ND,Benson,ignore,republican,580,1000
11/05/1996,IN,Delaware,ignore,democrat,490,1000
11/05/1996,IN,Delaware,ignore,republican,510,1000
11/05/1996,MN,Itasca,ignore,democrat,490,1000
11/05/1996,MN,Itasca,ignore,republican,510,1000
11/05/1996,TN,Knox,ignore,democrat,420,1000
11/05/1996,TN,Knox,ignore,republican,580,1000
11/05/1996,TX,Potter,ignore,democrat,420,1000
11/05/1996,TX,Potter,ignore,republican,580,1000
11/05/1996,VA,Richmond,ignore,democrat,580,1000
11/05/1996,VA,Richmond,ignore,republican,420,1000
11/05/1996,VA,Charles_City,ignore,democrat,580,1000
11/05/1996,VA,Charles_City,ignore,republican,420,1000
11/05/1996,ND,Pierce,ignore,democrat,420,1000
11/05/1996,ND,Pierce,ignore,republican,580,1000
11/05/1996,ND,Golden_Valley,ignore,democrat,420,1000
11/05/1996,ND,Golden_Valley,ignore,republican,580,1000
11/05/1996,TN,Crockett,ignore,democrat,420,1000
11/05/1996,TN,Crockett,ignore,republican,580,1000
11/05/1996,MT,Valley,ignore,democrat,420,1000
11/05/1996,MT,Valley,ignore,republican,580,1000
11/05/1996,VA,Augusta,ignore,democrat,420,1000
11/05/1996,VA,Augusta,ignore,republican,580,1000
11/05/1996,NE,Kearney,ignore,democrat,420,1000
11/05/1996,NE,Kearney,ignore,republican,580,1000
11/05/1996,WV,Wood,ignore,democrat,420,1000
11/05/1996,WV,Wood,ignore,republican,580,1000
11/05/1996,SC,Newberry,ignore,democrat,470,1000
11/05/1996,SC,Newberry,ignore,republican,530,1000
11/05/1996,LA,Caldwell,ignore,democrat,420,1000
11/05/1996,LA,Caldwell,ignore,republican,580,1000
11/05/1996,TX,Brazos,ignore,democrat,470,1000
11/05/1996,TX,Brazos,ignore,republican,530,1000
11/05/1996,WA,Yakima,ignore,democrat,530,1000
11/05/1996,WA,Yakima,ignore,republican,470,1000
11/05/1996,WI,Jefferson,ignore,democrat,420,1000
11/05/1996,WI,Jefferson,ignore,republican,580,1000
11/05/1996,TX,Oldham,ignore,democrat,420,1000
11/05/1996,TX,Oldham,ignore,republican,580,1000
11/05/1996,KS,Wyandotte,ignore,democrat,580,1000
11/05/1996,KS,Wyandotte,ignore,republican,420,1000
11/05/1996,LA,Terrebonne,ignore,democrat,420,1000
11/05/1996,LA,Terrebonne,ignore,republican,580,1000
11/05/1996,OK,Sequoyah,ignore,democrat,420,1000
11/05/1996,OK,Sequoyah,ignore,republican,580,1000
11/05/1996,OR,Klamath,ignore,democrat,420,1000
11/05/1996,OR,Klamath,ignore,republican,580,1000
11/05/1996,TX,Kenedy,ignore,democrat,420,1000
11/05/1996,TX,Kenedy,ignore,republican,580,1000
11/05/1996,CA,Alpine,ignore,democrat,580,1000
11/05/1996,CA,Alpine,ignore,republican,420,1000
11/05/1996,GA,Walker,ignore,democrat,420,1000
11/05/1996,GA,Walker,ignore,republican,580,1000
11/05/1996,ID,Clearwater,ignore,democrat,470,1000
11/05/1996,ID,Clearwater,ignore,republican,530,1000
11/05/1996,WV,Hardy,ignore,democrat,420,1000
11/05/1996,WV,Hardy,ignore,republican,580,1000
11/05/1996,FL,Bradford,ignore,democrat,420,1000
11/05/1996,FL,Bradford,ignore,republican,580,1000
11/05/1996,WV,Wetzel,ignore,democrat,420,1000
11/05/1996,WV,Wetzel,ignore,republican,580,1000
11/05/1996,OH,Fulton,ignore,democrat,420,1000
11/05/1996,OH,Fulton,ignore,republican,580,1000
11/05/1996,TN,Bradley,ignore,democrat,470,1000
11/05/1996,TN,Bradley,ignore,republican,530,1000
11/05/1996,TX,Newton,ignore,democrat,420,1000
11/05/1996,TX,Newton,ignore,republican,580,1000
11/05/1996,TN,Bledsoe,ignore,democrat,420,1000
11/05/1996,TN,Bledsoe,ignore,republican,580,1000
11/05/1996,WV,Tucker,ignore,democrat,420,1000
11/05/1996,WV,Tucker,ignore,republican,580,1000
11/05/1996,AK,Yakutat,ignore,democrat,420,1000
11/05/1996,AK,Yakutat,ignore,republican,580,1000
11/05/1996,MI,Gladwin,ignore,democrat,470,1000
11/05/1996,MI,Gladwin,ignore,republican,530,1000
11/05/1996,NC,Person,ignore,democrat,490,1000
11/05/1996,NC,Person,ignore,republican,510,1000
11/05/1996,NV,White_Pine,ignore,democrat,420,1000
11/05/1996,NV,White_Pine,ignore,republican,580,1000
11/05/1996,IN,Adams,ignore,democrat,420,1000
11/05/1996,IN,Adams,ignore,republican,580,1000
11/05/1996,TN,Cumberland,ignore,democrat,420,1000
11/05/1996,TN,Cumberland,ignore,republican,580,1000
11/05/1996,NV,Nye,ignore,democrat,470,1000
11/05/1996,NV,Nye,ignore,republican,530,1000
11/05/1996,KS,Leavenworth,ignore,democrat,497,1000
11/05/1996,KS,Leavenworth,ignore,republican,503,1000
11/05/1996,IN,Warrick,ignore,democrat,420,1000
11/05/1996,IN,Warrick,ignore,republican,580,1000
11/05/1996,MI,Iron,ignore,democrat,420,1000
11/05/1996,MI,Iron,ignore,republican,580,1000
11/05/1996,MS,Lowndes,ignore,democrat,420,1000
11/05/1996,MS,Lowndes,ignore,republican,580,1000
11/05/1996,MO,St_Louis_City,ignore,democrat,580,1000
11/05/1996,MO,St_Louis_City,ignore,republican,420,1000
11/05/1996,MN,Meeker,ignore,democrat,420,1000
11/05/1996,MN,Meeker,ignore,republican,580,1000
11/05/1996,TN,Monroe,ignore,democrat,420,1000
11/05/1996,TN,Monroe,ignore,republican,580,1000
11/05/1996,MS,Holmes,ignore,democrat,470,1000
11/05/1996,MS,Holmes,ignore,republican,530,1000
11/05/1996,MS,Oktibbeha,ignore,democrat,420,1000
11/05/1996,MS,Oktibbeha,ignore,republican,580,1000
11/05/1996,VA,Giles,ignore,democrat,420,1000
11/05/1996,VA,Giles,ignore,republican,580,1000
11/05/1996,FL,Hillsborough,ignore,democrat,530,1000
11/05/1996,FL,Hillsborough,ignore,republican,470,1000
11/05/1996,GA,Haralson,ignore,democrat,420,1000
11/05/1996,GA,Haralson,ignore,republican,580,1000
11/05/1996,KS,Cowley,ignore,democrat,420,1000
11/05/1996,KS,Cowley,ignore,republican,580,1000
11/05/1996,KY,Henderson,ignore,democrat,510,1000
11/05/1996,KY,Henderson,ignore,republican,490,1000
11/05/1996,TX,Grayson,ignore,democrat,420,1000
11/05/1996,TX,Grayson,ignore,republican,580,1000
11/05/1996,AL,Cleburne,ignore,democrat,420,1000
11/05/1996,AL,Cleburne,ignore,republican,580,1000
11/05/1996,NJ,Ocean,ignore,democrat,470,1000
11/05/1996,NJ,Ocean,ignore,republican,530,1000
11/05/1996,AL,Autauga,ignore,democrat,420,1000
11/05/1996,AL,Autauga,ignore,republican,580,1000
11/05/1996,GA,Bibb,ignore,democrat,580,1000
11/05/1996,GA,Bibb,ignore,republican,420,1000
11/05/1996,NJ,Monmouth,ignore,democrat,530,1000
11/05/1996,NJ,Monmouth,ignore,republican,470,1000
11/05/1996,NM,Rio_Arriba,ignore,democrat,580,1000
11/05/1996,NM,Rio_Arriba,ignore,republican,420,1000
11/05/1996,NY,Wayne,ignore,democrat,470,1000
11/05/1996,NY,Wayne,ignore,republican,530,1000
11/05/1996,OR,Lincoln,ignore,democrat,580,1000
11/05/1996,OR,Lincoln,ignore,republican,420,1000
11/05/1996,VA,Bath,ignore,democrat,420,1000
11/05/1996,VA,Bath,ignore,republican,580,1000
11/05/1996,WV,Fayette,ignore,democrat,420,1000
11/05/1996,WV,Fayette,ignore,republican,580,1000
11/05/1996,WV,Kanawha,ignore,democrat,503,1000
11/05/1996,WV,Kanawha,ignore,republican,497,1000
11/05/1996,KY,Carroll,ignore,democrat,420,1000
11/05/1996,KY,Carroll,ignore,republican,580,1000
11/05/1996,MD,Montgomery,ignore,democrat,580,1000
11/05/1996,MD,Montgomery,ignore,republican,420,1000
11/05/1996,MA,Franklin,ignore,democrat,580,1000
11/05/1996,MA,Franklin,ignore,republican,420,1000
11/05/1996,MS,DeSoto,ignore,democrat,470,1000
11/05/1996,MS,DeSoto,ignore,republican,530,1000
11/05/1996,TX,McCulloch,ignore,democrat,420,1000
11/05/1996,TX,McCulloch,ignore,republican,580,1000
11/05/1996,NV,Esmeralda,ignore,democrat,420,1000
11/05/1996,NV,Esmeralda,ignore,republican,580,1000
11/05/1996,IN,Carroll,ignore,democrat,420,1000
11/05/1996,IN,Carroll,ignore,republican,580,1000
11/05/1996,MI,Ogemaw,ignore,democrat,470,1000
11/05/1996,MI,Ogemaw,ignore,republican,530,1000
11/05/1996,MI,St_Clair,ignore,democrat,470,1000
11/05/1996,MI,St_Clair,ignore,republican,530,1000
11/05/1996,RI,Providence,ignore,democrat,580,1000
11/05/1996,RI,Providence,ignore,republican,420,1000
11/05/1996,TN,Montgomery,ignore,democrat,530,1000
11/05/1996,TN,Montgomery,ignore,republican,470,1000
11/05/1996,TX,Parmer,ignore,democrat,420,1000
11/05/1996,TX,Parmer,ignore,republican,580,1000
11/05/1996,VA,Accomack,ignore,democrat,490,1000
11/05/1996,VA,Accomack,ignore,republican,510,1000
11/05/1996,MS,Yalobusha,ignore,democrat,470,1000
11/05/1996,MS,Yalobusha,ignore,republican,530,1000
11/05/1996,OH,Lucas,ignore,democrat,580,1000
11/05/1996,OH,Lucas,ignore,republican,420,1000
11/05/1996,AR,Crittenden,ignore,democrat,530,1000
11/05/1996,AR,Crittenden,ignore,republican,470,1000
11/05/1996,MN,Hennepin,ignore,democrat,580,1000
11/05/1996,MN,Hennepin,ignore,republican,420,1000
11/05/1996,NE,Richardson,ignore,democrat,420,1000
11/05/1996,NE,Richardson,ignore,republican,580,1000
11/05/1996,OR,Lake,ignore,democrat,420,1000
11/05/1996,OR,Lake,ignore,republican,580,1000
11/05/1996,MO,Howell,ignore,democrat,420,1000
11/05/1996,MO,Howell,ignore,republican,580,1000
11/05/1996,ND,Bottineau,ignore,democrat,420,1000
11/05/1996,ND,Bottineau,ignore,republican,580,1000
11/05/1996,NC,Warren,ignore,democrat,580,1000
11/05/1996,NC,Warren,ignore,republican,420,1000
11/05/1996,MI,Monroe,ignore,democrat,490,1000
11/05/1996,MI,Monroe,ignore,republican,510,1000
11/05/1996,MT,Blaine,ignore,democrat,420,1000
11/05/1996,MT,Blaine,ignore,republican,580,1000
11/05/1996,WV,Wayne,ignore,democrat,420,1000
11/05/1996,WV,Wayne,ignore,republican,580,1000
11/05/1996,WI,St_Croix,ignore,democrat,470,1000
11/05/1996,WI,St_Croix,ignore,republican,530,1000
11/05/1996,CO,Chaffee,ignore,democrat,510,1000
11/05/1996,CO,Chaffee,ignore,republican,490,1000
11/05/1996,WA,Chelan,ignore,democrat,470,1000
11/05/1996,WA,Chelan,ignore,republican,530,1000
11/05/1996,FL,Flagler,ignore,democrat,510,1000
11/05/1996,FL,Flagler,ignore,republican,490,1000
11/05/1996,FL,Gadsden,ignore,democrat,420,1000
11/05/1996,FL,Gadsden,ignore,republican,580,1000
11/05/1996,FL,Leon,ignore,democrat,420,1000
11/05/1996,FL,Leon,ignore,republican,580,1000
11/05/1996,FL,Putnam,ignore,democrat,420,1000
11/05/1996,FL,Putnam,ignore,republican,580,1000
11/05/1996,VT,Rutland,ignore,democrat,580,1000
11/05/1996,VT,Rutland,ignore,republican,420,1000
11/05/1996,AL,Montgomery,ignore,democrat,420,1000
11/05/1996,AL,Montgomery,ignore,republican,580,1000
11/05/1996,AR,Perry,ignore,democrat,420,1000
11/05/1996,AR,Perry,ignore,republican,580,1000
11/05/1996,MI,Tuscola,ignore,democrat,420,1000
11/05/1996,MI,Tuscola,ignore,republican,580,1000
11/05/1996,ND,Grant,ignore,democrat,420,1000
11/05/1996,ND,Grant,ignore,republican,580,1000
11/05/1996,WI,Chippewa,ignore,democrat,470,1000
11/05/1996,WI,Chippewa,ignore,republican,530,1000
11/05/1996,IN,Blackford,ignore,democrat,470,1000
11/05/1996,IN,Blackford,ignore,republican,530,1000
11/05/1996,IN,Wells,ignore,democrat,420,1000
11/05/1996,IN,Wells,ignore,republican,580,1000
11/05/1996,KS,Douglas,ignore,democrat,580,1000
11/05/1996,KS,Douglas,ignore,republican,420,1000
11/05/1996,KS,Jackson,ignore,democrat,420,1000
11/05/1996,KS,Jackson,ignore,republican,580,1000
11/05/1996,GA,Barrow,ignore,democrat,420,1000
11/05/1996,GA,Barrow,ignore,republican,580,1000
11/05/1996,GA,Telfair,ignore,democrat,420,1000
11/05/1996,GA,Telfair,ignore,republican,580,1000
11/05/1996,IL,Montgomery,ignore,democrat,420,1000
11/05/1996,IL,Montgomery,ignore,republican,580,1000
11/05/1996,IN,Lawrence,ignore,democrat,420,1000
11/05/1996,IN,Lawrence,ignore,republican,580,1000
11/05/1996,IA,Montgomery,ignore,democrat,420,1000
11/05/1996,IA,Montgomery,ignore,republican,580,1000
11/05/1996,KY,Scott,ignore,democrat,420,1000
11/05/1996,KY,Scott,ignore,republican,580,1000
11/05/1996,KY,Muhlenberg,ignore,democrat,470,1000
11/05/1996,KY,Muhlenberg,ignore,republican,530,1000
11/05/1996,LA,Assumption,ignore,democrat,470,1000
11/05/1996,LA,Assumption,ignore,republican,530,1000
11/05/1996,FL,Santa_Rosa,ignore,democrat,420,1000
11/05/1996,FL,Santa_Rosa,ignore,republican,580,1000
11/05/1996,FL,Orange,ignore,democrat,580,1000
11/05/1996,FL,Orange,ignore,republican,420,1000
11/05/1996,FL,Seminole,ignore,democrat,530,1000
11/05/1996,FL,Seminole,ignore,republican,470,1000
11/05/1996,FL,Walton,ignore,democrat,420,1000
11/05/1996,FL,Walton,ignore,republican,580,1000
11/05/1996,GA,Decatur,ignore,democrat,470,1000
11/05/1996,GA,Decatur,ignore,republican,530,1000
11/05/1996,GA,Dougherty,ignore,democrat,580,1000
11/05/1996,GA,Dougherty,ignore,republican,420,1000
11/05/1996,CA,Fresno,ignore,democrat,530,1000
11/05/1996,CA,Fresno,ignore,republican,470,1000
11/05/1996,GA,Washington,ignore,democrat,530,1000
11/05/1996,GA,Washington,ignore,republican,470,1000
11/05/1996,IN,Hancock,ignore,democrat,420,1000
11/05/1996,IN,Hancock,ignore,republican,580,1000
11/05/1996,KS,Jefferson,ignore,democrat,470,1000
11/05/1996,KS,Jefferson,ignore,republican,530,1000
11/05/1996,NV,Elko,ignore,democrat,420,1000
11/05/1996,NV,Elko,ignore,republican,580,1000
11/05/1996,LA,Tangipahoa,ignore,democrat,420,1000
11/05/1996,LA,Tangipahoa,ignore,republican,580,1000
11/05/1996,LA,West_Baton_Rouge,ignore,democrat,497,1000
11/05/1996,LA,West_Baton_Rouge,ignore,republican,503,1000
11/05/1996,AL,Greene,ignore,democrat,420,1000
11/05/1996,AL,Greene,ignore,republican,580,1000
11/05/1996,NY,Madison,ignore,democrat,503,1000
11/05/1996,NY,Madison,ignore,republican,497,1000
11/05/1996,NC,Sampson,ignore,democrat,470,1000
11/05/1996,NC,Sampson,ignore,republican,530,1000
11/05/1996,OK,Rogers,ignore,democrat,420,1000
11/05/1996,OK,Rogers,ignore,republican,580,1000
11/05/1996,OK,Hughes,ignore,democrat,420,1000
11/05/1996,OK,Hughes,ignore,republican,580,1000
11/05/1996,TN,Humphreys,ignore,democrat,420,1000
11/05/1996,TN,Humphreys,ignore,republican,580,1000
11/05/1996,TX,Rusk,ignore,democrat,420,1000
11/05/1996,TX,Rusk,ignore,republican,580,1000
11/05/1996,TX,Shelby,ignore,democrat,420,1000
11/05/1996,TX,Shelby,ignore,republican,580,1000
11/05/1996,GA,Mitchell,ignore,democrat,470,1000
11/05/1996,GA,Mitchell,ignore,republican,530,1000
11/05/1996,GA,Thomas,ignore,democrat,420,1000
11/05/1996,GA,Thomas,ignore,republican,580,1000
11/05/1996,MS,Wilkinson,ignore,democrat,530,1000
11/05/1996,MS,Wilkinson,ignore,republican,470,1000
11/05/1996,MS,Bolivar,ignore,democrat,580,1000
11/05/1996,MS,Bolivar,ignore,republican,420,1000
11/05/1996,MS,Clay,ignore,democrat,420,1000
11/05/1996,MS,Clay,ignore,republican,580,1000
11/05/1996,MS,Lincoln,ignore,democrat,420,1000
11/05/1996,MS,Lincoln,ignore,republican,580,1000
11/05/1996,CO,Grand,ignore,democrat,490,1000
11/05/1996,CO,Grand,ignore,republican,510,1000
11/05/1996,KY,Nelson,ignore,democrat,420,1000
11/05/1996,KY,Nelson,ignore,republican,580,1000
11/05/1996,MI,Shiawassee,ignore,democrat,470,1000
11/05/1996,MI,Shiawassee,ignore,republican,530,1000
11/05/1996,MI,Crawford,ignore,democrat,420,1000
11/05/1996,MI,Crawford,ignore,republican,580,1000
11/05/1996,MO,Lincoln,ignore,democrat,420,1000
11/05/1996,MO,Lincoln,ignore,republican,580,1000
11/05/1996,VA,Arlington,ignore,democrat,580,1000
11/05/1996,VA,Arlington,ignore,republican,420,1000
11/05/1996,IN,Hamilton,ignore,democrat,510,1000
11/05/1996,IN,Hamilton,ignore,republican,490,1000
11/05/1996,MO,Boone,ignore,democrat,580,1000
11/05/1996,MO,Boone,ignore,republican,420,1000
11/05/1996,IN,Putnam,ignore,democrat,420,1000
11/05/1996,IN,Putnam,ignore,republican,580,1000
11/05/1996,IA,Des_Moines,ignore,democrat,580,1000
11/05/1996,IA,Des_Moines,ignore,republican,420,1000
11/05/1996,VA,Roanoke_Co,ignore,democrat,420,1000
11/05/1996,VA,Roanoke_Co,ignore,republican,580,1000
11/05/1996,IA,Louisa,ignore,democrat,530,1000
11/05/1996,IA,Louisa,ignore,republican,470,1000
11/05/1996,WI,Marquette,ignore,democrat,470,1000
11/05/1996,WI,Marquette,ignore,republican,530,1000
11/05/1996,WA,Franklin,ignore,democrat,490,1000
11/05/1996,WA,Franklin,ignore,republican,510,1000
11/05/1996,WY,Carbon,ignore,democrat,420,1000
11/05/1996,WY,Carbon,ignore,republican,580,1000
11/05/1996,OH,Monroe,ignore,democrat,470,1000
11/05/1996,OH,Monroe,ignore,republican,530,1000
11/05/1996,TX,Fayette,ignore,democrat,420,1000
11/05/1996,TX,Fayette,ignore,republican,580,1000
11/05/1996,TN,Cannon,ignore,democrat,420,1000
11/05/1996,TN,Cannon,ignore,republican,580,1000
11/05/1996,WV,Monroe,ignore,democrat,420,1000
11/05/1996,WV,Monroe,ignore,republican,580,1000
11/05/1996,MS,Harrison,ignore,democrat,530,1000
11/05/1996,MS,Harrison,ignore,republican,470,1000
11/05/1996,WV,Nicholas,ignore,democrat,420,1000
11/05/1996,WV,Nicholas,ignore,republican,580,1000
11/05/1996,WA,Kitsap,ignore,democrat,580,1000
11/05/1996,WA,Kitsap,ignore,republican,420,1000
11/05/1996,WI,Green,ignore,democrat,470,1000
11/05/1996,WI,Green,ignore,republican,530,1000
11/05/1996,AZ,Graham,ignore,democrat,420,1000
11/05/1996,AZ,Graham,ignore,republican,580,1000
11/05/1996,AR,Pope,ignore,democrat,420,1000
11/05/1996,AR,Pope,ignore,republican,580,1000
11/05/1996,OR,Clackamas,ignore,democrat,580,1000
11/05/1996,OR,Clackamas,ignore,republican,420,1000
11/05/1996,KS,Graham,ignore,democrat,420,1000
11/05/1996,KS,Graham,ignore,republican,580,1000
11/05/1996,KS,Jewell,ignore,democrat,420,1000
11/05/1996,KS,Jewell,ignore,republican,580,1000
11/05/1996,MN,Lake_of_the_Woods,ignore,democrat,470,1000
11/05/1996,MN,Lake_of_the_Woods,ignore,republican,530,1000
11/05/1996,NE,Burt,ignore,democrat,420,1000
11/05/1996,NE,Burt,ignore,republican,580,1000
11/05/1996,AR,Sebastian,ignore,democrat,420,1000
11/05/1996,AR,Sebastian,ignore,republican,580,1000
11/05/1996,CO,Dolores,ignore,democrat,420,1000
11/05/1996,CO,Dolores,ignore,republican,580,1000
11/05/1996,GA,Columbia,ignore,democrat,470,1000
11/05/1996,GA,Columbia,ignore,republican,530,1000
11/05/1996,ID,Cassia,ignore,democrat,420,1000
11/05/1996,ID,Cassia,ignore,republican,580,1000
11/05/1996,IN,Clark,ignore,democrat,490,1000
11/05/1996,IN,Clark,ignore,republican,510,1000
11/05/1996,WV,Pocahontas,ignore,democrat,420,1000
11/05/1996,WV,Pocahontas,ignore,republican,580,1000
11/05/1996,IN,Randolph,ignore,democrat,420,1000
11/05/1996,IN,Randolph,ignore,republican,580,1000
11/05/1996,WV,Raleigh,ignore,democrat,420,1000
11/05/1996,WV,Raleigh,ignore,republican,580,1000
11/05/1996,WV,Wyoming,ignore,democrat,420,1000
11/05/1996,WV,Wyoming,ignore,republican,580,1000
11/05/1996,CA,Mariposa,ignore,democrat,470,1000
11/05/1996,CA,Mariposa,ignore,republican,530,1000
11/05/1996,CO,Weld,ignore,democrat,470,1000
11/05/1996,CO,Weld,ignore,republican,530,1000
11/05/1996,IA,Humboldt,ignore,democrat,470,1000
11/05/1996,IA,Humboldt,ignore,republican,530,1000
11/05/1996,KS,Shawnee,ignore,democrat,530,1000
11/05/1996,KS,Shawnee,ignore,republican,470,1000
11/05/1996,KY,Washington,ignore,democrat,420,1000
11/05/1996,KY,Washington,ignore,republican,580,1000
11/05/1996,MI,Oscoda,ignore,democrat,420,1000
11/05/1996,MI,Oscoda,ignore,republican,580,1000
11/05/1996,NE,Hamilton,ignore,democrat,420,1000
11/05/1996,NE,Hamilton,ignore,republican,580,1000
11/05/1996,WI,Clark,ignore,democrat,420,1000
11/05/1996,WI,Clark,ignore,republican,580,1000
11/05/1996,MT,Carter,ignore,democrat,420,1000
11/05/1996,MT,Carter,ignore,republican,580,1000
11/05/1996,KS,Ottawa,ignore,democrat,420,1000
11/05/1996,KS,Ottawa,ignore,republican,580,1000
11/05/1996,KS,Republic,ignore,democrat,420,1000
11/05/1996,KS,Republic,ignore,republican,580,1000
11/05/1996,NE,Dixon,ignore,democrat,420,1000
11/05/1996,NE,Dixon,ignore,republican,580,1000
11/05/1996,MN,Redwood,ignore,democrat,420,1000
11/05/1996,MN,Redwood,ignore,republican,580,1000
11/05/1996,WI,Douglas,ignore,democrat,580,1000
11/05/1996,WI,Douglas,ignore,republican,420,1000
11/05/1996,KS,Marshall,ignore,democrat,420,1000
11/05/1996,KS,Marshall,ignore,republican,580,1000
11/05/1996,LA,East_Carroll,ignore,democrat,580,1000
11/05/1996,LA,East_Carroll,ignore,republican,420,1000
11/05/1996,MD,Somerset,ignore,democrat,510,1000
11/05/1996,MD,Somerset,ignore,republican,490,1000
11/05/1996,NM,Santa_Fe,ignore,democrat,580,1000
11/05/1996,NM,Santa_Fe,ignore,republican,420,1000
11/05/1996,AR,Craighead,ignore,democrat,420,1000
11/05/1996,AR,Craighead,ignore,republican,580,1000
11/05/1996,FL,Pasco,ignore,democrat,510,1000
11/05/1996,FL,Pasco,ignore,republican,490,1000
11/05/1996,GA,Echols,ignore,democrat,420,1000
11/05/1996,GA,Echols,ignore,republican,580,1000
11/05/1996,IN,Dearborn,ignore,democrat,420,1000
11/05/1996,IN,Dearborn,ignore,republican,580,1000
11/05/1996,IA,Allamakee,ignore,democrat,530,1000
11/05/1996,IA,Allamakee,ignore,republican,470,1000
11/05/1996,NC,Washington,ignore,democrat,580,1000
11/05/1996,NC,Washington,ignore,republican,420,1000
11/05/1996,OH,Stark,ignore,democrat,510,1000
11/05/1996,OH,Stark,ignore,republican,490,1000
11/05/1996,OK,Ottawa,ignore,democrat,420,1000
11/05/1996,OK,Ottawa,ignore,republican,580,1000
11/05/1996,PA,Clearfield,ignore,democrat,420,1000
11/05/1996,PA,Clearfield,ignore,republican,580,1000
11/05/1996,TN,Gibson,ignore,democrat,420,1000
11/05/1996,TN,Gibson,ignore,republican,580,1000
11/05/1996,TN,Robertson,ignore,democrat,420,1000
11/05/1996,TN,Robertson,ignore,republican,580,1000
11/05/1996,KY,Caldwell,ignore,democrat,420,1000
11/05/1996,KY,Caldwell,ignore,republican,580,1000
11/05/1996,AR,Fulton,ignore,democrat,420,1000
11/05/1996,AR,Fulton,ignore,republican,580,1000
11/05/1996,LA,Catahoula,ignore,democrat,420,1000
11/05/1996,LA,Catahoula,ignore,republican,580,1000
11/05/1996,LA,Franklin,ignore,democrat,420,1000
11/05/1996,LA,Franklin,ignore,republican,580,1000
11/05/1996,GA,Macon,ignore,democrat,580,1000
11/05/1996,GA,Macon,ignore,republican,420,1000
11/05/1996,MN,Winona,ignore,democrat,530,1000
11/05/1996,MN,Winona,ignore,republican,470,1000
11/05/1996,NC,Martin,ignore,democrat,580,1000
11/05/1996,NC,Martin,ignore,republican,420,1000
11/05/1996,OH,Adams,ignore,democrat,420,1000
11/05/1996,OH,Adams,ignore,republican,580,1000
11/05/1996,NJ,Cape_May,ignore,democrat,470,1000
11/05/1996,NJ,Cape_May,ignore,republican,530,1000
11/05/1996,NE,Saunders,ignore,democrat,470,1000
11/05/1996,NE,Saunders,ignore,republican,530,1000
11/05/1996,GA,McDuffie,ignore,democrat,470,1000
11/05/1996,GA,McDuffie,ignore,republican,530,1000
11/05/1996,GA,Laurens,ignore,democrat,420,1000
11/05/1996,GA,Laurens,ignore,republican,580,1000
11/05/1996,OR,Umatilla,ignore,democrat,420,1000
11/05/1996,OR,Umatilla,ignore,republican,580,1000
11/05/1996,GA,Dawson,ignore,democrat,420,1000
11/05/1996,GA,Dawson,ignore,republican,580,1000
11/05/1996,GA,Jefferson,ignore,democrat,530,1000
11/05/1996,GA,Jefferson,ignore,republican,470,1000
11/05/1996,AK,Juneau,ignore,democrat,580,1000
11/05/1996,AK,Juneau,ignore,republican,420,1000
11/05/1996,OK,Kay,ignore,democrat,420,1000
11/05/1996,OK,Kay,ignore,republican,580,1000
11/05/1996,NY,Warren,ignore,democrat,530,1000
11/05/1996,NY,Warren,ignore,republican,470,1000
11/05/1996,NY,Saratoga,ignore,democrat,530,1000
11/05/1996,NY,Saratoga,ignore,republican,470,1000
11/05/1996,LA,St_John_the_Baptist,ignore,democrat,580,1000
11/05/1996,LA,St_John_the_Baptist,ignore,republican,420,1000
11/05/1996,TX,Hopkins,ignore,democrat,420,1000
11/05/1996,TX,Hopkins,ignore,republican,580,1000
11/05/1996,NV,Churchill,ignore,democrat,420,1000
11/05/1996,NV,Churchill,ignore,republican,580,1000
11/05/1996,TX,Williamson,ignore,democrat,530,1000
11/05/1996,TX,Williamson,ignore,republican,470,1000
11/05/1996,WY,Weston,ignore,democrat,420,1000
11/05/1996,WY,Weston,ignore,republican,580,1000
11/05/1996,CA,Humboldt,ignore,democrat,580,1000
11/05/1996,CA,Humboldt,ignore,republican,420,1000
11/05/1996,NJ,Somerset,ignore,democrat,580,1000
11/05/1996,NJ,Somerset,ignore,republican,420,1000
11/05/1996,TX,Hamilton,ignore,democrat,420,1000
11/05/1996,TX,Hamilton,ignore,republican,580,1000
11/05/1996,TX,Hardeman,ignore,democrat,420,1000
11/05/1996,TX,Hardeman,ignore,republican,580,1000
11/05/1996,AK,Aleutians_West,ignore,democrat,420,1000
11/05/1996,AK,Aleutians_West,ignore,republican,580,1000
11/05/1996,IL,Tazewell,ignore,democrat,497,1000
11/05/1996,IL,Tazewell,ignore,republican,503,1000
11/05/1996,CO,Yuma,ignore,democrat,420,1000
11/05/1996,CO,Yuma,ignore,republican,580,1000
11/05/1996,IA,Sac,ignore,democrat,420,1000
11/05/1996,IA,Sac,ignore,republican,580,1000
11/05/1996,IA,Sioux,ignore,democrat,420,1000
11/05/1996,IA,Sioux,ignore,republican,580,1000
11/05/1996,TX,Coleman,ignore,democrat,420,1000
11/05/1996,TX,Coleman,ignore,republican,580,1000
11/05/1996,GA,Bartow,ignore,democrat,420,1000
11/05/1996,GA,Bartow,ignore,republican,580,1000
11/05/1996,OK,Osage,ignore,democrat,420,1000
11/05/1996,OK,Osage,ignore,republican,580,1000
11/05/1996,NY,Albany,ignore,democrat,580,1000
11/05/1996,NY,Albany,ignore,republican,420,1000
11/05/1996,MS,Jefferson,ignore,democrat,580,1000
11/05/1996,MS,Jefferson,ignore,republican,420,1000
11/05/1996,TN,Lincoln,ignore,democrat,420,1000
11/05/1996,TN,Lincoln,ignore,republican,580,1000
11/05/1996,VA,Madison,ignore,democrat,420,1000
11/05/1996,VA,Madison,ignore,republican,580,1000
11/05/1996,OK,Atoka,ignore,democrat,420,1000
11/05/1996,OK,Atoka,ignore,republican,580,1000
11/05/1996,IA,Dallas,ignore,democrat,530,1000
11/05/1996,IA,Dallas,ignore,republican,470,1000
11/05/1996,AK,Fairbanks_North_Star,ignore,democrat,470,1000
11/05/1996,AK,Fairbanks_North_Star,ignore,republican,530,1000
11/05/1996,ND,Pembina,ignore,democrat,420,1000
11/05/1996,ND,Pembina,ignore,republican,580,1000
11/05/1996,AR,Izard,ignore,democrat,420,1000
11/05/1996,AR,Izard,ignore,republican,580,1000
11/05/1996,VA,Alexandria,ignore,democrat,580,1000
11/05/1996,VA,Alexandria,ignore,republican,420,1000
11/05/1996,VA,Buena_Vista,ignore,democrat,420,1000
11/05/1996,VA,Buena_Vista,ignore,republican,580,1000
11/05/1996,IA,Polk,ignore,democrat,580,1000
11/05/1996,IA,Polk,ignore,republican,420,1000
11/05/1996,FL,Polk,ignore,democrat,530,1000
11/05/1996,FL,Polk,ignore,republican,470,1000
11/05/1996,GA,Early,ignore,democrat,470,1000
11/05/1996,GA,Early,ignore,republican,530,1000
11/05/1996,TX,Terrell,ignore,democrat,420,1000
11/05/1996,TX,Terrell,ignore,republican,580,1000
11/05/1996,IL,Wayne,ignore,democrat,420,1000
11/05/1996,IL,Wayne,ignore,republican,580,1000
11/05/1996,FL,Sumter,ignore,democrat,420,1000
11/05/1996,FL,Sumter,ignore,republican,580,1000
11/05/1996,TX,Burleson,ignore,democrat,420,1000
11/05/1996,TX,Burleson,ignore,republican,580,1000
11/05/1996,VA,Fauquier,ignore,democrat,470,1000
11/05/1996,VA,Fauquier,ignore,republican,530,1000
11/05/1996,NY,Washington,ignore,democrat,470,1000
11/05/1996,NY,Washington,ignore,republican,530,1000
11/05/1996,TX,Waller,ignore,democrat,470,1000
11/05/1996,TX,Waller,ignore,republican,530,1000
11/05/1996,MI,Cass,ignore,democrat,470,1000
11/05/1996,MI,Cass,ignore,republican,530,1000
11/05/1996,ID,Caribou,ignore,democrat,420,1000
11/05/1996,ID,Caribou,ignore,republican,580,1000
11/05/1996,FL,Sarasota,ignore,democrat,530,1000
11/05/1996,FL,Sarasota,ignore,republican,470,1000
11/05/1996,GA,Emanuel,ignore,democrat,420,1000
11/05/1996,GA,Emanuel,ignore,republican,580,1000
11/05/1996,GA,Talbot,ignore,democrat,580,1000
11/05/1996,GA,Talbot,ignore,republican,420,1000
11/05/1996,PA,York,ignore,democrat,470,1000
11/05/1996,PA,York,ignore,republican,530,1000
11/05/1996,NE,Dodge,ignore,democrat,420,1000
11/05/1996,NE,Dodge,ignore,republican,580,1000
11/05/1996,NC,Granville,ignore,democrat,470,1000
11/05/1996,NC,Granville,ignore,republican,530,1000
11/05/1996,PA,Allegheny,ignore,democrat,580,1000
11/05/1996,PA,Allegheny,ignore,republican,420,1000
11/05/1996,CA,Trinity,ignore,democrat,510,1000
11/05/1996,CA,Trinity,ignore,republican,490,1000
11/05/1996,IL,Hardin,ignore,democrat,420,1000
11/05/1996,IL,Hardin,ignore,republican,580,1000
11/05/1996,GA,Lumpkin,ignore,democrat,420,1000
11/05/1996,GA,Lumpkin,ignore,republican,580,1000
11/05/1996,OK,Johnston,ignore,democrat,420,1000
11/05/1996,OK,Johnston,ignore,republican,580,1000
11/05/1996,TX,Montgomery,ignore,democrat,420,1000
11/05/1996,TX,Montgomery,ignore,republican,580,1000
11/05/1996,OK,McIntosh,ignore,democrat,470,1000
11/05/1996,OK,McIntosh,ignore,republican,530,1000
11/05/1996,OK,Marshall,ignore,democrat,420,1000
11/05/1996,OK,Marshall,ignore,republican,580,1000
11/05/1996,TX,Robertson,ignore,democrat,420,1000
11/05/1996,TX,Robertson,ignore,republican,580,1000
11/05/1996,WI,Sauk,ignore,democrat,530,1000
11/05/1996,WI,Sauk,ignore,republican,470,1000
11/05/1996,AR,Prairie,ignore,democrat,420,1000
11/05/1996,AR,Prairie,ignore,republican,580,1000
11/05/1996,WI,Milwaukee,ignore,democrat,580,1000
11/05/1996,WI,Milwaukee,ignore,republican,420,1000
11/05/1996,WI,Jackson,ignore,democrat,470,1000
11/05/1996,WI,Jackson,ignore,republican,530,1000
11/05/1996,WI,Oconto,ignore,democrat,420,1000
11/05/1996,WI,Oconto,ignore,republican,580,1000
11/05/1996,AK,Denali,ignore,democrat,470,1000
11/05/1996,AK,Denali,ignore,republican,530,1000
11/05/1996,WI,Vilas,ignore,democrat,420,1000
11/05/1996,WI,Vilas,ignore,republican,580,1000
11/05/1996,CA,Inyo,ignore,democrat,503,1000
11/05/1996,CA,Inyo,ignore,republican,497,1000
11/05/1996,NC,Iredell,ignore,democrat,420,1000
11/05/1996,NC,Iredell,ignore,republican,580,1000
11/05/1996,AR,Pulaski,ignore,democrat,580,1000
11/05/1996,AR,Pulaski,ignore,republican,420,1000
11/05/1996,MO,Vernon,ignore,democrat,420,1000
11/05/1996,MO,Vernon,ignore,republican,580,1000
11/05/1996,IL,Carroll,ignore,democrat,470,1000
11/05/1996,IL,Carroll,ignore,republican,530,1000
11/05/1996,GA,Hart,ignore,democrat,420,1000
11/05/1996,GA,Hart,ignore,republican,580,1000
11/05/1996,IL,Adams,ignore,democrat,420,1000
11/05/1996,IL,Adams,ignore,republican,580,1000
11/05/1996,TX,Tyler,ignore,democrat,420,1000
11/05/1996,TX,Tyler,ignore,republican,580,1000
11/05/1996,GA,Lamar,ignore,democrat,420,1000
11/05/1996,GA,Lamar,ignore,republican,580,1000
11/05/1996,TX,Polk,ignore,democrat,420,1000
11/05/1996,TX,Polk,ignore,republican,580,1000
11/05/1996,CA,Sacramento,ignore,democrat,580,1000
11/05/1996,CA,Sacramento,ignore,republican,420,1000
11/05/1996,OK,Pushmataha,ignore,democrat,420,1000
11/05/1996,OK,Pushmataha,ignore,republican,580,1000
11/05/1996,VA,Greene,ignore,democrat,420,1000
11/05/1996,VA,Greene,ignore,republican,580,1000
11/05/1996,OH,Belmont,ignore,democrat,470,1000
11/05/1996,OH,Belmont,ignore,republican,530,1000
11/05/1996,WI,Washburn,ignore,democrat,470,1000
11/05/1996,WI,Washburn,ignore,republican,530,1000
11/05/1996,AR,Ouachita,ignore,democrat,470,1000
11/05/1996,AR,Ouachita,ignore,republican,530,1000
11/05/1996,SC,Colleton,ignore,democrat,530,1000
11/05/1996,SC,Colleton,ignore,republican,470,1000
11/05/1996,PA,Butler,ignore,democrat,420,1000
11/05/1996,PA,Butler,ignore,republican,580,1000
11/05/1996,AR,Sevier,ignore,democrat,420,1000
11/05/1996,AR,Sevier,ignore,republican,580,1000
11/05/1996,OH,Lorain,ignore,democrat,580,1000
11/05/1996,OH,Lorain,ignore,republican,420,1000
11/05/1996,LA,St_Mary,ignore,democrat,420,1000
11/05/1996,LA,St_Mary,ignore,republican,580,1000
11/05/1996,MO,Pike,ignore,democrat,420,1000
11/05/1996,MO,Pike,ignore,republican,580,1000
11/05/1996,OK,Craig,ignore,democrat,420,1000
11/05/1996,OK,Craig,ignore,republican,580,1000
11/05/1996,KS,Sedgwick,ignore,democrat,530,1000
11/05/1996,KS,Sedgwick,ignore,republican,470,1000
11/05/1996,IN,Jasper,ignore,democrat,420,1000
11/05/1996,IN,Jasper,ignore,republican,580,1000
11/05/1996,CA,Napa,ignore,democrat,580,1000
11/05/1996,CA,Napa,ignore,republican,420,1000
11/05/1996,TX,Loving,ignore,democrat,420,1000
11/05/1996,TX,Loving,ignore,republican,580,1000
11/05/1996,MO,Johnson,ignore,democrat,420,1000
11/05/1996,MO,Johnson,ignore,republican,580,1000
11/05/1996,CO,Broomfield,ignore,democrat,580,1000
11/05/1996,CO,Broomfield,ignore,republican,420,1000
11/05/1996,VA,Page,ignore,democrat,420,1000
11/05/1996,VA,Page,ignore,republican,580,1000
11/05/1996,WV,Mason,ignore,democrat,420,1000
11/05/1996,WV,Mason,ignore,republican,580,1000
11/05/1996,AL,Winston,ignore,democrat,420,1000
11/05/1996,AL,Winston,ignore,republican,580,1000
11/05/1996,AL,Perry,ignore,democrat,420,1000
11/05/1996,AL,Perry,ignore,republican,580,1000
11/05/1996,OH,Meigs,ignore,democrat,420,1000
11/05/1996,OH,Meigs,ignore,republican,580,1000
11/05/1996,SD,Buffalo,ignore,democrat,420,1000
11/05/1996,SD,Buffalo,ignore,republican,580,1000
11/05/1996,SD,Mellette,ignore,democrat,420,1000
11/05/1996,SD,Mellette,ignore,republican,580,1000
11/05/1996,NY,Chautauqua,ignore,democrat,420,1000
11/05/1996,NY,Chautauqua,ignore,republican,580,1000
11/05/1996,SD,Oglala_Lakota,ignore,democrat,580,1000
11/05/1996,SD,Oglala_Lakota,ignore,republican,420,1000
11/05/1996,DC,District_of_Columbia,ignore,democrat,580,1000
11/05/1996,DC,District_of_Columbia,ignore,republican,420,1000
11/05/1996,10,New_Castle,ignore,democrat,580,1000
11/05/1996,10,New_Castle,ignore,republican,420,1000
11/05/1996,CO,Denver,ignore,democrat,580,1000
11/05/1996,CO,Denver,ignore,republican,420,1000
11/05/1996,NJ,Morris,ignore,democrat,530,1000
11/05/1996,NJ,Morris,ignore,republican,470,1000
11/05/1996,AL,Hale,ignore,democrat,420,1000
11/05/1996,AL,Hale,ignore,republican,580,1000
11/05/1996,OH,Washington,ignore,democrat,420,1000
11/05/1996,OH,Washington,ignore,republican,580,1000
11/05/1996,WV,Calhoun,ignore,democrat,420,1000
11/05/1996,WV,Calhoun,ignore,republican,580,1000
11/05/1996,PA,Crawford,ignore,democrat,420,1000
11/05/1996,PA,Crawford,ignore,republican,580,1000
11/05/1996,SD,Todd,ignore,democrat,420,1000
11/05/1996,SD,Todd,ignore,republican,580,1000
11/05/1996,MT,Dawson,ignore,democrat,420,1000
11/05/1996,MT,Dawson,ignore,republican,580,1000
11/05/1996,TX,Montague,ignore,democrat,420,1000
11/05/1996,TX,Montague,ignore,republican,580,1000
11/05/1996,MT,Richland,ignore,democrat,420,1000
11/05/1996,MT,Richland,ignore,republican,580,1000
11/05/1996,TX,Gray,ignore,democrat,420,1000
11/05/1996,TX,Gray,ignore,republican,580,1000
11/05/1996,AR,Greene,ignore,democrat,470,1000
11/05/1996,AR,Greene,ignore,republican,530,1000
11/05/1996,GA,Appling,ignore,democrat,420,1000
11/05/1996,GA,Appling,ignore,republican,580,1000
11/05/1996,AL,Elmore,ignore,democrat,420,1000
11/05/1996,AL,Elmore,ignore,republican,580,1000
11/05/1996,GA,Coweta,ignore,democrat,420,1000
11/05/1996,GA,Coweta,ignore,republican,580,1000
11/05/1996,IN,Elkhart,ignore,democrat,420,1000
11/05/1996,IN,Elkhart,ignore,republican,580,1000
11/05/1996,NC,Yadkin,ignore,democrat,420,1000
11/05/1996,NC,Yadkin,ignore,republican,580,1000
11/05/1996,AL,Chilton,ignore,democrat,420,1000
11/05/1996,AL,Chilton,ignore,republican,580,1000
11/05/1996,OH,Wood,ignore,democrat,510,1000
11/05/1996,OH,Wood,ignore,republican,490,1000
11/05/1996,NY,Westchester,ignore,democrat,580,1000
11/05/1996,NY,Westchester,ignore,republican,420,1000
11/05/1996,LA,Orleans,ignore,democrat,580,1000
11/05/1996,LA,Orleans,ignore,republican,420,1000
11/05/1996,WV,Mineral,ignore,democrat,420,1000
11/05/1996,WV,Mineral,ignore,republican,580,1000
11/05/1996,AL,Walker,ignore,democrat,420,1000
11/05/1996,AL,Walker,ignore,republican,580,1000
11/05/1996,WV,Monongalia,ignore,democrat,530,1000
11/05/1996,WV,Monongalia,ignore,republican,470,1000
11/05/1996,WV,Pleasants,ignore,democrat,420,1000
11/05/1996,WV,Pleasants,ignore,republican,580,1000
11/05/1996,NY,Rensselaer,ignore,democrat,510,1000
11/05/1996,NY,Rensselaer,ignore,republican,490,1000
11/05/1996,NC,Cleveland,ignore,democrat,420,1000
11/05/1996,NC,Cleveland,ignore,republican,580,1000
11/05/1996,NC,Gaston,ignore,democrat,470,1000
11/05/1996,NC,Gaston,ignore,republican,530,1000
11/05/1996,NJ,Cumberland,ignore,democrat,580,1000
11/05/1996,NJ,Cumberland,ignore,republican,420,1000
11/05/1996,CO,Eagle,ignore,democrat,580,1000
11/05/1996,CO,Eagle,ignore,republican,420,1000
11/05/1996,TX,Jack,ignore,democrat,420,1000
11/05/1996,TX,Jack,ignore,republican,580,1000
11/05/1996,AL,Coosa,ignore,democrat,420,1000
11/05/1996,AL,Coosa,ignore,republican,580,1000
11/05/1996,FL,St_Lucie,ignore,democrat,530,1000
11/05/1996,FL,St_Lucie,ignore,republican,470,1000
11/05/1996,AL,Henry,ignore,democrat,420,1000
11/05/1996,AL,Henry,ignore,republican,580,1000
11/05/1996,CA,Santa_Cruz,ignore,democrat,580,1000
11/05/1996,CA,Santa_Cruz,ignore,republican,420,1000
11/05/1996,KS,Labette,ignore,democrat,470,1000
11/05/1996,KS,Labette,ignore,republican,530,1000
11/05/1996,GA,Baldwin,ignore,democrat,580,1000
11/05/1996,GA,Baldwin,ignore,republican,420,1000
11/05/1996,LA,St_Bernard,ignore,democrat,470,1000
11/05/1996,LA,St_Bernard,ignore,republican,530,1000
11/05/1996,VA,Suffolk,ignore,democrat,580,1000
11/05/1996,VA,Suffolk,ignore,republican,420,1000
11/05/1996,CO,Jefferson,ignore,democrat,530,1000
11/05/1996,CO,Jefferson,ignore,republican,470,1000
11/05/1996,WV,Pendleton,ignore,democrat,420,1000
11/05/1996,WV,Pendleton,ignore,republican,580,1000
11/05/1996,VA,Tazewell,ignore,democrat,420,1000
11/05/1996,VA,Tazewell,ignore,republican,580,1000
11/05/1996,MO,Clark,ignore,democrat,420,1000
11/05/1996,MO,Clark,ignore,republican,580,1000
11/05/1996,NJ,Salem,ignore,democrat,530,1000
11/05/1996,NJ,Salem,ignore,republican,470,1000
11/05/1996,PA,Warren,ignore,democrat,420,1000
11/05/1996,PA,Warren,ignore,republican,580,1000
11/05/1996,ND,Grand_Forks,ignore,democrat,470,1000
11/05/1996,ND,Grand_Forks,ignore,republican,530,1000
11/05/1996,OK,Delaware,ignore,democrat,420,1000
11/05/1996,OK,Delaware,ignore,republican,580,1000
11/05/1996,CO,Hinsdale,ignore,democrat,470,1000
11/05/1996,CO,Hinsdale,ignore,republican,530,1000
11/05/1996,AL,Macon,ignore,democrat,420,1000
11/05/1996,AL,Macon,ignore,republican,580,1000
11/05/1996,VA,Carroll,ignore,democrat,420,1000
11/05/1996,VA,Carroll,ignore,republican,580,1000
11/05/1996,CA,Placer,ignore,democrat,490,1000
11/05/1996,CA,Placer,ignore,republican,510,1000
11/05/1996,OH,Medina,ignore,democrat,470,1000
11/05/1996,OH,Medina,ignore,republican,530,1000
11/05/1996,OK,Cotton,ignore,democrat,420,1000
11/05/1996,OK,Cotton,ignore,republican,580,1000
11/05/1996,OK,Jackson,ignore,democrat,420,1000
11/05/1996,OK,Jackson,ignore,republican,580,1000
11/05/1996,LA,Ouachita,ignore,democrat,420,1000
11/05/1996,LA,Ouachita,ignore,republican,580,1000
11/05/1996,CO,El_Paso,ignore,democrat,470,1000
11/05/1996,CO,El_Paso,ignore,republican,530,1000
11/05/1996,WV,Ritchie,ignore,democrat,420,1000
11/05/1996,WV,Ritchie,ignore,republican,580,1000
11/05/1996,VA,Floyd,ignore,democrat,420,1000
11/05/1996,VA,Floyd,ignore,republican,580,1000
11/05/1996,MT,Fallon,ignore,democrat,420,1000
11/05/1996,MT,Fallon,ignore,republican,580,1000
11/05/1996,MT,Prairie,ignore,democrat,420,1000
11/05/1996,MT,Prairie,ignore,republican,580,1000
11/05/1996,TX,Brown,ignore,democrat,420,1000
11/05/1996,TX,Brown,ignore,republican,580,1000
11/05/1996,TX,Ector,ignore,democrat,420,1000
11/05/1996,TX,Ector,ignore,republican,580,1000
11/05/1996,UT,Emery,ignore,democrat,420,1000
11/05/1996,UT,Emery,ignore,republican,580,1000
11/05/1996,NY,Richmond,ignore,democrat,530,1000
11/05/1996,NY,Richmond,ignore,republican,470,1000
11/05/1996,NC,Dare,ignore,democrat,580,1000
11/05/1996,NC,Dare,ignore,republican,420,1000
11/05/1996,NE,Butler,ignore,democrat,420,1000
11/05/1996,NE,Butler,ignore,republican,580,1000
11/05/1996,TX,Lamar,ignore,democrat,420,1000
11/05/1996,TX,Lamar,ignore,republican,580,1000
11/05/1996,KS,Dickinson,ignore,democrat,420,1000
11/05/1996,KS,Dickinson,ignore,republican,580,1000
11/05/1996,ID,Jerome,ignore,democrat,420,1000
11/05/1996,ID,Jerome,ignore,republican,580,1000
11/05/1996,OH,Mercer,ignore,democrat,420,1000
11/05/1996,OH,Mercer,ignore,republican,580,1000
11/05/1996,IL,Livingston,ignore,democrat,420,1000
11/05/1996,IL,Livingston,ignore,republican,580,1000
11/05/1996,IA,Dubuque,ignore,democrat,580,1000
11/05/1996,IA,Dubuque,ignore,republican,420,1000
11/05/1996,ID,Madison,ignore,democrat,420,1000
11/05/1996,ID,Madison,ignore,republican,580,1000
11/05/1996,LA,Plaquemines,ignore,democrat,420,1000
11/05/1996,LA,Plaquemines,ignore,republican,580,1000
11/05/1996,LA,Pointe_Coupee,ignore,democrat,490,1000
11/05/1996,LA,Pointe_Coupee,ignore,republican,510,1000
11/05/1996,MT,Missoula,ignore,democrat,580,1000
11/05/1996,MT,Missoula,ignore,republican,420,1000
11/05/1996,UT,Grand,ignore,democrat,420,1000
11/05/1996,UT,Grand,ignore,republican,580,1000
11/05/1996,TX,Bexar,ignore,democrat,580,1000
11/05/1996,TX,Bexar,ignore,republican,420,1000
11/05/1996,HI,Honolulu,ignore,democrat,580,1000
11/05/1996,HI,Honolulu,ignore,republican,420,1000
11/05/1996,GA,Oglethorpe,ignore,democrat,420,1000
11/05/1996,GA,Oglethorpe,ignore,republican,580,1000
11/05/1996,GA,Peach,ignore,democrat,530,1000
11/05/1996,GA,Peach,ignore,republican,470,1000
11/05/1996,OH,Clinton,ignore,democrat,420,1000
11/05/1996,OH,Clinton,ignore,republican,580,1000
11/05/1996,GA,Randolph,ignore,democrat,530,1000
11/05/1996,GA,Randolph,ignore,republican,470,1000
11/05/1996,GA,Jasper,ignore,democrat,420,1000
11/05/1996,GA,Jasper,ignore,republican,580,1000
11/05/1996,TX,Jackson,ignore,democrat,420,1000
11/05/1996,TX,Jackson,ignore,republican,580,1000
11/05/1996,GA,Troup,ignore,democrat,420,1000
11/05/1996,GA,Troup,ignore,republican,580,1000
11/05/1996,GA,Brantley,ignore,democrat,420,1000
11/05/1996,GA,Brantley,ignore,republican,580,1000
11/05/1996,GA,Bryan,ignore,democrat,580,1000
11/05/1996,GA,Bryan,ignore,republican,420,1000
11/05/1996,TX,Leon,ignore,democrat,420,1000
11/05/1996,TX,Leon,ignore,republican,580,1000
11/05/1996,CA,Merced,ignore,democrat,530,1000
11/05/1996,CA,Merced,ignore,republican,470,1000
11/05/1996,FL,Martin,ignore,democrat,470,1000
11/05/1996,FL,Martin,ignore,republican,530,1000
11/05/1996,TX,Ward,ignore,democrat,420,1000
11/05/1996,TX,Ward,ignore,republican,580,1000
11/05/1996,TX,Wichita,ignore,democrat,420,1000
11/05/1996,TX,Wichita,ignore,republican,580,1000
11/05/1996,NY,Cayuga,ignore,democrat,530,1000
11/05/1996,NY,Cayuga,ignore,republican,470,1000
11/05/1996,NC,Hertford,ignore,democrat,580,1000
11/05/1996,NC,Hertford,ignore,republican,420,1000
11/05/1996,CO,Park,ignore,democrat,420,1000
11/05/1996,CO,Park,ignore,republican,580,1000
11/05/1996,CO,Teller,ignore,democrat,420,1000
11/05/1996,CO,Teller,ignore,republican,580,1000
11/05/1996,UT,Sevier,ignore,democrat,420,1000
11/05/1996,UT,Sevier,ignore,republican,580,1000
11/05/1996,UT,Tooele,ignore,democrat,420,1000
11/05/1996,UT,Tooele,ignore,republican,580,1000
11/05/1996,TX,Maverick,ignore,democrat,420,1000
11/05/1996,TX,Maverick,ignore,republican,580,1000
11/05/1996,FL,Suwannee,ignore,democrat,420,1000
11/05/1996,FL,Suwannee,ignore,republican,580,1000
11/05/1996,UT,Wasatch,ignore,democrat,420,1000
11/05/1996,UT,Wasatch,ignore,republican,580,1000
11/05/1996,OR,Malheur,ignore,democrat,420,1000
11/05/1996,OR,Malheur,ignore,republican,580,1000
11/05/1996,GA,Fayette,ignore,democrat,530,1000
11/05/1996,GA,Fayette,ignore,republican,470,1000
11/05/1996,KY,Floyd,ignore,democrat,420,1000
11/05/1996,KY,Floyd,ignore,republican,580,1000
11/05/1996,CO,Logan,ignore,democrat,420,1000
11/05/1996,CO,Logan,ignore,republican,580,1000
11/05/1996,OH,Montgomery,ignore,democrat,530,1000
11/05/1996,OH,Montgomery,ignore,republican,470,1000
11/05/1996,CO,Mesa,ignore,democrat,420,1000
11/05/1996,CO,Mesa,ignore,republican,580,1000
11/05/1996,IA,Howard,ignore,democrat,580,1000
11/05/1996,IA,Howard,ignore,republican,420,1000
11/05/1996,IL,Menard,ignore,democrat,420,1000
11/05/1996,IL,Menard,ignore,republican,580,1000
11/05/1996,TX,Mills,ignore,democrat,420,1000
11/05/1996,TX,Mills,ignore,republican,580,1000
11/05/1996,IL,Monroe,ignore,democrat,530,1000
11/05/1996,IL,Monroe,ignore,republican,470,1000
11/05/1996,OR,Douglas,ignore,democrat,420,1000
11/05/1996,OR,Douglas,ignore,republican,580,1000
11/05/1996,WI,Crawford,ignore,democrat,510,1000
11/05/1996,WI,Crawford,ignore,republican,490,1000
11/05/1996,TX,Haskell,ignore,democrat,420,1000
11/05/1996,TX,Haskell,ignore,republican,580,1000
11/05/1996,OK,Logan,ignore,democrat,420,1000
11/05/1996,OK,Logan,ignore,republican,580,1000
11/05/1996,WA,Grays_Harbor,ignore,democrat,530,1000
11/05/1996,WA,Grays_Harbor,ignore,republican,470,1000
11/05/1996,WA,Lincoln,ignore,democrat,420,1000
11/05/1996,WA,Lincoln,ignore,republican,580,1000
11/05/1996,WA,Okanogan,ignore,democrat,490,1000
11/05/1996,WA,Okanogan,ignore,republican,510,1000
11/05/1996,IA,Monona,ignore,democrat,470,1000
11/05/1996,IA,Monona,ignore,republican,530,1000
11/05/1996,GA,Taliaferro,ignore,democrat,580,1000
11/05/1996,GA,Taliaferro,ignore,republican,420,1000
11/05/1996,OK,Greer,ignore,democrat,420,1000
11/05/1996,OK,Greer,ignore,republican,580,1000
11/05/1996,GA,Terrell,ignore,democrat,530,1000
11/05/1996,GA,Terrell,ignore,republican,470,1000
11/05/1996,MD,Queen_Anne_s,ignore,democrat,470,1000
11/05/1996,MD,Queen_Anne_s,ignore,republican,530,1000
11/05/1996,OH,Noble,ignore,democrat,420,1000
11/05/1996,OH,Noble,ignore,republican,580,1000
11/05/1996,CO,Prowers,ignore,democrat,420,1000
11/05/1996,CO,Prowers,ignore,republican,580,1000
11/05/1996,ID,Latah,ignore,democrat,530,1000
11/05/1996,ID,Latah,ignore,republican,470,1000
11/05/1996,VA,Gloucester,ignore,democrat,420,1000
11/05/1996,VA,Gloucester,ignore,republican,580,1000
11/05/1996,CO,Rio_Blanco,ignore,democrat,420,1000
11/05/1996,CO,Rio_Blanco,ignore,republican,580,1000
11/05/1996,TX,Pecos,ignore,democrat,420,1000
11/05/1996,TX,Pecos,ignore,republican,580,1000
11/05/1996,IA,Marion,ignore,democrat,510,1000
11/05/1996,IA,Marion,ignore,republican,490,1000
11/05/1996,OH,Preble,ignore,democrat,420,1000
11/05/1996,OH,Preble,ignore,republican,580,1000
11/05/1996,GA,Rabun,ignore,democrat,420,1000
11/05/1996,GA,Rabun,ignore,republican,580,1000
11/05/1996,MO,Taney,ignore,democrat,420,1000
11/05/1996,MO,Taney,ignore,republican,580,1000
11/05/1996,TX,Marion,ignore,democrat,420,1000
11/05/1996,TX,Marion,ignore,republican,580,1000
11/05/1996,AR,Washington,ignore,democrat,530,1000
11/05/1996,AR,Washington,ignore,republican,470,1000
11/05/1996,WA,Skagit,ignore,democrat,530,1000
11/05/1996,WA,Skagit,ignore,republican,470,1000
11/05/1996,WA,Stevens,ignore,democrat,470,1000
11/05/1996,WA,Stevens,ignore,republican,530,1000
11/05/1996,TX,Matagorda,ignore,democrat,420,1000
11/05/1996,TX,Matagorda,ignore,republican,580,1000
11/05/1996,MA,Hampshire,ignore,democrat,580,1000
11/05/1996,MA,Hampshire,ignore,republican,420,1000
11/05/1996,OK,Mayes,ignore,democrat,420,1000
11/05/1996,OK,Mayes,ignore,republican,580,1000
11/05/1996,FL,Lake,ignore,democrat,470,1000
11/05/1996,FL,Lake,ignore,republican,530,1000
11/05/1996,10,Kent,ignore,democrat,530,1000
11/05/1996,10,Kent,ignore,republican,470,1000
11/05/1996,OH,Highland,ignore,democrat,420,1000
11/05/1996,OH,Highland,ignore,republican,580,1000
11/05/1996,GA,Clarke,ignore,democrat,580,1000
11/05/1996,GA,Clarke,ignore,republican,420,1000
11/05/1996,IA,Osceola,ignore,democrat,420,1000
11/05/1996,IA,Osceola,ignore,republican,580,1000
11/05/1996,CO,San_Juan,ignore,democrat,580,1000
11/05/1996,CO,San_Juan,ignore,republican,420,1000
11/05/1996,IA,Plymouth,ignore,democrat,420,1000
11/05/1996,IA,Plymouth,ignore,republican,580,1000
11/05/1996,VA,Hanover,ignore,democrat,420,1000
11/05/1996,VA,Hanover,ignore,republican,580,1000
11/05/1996,IA,Mills,ignore,democrat,420,1000
11/05/1996,IA,Mills,ignore,republican,580,1000
11/05/1996,SC,Oconee,ignore,democrat,420,1000
11/05/1996,SC,Oconee,ignore,republican,580,1000
11/05/1996,AR,Crawford,ignore,democrat,420,1000
11/05/1996,AR,Crawford,ignore,republican,580,1000
11/05/1996,TX,Harrison,ignore,democrat,420,1000
11/05/1996,TX,Harrison,ignore,republican,580,1000
11/05/1996,NY,Herkimer,ignore,democrat,420,1000
11/05/1996,NY,Herkimer,ignore,republican,580,1000
11/05/1996,WA,Whatcom,ignore,democrat,580,1000
11/05/1996,WA,Whatcom,ignore,republican,420,1000
11/05/1996,GA,Whitfield,ignore,democrat,420,1000
11/05/1996,GA,Whitfield,ignore,republican,580,1000
11/05/1996,WA,Douglas,ignore,democrat,420,1000
11/05/1996,WA,Douglas,ignore,republican,580,1000
11/05/1996,GA,Clinch,ignore,democrat,420,1000
11/05/1996,GA,Clinch,ignore,republican,580,1000
11/05/1996,ID,Adams,ignore,democrat,420,1000
11/05/1996,ID,Adams,ignore,republican,580,1000
11/05/1996,TX,Hockley,ignore,democrat,420,1000
11/05/1996,TX,Hockley,ignore,republican,580,1000
11/05/1996,IL,Pulaski,ignore,democrat,470,1000
11/05/1996,IL,Pulaski,ignore,republican,530,1000
11/05/1996,GA,Chattahoochee,ignore,democrat,510,1000
11/05/1996,GA,Chattahoochee,ignore,republican,490,1000
11/05/1996,AR,Randolph,ignore,democrat,420,1000
11/05/1996,AR,Randolph,ignore,republican,580,1000
11/05/1996,AR,White,ignore,democrat,420,1000
11/05/1996,AR,White,ignore,republican,580,1000
11/05/1996,MO,Howard,ignore,democrat,420,1000
11/05/1996,MO,Howard,ignore,republican,580,1000
11/05/1996,TX,Knox,ignore,democrat,420,1000
11/05/1996,TX,Knox,ignore,republican,580,1000
11/05/1996,NJ,Passaic,ignore,democrat,580,1000
11/05/1996,NJ,Passaic,ignore,republican,420,1000
11/05/1996,MT,Broadwater,ignore,democrat,420,1000
11/05/1996,MT,Broadwater,ignore,republican,580,1000
11/05/1996,GA,Jones,ignore,democrat,470,1000
11/05/1996,GA,Jones,ignore,republican,530,1000
11/05/1996,NY,Otsego,ignore,democrat,530,1000
11/05/1996,NY,Otsego,ignore,republican,470,1000
11/05/1996,TX,Franklin,ignore,democrat,420,1000
11/05/1996,TX,Franklin,ignore,republican,580,1000
11/05/1996,OK,Garvin,ignore,democrat,420,1000
11/05/1996,OK,Garvin,ignore,republican,580,1000
11/05/1996,NY,Hamilton,ignore,democrat,420,1000
11/05/1996,NY,Hamilton,ignore,republican,580,1000
11/05/1996,PA,Pike,ignore,democrat,490,1000
11/05/1996,PA,Pike,ignore,republican,510,1000
11/05/1996,VT,Orleans,ignore,democrat,580,1000
11/05/1996,VT,Orleans,ignore,republican,420,1000
11/05/1996,GA,Colquitt,ignore,democrat,420,1000
11/05/1996,GA,Colquitt,ignore,republican,580,1000
11/05/1996,VT,Chittenden,ignore,democrat,580,1000
11/05/1996,VT,Chittenden,ignore,republican,420,1000
11/05/1996,MT,Pondera,ignore,democrat,420,1000
11/05/1996,MT,Pondera,ignore,republican,580,1000
11/05/1996,WI,Columbia,ignore,democrat,530,1000
11/05/1996,WI,Columbia,ignore,republican,470,1000
11/05/1996,NE,Thurston,ignore,democrat,530,1000
11/05/1996,NE,Thurston,ignore,republican,470,1000
11/05/1996,AR,Woodruff,ignore,democrat,530,1000
11/05/1996,AR,Woodruff,ignore,republican,470,1000
11/05/1996,OK,Okfuskee,ignore,democrat,420,1000
11/05/1996,OK,Okfuskee,ignore,republican,580,1000
11/05/1996,TX,San_Patricio,ignore,democrat,470,1000
11/05/1996,TX,San_Patricio,ignore,republican,530,1000
11/05/1996,MS,Rankin,ignore,democrat,420,1000
11/05/1996,MS,Rankin,ignore,republican,580,1000
11/05/1996,NM,Curry,ignore,democrat,420,1000
11/05/1996,NM,Curry,ignore,republican,580,1000
11/05/1996,MS,Leflore,ignore,democrat,530,1000
11/05/1996,MS,Leflore,ignore,republican,470,1000
11/05/1996,TX,Hardin,ignore,democrat,420,1000
11/05/1996,TX,Hardin,ignore,republican,580,1000
11/05/1996,VA,Nelson,ignore,democrat,470,1000
11/05/1996,VA,Nelson,ignore,republican,530,1000
11/05/1996,TN,Jackson,ignore,democrat,420,1000
11/05/1996,TN,Jackson,ignore,republican,580,1000
11/05/1996,TX,Refugio,ignore,democrat,420,1000
11/05/1996,TX,Refugio,ignore,republican,580,1000
11/05/1996,FL,Columbia,ignore,democrat,420,1000
11/05/1996,FL,Columbia,ignore,republican,580,1000
11/05/1996,KS,Atchison,ignore,democrat,470,1000
11/05/1996,KS,Atchison,ignore,republican,530,1000
11/05/1996,AL,Jefferson,ignore,democrat,530,1000
11/05/1996,AL,Jefferson,ignore,republican,470,1000
11/05/1996,TX,Houston,ignore,democrat,420,1000
11/05/1996,TX,Houston,ignore,republican,580,1000
11/05/1996,WV,Marshall,ignore,democrat,420,1000
11/05/1996,WV,Marshall,ignore,republican,580,1000
11/05/1996,VA,Pulaski,ignore,democrat,420,1000
11/05/1996,VA,Pulaski,ignore,republican,580,1000
11/05/1996,MO,DeKalb,ignore,democrat,420,1000
11/05/1996,MO,DeKalb,ignore,republican,580,1000
11/05/1996,GA,Harris,ignore,democrat,420,1000
11/05/1996,GA,Harris,ignore,republican,580,1000
11/05/1996,GA,Houston,ignore,democrat,470,1000
11/05/1996,GA,Houston,ignore,republican,530,1000
11/05/1996,CO,Custer,ignore,democrat,470,1000
11/05/1996,CO,Custer,ignore,republican,530,1000
11/05/1996,MO,Reynolds,ignore,democrat,420,1000
11/05/1996,MO,Reynolds,ignore,republican,580,1000
11/05/1996,TX,San_Saba,ignore,democrat,420,1000
11/05/1996,TX,San_Saba,ignore,republican,580,1000
11/05/1996,CO,Fremont,ignore,democrat,420,1000
11/05/1996,CO,Fremont,ignore,republican,580,1000
11/05/1996,TX,Webb,ignore,democrat,490,1000
11/05/1996,TX,Webb,ignore,republican,510,1000
11/05/1996,KY,Pulaski,ignore,democrat,420,1000
11/05/1996,KY,Pulaski,ignore,republican,580,1000
11/05/1996,KS,Thomas,ignore,democrat,420,1000
11/05/1996,KS,Thomas,ignore,republican,580,1000
11/05/1996,UT,Box_Elder,ignore,democrat,420,1000
11/05/1996,UT,Box_Elder,ignore,republican,580,1000
11/05/1996,TN,Marion,ignore,democrat,420,1000
11/05/1996,TN,Marion,ignore,republican,580,1000
11/05/1996,MN,Chisago,ignore,democrat,420,1000
11/05/1996,MN,Chisago,ignore,republican,580,1000
11/05/1996,NC,Transylvania,ignore,democrat,490,1000
11/05/1996,NC,Transylvania,ignore,republican,510,1000
11/05/1996,MT,Treasure,ignore,democrat,420,1000
11/05/1996,MT,Treasure,ignore,republican,580,1000
11/05/1996,WA,Thurston,ignore,democrat,580,1000
11/05/1996,WA,Thurston,ignore,republican,420,1000
11/05/1996,MI,Barry,ignore,democrat,470,1000
11/05/1996,MI,Barry,ignore,republican,530,1000
11/05/1996,UT,Juab,ignore,democrat,420,1000
11/05/1996,UT,Juab,ignore,republican,580,1000
11/05/1996,VA,King_William,ignore,democrat,420,1000
11/05/1996,VA,King_William,ignore,republican,580,1000
11/05/1996,GA,Catoosa,ignore,democrat,420,1000
11/05/1996,GA,Catoosa,ignore,republican,580,1000
11/05/1996,NJ,Bergen,ignore,democrat,580,1000
11/05/1996,NJ,Bergen,ignore,republican,420,1000
11/05/1996,TX,Wilbarger,ignore,democrat,420,1000
11/05/1996,TX,Wilbarger,ignore,republican,580,1000
11/05/1996,OR,Coos,ignore,democrat,497,1000
11/05/1996,OR,Coos,ignore,republican,503,1000
11/05/1996,AZ,Yuma,ignore,democrat,490,1000
11/05/1996,AZ,Yuma,ignore,republican,510,1000
11/05/1996,IL,Rock_Island,ignore,democrat,580,1000
11/05/1996,IL,Rock_Island,ignore,republican,420,1000
11/05/1996,KY,Fleming,ignore,democrat,420,1000
11/05/1996,KY,Fleming,ignore,republican,580,1000
11/05/1996,WI,Menominee,ignore,democrat,580,1000
11/05/1996,WI,Menominee,ignore,republican,420,1000
11/05/1996,OK,Ellis,ignore,democrat,420,1000
11/05/1996,OK,Ellis,ignore,republican,580,1000
11/05/1996,VA,Alleghany,ignore,democrat,420,1000
11/05/1996,VA,Alleghany,ignore,republican,580,1000
11/05/1996,SD,Charles_Mix,ignore,democrat,420,1000
11/05/1996,SD,Charles_Mix,ignore,republican,580,1000
11/05/1996,TN,Hardeman,ignore,democrat,420,1000
11/05/1996,TN,Hardeman,ignore,republican,580,1000
11/05/1996,MT,Glacier,ignore,democrat,580,1000
11/05/1996,MT,Glacier,ignore,republican,420,1000
11/05/1996,MT,Park,ignore,democrat,510,1000
11/05/1996,MT,Park,ignore,republican,490,1000
11/05/1996,GA,Elbert,ignore,democrat,420,1000
11/05/1996,GA,Elbert,ignore,republican,580,1000
11/05/1996,MT,Sanders,ignore,democrat,420,1000
11/05/1996,MT,Sanders,ignore,republican,580,1000
11/05/1996,TX,Van_Zandt,ignore,democrat,420,1000
11/05/1996,TX,Van_Zandt,ignore,republican,580,1000
11/05/1996,NE,Gage,ignore,democrat,420,1000
11/05/1996,NE,Gage,ignore,republican,580,1000
11/05/1996,LA,St_Landry,ignore,democrat,470,1000
11/05/1996,LA,St_Landry,ignore,republican,530,1000
11/05/1996,ME,Knox,ignore,democrat,580,1000
11/05/1996,ME,Knox,ignore,republican,420,1000
11/05/1996,NV,Lyon,ignore,democrat,420,1000
11/05/1996,NV,Lyon,ignore,republican,580,1000
11/05/1996,AL,Colbert,ignore,democrat,420,1000
11/05/1996,AL,Colbert,ignore,republican,580,1000
11/05/1996,LA,Lincoln,ignore,democrat,420,1000
11/05/1996,LA,Lincoln,ignore,republican,580,1000
11/05/1996,CA,El_Dorado,ignore,democrat,530,1000
11/05/1996,CA,El_Dorado,ignore,republican,470,1000
11/05/1996,ID,Shoshone,ignore,democrat,530,1000
11/05/1996,ID,Shoshone,ignore,republican,470,1000
11/05/1996,TN,Wilson,ignore,democrat,420,1000
11/05/1996,TN,Wilson,ignore,republican,580,1000
11/05/1996,ND,Mercer,ignore,democrat,420,1000
11/05/1996,ND,Mercer,ignore,republican,580,1000
11/05/1996,TN,Unicoi,ignore,democrat,420,1000
11/05/1996,TN,Unicoi,ignore,republican,580,1000
11/05/1996,WY,Goshen,ignore,democrat,420,1000
11/05/1996,WY,Goshen,ignore,republican,580,1000
11/05/1996,MN,Nicollet,ignore,democrat,530,1000
11/05/1996,MN,Nicollet,ignore,republican,470,1000
11/05/1996,WA,Garfield,ignore,democrat,420,1000
11/05/1996,WA,Garfield,ignore,republican,580,1000
11/05/1996,MO,Cape_Girardeau,ignore,democrat,420,1000
11/05/1996,MO,Cape_Girardeau,ignore,republican,580,1000
11/05/1996,OK,Pawnee,ignore,democrat,420,1000
11/05/1996,OK,Pawnee,ignore,republican,580,1000
11/05/1996,NC,Swain,ignore,democrat,420,1000
11/05/1996,NC,Swain,ignore,republican,580,1000
11/05/1996,VA,Culpeper,ignore,democrat,470,1000
11/05/1996,VA,Culpeper,ignore,republican,530,1000
11/05/1996,NY,Tioga,ignore,democrat,470,1000
11/05/1996,NY,Tioga,ignore,republican,530,1000
11/05/1996,NC,Jackson,ignore,democrat,530,1000
11/05/1996,NC,Jackson,ignore,republican,470,1000
11/05/1996,TX,Bosque,ignore,democrat,420,1000
11/05/1996,TX,Bosque,ignore,republican,580,1000
11/05/1996,IL,Pope,ignore,democrat,420,1000
11/05/1996,IL,Pope,ignore,republican,580,1000
11/05/1996,IA,Buchanan,ignore,democrat,580,1000
11/05/1996,IA,Buchanan,ignore,republican,420,1000
11/05/1996,TN,Fentress,ignore,democrat,420,1000
11/05/1996,TN,Fentress,ignore,republican,580,1000
11/05/1996,IL,Sangamon,ignore,democrat,530,1000
11/05/1996,IL,Sangamon,ignore,republican,470,1000
11/05/1996,KS,Franklin,ignore,democrat,420,1000
11/05/1996,KS,Franklin,ignore,republican,580,1000
11/05/1996,OR,Jackson,ignore,democrat,530,1000
11/05/1996,OR,Jackson,ignore,republican,470,1000
11/05/1996,ID,Fremont,ignore,democrat,420,1000
11/05/1996,ID,Fremont,ignore,republican,580,1000
11/05/1996,NE,Holt,ignore,democrat,420,1000
11/05/1996,NE,Holt,ignore,republican,580,1000
11/05/1996,MO,Jackson,ignore,democrat,580,1000
11/05/1996,MO,Jackson,ignore,republican,420,1000
11/05/1996,VA,King_George,ignore,democrat,470,1000
11/05/1996,VA,King_George,ignore,republican,530,1000
11/05/1996,TX,Caldwell,ignore,democrat,503,1000
11/05/1996,TX,Caldwell,ignore,republican,497,1000
11/05/1996,VA,Lancaster,ignore,democrat,490,1000
11/05/1996,VA,Lancaster,ignore,republican,510,1000
11/05/1996,MO,Chariton,ignore,democrat,420,1000
11/05/1996,MO,Chariton,ignore,republican,580,1000
11/05/1996,MT,Cascade,ignore,democrat,510,1000
11/05/1996,MT,Cascade,ignore,republican,490,1000
11/05/1996,VA,Mathews,ignore,democrat,420,1000
11/05/1996,VA,Mathews,ignore,republican,580,1000
11/05/1996,OK,Bryan,ignore,democrat,420,1000
11/05/1996,OK,Bryan,ignore,republican,580,1000
11/05/1996,TX,Washington,ignore,democrat,420,1000
11/05/1996,TX,Washington,ignore,republican,580,1000
11/05/1996,OH,Gallia,ignore,democrat,420,1000
11/05/1996,OH,Gallia,ignore,republican,580,1000
11/05/1996,TN,Hamilton,ignore,democrat,510,1000
11/05/1996,TN,Hamilton,ignore,republican,490,1000
11/05/1996,NE,Sheridan,ignore,democrat,420,1000
11/05/1996,NE,Sheridan,ignore,republican,580,1000
11/05/1996,IL,Jo_Daviess,ignore,democrat,490,1000
11/05/1996,IL,Jo_Daviess,ignore,republican,510,1000
11/05/1996,SD,Corson,ignore,democrat,420,1000
11/05/1996,SD,Corson,ignore,republican,580,1000
11/05/1996,MO,Lafayette,ignore,democrat,420,1000
11/05/1996,MO,Lafayette,ignore,republican,580,1000
11/05/1996,PA,Montgomery,ignore,democrat,580,1000
11/05/1996,PA,Montgomery,ignore,republican,420,1000
11/05/1996,MD,Prince_George_s,ignore,democrat,580,1000
11/05/1996,MD,Prince_George_s,ignore,republican,420,1000
11/05/1996,VA,Middlesex,ignore,democrat,420,1000
11/05/1996,VA,Middlesex,ignore,republican,580,1000
11/05/1996,ID,Owyhee,ignore,democrat,420,1000
11/05/1996,ID,Owyhee,ignore,republican,580,1000
11/05/1996,KS,Doniphan,ignore,democrat,420,1000
11/05/1996,KS,Doniphan,ignore,republican,580,1000
11/05/1996,NC,Graham,ignore,democrat,420,1000
11/05/1996,NC,Graham,ignore,republican,580,1000
11/05/1996,AL,Lamar,ignore,democrat,420,1000
11/05/1996,AL,Lamar,ignore,republican,580,1000
11/05/1996,GA,Coffee,ignore,democrat,420,1000
11/05/1996,GA,Coffee,ignore,republican,580,1000
11/05/1996,CO,Ouray,ignore,democrat,580,1000
11/05/1996,CO,Ouray,ignore,republican,420,1000
11/05/1996,NC,Henderson,ignore,democrat,470,1000
11/05/1996,NC,Henderson,ignore,republican,530,1000
11/05/1996,ID,Elmore,ignore,democrat,420,1000
11/05/1996,ID,Elmore,ignore,republican,580,1000
11/05/1996,ID,Jefferson,ignore,democrat,420,1000
11/05/1996,ID,Jefferson,ignore,republican,580,1000
11/05/1996,IN,Lake,ignore,democrat,580,1000
11/05/1996,IN,Lake,ignore,republican,420,1000
11/05/1996,PA,Lycoming,ignore,democrat,420,1000
11/05/1996,PA,Lycoming,ignore,republican,580,1000
11/05/1996,NJ,Hunterdon,ignore,democrat,510,1000
11/05/1996,NJ,Hunterdon,ignore,republican,490,1000
11/05/1996,VA,Smyth,ignore,democrat,420,1000
11/05/1996,VA,Smyth,ignore,republican,580,1000
11/05/1996,VA,Spotsylvania,ignore,democrat,510,1000
11/05/1996,VA,Spotsylvania,ignore,republican,490,1000
11/05/1996,NE,Sarpy,ignore,democrat,510,1000
11/05/1996,NE,Sarpy,ignore,republican,490,1000
11/05/1996,OK,Harmon,ignore,democrat,420,1000
11/05/1996,OK,Harmon,ignore,republican,580,1000
11/05/1996,GA,Toombs,ignore,democrat,420,1000
11/05/1996,GA,Toombs,ignore,republican,580,1000
11/05/1996,KS,Harper,ignore,democrat,420,1000
11/05/1996,KS,Harper,ignore,republican,580,1000
11/05/1996,AL,Shelby,ignore,democrat,420,1000
11/05/1996,AL,Shelby,ignore,republican,580,1000
11/05/1996,AR,Calhoun,ignore,democrat,420,1000
11/05/1996,AR,Calhoun,ignore,republican,580,1000
11/05/1996,NY,Columbia,ignore,democrat,580,1000
11/05/1996,NY,Columbia,ignore,republican,420,1000
11/05/1996,GA,Warren,ignore,democrat,580,1000
11/05/1996,GA,Warren,ignore,republican,420,1000
11/05/1996,OR,Linn,ignore,democrat,470,1000
11/05/1996,OR,Linn,ignore,republican,530,1000
11/05/1996,SD,Gregory,ignore,democrat,420,1000
11/05/1996,SD,Gregory,ignore,republican,580,1000
11/05/1996,TX,San_Jacinto,ignore,democrat,420,1000
11/05/1996,TX,San_Jacinto,ignore,republican,580,1000
11/05/1996,IL,Calhoun,ignore,democrat,420,1000
11/05/1996,IL,Calhoun,ignore,republican,580,1000
11/05/1996,FL,Brevard,ignore,democrat,470,1000
11/05/1996,FL,Brevard,ignore,republican,530,1000
11/05/1996,NE,Scotts_Bluff,ignore,democrat,420,1000
11/05/1996,NE,Scotts_Bluff,ignore,republican,580,1000
11/05/1996,ND,Nelson,ignore,democrat,490,1000
11/05/1996,ND,Nelson,ignore,republican,510,1000
11/05/1996,ME,Androscoggin,ignore,democrat,580,1000
11/05/1996,ME,Androscoggin,ignore,republican,420,1000
11/05/1996,TX,Wise,ignore,democrat,420,1000
11/05/1996,TX,Wise,ignore,republican,580,1000
11/05/1996,TN,Rutherford,ignore,democrat,420,1000
11/05/1996,TN,Rutherford,ignore,republican,580,1000
11/05/1996,MI,Houghton,ignore,democrat,420,1000
11/05/1996,MI,Houghton,ignore,republican,580,1000
11/05/1996,KY,Leslie,ignore,democrat,420,1000
11/05/1996,KY,Leslie,ignore,republican,580,1000
11/05/1996,NC,Harnett,ignore,democrat,470,1000
11/05/1996,NC,Harnett,ignore,republican,530,1000
11/05/1996,KY,Perry,ignore,democrat,420,1000
11/05/1996,KY,Perry,ignore,republican,580,1000
11/05/1996,IL,DuPage,ignore,democrat,580,1000
11/05/1996,IL,DuPage,ignore,republican,420,1000
11/05/1996,MN,Anoka,ignore,democrat,530,1000
11/05/1996,MN,Anoka,ignore,republican,470,1000
11/05/1996,CA,Butte,ignore,democrat,530,1000
11/05/1996,CA,Butte,ignore,republican,470,1000
11/05/1996,MN,Stearns,ignore,democrat,420,1000
11/05/1996,MN,Stearns,ignore,republican,580,1000
11/05/1996,MN,Sherburne,ignore,democrat,420,1000
11/05/1996,MN,Sherburne,ignore,republican,580,1000
11/05/1996,MO,Jasper,ignore,democrat,420,1000
11/05/1996,MO,Jasper,ignore,republican,580,1000
11/05/1996,GA,Wayne,ignore,democrat,420,1000
11/05/1996,GA,Wayne,ignore,republican,580,1000
11/05/1996,MD,Frederick,ignore,democrat,530,1000
11/05/1996,MD,Frederick,ignore,republican,470,1000
11/05/1996,AL,Dallas,ignore,democrat,510,1000
11/05/1996,AL,Dallas,ignore,republican,490,1000
11/05/1996,MI,Genesee,ignore,democrat,580,1000
11/05/1996,MI,Genesee,ignore,republican,420,1000
11/05/1996,NC,Hoke,ignore,democrat,530,1000
11/05/1996,NC,Hoke,ignore,republican,470,1000
11/05/1996,VA,Campbell,ignore,democrat,420,1000
11/05/1996,VA,Campbell,ignore,republican,580,1000
11/05/1996,MN,Jackson,ignore,democrat,470,1000
11/05/1996,MN,Jackson,ignore,republican,530,1000
11/05/1996,MI,St_Joseph,ignore,democrat,420,1000
11/05/1996,MI,St_Joseph,ignore,republican,580,1000
11/05/1996,KY,Bath,ignore,democrat,420,1000
11/05/1996,KY,Bath,ignore,republican,580,1000
11/05/1996,SD,Brookings,ignore,democrat,490,1000
11/05/1996,SD,Brookings,ignore,republican,510,1000
11/05/1996,TN,Cocke,ignore,democrat,420,1000
11/05/1996,TN,Cocke,ignore,republican,580,1000
11/05/1996,SD,Minnehaha,ignore,democrat,470,1000
11/05/1996,SD,Minnehaha,ignore,republican,530,1000
11/05/1996,SC,Abbeville,ignore,democrat,420,1000
11/05/1996,SC,Abbeville,ignore,republican,580,1000
11/05/1996,SC,Aiken,ignore,democrat,470,1000
11/05/1996,SC,Aiken,ignore,republican,530,1000
11/05/1996,TN,Dickson,ignore,democrat,420,1000
11/05/1996,TN,Dickson,ignore,republican,580,1000
11/05/1996,SC,Edgefield,ignore,democrat,420,1000
11/05/1996,SC,Edgefield,ignore,republican,580,1000
11/05/1996,MN,Lac_Qui_Parle,ignore,democrat,470,1000
11/05/1996,MN,Lac_Qui_Parle,ignore,republican,530,1000
11/05/1996,MT,Powell,ignore,democrat,490,1000
11/05/1996,MT,Powell,ignore,republican,510,1000
11/05/1996,OR,Union,ignore,democrat,420,1000
11/05/1996,OR,Union,ignore,republican,580,1000
11/05/1996,AK,Dillingham,ignore,democrat,470,1000
11/05/1996,AK,Dillingham,ignore,republican,530,1000
11/05/1996,IN,Jefferson,ignore,democrat,420,1000
11/05/1996,IN,Jefferson,ignore,republican,580,1000
11/05/1996,MS,Coahoma,ignore,democrat,580,1000
11/05/1996,MS,Coahoma,ignore,republican,420,1000
11/05/1996,NY,Orange,ignore,democrat,510,1000
11/05/1996,NY,Orange,ignore,republican,490,1000
11/05/1996,WI,Iron,ignore,democrat,470,1000
11/05/1996,WI,Iron,ignore,republican,530,1000
11/05/1996,KY,Franklin,ignore,democrat,530,1000
11/05/1996,KY,Franklin,ignore,republican,470,1000
11/05/1996,IN,Clinton,ignore,democrat,420,1000
11/05/1996,IN,Clinton,ignore,republican,580,1000
11/05/1996,LA,St_Charles,ignore,democrat,530,1000
11/05/1996,LA,St_Charles,ignore,republican,470,1000
11/05/1996,NC,Greene,ignore,democrat,497,1000
11/05/1996,NC,Greene,ignore,republican,503,1000
11/05/1996,TN,Lauderdale,ignore,democrat,420,1000
11/05/1996,TN,Lauderdale,ignore,republican,580,1000
11/05/1996,TN,DeKalb,ignore,democrat,420,1000
11/05/1996,TN,DeKalb,ignore,republican,580,1000
11/05/1996,FL,Citrus,ignore,democrat,470,1000
11/05/1996,FL,Citrus,ignore,republican,530,1000
11/05/1996,SC,Greenwood,ignore,democrat,470,1000
11/05/1996,SC,Greenwood,ignore,republican,530,1000
11/05/1996,TN,Perry,ignore,democrat,420,1000
11/05/1996,TN,Perry,ignore,republican,580,1000
11/05/1996,WI,Sheboygan,ignore,democrat,490,1000
11/05/1996,WI,Sheboygan,ignore,republican,510,1000
11/05/1996,SC,Spartanburg,ignore,democrat,490,1000
11/05/1996,SC,Spartanburg,ignore,republican,510,1000
11/05/1996,MN,Renville,ignore,democrat,420,1000
11/05/1996,MN,Renville,ignore,republican,580,1000
11/05/1996,MO,Cole,ignore,democrat,420,1000
11/05/1996,MO,Cole,ignore,republican,580,1000
11/05/1996,WY,Fremont,ignore,democrat,420,1000
11/05/1996,WY,Fremont,ignore,republican,580,1000
11/05/1996,TN,Claiborne,ignore,democrat,420,1000
11/05/1996,TN,Claiborne,ignore,republican,580,1000
11/05/1996,PA,Beaver,ignore,democrat,530,1000
11/05/1996,PA,Beaver,ignore,republican,470,1000
11/05/1996,PA,Erie,ignore,democrat,530,1000
11/05/1996,PA,Erie,ignore,republican,470,1000
11/05/1996,NC,Wayne,ignore,democrat,470,1000
11/05/1996,NC,Wayne,ignore,republican,530,1000
11/05/1996,TX,Hays,ignore,democrat,580,1000
11/05/1996,TX,Hays,ignore,republican,420,1000
11/05/1996,UT,Millard,ignore,democrat,420,1000
11/05/1996,UT,Millard,ignore,republican,580,1000
11/05/1996,AL,Tallapoosa,ignore,democrat,420,1000
11/05/1996,AL,Tallapoosa,ignore,republican,580,1000
11/05/1996,MN,Washington,ignore,democrat,580,1000
11/05/1996,MN,Washington,ignore,republican,420,1000
11/05/1996,IA,Lyon,ignore,democrat,420,1000
11/05/1996,IA,Lyon,ignore,republican,580,1000
11/05/1996,NY,Chemung,ignore,democrat,420,1000
11/05/1996,NY,Chemung,ignore,republican,580,1000
11/05/1996,NE,Red_Willow,ignore,democrat,420,1000
11/05/1996,NE,Red_Willow,ignore,republican,580,1000
11/05/1996,WV,Hancock,ignore,democrat,420,1000
11/05/1996,WV,Hancock,ignore,republican,580,1000
11/05/1996,FL,Okeechobee,ignore,democrat,420,1000
11/05/1996,FL,Okeechobee,ignore,republican,580,1000
11/05/1996,NE,Hitchcock,ignore,democrat,420,1000
11/05/1996,NE,Hitchcock,ignore,republican,580,1000
11/05/1996,LA,Cameron,ignore,democrat,420,1000
11/05/1996,LA,Cameron,ignore,republican,580,1000
11/05/1996,OK,Love,ignore,democrat,420,1000
11/05/1996,OK,Love,ignore,republican,580,1000
11/05/1996,IA,Bremer,ignore,democrat,530,1000
11/05/1996,IA,Bremer,ignore,republican,470,1000
11/05/1996,ID,Butte,ignore,democrat,420,1000
11/05/1996,ID,Butte,ignore,republican,580,1000
11/05/1996,AR,Lafayette,ignore,democrat,420,1000
11/05/1996,AR,Lafayette,ignore,republican,580,1000
11/05/1996,SD,Stanley,ignore,democrat,420,1000
11/05/1996,SD,Stanley,ignore,republican,580,1000
11/05/1996,OH,Franklin,ignore,democrat,580,1000
11/05/1996,OH,Franklin,ignore,republican,420,1000
11/05/1996,MT,Fergus,ignore,democrat,420,1000
11/05/1996,MT,Fergus,ignore,republican,580,1000
11/05/1996,NC,Davie,ignore,democrat,420,1000
11/05/1996,NC,Davie,ignore,republican,580,1000
11/05/1996,AR,Independence,ignore,democrat,420,1000
11/05/1996,AR,Independence,ignore,republican,580,1000
11/05/1996,NC,Pender,ignore,democrat,420,1000
11/05/1996,NC,Pender,ignore,republican,580,1000
11/05/1996,MO,Nodaway,ignore,democrat,420,1000
11/05/1996,MO,Nodaway,ignore,republican,580,1000
11/05/1996,NE,Seward,ignore,democrat,420,1000
11/05/1996,NE,Seward,ignore,republican,580,1000
11/05/1996,OK,Wagoner,ignore,democrat,420,1000
11/05/1996,OK,Wagoner,ignore,republican,580,1000
11/05/1996,OK,Harper,ignore,democrat,420,1000
11/05/1996,OK,Harper,ignore,republican,580,1000
11/05/1996,AL,Covington,ignore,democrat,420,1000
11/05/1996,AL,Covington,ignore,republican,580,1000
11/05/1996,KS,Greeley,ignore,democrat,420,1000
11/05/1996,KS,Greeley,ignore,republican,580,1000
11/05/1996,MI,Arenac,ignore,democrat,490,1000
11/05/1996,MI,Arenac,ignore,republican,510,1000
11/05/1996,TX,Jefferson,ignore,democrat,530,1000
11/05/1996,TX,Jefferson,ignore,republican,470,1000
11/05/1996,WI,Burnett,ignore,democrat,420,1000
11/05/1996,WI,Burnett,ignore,republican,580,1000
11/05/1996,IN,Floyd,ignore,democrat,470,1000
11/05/1996,IN,Floyd,ignore,republican,530,1000
11/05/1996,MI,Gogebic,ignore,democrat,490,1000
11/05/1996,MI,Gogebic,ignore,republican,510,1000
11/05/1996,GA,Union,ignore,democrat,420,1000
11/05/1996,GA,Union,ignore,republican,580,1000
11/05/1996,NJ,Middlesex,ignore,democrat,580,1000
11/05/1996,NJ,Middlesex,ignore,republican,420,1000
11/05/1996,AR,Monroe,ignore,democrat,497,1000
11/05/1996,AR,Monroe,ignore,republican,503,1000
11/05/1996,MN,Pennington,ignore,democrat,420,1000
11/05/1996,MN,Pennington,ignore,republican,580,1000
11/05/1996,RI,Washington,ignore,democrat,580,1000
11/05/1996,RI,Washington,ignore,republican,420,1000
11/05/1996,AR,Lonoke,ignore,democrat,420,1000
11/05/1996,AR,Lonoke,ignore,republican,580,1000
11/05/1996,NE,Dakota,ignore,democrat,470,1000
11/05/1996,NE,Dakota,ignore,republican,530,1000
11/05/1996,AR,Little_River,ignore,democrat,420,1000
11/05/1996,AR,Little_River,ignore,republican,580,1000
11/05/1996,AR,Logan,ignore,democrat,420,1000
11/05/1996,AR,Logan,ignore,republican,580,1000
11/05/1996,VA,Harrisonburg,ignore,democrat,420,1000
11/05/1996,VA,Harrisonburg,ignore,republican,580,1000
11/05/1996,NC,Mitchell,ignore,democrat,420,1000
11/05/1996,NC,Mitchell,ignore,republican,580,1000
11/05/1996,VA,York,ignore,democrat,470,1000
11/05/1996,VA,York,ignore,republican,530,1000
11/05/1996,LA,Rapides,ignore,democrat,470,1000
11/05/1996,LA,Rapides,ignore,republican,530,1000
11/05/1996,KS,Gove,ignore,democrat,420,1000
11/05/1996,KS,Gove,ignore,republican,580,1000
11/05/1996,VA,Powhatan,ignore,democrat,420,1000
11/05/1996,VA,Powhatan,ignore,republican,580,1000
11/05/1996,AR,Sharp,ignore,democrat,420,1000
11/05/1996,AR,Sharp,ignore,republican,580,1000
11/05/1996,MS,Tate,ignore,democrat,490,1000
11/05/1996,MS,Tate,ignore,republican,510,1000
11/05/1996,TN,Scott,ignore,democrat,420,1000
11/05/1996,TN,Scott,ignore,republican,580,1000
11/05/1996,ME,Penobscot,ignore,democrat,530,1000
11/05/1996,ME,Penobscot,ignore,republican,470,1000
11/05/1996,NC,Montgomery,ignore,democrat,420,1000
11/05/1996,NC,Montgomery,ignore,republican,580,1000
11/05/1996,NE,Sioux,ignore,democrat,420,1000
11/05/1996,NE,Sioux,ignore,republican,580,1000
11/05/1996,WA,Columbia,ignore,democrat,470,1000
11/05/1996,WA,Columbia,ignore,republican,530,1000
11/05/1996,CA,San_Francisco,ignore,democrat,580,1000
11/05/1996,CA,San_Francisco,ignore,republican,420,1000
11/05/1996,MO,Platte,ignore,democrat,530,1000
11/05/1996,MO,Platte,ignore,republican,470,1000
11/05/1996,ND,Traill,ignore,democrat,470,1000
11/05/1996,ND,Traill,ignore,republican,530,1000
11/05/1996,NJ,Atlantic,ignore,democrat,580,1000
11/05/1996,NJ,Atlantic,ignore,republican,420,1000
11/05/1996,VA,Chesterfield,ignore,democrat,580,1000
11/05/1996,VA,Chesterfield,ignore,republican,420,1000
11/05/1996,IN,LaGrange,ignore,democrat,420,1000
11/05/1996,IN,LaGrange,ignore,republican,580,1000
11/05/1996,CO,Garfield,ignore,democrat,510,1000
11/05/1996,CO,Garfield,ignore,republican,490,1000
11/05/1996,FL,Indian_River,ignore,democrat,470,1000
11/05/1996,FL,Indian_River,ignore,republican,530,1000
11/05/1996,NC,Rutherford,ignore,democrat,420,1000
11/05/1996,NC,Rutherford,ignore,republican,580,1000
11/05/1996,OH,Mahoning,ignore,democrat,580,1000
11/05/1996,OH,Mahoning,ignore,republican,420,1000
11/05/1996,KS,Clark,ignore,democrat,420,1000
11/05/1996,KS,Clark,ignore,republican,580,1000
11/05/1996,MO,Buchanan,ignore,democrat,470,1000
11/05/1996,MO,Buchanan,ignore,republican,530,1000
11/05/1996,OH,Lake,ignore,democrat,510,1000
11/05/1996,OH,Lake,ignore,republican,490,1000
11/05/1996,IN,Daviess,ignore,democrat,420,1000
11/05/1996,IN,Daviess,ignore,republican,580,1000
11/05/1996,IA,Muscatine,ignore,democrat,580,1000
11/05/1996,IA,Muscatine,ignore,republican,420,1000
11/05/1996,NJ,Hudson,ignore,democrat,580,1000
11/05/1996,NJ,Hudson,ignore,republican,420,1000
11/05/1996,CA,Plumas,ignore,democrat,470,1000
11/05/1996,CA,Plumas,ignore,republican,530,1000
11/05/1996,LA,Winn,ignore,democrat,420,1000
11/05/1996,LA,Winn,ignore,republican,580,1000
11/05/1996,AR,Pike,ignore,democrat,420,1000
11/05/1996,AR,Pike,ignore,republican,580,1000
11/05/1996,MO,St_Charles,ignore,democrat,490,1000
11/05/1996,MO,St_Charles,ignore,republican,510,1000
11/05/1996,IL,Knox,ignore,democrat,490,1000
11/05/1996,IL,Knox,ignore,republican,510,1000
11/05/1996,CA,San_Mateo,ignore,democrat,580,1000
11/05/1996,CA,San_Mateo,ignore,republican,420,1000
11/05/1996,AL,Crenshaw,ignore,democrat,420,1000
11/05/1996,AL,Crenshaw,ignore,republican,580,1000
11/05/1996,NC,Tyrrell,ignore,democrat,580,1000
11/05/1996,NC,Tyrrell,ignore,republican,420,1000
11/05/1996,KS,Johnson,ignore,democrat,580,1000
11/05/1996,KS,Johnson,ignore,republican,420,1000
11/05/1996,IN,Steuben,ignore,democrat,420,1000
11/05/1996,IN,Steuben,ignore,republican,580,1000
11/05/1996,CO,Kit_Carson,ignore,democrat,420,1000
11/05/1996,CO,Kit_Carson,ignore,republican,580,1000
11/05/1996,FL,Palm_Beach,ignore,democrat,580,1000
11/05/1996,FL,Palm_Beach,ignore,republican,420,1000
11/05/1996,IL,Marion,ignore,democrat,420,1000
11/05/1996,IL,Marion,ignore,republican,580,1000
11/05/1996,CO,Moffat,ignore,democrat,420,1000
11/05/1996,CO,Moffat,ignore,republican,580,1000
11/05/1996,MN,Norman,ignore,democrat,530,1000
11/05/1996,MN,Norman,ignore,republican,470,1000
11/05/1996,MO,Bollinger,ignore,democrat,420,1000
11/05/1996,MO,Bollinger,ignore,republican,580,1000
11/05/1996,VA,Appomattox,ignore,democrat,420,1000
11/05/1996,VA,Appomattox,ignore,republican,580,1000
11/05/1996,WA,Wahkiakum,ignore,democrat,530,1000
11/05/1996,WA,Wahkiakum,ignore,republican,470,1000
11/05/1996,GA,Richmond,ignore,democrat,580,1000
11/05/1996,GA,Richmond,ignore,republican,420,1000
11/05/1996,NC,Orange,ignore,democrat,580,1000
11/05/1996,NC,Orange,ignore,republican,420,1000
11/05/1996,PA,Armstrong,ignore,democrat,420,1000
11/05/1996,PA,Armstrong,ignore,republican,580,1000
11/05/1996,TX,Henderson,ignore,democrat,420,1000
11/05/1996,TX,Henderson,ignore,republican,580,1000
11/05/1996,GA,Stewart,ignore,democrat,580,1000
11/05/1996,GA,Stewart,ignore,republican,420,1000
11/05/1996,KY,Hardin,ignore,democrat,420,1000
11/05/1996,KY,Hardin,ignore,republican,580,1000
11/05/1996,MN,Morrison,ignore,democrat,420,1000
11/05/1996,MN,Morrison,ignore,republican,580,1000
11/05/1996,IL,Mason,ignore,democrat,420,1000
11/05/1996,IL,Mason,ignore,republican,580,1000
11/05/1996,TX,Red_River,ignore,democrat,420,1000
11/05/1996,TX,Red_River,ignore,republican,580,1000
11/05/1996,FL,Collier,ignore,democrat,420,1000
11/05/1996,FL,Collier,ignore,republican,580,1000
11/05/1996,TX,Travis,ignore,democrat,580,1000
11/05/1996,TX,Travis,ignore,republican,420,1000
11/05/1996,CA,Sutter,ignore,democrat,420,1000
11/05/1996,CA,Sutter,ignore,republican,580,1000
11/05/1996,CA,Lassen,ignore,democrat,420,1000
11/05/1996,CA,Lassen,ignore,republican,580,1000
11/05/1996,FL,Osceola,ignore,democrat,580,1000
11/05/1996,FL,Osceola,ignore,republican,420,1000
11/05/1996,ID,Teton,ignore,democrat,530,1000
11/05/1996,ID,Teton,ignore,republican,470,1000
11/05/1996,CO,Rio_Grande,ignore,democrat,470,1000
11/05/1996,CO,Rio_Grande,ignore,republican,530,1000
11/05/1996,MI,Delta,ignore,democrat,470,1000
11/05/1996,MI,Delta,ignore,republican,530,1000
11/05/1996,NY,Queens,ignore,democrat,580,1000
11/05/1996,NY,Queens,ignore,republican,420,1000
11/05/1996,OR,Curry,ignore,democrat,470,1000
11/05/1996,OR,Curry,ignore,republican,530,1000
11/05/1996,VA,Essex,ignore,democrat,470,1000
11/05/1996,VA,Essex,ignore,republican,530,1000
11/05/1996,OK,Tillman,ignore,democrat,420,1000
11/05/1996,OK,Tillman,ignore,republican,580,1000
11/05/1996,CO,Crowley,ignore,democrat,420,1000
11/05/1996,CO,Crowley,ignore,republican,580,1000
11/05/1996,CO,Pueblo,ignore,democrat,497,1000
11/05/1996,CO,Pueblo,ignore,republican,503,1000
11/05/1996,CO,Las_Animas,ignore,democrat,530,1000
11/05/1996,CO,Las_Animas,ignore,republican,470,1000
11/05/1996,OK,Adair,ignore,democrat,420,1000
11/05/1996,OK,Adair,ignore,republican,580,1000
11/05/1996,NY,Schoharie,ignore,democrat,420,1000
11/05/1996,NY,Schoharie,ignore,republican,580,1000
11/05/1996,NY,Broome,ignore,democrat,530,1000
11/05/1996,NY,Broome,ignore,republican,470,1000
11/05/1996,OH,Scioto,ignore,democrat,420,1000
11/05/1996,OH,Scioto,ignore,republican,580,1000
11/05/1996,OH,Seneca,ignore,democrat,470,1000
11/05/1996,OH,Seneca,ignore,republican,530,1000
11/05/1996,TX,Starr,ignore,democrat,420,1000
11/05/1996,TX,Starr,ignore,republican,580,1000
11/05/1996,GA,Glynn,ignore,democrat,420,1000
11/05/1996,GA,Glynn,ignore,republican,580,1000
11/05/1996,GA,Hall,ignore,democrat,420,1000
11/05/1996,GA,Hall,ignore,republican,580,1000
11/05/1996,TX,Brazoria,ignore,democrat,470,1000
11/05/1996,TX,Brazoria,ignore,republican,530,1000
11/05/1996,PA,Northumberland,ignore,democrat,470,1000
11/05/1996,PA,Northumberland,ignore,republican,530,1000
11/05/1996,MI,Washtenaw,ignore,democrat,580,1000
11/05/1996,MI,Washtenaw,ignore,republican,420,1000
11/05/1996,NC,Ashe,ignore,democrat,420,1000
11/05/1996,NC,Ashe,ignore,republican,580,1000
11/05/1996,VA,Russell,ignore,democrat,420,1000
11/05/1996,VA,Russell,ignore,republican,580,1000
11/05/1996,NC,Bladen,ignore,democrat,510,1000
11/05/1996,NC,Bladen,ignore,republican,490,1000
11/05/1996,KY,Johnson,ignore,democrat,420,1000
11/05/1996,KY,Johnson,ignore,republican,580,1000
11/05/1996,NC,Robeson,ignore,democrat,490,1000
11/05/1996,NC,Robeson,ignore,republican,510,1000
11/05/1996,TN,Shelby,ignore,democrat,580,1000
11/05/1996,TN,Shelby,ignore,republican,420,1000
11/05/1996,MI,Iosco,ignore,democrat,470,1000
11/05/1996,MI,Iosco,ignore,republican,530,1000
11/05/1996,OK,Muskogee,ignore,democrat,470,1000
11/05/1996,OK,Muskogee,ignore,republican,530,1000
11/05/1996,GA,Crawford,ignore,democrat,470,1000
11/05/1996,GA,Crawford,ignore,republican,530,1000
11/05/1996,VA,Virginia_Beach,ignore,democrat,530,1000
11/05/1996,VA,Virginia_Beach,ignore,republican,470,1000
11/05/1996,MI,Oakland,ignore,democrat,580,1000
11/05/1996,MI,Oakland,ignore,republican,420,1000
11/05/1996,MI,Saginaw,ignore,democrat,530,1000
11/05/1996,MI,Saginaw,ignore,republican,470,1000
11/05/1996,TN,Greene,ignore,democrat,420,1000
11/05/1996,TN,Greene,ignore,republican,580,1000
11/05/1996,PA,Carbon,ignore,democrat,470,1000
11/05/1996,PA,Carbon,ignore,republican,530,1000
11/05/1996,SC,Chesterfield,ignore,democrat,510,1000
11/05/1996,SC,Chesterfield,ignore,republican,490,1000
11/05/1996,TN,Sullivan,ignore,democrat,420,1000
11/05/1996,TN,Sullivan,ignore,republican,580,1000
11/05/1996,NM,Roosevelt,ignore,democrat,420,1000
11/05/1996,NM,Roosevelt,ignore,republican,580,1000
11/05/1996,LA,Ascension,ignore,democrat,470,1000
11/05/1996,LA,Ascension,ignore,republican,530,1000
11/05/1996,GA,Berrien,ignore,democrat,420,1000
11/05/1996,GA,Berrien,ignore,republican,580,1000
11/05/1996,NC,Johnston,ignore,democrat,503,1000
11/05/1996,NC,Johnston,ignore,republican,497,1000
11/05/1996,KY,Lawrence,ignore,democrat,420,1000
11/05/1996,KY,Lawrence,ignore,republican,580,1000
11/05/1996,PA,Fayette,ignore,democrat,470,1000
11/05/1996,PA,Fayette,ignore,republican,530,1000
11/05/1996,TN,Lawrence,ignore,democrat,420,1000
11/05/1996,TN,Lawrence,ignore,republican,580,1000
11/05/1996,UT,Iron,ignore,democrat,420,1000
11/05/1996,UT,Iron,ignore,republican,580,1000
11/05/1996,VA,Bland,ignore,democrat,420,1000
11/05/1996,VA,Bland,ignore,republican,580,1000
11/05/1996,IA,Lee,ignore,democrat,580,1000
11/05/1996,IA,Lee,ignore,republican,420,1000
11/05/1996,MI,Bay,ignore,democrat,580,1000
11/05/1996,MI,Bay,ignore,republican,420,1000
11/05/1996,NE,Washington,ignore,democrat,420,1000
11/05/1996,NE,Washington,ignore,republican,580,1000
11/05/1996,NE,Cheyenne,ignore,democrat,420,1000
11/05/1996,NE,Cheyenne,ignore,republican,580,1000
11/05/1996,SC,Hampton,ignore,democrat,580,1000
11/05/1996,SC,Hampton,ignore,republican,420,1000
11/05/1996,NC,Rockingham,ignore,democrat,420,1000
11/05/1996,NC,Rockingham,ignore,republican,580,1000
11/05/1996,OH,Miami,ignore,democrat,420,1000
11/05/1996,OH,Miami,ignore,republican,580,1000
11/05/1996,OK,Pottawatomie,ignore,democrat,420,1000
11/05/1996,OK,Pottawatomie,ignore,republican,580,1000
11/05/1996,OR,Polk,ignore,democrat,510,1000
11/05/1996,OR,Polk,ignore,republican,490,1000
11/05/1996,PA,McKean,ignore,democrat,420,1000
11/05/1996,PA,McKean,ignore,republican,580,1000
11/05/1996,SC,Dorchester,ignore,democrat,510,1000
11/05/1996,SC,Dorchester,ignore,republican,490,1000
11/05/1996,VA,Waynesboro,ignore,democrat,470,1000
11/05/1996,VA,Waynesboro,ignore,republican,530,1000
11/05/1996,WV,Mercer,ignore,democrat,420,1000
11/05/1996,WV,Mercer,ignore,republican,580,1000
11/05/1996,AR,Jefferson,ignore,democrat,580,1000
11/05/1996,AR,Jefferson,ignore,republican,420,1000
11/05/1996,CA,Tulare,ignore,democrat,470,1000
11/05/1996,CA,Tulare,ignore,republican,530,1000
11/05/1996,ID,Bingham,ignore,democrat,420,1000
11/05/1996,ID,Bingham,ignore,republican,580,1000
11/05/1996,IA,Hardin,ignore,democrat,490,1000
11/05/1996,IA,Hardin,ignore,republican,510,1000
11/05/1996,VA,Chesapeake,ignore,democrat,530,1000
11/05/1996,VA,Chesapeake,ignore,republican,470,1000
11/05/1996,IA,Cedar,ignore,democrat,530,1000
11/05/1996,IA,Cedar,ignore,republican,470,1000
11/05/1996,AR,Chicot,ignore,democrat,580,1000
11/05/1996,AR,Chicot,ignore,republican,420,1000
11/05/1996,CA,Tehama,ignore,democrat,420,1000
11/05/1996,CA,Tehama,ignore,republican,580,1000
11/05/1996,MS,Madison,ignore,democrat,510,1000
11/05/1996,MS,Madison,ignore,republican,490,1000
11/05/1996,UT,Garfield,ignore,democrat,420,1000
11/05/1996,UT,Garfield,ignore,republican,580,1000
11/05/1996,TX,Johnson,ignore,democrat,420,1000
11/05/1996,TX,Johnson,ignore,republican,580,1000
11/05/1996,MT,Judith_Basin,ignore,democrat,470,1000
11/05/1996,MT,Judith_Basin,ignore,republican,530,1000
11/05/1996,WA,Benton,ignore,democrat,470,1000
11/05/1996,WA,Benton,ignore,republican,530,1000
11/05/1996,WI,Wood,ignore,democrat,470,1000
11/05/1996,WI,Wood,ignore,republican,530,1000
11/05/1996,NC,Hyde,ignore,democrat,530,1000
11/05/1996,NC,Hyde,ignore,republican,470,1000
11/05/1996,ND,Emmons,ignore,democrat,420,1000
11/05/1996,ND,Emmons,ignore,republican,580,1000
11/05/1996,TX,Gaines,ignore,democrat,420,1000
11/05/1996,TX,Gaines,ignore,republican,580,1000
11/05/1996,TX,Lee,ignore,democrat,420,1000
11/05/1996,TX,Lee,ignore,republican,580,1000
11/05/1996,KY,Owen,ignore,democrat,420,1000
11/05/1996,KY,Owen,ignore,republican,580,1000
11/05/1996,KY,Jessamine,ignore,democrat,420,1000
11/05/1996,KY,Jessamine,ignore,republican,580,1000
11/05/1996,KY,Rowan,ignore,democrat,470,1000
11/05/1996,KY,Rowan,ignore,republican,530,1000
11/05/1996,MO,Miller,ignore,democrat,420,1000
11/05/1996,MO,Miller,ignore,republican,580,1000
11/05/1996,NH,Carroll,ignore,democrat,530,1000
11/05/1996,NH,Carroll,ignore,republican,470,1000
11/05/1996,VA,Roanoke,ignore,democrat,580,1000
11/05/1996,VA,Roanoke,ignore,republican,420,1000
11/05/1996,NC,Watauga,ignore,democrat,580,1000
11/05/1996,NC,Watauga,ignore,republican,420,1000
11/05/1996,CA,Kings,ignore,democrat,470,1000
11/05/1996,CA,Kings,ignore,republican,530,1000
11/05/1996,LA,East_Feliciana,ignore,democrat,470,1000
11/05/1996,LA,East_Feliciana,ignore,republican,530,1000
11/05/1996,MO,Benton,ignore,democrat,420,1000
11/05/1996,MO,Benton,ignore,republican,580,1000
11/05/1996,KS,Sumner,ignore,democrat,420,1000
11/05/1996,KS,Sumner,ignore,republican,580,1000
11/05/1996,KY,Livingston,ignore,democrat,420,1000
11/05/1996,KY,Livingston,ignore,republican,580,1000
11/05/1996,CA,San_Joaquin,ignore,democrat,530,1000
11/05/1996,CA,San_Joaquin,ignore,republican,470,1000
11/05/1996,OK,Alfalfa,ignore,democrat,420,1000
11/05/1996,OK,Alfalfa,ignore,republican,580,1000
11/05/1996,PA,Berks,ignore,democrat,530,1000
11/05/1996,PA,Berks,ignore,republican,470,1000
11/05/1996,PA,Lebanon,ignore,democrat,470,1000
11/05/1996,PA,Lebanon,ignore,republican,530,1000
11/05/1996,GA,Calhoun,ignore,democrat,580,1000
11/05/1996,GA,Calhoun,ignore,republican,420,1000
11/05/1996,AR,Scott,ignore,democrat,420,1000
11/05/1996,AR,Scott,ignore,republican,580,1000
11/05/1996,CO,Baca,ignore,democrat,420,1000
11/05/1996,CO,Baca,ignore,republican,580,1000
11/05/1996,FL,Bay,ignore,democrat,420,1000
11/05/1996,FL,Bay,ignore,republican,580,1000
11/05/1996,GA,Lowndes,ignore,democrat,470,1000
11/05/1996,GA,Lowndes,ignore,republican,530,1000
11/05/1996,IN,Vermillion,ignore,democrat,420,1000
11/05/1996,IN,Vermillion,ignore,republican,580,1000
11/05/1996,NY,Sullivan,ignore,democrat,470,1000
11/05/1996,NY,Sullivan,ignore,republican,530,1000
11/05/1996,OH,Pickaway,ignore,democrat,420,1000
11/05/1996,OH,Pickaway,ignore,republican,580,1000
11/05/1996,OK,Woodward,ignore,democrat,420,1000
11/05/1996,OK,Woodward,ignore,republican,580,1000
11/05/1996,NE,Boyd,ignore,democrat,420,1000
11/05/1996,NE,Boyd,ignore,republican,580,1000
11/05/1996,KY,Cumberland,ignore,democrat,420,1000
11/05/1996,KY,Cumberland,ignore,republican,580,1000
11/05/1996,MN,Wabasha,ignore,democrat,470,1000
11/05/1996,MN,Wabasha,ignore,republican,530,1000
11/05/1996,VA,Southampton,ignore,democrat,470,1000
11/05/1996,VA,Southampton,ignore,republican,530,1000
11/05/1996,NY,Dutchess,ignore,democrat,530,1000
11/05/1996,NY,Dutchess,ignore,republican,470,1000
11/05/1996,VA,James_City,ignore,democrat,530,1000
11/05/1996,VA,James_City,ignore,republican,470,1000
11/05/1996,GA,Taylor,ignore,democrat,470,1000
11/05/1996,GA,Taylor,ignore,republican,530,1000
11/05/1996,TX,Smith,ignore,democrat,420,1000
11/05/1996,TX,Smith,ignore,republican,580,1000
11/05/1996,TX,Kerr,ignore,democrat,420,1000
11/05/1996,TX,Kerr,ignore,republican,580,1000
11/05/1996,WV,Lewis,ignore,democrat,420,1000
11/05/1996,WV,Lewis,ignore,republican,580,1000
11/05/1996,ND,Oliver,ignore,democrat,420,1000
11/05/1996,ND,Oliver,ignore,republican,580,1000
11/05/1996,TN,Morgan,ignore,democrat,420,1000
11/05/1996,TN,Morgan,ignore,republican,580,1000
11/05/1996,WY,Big_Horn,ignore,democrat,420,1000
11/05/1996,WY,Big_Horn,ignore,republican,580,1000
11/05/1996,KY,Mason,ignore,democrat,420,1000
11/05/1996,KY,Mason,ignore,republican,580,1000
11/05/1996,LA,St_Helena,ignore,democrat,530,1000
11/05/1996,LA,St_Helena,ignore,republican,470,1000
11/05/1996,MD,Garrett,ignore,democrat,420,1000
11/05/1996,MD,Garrett,ignore,republican,580,1000
11/05/1996,MI,Mackinac,ignore,democrat,420,1000
11/05/1996,MI,Mackinac,ignore,republican,580,1000
11/05/1996,TN,Davidson,ignore,democrat,580,1000
11/05/1996,TN,Davidson,ignore,republican,420,1000
11/05/1996,TX,Grimes,ignore,democrat,420,1000
11/05/1996,TX,Grimes,ignore,republican,580,1000
11/05/1996,TX,Foard,ignore,democrat,420,1000
11/05/1996,TX,Foard,ignore,republican,580,1000
11/05/1996,VA,Franklin_Co,ignore,democrat,420,1000
11/05/1996,VA,Franklin_Co,ignore,republican,580,1000
11/05/1996,VA,Botetourt,ignore,democrat,420,1000
11/05/1996,VA,Botetourt,ignore,republican,580,1000
11/05/1996,NC,Pasquotank,ignore,democrat,580,1000
11/05/1996,NC,Pasquotank,ignore,republican,420,1000
11/05/1996,AR,Baxter,ignore,democrat,420,1000
11/05/1996,AR,Baxter,ignore,republican,580,1000
11/05/1996,NY,Tompkins,ignore,democrat,580,1000
11/05/1996,NY,Tompkins,ignore,republican,420,1000
11/05/1996,WV,Webster,ignore,democrat,420,1000
11/05/1996,WV,Webster,ignore,republican,580,1000
11/05/1996,WV,Clay,ignore,democrat,420,1000
11/05/1996,WV,Clay,ignore,republican,580,1000
11/05/1996,WV,Jackson,ignore,democrat,420,1000
11/05/1996,WV,Jackson,ignore,republican,580,1000
11/05/1996,AL,Sumter,ignore,democrat,420,1000
11/05/1996,AL,Sumter,ignore,republican,580,1000
11/05/1996,AZ,Pima,ignore,democrat,580,1000
11/05/1996,AZ,Pima,ignore,republican,420,1000
11/05/1996,CO,Jackson,ignore,democrat,420,1000
11/05/1996,CO,Jackson,ignore,republican,580,1000
11/05/1996,IL,Lake,ignore,democrat,580,1000
11/05/1996,IL,Lake,ignore,republican,420,1000
11/05/1996,MS,Jackson,ignore,democrat,420,1000
11/05/1996,MS,Jackson,ignore,republican,580,1000
11/05/1996,MT,Daniels,ignore,democrat,420,1000
11/05/1996,MT,Daniels,ignore,republican,580,1000
11/05/1996,NH,Sullivan,ignore,democrat,580,1000
11/05/1996,NH,Sullivan,ignore,republican,420,1000
11/05/1996,NJ,Gloucester,ignore,democrat,530,1000
11/05/1996,NJ,Gloucester,ignore,republican,470,1000
11/05/1996,NC,Bertie,ignore,democrat,580,1000
11/05/1996,NC,Bertie,ignore,republican,420,1000
11/05/1996,SD,Ziebach,ignore,democrat,420,1000
11/05/1996,SD,Ziebach,ignore,republican,580,1000
11/05/1996,IA,Ringgold,ignore,democrat,470,1000
11/05/1996,IA,Ringgold,ignore,republican,530,1000
11/05/1996,AL,Lauderdale,ignore,democrat,420,1000
11/05/1996,AL,Lauderdale,ignore,republican,580,1000
11/05/1996,AZ,Santa_Cruz,ignore,democrat,580,1000
11/05/1996,AZ,Santa_Cruz,ignore,republican,420,1000
11/05/1996,MS,Marion,ignore,democrat,420,1000
11/05/1996,MS,Marion,ignore,republican,580,1000
11/05/1996,AL,Limestone,ignore,democrat,470,1000
11/05/1996,AL,Limestone,ignore,republican,530,1000
11/05/1996,FL,Calhoun,ignore,democrat,420,1000
11/05/1996,FL,Calhoun,ignore,republican,580,1000
11/05/1996,FL,Hernando,ignore,democrat,510,1000
11/05/1996,FL,Hernando,ignore,republican,490,1000
11/05/1996,FL,Washington,ignore,democrat,420,1000
11/05/1996,FL,Washington,ignore,republican,580,1000
11/05/1996,SD,Edmunds,ignore,democrat,420,1000
11/05/1996,SD,Edmunds,ignore,republican,580,1000
11/05/1996,SD,Walworth,ignore,democrat,420,1000
11/05/1996,SD,Walworth,ignore,republican,580,1000
11/05/1996,IL,Henderson,ignore,democrat,497,1000
11/05/1996,IL,Henderson,ignore,republican,503,1000
11/05/1996,KY,Trimble,ignore,democrat,420,1000
11/05/1996,KY,Trimble,ignore,republican,580,1000
11/05/1996,LA,St_Tammany,ignore,democrat,420,1000
11/05/1996,LA,St_Tammany,ignore,republican,580,1000
11/05/1996,MD,Baltimore_City,ignore,democrat,580,1000
11/05/1996,MD,Baltimore_City,ignore,republican,420,1000
11/05/1996,NC,Beaufort,ignore,democrat,510,1000
11/05/1996,NC,Beaufort,ignore,republican,490,1000
11/05/1996,OH,Columbiana,ignore,democrat,420,1000
11/05/1996,OH,Columbiana,ignore,republican,580,1000
11/05/1996,MT,Musselshell,ignore,democrat,420,1000
11/05/1996,MT,Musselshell,ignore,republican,580,1000
11/05/1996,TX,Cameron,ignore,democrat,530,1000
11/05/1996,TX,Cameron,ignore,republican,470,1000
11/05/1996,CA,Siskiyou,ignore,democrat,470,1000
11/05/1996,CA,Siskiyou,ignore,republican,530,1000
11/05/1996,CO,Costilla,ignore,democrat,580,1000
11/05/1996,CO,Costilla,ignore,republican,420,1000
11/05/1996,10,Sussex,ignore,democrat,490,1000
11/05/1996,10,Sussex,ignore,republican,510,1000
11/05/1996,WA,Lewis,ignore,democrat,470,1000
11/05/1996,WA,Lewis,ignore,republican,530,1000
11/05/1996,NJ,Sussex,ignore,democrat,470,1000
11/05/1996,NJ,Sussex,ignore,republican,530,1000
11/05/1996,MA,Dukes,ignore,democrat,580,1000
11/05/1996,MA,Dukes,ignore,republican,420,1000
11/05/1996,MN,Pine,ignore,democrat,470,1000
11/05/1996,MN,Pine,ignore,republican,530,1000
11/05/1996,MS,Scott,ignore,democrat,420,1000
11/05/1996,MS,Scott,ignore,republican,580,1000
11/05/1996,MT,Hill,ignore,democrat,420,1000
11/05/1996,MT,Hill,ignore,republican,580,1000
11/05/1996,NY,Franklin,ignore,democrat,530,1000
11/05/1996,NY,Franklin,ignore,republican,470,1000
11/05/1996,NJ,Essex,ignore,democrat,580,1000
11/05/1996,NJ,Essex,ignore,republican,420,1000
11/05/1996,WA,Mason,ignore,democrat,530,1000
11/05/1996,WA,Mason,ignore,republican,470,1000
11/05/1996,AR,Cleveland,ignore,democrat,420,1000
11/05/1996,AR,Cleveland,ignore,republican,580,1000
11/05/1996,IN,Shelby,ignore,democrat,420,1000
11/05/1996,IN,Shelby,ignore,republican,580,1000
11/05/1996,IN,Decatur,ignore,democrat,420,1000
11/05/1996,IN,Decatur,ignore,republican,580,1000
11/05/1996,KY,Breathitt,ignore,democrat,420,1000
11/05/1996,KY,Breathitt,ignore,republican,580,1000
11/05/1996,LA,St_James,ignore,democrat,530,1000
11/05/1996,LA,St_James,ignore,republican,470,1000
11/05/1996,MO,Shelby,ignore,democrat,420,1000
11/05/1996,MO,Shelby,ignore,republican,580,1000
11/05/1996,IN,Vigo,ignore,democrat,530,1000
11/05/1996,IN,Vigo,ignore,republican,470,1000
11/05/1996,IA,Jackson,ignore,democrat,580,1000
11/05/1996,IA,Jackson,ignore,republican,420,1000
11/05/1996,KS,Montgomery,ignore,democrat,420,1000
11/05/1996,KS,Montgomery,ignore,republican,580,1000
11/05/1996,KY,Martin,ignore,democrat,420,1000
11/05/1996,KY,Martin,ignore,republican,580,1000
11/05/1996,MI,Benzie,ignore,democrat,530,1000
11/05/1996,MI,Benzie,ignore,republican,470,1000
11/05/1996,MS,Lafayette,ignore,democrat,503,1000
11/05/1996,MS,Lafayette,ignore,republican,497,1000
11/05/1996,NY,Steuben,ignore,democrat,420,1000
11/05/1996,NY,Steuben,ignore,republican,580,1000
11/05/1996,CO,Larimer,ignore,democrat,580,1000
11/05/1996,CO,Larimer,ignore,republican,420,1000
11/05/1996,MI,Manistee,ignore,democrat,470,1000
11/05/1996,MI,Manistee,ignore,republican,530,1000
11/05/1996,NC,Surry,ignore,democrat,420,1000
11/05/1996,NC,Surry,ignore,republican,580,1000
11/05/1996,WA,Pend_Oreille,ignore,democrat,420,1000
11/05/1996,WA,Pend_Oreille,ignore,republican,580,1000
11/05/1996,KY,Clark,ignore,democrat,420,1000
11/05/1996,KY,Clark,ignore,republican,580,1000
11/05/1996,NY,Fulton,ignore,democrat,420,1000
11/05/1996,NY,Fulton,ignore,republican,580,1000
11/05/1996,OH,Wayne,ignore,democrat,420,1000
11/05/1996,OH,Wayne,ignore,republican,580,1000
11/05/1996,SC,York,ignore,democrat,497,1000
11/05/1996,SC,York,ignore,republican,503,1000
11/05/1996,MO,Schuyler,ignore,democrat,420,1000
11/05/1996,MO,Schuyler,ignore,republican,580,1000
11/05/1996,MT,Stillwater,ignore,democrat,420,1000
11/05/1996,MT,Stillwater,ignore,republican,580,1000
11/05/1996,VA,Rockingham,ignore,democrat,420,1000
11/05/1996,VA,Rockingham,ignore,republican,580,1000
11/05/1996,GA,Meriwether,ignore,democrat,470,1000
11/05/1996,GA,Meriwether,ignore,republican,530,1000
11/05/1996,ND,McKenzie,ignore,democrat,420,1000
11/05/1996,ND,McKenzie,ignore,republican,580,1000
11/05/1996,ND,Morton,ignore,democrat,420,1000
11/05/1996,ND,Morton,ignore,republican,580,1000
11/05/1996,OR,Yamhill,ignore,democrat,510,1000
11/05/1996,OR,Yamhill,ignore,republican,490,1000
11/05/1996,SC,Marlboro,ignore,democrat,530,1000
11/05/1996,SC,Marlboro,ignore,republican,470,1000
11/05/1996,NC,Clay,ignore,democrat,420,1000
11/05/1996,NC,Clay,ignore,republican,580,1000
11/05/1996,MT,Chouteau,ignore,democrat,420,1000
11/05/1996,MT,Chouteau,ignore,republican,580,1000
11/05/1996,SC,Greenville,ignore,democrat,510,1000
11/05/1996,SC,Greenville,ignore,republican,490,1000
11/05/1996,AL,Pickens,ignore,democrat,420,1000
11/05/1996,AL,Pickens,ignore,republican,580,1000
11/05/1996,MO,Iron,ignore,democrat,420,1000
11/05/1996,MO,Iron,ignore,republican,580,1000
11/05/1996,UT,Daggett,ignore,democrat,420,1000
11/05/1996,UT,Daggett,ignore,republican,580,1000
11/05/1996,FL,Broward,ignore,democrat,580,1000
11/05/1996,FL,Broward,ignore,republican,420,1000
11/05/1996,MS,Hinds,ignore,democrat,580,1000
11/05/1996,MS,Hinds,ignore,republican,420,1000
11/05/1996,NC,Onslow,ignore,democrat,420,1000
11/05/1996,NC,Onslow,ignore,republican,580,1000
11/05/1996,AL,Clarke,ignore,democrat,420,1000
11/05/1996,AL,Clarke,ignore,republican,580,1000
11/05/1996,AR,Madison,ignore,democrat,470,1000
11/05/1996,AR,Madison,ignore,republican,530,1000
11/05/1996,FL,Liberty,ignore,democrat,420,1000
11/05/1996,FL,Liberty,ignore,republican,580,1000
11/05/1996,IN,Monroe,ignore,democrat,580,1000
11/05/1996,IN,Monroe,ignore,republican,420,1000
11/05/1996,IN,Dubois,ignore,democrat,420,1000
11/05/1996,IN,Dubois,ignore,republican,580,1000
11/05/1996,IA,Buena_Vista,ignore,democrat,490,1000
11/05/1996,IA,Buena_Vista,ignore,republican,510,1000
11/05/1996,KS,Gray,ignore,democrat,420,1000
11/05/1996,KS,Gray,ignore,republican,580,1000
11/05/1996,KY,Grant,ignore,democrat,420,1000
11/05/1996,KY,Grant,ignore,republican,580,1000
11/05/1996,TN,Putnam,ignore,democrat,420,1000
11/05/1996,TN,Putnam,ignore,republican,580,1000
11/05/1996,TN,Benton,ignore,democrat,420,1000
11/05/1996,TN,Benton,ignore,republican,580,1000
11/05/1996,UT,Duchesne,ignore,democrat,420,1000
11/05/1996,UT,Duchesne,ignore,republican,580,1000
11/05/1996,VA,Isle_of_Wight,ignore,democrat,470,1000
11/05/1996,VA,Isle_of_Wight,ignore,republican,530,1000
11/05/1996,WY,Hot_Springs,ignore,democrat,420,1000
11/05/1996,WY,Hot_Springs,ignore,republican,580,1000
11/05/1996,SD,Perkins,ignore,democrat,420,1000
11/05/1996,SD,Perkins,ignore,republican,580,1000
11/05/1996,UT,Beaver,ignore,democrat,420,1000
11/05/1996,UT,Beaver,ignore,republican,580,1000
11/05/1996,VA,Buchanan,ignore,democrat,420,1000
11/05/1996,VA,Buchanan,ignore,republican,580,1000
11/05/1996,WV,Mingo,ignore,democrat,420,1000
11/05/1996,WV,Mingo,ignore,republican,580,1000
11/05/1996,AL,Talladega,ignore,democrat,420,1000
11/05/1996,AL,Talladega,ignore,republican,580,1000
11/05/1996,KY,Bourbon,ignore,democrat,420,1000
11/05/1996,KY,Bourbon,ignore,republican,580,1000
11/05/1996,PA,Monroe,ignore,democrat,580,1000
11/05/1996,PA,Monroe,ignore,republican,420,1000
11/05/1996,WA,Ferry,ignore,democrat,470,1000
11/05/1996,WA,Ferry,ignore,republican,530,1000
11/05/1996,ID,Twin_Falls,ignore,democrat,420,1000
11/05/1996,ID,Twin_Falls,ignore,republican,580,1000
11/05/1996,MD,Charles,ignore,democrat,580,1000
11/05/1996,MD,Charles,ignore,republican,420,1000
11/05/1996,VA,Loudoun,ignore,democrat,580,1000
11/05/1996,VA,Loudoun,ignore,republican,420,1000
11/05/1996,IL,Winnebago,ignore,democrat,580,1000
11/05/1996,IL,Winnebago,ignore,republican,420,1000
11/05/1996,CO,Conejos,ignore,democrat,530,1000
11/05/1996,CO,Conejos,ignore,republican,470,1000
11/05/1996,AL,Geneva,ignore,democrat,420,1000
11/05/1996,AL,Geneva,ignore,republican,580,1000
11/05/1996,CA,Alameda,ignore,democrat,580,1000
11/05/1996,CA,Alameda,ignore,republican,420,1000
11/05/1996,FL,Franklin,ignore,democrat,470,1000
11/05/1996,FL,Franklin,ignore,republican,530,1000
11/05/1996,WV,Morgan,ignore,democrat,420,1000
11/05/1996,WV,Morgan,ignore,republican,580,1000
11/05/1996,WV,Randolph,ignore,democrat,420,1000
11/05/1996,WV,Randolph,ignore,republican,580,1000
11/05/1996,MS,Yazoo,ignore,democrat,470,1000
11/05/1996,MS,Yazoo,ignore,republican,530,1000
11/05/1996,MT,McCone,ignore,democrat,420,1000
11/05/1996,MT,McCone,ignore,republican,580,1000
11/05/1996,GA,Atkinson,ignore,democrat,420,1000
11/05/1996,GA,Atkinson,ignore,republican,580,1000
11/05/1996,GA,Chatham,ignore,democrat,580,1000
11/05/1996,GA,Chatham,ignore,republican,420,1000
11/05/1996,KY,Carlisle,ignore,democrat,420,1000
11/05/1996,KY,Carlisle,ignore,republican,580,1000
11/05/1996,MO,Cass,ignore,democrat,420,1000
11/05/1996,MO,Cass,ignore,republican,580,1000
11/05/1996,GA,Habersham,ignore,democrat,420,1000
11/05/1996,GA,Habersham,ignore,republican,580,1000
11/05/1996,KY,Magoffin,ignore,democrat,420,1000
11/05/1996,KY,Magoffin,ignore,republican,580,1000
11/05/1996,KY,Harlan,ignore,democrat,420,1000
11/05/1996,KY,Harlan,ignore,republican,580,1000
11/05/1996,NC,Randolph,ignore,democrat,420,1000
11/05/1996,NC,Randolph,ignore,republican,580,1000
11/05/1996,IL,Will,ignore,democrat,580,1000
11/05/1996,IL,Will,ignore,republican,420,1000
11/05/1996,IN,Knox,ignore,democrat,420,1000
11/05/1996,IN,Knox,ignore,republican,580,1000
11/05/1996,KY,Allen,ignore,democrat,420,1000
11/05/1996,KY,Allen,ignore,republican,580,1000
11/05/1996,LA,Madison,ignore,democrat,580,1000
11/05/1996,LA,Madison,ignore,republican,420,1000
11/05/1996,MN,Fillmore,ignore,democrat,497,1000
11/05/1996,MN,Fillmore,ignore,republican,503,1000
11/05/1996,WA,Spokane,ignore,democrat,530,1000
11/05/1996,WA,Spokane,ignore,republican,470,1000
11/05/1996,UT,Morgan,ignore,democrat,420,1000
11/05/1996,UT,Morgan,ignore,republican,580,1000
11/05/1996,WI,Manitowoc,ignore,democrat,470,1000
11/05/1996,WI,Manitowoc,ignore,republican,530,1000
11/05/1996,AL,Marion,ignore,democrat,420,1000
11/05/1996,AL,Marion,ignore,republican,580,1000
11/05/1996,MI,Montcalm,ignore,democrat,420,1000
11/05/1996,MI,Montcalm,ignore,republican,580,1000
11/05/1996,KY,Nicholas,ignore,democrat,420,1000
11/05/1996,KY,Nicholas,ignore,republican,580,1000
11/05/1996,KY,Powell,ignore,democrat,420,1000
11/05/1996,KY,Powell,ignore,republican,580,1000
11/05/1996,NC,Richmond,ignore,democrat,470,1000
11/05/1996,NC,Richmond,ignore,republican,530,1000
11/05/1996,KY,Union,ignore,democrat,420,1000
11/05/1996,KY,Union,ignore,republican,580,1000
11/05/1996,IL,Fayette,ignore,democrat,420,1000
11/05/1996,IL,Fayette,ignore,republican,580,1000
11/05/1996,KY,Webster,ignore,democrat,420,1000
11/05/1996,KY,Webster,ignore,republican,580,1000
11/05/1996,ID,Blaine,ignore,democrat,580,1000
11/05/1996,ID,Blaine,ignore,republican,420,1000
11/05/1996,IL,Henry,ignore,democrat,470,1000
11/05/1996,IL,Henry,ignore,republican,530,1000
11/05/1996,TN,Trousdale,ignore,democrat,420,1000
11/05/1996,TN,Trousdale,ignore,republican,580,1000
11/05/1996,WI,Calumet,ignore,democrat,420,1000
11/05/1996,WI,Calumet,ignore,republican,580,1000
11/05/1996,NM,Otero,ignore,democrat,420,1000
11/05/1996,NM,Otero,ignore,republican,580,1000
11/05/1996,IN,LaPorte,ignore,democrat,530,1000
11/05/1996,IN,LaPorte,ignore,republican,470,1000
11/05/1996,MA,Middlesex,ignore,democrat,580,1000
11/05/1996,MA,Middlesex,ignore,republican,420,1000
11/05/1996,MS,Tunica,ignore,democrat,580,1000
11/05/1996,MS,Tunica,ignore,republican,420,1000
11/05/1996,MT,Toole,ignore,democrat,470,1000
11/05/1996,MT,Toole,ignore,republican,530,1000
11/05/1996,WA,Island,ignore,democrat,580,1000
11/05/1996,WA,Island,ignore,republican,420,1000
11/05/1996,WV,Jefferson,ignore,democrat,490,1000
11/05/1996,WV,Jefferson,ignore,republican,510,1000
11/05/1996,KY,Wolfe,ignore,democrat,420,1000
11/05/1996,KY,Wolfe,ignore,republican,580,1000
11/05/1996,MA,Barnstable,ignore,democrat,580,1000
11/05/1996,MA,Barnstable,ignore,republican,420,1000
11/05/1996,TN,Blount,ignore,democrat,420,1000
11/05/1996,TN,Blount,ignore,republican,580,1000
11/05/1996,ND,Sioux,ignore,democrat,580,1000
11/05/1996,ND,Sioux,ignore,republican,420,1000
11/05/1996,IA,Woodbury,ignore,democrat,470,1000
11/05/1996,IA,Woodbury,ignore,republican,530,1000
11/05/1996,IL,Clinton,ignore,democrat,420,1000
11/05/1996,IL,Clinton,ignore,republican,580,1000
11/05/1996,NV,Washoe,ignore,democrat,530,1000
11/05/1996,NV,Washoe,ignore,republican,470,1000
11/05/1996,NH,Merrimack,ignore,democrat,580,1000
11/05/1996,NH,Merrimack,ignore,republican,420,1000
11/05/1996,OK,McCurtain,ignore,democrat,420,1000
11/05/1996,OK,McCurtain,ignore,republican,580,1000
11/05/1996,VT,Orange,ignore,democrat,580,1000
11/05/1996,VT,Orange,ignore,republican,420,1000
11/05/1996,NV,Carson_City,ignore,democrat,503,1000
11/05/1996,NV,Carson_City,ignore,republican,497,1000
11/05/1996,NY,Cattaraugus,ignore,democrat,420,1000
11/05/1996,NY,Cattaraugus,ignore,republican,580,1000
11/05/1996,HI,Kauai,ignore,democrat,580,1000
11/05/1996,HI,Kauai,ignore,republican,420,1000
11/05/1996,MA,Plymouth,ignore,democrat,580,1000
11/05/1996,MA,Plymouth,ignore,republican,420,1000
11/05/1996,SC,Jasper,ignore,democrat,530,1000
11/05/1996,SC,Jasper,ignore,republican,470,1000
11/05/1996,MA,Norfolk,ignore,democrat,580,1000
11/05/1996,MA,Norfolk,ignore,republican,420,1000
11/05/1996,KY,Larue,ignore,democrat,420,1000
11/05/1996,KY,Larue,ignore,republican,580,1000
11/05/1996,NE,Cherry,ignore,democrat,420,1000
11/05/1996,NE,Cherry,ignore,republican,580,1000
11/05/1996,GA,Rockdale,ignore,democrat,580,1000
11/05/1996,GA,Rockdale,ignore,republican,420,1000
11/05/1996,VA,Patrick,ignore,democrat,420,1000
11/05/1996,VA,Patrick,ignore,republican,580,1000
11/05/1996,NC,McDowell,ignore,democrat,420,1000
11/05/1996,NC,McDowell,ignore,republican,580,1000
11/05/1996,ND,Barnes,ignore,democrat,470,1000
11/05/1996,ND,Barnes,ignore,republican,530,1000
11/05/1996,MI,Marquette,ignore,democrat,530,1000
11/05/1996,MI,Marquette,ignore,republican,470,1000
11/05/1996,AR,Faulkner,ignore,democrat,420,1000
11/05/1996,AR,Faulkner,ignore,republican,580,1000
11/05/1996,VA,Stafford,ignore,democrat,530,1000
11/05/1996,VA,Stafford,ignore,republican,470,1000
11/05/1996,AR,Grant,ignore,democrat,420,1000
11/05/1996,AR,Grant,ignore,republican,580,1000
11/05/1996,KY,Hopkins,ignore,democrat,420,1000
11/05/1996,KY,Hopkins,ignore,republican,580,1000
11/05/1996,NC,Duplin,ignore,democrat,503,1000
11/05/1996,NC,Duplin,ignore,republican,497,1000
11/05/1996,NC,Nash,ignore,democrat,580,1000
11/05/1996,NC,Nash,ignore,republican,420,1000
11/05/1996,OH,Williams,ignore,democrat,420,1000
11/05/1996,OH,Williams,ignore,republican,580,1000
11/05/1996,MN,Koochiching,ignore,democrat,470,1000
11/05/1996,MN,Koochiching,ignore,republican,530,1000
11/05/1996,ND,Sargent,ignore,democrat,470,1000
11/05/1996,ND,Sargent,ignore,republican,530,1000
11/05/1996,PA,Bucks,ignore,democrat,580,1000
11/05/1996,PA,Bucks,ignore,republican,420,1000
11/05/1996,SC,Calhoun,ignore,democrat,530,1000
11/05/1996,SC,Calhoun,ignore,republican,470,1000
11/05/1996,SD,Bon_Homme,ignore,democrat,420,1000
11/05/1996,SD,Bon_Homme,ignore,republican,580,1000
11/05/1996,IN,Owen,ignore,democrat,420,1000
11/05/1996,IN,Owen,ignore,republican,580,1000
11/05/1996,IN,Starke,ignore,democrat,470,1000
11/05/1996,IN,Starke,ignore,republican,530,1000
11/05/1996,IN,Union,ignore,democrat,420,1000
11/05/1996,IN,Union,ignore,republican,580,1000
11/05/1996,PA,Lawrence,ignore,democrat,420,1000
11/05/1996,PA,Lawrence,ignore,republican,580,1000
11/05/1996,NV,Eureka,ignore,democrat,420,1000
11/05/1996,NV,Eureka,ignore,republican,580,1000
11/05/1996,NH,Belknap,ignore,democrat,510,1000
11/05/1996,NH,Belknap,ignore,republican,490,1000
11/05/1996,AL,Russell,ignore,democrat,490,1000
11/05/1996,AL,Russell,ignore,republican,510,1000
11/05/1996,FL,Manatee,ignore,democrat,470,1000
11/05/1996,FL,Manatee,ignore,republican,530,1000
11/05/1996,NC,Columbus,ignore,democrat,470,1000
11/05/1996,NC,Columbus,ignore,republican,530,1000
11/05/1996,TX,Navarro,ignore,democrat,420,1000
11/05/1996,TX,Navarro,ignore,republican,580,1000
11/05/1996,VA,Amherst,ignore,democrat,420,1000
11/05/1996,VA,Amherst,ignore,republican,580,1000
11/05/1996,TX,Reeves,ignore,democrat,420,1000
11/05/1996,TX,Reeves,ignore,republican,580,1000
11/05/1996,ID,Clark,ignore,democrat,420,1000
11/05/1996,ID,Clark,ignore,republican,580,1000
11/05/1996,MS,Warren,ignore,democrat,530,1000
11/05/1996,MS,Warren,ignore,republican,470,1000
11/05/1996,MO,Mississippi,ignore,democrat,420,1000
11/05/1996,MO,Mississippi,ignore,republican,580,1000
11/05/1996,MI,Osceola,ignore,democrat,420,1000
11/05/1996,MI,Osceola,ignore,republican,580,1000
11/05/1996,MS,Grenada,ignore,democrat,530,1000
11/05/1996,MS,Grenada,ignore,republican,470,1000
11/05/1996,TX,Guadalupe,ignore,democrat,420,1000
11/05/1996,TX,Guadalupe,ignore,republican,580,1000
11/05/1996,FL,Union,ignore,democrat,420,1000
11/05/1996,FL,Union,ignore,republican,580,1000
11/05/1996,MT,Wibaux,ignore,democrat,420,1000
11/05/1996,MT,Wibaux,ignore,republican,580,1000
11/05/1996,MI,Baraga,ignore,democrat,470,1000
11/05/1996,MI,Baraga,ignore,republican,530,1000
11/05/1996,OR,Hood_River,ignore,democrat,580,1000
11/05/1996,OR,Hood_River,ignore,republican,420,1000
11/05/1996,IN,Allen,ignore,democrat,470,1000
11/05/1996,IN,Allen,ignore,republican,530,1000
11/05/1996,SD,Hand,ignore,democrat,420,1000
11/05/1996,SD,Hand,ignore,republican,580,1000
11/05/1996,IN,St_Joseph,ignore,democrat,530,1000
11/05/1996,IN,St_Joseph,ignore,republican,470,1000
11/05/1996,VA,Hopewell,ignore,democrat,580,1000
11/05/1996,VA,Hopewell,ignore,republican,420,1000
11/05/1996,ND,Dunn,ignore,democrat,420,1000
11/05/1996,ND,Dunn,ignore,republican,580,1000
11/05/1996,ND,Slope,ignore,democrat,420,1000
11/05/1996,ND,Slope,ignore,republican,580,1000
11/05/1996,NC,Scotland,ignore,democrat,510,1000
11/05/1996,NC,Scotland,ignore,republican,490,1000
11/05/1996,TN,Dyer,ignore,democrat,420,1000
11/05/1996,TN,Dyer,ignore,republican,580,1000
11/05/1996,KY,Calloway,ignore,democrat,420,1000
11/05/1996,KY,Calloway,ignore,republican,580,1000
11/05/1996,TX,Bandera,ignore,democrat,420,1000
11/05/1996,TX,Bandera,ignore,republican,580,1000
11/05/1996,RI,Bristol,ignore,democrat,580,1000
11/05/1996,RI,Bristol,ignore,republican,420,1000
11/05/1996,WY,Sublette,ignore,democrat,420,1000
11/05/1996,WY,Sublette,ignore,republican,580,1000
11/05/1996,NC,Macon,ignore,democrat,420,1000
11/05/1996,NC,Macon,ignore,republican,580,1000
11/05/1996,WI,Ashland,ignore,democrat,580,1000
11/05/1996,WI,Ashland,ignore,republican,420,1000
11/05/1996,TX,Hidalgo,ignore,democrat,530,1000
11/05/1996,TX,Hidalgo,ignore,republican,470,1000
11/05/1996,WI,La_Crosse,ignore,democrat,580,1000
11/05/1996,WI,La_Crosse,ignore,republican,420,1000
11/05/1996,AL,Mobile,ignore,democrat,470,1000
11/05/1996,AL,Mobile,ignore,republican,530,1000
11/05/1996,AL,Madison,ignore,democrat,490,1000
11/05/1996,AL,Madison,ignore,republican,510,1000
11/05/1996,NC,Polk,ignore,democrat,420,1000
11/05/1996,NC,Polk,ignore,republican,580,1000
11/05/1996,LA,Iberia,ignore,democrat,420,1000
11/05/1996,LA,Iberia,ignore,republican,580,1000
11/05/1996,SC,McCormick,ignore,democrat,510,1000
11/05/1996,SC,McCormick,ignore,republican,490,1000
11/05/1996,MN,Mower,ignore,democrat,530,1000
11/05/1996,MN,Mower,ignore,republican,470,1000
11/05/1996,MT,Madison,ignore,democrat,420,1000
11/05/1996,MT,Madison,ignore,republican,580,1000
11/05/1996,GA,Forsyth,ignore,democrat,420,1000
11/05/1996,GA,Forsyth,ignore,republican,580,1000
11/05/1996,OH,Allen,ignore,democrat,420,1000
11/05/1996,OH,Allen,ignore,republican,580,1000
11/05/1996,NY,St_Lawrence,ignore,democrat,490,1000
11/05/1996,NY,St_Lawrence,ignore,republican,510,1000
11/05/1996,WV,Doddridge,ignore,democrat,420,1000
11/05/1996,WV,Doddridge,ignore,republican,580,1000
11/05/1996,MO,Cedar,ignore,democrat,420,1000
11/05/1996,MO,Cedar,ignore,republican,580,1000
11/05/1996,SC,Bamberg,ignore,democrat,580,1000
11/05/1996,SC,Bamberg,ignore,republican,420,1000
11/05/1996,ND,Dickey,ignore,democrat,420,1000
11/05/1996,ND,Dickey,ignore,republican,580,1000
11/05/1996,AZ,Yavapai,ignore,democrat,420,1000
11/05/1996,AZ,Yavapai,ignore,republican,580,1000
11/05/1996,NY,Rockland,ignore,democrat,530,1000
11/05/1996,NY,Rockland,ignore,republican,470,1000
11/05/1996,MO,Ray,ignore,democrat,470,1000
11/05/1996,MO,Ray,ignore,republican,530,1000
11/05/1996,MS,Forrest,ignore,democrat,420,1000
11/05/1996,MS,Forrest,ignore,republican,580,1000
11/05/1996,AL,Marengo,ignore,democrat,420,1000
11/05/1996,AL,Marengo,ignore,republican,580,1000
11/05/1996,TX,Rockwall,ignore,democrat,420,1000
11/05/1996,TX,Rockwall,ignore,republican,580,1000
11/05/1996,AR,Phillips,ignore,democrat,580,1000
11/05/1996,AR,Phillips,ignore,republican,420,1000
11/05/1996,NC,Alexander,ignore,democrat,420,1000
11/05/1996,NC,Alexander,ignore,republican,580,1000
11/05/1996,WI,Marathon,ignore,democrat,470,1000
11/05/1996,WI,Marathon,ignore,republican,530,1000
11/05/1996,OH,Greene,ignore,democrat,497,1000
11/05/1996,OH,Greene,ignore,republican,503,1000
11/05/1996,VA,Washington,ignore,democrat,420,1000
11/05/1996,VA,Washington,ignore,republican,580,1000
11/05/1996,VA,Wythe,ignore,democrat,420,1000
11/05/1996,VA,Wythe,ignore,republican,580,1000
11/05/1996,NC,Lincoln,ignore,democrat,420,1000
11/05/1996,NC,Lincoln,ignore,republican,580,1000
11/05/1996,OH,Madison,ignore,democrat,420,1000
11/05/1996,OH,Madison,ignore,republican,580,1000
11/05/1996,LA,Avoyelles,ignore,democrat,420,1000
11/05/1996,LA,Avoyelles,ignore,republican,580,1000
11/05/1996,FL,Jackson,ignore,democrat,420,1000
11/05/1996,FL,Jackson,ignore,republican,580,1000
11/05/1996,WA,Kittitas,ignore,democrat,510,1000
11/05/1996,WA,Kittitas,ignore,republican,490,1000
11/05/1996,IL,Whiteside,ignore,democrat,510,1000
11/05/1996,IL,Whiteside,ignore,republican,490,1000
11/05/1996,NC,Perquimans,ignore,democrat,580,1000
11/05/1996,NC,Perquimans,ignore,republican,420,1000
11/05/1996,GA,Webster,ignore,democrat,470,1000
11/05/1996,GA,Webster,ignore,republican,530,1000
11/05/1996,FL,Nassau,ignore,democrat,420,1000
11/05/1996,FL,Nassau,ignore,republican,580,1000
11/05/1996,TX,Dallas,ignore,democrat,580,1000
11/05/1996,TX,Dallas,ignore,republican,420,1000
11/05/1996,CA,Ventura,ignore,democrat,580,1000
11/05/1996,CA,Ventura,ignore,republican,420,1000
11/05/1996,KY,McCreary,ignore,democrat,420,1000
11/05/1996,KY,McCreary,ignore,republican,580,1000
11/05/1996,MN,Becker,ignore,democrat,420,1000
11/05/1996,MN,Becker,ignore,republican,580,1000
11/05/1996,AR,Union,ignore,democrat,420,1000
11/05/1996,AR,Union,ignore,republican,580,1000
11/05/1996,KS,Osage,ignore,democrat,420,1000
11/05/1996,KS,Osage,ignore,republican,580,1000
11/05/1996,TX,Orange,ignore,democrat,420,1000
11/05/1996,TX,Orange,ignore,republican,580,1000
11/05/1996,GA,Clay,ignore,democrat,530,1000
11/05/1996,GA,Clay,ignore,republican,470,1000
11/05/1996,OH,Summit,ignore,democrat,580,1000
11/05/1996,OH,Summit,ignore,republican,420,1000
11/05/1996,GA,Liberty,ignore,democrat,580,1000
11/05/1996,GA,Liberty,ignore,republican,420,1000
11/05/1996,GA,Seminole,ignore,democrat,420,1000
11/05/1996,GA,Seminole,ignore,republican,580,1000
11/05/1996,GA,Cherokee,ignore,democrat,420,1000
11/05/1996,GA,Cherokee,ignore,republican,580,1000
11/05/1996,MO,Montgomery,ignore,democrat,420,1000
11/05/1996,MO,Montgomery,ignore,republican,580,1000
11/05/1996,TN,Giles,ignore,democrat,420,1000
11/05/1996,TN,Giles,ignore,republican,580,1000
11/05/1996,IN,Spencer,ignore,democrat,420,1000
11/05/1996,IN,Spencer,ignore,republican,580,1000
11/05/1996,WV,Boone,ignore,democrat,420,1000
11/05/1996,WV,Boone,ignore,republican,580,1000
11/05/1996,OR,Clatsop,ignore,democrat,580,1000
11/05/1996,OR,Clatsop,ignore,republican,420,1000
11/05/1996,CA,Lake,ignore,democrat,580,1000
11/05/1996,CA,Lake,ignore,republican,420,1000
11/05/1996,GA,Chattooga,ignore,democrat,420,1000
11/05/1996,GA,Chattooga,ignore,republican,580,1000
11/05/1996,MO,Scott,ignore,democrat,420,1000
11/05/1996,MO,Scott,ignore,republican,580,1000
11/05/1996,WA,San_Juan,ignore,democrat,580,1000
11/05/1996,WA,San_Juan,ignore,republican,420,1000
11/05/1996,OR,Jefferson,ignore,democrat,490,1000
11/05/1996,OR,Jefferson,ignore,republican,510,1000
11/05/1996,UT,Utah,ignore,democrat,420,1000
11/05/1996,UT,Utah,ignore,republican,580,1000
11/05/1996,MO,Ozark,ignore,democrat,420,1000
11/05/1996,MO,Ozark,ignore,republican,580,1000
11/05/1996,LA,Richland,ignore,democrat,420,1000
11/05/1996,LA,Richland,ignore,republican,580,1000
11/05/1996,NY,Essex,ignore,democrat,530,1000
11/05/1996,NY,Essex,ignore,republican,470,1000
11/05/1996,TX,Madison,ignore,democrat,420,1000
11/05/1996,TX,Madison,ignore,republican,580,1000
11/05/1996,IL,Grundy,ignore,democrat,470,1000
11/05/1996,IL,Grundy,ignore,republican,530,1000
11/05/1996,NY,Ulster,ignore,democrat,580,1000
11/05/1996,NY,Ulster,ignore,republican,420,1000
11/05/1996,NC,Lee,ignore,democrat,420,1000
11/05/1996,NC,Lee,ignore,republican,580,1000
11/05/1996,TN,Bedford,ignore,democrat,420,1000
11/05/1996,TN,Bedford,ignore,republican,580,1000
11/05/1996,ND,Mountrail,ignore,democrat,420,1000
11/05/1996,ND,Mountrail,ignore,republican,580,1000
11/05/1996,TX,Freestone,ignore,democrat,420,1000
11/05/1996,TX,Freestone,ignore,republican,580,1000
11/05/1996,NC,Alleghany,ignore,democrat,420,1000
11/05/1996,NC,Alleghany,ignore,republican,580,1000
11/05/1996,NY,Wyoming,ignore,democrat,420,1000
11/05/1996,NY,Wyoming,ignore,republican,580,1000
11/05/1996,MN,Pope,ignore,democrat,470,1000
11/05/1996,MN,Pope,ignore,republican,530,1000
11/05/1996,IL,Crawford,ignore,democrat,420,1000
11/05/1996,IL,Crawford,ignore,republican,580,1000
11/05/1996,MO,Barton,ignore,democrat,470,1000
11/05/1996,MO,Barton,ignore,republican,530,1000
11/05/1996,AZ,Maricopa,ignore,democrat,530,1000
11/05/1996,AZ,Maricopa,ignore,republican,470,1000
11/05/1996,NY,Ontario,ignore,democrat,530,1000
11/05/1996,NY,Ontario,ignore,republican,470,1000
11/05/1996,TX,Panola,ignore,democrat,420,1000
11/05/1996,TX,Panola,ignore,republican,580,1000
11/05/1996,IL,White,ignore,democrat,420,1000
11/05/1996,IL,White,ignore,republican,580,1000
11/05/1996,MS,Hancock,ignore,democrat,420,1000
11/05/1996,MS,Hancock,ignore,republican,580,1000
11/05/1996,PA,Bradford,ignore,democrat,420,1000
11/05/1996,PA,Bradford,ignore,republican,580,1000
11/05/1996,OH,Knox,ignore,democrat,420,1000
11/05/1996,OH,Knox,ignore,republican,580,1000
11/05/1996,SD,Brule,ignore,democrat,420,1000
11/05/1996,SD,Brule,ignore,republican,580,1000
11/05/1996,CO,Archuleta,ignore,democrat,420,1000
11/05/1996,CO,Archuleta,ignore,republican,580,1000
11/05/1996,AL,Coffee,ignore,democrat,420,1000
11/05/1996,AL,Coffee,ignore,republican,580,1000
11/05/1996,VA,Caroline,ignore,democrat,503,1000
11/05/1996,VA,Caroline,ignore,republican,497,1000
11/05/1996,VA,Fairfax_Co,ignore,democrat,580,1000
11/05/1996,VA,Fairfax_Co,ignore,republican,420,1000
11/05/1996,SC,Sumter,ignore,democrat,530,1000
11/05/1996,SC,Sumter,ignore,republican,470,1000
11/05/1996,PA,Elk,ignore,democrat,470,1000
11/05/1996,PA,Elk,ignore,republican,530,1000
11/05/1996,IA,Winnebago,ignore,democrat,530,1000
11/05/1996,IA,Winnebago,ignore,republican,470,1000
11/05/1996,FL,Wakulla,ignore,democrat,420,1000
11/05/1996,FL,Wakulla,ignore,republican,580,1000
11/05/1996,MS,Pearl_River,ignore,democrat,420,1000
11/05/1996,MS,Pearl_River,ignore,republican,580,1000
11/05/1996,AR,Van_Buren,ignore,democrat,420,1000
11/05/1996,AR,Van_Buren,ignore,republican,580,1000
11/05/1996,TX,Comanche,ignore,democrat,420,1000
11/05/1996,TX,Comanche,ignore,republican,580,1000
11/05/1996,SD,Dewey,ignore,democrat,420,1000
11/05/1996,SD,Dewey,ignore,republican,580,1000
11/05/1996,TN,Rhea,ignore,democrat,420,1000
11/05/1996,TN,Rhea,ignore,republican,580,1000
11/05/1996,PA,Huntingdon,ignore,democrat,420,1000
11/05/1996,PA,Huntingdon,ignore,republican,580,1000
11/05/1996,WI,Iowa,ignore,democrat,580,1000
11/05/1996,WI,Iowa,ignore,republican,420,1000
11/05/1996,PA,Sullivan,ignore,democrat,420,1000
11/05/1996,PA,Sullivan,ignore,republican,580,1000
11/05/1996,TN,Tipton,ignore,democrat,420,1000
11/05/1996,TN,Tipton,ignore,republican,580,1000
11/05/1996,NH,Strafford,ignore,democrat,530,1000
11/05/1996,NH,Strafford,ignore,republican,470,1000
11/05/1996,IN,Marion,ignore,democrat,580,1000
11/05/1996,IN,Marion,ignore,republican,420,1000
11/05/1996,SD,Bennett,ignore,democrat,420,1000
11/05/1996,SD,Bennett,ignore,republican,580,1000
11/05/1996,VA,Buckingham,ignore,democrat,470,1000
11/05/1996,VA,Buckingham,ignore,republican,530,1000
11/05/1996,ID,Bannock,ignore,democrat,420,1000
11/05/1996,ID,Bannock,ignore,republican,580,1000
11/05/1996,GA,Stephens,ignore,democrat,420,1000
11/05/1996,GA,Stephens,ignore,republican,580,1000
11/05/1996,ID,Boise,ignore,democrat,470,1000
11/05/1996,ID,Boise,ignore,republican,530,1000
11/05/1996,OK,Nowata,ignore,democrat,420,1000
11/05/1996,OK,Nowata,ignore,republican,580,1000
11/05/1996,GA,Glascock,ignore,democrat,420,1000
11/05/1996,GA,Glascock,ignore,republican,580,1000
11/05/1996,WI,Pepin,ignore,democrat,510,1000
11/05/1996,WI,Pepin,ignore,republican,490,1000
11/05/1996,IA,Fremont,ignore,democrat,420,1000
11/05/1996,IA,Fremont,ignore,republican,580,1000
11/05/1996,MO,Maries,ignore,democrat,420,1000
11/05/1996,MO,Maries,ignore,republican,580,1000
11/05/1996,TX,Nacogdoches,ignore,democrat,420,1000
11/05/1996,TX,Nacogdoches,ignore,republican,580,1000
11/05/1996,NC,Pamlico,ignore,democrat,497,1000
11/05/1996,NC,Pamlico,ignore,republican,503,1000
11/05/1996,FL,Taylor,ignore,democrat,420,1000
11/05/1996,FL,Taylor,ignore,republican,580,1000
11/05/1996,MN,Wright,ignore,democrat,490,1000
11/05/1996,MN,Wright,ignore,republican,510,1000
11/05/1996,ME,Somerset,ignore,democrat,530,1000
11/05/1996,ME,Somerset,ignore,republican,470,1000
11/05/1996,AR,Marion,ignore,democrat,420,1000
11/05/1996,AR,Marion,ignore,republican,580,1000
11/05/1996,TX,Presidio,ignore,democrat,420,1000
11/05/1996,TX,Presidio,ignore,republican,580,1000
11/05/1996,CA,Stanislaus,ignore,democrat,510,1000
11/05/1996,CA,Stanislaus,ignore,republican,490,1000
11/05/1996,KY,Elliott,ignore,democrat,420,1000
11/05/1996,KY,Elliott,ignore,republican,580,1000
11/05/1996,IL,Wabash,ignore,democrat,420,1000
11/05/1996,IL,Wabash,ignore,republican,580,1000
11/05/1996,WI,Juneau,ignore,democrat,470,1000
11/05/1996,WI,Juneau,ignore,republican,530,1000
11/05/1996,ND,Walsh,ignore,democrat,420,1000
11/05/1996,ND,Walsh,ignore,republican,580,1000
11/05/1996,AL,Bullock,ignore,democrat,420,1000
11/05/1996,AL,Bullock,ignore,republican,580,1000
11/05/1996,CA,Colusa,ignore,democrat,420,1000
11/05/1996,CA,Colusa,ignore,republican,580,1000
11/05/1996,CO,Gunnison,ignore,democrat,580,1000
11/05/1996,CO,Gunnison,ignore,republican,420,1000
11/05/1996,TX,Cass,ignore,democrat,420,1000
11/05/1996,TX,Cass,ignore,republican,580,1000
11/05/1996,GA,Camden,ignore,democrat,420,1000
11/05/1996,GA,Camden,ignore,republican,580,1000
11/05/1996,MS,Montgomery,ignore,democrat,420,1000
11/05/1996,MS,Montgomery,ignore,republican,580,1000
11/05/1996,GA,Fulton,ignore,democrat,580,1000
11/05/1996,GA,Fulton,ignore,republican,420,1000
11/05/1996,ND,Kidder,ignore,democrat,420,1000
11/05/1996,ND,Kidder,ignore,republican,580,1000
11/05/1996,GA,Fannin,ignore,democrat,420,1000
11/05/1996,GA,Fannin,ignore,republican,580,1000
11/05/1996,OH,Ottawa,ignore,democrat,490,1000
11/05/1996,OH,Ottawa,ignore,republican,510,1000
11/05/1996,NC,Carteret,ignore,democrat,470,1000
11/05/1996,NC,Carteret,ignore,republican,530,1000
11/05/1996,IN,Porter,ignore,democrat,530,1000
11/05/1996,IN,Porter,ignore,republican,470,1000
11/05/1996,VA,Nottoway,ignore,democrat,470,1000
11/05/1996,VA,Nottoway,ignore,republican,530,1000
11/05/1996,MO,Greene,ignore,democrat,470,1000
11/05/1996,MO,Greene,ignore,republican,530,1000
11/05/1996,TX,Harris,ignore,democrat,580,1000
11/05/1996,TX,Harris,ignore,republican,420,1000
11/05/1996,TX,Hill,ignore,democrat,420,1000
11/05/1996,TX,Hill,ignore,republican,580,1000
11/05/1996,MO,Warren,ignore,democrat,420,1000
11/05/1996,MO,Warren,ignore,republican,580,1000
11/05/1996,GA,Hancock,ignore,democrat,580,1000
11/05/1996,GA,Hancock,ignore,republican,420,1000
11/05/1996,AL,Houston,ignore,democrat,420,1000
11/05/1996,AL,Houston,ignore,republican,580,1000
11/05/1996,MO,Pemiscot,ignore,democrat,420,1000
11/05/1996,MO,Pemiscot,ignore,republican,580,1000
11/05/1996,MI,Wayne,ignore,democrat,580,1000
11/05/1996,MI,Wayne,ignore,republican,420,1000
11/05/1996,IN,Boone,ignore,democrat,470,1000
11/05/1996,IN,Boone,ignore,republican,530,1000
11/05/1996,NY,New_York,ignore,democrat,580,1000
11/05/1996,NY,New_York,ignore,republican,420,1000
11/05/1996,SC,Fairfield,ignore,democrat,580,1000
11/05/1996,SC,Fairfield,ignore,republican,420,1000
11/05/1996,ID,Washington,ignore,democrat,420,1000
11/05/1996,ID,Washington,ignore,republican,580,1000
11/05/1996,OH,Ashtabula,ignore,democrat,530,1000
11/05/1996,OH,Ashtabula,ignore,republican,470,1000
11/05/1996,VA,Rockbridge,ignore,democrat,420,1000
11/05/1996,VA,Rockbridge,ignore,republican,580,1000
11/05/1996,WI,Kenosha,ignore,democrat,580,1000
11/05/1996,WI,Kenosha,ignore,republican,420,1000
11/05/1996,NE,Boone,ignore,democrat,420,1000
11/05/1996,NE,Boone,ignore,republican,580,1000
11/05/1996,TX,Coryell,ignore,democrat,420,1000
11/05/1996,TX,Coryell,ignore,republican,580,1000
11/05/1996,IL,DeKalb,ignore,democrat,530,1000
11/05/1996,IL,DeKalb,ignore,republican,470,1000
11/05/1996,MI,Lake,ignore,democrat,490,1000
11/05/1996,MI,Lake,ignore,republican,510,1000
11/05/1996,FL,Lee,ignore,democrat,470,1000
11/05/1996,FL,Lee,ignore,republican,530,1000
11/05/1996,ID,Franklin,ignore,democrat,420,1000
11/05/1996,ID,Franklin,ignore,republican,580,1000
11/05/1996,VA,Greensville,ignore,democrat,580,1000
11/05/1996,VA,Greensville,ignore,republican,420,1000
11/05/1996,GA,Dodge,ignore,democrat,470,1000
11/05/1996,GA,Dodge,ignore,republican,530,1000
11/05/1996,CA,Mendocino,ignore,democrat,580,1000
11/05/1996,CA,Mendocino,ignore,republican,420,1000
11/05/1996,WI,Buffalo,ignore,democrat,470,1000
11/05/1996,WI,Buffalo,ignore,republican,530,1000
11/05/1996,WI,Racine,ignore,democrat,530,1000
11/05/1996,WI,Racine,ignore,republican,470,1000
11/05/1996,VT,Grand_Isle,ignore,democrat,580,1000
11/05/1996,VT,Grand_Isle,ignore,republican,420,1000
11/05/1996,MN,Dakota,ignore,democrat,580,1000
11/05/1996,MN,Dakota,ignore,republican,420,1000
11/05/1996,OR,Multnomah,ignore,democrat,580,1000
11/05/1996,OR,Multnomah,ignore,republican,420,1000
11/05/1996,LA,Natchitoches,ignore,democrat,420,1000
11/05/1996,LA,Natchitoches,ignore,republican,580,1000
11/05/1996,IL,Scott,ignore,democrat,420,1000
11/05/1996,IL,Scott,ignore,republican,580,1000
11/05/1996,GA,Effingham,ignore,democrat,470,1000
11/05/1996,GA,Effingham,ignore,republican,530,1000
11/05/1996,OK,Caddo,ignore,democrat,420,1000
11/05/1996,OK,Caddo,ignore,republican,580,1000
11/05/1996,OK,Jefferson,ignore,democrat,420,1000
11/05/1996,OK,Jefferson,ignore,republican,580,1000
11/05/1996,CO,Huerfano,ignore,democrat,530,1000
11/05/1996,CO,Huerfano,ignore,republican,470,1000
11/05/1996,SC,Anderson,ignore,democrat,420,1000
11/05/1996,SC,Anderson,ignore,republican,580,1000
11/05/1996,SC,Clarendon,ignore,democrat,530,1000
11/05/1996,SC,Clarendon,ignore,republican,470,1000
11/05/1996,GA,Lee,ignore,democrat,420,1000
11/05/1996,GA,Lee,ignore,republican,580,1000
11/05/1996,OH,Jefferson,ignore,democrat,420,1000
11/05/1996,OH,Jefferson,ignore,republican,580,1000
11/05/1996,OK,Roger_Mills,ignore,democrat,420,1000
11/05/1996,OK,Roger_Mills,ignore,republican,580,1000
11/05/1996,VA,Lexington,ignore,democrat,580,1000
11/05/1996,VA,Lexington,ignore,republican,420,1000
11/05/1996,CA,Shasta,ignore,democrat,420,1000
11/05/1996,CA,Shasta,ignore,republican,580,1000
11/05/1996,AR,Desha,ignore,democrat,530,1000
11/05/1996,AR,Desha,ignore,republican,470,1000
11/05/1996,LA,Lafourche,ignore,democrat,470,1000
11/05/1996,LA,Lafourche,ignore,republican,530,1000
11/05/1996,CA,Tuolumne,ignore,democrat,470,1000
11/05/1996,CA,Tuolumne,ignore,republican,530,1000
11/05/1996,OK,Cherokee,ignore,democrat,420,1000
11/05/1996,OK,Cherokee,ignore,republican,580,1000
11/05/1996,AR,Carroll,ignore,democrat,470,1000
11/05/1996,AR,Carroll,ignore,republican,530,1000
11/05/1996,TX,Titus,ignore,democrat,420,1000
11/05/1996,TX,Titus,ignore,republican,580,1000
11/05/1996,LA,St_Martin,ignore,democrat,420,1000
11/05/1996,LA,St_Martin,ignore,republican,580,1000
11/05/1996,AL,Morgan,ignore,democrat,420,1000
11/05/1996,AL,Morgan,ignore,republican,580,1000
11/05/1996,AL,Tuscaloosa,ignore,democrat,420,1000
11/05/1996,AL,Tuscaloosa,ignore,republican,580,1000
11/05/1996,LA,West_Feliciana,ignore,democrat,420,1000
11/05/1996,LA,West_Feliciana,ignore,republican,580,1000
11/05/1996,GA,Henry,ignore,democrat,580,1000
11/05/1996,GA,Henry,ignore,republican,420,1000
11/05/1996,FL,Glades,ignore,democrat,420,1000
11/05/1996,FL,Glades,ignore,republican,580,1000
11/05/1996,CO,Otero,ignore,democrat,420,1000
11/05/1996,CO,Otero,ignore,republican,580,1000
11/05/1996,LA,Tensas,ignore,democrat,510,1000
11/05/1996,LA,Tensas,ignore,republican,490,1000
11/05/1996,WV,Cabell,ignore,democrat,470,1000
11/05/1996,WV,Cabell,ignore,republican,530,1000
11/05/1996,KY,Ohio,ignore,democrat,420,1000
11/05/1996,KY,Ohio,ignore,republican,580,1000
11/05/1996,MN,Blue_Earth,ignore,democrat,530,1000
11/05/1996,MN,Blue_Earth,ignore,republican,470,1000
11/05/1996,NH,Hillsborough,ignore,democrat,530,1000
11/05/1996,NH,Hillsborough,ignore,republican,470,1000
11/05/1996,WY,Sweetwater,ignore,democrat,420,1000
11/05/1996,WY,Sweetwater,ignore,republican,580,1000
11/05/1996,IA,Pottawattamie,ignore,democrat,510,1000
11/05/1996,IA,Pottawattamie,ignore,republican,490,1000
11/05/1996,NY,Jefferson,ignore,democrat,470,1000
11/05/1996,NY,Jefferson,ignore,republican,530,1000
11/05/1996,MO,Bates,ignore,democrat,420,1000
11/05/1996,MO,Bates,ignore,republican,580,1000
11/05/1996,MI,Presque_Isle,ignore,democrat,470,1000
11/05/1996,MI,Presque_Isle,ignore,republican,530,1000
11/05/1996,MT,Roosevelt,ignore,democrat,420,1000
11/05/1996,MT,Roosevelt,ignore,republican,580,1000
11/05/1996,WA,Jefferson,ignore,democrat,580,1000
11/05/1996,WA,Jefferson,ignore,republican,420,1000
11/05/1996,TX,Nueces,ignore,democrat,530,1000
11/05/1996,TX,Nueces,ignore,republican,470,1000
11/05/1996,WI,Door,ignore,democrat,530,1000
11/05/1996,WI,Door,ignore,republican,470,1000
11/05/1996,ID,Nez_Perce,ignore,democrat,420,1000
11/05/1996,ID,Nez_Perce,ignore,republican,580,1000
11/05/1996,MI,Huron,ignore,democrat,420,1000
11/05/1996,MI,Huron,ignore,republican,580,1000
11/05/1996,GA,Johnson,ignore,democrat,470,1000
11/05/1996,GA,Johnson,ignore,republican,530,1000
11/05/1996,OH,Putnam,ignore,democrat,420,1000
11/05/1996,OH,Putnam,ignore,republican,580,1000
11/05/1996,TX,Erath,ignore,democrat,420,1000
11/05/1996,TX,Erath,ignore,republican,580,1000
11/05/1996,MO,Shannon,ignore,democrat,420,1000
11/05/1996,MO,Shannon,ignore,republican,580,1000
11/05/1996,AK,Matanuska-Susitna,ignore,democrat,420,1000
11/05/1996,AK,Matanuska-Susitna,ignore,republican,580,1000
11/05/1996,VA,Falls_Church,ignore,democrat,580,1000
11/05/1996,VA,Falls_Church,ignore,republican,420,1000
11/05/1996,TX,Kleberg,ignore,democrat,470,1000
11/05/1996,TX,Kleberg,ignore,republican,530,1000
11/05/1996,CO,Pitkin,ignore,democrat,580,1000
11/05/1996,CO,Pitkin,ignore,republican,420,1000
11/05/1996,CO,La_Plata,ignore,democrat,580,1000
11/05/1996,CO,La_Plata,ignore,republican,420,1000
11/05/1996,OK,Tulsa,ignore,democrat,470,1000
11/05/1996,OK,Tulsa,ignore,republican,530,1000
11/05/1996,AL,St_Clair,ignore,democrat,420,1000
11/05/1996,AL,St_Clair,ignore,republican,580,1000
11/05/1996,FL,Pinellas,ignore,democrat,530,1000
11/05/1996,FL,Pinellas,ignore,republican,470,1000
11/05/1996,IL,Fulton,ignore,democrat,470,1000
11/05/1996,IL,Fulton,ignore,republican,530,1000
11/05/1996,KS,Cherokee,ignore,democrat,420,1000
11/05/1996,KS,Cherokee,ignore,republican,580,1000
11/05/1996,MN,Beltrami,ignore,democrat,530,1000
11/05/1996,MN,Beltrami,ignore,republican,470,1000
11/05/1996,IN,Cass,ignore,democrat,420,1000
11/05/1996,IN,Cass,ignore,republican,580,1000
11/05/1996,AR,Polk,ignore,democrat,420,1000
11/05/1996,AR,Polk,ignore,republican,580,1000
11/05/1996,NV,Douglas,ignore,democrat,420,1000
11/05/1996,NV,Douglas,ignore,republican,580,1000
11/05/1996,KS,Kingman,ignore,democrat,470,1000
11/05/1996,KS,Kingman,ignore,republican,530,1000
11/05/1996,IA,Clayton,ignore,democrat,580,1000
11/05/1996,IA,Clayton,ignore,republican,420,1000
11/05/1996,IN,Fulton,ignore,democrat,420,1000
11/05/1996,IN,Fulton,ignore,republican,580,1000
11/05/1996,MO,Scotland,ignore,democrat,420,1000
11/05/1996,MO,Scotland,ignore,republican,580,1000
11/05/1996,SC,Berkeley,ignore,democrat,497,1000
11/05/1996,SC,Berkeley,ignore,republican,503,1000
11/05/1996,MI,Leelanau,ignore,democrat,530,1000
11/05/1996,MI,Leelanau,ignore,republican,470,1000
11/05/1996,PA,Fulton,ignore,democrat,420,1000
11/05/1996,PA,Fulton,ignore,republican,580,1000
11/05/1996,MI,Clinton,ignore,democrat,530,1000
11/05/1996,MI,Clinton,ignore,republican,470,1000
11/05/1996,GA,Quitman,ignore,democrat,530,1000
11/05/1996,GA,Quitman,ignore,republican,470,1000
11/05/1996,WA,Snohomish,ignore,democrat,580,1000
11/05/1996,WA,Snohomish,ignore,republican,420,1000
11/05/1996,MO,Lewis,ignore,democrat,420,1000
11/05/1996,MO,Lewis,ignore,republican,580,1000
11/05/1996,FL,Madison,ignore,democrat,420,1000
11/05/1996,FL,Madison,ignore,republican,580,1000
11/05/1996,NM,Los_Alamos,ignore,democrat,580,1000
11/05/1996,NM,Los_Alamos,ignore,republican,420,1000
11/05/1996,NM,Guadalupe,ignore,democrat,490,1000
11/05/1996,NM,Guadalupe,ignore,republican,510,1000
11/05/1996,WV,Gilmer,ignore,democrat,420,1000
11/05/1996,WV,Gilmer,ignore,republican,580,1000
11/05/1996,IN,Vanderburgh,ignore,democrat,530,1000
11/05/1996,IN,Vanderburgh,ignore,republican,470,1000
11/05/1996,WV,Hampshire,ignore,democrat,420,1000
11/05/1996,WV,Hampshire,ignore,republican,580,1000
11/05/1996,OR,Wallowa,ignore,democrat,420,1000
11/05/1996,OR,Wallowa,ignore,republican,580,1000
11/05/1996,NC,Cherokee,ignore,democrat,420,1000
11/05/1996,NC,Cherokee,ignore,republican,580,1000
11/05/1996,OK,Oklahoma,ignore,democrat,530,1000
11/05/1996,OK,Oklahoma,ignore,republican,470,1000
11/05/1996,FL,Volusia,ignore,democrat,530,1000
11/05/1996,FL,Volusia,ignore,republican,470,1000
11/05/1996,CA,Sierra,ignore,democrat,420,1000
11/05/1996,CA,Sierra,ignore,republican,580,1000
11/05/1996,ID,Bonneville,ignore,democrat,420,1000
11/05/1996,ID,Bonneville,ignore,republican,580,1000
11/05/1996,AL,Conecuh,ignore,democrat,420,1000
11/05/1996,AL,Conecuh,ignore,republican,580,1000
11/05/1996,KS,Kiowa,ignore,democrat,420,1000
11/05/1996,KS,Kiowa,ignore,republican,580,1000
11/05/1996,MN,Douglas,ignore,democrat,420,1000
11/05/1996,MN,Douglas,ignore,republican,580,1000
11/05/1996,TN,Chester,ignore,democrat,420,1000
11/05/1996,TN,Chester,ignore,republican,580,1000
11/05/1996,LA,Vermilion,ignore,democrat,420,1000
11/05/1996,LA,Vermilion,ignore,republican,580,1000
11/05/1996,NM,Sandoval,ignore,democrat,530,1000
11/05/1996,NM,Sandoval,ignore,republican,470,1000
11/05/1996,MN,Clay,ignore,democrat,530,1000
11/05/1996,MN,Clay,ignore,republican,470,1000
